dataset,split,class_name,label,path,verdict,ffmpeg_messages,first_message,decode_seconds
DFD,test,real,1,DFD_original sequences/01__exit_phone_room.mp4,ok,0,,32.91
DFD,test,real,1,DFD_original sequences/01__hugging_happy.mp4,ok,0,,37.16
DFD,test,real,1,DFD_original sequences/01__kitchen_pan.mp4,ok,0,,35.41
DFD,test,real,1,DFD_original sequences/01__kitchen_still.mp4,ok,0,,37.08
DFD,test,real,1,DFD_original sequences/01__meeting_serious.mp4,ok,0,,38.09
DFD,test,real,1,DFD_original sequences/01__outside_talking_pan_laughing.mp4,ok,0,,36.07
DFD,test,real,1,DFD_original sequences/01__outside_talking_still_laughing.mp4,ok,0,,37.04
DFD,test,real,1,DFD_original sequences/01__podium_speech_happy.mp4,ok,0,,37.04
DFD,test,real,1,DFD_original sequences/01__secret_conversation.mp4,ok,0,,37.08
DFD,test,real,1,DFD_original sequences/01__talking_against_wall.mp4,ok,0,,36.96
DFD,test,real,1,DFD_original sequences/01__talking_angry_couch.mp4,ok,0,,13.23
DFD,test,real,1,DFD_original sequences/01__walk_down_hall_angry.mp4,ok,0,,3.62
DFD,test,real,1,DFD_original sequences/01__walking_and_outside_surprised.mp4,ok,0,,11.73
DFD,test,real,1,DFD_original sequences/01__walking_down_indoor_hall_disgust.mp4,ok,0,,8.09
DFD,test,real,1,DFD_original sequences/01__walking_down_street_outside_angry.mp4,ok,0,,4.37
DFD,test,real,1,DFD_original sequences/01__walking_outside_cafe_disgusted.mp4,ok,0,,2.83
DFD,train,real,1,DFD_original sequences/02__exit_phone_room.mp4,ok,0,,3.41
DFD,train,real,1,DFD_original sequences/02__hugging_happy.mp4,ok,0,,6.55
DFD,train,real,1,DFD_original sequences/02__kitchen_pan.mp4,ok,0,,6.1
DFD,train,real,1,DFD_original sequences/02__kitchen_still.mp4,ok,0,,7.6
DFD,train,real,1,DFD_original sequences/02__meeting_serious.mp4,ok,0,,7.68
DFD,train,real,1,DFD_original sequences/02__outside_talking_pan_laughing.mp4,ok,0,,7.11
DFD,train,real,1,DFD_original sequences/02__outside_talking_still_laughing.mp4,ok,0,,7.23
DFD,train,real,1,DFD_original sequences/02__podium_speech_happy.mp4,ok,0,,8.29
DFD,train,real,1,DFD_original sequences/02__secret_conversation.mp4,ok,0,,8.52
DFD,train,real,1,DFD_original sequences/02__talking_against_wall.mp4,ok,0,,7.26
DFD,train,real,1,DFD_original sequences/02__talking_angry_couch.mp4,ok,0,,11.79
DFD,train,real,1,DFD_original sequences/02__walk_down_hall_angry.mp4,ok,0,,3.91
DFD,train,real,1,DFD_original sequences/02__walking_and_outside_surprised.mp4,ok,0,,11.91
DFD,train,real,1,DFD_original sequences/02__walking_down_indoor_hall_disgust.mp4,ok,0,,9.33
DFD,train,real,1,DFD_original sequences/02__walking_down_street_outside_angry.mp4,ok,0,,7.21
DFD,train,real,1,DFD_original sequences/02__walking_outside_cafe_disgusted.mp4,ok,0,,4.98
DFD,train,real,1,DFD_original sequences/03__exit_phone_room.mp4,ok,0,,5.79
DFD,train,real,1,DFD_original sequences/03__hugging_happy.mp4,ok,0,,8.17
DFD,train,real,1,DFD_original sequences/03__kitchen_pan.mp4,ok,0,,5.72
DFD,train,real,1,DFD_original sequences/03__kitchen_still.mp4,ok,0,,7.28
DFD,train,real,1,DFD_original sequences/03__meeting_serious.mp4,ok,0,,9.06
DFD,train,real,1,DFD_original sequences/03__outside_talking_pan_laughing.mp4,ok,0,,6.85
DFD,train,real,1,DFD_original sequences/03__outside_talking_still_laughing.mp4,ok,0,,7.67
DFD,train,real,1,DFD_original sequences/03__podium_speech_happy.mp4,ok,0,,7.2
DFD,train,real,1,DFD_original sequences/03__secret_conversation.mp4,ok,0,,7.51
DFD,train,real,1,DFD_original sequences/03__talking_against_wall.mp4,ok,0,,7.1
DFD,train,real,1,DFD_original sequences/03__talking_angry_couch.mp4,ok,0,,12.69
DFD,train,real,1,DFD_original sequences/03__walk_down_hall_angry.mp4,ok,0,,4.38
DFD,train,real,1,DFD_original sequences/03__walking_and_outside_surprised.mp4,ok,0,,13.54
DFD,train,real,1,DFD_original sequences/03__walking_down_indoor_hall_disgust.mp4,ok,0,,14.7
DFD,train,real,1,DFD_original sequences/03__walking_down_street_outside_angry.mp4,ok,0,,10.21
DFD,train,real,1,DFD_original sequences/03__walking_outside_cafe_disgusted.mp4,ok,0,,6.92
DFD,test,real,1,DFD_original sequences/04__exit_phone_room.mp4,ok,0,,3.88
DFD,test,real,1,DFD_original sequences/04__kitchen_pan.mp4,ok,0,,5.78
DFD,test,real,1,DFD_original sequences/04__kitchen_still.mp4,ok,0,,7.57
DFD,test,real,1,DFD_original sequences/04__outside_talking_pan_laughing.mp4,ok,0,,7.11
DFD,test,real,1,DFD_original sequences/04__outside_talking_still_laughing.mp4,ok,0,,6.71
DFD,test,real,1,DFD_original sequences/04__podium_speech_happy.mp4,ok,0,,7.63
DFD,test,real,1,DFD_original sequences/04__secret_conversation.mp4,ok,0,,7.5
DFD,test,real,1,DFD_original sequences/04__talking_against_wall.mp4,ok,0,,6.87
DFD,test,real,1,DFD_original sequences/04__talking_angry_couch.mp4,ok,0,,12.64
DFD,test,real,1,DFD_original sequences/04__walk_down_hall_angry.mp4,ok,0,,3.77
DFD,test,real,1,DFD_original sequences/04__walking_down_street_outside_angry.mp4,ok,0,,4.93
DFD,test,real,1,DFD_original sequences/04__walking_outside_cafe_disgusted.mp4,ok,0,,4.68
DFD,val,real,1,DFD_original sequences/05__exit_phone_room.mp4,ok,0,,5.28
DFD,val,real,1,DFD_original sequences/05__hugging_happy.mp4,ok,0,,8.84
DFD,val,real,1,DFD_original sequences/05__kitchen_pan.mp4,ok,0,,6.95
DFD,val,real,1,DFD_original sequences/05__kitchen_still.mp4,ok,0,,6.97
DFD,val,real,1,DFD_original sequences/05__outside_talking_pan_laughing.mp4,ok,0,,6.09
DFD,val,real,1,DFD_original sequences/05__outside_talking_still_laughing.mp4,ok,0,,7.41
DFD,val,real,1,DFD_original sequences/05__podium_speech_happy.mp4,ok,0,,7.68
DFD,val,real,1,DFD_original sequences/05__talking_against_wall.mp4,ok,0,,6.02
DFD,val,real,1,DFD_original sequences/05__walk_down_hall_angry.mp4,ok,0,,5.0
DFD,val,real,1,DFD_original sequences/05__walking_down_street_outside_angry.mp4,ok,0,,7.31
DFD,val,real,1,DFD_original sequences/05__walking_outside_cafe_disgusted.mp4,ok,0,,5.24
DFD,train,real,1,DFD_original sequences/06__exit_phone_room.mp4,ok,0,,2.41
DFD,train,real,1,DFD_original sequences/06__hugging_happy.mp4,ok,0,,7.25
DFD,train,real,1,DFD_original sequences/06__kitchen_pan.mp4,ok,0,,5.73
DFD,train,real,1,DFD_original sequences/06__kitchen_still.mp4,ok,0,,7.21
DFD,train,real,1,DFD_original sequences/06__outside_talking_pan_laughing.mp4,ok,0,,5.16
DFD,train,real,1,DFD_original sequences/06__outside_talking_still_laughing.mp4,ok,0,,5.85
DFD,train,real,1,DFD_original sequences/06__podium_speech_happy.mp4,ok,0,,8.93
DFD,train,real,1,DFD_original sequences/06__talking_against_wall.mp4,ok,0,,6.47
DFD,train,real,1,DFD_original sequences/06__talking_angry_couch.mp4,ok,0,,9.35
DFD,train,real,1,DFD_original sequences/06__walk_down_hall_angry.mp4,ok,0,,3.66
DFD,train,real,1,DFD_original sequences/06__walking_and_outside_surprised.mp4,ok,0,,9.36
DFD,train,real,1,DFD_original sequences/06__walking_down_indoor_hall_disgust.mp4,ok,0,,10.4
DFD,train,real,1,DFD_original sequences/06__walking_down_street_outside_angry.mp4,ok,0,,5.31
DFD,train,real,1,DFD_original sequences/06__walking_outside_cafe_disgusted.mp4,ok,0,,3.31
DFD,train,real,1,DFD_original sequences/07__exit_phone_room.mp4,ok,0,,3.75
DFD,train,real,1,DFD_original sequences/07__hugging_happy.mp4,ok,0,,6.83
DFD,train,real,1,DFD_original sequences/07__kitchen_pan.mp4,ok,0,,5.18
DFD,train,real,1,DFD_original sequences/07__kitchen_still.mp4,ok,0,,6.58
DFD,train,real,1,DFD_original sequences/07__outside_talking_pan_laughing.mp4,ok,0,,6.4
DFD,train,real,1,DFD_original sequences/07__outside_talking_still_laughing.mp4,ok,0,,7.29
DFD,train,real,1,DFD_original sequences/07__podium_speech_happy.mp4,ok,0,,8.39
DFD,train,real,1,DFD_original sequences/07__secret_conversation.mp4,ok,0,,8.04
DFD,train,real,1,DFD_original sequences/07__talking_against_wall.mp4,ok,0,,6.59
DFD,train,real,1,DFD_original sequences/07__talking_angry_couch.mp4,ok,0,,13.42
DFD,train,real,1,DFD_original sequences/07__walk_down_hall_angry.mp4,ok,0,,5.76
DFD,train,real,1,DFD_original sequences/07__walking_down_street_outside_angry.mp4,ok,0,,6.04
DFD,train,real,1,DFD_original sequences/07__walking_outside_cafe_disgusted.mp4,ok,0,,4.46
DFD,val,real,1,DFD_original sequences/08__exit_phone_room.mp4,ok,0,,4.32
DFD,val,real,1,DFD_original sequences/08__kitchen_pan.mp4,ok,0,,5.72
DFD,val,real,1,DFD_original sequences/08__kitchen_still.mp4,ok,0,,8.72
DFD,val,real,1,DFD_original sequences/08__outside_talking_pan_laughing.mp4,ok,0,,7.43
DFD,val,real,1,DFD_original sequences/08__outside_talking_still_laughing.mp4,ok,0,,7.13
DFD,val,real,1,DFD_original sequences/08__podium_speech_happy.mp4,ok,0,,8.31
DFD,val,real,1,DFD_original sequences/08__talking_against_wall.mp4,ok,0,,7.78
DFD,val,real,1,DFD_original sequences/08__walk_down_hall_angry.mp4,ok,0,,5.2
DFD,val,real,1,DFD_original sequences/08__walking_down_street_outside_angry.mp4,ok,0,,6.28
DFD,val,real,1,DFD_original sequences/08__walking_outside_cafe_disgusted.mp4,ok,0,,5.53
DFD,val,real,1,DFD_original sequences/09__exit_phone_room.mp4,ok,0,,4.94
DFD,val,real,1,DFD_original sequences/09__kitchen_pan.mp4,ok,0,,5.39
DFD,val,real,1,DFD_original sequences/09__outside_talking_pan_laughing.mp4,ok,0,,7.31
DFD,val,real,1,DFD_original sequences/09__outside_talking_still_laughing.mp4,ok,0,,5.75
DFD,val,real,1,DFD_original sequences/09__podium_speech_happy.mp4,ok,0,,6.46
DFD,val,real,1,DFD_original sequences/09__talking_against_wall.mp4,ok,0,,5.93
DFD,val,real,1,DFD_original sequences/09__talking_angry_couch.mp4,ok,0,,10.57
DFD,val,real,1,DFD_original sequences/09__walk_down_hall_angry.mp4,ok,0,,3.82
DFD,val,real,1,DFD_original sequences/09__walking_down_street_outside_angry.mp4,ok,0,,4.34
DFD,train,real,1,DFD_original sequences/10__exit_phone_room.mp4,ok,0,,3.12
DFD,train,real,1,DFD_original sequences/10__kitchen_pan.mp4,ok,0,,5.53
DFD,train,real,1,DFD_original sequences/10__kitchen_still.mp4,ok,0,,7.15
DFD,train,real,1,DFD_original sequences/10__outside_talking_pan_laughing.mp4,ok,0,,8.03
DFD,train,real,1,DFD_original sequences/10__outside_talking_still_laughing.mp4,ok,0,,6.4
DFD,train,real,1,DFD_original sequences/10__podium_speech_happy.mp4,ok,0,,7.99
DFD,train,real,1,DFD_original sequences/10__talking_against_wall.mp4,ok,0,,8.88
DFD,train,real,1,DFD_original sequences/10__talking_angry_couch.mp4,ok,0,,11.79
DFD,train,real,1,DFD_original sequences/10__walk_down_hall_angry.mp4,ok,0,,7.02
DFD,train,real,1,DFD_original sequences/10__walking_down_street_outside_angry.mp4,ok,0,,9.19
DFD,train,real,1,DFD_original sequences/10__walking_outside_cafe_disgusted.mp4,ok,0,,8.11
DFD,train,real,1,DFD_original sequences/11__exit_phone_room.mp4,ok,0,,6.87
DFD,train,real,1,DFD_original sequences/11__kitchen_pan.mp4,ok,0,,5.93
DFD,train,real,1,DFD_original sequences/11__kitchen_still.mp4,ok,0,,6.37
DFD,train,real,1,DFD_original sequences/11__outside_talking_pan_laughing.mp4,ok,0,,6.4
DFD,train,real,1,DFD_original sequences/11__outside_talking_still_laughing.mp4,ok,0,,6.31
DFD,train,real,1,DFD_original sequences/11__podium_speech_happy.mp4,ok,0,,8.27
DFD,train,real,1,DFD_original sequences/11__secret_conversation.mp4,ok,0,,6.75
DFD,train,real,1,DFD_original sequences/11__talking_against_wall.mp4,ok,0,,5.94
DFD,train,real,1,DFD_original sequences/11__talking_angry_couch.mp4,ok,0,,10.06
DFD,train,real,1,DFD_original sequences/11__walk_down_hall_angry.mp4,ok,0,,5.16
DFD,train,real,1,DFD_original sequences/11__walking_down_street_outside_angry.mp4,ok,0,,7.18
DFD,train,real,1,DFD_original sequences/11__walking_outside_cafe_disgusted.mp4,ok,0,,6.06
DFD,train,real,1,DFD_original sequences/12__exit_phone_room.mp4,ok,0,,5.53
DFD,train,real,1,DFD_original sequences/12__hugging_happy.mp4,ok,0,,7.61
DFD,train,real,1,DFD_original sequences/12__kitchen_pan.mp4,ok,0,,6.12
DFD,train,real,1,DFD_original sequences/12__kitchen_still.mp4,ok,0,,6.7
DFD,train,real,1,DFD_original sequences/12__outside_talking_pan_laughing.mp4,ok,0,,7.13
DFD,train,real,1,DFD_original sequences/12__outside_talking_still_laughing.mp4,ok,0,,6.17
DFD,train,real,1,DFD_original sequences/12__podium_speech_happy.mp4,ok,0,,6.98
DFD,train,real,1,DFD_original sequences/12__secret_conversation.mp4,ok,0,,6.87
DFD,train,real,1,DFD_original sequences/12__talking_against_wall.mp4,ok,0,,5.17
DFD,train,real,1,DFD_original sequences/12__talking_angry_couch.mp4,ok,0,,10.2
DFD,train,real,1,DFD_original sequences/12__walk_down_hall_angry.mp4,ok,0,,4.17
DFD,train,real,1,DFD_original sequences/12__walking_and_outside_surprised.mp4,ok,0,,8.65
DFD,train,real,1,DFD_original sequences/12__walking_down_indoor_hall_disgust.mp4,ok,0,,10.5
DFD,train,real,1,DFD_original sequences/12__walking_down_street_outside_angry.mp4,ok,0,,4.96
DFD,train,real,1,DFD_original sequences/12__walking_outside_cafe_disgusted.mp4,ok,0,,4.31
DFD,train,real,1,DFD_original sequences/13__exit_phone_room.mp4,ok,0,,3.32
DFD,train,real,1,DFD_original sequences/13__hugging_happy.mp4,ok,0,,7.17
DFD,train,real,1,DFD_original sequences/13__kitchen_pan.mp4,ok,0,,5.81
DFD,train,real,1,DFD_original sequences/13__kitchen_still.mp4,ok,0,,5.95
DFD,train,real,1,DFD_original sequences/13__outside_talking_pan_laughing.mp4,ok,0,,4.98
DFD,train,real,1,DFD_original sequences/13__outside_talking_still_laughing.mp4,ok,0,,5.23
DFD,train,real,1,DFD_original sequences/13__podium_speech_happy.mp4,ok,0,,6.93
DFD,train,real,1,DFD_original sequences/13__secret_conversation.mp4,ok,0,,6.13
DFD,train,real,1,DFD_original sequences/13__talking_against_wall.mp4,ok,0,,5.45
DFD,train,real,1,DFD_original sequences/13__talking_angry_couch.mp4,ok,0,,8.86
DFD,train,real,1,DFD_original sequences/13__walk_down_hall_angry.mp4,ok,0,,3.4
DFD,train,real,1,DFD_original sequences/13__walking_and_outside_surprised.mp4,ok,0,,7.72
DFD,train,real,1,DFD_original sequences/13__walking_down_indoor_hall_disgust.mp4,ok,0,,11.5
DFD,train,real,1,DFD_original sequences/13__walking_down_street_outside_angry.mp4,ok,0,,4.46
DFD,train,real,1,DFD_original sequences/13__walking_outside_cafe_disgusted.mp4,ok,0,,3.89
DFD,train,real,1,DFD_original sequences/14__exit_phone_room.mp4,ok,0,,5.01
DFD,train,real,1,DFD_original sequences/14__hugging_happy.mp4,ok,0,,2.16
DFD,train,real,1,DFD_original sequences/14__kitchen_pan.mp4,ok,0,,4.96
DFD,train,real,1,DFD_original sequences/14__kitchen_still.mp4,ok,0,,5.82
DFD,train,real,1,DFD_original sequences/14__outside_talking_pan_laughing.mp4,ok,0,,5.48
DFD,train,real,1,DFD_original sequences/14__outside_talking_still_laughing.mp4,ok,0,,5.82
DFD,train,real,1,DFD_original sequences/14__podium_speech_happy.mp4,ok,0,,8.18
DFD,train,real,1,DFD_original sequences/14__secret_conversation.mp4,ok,0,,7.43
DFD,train,real,1,DFD_original sequences/14__talking_against_wall.mp4,ok,0,,6.2
DFD,train,real,1,DFD_original sequences/14__talking_angry_couch.mp4,ok,0,,11.72
DFD,train,real,1,DFD_original sequences/14__walk_down_hall_angry.mp4,ok,0,,5.27
DFD,train,real,1,DFD_original sequences/14__walking_and_outside_surprised.mp4,ok,0,,7.11
DFD,train,real,1,DFD_original sequences/14__walking_down_indoor_hall_disgust.mp4,ok,0,,11.3
DFD,train,real,1,DFD_original sequences/14__walking_down_street_outside_angry.mp4,ok,0,,8.58
DFD,train,real,1,DFD_original sequences/14__walking_outside_cafe_disgusted.mp4,ok,0,,4.57
DFD,train,real,1,DFD_original sequences/15__exit_phone_room.mp4,ok,0,,3.34
DFD,train,real,1,DFD_original sequences/15__hugging_happy.mp4,ok,0,,7.23
DFD,train,real,1,DFD_original sequences/15__kitchen_pan.mp4,ok,0,,4.43
DFD,train,real,1,DFD_original sequences/15__kitchen_still.mp4,ok,0,,5.03
DFD,train,real,1,DFD_original sequences/15__outside_talking_pan_laughing.mp4,ok,0,,6.16
DFD,train,real,1,DFD_original sequences/15__outside_talking_still_laughing.mp4,ok,0,,5.58
DFD,train,real,1,DFD_original sequences/15__podium_speech_happy.mp4,ok,0,,9.8
DFD,train,real,1,DFD_original sequences/15__talking_against_wall.mp4,ok,0,,5.23
DFD,train,real,1,DFD_original sequences/15__talking_angry_couch.mp4,ok,0,,8.38
DFD,train,real,1,DFD_original sequences/15__walk_down_hall_angry.mp4,ok,0,,3.65
DFD,train,real,1,DFD_original sequences/15__walking_and_outside_surprised.mp4,ok,0,,5.86
DFD,train,real,1,DFD_original sequences/15__walking_down_indoor_hall_disgust.mp4,ok,0,,11.81
DFD,train,real,1,DFD_original sequences/15__walking_down_street_outside_angry.mp4,ok,0,,3.76
DFD,train,real,1,DFD_original sequences/15__walking_outside_cafe_disgusted.mp4,ok,0,,4.04
DFD,train,real,1,DFD_original sequences/16__exit_phone_room.mp4,ok,0,,3.68
DFD,train,real,1,DFD_original sequences/16__hugging_happy.mp4,ok,0,,5.93
DFD,train,real,1,DFD_original sequences/16__kitchen_pan.mp4,ok,0,,5.22
DFD,train,real,1,DFD_original sequences/16__kitchen_still.mp4,ok,0,,4.23
DFD,train,real,1,DFD_original sequences/16__outside_talking_pan_laughing.mp4,ok,0,,5.17
DFD,train,real,1,DFD_original sequences/16__podium_speech_happy.mp4,ok,0,,6.96
DFD,train,real,1,DFD_original sequences/16__talking_against_wall.mp4,ok,0,,5.41
DFD,train,real,1,DFD_original sequences/16__walk_down_hall_angry.mp4,ok,0,,3.29
DFD,train,real,1,DFD_original sequences/16__walking_and_outside_surprised.mp4,ok,0,,12.56
DFD,train,real,1,DFD_original sequences/16__walking_down_indoor_hall_disgust.mp4,ok,0,,9.8
DFD,train,real,1,DFD_original sequences/16__walking_down_street_outside_angry.mp4,ok,0,,5.51
DFD,train,real,1,DFD_original sequences/16__walking_outside_cafe_disgusted.mp4,ok,0,,8.88
DFD,train,real,1,DFD_original sequences/17__exit_phone_room.mp4,ok,0,,5.57
DFD,train,real,1,DFD_original sequences/17__hugging_happy.mp4,ok,0,,6.04
DFD,train,real,1,DFD_original sequences/17__kitchen_pan.mp4,ok,0,,5.27
DFD,train,real,1,DFD_original sequences/17__kitchen_still.mp4,ok,0,,5.49
DFD,train,real,1,DFD_original sequences/17__outside_talking_pan_laughing.mp4,ok,0,,5.82
DFD,train,real,1,DFD_original sequences/17__outside_talking_still_laughing.mp4,ok,0,,5.04
DFD,train,real,1,DFD_original sequences/17__podium_speech_happy.mp4,ok,0,,6.91
DFD,train,real,1,DFD_original sequences/17__talking_against_wall.mp4,ok,0,,6.45
DFD,train,real,1,DFD_original sequences/17__talking_angry_couch.mp4,ok,0,,10.8
DFD,train,real,1,DFD_original sequences/17__walk_down_hall_angry.mp4,ok,0,,4.89
DFD,train,real,1,DFD_original sequences/17__walking_and_outside_surprised.mp4,ok,0,,10.53
DFD,train,real,1,DFD_original sequences/17__walking_down_indoor_hall_disgust.mp4,ok,0,,10.02
DFD,train,real,1,DFD_original sequences/17__walking_down_street_outside_angry.mp4,ok,0,,7.6
DFD,train,real,1,DFD_original sequences/18__exit_phone_room.mp4,ok,0,,3.17
DFD,train,real,1,DFD_original sequences/18__kitchen_pan.mp4,ok,0,,6.3
DFD,train,real,1,DFD_original sequences/18__kitchen_still.mp4,ok,0,,5.93
DFD,train,real,1,DFD_original sequences/18__outside_talking_pan_laughing.mp4,ok,0,,6.89
DFD,train,real,1,DFD_original sequences/18__outside_talking_still_laughing.mp4,ok,0,,6.06
DFD,train,real,1,DFD_original sequences/18__podium_speech_happy.mp4,ok,0,,7.52
DFD,train,real,1,DFD_original sequences/18__secret_conversation.mp4,ok,0,,7.26
DFD,train,real,1,DFD_original sequences/18__talking_against_wall.mp4,ok,0,,5.13
DFD,train,real,1,DFD_original sequences/18__walk_down_hall_angry.mp4,ok,0,,3.5
DFD,train,real,1,DFD_original sequences/18__walking_down_street_outside_angry.mp4,ok,0,,4.79
DFD,train,real,1,DFD_original sequences/18__walking_outside_cafe_disgusted.mp4,ok,0,,3.59
DFD,train,real,1,DFD_original sequences/19__exit_phone_room.mp4,ok,0,,3.0
DFD,train,real,1,DFD_original sequences/19__kitchen_pan.mp4,ok,0,,5.5
DFD,train,real,1,DFD_original sequences/19__kitchen_still.mp4,ok,0,,5.39
DFD,train,real,1,DFD_original sequences/19__outside_talking_pan_laughing.mp4,ok,0,,5.64
DFD,train,real,1,DFD_original sequences/19__outside_talking_still_laughing.mp4,ok,0,,5.12
DFD,train,real,1,DFD_original sequences/19__podium_speech_happy.mp4,ok,0,,5.93
DFD,train,real,1,DFD_original sequences/19__secret_conversation.mp4,ok,0,,5.4
DFD,train,real,1,DFD_original sequences/19__talking_against_wall.mp4,ok,0,,6.35
DFD,train,real,1,DFD_original sequences/19__talking_angry_couch.mp4,ok,0,,11.46
DFD,train,real,1,DFD_original sequences/19__walk_down_hall_angry.mp4,ok,0,,5.02
DFD,train,real,1,DFD_original sequences/19__walking_down_street_outside_angry.mp4,ok,0,,5.17
DFD,train,real,1,DFD_original sequences/19__walking_outside_cafe_disgusted.mp4,ok,0,,3.43
DFD,train,real,1,DFD_original sequences/20__exit_phone_room.mp4,ok,0,,3.96
DFD,train,real,1,DFD_original sequences/20__hugging_happy.mp4,ok,0,,7.06
DFD,train,real,1,DFD_original sequences/20__kitchen_pan.mp4,ok,0,,5.32
DFD,train,real,1,DFD_original sequences/20__kitchen_still.mp4,ok,0,,7.12
DFD,train,real,1,DFD_original sequences/20__outside_talking_pan_laughing.mp4,ok,0,,6.27
DFD,train,real,1,DFD_original sequences/20__outside_talking_still_laughing.mp4,ok,0,,5.98
DFD,train,real,1,DFD_original sequences/20__podium_speech_happy.mp4,ok,0,,9.39
DFD,train,real,1,DFD_original sequences/20__secret_conversation.mp4,ok,0,,8.21
DFD,train,real,1,DFD_original sequences/20__talking_against_wall.mp4,ok,0,,8.53
DFD,train,real,1,DFD_original sequences/20__talking_angry_couch.mp4,ok,0,,13.79
DFD,train,real,1,DFD_original sequences/20__walk_down_hall_angry.mp4,ok,0,,5.14
DFD,train,real,1,DFD_original sequences/20__walking_and_outside_surprised.mp4,ok,0,,11.96
DFD,train,real,1,DFD_original sequences/20__walking_down_indoor_hall_disgust.mp4,ok,0,,12.51
DFD,train,real,1,DFD_original sequences/20__walking_down_street_outside_angry.mp4,ok,0,,8.84
DFD,train,real,1,DFD_original sequences/20__walking_outside_cafe_disgusted.mp4,ok,0,,9.06
DFD,test,real,1,DFD_original sequences/21__exit_phone_room.mp4,ok,0,,5.32
DFD,test,real,1,DFD_original sequences/21__hugging_happy.mp4,ok,0,,10.83
DFD,test,real,1,DFD_original sequences/21__kitchen_pan.mp4,ok,0,,7.28
DFD,test,real,1,DFD_original sequences/21__kitchen_still.mp4,ok,0,,7.08
DFD,test,real,1,DFD_original sequences/21__outside_talking_pan_laughing.mp4,ok,0,,6.53
DFD,test,real,1,DFD_original sequences/21__outside_talking_still_laughing.mp4,ok,0,,7.62
DFD,test,real,1,DFD_original sequences/21__podium_speech_happy.mp4,ok,0,,12.18
DFD,test,real,1,DFD_original sequences/21__talking_against_wall.mp4,ok,0,,7.88
DFD,test,real,1,DFD_original sequences/21__talking_angry_couch.mp4,ok,0,,10.91
DFD,test,real,1,DFD_original sequences/21__walk_down_hall_angry.mp4,ok,0,,4.63
DFD,test,real,1,DFD_original sequences/21__walking_and_outside_surprised.mp4,ok,0,,12.14
DFD,test,real,1,DFD_original sequences/21__walking_down_indoor_hall_disgust.mp4,ok,0,,12.89
DFD,test,real,1,DFD_original sequences/21__walking_down_street_outside_angry.mp4,ok,0,,6.32
DFD,test,real,1,DFD_original sequences/21__walking_outside_cafe_disgusted.mp4,ok,0,,5.37
DFD,train,real,1,DFD_original sequences/22__exit_phone_room.mp4,ok,0,,6.87
DFD,train,real,1,DFD_original sequences/22__kitchen_pan.mp4,ok,0,,6.32
DFD,train,real,1,DFD_original sequences/22__kitchen_still.mp4,ok,0,,8.0
DFD,train,real,1,DFD_original sequences/22__outside_talking_pan_laughing.mp4,ok,0,,6.37
DFD,train,real,1,DFD_original sequences/22__outside_talking_still_laughing.mp4,ok,0,,5.81
DFD,train,real,1,DFD_original sequences/22__podium_speech_happy.mp4,ok,0,,6.26
DFD,train,real,1,DFD_original sequences/22__secret_conversation.mp4,ok,0,,37.05
DFD,train,real,1,DFD_original sequences/22__talking_against_wall.mp4,ok,0,,36.97
DFD,train,real,1,DFD_original sequences/22__walk_down_hall_angry.mp4,ok,0,,34.27
DFD,train,real,1,DFD_original sequences/22__walking_and_outside_surprised.mp4,ok,0,,40.14
DFD,train,real,1,DFD_original sequences/22__walking_down_indoor_hall_disgust.mp4,ok,0,,40.41
DFD,train,real,1,DFD_original sequences/22__walking_down_street_outside_angry.mp4,ok,0,,36.87
DFD,train,real,1,DFD_original sequences/22__walking_outside_cafe_disgusted.mp4,ok,0,,37.41
DFD,val,real,1,DFD_original sequences/23__exit_phone_room.mp4,ok,0,,0.88
DFD,val,real,1,DFD_original sequences/23__hugging_happy.mp4,ok,0,,37.94
DFD,val,real,1,DFD_original sequences/23__kitchen_pan.mp4,ok,0,,34.84
DFD,val,real,1,DFD_original sequences/23__kitchen_still.mp4,ok,0,,36.22
DFD,val,real,1,DFD_original sequences/23__outside_talking_pan_laughing.mp4,ok,0,,6.46
DFD,val,real,1,DFD_original sequences/23__outside_talking_still_laughing.mp4,ok,0,,6.97
DFD,val,real,1,DFD_original sequences/23__podium_speech_happy.mp4,ok,0,,8.55
DFD,val,real,1,DFD_original sequences/23__secret_conversation.mp4,ok,0,,7.53
DFD,val,real,1,DFD_original sequences/23__talking_against_wall.mp4,ok,0,,6.86
DFD,val,real,1,DFD_original sequences/23__talking_angry_couch.mp4,ok,0,,9.28
DFD,val,real,1,DFD_original sequences/23__walk_down_hall_angry.mp4,ok,0,,5.37
DFD,val,real,1,DFD_original sequences/23__walking_and_outside_surprised.mp4,ok,0,,10.45
DFD,val,real,1,DFD_original sequences/23__walking_down_indoor_hall_disgust.mp4,ok,0,,11.31
DFD,val,real,1,DFD_original sequences/23__walking_down_street_outside_angry.mp4,ok,0,,8.96
DFD,val,real,1,DFD_original sequences/23__walking_outside_cafe_disgusted.mp4,ok,0,,5.82
DFD,test,real,1,DFD_original sequences/24__exit_phone_room.mp4,ok,0,,4.65
DFD,test,real,1,DFD_original sequences/24__kitchen_pan.mp4,ok,0,,7.22
DFD,test,real,1,DFD_original sequences/24__kitchen_still.mp4,ok,0,,7.01
DFD,test,real,1,DFD_original sequences/24__outside_talking_pan_laughing.mp4,ok,0,,7.08
DFD,test,real,1,DFD_original sequences/24__outside_talking_still_laughing.mp4,ok,0,,6.57
DFD,test,real,1,DFD_original sequences/24__podium_speech_happy.mp4,ok,0,,10.43
DFD,test,real,1,DFD_original sequences/24__secret_conversation.mp4,ok,0,,4.42
DFD,test,real,1,DFD_original sequences/24__talking_against_wall.mp4,ok,0,,8.72
DFD,test,real,1,DFD_original sequences/24__talking_angry_couch.mp4,ok,0,,10.39
DFD,test,real,1,DFD_original sequences/24__walk_down_hall_angry.mp4,ok,0,,6.24
DFD,test,real,1,DFD_original sequences/24__walking_down_street_outside_angry.mp4,ok,0,,7.86
DFD,test,real,1,DFD_original sequences/24__walking_outside_cafe_disgusted.mp4,ok,0,,6.49
DFD,train,real,1,DFD_original sequences/25__exit_phone_room.mp4,ok,0,,6.0
DFD,train,real,1,DFD_original sequences/25__outside_talking_pan_laughing.mp4,ok,0,,6.17
DFD,train,real,1,DFD_original sequences/25__outside_talking_still_laughing.mp4,ok,0,,7.68
DFD,train,real,1,DFD_original sequences/25__podium_speech_happy.mp4,ok,0,,12.78
DFD,train,real,1,DFD_original sequences/25__secret_conversation.mp4,ok,0,,9.33
DFD,train,real,1,DFD_original sequences/25__talking_against_wall.mp4,ok,0,,9.14
DFD,train,real,1,DFD_original sequences/25__walk_down_hall_angry.mp4,ok,0,,5.77
DFD,train,real,1,DFD_original sequences/25__walking_down_street_outside_angry.mp4,ok,0,,5.35
DFD,train,real,1,DFD_original sequences/25__walking_outside_cafe_disgusted.mp4,ok,0,,3.76
DFD,train,real,1,DFD_original sequences/26__exit_phone_room.mp4,ok,0,,4.18
DFD,train,real,1,DFD_original sequences/26__kitchen_pan.mp4,ok,0,,6.97
DFD,train,real,1,DFD_original sequences/26__kitchen_still.mp4,ok,0,,7.12
DFD,train,real,1,DFD_original sequences/26__outside_talking_pan_laughing.mp4,ok,0,,7.6
DFD,train,real,1,DFD_original sequences/26__outside_talking_still_laughing.mp4,ok,0,,7.34
DFD,train,real,1,DFD_original sequences/26__podium_speech_happy.mp4,ok,0,,9.17
DFD,train,real,1,DFD_original sequences/26__secret_conversation.mp4,ok,0,,8.55
DFD,train,real,1,DFD_original sequences/26__talking_against_wall.mp4,ok,0,,9.47
DFD,train,real,1,DFD_original sequences/26__talking_angry_couch.mp4,ok,0,,12.99
DFD,train,real,1,DFD_original sequences/26__walk_down_hall_angry.mp4,ok,0,,5.38
DFD,train,real,1,DFD_original sequences/26__walking_down_street_outside_angry.mp4,ok,0,,5.78
DFD,train,real,1,DFD_original sequences/26__walking_outside_cafe_disgusted.mp4,ok,0,,4.97
DFD,train,real,1,DFD_original sequences/27__exit_phone_room.mp4,ok,0,,4.87
DFD,train,real,1,DFD_original sequences/27__hugging_happy.mp4,ok,0,,8.82
DFD,train,real,1,DFD_original sequences/27__kitchen_pan.mp4,ok,0,,4.51
DFD,train,real,1,DFD_original sequences/27__kitchen_still.mp4,ok,0,,7.62
DFD,train,real,1,DFD_original sequences/27__meeting_serious.mp4,ok,0,,7.5
DFD,train,real,1,DFD_original sequences/27__outside_talking_pan_laughing.mp4,ok,0,,6.7
DFD,train,real,1,DFD_original sequences/27__outside_talking_still_laughing.mp4,ok,0,,6.86
DFD,train,real,1,DFD_original sequences/27__podium_speech_happy.mp4,ok,0,,7.58
DFD,train,real,1,DFD_original sequences/27__talking_against_wall.mp4,ok,0,,7.38
DFD,train,real,1,DFD_original sequences/27__talking_angry_couch.mp4,ok,0,,13.96
DFD,train,real,1,DFD_original sequences/27__walk_down_hall_angry.mp4,ok,0,,4.65
DFD,train,real,1,DFD_original sequences/27__walking_and_outside_surprised.mp4,ok,0,,12.49
DFD,train,real,1,DFD_original sequences/27__walking_down_indoor_hall_disgust.mp4,ok,0,,13.38
DFD,train,real,1,DFD_original sequences/27__walking_down_street_outside_angry.mp4,ok,0,,5.82
DFD,train,real,1,DFD_original sequences/27__walking_outside_cafe_disgusted.mp4,ok,0,,3.48
DFD,train,real,1,DFD_original sequences/28__exit_phone_room.mp4,ok,0,,4.06
DFD,train,real,1,DFD_original sequences/28__kitchen_pan.mp4,ok,0,,6.36
DFD,train,real,1,DFD_original sequences/28__kitchen_still.mp4,ok,0,,7.61
DFD,train,real,1,DFD_original sequences/28__outside_talking_pan_laughing.mp4,ok,0,,6.25
DFD,train,real,1,DFD_original sequences/28__outside_talking_still_laughing.mp4,ok,0,,7.22
DFD,train,real,1,DFD_original sequences/28__podium_speech_happy.mp4,ok,0,,8.35
DFD,train,real,1,DFD_original sequences/28__secret_conversation.mp4,ok,0,,7.52
DFD,train,real,1,DFD_original sequences/28__talking_angry_couch.mp4,ok,0,,12.4
DFD,train,real,1,DFD_original sequences/28__walk_down_hall_angry.mp4,ok,0,,6.28
DFD,train,real,1,DFD_original sequences/28__walking_down_street_outside_angry.mp4,ok,0,,8.58
DFD,train,real,1,DFD_original sequences/28__walking_outside_cafe_disgusted.mp4,ok,0,,4.62
DFD,test,fake,0,DFD_manipulated_sequences/DFD_manipulated_sequences/01_04__exit_phone_room__0XUW13RW.mp4,ok,0,,3.07
DFD,test,fake,0,DFD_manipulated_sequences/DFD_manipulated_sequences/01_04__hugging_happy__GBC7ZGDP.mp4,ok,0,,6.07
DFD,test,fake,0,DFD_manipulated_sequences/DFD_manipulated_sequences/01_04__kitchen_pan__GBC7ZGDP.mp4,ok,0,,4.99
DFD,test,fake,0,DFD_manipulated_sequences/DFD_manipulated_sequences/01_04__kitchen_still__GBC7ZGDP.mp4,ok,0,,4.11
DFD,test,fake,0,DFD_manipulated_sequences/DFD_manipulated_sequences/01_04__meeting_serious__0XUW13RW.mp4,ok,0,,7.47
DFD,test,fake,0,DFD_manipulated_sequences/DFD_manipulated_sequences/01_04__outside_talking_still_laughing__0XUW13RW.mp4,ok,0,,5.42
DFD,test,fake,0,DFD_manipulated_sequences/DFD_manipulated_sequences/01_04__podium_speech_happy__0XUW13RW.mp4,ok,0,,7.26
DFD,test,fake,0,DFD_manipulated_sequences/DFD_manipulated_sequences/01_04__podium_speech_happy__6I623VU9.mp4,ok,0,,7.59
DFD,test,fake,0,DFD_manipulated_sequences/DFD_manipulated_sequences/01_04__podium_speech_happy__GBC7ZGDP.mp4,ok,0,,7.49
DFD,test,fake,0,DFD_manipulated_sequences/DFD_manipulated_sequences/01_04__talking_angry_couch__0XUW13RW.mp4,ok,0,,11.46
DFD,test,fake,0,DFD_manipulated_sequences/DFD_manipulated_sequences/01_04__walk_down_hall_angry__0XUW13RW.mp4,ok,0,,3.17
DFD,test,fake,0,DFD_manipulated_sequences/DFD_manipulated_sequences/01_04__walk_down_hall_angry__GBC7ZGDP.mp4,ok,0,,2.83
DFD,test,fake,0,DFD_manipulated_sequences/DFD_manipulated_sequences/01_04__walking_and_outside_surprised__GBC7ZGDP.mp4,ok,0,,8.97
DFD,test,fake,0,DFD_manipulated_sequences/DFD_manipulated_sequences/01_04__walking_down_street_outside_angry__0XUW13RW.mp4,ok,0,,4.19
DFD,test,fake,0,DFD_manipulated_sequences/DFD_manipulated_sequences/01_04__walking_down_street_outside_angry__GBC7ZGDP.mp4,ok,0,,3.19
DFD,test,fake,0,DFD_manipulated_sequences/DFD_manipulated_sequences/01_04__walking_outside_cafe_disgusted__0XUW13RW.mp4,ok,0,,2.89
DFD,test,fake,0,DFD_manipulated_sequences/DFD_manipulated_sequences/01_21__kitchen_pan__03X7CELV.mp4,ok,0,,5.28
DFD,test,fake,0,DFD_manipulated_sequences/DFD_manipulated_sequences/01_21__outside_talking_pan_laughing__03X7CELV.mp4,ok,0,,4.77
DFD,test,fake,0,DFD_manipulated_sequences/DFD_manipulated_sequences/01_21__secret_conversation__03X7CELV.mp4,ok,0,,7.23
DFD,test,fake,0,DFD_manipulated_sequences/DFD_manipulated_sequences/01_21__talking_angry_couch__03X7CELV.mp4,ok,0,,11.45
DFD,test,fake,0,DFD_manipulated_sequences/DFD_manipulated_sequences/01_21__walk_down_hall_angry__03X7CELV.mp4,ok,0,,2.77
DFD,train,fake,0,DFD_manipulated_sequences/DFD_manipulated_sequences/02_03__kitchen_still__ZESUJMM7.mp4,ok,0,,7.14
DFD,train,fake,0,DFD_manipulated_sequences/DFD_manipulated_sequences/02_03__podium_speech_happy__QH3Y0IG0.mp4,ok,0,,8.88
DFD,train,fake,0,DFD_manipulated_sequences/DFD_manipulated_sequences/02_03__walking_and_outside_surprised__GYX5OFTD.mp4,ok,0,,8.68
DFD,train,fake,0,DFD_manipulated_sequences/DFD_manipulated_sequences/02_03__walking_down_street_outside_angry__QH3Y0IG0.mp4,ok,0,,5.04
DFD,train,fake,0,DFD_manipulated_sequences/DFD_manipulated_sequences/02_03__walking_outside_cafe_disgusted__GYX5OFTD.mp4,ok,0,,4.42
DFD,train,fake,0,DFD_manipulated_sequences/DFD_manipulated_sequences/02_03__walking_outside_cafe_disgusted__QH3Y0IG0.mp4,ok,0,,4.8
DFD,train,fake,0,DFD_manipulated_sequences/DFD_manipulated_sequences/02_06__exit_phone_room__3J3BHSHI.mp4,ok,0,,3.13
DFD,train,fake,0,DFD_manipulated_sequences/DFD_manipulated_sequences/02_06__exit_phone_room__HZAXM70B.mp4,ok,0,,2.66
DFD,train,fake,0,DFD_manipulated_sequences/DFD_manipulated_sequences/02_06__kitchen_pan__0M6JNS5D.mp4,ok,0,,6.04
DFD,train,fake,0,DFD_manipulated_sequences/DFD_manipulated_sequences/02_06__kitchen_pan__3J3BHSHI.mp4,ok,0,,5.35
DFD,train,fake,0,DFD_manipulated_sequences/DFD_manipulated_sequences/02_06__kitchen_pan__O9WOC1KJ.mp4,ok,0,,5.76
DFD,train,fake,0,DFD_manipulated_sequences/DFD_manipulated_sequences/02_06__kitchen_still__HZAXM70B.mp4,ok,0,,6.35
DFD,train,fake,0,DFD_manipulated_sequences/DFD_manipulated_sequences/02_06__meeting_serious__0M6JNS5D.mp4,ok,0,,7.65
DFD,train,fake,0,DFD_manipulated_sequences/DFD_manipulated_sequences/02_06__outside_talking_pan_laughing__N8OSN8P6.mp4,ok,0,,5.68
DFD,train,fake,0,DFD_manipulated_sequences/DFD_manipulated_sequences/02_06__podium_speech_happy__N8OSN8P6.mp4,ok,0,,7.93
DFD,train,fake,0,DFD_manipulated_sequences/DFD_manipulated_sequences/02_06__podium_speech_happy__SU4OQCS9.mp4,ok,0,,7.76
DFD,train,fake,0,DFD_manipulated_sequences/DFD_manipulated_sequences/02_06__secret_conversation__O9WOC1KJ.mp4,ok,0,,5.77
DFD,train,fake,0,DFD_manipulated_sequences/DFD_manipulated_sequences/02_06__talking_angry_couch__GH8TGTBS.mp4,ok,0,,11.34
DFD,train,fake,0,DFD_manipulated_sequences/DFD_manipulated_sequences/02_06__talking_angry_couch__J1W9R0NG.mp4,ok,0,,11.38
DFD,train,fake,0,DFD_manipulated_sequences/DFD_manipulated_sequences/02_06__talking_angry_couch__MKZTXQ2T.mp4,ok,0,,11.57
DFD,train,fake,0,DFD_manipulated_sequences/DFD_manipulated_sequences/02_06__walk_down_hall_angry__0M6JNS5D.mp4,ok,0,,3.29
DFD,train,fake,0,DFD_manipulated_sequences/DFD_manipulated_sequences/02_06__walk_down_hall_angry__MKZTXQ2T.mp4,ok,0,,2.82
DFD,train,fake,0,DFD_manipulated_sequences/DFD_manipulated_sequences/02_06__walking_and_outside_surprised__N8OSN8P6.mp4,ok,0,,8.46
DFD,train,fake,0,DFD_manipulated_sequences/DFD_manipulated_sequences/02_06__walking_and_outside_surprised__O9WOC1KJ.mp4,ok,0,,11.09
DFD,train,fake,0,DFD_manipulated_sequences/DFD_manipulated_sequences/02_06__walking_down_indoor_hall_disgust__GH8TGTBS.mp4,ok,0,,6.97
DFD,train,fake,0,DFD_manipulated_sequences/DFD_manipulated_sequences/02_06__walking_down_indoor_hall_disgust__HZAXM70B.mp4,ok,0,,7.91
DFD,train,fake,0,DFD_manipulated_sequences/DFD_manipulated_sequences/02_06__walking_down_indoor_hall_disgust__SU4OQCS9.mp4,ok,0,,7.95
DFD,train,fake,0,DFD_manipulated_sequences/DFD_manipulated_sequences/02_06__walking_down_indoor_hall_disgust__U6MDWIHG.mp4,ok,0,,8.47
DFD,train,fake,0,DFD_manipulated_sequences/DFD_manipulated_sequences/02_06__walking_down_street_outside_angry__MKZTXQ2T.mp4,ok,0,,4.54
DFD,train,fake,0,DFD_manipulated_sequences/DFD_manipulated_sequences/02_06__walking_outside_cafe_disgusted__37DH75GQ.mp4,ok,0,,4.04
DFD,train,fake,0,DFD_manipulated_sequences/DFD_manipulated_sequences/02_06__walking_outside_cafe_disgusted__GH8TGTBS.mp4,ok,0,,3.52
DFD,train,fake,0,DFD_manipulated_sequences/DFD_manipulated_sequences/02_07__exit_phone_room__1JCLEEBQ.mp4,ok,0,,2.33
DFD,train,fake,0,DFD_manipulated_sequences/DFD_manipulated_sequences/02_07__exit_phone_room__9NVRE2KQ.mp4,ok,0,,2.78
DFD,train,fake,0,DFD_manipulated_sequences/DFD_manipulated_sequences/02_07__hugging_happy__1JCLEEBQ.mp4,ok,0,,5.14
DFD,train,fake,0,DFD_manipulated_sequences/DFD_manipulated_sequences/02_07__hugging_happy__O4SXNLRL.mp4,ok,0,,5.41
DFD,train,fake,0,DFD_manipulated_sequences/DFD_manipulated_sequences/02_07__kitchen_pan__34PVT42V.mp4,ok,0,,5.03
DFD,train,fake,0,DFD_manipulated_sequences/DFD_manipulated_sequences/02_07__kitchen_pan__O4SXNLRL.mp4,ok,0,,4.67
DFD,train,fake,0,DFD_manipulated_sequences/DFD_manipulated_sequences/02_07__kitchen_still__1ZE4HC06.mp4,ok,0,,7.72
DFD,train,fake,0,DFD_manipulated_sequences/DFD_manipulated_sequences/02_07__kitchen_still__TBLYQBIY.mp4,ok,0,,7.33
DFD,train,fake,0,DFD_manipulated_sequences/DFD_manipulated_sequences/02_07__meeting_serious__1H07DFQJ.mp4,ok,0,,6.64
DFD,train,fake,0,DFD_manipulated_sequences/DFD_manipulated_sequences/02_07__meeting_serious__1JCLEEBQ.mp4,ok,0,,6.96
DFD,train,fake,0,DFD_manipulated_sequences/DFD_manipulated_sequences/02_07__meeting_serious__O4SXNLRL.mp4,ok,0,,7.17
DFD,train,fake,0,DFD_manipulated_sequences/DFD_manipulated_sequences/02_07__outside_talking_pan_laughing__34PVT42V.mp4,ok,0,,5.31
DFD,train,fake,0,DFD_manipulated_sequences/DFD_manipulated_sequences/02_07__outside_talking_pan_laughing__O4SXNLRL.mp4,ok,0,,5.49
DFD,train,fake,0,DFD_manipulated_sequences/DFD_manipulated_sequences/02_07__podium_speech_happy__0IYV5DQ5.mp4,ok,0,,8.31
DFD,train,fake,0,DFD_manipulated_sequences/DFD_manipulated_sequences/02_07__podium_speech_happy__1KPVZAAP.mp4,ok,0,,8.44
DFD,train,fake,0,DFD_manipulated_sequences/DFD_manipulated_sequences/02_07__podium_speech_happy__UH60ROEK.mp4,ok,0,,8.6
DFD,train,fake,0,DFD_manipulated_sequences/DFD_manipulated_sequences/02_07__secret_conversation__0IYV5DQ5.mp4,ok,0,,5.93
DFD,train,fake,0,DFD_manipulated_sequences/DFD_manipulated_sequences/02_07__secret_conversation__1JCLEEBQ.mp4,ok,0,,5.59
DFD,train,fake,0,DFD_manipulated_sequences/DFD_manipulated_sequences/02_07__secret_conversation__1VMZUH1W.mp4,ok,0,,5.57
DFD,train,fake,0,DFD_manipulated_sequences/DFD_manipulated_sequences/02_07__talking_against_wall__1ZE4HC06.mp4,ok,0,,7.85
DFD,train,fake,0,DFD_manipulated_sequences/DFD_manipulated_sequences/02_07__talking_against_wall__O4SXNLRL.mp4,ok,0,,7.36
DFD,train,fake,0,DFD_manipulated_sequences/DFD_manipulated_sequences/02_07__talking_angry_couch__1VMZUH1W.mp4,ok,0,,10.4
DFD,train,fake,0,DFD_manipulated_sequences/DFD_manipulated_sequences/02_07__walk_down_hall_angry__1JCLEEBQ.mp4,ok,0,,3.7
DFD,train,fake,0,DFD_manipulated_sequences/DFD_manipulated_sequences/02_07__walk_down_hall_angry__O4SXNLRL.mp4,ok,0,,2.12
DFD,train,fake,0,DFD_manipulated_sequences/DFD_manipulated_sequences/02_07__walk_down_hall_angry__U7DEOZNV.mp4,ok,0,,2.36
DFD,train,fake,0,DFD_manipulated_sequences/DFD_manipulated_sequences/02_07__walking_and_outside_surprised__1VMZUH1W.mp4,ok,0,,69.57
DFD,train,fake,0,DFD_manipulated_sequences/DFD_manipulated_sequences/02_07__walking_and_outside_surprised__UH60ROEK.mp4,ok,0,,69.77
DFD,train,fake,0,DFD_manipulated_sequences/DFD_manipulated_sequences/02_07__walking_down_street_outside_angry__O4SXNLRL.mp4,ok,0,,4.07
DFD,train,fake,0,DFD_manipulated_sequences/DFD_manipulated_sequences/02_07__walking_outside_cafe_disgusted__1H07DFQJ.mp4,ok,0,,3.78
DFD,train,fake,0,DFD_manipulated_sequences/DFD_manipulated_sequences/02_11__meeting_serious__NZJ1YEWE.mp4,ok,0,,6.73
DFD,train,fake,0,DFD_manipulated_sequences/DFD_manipulated_sequences/02_12__hugging_happy__9D2ZHEKW.mp4,ok,0,,5.25
DFD,train,fake,0,DFD_manipulated_sequences/DFD_manipulated_sequences/02_12__outside_talking_pan_laughing__9D2ZHEKW.mp4,ok,0,,4.66
DFD,train,fake,0,DFD_manipulated_sequences/DFD_manipulated_sequences/02_12__podium_speech_happy__9D2ZHEKW.mp4,ok,0,,67.03
DFD,train,fake,0,DFD_manipulated_sequences/DFD_manipulated_sequences/02_12__walking_and_outside_surprised__9D2ZHEKW.mp4,ok,0,,70.0
DFD,train,fake,0,DFD_manipulated_sequences/DFD_manipulated_sequences/02_13__exit_phone_room__CP5HFV3K.mp4,ok,0,,3.16
DFD,train,fake,0,DFD_manipulated_sequences/DFD_manipulated_sequences/02_13__exit_phone_room__PLNVLO74.mp4,ok,0,,33.33
DFD,train,fake,0,DFD_manipulated_sequences/DFD_manipulated_sequences/02_13__hugging_happy__PLNVLO74.mp4,ok,0,,65.05
DFD,train,fake,0,DFD_manipulated_sequences/DFD_manipulated_sequences/02_13__kitchen_pan__0RKOCC6A.mp4,ok,0,,64.98
DFD,train,fake,0,DFD_manipulated_sequences/DFD_manipulated_sequences/02_13__kitchen_pan__2YSYT2N3.mp4,ok,0,,64.72
DFD,train,fake,0,DFD_manipulated_sequences/DFD_manipulated_sequences/02_13__kitchen_pan__CP5HFV3K.mp4,ok,0,,64.75
DFD,train,fake,0,DFD_manipulated_sequences/DFD_manipulated_sequences/02_13__kitchen_still__2YSYT2N3.mp4,ok,0,,65.37
DFD,train,fake,0,DFD_manipulated_sequences/DFD_manipulated_sequences/02_13__meeting_serious__CP5HFV3K.mp4,ok,0,,36.28
DFD,train,fake,0,DFD_manipulated_sequences/DFD_manipulated_sequences/02_13__outside_talking_pan_laughing__0RKOCC6A.mp4,ok,0,,4.39
DFD,train,fake,0,DFD_manipulated_sequences/DFD_manipulated_sequences/02_13__outside_talking_pan_laughing__2YSYT2N3.mp4,ok,0,,4.81
DFD,train,fake,0,DFD_manipulated_sequences/DFD_manipulated_sequences/02_13__outside_talking_still_laughing__2YSYT2N3.mp4,ok,0,,4.95
DFD,train,fake,0,DFD_manipulated_sequences/DFD_manipulated_sequences/02_13__outside_talking_still_laughing__CP5HFV3K.mp4,ok,0,,5.69
DFD,train,fake,0,DFD_manipulated_sequences/DFD_manipulated_sequences/02_13__podium_speech_happy__2YSYT2N3.mp4,ok,0,,6.94
DFD,train,fake,0,DFD_manipulated_sequences/DFD_manipulated_sequences/02_13__secret_conversation__CP5HFV3K.mp4,ok,0,,1.17
DFD,train,fake,0,DFD_manipulated_sequences/DFD_manipulated_sequences/02_13__secret_conversation__PLNVLO74.mp4,ok,0,,5.01
DFD,train,fake,0,DFD_manipulated_sequences/DFD_manipulated_sequences/02_13__talking_angry_couch__AROBAY8R.mp4,ok,0,,9.6
DFD,train,fake,0,DFD_manipulated_sequences/DFD_manipulated_sequences/02_13__talking_angry_couch__CP5HFV3K.mp4,ok,0,,9.57
DFD,train,fake,0,DFD_manipulated_sequences/DFD_manipulated_sequences/02_13__walking_and_outside_surprised__CP5HFV3K.mp4,ok,0,,7.88
DFD,train,fake,0,DFD_manipulated_sequences/DFD_manipulated_sequences/02_13__walking_down_indoor_hall_disgust__CP5HFV3K.mp4,ok,0,,6.13
DFD,train,fake,0,DFD_manipulated_sequences/DFD_manipulated_sequences/02_13__walking_down_street_outside_angry__2YSYT2N3.mp4,ok,0,,3.36
DFD,train,fake,0,DFD_manipulated_sequences/DFD_manipulated_sequences/02_13__walking_outside_cafe_disgusted__AROBAY8R.mp4,ok,0,,4.0
DFD,train,fake,0,DFD_manipulated_sequences/DFD_manipulated_sequences/02_13__walking_outside_cafe_disgusted__CP5HFV3K.mp4,ok,0,,3.55
DFD,train,fake,0,DFD_manipulated_sequences/DFD_manipulated_sequences/02_14__exit_phone_room__3IUBEKCT.mp4,ok,0,,2.39
DFD,train,fake,0,DFD_manipulated_sequences/DFD_manipulated_sequences/02_14__kitchen_pan__3IUBEKCT.mp4,ok,0,,4.6
DFD,train,fake,0,DFD_manipulated_sequences/DFD_manipulated_sequences/02_14__meeting_serious__3IUBEKCT.mp4,ok,0,,36.22
DFD,train,fake,0,DFD_manipulated_sequences/DFD_manipulated_sequences/02_14__outside_talking_pan_laughing__3IUBEKCT.mp4,ok,0,,4.51
DFD,train,fake,0,DFD_manipulated_sequences/DFD_manipulated_sequences/02_14__podium_speech_happy__3IUBEKCT.mp4,ok,0,,36.99
DFD,train,fake,0,DFD_manipulated_sequences/DFD_manipulated_sequences/02_14__secret_conversation__3IUBEKCT.mp4,ok,0,,0.84
DFD,train,fake,0,DFD_manipulated_sequences/DFD_manipulated_sequences/02_14__walking_and_outside_surprised__3IUBEKCT.mp4,ok,0,,37.09
DFD,train,fake,0,DFD_manipulated_sequences/DFD_manipulated_sequences/02_14__walking_outside_cafe_disgusted__3IUBEKCT.mp4,ok,0,,33.56
DFD,train,fake,0,DFD_manipulated_sequences/DFD_manipulated_sequences/02_15__exit_phone_room__HTG660F8.mp4,ok,0,,2.79
DFD,train,fake,0,DFD_manipulated_sequences/DFD_manipulated_sequences/02_15__exit_phone_room__I8G2LWD1.mp4,ok,0,,32.33
DFD,train,fake,0,DFD_manipulated_sequences/DFD_manipulated_sequences/02_15__exit_phone_room__MCRFMYAE.mp4,ok,0,,32.39
DFD,train,fake,0,DFD_manipulated_sequences/DFD_manipulated_sequences/02_15__exit_phone_room__MZWH8ATN.mp4,ok,0,,31.88
DFD,train,fake,0,DFD_manipulated_sequences/DFD_manipulated_sequences/02_15__hugging_happy__HTG660F8.mp4,ok,0,,34.75
DFD,train,fake,0,DFD_manipulated_sequences/DFD_manipulated_sequences/02_15__hugging_happy__MZWH8ATN.mp4,ok,0,,34.61
DFD,train,fake,0,DFD_manipulated_sequences/DFD_manipulated_sequences/02_15__hugging_happy__XNJIS4S3.mp4,ok,0,,34.68
DFD,train,fake,0,DFD_manipulated_sequences/DFD_manipulated_sequences/02_15__kitchen_pan__SB6PMCO0.mp4,ok,0,,4.37
DFD,train,fake,0,DFD_manipulated_sequences/DFD_manipulated_sequences/02_15__kitchen_still__HTG660F8.mp4,ok,0,,6.24
DFD,train,fake,0,DFD_manipulated_sequences/DFD_manipulated_sequences/02_15__kitchen_still__I8G2LWD1.mp4,ok,0,,5.7
DFD,train,fake,0,DFD_manipulated_sequences/DFD_manipulated_sequences/02_15__kitchen_still__XNJIS4S3.mp4,ok,0,,5.93
DFD,train,fake,0,DFD_manipulated_sequences/DFD_manipulated_sequences/02_15__meeting_serious__HTG660F8.mp4,ok,0,,6.78
DFD,train,fake,0,DFD_manipulated_sequences/DFD_manipulated_sequences/02_15__meeting_serious__MZWH8ATN.mp4,ok,0,,6.89
DFD,train,fake,0,DFD_manipulated_sequences/DFD_manipulated_sequences/02_15__meeting_serious__N864L40U.mp4,ok,0,,7.01
DFD,train,fake,0,DFD_manipulated_sequences/DFD_manipulated_sequences/02_15__meeting_serious__TSRK8QS4.mp4,ok,0,,6.21
DFD,train,fake,0,DFD_manipulated_sequences/DFD_manipulated_sequences/02_15__outside_talking_pan_laughing__I8G2LWD1.mp4,ok,0,,4.98
DFD,train,fake,0,DFD_manipulated_sequences/DFD_manipulated_sequences/02_15__outside_talking_pan_laughing__SB6PMCO0.mp4,ok,0,,5.02
DFD,train,fake,0,DFD_manipulated_sequences/DFD_manipulated_sequences/02_15__outside_talking_pan_laughing__TN2CWM3K.mp4,ok,0,,4.62
DFD,train,fake,0,DFD_manipulated_sequences/DFD_manipulated_sequences/02_15__outside_talking_still_laughing__HTG660F8.mp4,ok,0,,5.49
DFD,train,fake,0,DFD_manipulated_sequences/DFD_manipulated_sequences/02_15__outside_talking_still_laughing__SB6PMCO0.mp4,ok,0,,5.54
DFD,train,fake,0,DFD_manipulated_sequences/DFD_manipulated_sequences/02_15__podium_speech_happy__I8G2LWD1.mp4,ok,0,,8.01
DFD,train,fake,0,DFD_manipulated_sequences/DFD_manipulated_sequences/02_15__podium_speech_happy__MZWH8ATN.mp4,ok,0,,6.7
DFD,train,fake,0,DFD_manipulated_sequences/DFD_manipulated_sequences/02_15__podium_speech_happy__N864L40U.mp4,ok,0,,6.67
DFD,train,fake,0,DFD_manipulated_sequences/DFD_manipulated_sequences/02_15__secret_conversation__MZWH8ATN.mp4,ok,0,,1.08
DFD,train,fake,0,DFD_manipulated_sequences/DFD_manipulated_sequences/02_15__secret_conversation__N864L40U.mp4,ok,0,,4.79
DFD,train,fake,0,DFD_manipulated_sequences/DFD_manipulated_sequences/02_15__talking_against_wall__HTG660F8.mp4,ok,0,,5.85
DFD,train,fake,0,DFD_manipulated_sequences/DFD_manipulated_sequences/02_15__talking_against_wall__I8G2LWD1.mp4,ok,0,,6.52
DFD,train,fake,0,DFD_manipulated_sequences/DFD_manipulated_sequences/02_15__talking_against_wall__MZWH8ATN.mp4,ok,0,,6.33
DFD,train,fake,0,DFD_manipulated_sequences/DFD_manipulated_sequences/02_15__talking_against_wall__P2FAY3DR.mp4,ok,0,,6.44
DFD,train,fake,0,DFD_manipulated_sequences/DFD_manipulated_sequences/02_15__talking_against_wall__QYSDT9SO.mp4,ok,0,,5.79
DFD,train,fake,0,DFD_manipulated_sequences/DFD_manipulated_sequences/02_15__talking_angry_couch__HTG660F8.mp4,ok,0,,10.88
DFD,train,fake,0,DFD_manipulated_sequences/DFD_manipulated_sequences/02_15__talking_angry_couch__I8G2LWD1.mp4,ok,0,,9.27
DFD,train,fake,0,DFD_manipulated_sequences/DFD_manipulated_sequences/02_15__walk_down_hall_angry__HTG660F8.mp4,ok,0,,2.19
DFD,train,fake,0,DFD_manipulated_sequences/DFD_manipulated_sequences/02_15__walk_down_hall_angry__TN2CWM3K.mp4,ok,0,,2.04
DFD,train,fake,0,DFD_manipulated_sequences/DFD_manipulated_sequences/02_15__walking_and_outside_surprised__HTG660F8.mp4,ok,0,,8.83
DFD,train,fake,0,DFD_manipulated_sequences/DFD_manipulated_sequences/02_15__walking_and_outside_surprised__I8G2LWD1.mp4,ok,0,,9.29
DFD,train,fake,0,DFD_manipulated_sequences/DFD_manipulated_sequences/02_15__walking_and_outside_surprised__MZWH8ATN.mp4,ok,0,,6.58
DFD,train,fake,0,DFD_manipulated_sequences/DFD_manipulated_sequences/02_15__walking_down_indoor_hall_disgust__HTG660F8.mp4,ok,0,,6.69
DFD,train,fake,0,DFD_manipulated_sequences/DFD_manipulated_sequences/02_15__walking_down_street_outside_angry__I8G2LWD1.mp4,ok,0,,3.52
DFD,train,fake,0,DFD_manipulated_sequences/DFD_manipulated_sequences/02_15__walking_down_street_outside_angry__MZWH8ATN.mp4,ok,0,,3.55
DFD,train,fake,0,DFD_manipulated_sequences/DFD_manipulated_sequences/02_15__walking_outside_cafe_disgusted__HTG660F8.mp4,ok,0,,4.05
DFD,train,fake,0,DFD_manipulated_sequences/DFD_manipulated_sequences/02_15__walking_outside_cafe_disgusted__MZWH8ATN.mp4,ok,0,,3.92
DFD,train,fake,0,DFD_manipulated_sequences/DFD_manipulated_sequences/02_18__exit_phone_room__B95S4G6F.mp4,ok,0,,3.06
DFD,train,fake,0,DFD_manipulated_sequences/DFD_manipulated_sequences/02_18__exit_phone_room__OXMEEFUQ.mp4,ok,0,,2.84
DFD,train,fake,0,DFD_manipulated_sequences/DFD_manipulated_sequences/02_18__kitchen_still__B95S4G6F.mp4,ok,0,,6.16
DFD,train,fake,0,DFD_manipulated_sequences/DFD_manipulated_sequences/02_18__kitchen_still__OXMEEFUQ.mp4,ok,0,,5.12
DFD,train,fake,0,DFD_manipulated_sequences/DFD_manipulated_sequences/02_18__meeting_serious__B95S4G6F.mp4,ok,0,,5.62
DFD,train,fake,0,DFD_manipulated_sequences/DFD_manipulated_sequences/02_18__outside_talking_pan_laughing__OXMEEFUQ.mp4,ok,0,,4.13
DFD,train,fake,0,DFD_manipulated_sequences/DFD_manipulated_sequences/02_18__outside_talking_still_laughing__OXMEEFUQ.mp4,ok,0,,4.4
DFD,train,fake,0,DFD_manipulated_sequences/DFD_manipulated_sequences/02_18__secret_conversation__B95S4G6F.mp4,ok,0,,4.05
DFD,train,fake,0,DFD_manipulated_sequences/DFD_manipulated_sequences/02_18__walk_down_hall_angry__B95S4G6F.mp4,ok,0,,2.17
DFD,train,fake,0,DFD_manipulated_sequences/DFD_manipulated_sequences/02_18__walking_and_outside_surprised__B95S4G6F.mp4,ok,0,,8.44
DFD,train,fake,0,DFD_manipulated_sequences/DFD_manipulated_sequences/02_18__walking_down_street_outside_angry__21JTDDEL.mp4,ok,0,,3.83
DFD,train,fake,0,DFD_manipulated_sequences/DFD_manipulated_sequences/02_25__exit_phone_room__Z7FQ69VP.mp4,ok,0,,2.64
DFD,train,fake,0,DFD_manipulated_sequences/DFD_manipulated_sequences/02_25__hugging_happy__Z7FQ69VP.mp4,ok,0,,4.71
DFD,train,fake,0,DFD_manipulated_sequences/DFD_manipulated_sequences/02_25__outside_talking_pan_laughing__Z7FQ69VP.mp4,ok,0,,5.26
DFD,train,fake,0,DFD_manipulated_sequences/DFD_manipulated_sequences/02_25__outside_talking_still_laughing__Z7FQ69VP.mp4,ok,0,,4.74
DFD,train,fake,0,DFD_manipulated_sequences/DFD_manipulated_sequences/02_25__secret_conversation__Z7FQ69VP.mp4,ok,0,,1.06
DFD,train,fake,0,DFD_manipulated_sequences/DFD_manipulated_sequences/02_25__talking_against_wall__Z7FQ69VP.mp4,ok,0,,5.73
DFD,train,fake,0,DFD_manipulated_sequences/DFD_manipulated_sequences/02_25__talking_angry_couch__Z7FQ69VP.mp4,ok,0,,9.71
DFD,train,fake,0,DFD_manipulated_sequences/DFD_manipulated_sequences/02_25__walking_and_outside_surprised__Z7FQ69VP.mp4,ok,0,,7.57
DFD,train,fake,0,DFD_manipulated_sequences/DFD_manipulated_sequences/02_25__walking_down_street_outside_angry__Z7FQ69VP.mp4,ok,0,,4.53
DFD,train,fake,0,DFD_manipulated_sequences/DFD_manipulated_sequences/02_25__walking_outside_cafe_disgusted__Z7FQ69VP.mp4,ok,0,,4.28
DFD,train,fake,0,DFD_manipulated_sequences/DFD_manipulated_sequences/02_27__hugging_happy__6GC9HY9J.mp4,ok,0,,6.08
DFD,train,fake,0,DFD_manipulated_sequences/DFD_manipulated_sequences/02_27__hugging_happy__GVFLSZD5.mp4,ok,0,,7.03
DFD,train,fake,0,DFD_manipulated_sequences/DFD_manipulated_sequences/02_27__kitchen_pan__3L1MLH3D.mp4,ok,0,,5.07
DFD,train,fake,0,DFD_manipulated_sequences/DFD_manipulated_sequences/02_27__kitchen_pan__B3XHKO27.mp4,ok,0,,5.49
DFD,train,fake,0,DFD_manipulated_sequences/DFD_manipulated_sequences/02_27__kitchen_pan__UGO2181S.mp4,ok,0,,5.55
DFD,train,fake,0,DFD_manipulated_sequences/DFD_manipulated_sequences/02_27__meeting_serious__QW05XUUZ.mp4,ok,0,,6.62
DFD,train,fake,0,DFD_manipulated_sequences/DFD_manipulated_sequences/02_27__outside_talking_pan_laughing__QW05XUUZ.mp4,ok,0,,4.95
DFD,train,fake,0,DFD_manipulated_sequences/DFD_manipulated_sequences/02_27__outside_talking_pan_laughing__XFSH3BW7.mp4,ok,0,,5.47
DFD,train,fake,0,DFD_manipulated_sequences/DFD_manipulated_sequences/02_27__outside_talking_still_laughing__FV8M8O2C.mp4,ok,0,,5.6
DFD,train,fake,0,DFD_manipulated_sequences/DFD_manipulated_sequences/02_27__outside_talking_still_laughing__YQX5Z8GN.mp4,ok,0,,5.08
DFD,train,fake,0,DFD_manipulated_sequences/DFD_manipulated_sequences/02_27__podium_speech_happy__UGO2181S.mp4,ok,0,,37.6
DFD,train,fake,0,DFD_manipulated_sequences/DFD_manipulated_sequences/02_27__walk_down_hall_angry__78M8S6M6.mp4,ok,0,,2.0
DFD,train,fake,0,DFD_manipulated_sequences/DFD_manipulated_sequences/02_27__walking_and_outside_surprised__QW05XUUZ.mp4,ok,0,,40.07
DFD,train,fake,0,DFD_manipulated_sequences/DFD_manipulated_sequences/02_27__walking_and_outside_surprised__UGO2181S.mp4,ok,0,,39.69
DFD,train,fake,0,DFD_manipulated_sequences/DFD_manipulated_sequences/02_27__walking_down_indoor_hall_disgust__YQX5Z8GN.mp4,ok,0,,38.08
DFD,train,fake,0,DFD_manipulated_sequences/DFD_manipulated_sequences/02_27__walking_down_street_outside_angry__3L1MLH3D.mp4,ok,0,,34.15
DFD,train,fake,0,DFD_manipulated_sequences/DFD_manipulated_sequences/02_27__walking_outside_cafe_disgusted__3L1MLH3D.mp4,ok,0,,34.69
DFD,train,fake,0,DFD_manipulated_sequences/DFD_manipulated_sequences/02_27__walking_outside_cafe_disgusted__78M8S6M6.mp4,ok,0,,34.27
DFD,train,fake,0,DFD_manipulated_sequences/DFD_manipulated_sequences/03_02__meeting_serious__ZESUJMM7.mp4,ok,0,,37.49
DFD,train,fake,0,DFD_manipulated_sequences/DFD_manipulated_sequences/03_02__secret_conversation__GYX5OFTD.mp4,ok,0,,31.51
DFD,train,fake,0,DFD_manipulated_sequences/DFD_manipulated_sequences/03_02__secret_conversation__QH3Y0IG0.mp4,ok,0,,36.2
DFD,train,fake,0,DFD_manipulated_sequences/DFD_manipulated_sequences/03_02__walking_and_outside_surprised__GYX5OFTD.mp4,ok,0,,9.31
DFD,train,fake,0,DFD_manipulated_sequences/DFD_manipulated_sequences/03_02__walking_down_street_outside_angry__QH3Y0IG0.mp4,ok,0,,7.79
DFD,train,fake,0,DFD_manipulated_sequences/DFD_manipulated_sequences/03_06__exit_phone_room__1IXGY2FK.mp4,ok,0,,3.91
DFD,train,fake,0,DFD_manipulated_sequences/DFD_manipulated_sequences/03_06__hugging_happy__1IXGY2FK.mp4,ok,0,,8.39
DFD,train,fake,0,DFD_manipulated_sequences/DFD_manipulated_sequences/03_06__hugging_happy__2XWC5JED.mp4,ok,0,,6.7
DFD,train,fake,0,DFD_manipulated_sequences/DFD_manipulated_sequences/03_06__hugging_happy__4I8LRXWF.mp4,ok,0,,8.97
DFD,train,fake,0,DFD_manipulated_sequences/DFD_manipulated_sequences/03_06__kitchen_pan__1IXGY2FK.mp4,ok,0,,5.04
DFD,train,fake,0,DFD_manipulated_sequences/DFD_manipulated_sequences/03_06__kitchen_pan__2XWC5JED.mp4,ok,0,,4.96
DFD,train,fake,0,DFD_manipulated_sequences/DFD_manipulated_sequences/03_06__kitchen_still__1IXGY2FK.mp4,ok,0,,9.02
DFD,train,fake,0,DFD_manipulated_sequences/DFD_manipulated_sequences/03_06__kitchen_still__ZFRX9RKW.mp4,ok,0,,7.68
DFD,train,fake,0,DFD_manipulated_sequences/DFD_manipulated_sequences/03_06__meeting_serious__1IXGY2FK.mp4,ok,0,,7.0
DFD,train,fake,0,DFD_manipulated_sequences/DFD_manipulated_sequences/03_06__meeting_serious__83ABVHC3.mp4,ok,0,,8.97
DFD,train,fake,0,DFD_manipulated_sequences/DFD_manipulated_sequences/03_06__podium_speech_happy__1IXGY2FK.mp4,ok,0,,8.08
DFD,train,fake,0,DFD_manipulated_sequences/DFD_manipulated_sequences/03_06__podium_speech_happy__2XWC5JED.mp4,ok,0,,7.28
DFD,train,fake,0,DFD_manipulated_sequences/DFD_manipulated_sequences/03_06__podium_speech_happy__83ABVHC3.mp4,ok,0,,8.0
DFD,train,fake,0,DFD_manipulated_sequences/DFD_manipulated_sequences/03_06__podium_speech_happy__KIWCEATU.mp4,ok,0,,8.04
DFD,train,fake,0,DFD_manipulated_sequences/DFD_manipulated_sequences/03_06__podium_speech_happy__ZFRX9RKW.mp4,ok,0,,8.12
DFD,train,fake,0,DFD_manipulated_sequences/DFD_manipulated_sequences/03_06__secret_conversation__1IXGY2FK.mp4,ok,0,,6.58
DFD,train,fake,0,DFD_manipulated_sequences/DFD_manipulated_sequences/03_06__talking_against_wall__1IXGY2FK.mp4,ok,0,,7.25
DFD,train,fake,0,DFD_manipulated_sequences/DFD_manipulated_sequences/03_06__talking_against_wall__OPTNKNYK.mp4,ok,0,,7.16
DFD,train,fake,0,DFD_manipulated_sequences/DFD_manipulated_sequences/03_06__walk_down_hall_angry__1IXGY2FK.mp4,ok,0,,4.22
DFD,train,fake,0,DFD_manipulated_sequences/DFD_manipulated_sequences/03_06__walking_down_indoor_hall_disgust__1IXGY2FK.mp4,ok,0,,10.89
DFD,train,fake,0,DFD_manipulated_sequences/DFD_manipulated_sequences/03_06__walking_down_street_outside_angry__1IXGY2FK.mp4,ok,0,,7.99
DFD,train,fake,0,DFD_manipulated_sequences/DFD_manipulated_sequences/03_07__exit_phone_room__6PHZRQ4H.mp4,ok,0,,4.51
DFD,train,fake,0,DFD_manipulated_sequences/DFD_manipulated_sequences/03_07__exit_phone_room__WPT3Z2KN.mp4,ok,0,,5.06
DFD,train,fake,0,DFD_manipulated_sequences/DFD_manipulated_sequences/03_07__hugging_happy__BKLOCI1M.mp4,ok,0,,8.69
DFD,train,fake,0,DFD_manipulated_sequences/DFD_manipulated_sequences/03_07__hugging_happy__IFSURI9X.mp4,ok,0,,8.57
DFD,train,fake,0,DFD_manipulated_sequences/DFD_manipulated_sequences/03_07__hugging_happy__WPT3Z2KN.mp4,ok,0,,8.26
DFD,train,fake,0,DFD_manipulated_sequences/DFD_manipulated_sequences/03_07__kitchen_pan__WPT3Z2KN.mp4,ok,0,,6.12
DFD,train,fake,0,DFD_manipulated_sequences/DFD_manipulated_sequences/03_07__kitchen_still__WPT3Z2KN.mp4,ok,0,,7.16
DFD,train,fake,0,DFD_manipulated_sequences/DFD_manipulated_sequences/03_07__meeting_serious__W3MXGEU9.mp4,ok,0,,6.99
DFD,train,fake,0,DFD_manipulated_sequences/DFD_manipulated_sequences/03_07__outside_talking_pan_laughing__6PHZRQ4H.mp4,ok,0,,7.32
DFD,train,fake,0,DFD_manipulated_sequences/DFD_manipulated_sequences/03_07__outside_talking_pan_laughing__IFSURI9X.mp4,ok,0,,5.83
DFD,train,fake,0,DFD_manipulated_sequences/DFD_manipulated_sequences/03_07__outside_talking_still_laughing__IFSURI9X.mp4,ok,0,,8.02
DFD,train,fake,0,DFD_manipulated_sequences/DFD_manipulated_sequences/03_07__outside_talking_still_laughing__W3MXGEU9.mp4,ok,0,,7.78
DFD,train,fake,0,DFD_manipulated_sequences/DFD_manipulated_sequences/03_07__podium_speech_happy__6PHZRQ4H.mp4,ok,0,,7.68
DFD,train,fake,0,DFD_manipulated_sequences/DFD_manipulated_sequences/03_07__podium_speech_happy__IFSURI9X.mp4,ok,0,,7.32
DFD,train,fake,0,DFD_manipulated_sequences/DFD_manipulated_sequences/03_07__secret_conversation__9NVYPOMN.mp4,ok,0,,6.47
DFD,train,fake,0,DFD_manipulated_sequences/DFD_manipulated_sequences/03_07__secret_conversation__IFSURI9X.mp4,ok,0,,6.98
DFD,train,fake,0,DFD_manipulated_sequences/DFD_manipulated_sequences/03_07__talking_against_wall__9NVYPOMN.mp4,ok,0,,7.4
DFD,train,fake,0,DFD_manipulated_sequences/DFD_manipulated_sequences/03_07__talking_against_wall__BKLOCI1M.mp4,ok,0,,7.68
DFD,train,fake,0,DFD_manipulated_sequences/DFD_manipulated_sequences/03_07__talking_against_wall__F0YYEA5W.mp4,ok,0,,7.31
DFD,train,fake,0,DFD_manipulated_sequences/DFD_manipulated_sequences/03_07__talking_against_wall__IFSURI9X.mp4,ok,0,,6.96
DFD,train,fake,0,DFD_manipulated_sequences/DFD_manipulated_sequences/03_07__talking_against_wall__PWXXULHR.mp4,ok,0,,6.36
DFD,train,fake,0,DFD_manipulated_sequences/DFD_manipulated_sequences/03_07__talking_against_wall__WPT3Z2KN.mp4,ok,0,,7.36
DFD,train,fake,0,DFD_manipulated_sequences/DFD_manipulated_sequences/03_07__talking_angry_couch__7NGMD8FT.mp4,ok,0,,12.21
DFD,train,fake,0,DFD_manipulated_sequences/DFD_manipulated_sequences/03_07__talking_angry_couch__WPT3Z2KN.mp4,ok,0,,11.53
DFD,train,fake,0,DFD_manipulated_sequences/DFD_manipulated_sequences/03_07__walk_down_hall_angry__6PHZRQ4H.mp4,ok,0,,4.55
DFD,train,fake,0,DFD_manipulated_sequences/DFD_manipulated_sequences/03_07__walk_down_hall_angry__IFSURI9X.mp4,ok,0,,4.42
DFD,train,fake,0,DFD_manipulated_sequences/DFD_manipulated_sequences/03_07__walking_and_outside_surprised__IFSURI9X.mp4,ok,0,,11.9
DFD,train,fake,0,DFD_manipulated_sequences/DFD_manipulated_sequences/03_07__walking_down_indoor_hall_disgust__CDSNLDQ8.mp4,ok,0,,13.66
DFD,train,fake,0,DFD_manipulated_sequences/DFD_manipulated_sequences/03_07__walking_down_indoor_hall_disgust__F0YYEA5W.mp4,ok,0,,13.79
DFD,train,fake,0,DFD_manipulated_sequences/DFD_manipulated_sequences/03_07__walking_down_indoor_hall_disgust__PWXXULHR.mp4,ok,0,,10.69
DFD,train,fake,0,DFD_manipulated_sequences/DFD_manipulated_sequences/03_07__walking_down_indoor_hall_disgust__WPT3Z2KN.mp4,ok,0,,13.34
DFD,train,fake,0,DFD_manipulated_sequences/DFD_manipulated_sequences/03_07__walking_down_street_outside_angry__W3MXGEU9.mp4,ok,0,,8.59
DFD,train,fake,0,DFD_manipulated_sequences/DFD_manipulated_sequences/03_07__walking_outside_cafe_disgusted__6PHZRQ4H.mp4,ok,0,,6.03
DFD,train,fake,0,DFD_manipulated_sequences/DFD_manipulated_sequences/03_07__walking_outside_cafe_disgusted__CDSNLDQ8.mp4,ok,0,,6.45
DFD,train,fake,0,DFD_manipulated_sequences/DFD_manipulated_sequences/03_07__walking_outside_cafe_disgusted__F0YYEA5W.mp4,ok,0,,4.06
DFD,train,fake,0,DFD_manipulated_sequences/DFD_manipulated_sequences/03_07__walking_outside_cafe_disgusted__IFSURI9X.mp4,ok,0,,3.99
DFD,train,fake,0,DFD_manipulated_sequences/DFD_manipulated_sequences/03_07__walking_outside_cafe_disgusted__PWXXULHR.mp4,ok,0,,5.27
DFD,train,fake,0,DFD_manipulated_sequences/DFD_manipulated_sequences/03_07__walking_outside_cafe_disgusted__WPT3Z2KN.mp4,ok,0,,4.76
DFD,train,fake,0,DFD_manipulated_sequences/DFD_manipulated_sequences/03_11__exit_phone_room__P08VGHTA.mp4,ok,0,,4.44
DFD,train,fake,0,DFD_manipulated_sequences/DFD_manipulated_sequences/03_11__kitchen_pan__P08VGHTA.mp4,ok,0,,4.33
DFD,train,fake,0,DFD_manipulated_sequences/DFD_manipulated_sequences/03_11__kitchen_still__P08VGHTA.mp4,ok,0,,8.4
DFD,train,fake,0,DFD_manipulated_sequences/DFD_manipulated_sequences/03_11__outside_talking_pan_laughing__P08VGHTA.mp4,ok,0,,5.88
DFD,train,fake,0,DFD_manipulated_sequences/DFD_manipulated_sequences/03_11__outside_talking_still_laughing__P08VGHTA.mp4,ok,0,,6.8
DFD,train,fake,0,DFD_manipulated_sequences/DFD_manipulated_sequences/03_11__podium_speech_happy__P08VGHTA.mp4,ok,0,,6.98
DFD,train,fake,0,DFD_manipulated_sequences/DFD_manipulated_sequences/03_11__talking_against_wall__P08VGHTA.mp4,ok,0,,5.3
DFD,train,fake,0,DFD_manipulated_sequences/DFD_manipulated_sequences/03_11__talking_against_wall__VLCLB0AU.mp4,ok,0,,6.81
DFD,train,fake,0,DFD_manipulated_sequences/DFD_manipulated_sequences/03_11__walk_down_hall_angry__P08VGHTA.mp4,ok,0,,4.04
DFD,train,fake,0,DFD_manipulated_sequences/DFD_manipulated_sequences/03_11__walking_and_outside_surprised__P08VGHTA.mp4,ok,0,,8.09
DFD,train,fake,0,DFD_manipulated_sequences/DFD_manipulated_sequences/03_11__walking_down_indoor_hall_disgust__P08VGHTA.mp4,ok,0,,8.88
DFD,train,fake,0,DFD_manipulated_sequences/DFD_manipulated_sequences/03_11__walking_outside_cafe_disgusted__P08VGHTA.mp4,ok,0,,4.87
DFD,train,fake,0,DFD_manipulated_sequences/DFD_manipulated_sequences/03_11__walking_outside_cafe_disgusted__VLCLB0AU.mp4,ok,0,,4.13
DFD,train,fake,0,DFD_manipulated_sequences/DFD_manipulated_sequences/03_12__exit_phone_room__D7G6YJON.mp4,ok,0,,4.66
DFD,train,fake,0,DFD_manipulated_sequences/DFD_manipulated_sequences/03_12__kitchen_pan__D7G6YJON.mp4,ok,0,,4.69
DFD,train,fake,0,DFD_manipulated_sequences/DFD_manipulated_sequences/03_12__outside_talking_still_laughing__D7G6YJON.mp4,ok,0,,6.54
DFD,train,fake,0,DFD_manipulated_sequences/DFD_manipulated_sequences/03_12__walk_down_hall_angry__D7G6YJON.mp4,ok,0,,3.82
DFD,train,fake,0,DFD_manipulated_sequences/DFD_manipulated_sequences/03_12__walking_outside_cafe_disgusted__D7G6YJON.mp4,ok,0,,4.94
DFD,train,fake,0,DFD_manipulated_sequences/DFD_manipulated_sequences/03_13__exit_phone_room__GBYWJW06.mp4,ok,0,,3.73
DFD,train,fake,0,DFD_manipulated_sequences/DFD_manipulated_sequences/03_13__hugging_happy__GBYWJW06.mp4,ok,0,,8.26
DFD,train,fake,0,DFD_manipulated_sequences/DFD_manipulated_sequences/03_13__kitchen_pan__GBYWJW06.mp4,ok,0,,5.63
DFD,train,fake,0,DFD_manipulated_sequences/DFD_manipulated_sequences/03_13__kitchen_still__T3MZOI8X.mp4,ok,0,,7.63
DFD,train,fake,0,DFD_manipulated_sequences/DFD_manipulated_sequences/03_13__meeting_serious__GBYWJW06.mp4,ok,0,,7.3
DFD,train,fake,0,DFD_manipulated_sequences/DFD_manipulated_sequences/03_13__meeting_serious__T3MZOI8X.mp4,ok,0,,7.27
DFD,train,fake,0,DFD_manipulated_sequences/DFD_manipulated_sequences/03_13__outside_talking_still_laughing__GBYWJW06.mp4,ok,0,,7.46
DFD,train,fake,0,DFD_manipulated_sequences/DFD_manipulated_sequences/03_13__secret_conversation__GBYWJW06.mp4,ok,0,,7.12
DFD,train,fake,0,DFD_manipulated_sequences/DFD_manipulated_sequences/03_13__talking_against_wall__GBYWJW06.mp4,ok,0,,6.96
DFD,train,fake,0,DFD_manipulated_sequences/DFD_manipulated_sequences/03_13__talking_angry_couch__GBYWJW06.mp4,ok,0,,12.1
DFD,train,fake,0,DFD_manipulated_sequences/DFD_manipulated_sequences/03_13__walking_down_indoor_hall_disgust__GBYWJW06.mp4,ok,0,,13.95
DFD,train,fake,0,DFD_manipulated_sequences/DFD_manipulated_sequences/03_13__walking_outside_cafe_disgusted__GBYWJW06.mp4,ok,0,,5.78
DFD,train,fake,0,DFD_manipulated_sequences/DFD_manipulated_sequences/03_14__exit_phone_room__0O9TTCJT.mp4,ok,0,,4.99
DFD,train,fake,0,DFD_manipulated_sequences/DFD_manipulated_sequences/03_14__exit_phone_room__H0VQHGS3.mp4,ok,0,,4.59
DFD,train,fake,0,DFD_manipulated_sequences/DFD_manipulated_sequences/03_14__exit_phone_room__KJ221YN0.mp4,ok,0,,4.25
DFD,train,fake,0,DFD_manipulated_sequences/DFD_manipulated_sequences/03_14__kitchen_pan__38OVCK3X.mp4,ok,0,,5.11
DFD,train,fake,0,DFD_manipulated_sequences/DFD_manipulated_sequences/03_14__kitchen_pan__B1CG25H1.mp4,ok,0,,4.5
DFD,train,fake,0,DFD_manipulated_sequences/DFD_manipulated_sequences/03_14__kitchen_pan__ZC2KYASW.mp4,ok,0,,4.94
DFD,train,fake,0,DFD_manipulated_sequences/DFD_manipulated_sequences/03_14__kitchen_still__Q9NSXM88.mp4,ok,0,,6.49
DFD,train,fake,0,DFD_manipulated_sequences/DFD_manipulated_sequences/03_14__meeting_serious__KJ221YN0.mp4,ok,0,,7.76
DFD,train,fake,0,DFD_manipulated_sequences/DFD_manipulated_sequences/03_14__meeting_serious__L0GHYIFS.mp4,ok,0,,7.3
DFD,train,fake,0,DFD_manipulated_sequences/DFD_manipulated_sequences/03_14__meeting_serious__PLCQJM81.mp4,ok,0,,7.18
DFD,train,fake,0,DFD_manipulated_sequences/DFD_manipulated_sequences/03_14__outside_talking_pan_laughing__0O9TTCJT.mp4,ok,0,,6.18
DFD,train,fake,0,DFD_manipulated_sequences/DFD_manipulated_sequences/03_14__outside_talking_still_laughing__KJ221YN0.mp4,ok,0,,6.6
DFD,train,fake,0,DFD_manipulated_sequences/DFD_manipulated_sequences/03_14__podium_speech_happy__7JPPCV50.mp4,ok,0,,6.53
DFD,train,fake,0,DFD_manipulated_sequences/DFD_manipulated_sequences/03_14__podium_speech_happy__Q9NSXM88.mp4,ok,0,,6.84
DFD,train,fake,0,DFD_manipulated_sequences/DFD_manipulated_sequences/03_14__secret_conversation__0O9TTCJT.mp4,ok,0,,2.1
DFD,train,fake,0,DFD_manipulated_sequences/DFD_manipulated_sequences/03_14__secret_conversation__KJ221YN0.mp4,ok,0,,35.64
DFD,train,fake,0,DFD_manipulated_sequences/DFD_manipulated_sequences/03_14__talking_against_wall__ZC2KYASW.mp4,ok,0,,36.7
DFD,train,fake,0,DFD_manipulated_sequences/DFD_manipulated_sequences/03_14__walk_down_hall_angry__P1L5PF4I.mp4,ok,0,,33.26
DFD,train,fake,0,DFD_manipulated_sequences/DFD_manipulated_sequences/03_14__walk_down_hall_angry__PLCQJM81.mp4,ok,0,,33.7
DFD,train,fake,0,DFD_manipulated_sequences/DFD_manipulated_sequences/03_14__walking_and_outside_surprised__H0VQHGS3.mp4,ok,0,,39.68
DFD,train,fake,0,DFD_manipulated_sequences/DFD_manipulated_sequences/03_14__walking_and_outside_surprised__P1L5PF4I.mp4,ok,0,,40.5
DFD,train,fake,0,DFD_manipulated_sequences/DFD_manipulated_sequences/03_14__walking_down_indoor_hall_disgust__KJ221YN0.mp4,ok,0,,41.78
DFD,train,fake,0,DFD_manipulated_sequences/DFD_manipulated_sequences/03_14__walking_down_street_outside_angry__H0VQHGS3.mp4,ok,0,,37.33
DFD,train,fake,0,DFD_manipulated_sequences/DFD_manipulated_sequences/03_14__walking_down_street_outside_angry__Q9NSXM88.mp4,ok,0,,36.43
DFD,train,fake,0,DFD_manipulated_sequences/DFD_manipulated_sequences/03_14__walking_outside_cafe_disgusted__PLCQJM81.mp4,ok,0,,34.52
DFD,train,fake,0,DFD_manipulated_sequences/DFD_manipulated_sequences/03_14__walking_outside_cafe_disgusted__ZC2KYASW.mp4,ok,0,,5.03
DFD,train,fake,0,DFD_manipulated_sequences/DFD_manipulated_sequences/03_15__exit_phone_room__5C1OMK8W.mp4,ok,0,,4.16
DFD,train,fake,0,DFD_manipulated_sequences/DFD_manipulated_sequences/03_15__exit_phone_room__GZNLO4X9.mp4,ok,0,,4.03
DFD,train,fake,0,DFD_manipulated_sequences/DFD_manipulated_sequences/03_15__exit_phone_room__OY4I7ZU8.mp4,ok,0,,3.47
DFD,train,fake,0,DFD_manipulated_sequences/DFD_manipulated_sequences/03_15__kitchen_pan__5C1OMK8W.mp4,ok,0,,4.33
DFD,train,fake,0,DFD_manipulated_sequences/DFD_manipulated_sequences/03_15__kitchen_pan__AIOM1U5V.mp4,ok,0,,3.75
DFD,train,fake,0,DFD_manipulated_sequences/DFD_manipulated_sequences/03_15__kitchen_pan__DNUJD8M2.mp4,ok,0,,4.21
DFD,train,fake,0,DFD_manipulated_sequences/DFD_manipulated_sequences/03_15__kitchen_still__AIOM1U5V.mp4,ok,0,,7.0
DFD,train,fake,0,DFD_manipulated_sequences/DFD_manipulated_sequences/03_15__kitchen_still__OY4I7ZU8.mp4,ok,0,,7.22
DFD,train,fake,0,DFD_manipulated_sequences/DFD_manipulated_sequences/03_15__meeting_serious__DNUJD8M2.mp4,ok,0,,5.86
DFD,train,fake,0,DFD_manipulated_sequences/DFD_manipulated_sequences/03_15__meeting_serious__OY4I7ZU8.mp4,ok,0,,6.3
DFD,train,fake,0,DFD_manipulated_sequences/DFD_manipulated_sequences/03_15__meeting_serious__Q14RO7M7.mp4,ok,0,,5.51
DFD,train,fake,0,DFD_manipulated_sequences/DFD_manipulated_sequences/03_15__outside_talking_pan_laughing__AIOM1U5V.mp4,ok,0,,4.95
DFD,train,fake,0,DFD_manipulated_sequences/DFD_manipulated_sequences/03_15__outside_talking_pan_laughing__GZNLO4X9.mp4,ok,0,,4.99
DFD,train,fake,0,DFD_manipulated_sequences/DFD_manipulated_sequences/03_15__outside_talking_pan_laughing__Y11NT1YX.mp4,ok,0,,5.07
DFD,train,fake,0,DFD_manipulated_sequences/DFD_manipulated_sequences/03_15__outside_talking_still_laughing__DNUJD8M2.mp4,ok,0,,5.99
DFD,train,fake,0,DFD_manipulated_sequences/DFD_manipulated_sequences/03_15__podium_speech_happy__DG8ITQO3.mp4,ok,0,,5.69
DFD,train,fake,0,DFD_manipulated_sequences/DFD_manipulated_sequences/03_15__podium_speech_happy__OY4I7ZU8.mp4,ok,0,,5.11
DFD,train,fake,0,DFD_manipulated_sequences/DFD_manipulated_sequences/03_15__secret_conversation__DG8ITQO3.mp4,ok,0,,0.9
DFD,train,fake,0,DFD_manipulated_sequences/DFD_manipulated_sequences/03_15__talking_angry_couch__5C1OMK8W.mp4,ok,0,,9.38
DFD,train,fake,0,DFD_manipulated_sequences/DFD_manipulated_sequences/03_15__walk_down_hall_angry__5C1OMK8W.mp4,ok,0,,3.31
DFD,train,fake,0,DFD_manipulated_sequences/DFD_manipulated_sequences/03_15__walk_down_hall_angry__T5SHH2UL.mp4,ok,0,,2.9
DFD,train,fake,0,DFD_manipulated_sequences/DFD_manipulated_sequences/03_15__walking_and_outside_surprised__OY4I7ZU8.mp4,ok,0,,6.79
DFD,train,fake,0,DFD_manipulated_sequences/DFD_manipulated_sequences/03_15__walking_down_indoor_hall_disgust__OY4I7ZU8.mp4,ok,0,,7.75
DFD,train,fake,0,DFD_manipulated_sequences/DFD_manipulated_sequences/03_15__walking_outside_cafe_disgusted__Y11NT1YX.mp4,ok,0,,4.1
DFD,train,fake,0,DFD_manipulated_sequences/DFD_manipulated_sequences/03_18__exit_phone_room__22UBC0BS.mp4,ok,0,,4.88
DFD,train,fake,0,DFD_manipulated_sequences/DFD_manipulated_sequences/03_18__exit_phone_room__32DBR8L4.mp4,ok,0,,3.85
DFD,train,fake,0,DFD_manipulated_sequences/DFD_manipulated_sequences/03_18__exit_phone_room__N72YE748.mp4,ok,0,,3.74
DFD,train,fake,0,DFD_manipulated_sequences/DFD_manipulated_sequences/03_18__kitchen_pan__22UBC0BS.mp4,ok,0,,3.84
DFD,train,fake,0,DFD_manipulated_sequences/DFD_manipulated_sequences/03_18__kitchen_still__22UBC0BS.mp4,ok,0,,6.22
DFD,train,fake,0,DFD_manipulated_sequences/DFD_manipulated_sequences/03_18__meeting_serious__N72YE748.mp4,ok,0,,5.98
DFD,train,fake,0,DFD_manipulated_sequences/DFD_manipulated_sequences/03_18__outside_talking_pan_laughing__22UBC0BS.mp4,ok,0,,5.31
DFD,train,fake,0,DFD_manipulated_sequences/DFD_manipulated_sequences/03_18__outside_talking_pan_laughing__32DBR8L4.mp4,ok,0,,5.65
DFD,train,fake,0,DFD_manipulated_sequences/DFD_manipulated_sequences/03_18__outside_talking_still_laughing__N72YE748.mp4,ok,0,,5.12
DFD,train,fake,0,DFD_manipulated_sequences/DFD_manipulated_sequences/03_18__podium_speech_happy__22UBC0BS.mp4,ok,0,,5.86
DFD,train,fake,0,DFD_manipulated_sequences/DFD_manipulated_sequences/03_18__secret_conversation__32DBR8L4.mp4,ok,0,,1.34
DFD,train,fake,0,DFD_manipulated_sequences/DFD_manipulated_sequences/03_18__secret_conversation__N72YE748.mp4,ok,0,,1.13
DFD,train,fake,0,DFD_manipulated_sequences/DFD_manipulated_sequences/03_18__talking_angry_couch__22UBC0BS.mp4,ok,0,,10.97
DFD,train,fake,0,DFD_manipulated_sequences/DFD_manipulated_sequences/03_18__walk_down_hall_angry__22UBC0BS.mp4,ok,0,,3.47
DFD,train,fake,0,DFD_manipulated_sequences/DFD_manipulated_sequences/03_18__walking_and_outside_surprised__22UBC0BS.mp4,ok,0,,9.3
DFD,train,fake,0,DFD_manipulated_sequences/DFD_manipulated_sequences/03_18__walking_and_outside_surprised__8HNSXOBW.mp4,ok,0,,7.57
DFD,train,fake,0,DFD_manipulated_sequences/DFD_manipulated_sequences/03_18__walking_down_indoor_hall_disgust__UEC1BI8E.mp4,ok,0,,12.35
DFD,train,fake,0,DFD_manipulated_sequences/DFD_manipulated_sequences/03_18__walking_down_street_outside_angry__22UBC0BS.mp4,ok,0,,6.67
DFD,train,fake,0,DFD_manipulated_sequences/DFD_manipulated_sequences/03_18__walking_outside_cafe_disgusted__22UBC0BS.mp4,ok,0,,5.1
DFD,train,fake,0,DFD_manipulated_sequences/DFD_manipulated_sequences/03_18__walking_outside_cafe_disgusted__UEC1BI8E.mp4,ok,0,,5.16
DFD,train,fake,0,DFD_manipulated_sequences/DFD_manipulated_sequences/03_20__kitchen_still__Z6V05FXO.mp4,ok,0,,7.13
DFD,train,fake,0,DFD_manipulated_sequences/DFD_manipulated_sequences/03_20__meeting_serious__61SVZ2J7.mp4,ok,0,,6.49
DFD,train,fake,0,DFD_manipulated_sequences/DFD_manipulated_sequences/03_20__outside_talking_pan_laughing__61SVZ2J7.mp4,ok,0,,5.21
DFD,train,fake,0,DFD_manipulated_sequences/DFD_manipulated_sequences/03_20__secret_conversation__61SVZ2J7.mp4,ok,0,,5.49
DFD,train,fake,0,DFD_manipulated_sequences/DFD_manipulated_sequences/03_20__talking_against_wall__9NFWR304.mp4,ok,0,,5.59
DFD,train,fake,0,DFD_manipulated_sequences/DFD_manipulated_sequences/03_20__talking_angry_couch__61SVZ2J7.mp4,ok,0,,9.64
DFD,train,fake,0,DFD_manipulated_sequences/DFD_manipulated_sequences/03_20__talking_angry_couch__9NFWR304.mp4,ok,0,,9.63
DFD,train,fake,0,DFD_manipulated_sequences/DFD_manipulated_sequences/03_20__walk_down_hall_angry__61SVZ2J7.mp4,ok,0,,4.04
DFD,train,fake,0,DFD_manipulated_sequences/DFD_manipulated_sequences/03_26__kitchen_pan__WBSXBL82.mp4,ok,0,,5.06
DFD,train,fake,0,DFD_manipulated_sequences/DFD_manipulated_sequences/03_26__kitchen_still__WBSXBL82.mp4,ok,0,,6.65
DFD,train,fake,0,DFD_manipulated_sequences/DFD_manipulated_sequences/03_26__meeting_serious__WBSXBL82.mp4,ok,0,,7.36
DFD,train,fake,0,DFD_manipulated_sequences/DFD_manipulated_sequences/03_26__outside_talking_pan_laughing__WBSXBL82.mp4,ok,0,,5.1
DFD,train,fake,0,DFD_manipulated_sequences/DFD_manipulated_sequences/03_26__podium_speech_happy__WBSXBL82.mp4,ok,0,,5.12
DFD,train,fake,0,DFD_manipulated_sequences/DFD_manipulated_sequences/03_26__talking_against_wall__WBSXBL82.mp4,ok,0,,4.44
DFD,train,fake,0,DFD_manipulated_sequences/DFD_manipulated_sequences/03_26__talking_angry_couch__WBSXBL82.mp4,ok,0,,10.81
DFD,train,fake,0,DFD_manipulated_sequences/DFD_manipulated_sequences/03_26__walk_down_hall_angry__WBSXBL82.mp4,ok,0,,3.47
DFD,train,fake,0,DFD_manipulated_sequences/DFD_manipulated_sequences/03_26__walking_outside_cafe_disgusted__WBSXBL82.mp4,ok,0,,5.3
DFD,train,fake,0,DFD_manipulated_sequences/DFD_manipulated_sequences/03_27__hugging_happy__72BPN7A1.mp4,ok,0,,5.88
DFD,train,fake,0,DFD_manipulated_sequences/DFD_manipulated_sequences/03_27__walk_down_hall_angry__IL675GCI.mp4,ok,0,,3.15
DFD,train,fake,0,DFD_manipulated_sequences/DFD_manipulated_sequences/03_27__walk_down_hall_angry__KWGI1LSZ.mp4,ok,0,,3.65
DFD,train,fake,0,DFD_manipulated_sequences/DFD_manipulated_sequences/03_27__walking_and_outside_surprised__KWGI1LSZ.mp4,ok,0,,9.56
DFD,train,fake,0,DFD_manipulated_sequences/DFD_manipulated_sequences/03_27__walking_down_indoor_hall_disgust__IL675GCI.mp4,ok,0,,10.37
DFD,test,fake,0,DFD_manipulated_sequences/DFD_manipulated_sequences/04_01__exit_phone_room__0XUW13RW.mp4,ok,0,,3.45
DFD,test,fake,0,DFD_manipulated_sequences/DFD_manipulated_sequences/04_01__kitchen_pan__GBC7ZGDP.mp4,ok,0,,3.52
DFD,test,fake,0,DFD_manipulated_sequences/DFD_manipulated_sequences/04_01__kitchen_still__6I623VU9.mp4,ok,0,,5.75
DFD,test,fake,0,DFD_manipulated_sequences/DFD_manipulated_sequences/04_01__kitchen_still__GBC7ZGDP.mp4,ok,0,,5.48
DFD,test,fake,0,DFD_manipulated_sequences/DFD_manipulated_sequences/04_01__outside_talking_still_laughing__0XUW13RW.mp4,ok,0,,5.55
DFD,test,fake,0,DFD_manipulated_sequences/DFD_manipulated_sequences/04_01__outside_talking_still_laughing__6I623VU9.mp4,ok,0,,5.07
DFD,test,fake,0,DFD_manipulated_sequences/DFD_manipulated_sequences/04_01__podium_speech_happy__0XUW13RW.mp4,ok,0,,5.65
DFD,test,fake,0,DFD_manipulated_sequences/DFD_manipulated_sequences/04_01__podium_speech_happy__6I623VU9.mp4,ok,0,,5.91
DFD,test,fake,0,DFD_manipulated_sequences/DFD_manipulated_sequences/04_01__podium_speech_happy__GBC7ZGDP.mp4,ok,0,,6.22
DFD,test,fake,0,DFD_manipulated_sequences/DFD_manipulated_sequences/04_01__secret_conversation__6I623VU9.mp4,ok,0,,5.14
DFD,test,fake,0,DFD_manipulated_sequences/DFD_manipulated_sequences/04_01__talking_angry_couch__0XUW13RW.mp4,ok,0,,12.01
DFD,test,fake,0,DFD_manipulated_sequences/DFD_manipulated_sequences/04_01__walk_down_hall_angry__0XUW13RW.mp4,ok,0,,2.17
DFD,test,fake,0,DFD_manipulated_sequences/DFD_manipulated_sequences/04_01__walk_down_hall_angry__GBC7ZGDP.mp4,ok,0,,2.13
DFD,test,fake,0,DFD_manipulated_sequences/DFD_manipulated_sequences/04_01__walking_down_street_outside_angry__0XUW13RW.mp4,ok,0,,3.14
DFD,test,fake,0,DFD_manipulated_sequences/DFD_manipulated_sequences/04_01__walking_down_street_outside_angry__GBC7ZGDP.mp4,ok,0,,3.3
DFD,test,fake,0,DFD_manipulated_sequences/DFD_manipulated_sequences/04_01__walking_outside_cafe_disgusted__0XUW13RW.mp4,ok,0,,3.03
DFD,test,fake,0,DFD_manipulated_sequences/DFD_manipulated_sequences/04_21__kitchen_still__HY1VWEJK.mp4,ok,0,,6.14
DFD,test,fake,0,DFD_manipulated_sequences/DFD_manipulated_sequences/04_21__outside_talking_pan_laughing__NRI4PHWP.mp4,ok,0,,5.6
DFD,test,fake,0,DFD_manipulated_sequences/DFD_manipulated_sequences/04_21__outside_talking_pan_laughing__PRCQUMY8.mp4,ok,0,,6.0
DFD,test,fake,0,DFD_manipulated_sequences/DFD_manipulated_sequences/04_21__outside_talking_still_laughing__5Y31RZP8.mp4,ok,0,,6.82
DFD,test,fake,0,DFD_manipulated_sequences/DFD_manipulated_sequences/04_21__secret_conversation__PRCQUMY8.mp4,ok,0,,7.68
DFD,test,fake,0,DFD_manipulated_sequences/DFD_manipulated_sequences/04_21__talking_against_wall__NRI4PHWP.mp4,ok,0,,6.43
DFD,test,fake,0,DFD_manipulated_sequences/DFD_manipulated_sequences/04_21__talking_angry_couch__5Y31RZP8.mp4,ok,0,,11.74
DFD,test,fake,0,DFD_manipulated_sequences/DFD_manipulated_sequences/04_21__walking_down_street_outside_angry__5Y31RZP8.mp4,ok,0,,4.84
DFD,val,fake,0,DFD_manipulated_sequences/DFD_manipulated_sequences/05_08__exit_phone_room__YN1Q9TER.mp4,ok,0,,5.22
DFD,val,fake,0,DFD_manipulated_sequences/DFD_manipulated_sequences/05_08__hugging_happy__FBICSP2C.mp4,ok,0,,7.13
DFD,val,fake,0,DFD_manipulated_sequences/DFD_manipulated_sequences/05_08__kitchen_pan__BGI70HJ5.mp4,ok,0,,6.18
DFD,val,fake,0,DFD_manipulated_sequences/DFD_manipulated_sequences/05_08__kitchen_still__LVIZ2X8P.mp4,ok,0,,7.07
DFD,val,fake,0,DFD_manipulated_sequences/DFD_manipulated_sequences/05_08__outside_talking_pan_laughing__FBICSP2C.mp4,ok,0,,6.34
DFD,val,fake,0,DFD_manipulated_sequences/DFD_manipulated_sequences/05_08__talking_against_wall__BGI70HJ5.mp4,ok,0,,6.01
DFD,val,fake,0,DFD_manipulated_sequences/DFD_manipulated_sequences/05_08__talking_against_wall__PRBCE28Z.mp4,ok,0,,5.82
DFD,val,fake,0,DFD_manipulated_sequences/DFD_manipulated_sequences/05_08__walk_down_hall_angry__PRBCE28Z.mp4,ok,0,,4.79
DFD,val,fake,0,DFD_manipulated_sequences/DFD_manipulated_sequences/05_08__walk_down_hall_angry__UNN7ZGKO.mp4,ok,0,,4.32
DFD,train,fake,0,DFD_manipulated_sequences/DFD_manipulated_sequences/06_02__exit_phone_room__3J3BHSHI.mp4,ok,0,,3.37
DFD,train,fake,0,DFD_manipulated_sequences/DFD_manipulated_sequences/06_02__exit_phone_room__J1W9R0NG.mp4,ok,0,,2.13
DFD,train,fake,0,DFD_manipulated_sequences/DFD_manipulated_sequences/06_02__exit_phone_room__SU4OQCS9.mp4,ok,0,,2.53
DFD,train,fake,0,DFD_manipulated_sequences/DFD_manipulated_sequences/06_02__kitchen_pan__O9WOC1KJ.mp4,ok,0,,5.55
DFD,train,fake,0,DFD_manipulated_sequences/DFD_manipulated_sequences/06_02__outside_talking_still_laughing__HZAXM70B.mp4,ok,0,,5.61
DFD,train,fake,0,DFD_manipulated_sequences/DFD_manipulated_sequences/06_02__podium_speech_happy__N8OSN8P6.mp4,ok,0,,8.74
DFD,train,fake,0,DFD_manipulated_sequences/DFD_manipulated_sequences/06_02__talking_against_wall__GH8TGTBS.mp4,ok,0,,6.64
DFD,train,fake,0,DFD_manipulated_sequences/DFD_manipulated_sequences/06_02__talking_against_wall__MKZTXQ2T.mp4,ok,0,,6.1
DFD,train,fake,0,DFD_manipulated_sequences/DFD_manipulated_sequences/06_02__talking_against_wall__SU4OQCS9.mp4,ok,0,,5.9
DFD,train,fake,0,DFD_manipulated_sequences/DFD_manipulated_sequences/06_02__talking_angry_couch__J1W9R0NG.mp4,ok,0,,9.5
DFD,train,fake,0,DFD_manipulated_sequences/DFD_manipulated_sequences/06_02__talking_angry_couch__U6MDWIHG.mp4,ok,0,,9.61
DFD,train,fake,0,DFD_manipulated_sequences/DFD_manipulated_sequences/06_02__walk_down_hall_angry__37DH75GQ.mp4,ok,0,,3.97
DFD,train,fake,0,DFD_manipulated_sequences/DFD_manipulated_sequences/06_02__walking_and_outside_surprised__MKZTXQ2T.mp4,ok,0,,9.8
DFD,train,fake,0,DFD_manipulated_sequences/DFD_manipulated_sequences/06_02__walking_and_outside_surprised__O9WOC1KJ.mp4,ok,0,,9.12
DFD,train,fake,0,DFD_manipulated_sequences/DFD_manipulated_sequences/06_02__walking_down_indoor_hall_disgust__GH8TGTBS.mp4,ok,0,,10.82
DFD,train,fake,0,DFD_manipulated_sequences/DFD_manipulated_sequences/06_02__walking_down_indoor_hall_disgust__U6MDWIHG.mp4,ok,0,,10.74
DFD,train,fake,0,DFD_manipulated_sequences/DFD_manipulated_sequences/06_02__walking_down_street_outside_angry__0M6JNS5D.mp4,ok,0,,4.94
DFD,train,fake,0,DFD_manipulated_sequences/DFD_manipulated_sequences/06_02__walking_down_street_outside_angry__37DH75GQ.mp4,ok,0,,4.7
DFD,train,fake,0,DFD_manipulated_sequences/DFD_manipulated_sequences/06_03__exit_phone_room__1IXGY2FK.mp4,ok,0,,2.27
DFD,train,fake,0,DFD_manipulated_sequences/DFD_manipulated_sequences/06_03__hugging_happy__1IXGY2FK.mp4,ok,0,,6.11
DFD,train,fake,0,DFD_manipulated_sequences/DFD_manipulated_sequences/06_03__hugging_happy__4I8LRXWF.mp4,ok,0,,6.3
DFD,train,fake,0,DFD_manipulated_sequences/DFD_manipulated_sequences/06_03__kitchen_pan__1IXGY2FK.mp4,ok,0,,5.37
DFD,train,fake,0,DFD_manipulated_sequences/DFD_manipulated_sequences/06_03__kitchen_pan__2XWC5JED.mp4,ok,0,,5.55
DFD,train,fake,0,DFD_manipulated_sequences/DFD_manipulated_sequences/06_03__kitchen_pan__KIWCEATU.mp4,ok,0,,5.32
DFD,train,fake,0,DFD_manipulated_sequences/DFD_manipulated_sequences/06_03__kitchen_still__1IXGY2FK.mp4,ok,0,,5.9
DFD,train,fake,0,DFD_manipulated_sequences/DFD_manipulated_sequences/06_03__outside_talking_still_laughing__ZFRX9RKW.mp4,ok,0,,4.67
DFD,train,fake,0,DFD_manipulated_sequences/DFD_manipulated_sequences/06_03__podium_speech_happy__1IXGY2FK.mp4,ok,0,,7.64
DFD,train,fake,0,DFD_manipulated_sequences/DFD_manipulated_sequences/06_03__talking_against_wall__1IXGY2FK.mp4,ok,0,,5.32
DFD,train,fake,0,DFD_manipulated_sequences/DFD_manipulated_sequences/06_03__talking_against_wall__4I8LRXWF.mp4,ok,0,,5.4
DFD,train,fake,0,DFD_manipulated_sequences/DFD_manipulated_sequences/06_03__talking_angry_couch__83ABVHC3.mp4,ok,0,,9.19
DFD,train,fake,0,DFD_manipulated_sequences/DFD_manipulated_sequences/06_03__walk_down_hall_angry__1IXGY2FK.mp4,ok,0,,2.53
DFD,train,fake,0,DFD_manipulated_sequences/DFD_manipulated_sequences/06_03__walking_down_indoor_hall_disgust__1IXGY2FK.mp4,ok,0,,11.24
DFD,train,fake,0,DFD_manipulated_sequences/DFD_manipulated_sequences/06_03__walking_down_indoor_hall_disgust__KIWCEATU.mp4,ok,0,,11.27
DFD,train,fake,0,DFD_manipulated_sequences/DFD_manipulated_sequences/06_03__walking_down_indoor_hall_disgust__OPTNKNYK.mp4,ok,0,,10.37
DFD,train,fake,0,DFD_manipulated_sequences/DFD_manipulated_sequences/06_03__walking_down_street_outside_angry__1IXGY2FK.mp4,ok,0,,4.18
DFD,train,fake,0,DFD_manipulated_sequences/DFD_manipulated_sequences/06_07__exit_phone_room__NMGYPBXE.mp4,ok,0,,3.04
DFD,train,fake,0,DFD_manipulated_sequences/DFD_manipulated_sequences/06_07__kitchen_pan__NMGYPBXE.mp4,ok,0,,5.37
DFD,train,fake,0,DFD_manipulated_sequences/DFD_manipulated_sequences/06_07__outside_talking_pan_laughing__NMGYPBXE.mp4,ok,0,,4.96
DFD,train,fake,0,DFD_manipulated_sequences/DFD_manipulated_sequences/06_07__outside_talking_still_laughing__NMGYPBXE.mp4,ok,0,,4.62
DFD,train,fake,0,DFD_manipulated_sequences/DFD_manipulated_sequences/06_07__podium_speech_happy__NMGYPBXE.mp4,ok,0,,7.37
DFD,train,fake,0,DFD_manipulated_sequences/DFD_manipulated_sequences/06_07__talking_against_wall__NMGYPBXE.mp4,ok,0,,4.8
DFD,train,fake,0,DFD_manipulated_sequences/DFD_manipulated_sequences/06_07__walking_down_street_outside_angry__NMGYPBXE.mp4,ok,0,,4.29
DFD,train,fake,0,DFD_manipulated_sequences/DFD_manipulated_sequences/06_07__walking_outside_cafe_disgusted__NMGYPBXE.mp4,ok,0,,3.54
DFD,train,fake,0,DFD_manipulated_sequences/DFD_manipulated_sequences/06_11__exit_phone_room__C8C4FW99.mp4,ok,0,,2.21
DFD,train,fake,0,DFD_manipulated_sequences/DFD_manipulated_sequences/06_11__hugging_happy__C8C4FW99.mp4,ok,0,,36.67
DFD,train,fake,0,DFD_manipulated_sequences/DFD_manipulated_sequences/06_11__kitchen_still__C8C4FW99.mp4,ok,0,,36.07
DFD,train,fake,0,DFD_manipulated_sequences/DFD_manipulated_sequences/06_11__outside_talking_pan_laughing__C8C4FW99.mp4,ok,0,,4.88
DFD,train,fake,0,DFD_manipulated_sequences/DFD_manipulated_sequences/06_11__outside_talking_pan_laughing__MX659QU8.mp4,ok,0,,4.42
DFD,train,fake,0,DFD_manipulated_sequences/DFD_manipulated_sequences/06_11__outside_talking_still_laughing__C8C4FW99.mp4,ok,0,,34.29
DFD,train,fake,0,DFD_manipulated_sequences/DFD_manipulated_sequences/06_11__outside_talking_still_laughing__MX659QU8.mp4,ok,0,,34.03
DFD,train,fake,0,DFD_manipulated_sequences/DFD_manipulated_sequences/06_11__talking_against_wall__C8C4FW99.mp4,ok,0,,34.96
DFD,train,fake,0,DFD_manipulated_sequences/DFD_manipulated_sequences/06_11__walking_and_outside_surprised__C8C4FW99.mp4,ok,0,,38.52
DFD,train,fake,0,DFD_manipulated_sequences/DFD_manipulated_sequences/06_11__walking_outside_cafe_disgusted__MX659QU8.mp4,ok,0,,3.29
DFD,train,fake,0,DFD_manipulated_sequences/DFD_manipulated_sequences/06_12__hugging_happy__3K21NFNM.mp4,ok,0,,36.28
DFD,train,fake,0,DFD_manipulated_sequences/DFD_manipulated_sequences/06_12__hugging_happy__F3I4PDYF.mp4,ok,0,,36.48
DFD,train,fake,0,DFD_manipulated_sequences/DFD_manipulated_sequences/06_12__outside_talking_pan_laughing__0VR4Y891.mp4,ok,0,,33.76
DFD,train,fake,0,DFD_manipulated_sequences/DFD_manipulated_sequences/06_12__outside_talking_pan_laughing__3K21NFNM.mp4,ok,0,,34.53
DFD,train,fake,0,DFD_manipulated_sequences/DFD_manipulated_sequences/06_12__outside_talking_still_laughing__3K21NFNM.mp4,ok,0,,5.43
DFD,train,fake,0,DFD_manipulated_sequences/DFD_manipulated_sequences/06_12__podium_speech_happy__0VR4Y891.mp4,ok,0,,9.85
DFD,train,fake,0,DFD_manipulated_sequences/DFD_manipulated_sequences/06_12__podium_speech_happy__3K21NFNM.mp4,ok,0,,9.8
DFD,train,fake,0,DFD_manipulated_sequences/DFD_manipulated_sequences/06_12__talking_against_wall__0VR4Y891.mp4,ok,0,,6.09
DFD,train,fake,0,DFD_manipulated_sequences/DFD_manipulated_sequences/06_12__talking_against_wall__3K21NFNM.mp4,ok,0,,6.05
DFD,train,fake,0,DFD_manipulated_sequences/DFD_manipulated_sequences/06_12__walk_down_hall_angry__3K21NFNM.mp4,ok,0,,2.94
DFD,train,fake,0,DFD_manipulated_sequences/DFD_manipulated_sequences/06_12__walking_and_outside_surprised__3K21NFNM.mp4,ok,0,,10.06
DFD,train,fake,0,DFD_manipulated_sequences/DFD_manipulated_sequences/06_12__walking_down_indoor_hall_disgust__3K21NFNM.mp4,ok,0,,13.66
DFD,train,fake,0,DFD_manipulated_sequences/DFD_manipulated_sequences/06_12__walking_down_street_outside_angry__3K21NFNM.mp4,ok,0,,4.81
DFD,train,fake,0,DFD_manipulated_sequences/DFD_manipulated_sequences/06_14__hugging_happy__8U9ULZDT.mp4,ok,0,,8.19
DFD,train,fake,0,DFD_manipulated_sequences/DFD_manipulated_sequences/06_14__kitchen_still__8U9ULZDT.mp4,ok,0,,7.43
DFD,train,fake,0,DFD_manipulated_sequences/DFD_manipulated_sequences/06_14__outside_talking_pan_laughing__8U9ULZDT.mp4,ok,0,,5.38
DFD,train,fake,0,DFD_manipulated_sequences/DFD_manipulated_sequences/06_14__outside_talking_still_laughing__8U9ULZDT.mp4,ok,0,,6.37
DFD,train,fake,0,DFD_manipulated_sequences/DFD_manipulated_sequences/06_14__podium_speech_happy__8U9ULZDT.mp4,ok,0,,10.95
DFD,train,fake,0,DFD_manipulated_sequences/DFD_manipulated_sequences/06_14__talking_angry_couch__8U9ULZDT.mp4,ok,0,,11.25
DFD,train,fake,0,DFD_manipulated_sequences/DFD_manipulated_sequences/06_14__walking_and_outside_surprised__8U9ULZDT.mp4,ok,0,,10.83
DFD,train,fake,0,DFD_manipulated_sequences/DFD_manipulated_sequences/06_14__walking_down_indoor_hall_disgust__8U9ULZDT.mp4,ok,0,,14.47
DFD,train,fake,0,DFD_manipulated_sequences/DFD_manipulated_sequences/06_15__exit_phone_room__QRCD27P8.mp4,ok,0,,3.57
DFD,train,fake,0,DFD_manipulated_sequences/DFD_manipulated_sequences/06_15__hugging_happy__QRCD27P8.mp4,ok,0,,7.67
DFD,train,fake,0,DFD_manipulated_sequences/DFD_manipulated_sequences/06_15__kitchen_pan__E98QYYXO.mp4,ok,0,,6.11
DFD,train,fake,0,DFD_manipulated_sequences/DFD_manipulated_sequences/06_15__kitchen_pan__QRCD27P8.mp4,ok,0,,7.43
DFD,train,fake,0,DFD_manipulated_sequences/DFD_manipulated_sequences/06_15__kitchen_still__QRCD27P8.mp4,ok,0,,7.72
DFD,train,fake,0,DFD_manipulated_sequences/DFD_manipulated_sequences/06_15__outside_talking_pan_laughing__QRCD27P8.mp4,ok,0,,6.07
DFD,train,fake,0,DFD_manipulated_sequences/DFD_manipulated_sequences/06_15__outside_talking_still_laughing__E98QYYXO.mp4,ok,0,,7.09
DFD,train,fake,0,DFD_manipulated_sequences/DFD_manipulated_sequences/06_15__outside_talking_still_laughing__QRCD27P8.mp4,ok,0,,5.55
DFD,train,fake,0,DFD_manipulated_sequences/DFD_manipulated_sequences/06_15__podium_speech_happy__QRCD27P8.mp4,ok,0,,8.21
DFD,train,fake,0,DFD_manipulated_sequences/DFD_manipulated_sequences/06_15__talking_against_wall__QRCD27P8.mp4,ok,0,,6.35
DFD,train,fake,0,DFD_manipulated_sequences/DFD_manipulated_sequences/06_15__walking_and_outside_surprised__QRCD27P8.mp4,ok,0,,8.31
DFD,train,fake,0,DFD_manipulated_sequences/DFD_manipulated_sequences/06_15__walking_down_indoor_hall_disgust__QRCD27P8.mp4,ok,0,,12.97
DFD,train,fake,0,DFD_manipulated_sequences/DFD_manipulated_sequences/06_15__walking_down_street_outside_angry__YDX3GHFS.mp4,ok,0,,5.3
DFD,train,fake,0,DFD_manipulated_sequences/DFD_manipulated_sequences/06_15__walking_outside_cafe_disgusted__QRCD27P8.mp4,ok,0,,3.66
DFD,train,fake,0,DFD_manipulated_sequences/DFD_manipulated_sequences/06_18__exit_phone_room__H9445M6R.mp4,ok,0,,3.07
DFD,train,fake,0,DFD_manipulated_sequences/DFD_manipulated_sequences/06_18__exit_phone_room__XJ76YU5A.mp4,ok,0,,3.26
DFD,train,fake,0,DFD_manipulated_sequences/DFD_manipulated_sequences/06_18__kitchen_pan__5HNHMK6G.mp4,ok,0,,6.28
DFD,train,fake,0,DFD_manipulated_sequences/DFD_manipulated_sequences/06_18__kitchen_pan__LH0KWJKM.mp4,ok,0,,5.78
DFD,train,fake,0,DFD_manipulated_sequences/DFD_manipulated_sequences/06_18__kitchen_pan__XJ76YU5A.mp4,ok,0,,5.34
DFD,train,fake,0,DFD_manipulated_sequences/DFD_manipulated_sequences/06_18__kitchen_still__XJ76YU5A.mp4,ok,0,,7.37
DFD,train,fake,0,DFD_manipulated_sequences/DFD_manipulated_sequences/06_18__outside_talking_pan_laughing__DEA1TCLN.mp4,ok,0,,5.43
DFD,train,fake,0,DFD_manipulated_sequences/DFD_manipulated_sequences/06_18__outside_talking_pan_laughing__MVXBDKGB.mp4,ok,0,,6.08
DFD,train,fake,0,DFD_manipulated_sequences/DFD_manipulated_sequences/06_18__outside_talking_pan_laughing__UIQG2RF4.mp4,ok,0,,5.94
DFD,train,fake,0,DFD_manipulated_sequences/DFD_manipulated_sequences/06_18__outside_talking_still_laughing__DEA1TCLN.mp4,ok,0,,6.11
DFD,train,fake,0,DFD_manipulated_sequences/DFD_manipulated_sequences/06_18__outside_talking_still_laughing__M36D0OJT.mp4,ok,0,,5.76
DFD,train,fake,0,DFD_manipulated_sequences/DFD_manipulated_sequences/06_18__podium_speech_happy__5HNHMK6G.mp4,ok,0,,9.46
DFD,train,fake,0,DFD_manipulated_sequences/DFD_manipulated_sequences/06_18__podium_speech_happy__DEA1TCLN.mp4,ok,0,,8.91
DFD,train,fake,0,DFD_manipulated_sequences/DFD_manipulated_sequences/06_18__talking_against_wall__DEA1TCLN.mp4,ok,0,,6.47
DFD,train,fake,0,DFD_manipulated_sequences/DFD_manipulated_sequences/06_18__talking_angry_couch__DEA1TCLN.mp4,ok,0,,10.65
DFD,train,fake,0,DFD_manipulated_sequences/DFD_manipulated_sequences/06_18__talking_angry_couch__H9445M6R.mp4,ok,0,,10.2
DFD,train,fake,0,DFD_manipulated_sequences/DFD_manipulated_sequences/06_18__walk_down_hall_angry__LH0KWJKM.mp4,ok,0,,3.79
DFD,train,fake,0,DFD_manipulated_sequences/DFD_manipulated_sequences/06_18__walk_down_hall_angry__OWJY9LQU.mp4,ok,0,,3.7
DFD,train,fake,0,DFD_manipulated_sequences/DFD_manipulated_sequences/06_18__walking_and_outside_surprised__MVXBDKGB.mp4,ok,0,,10.0
DFD,train,fake,0,DFD_manipulated_sequences/DFD_manipulated_sequences/06_18__walking_down_indoor_hall_disgust__DEA1TCLN.mp4,ok,0,,11.69
DFD,train,fake,0,DFD_manipulated_sequences/DFD_manipulated_sequences/06_18__walking_down_street_outside_angry__MVXBDKGB.mp4,ok,0,,5.86
DFD,train,fake,0,DFD_manipulated_sequences/DFD_manipulated_sequences/06_18__walking_outside_cafe_disgusted__DEA1TCLN.mp4,ok,0,,3.89
DFD,train,fake,0,DFD_manipulated_sequences/DFD_manipulated_sequences/06_18__walking_outside_cafe_disgusted__OWJY9LQU.mp4,ok,0,,4.02
DFD,train,fake,0,DFD_manipulated_sequences/DFD_manipulated_sequences/06_18__walking_outside_cafe_disgusted__S7S2XGDP.mp4,ok,0,,3.79
DFD,train,fake,0,DFD_manipulated_sequences/DFD_manipulated_sequences/06_20__hugging_happy__6SUW7063.mp4,ok,0,,7.73
DFD,train,fake,0,DFD_manipulated_sequences/DFD_manipulated_sequences/06_20__kitchen_pan__6SUW7063.mp4,ok,0,,6.95
DFD,train,fake,0,DFD_manipulated_sequences/DFD_manipulated_sequences/06_20__outside_talking_pan_laughing__6SUW7063.mp4,ok,0,,5.4
DFD,train,fake,0,DFD_manipulated_sequences/DFD_manipulated_sequences/06_20__podium_speech_happy__6SUW7063.mp4,ok,0,,8.76
DFD,train,fake,0,DFD_manipulated_sequences/DFD_manipulated_sequences/06_20__walk_down_hall_angry__6SUW7063.mp4,ok,0,,2.89
DFD,train,fake,0,DFD_manipulated_sequences/DFD_manipulated_sequences/06_25__exit_phone_room__MI9BDQ7M.mp4,ok,0,,2.88
DFD,train,fake,0,DFD_manipulated_sequences/DFD_manipulated_sequences/06_25__outside_talking_pan_laughing__3QQBVBYN.mp4,ok,0,,6.03
DFD,train,fake,0,DFD_manipulated_sequences/DFD_manipulated_sequences/06_25__outside_talking_pan_laughing__MI9BDQ7M.mp4,ok,0,,5.9
DFD,train,fake,0,DFD_manipulated_sequences/DFD_manipulated_sequences/06_25__outside_talking_still_laughing__3QQBVBYN.mp4,ok,0,,4.59
DFD,train,fake,0,DFD_manipulated_sequences/DFD_manipulated_sequences/06_25__outside_talking_still_laughing__MI9BDQ7M.mp4,ok,0,,5.12
DFD,train,fake,0,DFD_manipulated_sequences/DFD_manipulated_sequences/06_25__talking_angry_couch__MI9BDQ7M.mp4,ok,0,,10.01
DFD,train,fake,0,DFD_manipulated_sequences/DFD_manipulated_sequences/06_25__walk_down_hall_angry__3QQBVBYN.mp4,ok,0,,2.88
DFD,train,fake,0,DFD_manipulated_sequences/DFD_manipulated_sequences/06_25__walking_and_outside_surprised__3QQBVBYN.mp4,ok,0,,6.97
DFD,train,fake,0,DFD_manipulated_sequences/DFD_manipulated_sequences/06_25__walking_and_outside_surprised__MI9BDQ7M.mp4,ok,0,,9.21
DFD,train,fake,0,DFD_manipulated_sequences/DFD_manipulated_sequences/06_26__kitchen_pan__L5BVR5L9.mp4,ok,0,,6.31
DFD,train,fake,0,DFD_manipulated_sequences/DFD_manipulated_sequences/06_26__kitchen_still__L5BVR5L9.mp4,ok,0,,7.64
DFD,train,fake,0,DFD_manipulated_sequences/DFD_manipulated_sequences/06_26__outside_talking_still_laughing__L5BVR5L9.mp4,ok,0,,5.41
DFD,train,fake,0,DFD_manipulated_sequences/DFD_manipulated_sequences/06_26__podium_speech_happy__L5BVR5L9.mp4,ok,0,,9.73
DFD,train,fake,0,DFD_manipulated_sequences/DFD_manipulated_sequences/06_26__talking_against_wall__L5BVR5L9.mp4,ok,0,,5.97
DFD,train,fake,0,DFD_manipulated_sequences/DFD_manipulated_sequences/06_26__talking_angry_couch__L5BVR5L9.mp4,ok,0,,10.7
DFD,train,fake,0,DFD_manipulated_sequences/DFD_manipulated_sequences/06_26__walk_down_hall_angry__L5BVR5L9.mp4,ok,0,,4.3
DFD,train,fake,0,DFD_manipulated_sequences/DFD_manipulated_sequences/06_26__walking_down_street_outside_angry__L5BVR5L9.mp4,ok,0,,4.28
DFD,train,fake,0,DFD_manipulated_sequences/DFD_manipulated_sequences/06_26__walking_outside_cafe_disgusted__L5BVR5L9.mp4,ok,0,,3.79
DFD,train,fake,0,DFD_manipulated_sequences/DFD_manipulated_sequences/06_27__hugging_happy__S3T7SK9O.mp4,ok,0,,5.96
DFD,train,fake,0,DFD_manipulated_sequences/DFD_manipulated_sequences/06_27__outside_talking_pan_laughing__O7L5Z9U8.mp4,ok,0,,5.62
DFD,train,fake,0,DFD_manipulated_sequences/DFD_manipulated_sequences/06_27__outside_talking_still_laughing__SZWVBWY4.mp4,ok,0,,4.74
DFD,train,fake,0,DFD_manipulated_sequences/DFD_manipulated_sequences/06_27__talking_against_wall__S3T7SK9O.mp4,ok,0,,5.36
DFD,train,fake,0,DFD_manipulated_sequences/DFD_manipulated_sequences/06_27__talking_angry_couch__JOG5PB18.mp4,ok,0,,9.11
DFD,train,fake,0,DFD_manipulated_sequences/DFD_manipulated_sequences/06_27__walk_down_hall_angry__S3T7SK9O.mp4,ok,0,,3.51
DFD,train,fake,0,DFD_manipulated_sequences/DFD_manipulated_sequences/06_27__walking_and_outside_surprised__O7L5Z9U8.mp4,ok,0,,8.69
DFD,train,fake,0,DFD_manipulated_sequences/DFD_manipulated_sequences/06_27__walking_and_outside_surprised__SZWVBWY4.mp4,ok,0,,9.14
DFD,train,fake,0,DFD_manipulated_sequences/DFD_manipulated_sequences/06_27__walking_and_outside_surprised__VN14WY2N.mp4,ok,0,,9.03
DFD,train,fake,0,DFD_manipulated_sequences/DFD_manipulated_sequences/06_27__walking_down_street_outside_angry__S3T7SK9O.mp4,ok,0,,4.74
DFD,train,fake,0,DFD_manipulated_sequences/DFD_manipulated_sequences/06_27__walking_outside_cafe_disgusted__S3T7SK9O.mp4,ok,0,,3.2
DFD,train,fake,0,DFD_manipulated_sequences/DFD_manipulated_sequences/06_27__walking_outside_cafe_disgusted__VN14WY2N.mp4,ok,0,,2.67
DFD,train,fake,0,DFD_manipulated_sequences/DFD_manipulated_sequences/07_02__exit_phone_room__1JCLEEBQ.mp4,ok,0,,4.12
DFD,train,fake,0,DFD_manipulated_sequences/DFD_manipulated_sequences/07_02__exit_phone_room__1KPVZAAP.mp4,ok,0,,3.83
DFD,train,fake,0,DFD_manipulated_sequences/DFD_manipulated_sequences/07_02__exit_phone_room__9NVRE2KQ.mp4,ok,0,,3.91
DFD,train,fake,0,DFD_manipulated_sequences/DFD_manipulated_sequences/07_02__hugging_happy__1JCLEEBQ.mp4,ok,0,,6.12
DFD,train,fake,0,DFD_manipulated_sequences/DFD_manipulated_sequences/07_02__hugging_happy__O4SXNLRL.mp4,ok,0,,6.31
DFD,train,fake,0,DFD_manipulated_sequences/DFD_manipulated_sequences/07_02__kitchen_pan__34PVT42V.mp4,ok,0,,4.6
DFD,train,fake,0,DFD_manipulated_sequences/DFD_manipulated_sequences/07_02__kitchen_pan__O4SXNLRL.mp4,ok,0,,4.45
DFD,train,fake,0,DFD_manipulated_sequences/DFD_manipulated_sequences/07_02__kitchen_still__1ZE4HC06.mp4,ok,0,,5.68
DFD,train,fake,0,DFD_manipulated_sequences/DFD_manipulated_sequences/07_02__outside_talking_pan_laughing__0IYV5DQ5.mp4,ok,0,,6.15
DFD,train,fake,0,DFD_manipulated_sequences/DFD_manipulated_sequences/07_02__outside_talking_pan_laughing__1ZE4HC06.mp4,ok,0,,6.42
DFD,train,fake,0,DFD_manipulated_sequences/DFD_manipulated_sequences/07_02__outside_talking_pan_laughing__O4SXNLRL.mp4,ok,0,,6.94
DFD,train,fake,0,DFD_manipulated_sequences/DFD_manipulated_sequences/07_02__outside_talking_still_laughing__1ZE4HC06.mp4,ok,0,,6.9
DFD,train,fake,0,DFD_manipulated_sequences/DFD_manipulated_sequences/07_02__secret_conversation__1JCLEEBQ.mp4,ok,0,,5.69
DFD,train,fake,0,DFD_manipulated_sequences/DFD_manipulated_sequences/07_02__secret_conversation__U7DEOZNV.mp4,ok,0,,5.64
DFD,train,fake,0,DFD_manipulated_sequences/DFD_manipulated_sequences/07_02__talking_against_wall__34PVT42V.mp4,ok,0,,5.5
DFD,train,fake,0,DFD_manipulated_sequences/DFD_manipulated_sequences/07_02__talking_against_wall__O4SXNLRL.mp4,ok,0,,5.36
DFD,train,fake,0,DFD_manipulated_sequences/DFD_manipulated_sequences/07_02__talking_against_wall__U7DEOZNV.mp4,ok,0,,6.17
DFD,train,fake,0,DFD_manipulated_sequences/DFD_manipulated_sequences/07_02__talking_angry_couch__1H07DFQJ.mp4,ok,0,,13.23
DFD,train,fake,0,DFD_manipulated_sequences/DFD_manipulated_sequences/07_02__talking_angry_couch__1VMZUH1W.mp4,ok,0,,12.44
DFD,train,fake,0,DFD_manipulated_sequences/DFD_manipulated_sequences/07_02__walk_down_hall_angry__1JCLEEBQ.mp4,ok,0,,4.75
DFD,train,fake,0,DFD_manipulated_sequences/DFD_manipulated_sequences/07_02__walk_down_hall_angry__O4SXNLRL.mp4,ok,0,,4.62
DFD,train,fake,0,DFD_manipulated_sequences/DFD_manipulated_sequences/07_02__walk_down_hall_angry__U7DEOZNV.mp4,ok,0,,5.0
DFD,train,fake,0,DFD_manipulated_sequences/DFD_manipulated_sequences/07_02__walking_down_street_outside_angry__O4SXNLRL.mp4,ok,0,,4.72
DFD,train,fake,0,DFD_manipulated_sequences/DFD_manipulated_sequences/07_02__walking_down_street_outside_angry__UH60ROEK.mp4,ok,0,,4.73
DFD,train,fake,0,DFD_manipulated_sequences/DFD_manipulated_sequences/07_02__walking_outside_cafe_disgusted__1H07DFQJ.mp4,ok,0,,3.67
DFD,train,fake,0,DFD_manipulated_sequences/DFD_manipulated_sequences/07_03__exit_phone_room__6PHZRQ4H.mp4,ok,0,,4.68
DFD,train,fake,0,DFD_manipulated_sequences/DFD_manipulated_sequences/07_03__exit_phone_room__WPT3Z2KN.mp4,ok,0,,3.71
DFD,train,fake,0,DFD_manipulated_sequences/DFD_manipulated_sequences/07_03__hugging_happy__7NGMD8FT.mp4,ok,0,,6.62
DFD,train,fake,0,DFD_manipulated_sequences/DFD_manipulated_sequences/07_03__hugging_happy__BKLOCI1M.mp4,ok,0,,7.17
DFD,train,fake,0,DFD_manipulated_sequences/DFD_manipulated_sequences/07_03__hugging_happy__IFSURI9X.mp4,ok,0,,6.5
DFD,train,fake,0,DFD_manipulated_sequences/DFD_manipulated_sequences/07_03__hugging_happy__W3MXGEU9.mp4,ok,0,,6.14
DFD,train,fake,0,DFD_manipulated_sequences/DFD_manipulated_sequences/07_03__hugging_happy__WPT3Z2KN.mp4,ok,0,,6.1
DFD,train,fake,0,DFD_manipulated_sequences/DFD_manipulated_sequences/07_03__kitchen_pan__PWXXULHR.mp4,ok,0,,5.42
DFD,train,fake,0,DFD_manipulated_sequences/DFD_manipulated_sequences/07_03__kitchen_pan__WPT3Z2KN.mp4,ok,0,,5.71
DFD,train,fake,0,DFD_manipulated_sequences/DFD_manipulated_sequences/07_03__kitchen_still__BKLOCI1M.mp4,ok,0,,6.08
DFD,train,fake,0,DFD_manipulated_sequences/DFD_manipulated_sequences/07_03__kitchen_still__WPT3Z2KN.mp4,ok,0,,6.75
DFD,train,fake,0,DFD_manipulated_sequences/DFD_manipulated_sequences/07_03__outside_talking_pan_laughing__6PHZRQ4H.mp4,ok,0,,6.14
DFD,train,fake,0,DFD_manipulated_sequences/DFD_manipulated_sequences/07_03__outside_talking_pan_laughing__IFSURI9X.mp4,ok,0,,6.11
DFD,train,fake,0,DFD_manipulated_sequences/DFD_manipulated_sequences/07_03__outside_talking_still_laughing__7NGMD8FT.mp4,ok,0,,5.69
DFD,train,fake,0,DFD_manipulated_sequences/DFD_manipulated_sequences/07_03__outside_talking_still_laughing__F0YYEA5W.mp4,ok,0,,6.28
DFD,train,fake,0,DFD_manipulated_sequences/DFD_manipulated_sequences/07_03__outside_talking_still_laughing__IFSURI9X.mp4,ok,0,,5.71
DFD,train,fake,0,DFD_manipulated_sequences/DFD_manipulated_sequences/07_03__podium_speech_happy__6PHZRQ4H.mp4,ok,0,,8.02
DFD,train,fake,0,DFD_manipulated_sequences/DFD_manipulated_sequences/07_03__podium_speech_happy__CDSNLDQ8.mp4,ok,0,,8.63
DFD,train,fake,0,DFD_manipulated_sequences/DFD_manipulated_sequences/07_03__podium_speech_happy__IFSURI9X.mp4,ok,0,,7.95
DFD,train,fake,0,DFD_manipulated_sequences/DFD_manipulated_sequences/07_03__secret_conversation__IFSURI9X.mp4,ok,0,,5.42
DFD,train,fake,0,DFD_manipulated_sequences/DFD_manipulated_sequences/07_03__talking_against_wall__9NVYPOMN.mp4,ok,0,,5.18
DFD,train,fake,0,DFD_manipulated_sequences/DFD_manipulated_sequences/07_03__talking_against_wall__IFSURI9X.mp4,ok,0,,5.55
DFD,train,fake,0,DFD_manipulated_sequences/DFD_manipulated_sequences/07_03__talking_against_wall__PWXXULHR.mp4,ok,0,,5.9
DFD,train,fake,0,DFD_manipulated_sequences/DFD_manipulated_sequences/07_03__talking_against_wall__WPT3Z2KN.mp4,ok,0,,5.5
DFD,train,fake,0,DFD_manipulated_sequences/DFD_manipulated_sequences/07_03__talking_angry_couch__WPT3Z2KN.mp4,ok,0,,11.84
DFD,train,fake,0,DFD_manipulated_sequences/DFD_manipulated_sequences/07_03__walk_down_hall_angry__6PHZRQ4H.mp4,ok,0,,4.57
DFD,train,fake,0,DFD_manipulated_sequences/DFD_manipulated_sequences/07_03__walk_down_hall_angry__IFSURI9X.mp4,ok,0,,4.69
DFD,train,fake,0,DFD_manipulated_sequences/DFD_manipulated_sequences/07_03__walk_down_hall_angry__W3MXGEU9.mp4,ok,0,,3.67
DFD,train,fake,0,DFD_manipulated_sequences/DFD_manipulated_sequences/07_03__walking_down_street_outside_angry__CDSNLDQ8.mp4,ok,0,,5.35
DFD,train,fake,0,DFD_manipulated_sequences/DFD_manipulated_sequences/07_03__walking_down_street_outside_angry__PWXXULHR.mp4,ok,0,,4.28
DFD,train,fake,0,DFD_manipulated_sequences/DFD_manipulated_sequences/07_03__walking_outside_cafe_disgusted__6PHZRQ4H.mp4,ok,0,,4.68
DFD,train,fake,0,DFD_manipulated_sequences/DFD_manipulated_sequences/07_03__walking_outside_cafe_disgusted__F0YYEA5W.mp4,ok,0,,4.4
DFD,train,fake,0,DFD_manipulated_sequences/DFD_manipulated_sequences/07_03__walking_outside_cafe_disgusted__IFSURI9X.mp4,ok,0,,4.17
DFD,train,fake,0,DFD_manipulated_sequences/DFD_manipulated_sequences/07_03__walking_outside_cafe_disgusted__WPT3Z2KN.mp4,ok,0,,3.8
DFD,train,fake,0,DFD_manipulated_sequences/DFD_manipulated_sequences/07_06__exit_phone_room__NMGYPBXE.mp4,ok,0,,3.55
DFD,train,fake,0,DFD_manipulated_sequences/DFD_manipulated_sequences/07_06__kitchen_pan__NMGYPBXE.mp4,ok,0,,3.94
DFD,train,fake,0,DFD_manipulated_sequences/DFD_manipulated_sequences/07_06__outside_talking_pan_laughing__NMGYPBXE.mp4,ok,0,,6.25
DFD,train,fake,0,DFD_manipulated_sequences/DFD_manipulated_sequences/07_06__outside_talking_still_laughing__NMGYPBXE.mp4,ok,0,,6.61
DFD,train,fake,0,DFD_manipulated_sequences/DFD_manipulated_sequences/07_06__podium_speech_happy__NMGYPBXE.mp4,ok,0,,7.33
DFD,train,fake,0,DFD_manipulated_sequences/DFD_manipulated_sequences/07_06__talking_against_wall__NMGYPBXE.mp4,ok,0,,5.41
DFD,train,fake,0,DFD_manipulated_sequences/DFD_manipulated_sequences/07_06__walking_down_street_outside_angry__NMGYPBXE.mp4,ok,0,,4.03
DFD,train,fake,0,DFD_manipulated_sequences/DFD_manipulated_sequences/07_06__walking_outside_cafe_disgusted__NMGYPBXE.mp4,ok,0,,3.85
DFD,train,fake,0,DFD_manipulated_sequences/DFD_manipulated_sequences/07_11__exit_phone_room__PGC20QSY.mp4,ok,0,,3.51
DFD,train,fake,0,DFD_manipulated_sequences/DFD_manipulated_sequences/07_11__hugging_happy__R7R86Z62.mp4,ok,0,,6.31
DFD,train,fake,0,DFD_manipulated_sequences/DFD_manipulated_sequences/07_11__podium_speech_happy__PGC20QSY.mp4,ok,0,,7.11
DFD,train,fake,0,DFD_manipulated_sequences/DFD_manipulated_sequences/07_11__talking_angry_couch__PGC20QSY.mp4,ok,0,,10.09
DFD,train,fake,0,DFD_manipulated_sequences/DFD_manipulated_sequences/07_12__hugging_happy__X9X7FAZG.mp4,ok,0,,4.92
DFD,train,fake,0,DFD_manipulated_sequences/DFD_manipulated_sequences/07_12__kitchen_pan__88BSFG9O.mp4,ok,0,,2.99
DFD,train,fake,0,DFD_manipulated_sequences/DFD_manipulated_sequences/07_12__outside_talking_pan_laughing__0VN0A2T3.mp4,ok,0,,3.88
DFD,train,fake,0,DFD_manipulated_sequences/DFD_manipulated_sequences/07_12__outside_talking_pan_laughing__KAG65PEE.mp4,ok,0,,4.55
DFD,train,fake,0,DFD_manipulated_sequences/DFD_manipulated_sequences/07_12__outside_talking_still_laughing__0VN0A2T3.mp4,ok,0,,4.85
DFD,train,fake,0,DFD_manipulated_sequences/DFD_manipulated_sequences/07_12__outside_talking_still_laughing__KAG65PEE.mp4,ok,0,,5.47
DFD,train,fake,0,DFD_manipulated_sequences/DFD_manipulated_sequences/07_12__podium_speech_happy__KAG65PEE.mp4,ok,0,,5.88
DFD,train,fake,0,DFD_manipulated_sequences/DFD_manipulated_sequences/07_12__podium_speech_happy__X9X7FAZG.mp4,ok,0,,5.72
DFD,train,fake,0,DFD_manipulated_sequences/DFD_manipulated_sequences/07_12__secret_conversation__1MSOAVLL.mp4,ok,0,,1.69
DFD,train,fake,0,DFD_manipulated_sequences/DFD_manipulated_sequences/07_12__talking_against_wall__0VN0A2T3.mp4,ok,0,,2.37
DFD,train,fake,0,DFD_manipulated_sequences/DFD_manipulated_sequences/07_12__talking_angry_couch__88BSFG9O.mp4,ok,0,,7.71
DFD,train,fake,0,DFD_manipulated_sequences/DFD_manipulated_sequences/07_12__walk_down_hall_angry__KAG65PEE.mp4,ok,0,,3.73
DFD,train,fake,0,DFD_manipulated_sequences/DFD_manipulated_sequences/07_12__walking_down_street_outside_angry__0VN0A2T3.mp4,ok,0,,2.93
DFD,train,fake,0,DFD_manipulated_sequences/DFD_manipulated_sequences/07_12__walking_down_street_outside_angry__1MSOAVLL.mp4,ok,0,,4.07
DFD,train,fake,0,DFD_manipulated_sequences/DFD_manipulated_sequences/07_12__walking_outside_cafe_disgusted__KAG65PEE.mp4,ok,0,,2.72
DFD,train,fake,0,DFD_manipulated_sequences/DFD_manipulated_sequences/07_13__exit_phone_room__RVQCPCJF.mp4,ok,0,,3.03
DFD,train,fake,0,DFD_manipulated_sequences/DFD_manipulated_sequences/07_13__secret_conversation__RVQCPCJF.mp4,ok,0,,1.43
DFD,train,fake,0,DFD_manipulated_sequences/DFD_manipulated_sequences/07_13__walking_down_street_outside_angry__RVQCPCJF.mp4,ok,0,,3.75
DFD,train,fake,0,DFD_manipulated_sequences/DFD_manipulated_sequences/07_13__walking_outside_cafe_disgusted__RVQCPCJF.mp4,ok,0,,2.67
DFD,train,fake,0,DFD_manipulated_sequences/DFD_manipulated_sequences/07_14__exit_phone_room__P9QFO50U.mp4,ok,0,,2.72
DFD,train,fake,0,DFD_manipulated_sequences/DFD_manipulated_sequences/07_14__hugging_happy__P9QFO50U.mp4,ok,0,,3.84
DFD,train,fake,0,DFD_manipulated_sequences/DFD_manipulated_sequences/07_14__hugging_happy__VOX29AK0.mp4,ok,0,,5.11
DFD,train,fake,0,DFD_manipulated_sequences/DFD_manipulated_sequences/07_14__outside_talking_pan_laughing__P9QFO50U.mp4,ok,0,,5.29
DFD,train,fake,0,DFD_manipulated_sequences/DFD_manipulated_sequences/07_14__outside_talking_still_laughing__P9QFO50U.mp4,ok,0,,5.28
DFD,train,fake,0,DFD_manipulated_sequences/DFD_manipulated_sequences/07_14__podium_speech_happy__P9QFO50U.mp4,ok,0,,6.59
DFD,train,fake,0,DFD_manipulated_sequences/DFD_manipulated_sequences/07_14__podium_speech_happy__VOX29AK0.mp4,ok,0,,6.58
DFD,train,fake,0,DFD_manipulated_sequences/DFD_manipulated_sequences/07_14__secret_conversation__P9QFO50U.mp4,ok,0,,4.68
DFD,train,fake,0,DFD_manipulated_sequences/DFD_manipulated_sequences/07_14__talking_against_wall__P9QFO50U.mp4,ok,0,,4.7
DFD,train,fake,0,DFD_manipulated_sequences/DFD_manipulated_sequences/07_14__walk_down_hall_angry__P9QFO50U.mp4,ok,0,,3.48
DFD,train,fake,0,DFD_manipulated_sequences/DFD_manipulated_sequences/07_14__walking_down_street_outside_angry__VOX29AK0.mp4,ok,0,,3.9
DFD,train,fake,0,DFD_manipulated_sequences/DFD_manipulated_sequences/07_15__hugging_happy__9Z2MLKVX.mp4,ok,0,,5.1
DFD,train,fake,0,DFD_manipulated_sequences/DFD_manipulated_sequences/07_15__kitchen_still__9Z2MLKVX.mp4,ok,0,,6.18
DFD,train,fake,0,DFD_manipulated_sequences/DFD_manipulated_sequences/07_15__outside_talking_pan_laughing__UGGRZJ60.mp4,ok,0,,5.06
DFD,train,fake,0,DFD_manipulated_sequences/DFD_manipulated_sequences/07_15__outside_talking_still_laughing__KM6M2TBT.mp4,ok,0,,5.81
DFD,train,fake,0,DFD_manipulated_sequences/DFD_manipulated_sequences/07_15__talking_angry_couch__8MEZ98NR.mp4,ok,0,,10.59
DFD,train,fake,0,DFD_manipulated_sequences/DFD_manipulated_sequences/07_15__walk_down_hall_angry__9Z2MLKVX.mp4,ok,0,,3.21
DFD,train,fake,0,DFD_manipulated_sequences/DFD_manipulated_sequences/07_15__walk_down_hall_angry__KM6M2TBT.mp4,ok,0,,4.11
DFD,train,fake,0,DFD_manipulated_sequences/DFD_manipulated_sequences/07_15__walk_down_hall_angry__NYPO7U50.mp4,ok,0,,3.94
DFD,train,fake,0,DFD_manipulated_sequences/DFD_manipulated_sequences/07_15__walking_down_street_outside_angry__NYPO7U50.mp4,ok,0,,3.71
DFD,train,fake,0,DFD_manipulated_sequences/DFD_manipulated_sequences/07_20__outside_talking_pan_laughing__5VT4USF9.mp4,ok,0,,5.32
DFD,train,fake,0,DFD_manipulated_sequences/DFD_manipulated_sequences/07_20__outside_talking_pan_laughing__KV6Q7D6C.mp4,ok,0,,6.21
DFD,train,fake,0,DFD_manipulated_sequences/DFD_manipulated_sequences/07_20__talking_against_wall__KV6Q7D6C.mp4,ok,0,,5.14
DFD,train,fake,0,DFD_manipulated_sequences/DFD_manipulated_sequences/07_20__walk_down_hall_angry__KV6Q7D6C.mp4,ok,0,,4.02
DFD,train,fake,0,DFD_manipulated_sequences/DFD_manipulated_sequences/07_25__exit_phone_room__IKMKYKPG.mp4,ok,0,,3.15
DFD,train,fake,0,DFD_manipulated_sequences/DFD_manipulated_sequences/07_25__hugging_happy__IKMKYKPG.mp4,ok,0,,5.59
DFD,train,fake,0,DFD_manipulated_sequences/DFD_manipulated_sequences/07_25__outside_talking_pan_laughing__IKMKYKPG.mp4,ok,0,,4.4
DFD,train,fake,0,DFD_manipulated_sequences/DFD_manipulated_sequences/07_25__talking_angry_couch__LZYKF7LK.mp4,ok,0,,9.97
DFD,train,fake,0,DFD_manipulated_sequences/DFD_manipulated_sequences/07_25__walk_down_hall_angry__PAE9HCA8.mp4,ok,0,,3.44
DFD,train,fake,0,DFD_manipulated_sequences/DFD_manipulated_sequences/07_25__walking_down_street_outside_angry__IKMKYKPG.mp4,ok,0,,4.36
DFD,train,fake,0,DFD_manipulated_sequences/DFD_manipulated_sequences/07_25__walking_outside_cafe_disgusted__PAE9HCA8.mp4,ok,0,,2.79
DFD,train,fake,0,DFD_manipulated_sequences/DFD_manipulated_sequences/07_26__exit_phone_room__FGNGC2GT.mp4,ok,0,,3.16
DFD,train,fake,0,DFD_manipulated_sequences/DFD_manipulated_sequences/07_26__kitchen_pan__FGNGC2GT.mp4,ok,0,,3.74
DFD,train,fake,0,DFD_manipulated_sequences/DFD_manipulated_sequences/07_26__kitchen_still__FGNGC2GT.mp4,ok,0,,6.12
DFD,train,fake,0,DFD_manipulated_sequences/DFD_manipulated_sequences/07_26__outside_talking_pan_laughing__FGNGC2GT.mp4,ok,0,,4.83
DFD,train,fake,0,DFD_manipulated_sequences/DFD_manipulated_sequences/07_26__outside_talking_still_laughing__FGNGC2GT.mp4,ok,0,,5.32
DFD,train,fake,0,DFD_manipulated_sequences/DFD_manipulated_sequences/07_26__podium_speech_happy__FGNGC2GT.mp4,ok,0,,6.36
DFD,train,fake,0,DFD_manipulated_sequences/DFD_manipulated_sequences/07_26__talking_against_wall__FGNGC2GT.mp4,ok,0,,4.46
DFD,train,fake,0,DFD_manipulated_sequences/DFD_manipulated_sequences/07_26__walk_down_hall_angry__FGNGC2GT.mp4,ok,0,,4.09
DFD,train,fake,0,DFD_manipulated_sequences/DFD_manipulated_sequences/07_26__walking_down_street_outside_angry__FGNGC2GT.mp4,ok,0,,4.09
DFD,train,fake,0,DFD_manipulated_sequences/DFD_manipulated_sequences/07_27__kitchen_still__3RH5PR6S.mp4,ok,0,,5.55
DFD,train,fake,0,DFD_manipulated_sequences/DFD_manipulated_sequences/07_27__walking_down_street_outside_angry__3RH5PR6S.mp4,ok,0,,3.84
DFD,val,fake,0,DFD_manipulated_sequences/DFD_manipulated_sequences/08_05__exit_phone_room__BGI70HJ5.mp4,ok,0,,2.52
DFD,val,fake,0,DFD_manipulated_sequences/DFD_manipulated_sequences/08_05__exit_phone_room__UNN7ZGKO.mp4,ok,0,,2.25
DFD,val,fake,0,DFD_manipulated_sequences/DFD_manipulated_sequences/08_05__kitchen_still__LVIZ2X8P.mp4,ok,0,,5.33
DFD,val,fake,0,DFD_manipulated_sequences/DFD_manipulated_sequences/08_05__kitchen_still__UNN7ZGKO.mp4,ok,0,,5.16
DFD,val,fake,0,DFD_manipulated_sequences/DFD_manipulated_sequences/08_05__podium_speech_happy__PRBCE28Z.mp4,ok,0,,6.57
DFD,val,fake,0,DFD_manipulated_sequences/DFD_manipulated_sequences/08_05__walk_down_hall_angry__FBICSP2C.mp4,ok,0,,1.97
DFD,val,fake,0,DFD_manipulated_sequences/DFD_manipulated_sequences/08_05__walk_down_hall_angry__PRBCE28Z.mp4,ok,0,,1.84
DFD,val,fake,0,DFD_manipulated_sequences/DFD_manipulated_sequences/08_05__walk_down_hall_angry__YN1Q9TER.mp4,ok,0,,2.31
DFD,train,fake,0,DFD_manipulated_sequences/DFD_manipulated_sequences/10_19__exit_phone_room__BVVPN5D5.mp4,ok,0,,2.13
DFD,train,fake,0,DFD_manipulated_sequences/DFD_manipulated_sequences/10_19__exit_phone_room__O2IKR6YM.mp4,ok,0,,2.22
DFD,train,fake,0,DFD_manipulated_sequences/DFD_manipulated_sequences/10_19__kitchen_still__IDX76N5R.mp4,ok,0,,5.63
DFD,train,fake,0,DFD_manipulated_sequences/DFD_manipulated_sequences/10_19__outside_talking_still_laughing__O2IKR6YM.mp4,ok,0,,4.61
DFD,train,fake,0,DFD_manipulated_sequences/DFD_manipulated_sequences/10_19__podium_speech_happy__FFXB67PI.mp4,ok,0,,5.52
DFD,train,fake,0,DFD_manipulated_sequences/DFD_manipulated_sequences/10_19__talking_angry_couch__BVVPN5D5.mp4,ok,0,,8.19
DFD,train,fake,0,DFD_manipulated_sequences/DFD_manipulated_sequences/10_19__talking_angry_couch__QNZIMEJH.mp4,ok,0,,9.71
DFD,train,fake,0,DFD_manipulated_sequences/DFD_manipulated_sequences/10_19__walking_down_street_outside_angry__IDX76N5R.mp4,ok,0,,5.24
DFD,train,fake,0,DFD_manipulated_sequences/DFD_manipulated_sequences/10_19__walking_outside_cafe_disgusted__BVVPN5D5.mp4,ok,0,,6.09
DFD,train,fake,0,DFD_manipulated_sequences/DFD_manipulated_sequences/10_19__walking_outside_cafe_disgusted__FFXB67PI.mp4,ok,0,,5.9
DFD,train,fake,0,DFD_manipulated_sequences/DFD_manipulated_sequences/10_22__exit_phone_room__8YQ2EUQP.mp4,ok,0,,2.29
DFD,train,fake,0,DFD_manipulated_sequences/DFD_manipulated_sequences/10_22__exit_phone_room__C1U7OY5M.mp4,ok,0,,1.98
DFD,train,fake,0,DFD_manipulated_sequences/DFD_manipulated_sequences/10_22__exit_phone_room__G48B2EQ2.mp4,ok,0,,2.64
DFD,train,fake,0,DFD_manipulated_sequences/DFD_manipulated_sequences/10_22__kitchen_pan__EHARPYBT.mp4,ok,0,,4.69
DFD,train,fake,0,DFD_manipulated_sequences/DFD_manipulated_sequences/10_22__kitchen_pan__PUJR4HJ1.mp4,ok,0,,5.19
DFD,train,fake,0,DFD_manipulated_sequences/DFD_manipulated_sequences/10_22__kitchen_pan__X803B18R.mp4,ok,0,,4.43
DFD,train,fake,0,DFD_manipulated_sequences/DFD_manipulated_sequences/10_22__kitchen_still__1TXK09OY.mp4,ok,0,,4.92
DFD,train,fake,0,DFD_manipulated_sequences/DFD_manipulated_sequences/10_22__kitchen_still__8YQ2EUQP.mp4,ok,0,,5.38
DFD,train,fake,0,DFD_manipulated_sequences/DFD_manipulated_sequences/10_22__kitchen_still__EHARPYBT.mp4,ok,0,,6.8
DFD,train,fake,0,DFD_manipulated_sequences/DFD_manipulated_sequences/10_22__kitchen_still__J2HR5HKH.mp4,ok,0,,5.62
DFD,train,fake,0,DFD_manipulated_sequences/DFD_manipulated_sequences/10_22__outside_talking_pan_laughing__1TXK09OY.mp4,ok,0,,4.95
DFD,train,fake,0,DFD_manipulated_sequences/DFD_manipulated_sequences/10_22__outside_talking_pan_laughing__8YQ2EUQP.mp4,ok,0,,5.52
DFD,train,fake,0,DFD_manipulated_sequences/DFD_manipulated_sequences/10_22__outside_talking_pan_laughing__G48B2EQ2.mp4,ok,0,,6.09
DFD,train,fake,0,DFD_manipulated_sequences/DFD_manipulated_sequences/10_22__podium_speech_happy__EHARPYBT.mp4,ok,0,,6.41
DFD,train,fake,0,DFD_manipulated_sequences/DFD_manipulated_sequences/10_22__podium_speech_happy__X803B18R.mp4,ok,0,,6.87
DFD,train,fake,0,DFD_manipulated_sequences/DFD_manipulated_sequences/10_22__talking_angry_couch__FY7YI0AJ.mp4,ok,0,,9.79
DFD,train,fake,0,DFD_manipulated_sequences/DFD_manipulated_sequences/10_22__talking_angry_couch__X803B18R.mp4,ok,0,,9.67
DFD,train,fake,0,DFD_manipulated_sequences/DFD_manipulated_sequences/10_22__walk_down_hall_angry__C1U7OY5M.mp4,ok,0,,3.68
DFD,train,fake,0,DFD_manipulated_sequences/DFD_manipulated_sequences/10_22__walking_down_street_outside_angry__1TXK09OY.mp4,ok,0,,6.18
DFD,train,fake,0,DFD_manipulated_sequences/DFD_manipulated_sequences/10_22__walking_down_street_outside_angry__8YQ2EUQP.mp4,ok,0,,5.61
DFD,train,fake,0,DFD_manipulated_sequences/DFD_manipulated_sequences/10_22__walking_outside_cafe_disgusted__C1U7OY5M.mp4,ok,0,,5.77
DFD,train,fake,0,DFD_manipulated_sequences/DFD_manipulated_sequences/11_02__podium_speech_happy__NZJ1YEWE.mp4,ok,0,,7.39
DFD,train,fake,0,DFD_manipulated_sequences/DFD_manipulated_sequences/11_02__secret_conversation__NZJ1YEWE.mp4,ok,0,,1.48
DFD,train,fake,0,DFD_manipulated_sequences/DFD_manipulated_sequences/11_03__exit_phone_room__P08VGHTA.mp4,ok,0,,5.16
DFD,train,fake,0,DFD_manipulated_sequences/DFD_manipulated_sequences/11_03__kitchen_pan__P08VGHTA.mp4,ok,0,,4.95
DFD,train,fake,0,DFD_manipulated_sequences/DFD_manipulated_sequences/11_03__kitchen_still__P08VGHTA.mp4,ok,0,,6.22
DFD,train,fake,0,DFD_manipulated_sequences/DFD_manipulated_sequences/11_03__outside_talking_pan_laughing__P08VGHTA.mp4,ok,0,,4.71
DFD,train,fake,0,DFD_manipulated_sequences/DFD_manipulated_sequences/11_03__outside_talking_still_laughing__P08VGHTA.mp4,ok,0,,5.23
DFD,train,fake,0,DFD_manipulated_sequences/DFD_manipulated_sequences/11_03__podium_speech_happy__P08VGHTA.mp4,ok,0,,7.09
DFD,train,fake,0,DFD_manipulated_sequences/DFD_manipulated_sequences/11_03__talking_against_wall__P08VGHTA.mp4,ok,0,,5.66
DFD,train,fake,0,DFD_manipulated_sequences/DFD_manipulated_sequences/11_03__walk_down_hall_angry__P08VGHTA.mp4,ok,0,,3.83
DFD,train,fake,0,DFD_manipulated_sequences/DFD_manipulated_sequences/11_03__walking_outside_cafe_disgusted__P08VGHTA.mp4,ok,0,,5.37
DFD,train,fake,0,DFD_manipulated_sequences/DFD_manipulated_sequences/11_06__exit_phone_room__C8C4FW99.mp4,ok,0,,4.64
DFD,train,fake,0,DFD_manipulated_sequences/DFD_manipulated_sequences/11_06__kitchen_still__C8C4FW99.mp4,ok,0,,5.87
DFD,train,fake,0,DFD_manipulated_sequences/DFD_manipulated_sequences/11_06__outside_talking_pan_laughing__C8C4FW99.mp4,ok,0,,5.42
DFD,train,fake,0,DFD_manipulated_sequences/DFD_manipulated_sequences/11_06__outside_talking_pan_laughing__MX659QU8.mp4,ok,0,,5.5
DFD,train,fake,0,DFD_manipulated_sequences/DFD_manipulated_sequences/11_06__outside_talking_still_laughing__C8C4FW99.mp4,ok,0,,4.2
DFD,train,fake,0,DFD_manipulated_sequences/DFD_manipulated_sequences/11_06__outside_talking_still_laughing__MX659QU8.mp4,ok,0,,3.94
DFD,train,fake,0,DFD_manipulated_sequences/DFD_manipulated_sequences/11_06__secret_conversation__C8C4FW99.mp4,ok,0,,1.4
DFD,train,fake,0,DFD_manipulated_sequences/DFD_manipulated_sequences/11_06__talking_against_wall__C8C4FW99.mp4,ok,0,,36.72
DFD,train,fake,0,DFD_manipulated_sequences/DFD_manipulated_sequences/11_06__walking_outside_cafe_disgusted__MX659QU8.mp4,ok,0,,36.44
DFD,train,fake,0,DFD_manipulated_sequences/DFD_manipulated_sequences/11_07__exit_phone_room__PGC20QSY.mp4,ok,0,,35.46
DFD,train,fake,0,DFD_manipulated_sequences/DFD_manipulated_sequences/11_07__kitchen_pan__H1YF1M1B.mp4,ok,0,,36.03
DFD,train,fake,0,DFD_manipulated_sequences/DFD_manipulated_sequences/11_07__kitchen_still__H1YF1M1B.mp4,ok,0,,36.71
DFD,train,fake,0,DFD_manipulated_sequences/DFD_manipulated_sequences/11_07__kitchen_still__R7R86Z62.mp4,ok,0,,36.96
DFD,train,fake,0,DFD_manipulated_sequences/DFD_manipulated_sequences/11_07__podium_speech_happy__PGC20QSY.mp4,ok,0,,38.71
DFD,train,fake,0,DFD_manipulated_sequences/DFD_manipulated_sequences/11_07__talking_angry_couch__PGC20QSY.mp4,ok,0,,41.72
DFD,train,fake,0,DFD_manipulated_sequences/DFD_manipulated_sequences/11_12__secret_conversation__8NS148U7.mp4,ok,0,,1.08
DFD,train,fake,0,DFD_manipulated_sequences/DFD_manipulated_sequences/11_13__kitchen_pan__61T622EK.mp4,ok,0,,36.67
DFD,train,fake,0,DFD_manipulated_sequences/DFD_manipulated_sequences/11_13__kitchen_pan__XXKQ4XM0.mp4,ok,0,,35.57
DFD,train,fake,0,DFD_manipulated_sequences/DFD_manipulated_sequences/11_13__kitchen_still__61T622EK.mp4,ok,0,,5.53
DFD,train,fake,0,DFD_manipulated_sequences/DFD_manipulated_sequences/11_13__outside_talking_still_laughing__61T622EK.mp4,ok,0,,4.81
DFD,train,fake,0,DFD_manipulated_sequences/DFD_manipulated_sequences/11_13__outside_talking_still_laughing__XXKQ4XM0.mp4,ok,0,,4.73
DFD,train,fake,0,DFD_manipulated_sequences/DFD_manipulated_sequences/11_13__podium_speech_happy__XXKQ4XM0.mp4,ok,0,,7.4
DFD,train,fake,0,DFD_manipulated_sequences/DFD_manipulated_sequences/11_13__talking_against_wall__61T622EK.mp4,ok,0,,5.93
DFD,train,fake,0,DFD_manipulated_sequences/DFD_manipulated_sequences/11_13__talking_angry_couch__61T622EK.mp4,ok,0,,9.95
DFD,train,fake,0,DFD_manipulated_sequences/DFD_manipulated_sequences/11_18__kitchen_still__PT4YKO2R.mp4,ok,0,,5.5
DFD,train,fake,0,DFD_manipulated_sequences/DFD_manipulated_sequences/11_18__kitchen_still__TRJUIS24.mp4,ok,0,,6.0
DFD,train,fake,0,DFD_manipulated_sequences/DFD_manipulated_sequences/11_18__outside_talking_pan_laughing__KLKJ9FPE.mp4,ok,0,,5.67
DFD,train,fake,0,DFD_manipulated_sequences/DFD_manipulated_sequences/11_18__outside_talking_pan_laughing__PT4YKO2R.mp4,ok,0,,5.3
DFD,train,fake,0,DFD_manipulated_sequences/DFD_manipulated_sequences/11_18__podium_speech_happy__DBSWZLXL.mp4,ok,0,,7.64
DFD,train,fake,0,DFD_manipulated_sequences/DFD_manipulated_sequences/11_18__secret_conversation__JJ1YREUN.mp4,ok,0,,5.69
DFD,train,fake,0,DFD_manipulated_sequences/DFD_manipulated_sequences/11_18__secret_conversation__PT4YKO2R.mp4,ok,0,,1.81
DFD,train,fake,0,DFD_manipulated_sequences/DFD_manipulated_sequences/11_18__talking_against_wall__PT4YKO2R.mp4,ok,0,,5.37
DFD,train,fake,0,DFD_manipulated_sequences/DFD_manipulated_sequences/11_18__talking_angry_couch__JJ1YREUN.mp4,ok,0,,41.37
DFD,train,fake,0,DFD_manipulated_sequences/DFD_manipulated_sequences/11_18__walk_down_hall_angry__KLKJ9FPE.mp4,ok,0,,3.55
DFD,train,fake,0,DFD_manipulated_sequences/DFD_manipulated_sequences/11_18__walk_down_hall_angry__PT4YKO2R.mp4,ok,0,,2.68
DFD,train,fake,0,DFD_manipulated_sequences/DFD_manipulated_sequences/11_18__walking_down_street_outside_angry__PT4YKO2R.mp4,ok,0,,36.29
DFD,train,fake,0,DFD_manipulated_sequences/DFD_manipulated_sequences/11_18__walking_outside_cafe_disgusted__R1NMCHKG.mp4,ok,0,,35.39
DFD,train,fake,0,DFD_manipulated_sequences/DFD_manipulated_sequences/11_18__walking_outside_cafe_disgusted__TRJUIS24.mp4,ok,0,,35.14
DFD,train,fake,0,DFD_manipulated_sequences/DFD_manipulated_sequences/11_20__kitchen_still__GNK9UR8K.mp4,ok,0,,36.26
DFD,train,fake,0,DFD_manipulated_sequences/DFD_manipulated_sequences/11_20__outside_talking_still_laughing__GNK9UR8K.mp4,ok,0,,35.84
DFD,train,fake,0,DFD_manipulated_sequences/DFD_manipulated_sequences/11_20__secret_conversation__B2H95QXV.mp4,ok,0,,36.14
DFD,train,fake,0,DFD_manipulated_sequences/DFD_manipulated_sequences/11_20__walk_down_hall_angry__B2H95QXV.mp4,ok,0,,35.19
DFD,train,fake,0,DFD_manipulated_sequences/DFD_manipulated_sequences/11_20__walking_down_street_outside_angry__B2H95QXV.mp4,ok,0,,67.52
DFD,train,fake,0,DFD_manipulated_sequences/DFD_manipulated_sequences/11_25__podium_speech_happy__JX0SAMTC.mp4,ok,0,,69.33
DFD,train,fake,0,DFD_manipulated_sequences/DFD_manipulated_sequences/11_26__kitchen_pan__7C0VKV43.mp4,ok,0,,36.3
DFD,train,fake,0,DFD_manipulated_sequences/DFD_manipulated_sequences/11_26__kitchen_still__7C0VKV43.mp4,ok,0,,36.27
DFD,train,fake,0,DFD_manipulated_sequences/DFD_manipulated_sequences/11_26__outside_talking_pan_laughing__ALJ0OHNM.mp4,ok,0,,35.74
DFD,train,fake,0,DFD_manipulated_sequences/DFD_manipulated_sequences/11_26__outside_talking_still_laughing__ALJ0OHNM.mp4,ok,0,,34.74
DFD,train,fake,0,DFD_manipulated_sequences/DFD_manipulated_sequences/11_26__walk_down_hall_angry__7C0VKV43.mp4,ok,0,,35.38
DFD,train,fake,0,DFD_manipulated_sequences/DFD_manipulated_sequences/11_26__walking_outside_cafe_disgusted__ALJ0OHNM.mp4,ok,0,,35.01
DFD,train,fake,0,DFD_manipulated_sequences/DFD_manipulated_sequences/12_02__hugging_happy__9D2ZHEKW.mp4,ok,0,,37.79
DFD,train,fake,0,DFD_manipulated_sequences/DFD_manipulated_sequences/12_02__outside_talking_pan_laughing__9D2ZHEKW.mp4,ok,0,,36.67
DFD,train,fake,0,DFD_manipulated_sequences/DFD_manipulated_sequences/12_02__podium_speech_happy__9D2ZHEKW.mp4,ok,0,,8.1
DFD,train,fake,0,DFD_manipulated_sequences/DFD_manipulated_sequences/12_02__walking_and_outside_surprised__9D2ZHEKW.mp4,ok,0,,8.12
DFD,train,fake,0,DFD_manipulated_sequences/DFD_manipulated_sequences/12_03__exit_phone_room__D7G6YJON.mp4,ok,0,,6.27
DFD,train,fake,0,DFD_manipulated_sequences/DFD_manipulated_sequences/12_03__kitchen_pan__D7G6YJON.mp4,ok,0,,6.45
DFD,train,fake,0,DFD_manipulated_sequences/DFD_manipulated_sequences/12_03__outside_talking_still_laughing__D7G6YJON.mp4,ok,0,,6.84
DFD,train,fake,0,DFD_manipulated_sequences/DFD_manipulated_sequences/12_03__walk_down_hall_angry__D7G6YJON.mp4,ok,0,,4.3
DFD,train,fake,0,DFD_manipulated_sequences/DFD_manipulated_sequences/12_03__walking_outside_cafe_disgusted__D7G6YJON.mp4,ok,0,,5.7
DFD,train,fake,0,DFD_manipulated_sequences/DFD_manipulated_sequences/12_06__hugging_happy__3K21NFNM.mp4,ok,0,,9.24
DFD,train,fake,0,DFD_manipulated_sequences/DFD_manipulated_sequences/12_06__outside_talking_pan_laughing__0VR4Y891.mp4,ok,0,,7.93
DFD,train,fake,0,DFD_manipulated_sequences/DFD_manipulated_sequences/12_06__outside_talking_pan_laughing__3K21NFNM.mp4,ok,0,,7.55
DFD,train,fake,0,DFD_manipulated_sequences/DFD_manipulated_sequences/12_06__outside_talking_still_laughing__3K21NFNM.mp4,ok,0,,7.15
DFD,train,fake,0,DFD_manipulated_sequences/DFD_manipulated_sequences/12_06__podium_speech_happy__0VR4Y891.mp4,ok,0,,8.04
DFD,train,fake,0,DFD_manipulated_sequences/DFD_manipulated_sequences/12_06__podium_speech_happy__3K21NFNM.mp4,ok,0,,8.27
DFD,train,fake,0,DFD_manipulated_sequences/DFD_manipulated_sequences/12_06__secret_conversation__F3I4PDYF.mp4,ok,0,,0.87
DFD,train,fake,0,DFD_manipulated_sequences/DFD_manipulated_sequences/12_06__talking_against_wall__0VR4Y891.mp4,ok,0,,7.03
DFD,train,fake,0,DFD_manipulated_sequences/DFD_manipulated_sequences/12_06__talking_against_wall__3K21NFNM.mp4,ok,0,,6.88
DFD,train,fake,0,DFD_manipulated_sequences/DFD_manipulated_sequences/12_06__walk_down_hall_angry__3K21NFNM.mp4,ok,0,,3.88
DFD,train,fake,0,DFD_manipulated_sequences/DFD_manipulated_sequences/12_06__walking_and_outside_surprised__3K21NFNM.mp4,ok,0,,7.9
DFD,train,fake,0,DFD_manipulated_sequences/DFD_manipulated_sequences/12_06__walking_down_indoor_hall_disgust__3K21NFNM.mp4,ok,0,,42.38
DFD,train,fake,0,DFD_manipulated_sequences/DFD_manipulated_sequences/12_06__walking_down_street_outside_angry__3K21NFNM.mp4,ok,0,,4.99
DFD,train,fake,0,DFD_manipulated_sequences/DFD_manipulated_sequences/12_06__walking_down_street_outside_angry__F3I4PDYF.mp4,ok,0,,4.94
DFD,train,fake,0,DFD_manipulated_sequences/DFD_manipulated_sequences/12_07__kitchen_pan__1MSOAVLL.mp4,ok,0,,7.2
DFD,train,fake,0,DFD_manipulated_sequences/DFD_manipulated_sequences/12_07__outside_talking_pan_laughing__0VN0A2T3.mp4,ok,0,,7.18
DFD,train,fake,0,DFD_manipulated_sequences/DFD_manipulated_sequences/12_07__outside_talking_pan_laughing__KAG65PEE.mp4,ok,0,,37.52
DFD,train,fake,0,DFD_manipulated_sequences/DFD_manipulated_sequences/12_07__outside_talking_still_laughing__0VN0A2T3.mp4,ok,0,,36.31
DFD,train,fake,0,DFD_manipulated_sequences/DFD_manipulated_sequences/12_07__outside_talking_still_laughing__KAG65PEE.mp4,ok,0,,36.31
DFD,train,fake,0,DFD_manipulated_sequences/DFD_manipulated_sequences/12_07__podium_speech_happy__KAG65PEE.mp4,ok,0,,37.81
DFD,train,fake,0,DFD_manipulated_sequences/DFD_manipulated_sequences/12_07__secret_conversation__X9X7FAZG.mp4,ok,0,,35.78
DFD,train,fake,0,DFD_manipulated_sequences/DFD_manipulated_sequences/12_07__talking_against_wall__0VN0A2T3.mp4,ok,0,,36.33
DFD,train,fake,0,DFD_manipulated_sequences/DFD_manipulated_sequences/12_07__walk_down_hall_angry__KAG65PEE.mp4,ok,0,,33.52
DFD,train,fake,0,DFD_manipulated_sequences/DFD_manipulated_sequences/12_07__walking_and_outside_surprised__0VN0A2T3.mp4,ok,0,,37.33
DFD,train,fake,0,DFD_manipulated_sequences/DFD_manipulated_sequences/12_07__walking_and_outside_surprised__KAG65PEE.mp4,ok,0,,36.87
DFD,train,fake,0,DFD_manipulated_sequences/DFD_manipulated_sequences/12_07__walking_and_outside_surprised__X9X7FAZG.mp4,ok,0,,37.02
DFD,train,fake,0,DFD_manipulated_sequences/DFD_manipulated_sequences/12_07__walking_down_indoor_hall_disgust__KAG65PEE.mp4,ok,0,,41.52
DFD,train,fake,0,DFD_manipulated_sequences/DFD_manipulated_sequences/12_07__walking_down_street_outside_angry__0VN0A2T3.mp4,ok,0,,4.41
DFD,train,fake,0,DFD_manipulated_sequences/DFD_manipulated_sequences/12_07__walking_outside_cafe_disgusted__KAG65PEE.mp4,ok,0,,5.26
DFD,train,fake,0,DFD_manipulated_sequences/DFD_manipulated_sequences/12_11__podium_speech_happy__8NS148U7.mp4,ok,0,,37.58
DFD,train,fake,0,DFD_manipulated_sequences/DFD_manipulated_sequences/12_11__talking_against_wall__8NS148U7.mp4,ok,0,,36.08
DFD,train,fake,0,DFD_manipulated_sequences/DFD_manipulated_sequences/12_11__walking_outside_cafe_disgusted__8NS148U7.mp4,ok,0,,35.81
DFD,train,fake,0,DFD_manipulated_sequences/DFD_manipulated_sequences/12_13__kitchen_still__BFH4F0N8.mp4,ok,0,,35.98
DFD,train,fake,0,DFD_manipulated_sequences/DFD_manipulated_sequences/12_13__outside_talking_pan_laughing__2TM4IFSF.mp4,ok,0,,37.34
DFD,train,fake,0,DFD_manipulated_sequences/DFD_manipulated_sequences/12_13__outside_talking_still_laughing__2TM4IFSF.mp4,ok,0,,35.89
DFD,train,fake,0,DFD_manipulated_sequences/DFD_manipulated_sequences/12_13__outside_talking_still_laughing__N8IGC93J.mp4,ok,0,,65.78
DFD,train,fake,0,DFD_manipulated_sequences/DFD_manipulated_sequences/12_13__podium_speech_happy__2TM4IFSF.mp4,ok,0,,66.72
DFD,train,fake,0,DFD_manipulated_sequences/DFD_manipulated_sequences/12_13__podium_speech_happy__BFH4F0N8.mp4,ok,0,,37.16
DFD,train,fake,0,DFD_manipulated_sequences/DFD_manipulated_sequences/12_13__podium_speech_happy__N8IGC93J.mp4,ok,0,,36.19
DFD,train,fake,0,DFD_manipulated_sequences/DFD_manipulated_sequences/12_13__secret_conversation__2TM4IFSF.mp4,ok,0,,0.77
DFD,train,fake,0,DFD_manipulated_sequences/DFD_manipulated_sequences/12_13__secret_conversation__DJ7MF331.mp4,ok,0,,33.88
DFD,train,fake,0,DFD_manipulated_sequences/DFD_manipulated_sequences/12_13__talking_against_wall__2TM4IFSF.mp4,ok,0,,35.48
DFD,train,fake,0,DFD_manipulated_sequences/DFD_manipulated_sequences/12_13__talking_against_wall__O3SOWBCU.mp4,ok,0,,35.4
DFD,train,fake,0,DFD_manipulated_sequences/DFD_manipulated_sequences/12_13__talking_angry_couch__WCPCP2TD.mp4,ok,0,,38.05
DFD,train,fake,0,DFD_manipulated_sequences/DFD_manipulated_sequences/12_13__walk_down_hall_angry__6G44TDN4.mp4,ok,0,,32.82
DFD,train,fake,0,DFD_manipulated_sequences/DFD_manipulated_sequences/12_13__walk_down_hall_angry__N8IGC93J.mp4,ok,0,,32.06
DFD,train,fake,0,DFD_manipulated_sequences/DFD_manipulated_sequences/12_13__walking_and_outside_surprised__DJ7MF331.mp4,ok,0,,6.62
DFD,train,fake,0,DFD_manipulated_sequences/DFD_manipulated_sequences/12_13__walking_and_outside_surprised__Q442U52P.mp4,ok,0,,6.27
DFD,train,fake,0,DFD_manipulated_sequences/DFD_manipulated_sequences/12_13__walking_and_outside_surprised__SIA5P4HL.mp4,ok,0,,6.4
DFD,train,fake,0,DFD_manipulated_sequences/DFD_manipulated_sequences/12_13__walking_down_indoor_hall_disgust__2TM4IFSF.mp4,ok,0,,40.11
DFD,train,fake,0,DFD_manipulated_sequences/DFD_manipulated_sequences/12_13__walking_down_street_outside_angry__2TM4IFSF.mp4,ok,0,,3.88
DFD,train,fake,0,DFD_manipulated_sequences/DFD_manipulated_sequences/12_14__outside_talking_pan_laughing__Z7EWFA0P.mp4,ok,0,,6.67
DFD,train,fake,0,DFD_manipulated_sequences/DFD_manipulated_sequences/12_14__podium_speech_happy__Z7EWFA0P.mp4,ok,0,,5.99
DFD,train,fake,0,DFD_manipulated_sequences/DFD_manipulated_sequences/12_14__walk_down_hall_angry__Z7EWFA0P.mp4,ok,0,,3.16
DFD,train,fake,0,DFD_manipulated_sequences/DFD_manipulated_sequences/12_15__hugging_happy__N0SRODQD.mp4,ok,0,,37.33
DFD,train,fake,0,DFD_manipulated_sequences/DFD_manipulated_sequences/12_15__kitchen_pan__N0SRODQD.mp4,ok,0,,35.76
DFD,train,fake,0,DFD_manipulated_sequences/DFD_manipulated_sequences/12_15__kitchen_pan__RK17XFJ9.mp4,ok,0,,35.17
DFD,train,fake,0,DFD_manipulated_sequences/DFD_manipulated_sequences/12_15__kitchen_still__RK17XFJ9.mp4,ok,0,,35.58
DFD,train,fake,0,DFD_manipulated_sequences/DFD_manipulated_sequences/12_15__outside_talking_still_laughing__RK17XFJ9.mp4,ok,0,,35.9
DFD,train,fake,0,DFD_manipulated_sequences/DFD_manipulated_sequences/12_15__podium_speech_happy__N0SRODQD.mp4,ok,0,,37.39
DFD,train,fake,0,DFD_manipulated_sequences/DFD_manipulated_sequences/12_15__secret_conversation__N0SRODQD.mp4,ok,0,,0.85
DFD,train,fake,0,DFD_manipulated_sequences/DFD_manipulated_sequences/12_15__secret_conversation__RK17XFJ9.mp4,ok,0,,33.42
DFD,train,fake,0,DFD_manipulated_sequences/DFD_manipulated_sequences/12_15__talking_angry_couch__N0SRODQD.mp4,ok,0,,40.11
DFD,train,fake,0,DFD_manipulated_sequences/DFD_manipulated_sequences/12_15__talking_angry_couch__RK17XFJ9.mp4,ok,0,,39.83
DFD,train,fake,0,DFD_manipulated_sequences/DFD_manipulated_sequences/12_15__walk_down_hall_angry__N0SRODQD.mp4,ok,0,,4.42
DFD,train,fake,0,DFD_manipulated_sequences/DFD_manipulated_sequences/12_15__walking_and_outside_surprised__N0SRODQD.mp4,ok,0,,8.17
DFD,train,fake,0,DFD_manipulated_sequences/DFD_manipulated_sequences/12_15__walking_down_indoor_hall_disgust__N0SRODQD.mp4,ok,0,,10.12
DFD,train,fake,0,DFD_manipulated_sequences/DFD_manipulated_sequences/12_15__walking_down_indoor_hall_disgust__RK17XFJ9.mp4,ok,0,,11.53
DFD,train,fake,0,DFD_manipulated_sequences/DFD_manipulated_sequences/12_15__walking_down_street_outside_angry__N0SRODQD.mp4,ok,0,,5.01
DFD,train,fake,0,DFD_manipulated_sequences/DFD_manipulated_sequences/12_18__hugging_happy__IKH1LBBY.mp4,ok,0,,7.89
DFD,train,fake,0,DFD_manipulated_sequences/DFD_manipulated_sequences/12_18__outside_talking_pan_laughing__IKH1LBBY.mp4,ok,0,,7.34
DFD,train,fake,0,DFD_manipulated_sequences/DFD_manipulated_sequences/12_18__outside_talking_still_laughing__IKH1LBBY.mp4,ok,0,,6.0
DFD,train,fake,0,DFD_manipulated_sequences/DFD_manipulated_sequences/12_18__talking_against_wall__IKH1LBBY.mp4,ok,0,,5.44
DFD,train,fake,0,DFD_manipulated_sequences/DFD_manipulated_sequences/12_18__walking_and_outside_surprised__IKH1LBBY.mp4,ok,0,,6.54
DFD,train,fake,0,DFD_manipulated_sequences/DFD_manipulated_sequences/12_18__walking_outside_cafe_disgusted__IKH1LBBY.mp4,ok,0,,3.39
DFD,train,fake,0,DFD_manipulated_sequences/DFD_manipulated_sequences/12_20__kitchen_still__VD7BCF1U.mp4,ok,0,,4.8
DFD,train,fake,0,DFD_manipulated_sequences/DFD_manipulated_sequences/12_20__outside_talking_pan_laughing__GHPWDH3C.mp4,ok,0,,5.96
DFD,train,fake,0,DFD_manipulated_sequences/DFD_manipulated_sequences/12_20__secret_conversation__B0X1CGG2.mp4,ok,0,,0.68
DFD,train,fake,0,DFD_manipulated_sequences/DFD_manipulated_sequences/12_20__secret_conversation__VD7BCF1U.mp4,ok,0,,0.46
DFD,train,fake,0,DFD_manipulated_sequences/DFD_manipulated_sequences/12_20__talking_against_wall__GHPWDH3C.mp4,ok,0,,4.62
DFD,train,fake,0,DFD_manipulated_sequences/DFD_manipulated_sequences/12_20__walk_down_hall_angry__B0X1CGG2.mp4,ok,0,,3.18
DFD,train,fake,0,DFD_manipulated_sequences/DFD_manipulated_sequences/12_20__walking_outside_cafe_disgusted__B0X1CGG2.mp4,ok,0,,3.89
DFD,train,fake,0,DFD_manipulated_sequences/DFD_manipulated_sequences/12_25__podium_speech_happy__3PS32GAH.mp4,ok,0,,6.46
DFD,train,fake,0,DFD_manipulated_sequences/DFD_manipulated_sequences/12_25__podium_speech_happy__G26LG5N7.mp4,ok,0,,6.29
DFD,train,fake,0,DFD_manipulated_sequences/DFD_manipulated_sequences/12_25__walk_down_hall_angry__I2X1XTCC.mp4,ok,0,,3.07
DFD,train,fake,0,DFD_manipulated_sequences/DFD_manipulated_sequences/12_25__walking_and_outside_surprised__FQE07ND1.mp4,ok,0,,4.9
DFD,train,fake,0,DFD_manipulated_sequences/DFD_manipulated_sequences/12_25__walking_and_outside_surprised__G26LG5N7.mp4,ok,0,,6.54
DFD,train,fake,0,DFD_manipulated_sequences/DFD_manipulated_sequences/12_25__walking_down_indoor_hall_disgust__FQE07ND1.mp4,ok,0,,8.48
DFD,train,fake,0,DFD_manipulated_sequences/DFD_manipulated_sequences/12_25__walking_down_street_outside_angry__I2X1XTCC.mp4,ok,0,,3.59
DFD,train,fake,0,DFD_manipulated_sequences/DFD_manipulated_sequences/12_25__walking_outside_cafe_disgusted__0SA36BZ5.mp4,ok,0,,5.16
DFD,train,fake,0,DFD_manipulated_sequences/DFD_manipulated_sequences/12_25__walking_outside_cafe_disgusted__G26LG5N7.mp4,ok,0,,5.09
DFD,train,fake,0,DFD_manipulated_sequences/DFD_manipulated_sequences/12_25__walking_outside_cafe_disgusted__MA71PDNV.mp4,ok,0,,5.25
DFD,train,fake,0,DFD_manipulated_sequences/DFD_manipulated_sequences/12_26__exit_phone_room__HEKDCIHW.mp4,ok,0,,5.43
DFD,train,fake,0,DFD_manipulated_sequences/DFD_manipulated_sequences/12_26__kitchen_pan__HEKDCIHW.mp4,ok,0,,5.43
DFD,train,fake,0,DFD_manipulated_sequences/DFD_manipulated_sequences/12_26__outside_talking_still_laughing__OTKIGGFE.mp4,ok,0,,6.21
DFD,train,fake,0,DFD_manipulated_sequences/DFD_manipulated_sequences/12_26__podium_speech_happy__BFBNM8FR.mp4,ok,0,,6.8
DFD,train,fake,0,DFD_manipulated_sequences/DFD_manipulated_sequences/12_26__podium_speech_happy__FWFQ5YB8.mp4,ok,0,,6.66
DFD,train,fake,0,DFD_manipulated_sequences/DFD_manipulated_sequences/12_26__secret_conversation__LI63E4TS.mp4,ok,0,,4.11
DFD,train,fake,0,DFD_manipulated_sequences/DFD_manipulated_sequences/12_26__talking_against_wall__FWFQ5YB8.mp4,ok,0,,5.59
DFD,train,fake,0,DFD_manipulated_sequences/DFD_manipulated_sequences/12_26__talking_against_wall__OTKIGGFE.mp4,ok,0,,5.68
DFD,train,fake,0,DFD_manipulated_sequences/DFD_manipulated_sequences/12_26__talking_angry_couch__LI63E4TS.mp4,ok,0,,8.29
DFD,train,fake,0,DFD_manipulated_sequences/DFD_manipulated_sequences/12_26__walking_outside_cafe_disgusted__OTKIGGFE.mp4,ok,0,,4.81
DFD,train,fake,0,DFD_manipulated_sequences/DFD_manipulated_sequences/12_26__walking_outside_cafe_disgusted__OVOQACG8.mp4,ok,0,,4.95
DFD,train,fake,0,DFD_manipulated_sequences/DFD_manipulated_sequences/13_02__exit_phone_room__CP5HFV3K.mp4,ok,0,,3.66
DFD,train,fake,0,DFD_manipulated_sequences/DFD_manipulated_sequences/13_02__exit_phone_room__PLNVLO74.mp4,ok,0,,3.27
DFD,train,fake,0,DFD_manipulated_sequences/DFD_manipulated_sequences/13_02__hugging_happy__PLNVLO74.mp4,ok,0,,6.03
DFD,train,fake,0,DFD_manipulated_sequences/DFD_manipulated_sequences/13_02__kitchen_pan__2YSYT2N3.mp4,ok,0,,4.36
DFD,train,fake,0,DFD_manipulated_sequences/DFD_manipulated_sequences/13_02__kitchen_pan__CP5HFV3K.mp4,ok,0,,4.38
DFD,train,fake,0,DFD_manipulated_sequences/DFD_manipulated_sequences/13_02__kitchen_still__2YSYT2N3.mp4,ok,0,,4.51
DFD,train,fake,0,DFD_manipulated_sequences/DFD_manipulated_sequences/13_02__outside_talking_pan_laughing__0RKOCC6A.mp4,ok,0,,2.95
DFD,train,fake,0,DFD_manipulated_sequences/DFD_manipulated_sequences/13_02__outside_talking_pan_laughing__2YSYT2N3.mp4,ok,0,,4.15
DFD,train,fake,0,DFD_manipulated_sequences/DFD_manipulated_sequences/13_02__outside_talking_still_laughing__2YSYT2N3.mp4,ok,0,,4.36
DFD,train,fake,0,DFD_manipulated_sequences/DFD_manipulated_sequences/13_02__outside_talking_still_laughing__CP5HFV3K.mp4,ok,0,,4.34
DFD,train,fake,0,DFD_manipulated_sequences/DFD_manipulated_sequences/13_02__podium_speech_happy__2YSYT2N3.mp4,ok,0,,5.32
DFD,train,fake,0,DFD_manipulated_sequences/DFD_manipulated_sequences/13_02__secret_conversation__CP5HFV3K.mp4,ok,0,,1.55
DFD,train,fake,0,DFD_manipulated_sequences/DFD_manipulated_sequences/13_02__secret_conversation__PLNVLO74.mp4,ok,0,,2.58
DFD,train,fake,0,DFD_manipulated_sequences/DFD_manipulated_sequences/13_02__talking_angry_couch__CP5HFV3K.mp4,ok,0,,8.01
DFD,train,fake,0,DFD_manipulated_sequences/DFD_manipulated_sequences/13_02__walking_and_outside_surprised__CP5HFV3K.mp4,ok,0,,3.34
DFD,train,fake,0,DFD_manipulated_sequences/DFD_manipulated_sequences/13_02__walking_down_indoor_hall_disgust__AROBAY8R.mp4,ok,0,,9.64
DFD,train,fake,0,DFD_manipulated_sequences/DFD_manipulated_sequences/13_02__walking_down_indoor_hall_disgust__CP5HFV3K.mp4,ok,0,,7.72
DFD,train,fake,0,DFD_manipulated_sequences/DFD_manipulated_sequences/13_02__walking_down_street_outside_angry__0RKOCC6A.mp4,ok,0,,3.47
DFD,train,fake,0,DFD_manipulated_sequences/DFD_manipulated_sequences/13_02__walking_down_street_outside_angry__2YSYT2N3.mp4,ok,0,,3.69
DFD,train,fake,0,DFD_manipulated_sequences/DFD_manipulated_sequences/13_02__walking_outside_cafe_disgusted__CP5HFV3K.mp4,ok,0,,3.16
DFD,train,fake,0,DFD_manipulated_sequences/DFD_manipulated_sequences/13_03__exit_phone_room__GBYWJW06.mp4,ok,0,,3.37
DFD,train,fake,0,DFD_manipulated_sequences/DFD_manipulated_sequences/13_03__exit_phone_room__T3MZOI8X.mp4,ok,0,,3.38
DFD,train,fake,0,DFD_manipulated_sequences/DFD_manipulated_sequences/13_03__hugging_happy__GBYWJW06.mp4,ok,0,,7.15
DFD,train,fake,0,DFD_manipulated_sequences/DFD_manipulated_sequences/13_03__kitchen_pan__GBYWJW06.mp4,ok,0,,5.15
DFD,train,fake,0,DFD_manipulated_sequences/DFD_manipulated_sequences/13_03__outside_talking_still_laughing__GBYWJW06.mp4,ok,0,,4.76
DFD,train,fake,0,DFD_manipulated_sequences/DFD_manipulated_sequences/13_03__secret_conversation__GBYWJW06.mp4,ok,0,,3.63
DFD,train,fake,0,DFD_manipulated_sequences/DFD_manipulated_sequences/13_03__talking_against_wall__GBYWJW06.mp4,ok,0,,6.13
DFD,train,fake,0,DFD_manipulated_sequences/DFD_manipulated_sequences/13_03__talking_angry_couch__GBYWJW06.mp4,ok,0,,9.75
DFD,train,fake,0,DFD_manipulated_sequences/DFD_manipulated_sequences/13_03__walking_down_indoor_hall_disgust__GBYWJW06.mp4,ok,0,,11.18
DFD,train,fake,0,DFD_manipulated_sequences/DFD_manipulated_sequences/13_03__walking_outside_cafe_disgusted__GBYWJW06.mp4,ok,0,,2.99
DFD,train,fake,0,DFD_manipulated_sequences/DFD_manipulated_sequences/13_07__exit_phone_room__RVQCPCJF.mp4,ok,0,,3.29
DFD,train,fake,0,DFD_manipulated_sequences/DFD_manipulated_sequences/13_07__secret_conversation__RVQCPCJF.mp4,ok,0,,1.82
DFD,train,fake,0,DFD_manipulated_sequences/DFD_manipulated_sequences/13_07__walking_down_street_outside_angry__RVQCPCJF.mp4,ok,0,,3.5
DFD,train,fake,0,DFD_manipulated_sequences/DFD_manipulated_sequences/13_07__walking_outside_cafe_disgusted__RVQCPCJF.mp4,ok,0,,2.85
DFD,train,fake,0,DFD_manipulated_sequences/DFD_manipulated_sequences/13_11__hugging_happy__61T622EK.mp4,ok,0,,7.33
DFD,train,fake,0,DFD_manipulated_sequences/DFD_manipulated_sequences/13_11__kitchen_pan__61T622EK.mp4,ok,0,,5.31
DFD,train,fake,0,DFD_manipulated_sequences/DFD_manipulated_sequences/13_11__kitchen_pan__XXKQ4XM0.mp4,ok,0,,4.8
DFD,train,fake,0,DFD_manipulated_sequences/DFD_manipulated_sequences/13_11__kitchen_still__61T622EK.mp4,ok,0,,6.35
DFD,train,fake,0,DFD_manipulated_sequences/DFD_manipulated_sequences/13_11__outside_talking_still_laughing__61T622EK.mp4,ok,0,,4.92
DFD,train,fake,0,DFD_manipulated_sequences/DFD_manipulated_sequences/13_11__outside_talking_still_laughing__XXKQ4XM0.mp4,ok,0,,5.12
DFD,train,fake,0,DFD_manipulated_sequences/DFD_manipulated_sequences/13_11__podium_speech_happy__XXKQ4XM0.mp4,ok,0,,6.47
DFD,train,fake,0,DFD_manipulated_sequences/DFD_manipulated_sequences/13_11__talking_against_wall__61T622EK.mp4,ok,0,,5.71
DFD,train,fake,0,DFD_manipulated_sequences/DFD_manipulated_sequences/13_11__talking_angry_couch__61T622EK.mp4,ok,0,,9.23
DFD,train,fake,0,DFD_manipulated_sequences/DFD_manipulated_sequences/13_12__hugging_happy__BFH4F0N8.mp4,ok,0,,7.04
DFD,train,fake,0,DFD_manipulated_sequences/DFD_manipulated_sequences/13_12__kitchen_pan__O3SOWBCU.mp4,ok,0,,4.61
DFD,train,fake,0,DFD_manipulated_sequences/DFD_manipulated_sequences/13_12__kitchen_pan__Q442U52P.mp4,ok,0,,4.6
DFD,train,fake,0,DFD_manipulated_sequences/DFD_manipulated_sequences/13_12__outside_talking_pan_laughing__2TM4IFSF.mp4,ok,0,,3.94
DFD,train,fake,0,DFD_manipulated_sequences/DFD_manipulated_sequences/13_12__outside_talking_still_laughing__2TM4IFSF.mp4,ok,0,,5.22
DFD,train,fake,0,DFD_manipulated_sequences/DFD_manipulated_sequences/13_12__outside_talking_still_laughing__N8IGC93J.mp4,ok,0,,3.62
DFD,train,fake,0,DFD_manipulated_sequences/DFD_manipulated_sequences/13_12__podium_speech_happy__2TM4IFSF.mp4,ok,0,,6.18
DFD,train,fake,0,DFD_manipulated_sequences/DFD_manipulated_sequences/13_12__podium_speech_happy__N8IGC93J.mp4,ok,0,,6.83
DFD,train,fake,0,DFD_manipulated_sequences/DFD_manipulated_sequences/13_12__secret_conversation__2TM4IFSF.mp4,ok,0,,2.06
DFD,train,fake,0,DFD_manipulated_sequences/DFD_manipulated_sequences/13_12__secret_conversation__6G44TDN4.mp4,ok,0,,2.26
DFD,train,fake,0,DFD_manipulated_sequences/DFD_manipulated_sequences/13_12__secret_conversation__DJ7MF331.mp4,ok,0,,2.47
DFD,train,fake,0,DFD_manipulated_sequences/DFD_manipulated_sequences/13_12__talking_against_wall__2TM4IFSF.mp4,ok,0,,5.41
DFD,train,fake,0,DFD_manipulated_sequences/DFD_manipulated_sequences/13_12__walk_down_hall_angry__N8IGC93J.mp4,ok,0,,2.98
DFD,train,fake,0,DFD_manipulated_sequences/DFD_manipulated_sequences/13_12__walk_down_hall_angry__Q442U52P.mp4,ok,0,,3.15
DFD,train,fake,0,DFD_manipulated_sequences/DFD_manipulated_sequences/13_12__walking_down_indoor_hall_disgust__2TM4IFSF.mp4,ok,0,,9.45
DFD,train,fake,0,DFD_manipulated_sequences/DFD_manipulated_sequences/13_12__walking_down_indoor_hall_disgust__SIA5P4HL.mp4,ok,0,,7.22
DFD,train,fake,0,DFD_manipulated_sequences/DFD_manipulated_sequences/13_12__walking_down_street_outside_angry__2TM4IFSF.mp4,ok,0,,4.48
DFD,train,fake,0,DFD_manipulated_sequences/DFD_manipulated_sequences/13_14__hugging_happy__KMQ3AW6A.mp4,ok,0,,7.14
DFD,train,fake,0,DFD_manipulated_sequences/DFD_manipulated_sequences/13_14__kitchen_still__KMQ3AW6A.mp4,ok,0,,5.72
DFD,train,fake,0,DFD_manipulated_sequences/DFD_manipulated_sequences/13_14__outside_talking_pan_laughing__KMQ3AW6A.mp4,ok,0,,4.85
DFD,train,fake,0,DFD_manipulated_sequences/DFD_manipulated_sequences/13_14__podium_speech_happy__KMQ3AW6A.mp4,ok,0,,7.73
DFD,train,fake,0,DFD_manipulated_sequences/DFD_manipulated_sequences/13_14__talking_against_wall__KMQ3AW6A.mp4,ok,0,,5.52
DFD,train,fake,0,DFD_manipulated_sequences/DFD_manipulated_sequences/13_14__talking_angry_couch__KMQ3AW6A.mp4,ok,0,,8.84
DFD,train,fake,0,DFD_manipulated_sequences/DFD_manipulated_sequences/13_14__walk_down_hall_angry__KMQ3AW6A.mp4,ok,0,,3.99
DFD,train,fake,0,DFD_manipulated_sequences/DFD_manipulated_sequences/13_14__walking_down_indoor_hall_disgust__KMQ3AW6A.mp4,ok,0,,12.11
DFD,train,fake,0,DFD_manipulated_sequences/DFD_manipulated_sequences/13_14__walking_outside_cafe_disgusted__KMQ3AW6A.mp4,ok,0,,3.0
DFD,train,fake,0,DFD_manipulated_sequences/DFD_manipulated_sequences/13_15__exit_phone_room__X0EIIJF7.mp4,ok,0,,3.04
DFD,train,fake,0,DFD_manipulated_sequences/DFD_manipulated_sequences/13_15__hugging_happy__X0EIIJF7.mp4,ok,0,,6.57
DFD,train,fake,0,DFD_manipulated_sequences/DFD_manipulated_sequences/13_15__kitchen_pan__X0EIIJF7.mp4,ok,0,,5.38
DFD,train,fake,0,DFD_manipulated_sequences/DFD_manipulated_sequences/13_15__kitchen_still__X0EIIJF7.mp4,ok,0,,5.43
DFD,train,fake,0,DFD_manipulated_sequences/DFD_manipulated_sequences/13_15__outside_talking_pan_laughing__X0EIIJF7.mp4,ok,0,,4.98
DFD,train,fake,0,DFD_manipulated_sequences/DFD_manipulated_sequences/13_15__outside_talking_still_laughing__X0EIIJF7.mp4,ok,0,,4.77
DFD,train,fake,0,DFD_manipulated_sequences/DFD_manipulated_sequences/13_15__secret_conversation__X0EIIJF7.mp4,ok,0,,4.44
DFD,train,fake,0,DFD_manipulated_sequences/DFD_manipulated_sequences/13_15__walk_down_hall_angry__X0EIIJF7.mp4,ok,0,,4.03
DFD,train,fake,0,DFD_manipulated_sequences/DFD_manipulated_sequences/13_15__walking_down_indoor_hall_disgust__X0EIIJF7.mp4,ok,0,,11.35
DFD,train,fake,0,DFD_manipulated_sequences/DFD_manipulated_sequences/13_15__walking_down_street_outside_angry__X0EIIJF7.mp4,ok,0,,3.03
DFD,train,fake,0,DFD_manipulated_sequences/DFD_manipulated_sequences/13_15__walking_outside_cafe_disgusted__X0EIIJF7.mp4,ok,0,,3.91
DFD,train,fake,0,DFD_manipulated_sequences/DFD_manipulated_sequences/13_18__exit_phone_room__3II4T6H5.mp4,ok,0,,4.17
DFD,train,fake,0,DFD_manipulated_sequences/DFD_manipulated_sequences/13_18__kitchen_still__3II4T6H5.mp4,ok,0,,6.7
DFD,train,fake,0,DFD_manipulated_sequences/DFD_manipulated_sequences/13_18__walking_outside_cafe_disgusted__3II4T6H5.mp4,ok,0,,3.54
DFD,train,fake,0,DFD_manipulated_sequences/DFD_manipulated_sequences/13_20__exit_phone_room__C50CSOEX.mp4,ok,0,,3.69
DFD,train,fake,0,DFD_manipulated_sequences/DFD_manipulated_sequences/13_20__hugging_happy__43KAHOT2.mp4,ok,0,,9.0
DFD,train,fake,0,DFD_manipulated_sequences/DFD_manipulated_sequences/13_20__hugging_happy__C50CSOEX.mp4,ok,0,,7.98
DFD,train,fake,0,DFD_manipulated_sequences/DFD_manipulated_sequences/13_20__kitchen_pan__4SAX54BT.mp4,ok,0,,6.21
DFD,train,fake,0,DFD_manipulated_sequences/DFD_manipulated_sequences/13_20__kitchen_still__2994SNXH.mp4,ok,0,,7.46
DFD,train,fake,0,DFD_manipulated_sequences/DFD_manipulated_sequences/13_20__kitchen_still__LXLR1B6N.mp4,ok,0,,7.02
DFD,train,fake,0,DFD_manipulated_sequences/DFD_manipulated_sequences/13_20__kitchen_still__NJEO6L5O.mp4,ok,0,,7.23
DFD,train,fake,0,DFD_manipulated_sequences/DFD_manipulated_sequences/13_20__outside_talking_pan_laughing__43KAHOT2.mp4,ok,0,,4.8
DFD,train,fake,0,DFD_manipulated_sequences/DFD_manipulated_sequences/13_20__outside_talking_pan_laughing__C50CSOEX.mp4,ok,0,,5.32
DFD,train,fake,0,DFD_manipulated_sequences/DFD_manipulated_sequences/13_20__podium_speech_happy__C50CSOEX.mp4,ok,0,,8.8
DFD,train,fake,0,DFD_manipulated_sequences/DFD_manipulated_sequences/13_20__podium_speech_happy__U3IPYECM.mp4,ok,0,,8.32
DFD,train,fake,0,DFD_manipulated_sequences/DFD_manipulated_sequences/13_20__secret_conversation__4RU7I77X.mp4,ok,0,,3.64
DFD,train,fake,0,DFD_manipulated_sequences/DFD_manipulated_sequences/13_20__talking_against_wall__43KAHOT2.mp4,ok,0,,6.76
DFD,train,fake,0,DFD_manipulated_sequences/DFD_manipulated_sequences/13_20__talking_against_wall__4SAX54BT.mp4,ok,0,,6.69
DFD,train,fake,0,DFD_manipulated_sequences/DFD_manipulated_sequences/13_20__talking_against_wall__VO2YZXLN.mp4,ok,0,,6.21
DFD,train,fake,0,DFD_manipulated_sequences/DFD_manipulated_sequences/13_20__walk_down_hall_angry__43KAHOT2.mp4,ok,0,,4.12
DFD,train,fake,0,DFD_manipulated_sequences/DFD_manipulated_sequences/13_20__walk_down_hall_angry__4SAX54BT.mp4,ok,0,,4.59
DFD,train,fake,0,DFD_manipulated_sequences/DFD_manipulated_sequences/13_20__walk_down_hall_angry__HQHYKNGK.mp4,ok,0,,4.2
DFD,train,fake,0,DFD_manipulated_sequences/DFD_manipulated_sequences/13_20__walk_down_hall_angry__LXLR1B6N.mp4,ok,0,,4.09
DFD,train,fake,0,DFD_manipulated_sequences/DFD_manipulated_sequences/13_20__walking_down_indoor_hall_disgust__EV1V4ZQV.mp4,ok,0,,12.14
DFD,train,fake,0,DFD_manipulated_sequences/DFD_manipulated_sequences/13_20__walking_down_indoor_hall_disgust__NJEO6L5O.mp4,ok,0,,10.31
DFD,train,fake,0,DFD_manipulated_sequences/DFD_manipulated_sequences/13_20__walking_down_indoor_hall_disgust__VO2YZXLN.mp4,ok,0,,8.9
DFD,train,fake,0,DFD_manipulated_sequences/DFD_manipulated_sequences/13_25__exit_phone_room__7YMTAF29.mp4,ok,0,,3.1
DFD,train,fake,0,DFD_manipulated_sequences/DFD_manipulated_sequences/13_25__hugging_happy__7YMTAF29.mp4,ok,0,,7.23
DFD,train,fake,0,DFD_manipulated_sequences/DFD_manipulated_sequences/13_25__outside_talking_still_laughing__IW9OFVMG.mp4,ok,0,,3.57
DFD,train,fake,0,DFD_manipulated_sequences/DFD_manipulated_sequences/13_25__outside_talking_still_laughing__PBM86HKZ.mp4,ok,0,,4.23
DFD,train,fake,0,DFD_manipulated_sequences/DFD_manipulated_sequences/13_25__talking_against_wall__7YMTAF29.mp4,ok,0,,5.08
DFD,train,fake,0,DFD_manipulated_sequences/DFD_manipulated_sequences/13_25__walking_and_outside_surprised__PBM86HKZ.mp4,ok,0,,6.78
DFD,train,fake,0,DFD_manipulated_sequences/DFD_manipulated_sequences/13_25__walking_down_street_outside_angry__IW9OFVMG.mp4,ok,0,,4.62
DFD,train,fake,0,DFD_manipulated_sequences/DFD_manipulated_sequences/13_26__exit_phone_room__U5ELHUN5.mp4,ok,0,,4.67
DFD,train,fake,0,DFD_manipulated_sequences/DFD_manipulated_sequences/13_26__kitchen_still__XRS5W2NC.mp4,ok,0,,6.15
DFD,train,fake,0,DFD_manipulated_sequences/DFD_manipulated_sequences/13_26__podium_speech_happy__1ZRIYSSU.mp4,ok,0,,7.94
DFD,train,fake,0,DFD_manipulated_sequences/DFD_manipulated_sequences/13_26__podium_speech_happy__XRS5W2NC.mp4,ok,0,,8.12
DFD,train,fake,0,DFD_manipulated_sequences/DFD_manipulated_sequences/13_26__secret_conversation__DZP10XW4.mp4,ok,0,,1.82
DFD,train,fake,0,DFD_manipulated_sequences/DFD_manipulated_sequences/13_26__talking_against_wall__U5ELHUN5.mp4,ok,0,,6.07
DFD,train,fake,0,DFD_manipulated_sequences/DFD_manipulated_sequences/13_26__talking_against_wall__WK3NZ3UV.mp4,ok,0,,6.27
DFD,train,fake,0,DFD_manipulated_sequences/DFD_manipulated_sequences/13_26__talking_angry_couch__1ZRIYSSU.mp4,ok,0,,40.53
DFD,train,fake,0,DFD_manipulated_sequences/DFD_manipulated_sequences/13_26__walking_down_street_outside_angry__CJALTDKT.mp4,ok,0,,5.3
DFD,train,fake,0,DFD_manipulated_sequences/DFD_manipulated_sequences/13_26__walking_outside_cafe_disgusted__SU8J9CBG.mp4,ok,0,,4.23
DFD,train,fake,0,DFD_manipulated_sequences/DFD_manipulated_sequences/13_27__hugging_happy__A1OSUJE9.mp4,ok,0,,38.24
DFD,train,fake,0,DFD_manipulated_sequences/DFD_manipulated_sequences/13_27__kitchen_still__A1OSUJE9.mp4,ok,0,,5.87
DFD,train,fake,0,DFD_manipulated_sequences/DFD_manipulated_sequences/13_27__outside_talking_pan_laughing__A1OSUJE9.mp4,ok,0,,5.62
DFD,train,fake,0,DFD_manipulated_sequences/DFD_manipulated_sequences/13_27__talking_against_wall__A1OSUJE9.mp4,ok,0,,36.95
DFD,train,fake,0,DFD_manipulated_sequences/DFD_manipulated_sequences/13_27__walking_and_outside_surprised__A1OSUJE9.mp4,ok,0,,36.59
DFD,train,fake,0,DFD_manipulated_sequences/DFD_manipulated_sequences/13_27__walking_outside_cafe_disgusted__A1OSUJE9.mp4,ok,0,,33.77
DFD,train,fake,0,DFD_manipulated_sequences/DFD_manipulated_sequences/14_02__exit_phone_room__3IUBEKCT.mp4,ok,0,,34.91
DFD,train,fake,0,DFD_manipulated_sequences/DFD_manipulated_sequences/14_02__kitchen_pan__3IUBEKCT.mp4,ok,0,,35.29
DFD,train,fake,0,DFD_manipulated_sequences/DFD_manipulated_sequences/14_02__outside_talking_pan_laughing__3IUBEKCT.mp4,ok,0,,36.4
DFD,train,fake,0,DFD_manipulated_sequences/DFD_manipulated_sequences/14_02__podium_speech_happy__3IUBEKCT.mp4,ok,0,,39.28
DFD,train,fake,0,DFD_manipulated_sequences/DFD_manipulated_sequences/14_02__secret_conversation__3IUBEKCT.mp4,ok,0,,32.43
DFD,train,fake,0,DFD_manipulated_sequences/DFD_manipulated_sequences/14_02__walking_and_outside_surprised__3IUBEKCT.mp4,ok,0,,3.77
DFD,train,fake,0,DFD_manipulated_sequences/DFD_manipulated_sequences/14_02__walking_outside_cafe_disgusted__3IUBEKCT.mp4,ok,0,,5.98
DFD,train,fake,0,DFD_manipulated_sequences/DFD_manipulated_sequences/14_03__exit_phone_room__0O9TTCJT.mp4,ok,0,,4.77
DFD,train,fake,0,DFD_manipulated_sequences/DFD_manipulated_sequences/14_03__exit_phone_room__7JPPCV50.mp4,ok,0,,4.93
DFD,train,fake,0,DFD_manipulated_sequences/DFD_manipulated_sequences/14_03__exit_phone_room__KJ221YN0.mp4,ok,0,,4.59
DFD,train,fake,0,DFD_manipulated_sequences/DFD_manipulated_sequences/14_03__hugging_happy__PLCQJM81.mp4,ok,0,,1.73
DFD,train,fake,0,DFD_manipulated_sequences/DFD_manipulated_sequences/14_03__hugging_happy__ZC2KYASW.mp4,ok,0,,2.23
DFD,train,fake,0,DFD_manipulated_sequences/DFD_manipulated_sequences/14_03__kitchen_still__0O9TTCJT.mp4,ok,0,,7.62
DFD,train,fake,0,DFD_manipulated_sequences/DFD_manipulated_sequences/14_03__kitchen_still__Q9NSXM88.mp4,ok,0,,7.03
DFD,train,fake,0,DFD_manipulated_sequences/DFD_manipulated_sequences/14_03__outside_talking_pan_laughing__H0VQHGS3.mp4,ok,0,,5.57
DFD,train,fake,0,DFD_manipulated_sequences/DFD_manipulated_sequences/14_03__outside_talking_still_laughing__KJ221YN0.mp4,ok,0,,7.58
DFD,train,fake,0,DFD_manipulated_sequences/DFD_manipulated_sequences/14_03__secret_conversation__0O9TTCJT.mp4,ok,0,,2.6
DFD,train,fake,0,DFD_manipulated_sequences/DFD_manipulated_sequences/14_03__secret_conversation__KJ221YN0.mp4,ok,0,,6.43
DFD,train,fake,0,DFD_manipulated_sequences/DFD_manipulated_sequences/14_03__secret_conversation__L0GHYIFS.mp4,ok,0,,7.44
DFD,train,fake,0,DFD_manipulated_sequences/DFD_manipulated_sequences/14_03__talking_against_wall__38OVCK3X.mp4,ok,0,,6.98
DFD,train,fake,0,DFD_manipulated_sequences/DFD_manipulated_sequences/14_03__talking_against_wall__P1L5PF4I.mp4,ok,0,,6.64
DFD,train,fake,0,DFD_manipulated_sequences/DFD_manipulated_sequences/14_03__talking_angry_couch__L0GHYIFS.mp4,ok,0,,12.03
DFD,train,fake,0,DFD_manipulated_sequences/DFD_manipulated_sequences/14_03__walk_down_hall_angry__7JPPCV50.mp4,ok,0,,5.6
DFD,train,fake,0,DFD_manipulated_sequences/DFD_manipulated_sequences/14_03__walking_and_outside_surprised__38OVCK3X.mp4,ok,0,,9.02
DFD,train,fake,0,DFD_manipulated_sequences/DFD_manipulated_sequences/14_03__walking_and_outside_surprised__P1L5PF4I.mp4,ok,0,,8.41
DFD,train,fake,0,DFD_manipulated_sequences/DFD_manipulated_sequences/14_03__walking_down_indoor_hall_disgust__KJ221YN0.mp4,ok,0,,11.47
DFD,train,fake,0,DFD_manipulated_sequences/DFD_manipulated_sequences/14_03__walking_down_street_outside_angry__L0GHYIFS.mp4,ok,0,,9.11
DFD,train,fake,0,DFD_manipulated_sequences/DFD_manipulated_sequences/14_03__walking_down_street_outside_angry__PLCQJM81.mp4,ok,0,,9.65
DFD,train,fake,0,DFD_manipulated_sequences/DFD_manipulated_sequences/14_03__walking_outside_cafe_disgusted__PLCQJM81.mp4,ok,0,,5.45
DFD,train,fake,0,DFD_manipulated_sequences/DFD_manipulated_sequences/14_06__hugging_happy__8U9ULZDT.mp4,ok,0,,2.16
DFD,train,fake,0,DFD_manipulated_sequences/DFD_manipulated_sequences/14_06__kitchen_still__8U9ULZDT.mp4,ok,0,,7.78
DFD,train,fake,0,DFD_manipulated_sequences/DFD_manipulated_sequences/14_06__outside_talking_pan_laughing__8U9ULZDT.mp4,ok,0,,5.9
DFD,train,fake,0,DFD_manipulated_sequences/DFD_manipulated_sequences/14_06__outside_talking_still_laughing__8U9ULZDT.mp4,ok,0,,6.85
DFD,train,fake,0,DFD_manipulated_sequences/DFD_manipulated_sequences/14_06__podium_speech_happy__8U9ULZDT.mp4,ok,0,,7.82
DFD,train,fake,0,DFD_manipulated_sequences/DFD_manipulated_sequences/14_06__secret_conversation__8U9ULZDT.mp4,ok,0,,5.77
DFD,train,fake,0,DFD_manipulated_sequences/DFD_manipulated_sequences/14_06__walking_and_outside_surprised__8U9ULZDT.mp4,ok,0,,7.13
DFD,train,fake,0,DFD_manipulated_sequences/DFD_manipulated_sequences/14_06__walking_down_indoor_hall_disgust__8U9ULZDT.mp4,ok,0,,11.13
DFD,train,fake,0,DFD_manipulated_sequences/DFD_manipulated_sequences/14_07__exit_phone_room__P9QFO50U.mp4,ok,0,,3.14
DFD,train,fake,0,DFD_manipulated_sequences/DFD_manipulated_sequences/14_07__hugging_happy__P9QFO50U.mp4,ok,0,,2.03
DFD,train,fake,0,DFD_manipulated_sequences/DFD_manipulated_sequences/14_07__hugging_happy__VOX29AK0.mp4,ok,0,,2.64
DFD,train,fake,0,DFD_manipulated_sequences/DFD_manipulated_sequences/14_07__outside_talking_pan_laughing__P9QFO50U.mp4,ok,0,,7.01
DFD,train,fake,0,DFD_manipulated_sequences/DFD_manipulated_sequences/14_07__outside_talking_still_laughing__P9QFO50U.mp4,ok,0,,6.94
DFD,train,fake,0,DFD_manipulated_sequences/DFD_manipulated_sequences/14_07__podium_speech_happy__P9QFO50U.mp4,ok,0,,10.9
DFD,train,fake,0,DFD_manipulated_sequences/DFD_manipulated_sequences/14_07__podium_speech_happy__VOX29AK0.mp4,ok,0,,10.08
DFD,train,fake,0,DFD_manipulated_sequences/DFD_manipulated_sequences/14_07__secret_conversation__P9QFO50U.mp4,ok,0,,7.99
DFD,train,fake,0,DFD_manipulated_sequences/DFD_manipulated_sequences/14_07__talking_against_wall__P9QFO50U.mp4,ok,0,,8.17
DFD,train,fake,0,DFD_manipulated_sequences/DFD_manipulated_sequences/14_07__walk_down_hall_angry__P9QFO50U.mp4,ok,0,,6.23
DFD,train,fake,0,DFD_manipulated_sequences/DFD_manipulated_sequences/14_07__walking_down_indoor_hall_disgust__P9QFO50U.mp4,ok,0,,10.48
DFD,train,fake,0,DFD_manipulated_sequences/DFD_manipulated_sequences/14_07__walking_down_street_outside_angry__VOX29AK0.mp4,ok,0,,8.78
DFD,train,fake,0,DFD_manipulated_sequences/DFD_manipulated_sequences/14_12__outside_talking_pan_laughing__Z7EWFA0P.mp4,ok,0,,4.6
DFD,train,fake,0,DFD_manipulated_sequences/DFD_manipulated_sequences/14_12__podium_speech_happy__Z7EWFA0P.mp4,ok,0,,7.65
DFD,train,fake,0,DFD_manipulated_sequences/DFD_manipulated_sequences/14_12__walk_down_hall_angry__Z7EWFA0P.mp4,ok,0,,4.62
DFD,train,fake,0,DFD_manipulated_sequences/DFD_manipulated_sequences/14_13__hugging_happy__KMQ3AW6A.mp4,ok,0,,2.44
DFD,train,fake,0,DFD_manipulated_sequences/DFD_manipulated_sequences/14_13__kitchen_still__KMQ3AW6A.mp4,ok,0,,6.5
DFD,train,fake,0,DFD_manipulated_sequences/DFD_manipulated_sequences/14_13__outside_talking_pan_laughing__KMQ3AW6A.mp4,ok,0,,6.09
DFD,train,fake,0,DFD_manipulated_sequences/DFD_manipulated_sequences/14_13__podium_speech_happy__KMQ3AW6A.mp4,ok,0,,8.05
DFD,train,fake,0,DFD_manipulated_sequences/DFD_manipulated_sequences/14_13__talking_against_wall__KMQ3AW6A.mp4,ok,0,,5.53
DFD,train,fake,0,DFD_manipulated_sequences/DFD_manipulated_sequences/14_13__talking_angry_couch__KMQ3AW6A.mp4,ok,0,,9.93
DFD,train,fake,0,DFD_manipulated_sequences/DFD_manipulated_sequences/14_13__walk_down_hall_angry__KMQ3AW6A.mp4,ok,0,,4.48
DFD,train,fake,0,DFD_manipulated_sequences/DFD_manipulated_sequences/14_13__walking_down_indoor_hall_disgust__KMQ3AW6A.mp4,ok,0,,9.15
DFD,train,fake,0,DFD_manipulated_sequences/DFD_manipulated_sequences/14_13__walking_outside_cafe_disgusted__KMQ3AW6A.mp4,ok,0,,4.57
DFD,train,fake,0,DFD_manipulated_sequences/DFD_manipulated_sequences/14_15__exit_phone_room__OMLZILK3.mp4,ok,0,,4.34
DFD,train,fake,0,DFD_manipulated_sequences/DFD_manipulated_sequences/14_15__hugging_happy__3FRJCJ0V.mp4,ok,0,,1.82
DFD,train,fake,0,DFD_manipulated_sequences/DFD_manipulated_sequences/14_15__hugging_happy__4SO1CSAM.mp4,ok,0,,1.79
DFD,train,fake,0,DFD_manipulated_sequences/DFD_manipulated_sequences/14_15__hugging_happy__OMLZILK3.mp4,ok,0,,1.49
DFD,train,fake,0,DFD_manipulated_sequences/DFD_manipulated_sequences/14_15__kitchen_pan__RF38N10R.mp4,ok,0,,4.91
DFD,train,fake,0,DFD_manipulated_sequences/DFD_manipulated_sequences/14_15__outside_talking_pan_laughing__3FRJCJ0V.mp4,ok,0,,5.37
DFD,train,fake,0,DFD_manipulated_sequences/DFD_manipulated_sequences/14_15__outside_talking_pan_laughing__OMLZILK3.mp4,ok,0,,5.73
DFD,train,fake,0,DFD_manipulated_sequences/DFD_manipulated_sequences/14_15__outside_talking_still_laughing__4SO1CSAM.mp4,ok,0,,5.84
DFD,train,fake,0,DFD_manipulated_sequences/DFD_manipulated_sequences/14_15__outside_talking_still_laughing__RNHLLKSQ.mp4,ok,0,,6.15
DFD,train,fake,0,DFD_manipulated_sequences/DFD_manipulated_sequences/14_15__podium_speech_happy__RF38N10R.mp4,ok,0,,7.65
DFD,train,fake,0,DFD_manipulated_sequences/DFD_manipulated_sequences/14_15__secret_conversation__OMLZILK3.mp4,ok,0,,6.12
DFD,train,fake,0,DFD_manipulated_sequences/DFD_manipulated_sequences/14_15__talking_against_wall__3FRJCJ0V.mp4,ok,0,,5.95
DFD,train,fake,0,DFD_manipulated_sequences/DFD_manipulated_sequences/14_15__talking_against_wall__RNHLLKSQ.mp4,ok,0,,5.82
DFD,train,fake,0,DFD_manipulated_sequences/DFD_manipulated_sequences/14_15__talking_angry_couch__RF38N10R.mp4,ok,0,,10.56
DFD,train,fake,0,DFD_manipulated_sequences/DFD_manipulated_sequences/14_15__walking_and_outside_surprised__OMLZILK3.mp4,ok,0,,6.76
DFD,train,fake,0,DFD_manipulated_sequences/DFD_manipulated_sequences/14_15__walking_down_street_outside_angry__OMLZILK3.mp4,ok,0,,8.08
DFD,train,fake,0,DFD_manipulated_sequences/DFD_manipulated_sequences/14_18__exit_phone_room__0YRBHIKG.mp4,ok,0,,3.39
DFD,train,fake,0,DFD_manipulated_sequences/DFD_manipulated_sequences/14_18__hugging_happy__0YRBHIKG.mp4,ok,0,,1.98
DFD,train,fake,0,DFD_manipulated_sequences/DFD_manipulated_sequences/14_18__hugging_happy__MAEROFMR.mp4,ok,0,,1.77
DFD,train,fake,0,DFD_manipulated_sequences/DFD_manipulated_sequences/14_18__kitchen_pan__A5A1Q467.mp4,ok,0,,4.07
DFD,train,fake,0,DFD_manipulated_sequences/DFD_manipulated_sequences/14_18__kitchen_pan__HYMNQ00Q.mp4,ok,0,,4.48
DFD,train,fake,0,DFD_manipulated_sequences/DFD_manipulated_sequences/14_18__kitchen_still__0YRBHIKG.mp4,ok,0,,6.04
DFD,train,fake,0,DFD_manipulated_sequences/DFD_manipulated_sequences/14_18__kitchen_still__A5A1Q467.mp4,ok,0,,5.62
DFD,train,fake,0,DFD_manipulated_sequences/DFD_manipulated_sequences/14_18__outside_talking_still_laughing__6SB2BR0A.mp4,ok,0,,5.77
DFD,train,fake,0,DFD_manipulated_sequences/DFD_manipulated_sequences/14_18__podium_speech_happy__0YRBHIKG.mp4,ok,0,,9.3
DFD,train,fake,0,DFD_manipulated_sequences/DFD_manipulated_sequences/14_18__secret_conversation__A5A1Q467.mp4,ok,0,,2.3
DFD,train,fake,0,DFD_manipulated_sequences/DFD_manipulated_sequences/14_18__talking_against_wall__0YRBHIKG.mp4,ok,0,,5.71
DFD,train,fake,0,DFD_manipulated_sequences/DFD_manipulated_sequences/14_18__talking_against_wall__A5A1Q467.mp4,ok,0,,6.29
DFD,train,fake,0,DFD_manipulated_sequences/DFD_manipulated_sequences/14_18__talking_angry_couch__0YRBHIKG.mp4,ok,0,,10.14
DFD,train,fake,0,DFD_manipulated_sequences/DFD_manipulated_sequences/14_18__talking_angry_couch__A5A1Q467.mp4,ok,0,,10.04
DFD,train,fake,0,DFD_manipulated_sequences/DFD_manipulated_sequences/14_18__walk_down_hall_angry__A5A1Q467.mp4,ok,0,,4.21
DFD,train,fake,0,DFD_manipulated_sequences/DFD_manipulated_sequences/14_18__walking_and_outside_surprised__0YRBHIKG.mp4,ok,0,,4.5
DFD,train,fake,0,DFD_manipulated_sequences/DFD_manipulated_sequences/14_18__walking_and_outside_surprised__6SB2BR0A.mp4,ok,0,,6.72
DFD,train,fake,0,DFD_manipulated_sequences/DFD_manipulated_sequences/14_18__walking_and_outside_surprised__A5A1Q467.mp4,ok,0,,4.19
DFD,train,fake,0,DFD_manipulated_sequences/DFD_manipulated_sequences/14_18__walking_down_indoor_hall_disgust__0YRBHIKG.mp4,ok,0,,6.12
DFD,train,fake,0,DFD_manipulated_sequences/DFD_manipulated_sequences/14_18__walking_outside_cafe_disgusted__0YRBHIKG.mp4,ok,0,,5.01
DFD,train,fake,0,DFD_manipulated_sequences/DFD_manipulated_sequences/14_18__walking_outside_cafe_disgusted__6SB2BR0A.mp4,ok,0,,4.57
DFD,train,fake,0,DFD_manipulated_sequences/DFD_manipulated_sequences/14_20__exit_phone_room__B014BKVO.mp4,ok,0,,4.07
DFD,train,fake,0,DFD_manipulated_sequences/DFD_manipulated_sequences/14_20__hugging_happy__B014BKVO.mp4,ok,0,,1.47
DFD,train,fake,0,DFD_manipulated_sequences/DFD_manipulated_sequences/14_20__kitchen_pan__R7SPX6OK.mp4,ok,0,,4.1
DFD,train,fake,0,DFD_manipulated_sequences/DFD_manipulated_sequences/14_20__outside_talking_pan_laughing__R7SPX6OK.mp4,ok,0,,4.35
DFD,train,fake,0,DFD_manipulated_sequences/DFD_manipulated_sequences/14_20__podium_speech_happy__B014BKVO.mp4,ok,0,,7.93
DFD,train,fake,0,DFD_manipulated_sequences/DFD_manipulated_sequences/14_20__podium_speech_happy__R7SPX6OK.mp4,ok,0,,8.22
DFD,train,fake,0,DFD_manipulated_sequences/DFD_manipulated_sequences/14_20__secret_conversation__B014BKVO.mp4,ok,0,,5.87
DFD,train,fake,0,DFD_manipulated_sequences/DFD_manipulated_sequences/14_20__talking_against_wall__R7SPX6OK.mp4,ok,0,,6.65
DFD,train,fake,0,DFD_manipulated_sequences/DFD_manipulated_sequences/14_20__talking_angry_couch__B014BKVO.mp4,ok,0,,8.99
DFD,train,fake,0,DFD_manipulated_sequences/DFD_manipulated_sequences/14_20__talking_angry_couch__R7SPX6OK.mp4,ok,0,,10.71
DFD,train,fake,0,DFD_manipulated_sequences/DFD_manipulated_sequences/14_20__walk_down_hall_angry__B014BKVO.mp4,ok,0,,4.01
DFD,train,fake,0,DFD_manipulated_sequences/DFD_manipulated_sequences/14_20__walk_down_hall_angry__R7SPX6OK.mp4,ok,0,,4.11
DFD,train,fake,0,DFD_manipulated_sequences/DFD_manipulated_sequences/14_20__walking_and_outside_surprised__B014BKVO.mp4,ok,0,,6.89
DFD,train,fake,0,DFD_manipulated_sequences/DFD_manipulated_sequences/14_20__walking_down_indoor_hall_disgust__R7SPX6OK.mp4,ok,0,,9.76
DFD,train,fake,0,DFD_manipulated_sequences/DFD_manipulated_sequences/14_20__walking_down_street_outside_angry__3HWOJRAM.mp4,ok,0,,9.01
DFD,train,fake,0,DFD_manipulated_sequences/DFD_manipulated_sequences/14_20__walking_down_street_outside_angry__B014BKVO.mp4,ok,0,,8.15
DFD,train,fake,0,DFD_manipulated_sequences/DFD_manipulated_sequences/14_20__walking_outside_cafe_disgusted__3HWOJRAM.mp4,ok,0,,4.06
DFD,train,fake,0,DFD_manipulated_sequences/DFD_manipulated_sequences/14_26__exit_phone_room__SU8SAHTT.mp4,ok,0,,3.98
DFD,train,fake,0,DFD_manipulated_sequences/DFD_manipulated_sequences/14_26__kitchen_pan__ILLP29ZH.mp4,ok,0,,4.62
DFD,train,fake,0,DFD_manipulated_sequences/DFD_manipulated_sequences/14_26__kitchen_pan__SU8SAHTT.mp4,ok,0,,4.4
DFD,train,fake,0,DFD_manipulated_sequences/DFD_manipulated_sequences/14_26__kitchen_still__ILLP29ZH.mp4,ok,0,,5.16
DFD,train,fake,0,DFD_manipulated_sequences/DFD_manipulated_sequences/14_26__outside_talking_still_laughing__ILLP29ZH.mp4,ok,0,,7.1
DFD,train,fake,0,DFD_manipulated_sequences/DFD_manipulated_sequences/14_26__podium_speech_happy__ILLP29ZH.mp4,ok,0,,7.68
DFD,train,fake,0,DFD_manipulated_sequences/DFD_manipulated_sequences/14_26__secret_conversation__ILLP29ZH.mp4,ok,0,,6.01
DFD,train,fake,0,DFD_manipulated_sequences/DFD_manipulated_sequences/14_26__secret_conversation__SU8SAHTT.mp4,ok,0,,5.48
DFD,train,fake,0,DFD_manipulated_sequences/DFD_manipulated_sequences/14_26__talking_against_wall__ILLP29ZH.mp4,ok,0,,6.4
DFD,train,fake,0,DFD_manipulated_sequences/DFD_manipulated_sequences/14_26__talking_angry_couch__ILLP29ZH.mp4,ok,0,,40.93
DFD,train,fake,0,DFD_manipulated_sequences/DFD_manipulated_sequences/14_26__talking_angry_couch__SU8SAHTT.mp4,ok,0,,39.51
DFD,train,fake,0,DFD_manipulated_sequences/DFD_manipulated_sequences/14_26__walk_down_hall_angry__ILLP29ZH.mp4,ok,0,,3.58
DFD,train,fake,0,DFD_manipulated_sequences/DFD_manipulated_sequences/14_26__walking_outside_cafe_disgusted__ILLP29ZH.mp4,ok,0,,4.54
DFD,train,fake,0,DFD_manipulated_sequences/DFD_manipulated_sequences/14_27__exit_phone_room__0KSONKQ2.mp4,ok,0,,4.59
DFD,train,fake,0,DFD_manipulated_sequences/DFD_manipulated_sequences/14_27__outside_talking_pan_laughing__0KSONKQ2.mp4,ok,0,,35.54
DFD,train,fake,0,DFD_manipulated_sequences/DFD_manipulated_sequences/15_02__exit_phone_room__HTG660F8.mp4,ok,0,,2.81
DFD,train,fake,0,DFD_manipulated_sequences/DFD_manipulated_sequences/15_02__exit_phone_room__I8G2LWD1.mp4,ok,0,,33.08
DFD,train,fake,0,DFD_manipulated_sequences/DFD_manipulated_sequences/15_02__exit_phone_room__MZWH8ATN.mp4,ok,0,,2.69
DFD,train,fake,0,DFD_manipulated_sequences/DFD_manipulated_sequences/15_02__exit_phone_room__XNJIS4S3.mp4,ok,0,,32.54
DFD,train,fake,0,DFD_manipulated_sequences/DFD_manipulated_sequences/15_02__hugging_happy__HTG660F8.mp4,ok,0,,36.61
DFD,train,fake,0,DFD_manipulated_sequences/DFD_manipulated_sequences/15_02__hugging_happy__MZWH8ATN.mp4,ok,0,,36.0
DFD,train,fake,0,DFD_manipulated_sequences/DFD_manipulated_sequences/15_02__hugging_happy__SB6PMCO0.mp4,ok,0,,36.35
DFD,train,fake,0,DFD_manipulated_sequences/DFD_manipulated_sequences/15_02__hugging_happy__XNJIS4S3.mp4,ok,0,,35.22
DFD,train,fake,0,DFD_manipulated_sequences/DFD_manipulated_sequences/15_02__kitchen_still__HTG660F8.mp4,ok,0,,34.68
DFD,train,fake,0,DFD_manipulated_sequences/DFD_manipulated_sequences/15_02__kitchen_still__I8G2LWD1.mp4,ok,0,,5.18
DFD,train,fake,0,DFD_manipulated_sequences/DFD_manipulated_sequences/15_02__kitchen_still__SB6PMCO0.mp4,ok,0,,6.83
DFD,train,fake,0,DFD_manipulated_sequences/DFD_manipulated_sequences/15_02__outside_talking_pan_laughing__I8G2LWD1.mp4,ok,0,,5.89
DFD,train,fake,0,DFD_manipulated_sequences/DFD_manipulated_sequences/15_02__outside_talking_pan_laughing__MCRFMYAE.mp4,ok,0,,5.95
DFD,train,fake,0,DFD_manipulated_sequences/DFD_manipulated_sequences/15_02__outside_talking_still_laughing__HTG660F8.mp4,ok,0,,6.51
DFD,train,fake,0,DFD_manipulated_sequences/DFD_manipulated_sequences/15_02__outside_talking_still_laughing__MCRFMYAE.mp4,ok,0,,6.25
DFD,train,fake,0,DFD_manipulated_sequences/DFD_manipulated_sequences/15_02__outside_talking_still_laughing__P2FAY3DR.mp4,ok,0,,6.26
DFD,train,fake,0,DFD_manipulated_sequences/DFD_manipulated_sequences/15_02__podium_speech_happy__I8G2LWD1.mp4,ok,0,,11.28
DFD,train,fake,0,DFD_manipulated_sequences/DFD_manipulated_sequences/15_02__podium_speech_happy__MZWH8ATN.mp4,ok,0,,10.97
DFD,train,fake,0,DFD_manipulated_sequences/DFD_manipulated_sequences/15_02__podium_speech_happy__N864L40U.mp4,ok,0,,12.58
DFD,train,fake,0,DFD_manipulated_sequences/DFD_manipulated_sequences/15_02__podium_speech_happy__TSRK8QS4.mp4,ok,0,,12.34
DFD,train,fake,0,DFD_manipulated_sequences/DFD_manipulated_sequences/15_02__podium_speech_happy__XNJIS4S3.mp4,ok,0,,11.27
DFD,train,fake,0,DFD_manipulated_sequences/DFD_manipulated_sequences/15_02__talking_against_wall__HTG660F8.mp4,ok,0,,8.19
DFD,train,fake,0,DFD_manipulated_sequences/DFD_manipulated_sequences/15_02__talking_against_wall__I8G2LWD1.mp4,ok,0,,8.06
DFD,train,fake,0,DFD_manipulated_sequences/DFD_manipulated_sequences/15_02__talking_against_wall__MZWH8ATN.mp4,ok,0,,7.74
DFD,train,fake,0,DFD_manipulated_sequences/DFD_manipulated_sequences/15_02__talking_against_wall__P2FAY3DR.mp4,ok,0,,8.08
DFD,train,fake,0,DFD_manipulated_sequences/DFD_manipulated_sequences/15_02__talking_against_wall__TN2CWM3K.mp4,ok,0,,7.91
DFD,train,fake,0,DFD_manipulated_sequences/DFD_manipulated_sequences/15_02__talking_against_wall__TSRK8QS4.mp4,ok,0,,6.18
DFD,train,fake,0,DFD_manipulated_sequences/DFD_manipulated_sequences/15_02__talking_angry_couch__HTG660F8.mp4,ok,0,,9.92
DFD,train,fake,0,DFD_manipulated_sequences/DFD_manipulated_sequences/15_02__talking_angry_couch__I8G2LWD1.mp4,ok,0,,9.09
DFD,train,fake,0,DFD_manipulated_sequences/DFD_manipulated_sequences/15_02__walk_down_hall_angry__HTG660F8.mp4,ok,0,,3.26
DFD,train,fake,0,DFD_manipulated_sequences/DFD_manipulated_sequences/15_02__walking_and_outside_surprised__HTG660F8.mp4,ok,0,,7.95
DFD,train,fake,0,DFD_manipulated_sequences/DFD_manipulated_sequences/15_02__walking_and_outside_surprised__I8G2LWD1.mp4,ok,0,,7.78
DFD,train,fake,0,DFD_manipulated_sequences/DFD_manipulated_sequences/15_02__walking_and_outside_surprised__MZWH8ATN.mp4,ok,0,,7.41
DFD,train,fake,0,DFD_manipulated_sequences/DFD_manipulated_sequences/15_02__walking_and_outside_surprised__N864L40U.mp4,ok,0,,7.35
DFD,train,fake,0,DFD_manipulated_sequences/DFD_manipulated_sequences/15_02__walking_down_indoor_hall_disgust__HTG660F8.mp4,ok,0,,10.68
DFD,train,fake,0,DFD_manipulated_sequences/DFD_manipulated_sequences/15_02__walking_down_street_outside_angry__I8G2LWD1.mp4,ok,0,,3.22
DFD,train,fake,0,DFD_manipulated_sequences/DFD_manipulated_sequences/15_02__walking_down_street_outside_angry__MZWH8ATN.mp4,ok,0,,3.93
DFD,train,fake,0,DFD_manipulated_sequences/DFD_manipulated_sequences/15_02__walking_down_street_outside_angry__QYSDT9SO.mp4,ok,0,,3.69
DFD,train,fake,0,DFD_manipulated_sequences/DFD_manipulated_sequences/15_02__walking_outside_cafe_disgusted__HTG660F8.mp4,ok,0,,3.63
DFD,train,fake,0,DFD_manipulated_sequences/DFD_manipulated_sequences/15_02__walking_outside_cafe_disgusted__MZWH8ATN.mp4,ok,0,,3.9
DFD,train,fake,0,DFD_manipulated_sequences/DFD_manipulated_sequences/15_02__walking_outside_cafe_disgusted__P2FAY3DR.mp4,ok,0,,3.08
DFD,train,fake,0,DFD_manipulated_sequences/DFD_manipulated_sequences/15_03__exit_phone_room__GZNLO4X9.mp4,ok,0,,2.4
DFD,train,fake,0,DFD_manipulated_sequences/DFD_manipulated_sequences/15_03__exit_phone_room__OY4I7ZU8.mp4,ok,0,,2.7
DFD,train,fake,0,DFD_manipulated_sequences/DFD_manipulated_sequences/15_03__hugging_happy__T5SHH2UL.mp4,ok,0,,5.21
DFD,train,fake,0,DFD_manipulated_sequences/DFD_manipulated_sequences/15_03__kitchen_pan__5C1OMK8W.mp4,ok,0,,3.91
DFD,train,fake,0,DFD_manipulated_sequences/DFD_manipulated_sequences/15_03__kitchen_pan__AIOM1U5V.mp4,ok,0,,3.38
DFD,train,fake,0,DFD_manipulated_sequences/DFD_manipulated_sequences/15_03__kitchen_pan__DG8ITQO3.mp4,ok,0,,4.3
DFD,train,fake,0,DFD_manipulated_sequences/DFD_manipulated_sequences/15_03__kitchen_still__OY4I7ZU8.mp4,ok,0,,4.69
DFD,train,fake,0,DFD_manipulated_sequences/DFD_manipulated_sequences/15_03__outside_talking_pan_laughing__AIOM1U5V.mp4,ok,0,,5.96
DFD,train,fake,0,DFD_manipulated_sequences/DFD_manipulated_sequences/15_03__outside_talking_pan_laughing__GZNLO4X9.mp4,ok,0,,5.73
DFD,train,fake,0,DFD_manipulated_sequences/DFD_manipulated_sequences/15_03__outside_talking_still_laughing__Y11NT1YX.mp4,ok,0,,5.74
DFD,train,fake,0,DFD_manipulated_sequences/DFD_manipulated_sequences/15_03__podium_speech_happy__OY4I7ZU8.mp4,ok,0,,8.38
DFD,train,fake,0,DFD_manipulated_sequences/DFD_manipulated_sequences/15_03__podium_speech_happy__Q14RO7M7.mp4,ok,0,,8.34
DFD,train,fake,0,DFD_manipulated_sequences/DFD_manipulated_sequences/15_03__podium_speech_happy__Y11NT1YX.mp4,ok,0,,9.11
DFD,train,fake,0,DFD_manipulated_sequences/DFD_manipulated_sequences/15_03__talking_against_wall__Q14RO7M7.mp4,ok,0,,5.43
DFD,train,fake,0,DFD_manipulated_sequences/DFD_manipulated_sequences/15_03__talking_angry_couch__5C1OMK8W.mp4,ok,0,,8.29
DFD,train,fake,0,DFD_manipulated_sequences/DFD_manipulated_sequences/15_03__talking_angry_couch__DNUJD8M2.mp4,ok,0,,8.89
DFD,train,fake,0,DFD_manipulated_sequences/DFD_manipulated_sequences/15_03__talking_angry_couch__T5SHH2UL.mp4,ok,0,,9.93
DFD,train,fake,0,DFD_manipulated_sequences/DFD_manipulated_sequences/15_03__walk_down_hall_angry__5C1OMK8W.mp4,ok,0,,3.39
DFD,train,fake,0,DFD_manipulated_sequences/DFD_manipulated_sequences/15_03__walk_down_hall_angry__AIOM1U5V.mp4,ok,0,,3.08
DFD,train,fake,0,DFD_manipulated_sequences/DFD_manipulated_sequences/15_03__walk_down_hall_angry__DNUJD8M2.mp4,ok,0,,3.36
DFD,train,fake,0,DFD_manipulated_sequences/DFD_manipulated_sequences/15_03__walking_and_outside_surprised__DG8ITQO3.mp4,ok,0,,7.4
DFD,train,fake,0,DFD_manipulated_sequences/DFD_manipulated_sequences/15_03__walking_and_outside_surprised__OY4I7ZU8.mp4,ok,0,,5.98
DFD,train,fake,0,DFD_manipulated_sequences/DFD_manipulated_sequences/15_03__walking_down_indoor_hall_disgust__OY4I7ZU8.mp4,ok,0,,8.6
DFD,train,fake,0,DFD_manipulated_sequences/DFD_manipulated_sequences/15_03__walking_down_street_outside_angry__DG8ITQO3.mp4,ok,0,,3.48
DFD,train,fake,0,DFD_manipulated_sequences/DFD_manipulated_sequences/15_03__walking_outside_cafe_disgusted__GZNLO4X9.mp4,ok,0,,3.44
DFD,train,fake,0,DFD_manipulated_sequences/DFD_manipulated_sequences/15_06__exit_phone_room__E98QYYXO.mp4,ok,0,,3.4
DFD,train,fake,0,DFD_manipulated_sequences/DFD_manipulated_sequences/15_06__exit_phone_room__QRCD27P8.mp4,ok,0,,2.51
DFD,train,fake,0,DFD_manipulated_sequences/DFD_manipulated_sequences/15_06__hugging_happy__E98QYYXO.mp4,ok,0,,7.11
DFD,train,fake,0,DFD_manipulated_sequences/DFD_manipulated_sequences/15_06__hugging_happy__QRCD27P8.mp4,ok,0,,6.61
DFD,train,fake,0,DFD_manipulated_sequences/DFD_manipulated_sequences/15_06__kitchen_pan__QRCD27P8.mp4,ok,0,,5.18
DFD,train,fake,0,DFD_manipulated_sequences/DFD_manipulated_sequences/15_06__kitchen_still__E98QYYXO.mp4,ok,0,,6.71
DFD,train,fake,0,DFD_manipulated_sequences/DFD_manipulated_sequences/15_06__kitchen_still__QRCD27P8.mp4,ok,0,,7.47
DFD,train,fake,0,DFD_manipulated_sequences/DFD_manipulated_sequences/15_06__outside_talking_pan_laughing__QRCD27P8.mp4,ok,0,,6.79
DFD,train,fake,0,DFD_manipulated_sequences/DFD_manipulated_sequences/15_06__outside_talking_still_laughing__QRCD27P8.mp4,ok,0,,6.83
DFD,train,fake,0,DFD_manipulated_sequences/DFD_manipulated_sequences/15_06__podium_speech_happy__QRCD27P8.mp4,ok,0,,9.49
DFD,train,fake,0,DFD_manipulated_sequences/DFD_manipulated_sequences/15_06__talking_against_wall__QRCD27P8.mp4,ok,0,,7.07
DFD,train,fake,0,DFD_manipulated_sequences/DFD_manipulated_sequences/15_06__walking_and_outside_surprised__E98QYYXO.mp4,ok,0,,7.35
DFD,train,fake,0,DFD_manipulated_sequences/DFD_manipulated_sequences/15_06__walking_and_outside_surprised__QRCD27P8.mp4,ok,0,,6.66
DFD,train,fake,0,DFD_manipulated_sequences/DFD_manipulated_sequences/15_06__walking_down_indoor_hall_disgust__QRCD27P8.mp4,ok,0,,10.92
DFD,train,fake,0,DFD_manipulated_sequences/DFD_manipulated_sequences/15_06__walking_down_street_outside_angry__YDX3GHFS.mp4,ok,0,,3.71
DFD,train,fake,0,DFD_manipulated_sequences/DFD_manipulated_sequences/15_06__walking_outside_cafe_disgusted__QRCD27P8.mp4,ok,0,,3.76
DFD,train,fake,0,DFD_manipulated_sequences/DFD_manipulated_sequences/15_07__exit_phone_room__UGGRZJ60.mp4,ok,0,,2.79
DFD,train,fake,0,DFD_manipulated_sequences/DFD_manipulated_sequences/15_07__hugging_happy__9Z2MLKVX.mp4,ok,0,,5.34
DFD,train,fake,0,DFD_manipulated_sequences/DFD_manipulated_sequences/15_07__kitchen_still__9Z2MLKVX.mp4,ok,0,,6.41
DFD,train,fake,0,DFD_manipulated_sequences/DFD_manipulated_sequences/15_07__outside_talking_still_laughing__8MEZ98NR.mp4,ok,0,,5.25
DFD,train,fake,0,DFD_manipulated_sequences/DFD_manipulated_sequences/15_07__outside_talking_still_laughing__KM6M2TBT.mp4,ok,0,,5.65
DFD,train,fake,0,DFD_manipulated_sequences/DFD_manipulated_sequences/15_07__podium_speech_happy__KM6M2TBT.mp4,ok,0,,8.9
DFD,train,fake,0,DFD_manipulated_sequences/DFD_manipulated_sequences/15_07__walking_down_indoor_hall_disgust__NYPO7U50.mp4,ok,0,,9.58
DFD,train,fake,0,DFD_manipulated_sequences/DFD_manipulated_sequences/15_12__hugging_happy__N0SRODQD.mp4,ok,0,,5.61
DFD,train,fake,0,DFD_manipulated_sequences/DFD_manipulated_sequences/15_12__kitchen_pan__N0SRODQD.mp4,ok,0,,4.62
DFD,train,fake,0,DFD_manipulated_sequences/DFD_manipulated_sequences/15_12__kitchen_pan__RK17XFJ9.mp4,ok,0,,4.71
DFD,train,fake,0,DFD_manipulated_sequences/DFD_manipulated_sequences/15_12__kitchen_still__RK17XFJ9.mp4,ok,0,,6.3
DFD,train,fake,0,DFD_manipulated_sequences/DFD_manipulated_sequences/15_12__outside_talking_still_laughing__RK17XFJ9.mp4,ok,0,,5.26
DFD,train,fake,0,DFD_manipulated_sequences/DFD_manipulated_sequences/15_12__podium_speech_happy__N0SRODQD.mp4,ok,0,,9.23
DFD,train,fake,0,DFD_manipulated_sequences/DFD_manipulated_sequences/15_12__talking_angry_couch__N0SRODQD.mp4,ok,0,,8.08
DFD,train,fake,0,DFD_manipulated_sequences/DFD_manipulated_sequences/15_12__talking_angry_couch__RK17XFJ9.mp4,ok,0,,8.46
DFD,train,fake,0,DFD_manipulated_sequences/DFD_manipulated_sequences/15_12__walk_down_hall_angry__N0SRODQD.mp4,ok,0,,2.95
DFD,train,fake,0,DFD_manipulated_sequences/DFD_manipulated_sequences/15_12__walking_and_outside_surprised__N0SRODQD.mp4,ok,0,,6.85
DFD,train,fake,0,DFD_manipulated_sequences/DFD_manipulated_sequences/15_12__walking_down_indoor_hall_disgust__N0SRODQD.mp4,ok,0,,6.53
DFD,train,fake,0,DFD_manipulated_sequences/DFD_manipulated_sequences/15_12__walking_down_indoor_hall_disgust__RK17XFJ9.mp4,ok,0,,12.07
DFD,train,fake,0,DFD_manipulated_sequences/DFD_manipulated_sequences/15_12__walking_down_street_outside_angry__N0SRODQD.mp4,ok,0,,3.86
DFD,train,fake,0,DFD_manipulated_sequences/DFD_manipulated_sequences/15_13__exit_phone_room__X0EIIJF7.mp4,ok,0,,2.17
DFD,train,fake,0,DFD_manipulated_sequences/DFD_manipulated_sequences/15_13__hugging_happy__X0EIIJF7.mp4,ok,0,,6.04
DFD,train,fake,0,DFD_manipulated_sequences/DFD_manipulated_sequences/15_13__kitchen_pan__X0EIIJF7.mp4,ok,0,,5.92
DFD,train,fake,0,DFD_manipulated_sequences/DFD_manipulated_sequences/15_13__kitchen_still__X0EIIJF7.mp4,ok,0,,7.01
DFD,train,fake,0,DFD_manipulated_sequences/DFD_manipulated_sequences/15_13__outside_talking_pan_laughing__X0EIIJF7.mp4,ok,0,,5.48
DFD,train,fake,0,DFD_manipulated_sequences/DFD_manipulated_sequences/15_13__outside_talking_still_laughing__X0EIIJF7.mp4,ok,0,,5.52
DFD,train,fake,0,DFD_manipulated_sequences/DFD_manipulated_sequences/15_13__walk_down_hall_angry__X0EIIJF7.mp4,ok,0,,2.66
DFD,train,fake,0,DFD_manipulated_sequences/DFD_manipulated_sequences/15_13__walking_down_indoor_hall_disgust__X0EIIJF7.mp4,ok,0,,11.59
DFD,train,fake,0,DFD_manipulated_sequences/DFD_manipulated_sequences/15_13__walking_down_street_outside_angry__X0EIIJF7.mp4,ok,0,,3.67
DFD,train,fake,0,DFD_manipulated_sequences/DFD_manipulated_sequences/15_13__walking_outside_cafe_disgusted__X0EIIJF7.mp4,ok,0,,4.26
DFD,train,fake,0,DFD_manipulated_sequences/DFD_manipulated_sequences/15_14__exit_phone_room__4SO1CSAM.mp4,ok,0,,3.14
DFD,train,fake,0,DFD_manipulated_sequences/DFD_manipulated_sequences/15_14__exit_phone_room__OMLZILK3.mp4,ok,0,,3.48
DFD,train,fake,0,DFD_manipulated_sequences/DFD_manipulated_sequences/15_14__exit_phone_room__RNHLLKSQ.mp4,ok,0,,2.51
DFD,train,fake,0,DFD_manipulated_sequences/DFD_manipulated_sequences/15_14__hugging_happy__OMLZILK3.mp4,ok,0,,7.17
DFD,train,fake,0,DFD_manipulated_sequences/DFD_manipulated_sequences/15_14__kitchen_pan__4SO1CSAM.mp4,ok,0,,5.68
DFD,train,fake,0,DFD_manipulated_sequences/DFD_manipulated_sequences/15_14__outside_talking_pan_laughing__OMLZILK3.mp4,ok,0,,6.53
DFD,train,fake,0,DFD_manipulated_sequences/DFD_manipulated_sequences/15_14__outside_talking_still_laughing__RF38N10R.mp4,ok,0,,6.09
DFD,train,fake,0,DFD_manipulated_sequences/DFD_manipulated_sequences/15_14__outside_talking_still_laughing__RNHLLKSQ.mp4,ok,0,,6.08
DFD,train,fake,0,DFD_manipulated_sequences/DFD_manipulated_sequences/15_14__talking_against_wall__3FRJCJ0V.mp4,ok,0,,6.07
DFD,train,fake,0,DFD_manipulated_sequences/DFD_manipulated_sequences/15_14__talking_against_wall__4SO1CSAM.mp4,ok,0,,6.71
DFD,train,fake,0,DFD_manipulated_sequences/DFD_manipulated_sequences/15_14__walking_and_outside_surprised__OMLZILK3.mp4,ok,0,,8.84
DFD,train,fake,0,DFD_manipulated_sequences/DFD_manipulated_sequences/15_14__walking_down_street_outside_angry__OMLZILK3.mp4,ok,0,,3.84
DFD,train,fake,0,DFD_manipulated_sequences/DFD_manipulated_sequences/15_14__walking_outside_cafe_disgusted__RNHLLKSQ.mp4,ok,0,,4.68
DFD,train,fake,0,DFD_manipulated_sequences/DFD_manipulated_sequences/15_18__kitchen_pan__V5VHLCOW.mp4,ok,0,,4.5
DFD,train,fake,0,DFD_manipulated_sequences/DFD_manipulated_sequences/15_18__kitchen_still__V5VHLCOW.mp4,ok,0,,5.05
DFD,train,fake,0,DFD_manipulated_sequences/DFD_manipulated_sequences/15_18__outside_talking_pan_laughing__V5VHLCOW.mp4,ok,0,,4.88
DFD,train,fake,0,DFD_manipulated_sequences/DFD_manipulated_sequences/15_18__outside_talking_still_laughing__V5VHLCOW.mp4,ok,0,,5.26
DFD,train,fake,0,DFD_manipulated_sequences/DFD_manipulated_sequences/15_18__talking_angry_couch__V5VHLCOW.mp4,ok,0,,9.31
DFD,train,fake,0,DFD_manipulated_sequences/DFD_manipulated_sequences/15_18__walk_down_hall_angry__V5VHLCOW.mp4,ok,0,,3.11
DFD,train,fake,0,DFD_manipulated_sequences/DFD_manipulated_sequences/15_18__walking_and_outside_surprised__V5VHLCOW.mp4,ok,0,,7.77
DFD,train,fake,0,DFD_manipulated_sequences/DFD_manipulated_sequences/15_18__walking_down_indoor_hall_disgust__V5VHLCOW.mp4,ok,0,,13.34
DFD,train,fake,0,DFD_manipulated_sequences/DFD_manipulated_sequences/15_18__walking_down_street_outside_angry__V5VHLCOW.mp4,ok,0,,3.86
DFD,train,fake,0,DFD_manipulated_sequences/DFD_manipulated_sequences/15_20__hugging_happy__99NHTFBM.mp4,ok,0,,6.44
DFD,train,fake,0,DFD_manipulated_sequences/DFD_manipulated_sequences/15_20__kitchen_pan__99NHTFBM.mp4,ok,0,,5.42
DFD,train,fake,0,DFD_manipulated_sequences/DFD_manipulated_sequences/15_20__outside_talking_pan_laughing__99NHTFBM.mp4,ok,0,,6.04
DFD,train,fake,0,DFD_manipulated_sequences/DFD_manipulated_sequences/15_20__outside_talking_still_laughing__99NHTFBM.mp4,ok,0,,6.32
DFD,train,fake,0,DFD_manipulated_sequences/DFD_manipulated_sequences/15_20__podium_speech_happy__99NHTFBM.mp4,ok,0,,10.47
DFD,train,fake,0,DFD_manipulated_sequences/DFD_manipulated_sequences/15_20__talking_angry_couch__99NHTFBM.mp4,ok,0,,10.94
DFD,train,fake,0,DFD_manipulated_sequences/DFD_manipulated_sequences/15_20__walking_down_indoor_hall_disgust__99NHTFBM.mp4,ok,0,,13.79
DFD,train,fake,0,DFD_manipulated_sequences/DFD_manipulated_sequences/15_20__walking_down_indoor_hall_disgust__CYD62VPP.mp4,ok,0,,12.53
DFD,train,fake,0,DFD_manipulated_sequences/DFD_manipulated_sequences/15_20__walking_outside_cafe_disgusted__99NHTFBM.mp4,ok,0,,4.66
DFD,train,fake,0,DFD_manipulated_sequences/DFD_manipulated_sequences/15_25__outside_talking_pan_laughing__BXVA6VQB.mp4,ok,0,,6.75
DFD,train,fake,0,DFD_manipulated_sequences/DFD_manipulated_sequences/15_25__talking_angry_couch__FF95NMIQ.mp4,ok,0,,10.1
DFD,train,fake,0,DFD_manipulated_sequences/DFD_manipulated_sequences/15_25__walking_down_street_outside_angry__FF95NMIQ.mp4,ok,0,,4.6
DFD,train,fake,0,DFD_manipulated_sequences/DFD_manipulated_sequences/15_25__walking_outside_cafe_disgusted__BXVA6VQB.mp4,ok,0,,4.86
DFD,train,fake,0,DFD_manipulated_sequences/DFD_manipulated_sequences/15_26__walking_down_street_outside_angry__JHMUZFIJ.mp4,ok,0,,3.64
DFD,train,fake,0,DFD_manipulated_sequences/DFD_manipulated_sequences/15_27__outside_talking_still_laughing__WZ4MLUAV.mp4,ok,0,,6.82
DFD,train,fake,0,DFD_manipulated_sequences/DFD_manipulated_sequences/15_27__podium_speech_happy__2ERUWYH8.mp4,ok,0,,11.28
DFD,train,fake,0,DFD_manipulated_sequences/DFD_manipulated_sequences/16_17__exit_phone_room__S7UMSIQV.mp4,ok,0,,5.09
DFD,train,fake,0,DFD_manipulated_sequences/DFD_manipulated_sequences/16_17__hugging_happy__S7UMSIQV.mp4,ok,0,,6.37
DFD,train,fake,0,DFD_manipulated_sequences/DFD_manipulated_sequences/16_17__outside_talking_pan_laughing__EWJJTZHY.mp4,ok,0,,5.89
DFD,train,fake,0,DFD_manipulated_sequences/DFD_manipulated_sequences/16_17__outside_talking_pan_laughing__S7UMSIQV.mp4,ok,0,,6.22
DFD,train,fake,0,DFD_manipulated_sequences/DFD_manipulated_sequences/16_17__podium_speech_happy__EWJJTZHY.mp4,ok,0,,10.75
DFD,train,fake,0,DFD_manipulated_sequences/DFD_manipulated_sequences/16_17__talking_against_wall__S7UMSIQV.mp4,ok,0,,8.58
DFD,train,fake,0,DFD_manipulated_sequences/DFD_manipulated_sequences/16_17__walk_down_hall_angry__EWJJTZHY.mp4,ok,0,,3.54
DFD,train,fake,0,DFD_manipulated_sequences/DFD_manipulated_sequences/16_17__walk_down_hall_angry__S7UMSIQV.mp4,ok,0,,3.48
DFD,train,fake,0,DFD_manipulated_sequences/DFD_manipulated_sequences/16_17__walking_down_indoor_hall_disgust__S7UMSIQV.mp4,ok,0,,9.94
DFD,train,fake,0,DFD_manipulated_sequences/DFD_manipulated_sequences/16_17__walking_outside_cafe_disgusted__S7UMSIQV.mp4,ok,0,,8.87
DFD,train,fake,0,DFD_manipulated_sequences/DFD_manipulated_sequences/16_28__hugging_happy__X5FNCYON.mp4,ok,0,,7.75
DFD,train,fake,0,DFD_manipulated_sequences/DFD_manipulated_sequences/16_28__kitchen_pan__6DWLCU6T.mp4,ok,0,,7.21
DFD,train,fake,0,DFD_manipulated_sequences/DFD_manipulated_sequences/16_28__kitchen_still__NAZP864W.mp4,ok,0,,6.7
DFD,train,fake,0,DFD_manipulated_sequences/DFD_manipulated_sequences/16_28__kitchen_still__U757192N.mp4,ok,0,,6.87
DFD,train,fake,0,DFD_manipulated_sequences/DFD_manipulated_sequences/16_28__outside_talking_pan_laughing__OANAQYD5.mp4,ok,0,,6.27
DFD,train,fake,0,DFD_manipulated_sequences/DFD_manipulated_sequences/16_28__outside_talking_pan_laughing__U757192N.mp4,ok,0,,6.84
DFD,train,fake,0,DFD_manipulated_sequences/DFD_manipulated_sequences/16_28__outside_talking_pan_laughing__X5FNCYON.mp4,ok,0,,6.33
DFD,train,fake,0,DFD_manipulated_sequences/DFD_manipulated_sequences/16_28__podium_speech_happy__6DWLCU6T.mp4,ok,0,,8.85
DFD,train,fake,0,DFD_manipulated_sequences/DFD_manipulated_sequences/16_28__walking_outside_cafe_disgusted__R1QD0XDQ.mp4,ok,0,,7.52
DFD,train,fake,0,DFD_manipulated_sequences/DFD_manipulated_sequences/17_16__exit_phone_room__S7UMSIQV.mp4,ok,0,,5.23
DFD,train,fake,0,DFD_manipulated_sequences/DFD_manipulated_sequences/17_16__hugging_happy__S7UMSIQV.mp4,ok,0,,2.49
DFD,train,fake,0,DFD_manipulated_sequences/DFD_manipulated_sequences/17_16__outside_talking_pan_laughing__EWJJTZHY.mp4,ok,0,,4.53
DFD,train,fake,0,DFD_manipulated_sequences/DFD_manipulated_sequences/17_16__outside_talking_pan_laughing__S7UMSIQV.mp4,ok,0,,5.05
DFD,train,fake,0,DFD_manipulated_sequences/DFD_manipulated_sequences/17_16__podium_speech_happy__EWJJTZHY.mp4,ok,0,,8.16
DFD,train,fake,0,DFD_manipulated_sequences/DFD_manipulated_sequences/17_16__talking_against_wall__S7UMSIQV.mp4,ok,0,,6.16
DFD,train,fake,0,DFD_manipulated_sequences/DFD_manipulated_sequences/17_16__walk_down_hall_angry__EWJJTZHY.mp4,ok,0,,2.72
DFD,train,fake,0,DFD_manipulated_sequences/DFD_manipulated_sequences/17_16__walk_down_hall_angry__P141P1QH.mp4,ok,0,,2.59
DFD,train,fake,0,DFD_manipulated_sequences/DFD_manipulated_sequences/17_16__walk_down_hall_angry__S7UMSIQV.mp4,ok,0,,2.87
DFD,train,fake,0,DFD_manipulated_sequences/DFD_manipulated_sequences/17_16__walking_down_indoor_hall_disgust__P141P1QH.mp4,ok,0,,9.1
DFD,train,fake,0,DFD_manipulated_sequences/DFD_manipulated_sequences/17_16__walking_down_indoor_hall_disgust__S7UMSIQV.mp4,ok,0,,8.95
DFD,train,fake,0,DFD_manipulated_sequences/DFD_manipulated_sequences/18_02__exit_phone_room__B95S4G6F.mp4,ok,0,,4.23
DFD,train,fake,0,DFD_manipulated_sequences/DFD_manipulated_sequences/18_02__kitchen_pan__OXMEEFUQ.mp4,ok,0,,6.96
DFD,train,fake,0,DFD_manipulated_sequences/DFD_manipulated_sequences/18_02__kitchen_still__B95S4G6F.mp4,ok,0,,6.76
DFD,train,fake,0,DFD_manipulated_sequences/DFD_manipulated_sequences/18_02__outside_talking_still_laughing__OXMEEFUQ.mp4,ok,0,,7.52
DFD,train,fake,0,DFD_manipulated_sequences/DFD_manipulated_sequences/18_02__secret_conversation__B95S4G6F.mp4,ok,0,,7.29
DFD,train,fake,0,DFD_manipulated_sequences/DFD_manipulated_sequences/18_02__secret_conversation__OXMEEFUQ.mp4,ok,0,,2.92
DFD,train,fake,0,DFD_manipulated_sequences/DFD_manipulated_sequences/18_02__walk_down_hall_angry__B95S4G6F.mp4,ok,0,,3.64
DFD,train,fake,0,DFD_manipulated_sequences/DFD_manipulated_sequences/18_02__walking_down_street_outside_angry__21JTDDEL.mp4,ok,0,,5.81
DFD,train,fake,0,DFD_manipulated_sequences/DFD_manipulated_sequences/18_03__exit_phone_room__22UBC0BS.mp4,ok,0,,4.59
DFD,train,fake,0,DFD_manipulated_sequences/DFD_manipulated_sequences/18_03__exit_phone_room__32DBR8L4.mp4,ok,0,,3.75
DFD,train,fake,0,DFD_manipulated_sequences/DFD_manipulated_sequences/18_03__exit_phone_room__N72YE748.mp4,ok,0,,3.68
DFD,train,fake,0,DFD_manipulated_sequences/DFD_manipulated_sequences/18_03__kitchen_pan__22UBC0BS.mp4,ok,0,,7.06
DFD,train,fake,0,DFD_manipulated_sequences/DFD_manipulated_sequences/18_03__kitchen_still__22UBC0BS.mp4,ok,0,,6.87
DFD,train,fake,0,DFD_manipulated_sequences/DFD_manipulated_sequences/18_03__outside_talking_pan_laughing__22UBC0BS.mp4,ok,0,,7.19
DFD,train,fake,0,DFD_manipulated_sequences/DFD_manipulated_sequences/18_03__outside_talking_pan_laughing__32DBR8L4.mp4,ok,0,,6.68
DFD,train,fake,0,DFD_manipulated_sequences/DFD_manipulated_sequences/18_03__outside_talking_pan_laughing__8HNSXOBW.mp4,ok,0,,6.69
DFD,train,fake,0,DFD_manipulated_sequences/DFD_manipulated_sequences/18_03__podium_speech_happy__22UBC0BS.mp4,ok,0,,9.6
DFD,train,fake,0,DFD_manipulated_sequences/DFD_manipulated_sequences/18_03__podium_speech_happy__UEC1BI8E.mp4,ok,0,,8.96
DFD,train,fake,0,DFD_manipulated_sequences/DFD_manipulated_sequences/18_03__secret_conversation__32DBR8L4.mp4,ok,0,,2.81
DFD,train,fake,0,DFD_manipulated_sequences/DFD_manipulated_sequences/18_03__walk_down_hall_angry__22UBC0BS.mp4,ok,0,,3.7
DFD,train,fake,0,DFD_manipulated_sequences/DFD_manipulated_sequences/18_03__walk_down_hall_angry__N72YE748.mp4,ok,0,,3.45
DFD,train,fake,0,DFD_manipulated_sequences/DFD_manipulated_sequences/18_03__walking_down_street_outside_angry__22UBC0BS.mp4,ok,0,,5.72
DFD,train,fake,0,DFD_manipulated_sequences/DFD_manipulated_sequences/18_03__walking_outside_cafe_disgusted__22UBC0BS.mp4,ok,0,,3.46
DFD,train,fake,0,DFD_manipulated_sequences/DFD_manipulated_sequences/18_03__walking_outside_cafe_disgusted__UEC1BI8E.mp4,ok,0,,3.94
DFD,train,fake,0,DFD_manipulated_sequences/DFD_manipulated_sequences/18_06__exit_phone_room__H9445M6R.mp4,ok,0,,4.41
DFD,train,fake,0,DFD_manipulated_sequences/DFD_manipulated_sequences/18_06__kitchen_pan__5HNHMK6G.mp4,ok,0,,7.65
DFD,train,fake,0,DFD_manipulated_sequences/DFD_manipulated_sequences/18_06__kitchen_pan__XJ76YU5A.mp4,ok,0,,7.18
DFD,train,fake,0,DFD_manipulated_sequences/DFD_manipulated_sequences/18_06__kitchen_still__XJ76YU5A.mp4,ok,0,,8.28
DFD,train,fake,0,DFD_manipulated_sequences/DFD_manipulated_sequences/18_06__outside_talking_pan_laughing__DEA1TCLN.mp4,ok,0,,7.24
DFD,train,fake,0,DFD_manipulated_sequences/DFD_manipulated_sequences/18_06__outside_talking_pan_laughing__OWJY9LQU.mp4,ok,0,,6.7
DFD,train,fake,0,DFD_manipulated_sequences/DFD_manipulated_sequences/18_06__outside_talking_still_laughing__DEA1TCLN.mp4,ok,0,,6.23
DFD,train,fake,0,DFD_manipulated_sequences/DFD_manipulated_sequences/18_06__podium_speech_happy__DEA1TCLN.mp4,ok,0,,8.44
DFD,train,fake,0,DFD_manipulated_sequences/DFD_manipulated_sequences/18_06__podium_speech_happy__M36D0OJT.mp4,ok,0,,8.5
DFD,train,fake,0,DFD_manipulated_sequences/DFD_manipulated_sequences/18_06__secret_conversation__DEA1TCLN.mp4,ok,0,,3.48
DFD,train,fake,0,DFD_manipulated_sequences/DFD_manipulated_sequences/18_06__talking_against_wall__DEA1TCLN.mp4,ok,0,,6.64
DFD,train,fake,0,DFD_manipulated_sequences/DFD_manipulated_sequences/18_06__walking_down_street_outside_angry__MVXBDKGB.mp4,ok,0,,4.89
DFD,train,fake,0,DFD_manipulated_sequences/DFD_manipulated_sequences/18_06__walking_down_street_outside_angry__UIQG2RF4.mp4,ok,0,,4.36
DFD,train,fake,0,DFD_manipulated_sequences/DFD_manipulated_sequences/18_06__walking_outside_cafe_disgusted__DEA1TCLN.mp4,ok,0,,3.06
DFD,train,fake,0,DFD_manipulated_sequences/DFD_manipulated_sequences/18_06__walking_outside_cafe_disgusted__OWJY9LQU.mp4,ok,0,,3.09
DFD,train,fake,0,DFD_manipulated_sequences/DFD_manipulated_sequences/18_06__walking_outside_cafe_disgusted__XJ76YU5A.mp4,ok,0,,3.4
DFD,train,fake,0,DFD_manipulated_sequences/DFD_manipulated_sequences/18_11__kitchen_still__PT4YKO2R.mp4,ok,0,,6.28
DFD,train,fake,0,DFD_manipulated_sequences/DFD_manipulated_sequences/18_11__outside_talking_pan_laughing__PT4YKO2R.mp4,ok,0,,6.43
DFD,train,fake,0,DFD_manipulated_sequences/DFD_manipulated_sequences/18_11__outside_talking_pan_laughing__TRJUIS24.mp4,ok,0,,6.57
DFD,train,fake,0,DFD_manipulated_sequences/DFD_manipulated_sequences/18_11__podium_speech_happy__DBSWZLXL.mp4,ok,0,,7.7
DFD,train,fake,0,DFD_manipulated_sequences/DFD_manipulated_sequences/18_11__secret_conversation__JJ1YREUN.mp4,ok,0,,7.11
DFD,train,fake,0,DFD_manipulated_sequences/DFD_manipulated_sequences/18_11__secret_conversation__PT4YKO2R.mp4,ok,0,,2.67
DFD,train,fake,0,DFD_manipulated_sequences/DFD_manipulated_sequences/18_11__talking_against_wall__PT4YKO2R.mp4,ok,0,,6.31
DFD,train,fake,0,DFD_manipulated_sequences/DFD_manipulated_sequences/18_11__talking_against_wall__R1NMCHKG.mp4,ok,0,,6.06
DFD,train,fake,0,DFD_manipulated_sequences/DFD_manipulated_sequences/18_11__talking_against_wall__Z5MZ8PP7.mp4,ok,0,,6.48
DFD,train,fake,0,DFD_manipulated_sequences/DFD_manipulated_sequences/18_11__walk_down_hall_angry__PT4YKO2R.mp4,ok,0,,3.34
DFD,train,fake,0,DFD_manipulated_sequences/DFD_manipulated_sequences/18_11__walking_down_street_outside_angry__PT4YKO2R.mp4,ok,0,,4.65
DFD,train,fake,0,DFD_manipulated_sequences/DFD_manipulated_sequences/18_11__walking_outside_cafe_disgusted__TRJUIS24.mp4,ok,0,,3.59
DFD,train,fake,0,DFD_manipulated_sequences/DFD_manipulated_sequences/18_12__outside_talking_pan_laughing__IKH1LBBY.mp4,ok,0,,5.94
DFD,train,fake,0,DFD_manipulated_sequences/DFD_manipulated_sequences/18_12__outside_talking_still_laughing__IKH1LBBY.mp4,ok,0,,6.42
DFD,train,fake,0,DFD_manipulated_sequences/DFD_manipulated_sequences/18_12__talking_against_wall__IKH1LBBY.mp4,ok,0,,6.28
DFD,train,fake,0,DFD_manipulated_sequences/DFD_manipulated_sequences/18_12__walking_outside_cafe_disgusted__IKH1LBBY.mp4,ok,0,,3.24
DFD,train,fake,0,DFD_manipulated_sequences/DFD_manipulated_sequences/18_13__outside_talking_still_laughing__3II4T6H5.mp4,ok,0,,6.48
DFD,train,fake,0,DFD_manipulated_sequences/DFD_manipulated_sequences/18_14__exit_phone_room__0YRBHIKG.mp4,ok,0,,3.22
DFD,train,fake,0,DFD_manipulated_sequences/DFD_manipulated_sequences/18_14__exit_phone_room__6SB2BR0A.mp4,ok,0,,3.38
DFD,train,fake,0,DFD_manipulated_sequences/DFD_manipulated_sequences/18_14__exit_phone_room__MAEROFMR.mp4,ok,0,,3.44
DFD,train,fake,0,DFD_manipulated_sequences/DFD_manipulated_sequences/18_14__kitchen_pan__A5A1Q467.mp4,ok,0,,5.53
DFD,train,fake,0,DFD_manipulated_sequences/DFD_manipulated_sequences/18_14__kitchen_still__0YRBHIKG.mp4,ok,0,,6.16
DFD,train,fake,0,DFD_manipulated_sequences/DFD_manipulated_sequences/18_14__kitchen_still__A5A1Q467.mp4,ok,0,,6.83
DFD,train,fake,0,DFD_manipulated_sequences/DFD_manipulated_sequences/18_14__outside_talking_still_laughing__6SB2BR0A.mp4,ok,0,,7.32
DFD,train,fake,0,DFD_manipulated_sequences/DFD_manipulated_sequences/18_14__podium_speech_happy__0YRBHIKG.mp4,ok,0,,8.63
DFD,train,fake,0,DFD_manipulated_sequences/DFD_manipulated_sequences/18_14__secret_conversation__A5A1Q467.mp4,ok,0,,2.12
DFD,train,fake,0,DFD_manipulated_sequences/DFD_manipulated_sequences/18_14__secret_conversation__HYMNQ00Q.mp4,ok,0,,7.19
DFD,train,fake,0,DFD_manipulated_sequences/DFD_manipulated_sequences/18_14__secret_conversation__MAEROFMR.mp4,ok,0,,7.32
DFD,train,fake,0,DFD_manipulated_sequences/DFD_manipulated_sequences/18_14__talking_against_wall__0YRBHIKG.mp4,ok,0,,6.42
DFD,train,fake,0,DFD_manipulated_sequences/DFD_manipulated_sequences/18_14__talking_against_wall__A5A1Q467.mp4,ok,0,,5.77
DFD,train,fake,0,DFD_manipulated_sequences/DFD_manipulated_sequences/18_14__walk_down_hall_angry__A5A1Q467.mp4,ok,0,,3.67
DFD,train,fake,0,DFD_manipulated_sequences/DFD_manipulated_sequences/18_14__walking_outside_cafe_disgusted__0YRBHIKG.mp4,ok,0,,4.11
DFD,train,fake,0,DFD_manipulated_sequences/DFD_manipulated_sequences/18_15__kitchen_pan__V5VHLCOW.mp4,ok,0,,6.82
DFD,train,fake,0,DFD_manipulated_sequences/DFD_manipulated_sequences/18_15__kitchen_still__V5VHLCOW.mp4,ok,0,,7.29
DFD,train,fake,0,DFD_manipulated_sequences/DFD_manipulated_sequences/18_15__outside_talking_pan_laughing__V5VHLCOW.mp4,ok,0,,8.03
DFD,train,fake,0,DFD_manipulated_sequences/DFD_manipulated_sequences/18_15__outside_talking_still_laughing__V5VHLCOW.mp4,ok,0,,7.59
DFD,train,fake,0,DFD_manipulated_sequences/DFD_manipulated_sequences/18_15__secret_conversation__V5VHLCOW.mp4,ok,0,,7.29
DFD,train,fake,0,DFD_manipulated_sequences/DFD_manipulated_sequences/18_15__walk_down_hall_angry__V5VHLCOW.mp4,ok,0,,4.03
DFD,train,fake,0,DFD_manipulated_sequences/DFD_manipulated_sequences/18_15__walking_down_street_outside_angry__V5VHLCOW.mp4,ok,0,,4.88
DFD,train,fake,0,DFD_manipulated_sequences/DFD_manipulated_sequences/18_20__outside_talking_pan_laughing__8BMQOD7S.mp4,ok,0,,7.25
DFD,train,fake,0,DFD_manipulated_sequences/DFD_manipulated_sequences/18_20__walking_outside_cafe_disgusted__8BMQOD7S.mp4,ok,0,,3.95
DFD,train,fake,0,DFD_manipulated_sequences/DFD_manipulated_sequences/18_25__exit_phone_room__AUC0HY5T.mp4,ok,0,,5.29
DFD,train,fake,0,DFD_manipulated_sequences/DFD_manipulated_sequences/18_25__outside_talking_pan_laughing__41UL3HO6.mp4,ok,0,,7.42
DFD,train,fake,0,DFD_manipulated_sequences/DFD_manipulated_sequences/18_25__outside_talking_pan_laughing__AUC0HY5T.mp4,ok,0,,6.84
DFD,train,fake,0,DFD_manipulated_sequences/DFD_manipulated_sequences/18_25__outside_talking_pan_laughing__SEGFKFJG.mp4,ok,0,,6.12
DFD,train,fake,0,DFD_manipulated_sequences/DFD_manipulated_sequences/18_25__podium_speech_happy__SEGFKFJG.mp4,ok,0,,6.35
DFD,train,fake,0,DFD_manipulated_sequences/DFD_manipulated_sequences/18_25__talking_against_wall__SEGFKFJG.mp4,ok,0,,5.31
DFD,train,fake,0,DFD_manipulated_sequences/DFD_manipulated_sequences/18_25__walk_down_hall_angry__AUC0HY5T.mp4,ok,0,,2.94
DFD,train,fake,0,DFD_manipulated_sequences/DFD_manipulated_sequences/18_25__walking_down_street_outside_angry__41UL3HO6.mp4,ok,0,,4.64
DFD,train,fake,0,DFD_manipulated_sequences/DFD_manipulated_sequences/18_25__walking_outside_cafe_disgusted__SEGFKFJG.mp4,ok,0,,3.25
DFD,train,fake,0,DFD_manipulated_sequences/DFD_manipulated_sequences/18_26__exit_phone_room__AI94QW74.mp4,ok,0,,3.55
DFD,train,fake,0,DFD_manipulated_sequences/DFD_manipulated_sequences/18_26__kitchen_still__C9VUQS9O.mp4,ok,0,,5.9
DFD,train,fake,0,DFD_manipulated_sequences/DFD_manipulated_sequences/18_26__kitchen_still__UMEX6HWU.mp4,ok,0,,6.5
DFD,train,fake,0,DFD_manipulated_sequences/DFD_manipulated_sequences/18_26__outside_talking_still_laughing__AI94QW74.mp4,ok,0,,7.44
DFD,train,fake,0,DFD_manipulated_sequences/DFD_manipulated_sequences/18_26__outside_talking_still_laughing__UMEX6HWU.mp4,ok,0,,5.52
DFD,train,fake,0,DFD_manipulated_sequences/DFD_manipulated_sequences/18_26__podium_speech_happy__C9VUQS9O.mp4,ok,0,,7.69
DFD,train,fake,0,DFD_manipulated_sequences/DFD_manipulated_sequences/18_26__podium_speech_happy__UMEX6HWU.mp4,ok,0,,7.06
DFD,train,fake,0,DFD_manipulated_sequences/DFD_manipulated_sequences/18_26__secret_conversation__UMEX6HWU.mp4,ok,0,,7.53
DFD,train,fake,0,DFD_manipulated_sequences/DFD_manipulated_sequences/18_26__talking_against_wall__AI94QW74.mp4,ok,0,,6.75
DFD,train,fake,0,DFD_manipulated_sequences/DFD_manipulated_sequences/18_26__talking_against_wall__UMEX6HWU.mp4,ok,0,,6.74
DFD,train,fake,0,DFD_manipulated_sequences/DFD_manipulated_sequences/18_26__walk_down_hall_angry__AI94QW74.mp4,ok,0,,3.87
DFD,train,fake,0,DFD_manipulated_sequences/DFD_manipulated_sequences/18_26__walk_down_hall_angry__C9VUQS9O.mp4,ok,0,,3.14
DFD,train,fake,0,DFD_manipulated_sequences/DFD_manipulated_sequences/18_26__walk_down_hall_angry__UMEX6HWU.mp4,ok,0,,3.03
DFD,train,fake,0,DFD_manipulated_sequences/DFD_manipulated_sequences/18_26__walking_down_street_outside_angry__UMEX6HWU.mp4,ok,0,,3.91
DFD,train,fake,0,DFD_manipulated_sequences/DFD_manipulated_sequences/18_26__walking_outside_cafe_disgusted__UMEX6HWU.mp4,ok,0,,3.09
DFD,train,fake,0,DFD_manipulated_sequences/DFD_manipulated_sequences/18_27__kitchen_pan__BSOLX3SI.mp4,ok,0,,6.52
DFD,train,fake,0,DFD_manipulated_sequences/DFD_manipulated_sequences/18_27__kitchen_pan__G7OOOUCX.mp4,ok,0,,6.71
DFD,train,fake,0,DFD_manipulated_sequences/DFD_manipulated_sequences/18_27__kitchen_pan__GRZ07XTD.mp4,ok,0,,6.18
DFD,train,fake,0,DFD_manipulated_sequences/DFD_manipulated_sequences/18_27__kitchen_still__NYHE8D0J.mp4,ok,0,,6.51
DFD,train,fake,0,DFD_manipulated_sequences/DFD_manipulated_sequences/18_27__outside_talking_pan_laughing__NYHE8D0J.mp4,ok,0,,6.65
DFD,train,fake,0,DFD_manipulated_sequences/DFD_manipulated_sequences/18_27__outside_talking_still_laughing__G7OOOUCX.mp4,ok,0,,6.58
DFD,train,fake,0,DFD_manipulated_sequences/DFD_manipulated_sequences/18_27__outside_talking_still_laughing__NYHE8D0J.mp4,ok,0,,6.4
DFD,train,fake,0,DFD_manipulated_sequences/DFD_manipulated_sequences/18_27__talking_against_wall__NYHE8D0J.mp4,ok,0,,6.13
DFD,train,fake,0,DFD_manipulated_sequences/DFD_manipulated_sequences/18_27__walk_down_hall_angry__BSOLX3SI.mp4,ok,0,,3.52
DFD,train,fake,0,DFD_manipulated_sequences/DFD_manipulated_sequences/18_27__walk_down_hall_angry__NYHE8D0J.mp4,ok,0,,4.07
DFD,train,fake,0,DFD_manipulated_sequences/DFD_manipulated_sequences/18_27__walking_outside_cafe_disgusted__NYHE8D0J.mp4,ok,0,,4.42
DFD,train,fake,0,DFD_manipulated_sequences/DFD_manipulated_sequences/19_10__exit_phone_room__BVVPN5D5.mp4,ok,0,,3.14
DFD,train,fake,0,DFD_manipulated_sequences/DFD_manipulated_sequences/19_10__exit_phone_room__IDX76N5R.mp4,ok,0,,3.37
DFD,train,fake,0,DFD_manipulated_sequences/DFD_manipulated_sequences/19_10__kitchen_still__IDX76N5R.mp4,ok,0,,5.86
DFD,train,fake,0,DFD_manipulated_sequences/DFD_manipulated_sequences/19_10__outside_talking_pan_laughing__FFXB67PI.mp4,ok,0,,4.84
DFD,train,fake,0,DFD_manipulated_sequences/DFD_manipulated_sequences/19_10__podium_speech_happy__FFXB67PI.mp4,ok,0,,4.74
DFD,train,fake,0,DFD_manipulated_sequences/DFD_manipulated_sequences/19_10__talking_against_wall__O2IKR6YM.mp4,ok,0,,5.01
DFD,train,fake,0,DFD_manipulated_sequences/DFD_manipulated_sequences/19_10__talking_angry_couch__BVVPN5D5.mp4,ok,0,,8.75
DFD,train,fake,0,DFD_manipulated_sequences/DFD_manipulated_sequences/19_10__walk_down_hall_angry__BVVPN5D5.mp4,ok,0,,3.51
DFD,train,fake,0,DFD_manipulated_sequences/DFD_manipulated_sequences/19_10__walking_down_street_outside_angry__O2IKR6YM.mp4,ok,0,,3.58
DFD,train,fake,0,DFD_manipulated_sequences/DFD_manipulated_sequences/19_10__walking_down_street_outside_angry__QNZIMEJH.mp4,ok,0,,3.23
DFD,train,fake,0,DFD_manipulated_sequences/DFD_manipulated_sequences/19_22__kitchen_still__VK6BF5NV.mp4,ok,0,,5.45
DFD,train,fake,0,DFD_manipulated_sequences/DFD_manipulated_sequences/19_22__outside_talking_pan_laughing__VK6BF5NV.mp4,ok,0,,4.8
DFD,train,fake,0,DFD_manipulated_sequences/DFD_manipulated_sequences/19_22__talking_against_wall__VK6BF5NV.mp4,ok,0,,5.22
DFD,train,fake,0,DFD_manipulated_sequences/DFD_manipulated_sequences/19_22__walk_down_hall_angry__VK6BF5NV.mp4,ok,0,,3.84
DFD,train,fake,0,DFD_manipulated_sequences/DFD_manipulated_sequences/19_22__walking_outside_cafe_disgusted__VK6BF5NV.mp4,ok,0,,2.88
DFD,train,fake,0,DFD_manipulated_sequences/DFD_manipulated_sequences/20_03__hugging_happy__Z6V05FXO.mp4,ok,0,,5.41
DFD,train,fake,0,DFD_manipulated_sequences/DFD_manipulated_sequences/20_03__outside_talking_pan_laughing__61SVZ2J7.mp4,ok,0,,4.77
DFD,train,fake,0,DFD_manipulated_sequences/DFD_manipulated_sequences/20_03__secret_conversation__61SVZ2J7.mp4,ok,0,,5.61
DFD,train,fake,0,DFD_manipulated_sequences/DFD_manipulated_sequences/20_03__secret_conversation__Z6V05FXO.mp4,ok,0,,6.12
DFD,train,fake,0,DFD_manipulated_sequences/DFD_manipulated_sequences/20_03__talking_against_wall__9NFWR304.mp4,ok,0,,6.67
DFD,train,fake,0,DFD_manipulated_sequences/DFD_manipulated_sequences/20_03__talking_angry_couch__61SVZ2J7.mp4,ok,0,,10.78
DFD,train,fake,0,DFD_manipulated_sequences/DFD_manipulated_sequences/20_03__talking_angry_couch__9NFWR304.mp4,ok,0,,10.91
DFD,train,fake,0,DFD_manipulated_sequences/DFD_manipulated_sequences/20_03__walk_down_hall_angry__61SVZ2J7.mp4,ok,0,,3.66
DFD,train,fake,0,DFD_manipulated_sequences/DFD_manipulated_sequences/20_06__hugging_happy__6SUW7063.mp4,ok,0,,5.44
DFD,train,fake,0,DFD_manipulated_sequences/DFD_manipulated_sequences/20_06__kitchen_pan__6SUW7063.mp4,ok,0,,4.41
DFD,train,fake,0,DFD_manipulated_sequences/DFD_manipulated_sequences/20_06__outside_talking_pan_laughing__6SUW7063.mp4,ok,0,,5.82
DFD,train,fake,0,DFD_manipulated_sequences/DFD_manipulated_sequences/20_06__podium_speech_happy__6SUW7063.mp4,ok,0,,6.96
DFD,train,fake,0,DFD_manipulated_sequences/DFD_manipulated_sequences/20_06__walk_down_hall_angry__6SUW7063.mp4,ok,0,,2.37
DFD,train,fake,0,DFD_manipulated_sequences/DFD_manipulated_sequences/20_07__outside_talking_pan_laughing__5VT4USF9.mp4,ok,0,,5.51
DFD,train,fake,0,DFD_manipulated_sequences/DFD_manipulated_sequences/20_07__outside_talking_pan_laughing__KV6Q7D6C.mp4,ok,0,,5.57
DFD,train,fake,0,DFD_manipulated_sequences/DFD_manipulated_sequences/20_07__outside_talking_still_laughing__5VT4USF9.mp4,ok,0,,5.32
DFD,train,fake,0,DFD_manipulated_sequences/DFD_manipulated_sequences/20_07__secret_conversation__5VT4USF9.mp4,ok,0,,6.23
DFD,train,fake,0,DFD_manipulated_sequences/DFD_manipulated_sequences/20_07__talking_against_wall__KV6Q7D6C.mp4,ok,0,,6.29
DFD,train,fake,0,DFD_manipulated_sequences/DFD_manipulated_sequences/20_07__walk_down_hall_angry__KV6Q7D6C.mp4,ok,0,,3.2
DFD,train,fake,0,DFD_manipulated_sequences/DFD_manipulated_sequences/20_07__walking_and_outside_surprised__9I0WSUJV.mp4,ok,0,,8.03
DFD,train,fake,0,DFD_manipulated_sequences/DFD_manipulated_sequences/20_11__hugging_happy__GNK9UR8K.mp4,ok,0,,5.99
DFD,train,fake,0,DFD_manipulated_sequences/DFD_manipulated_sequences/20_11__kitchen_still__GNK9UR8K.mp4,ok,0,,5.36
DFD,train,fake,0,DFD_manipulated_sequences/DFD_manipulated_sequences/20_11__outside_talking_still_laughing__GNK9UR8K.mp4,ok,0,,4.98
DFD,train,fake,0,DFD_manipulated_sequences/DFD_manipulated_sequences/20_11__secret_conversation__B2H95QXV.mp4,ok,0,,4.6
DFD,train,fake,0,DFD_manipulated_sequences/DFD_manipulated_sequences/20_11__walk_down_hall_angry__B2H95QXV.mp4,ok,0,,3.72
DFD,train,fake,0,DFD_manipulated_sequences/DFD_manipulated_sequences/20_11__walking_down_street_outside_angry__B2H95QXV.mp4,ok,0,,5.95
DFD,train,fake,0,DFD_manipulated_sequences/DFD_manipulated_sequences/20_12__kitchen_pan__B0X1CGG2.mp4,ok,0,,4.96
DFD,train,fake,0,DFD_manipulated_sequences/DFD_manipulated_sequences/20_12__kitchen_still__VD7BCF1U.mp4,ok,0,,5.64
DFD,train,fake,0,DFD_manipulated_sequences/DFD_manipulated_sequences/20_12__outside_talking_pan_laughing__VD7BCF1U.mp4,ok,0,,4.93
DFD,train,fake,0,DFD_manipulated_sequences/DFD_manipulated_sequences/20_12__outside_talking_still_laughing__GHPWDH3C.mp4,ok,0,,4.07
DFD,train,fake,0,DFD_manipulated_sequences/DFD_manipulated_sequences/20_12__secret_conversation__B0X1CGG2.mp4,ok,0,,0.85
DFD,train,fake,0,DFD_manipulated_sequences/DFD_manipulated_sequences/20_12__talking_against_wall__GHPWDH3C.mp4,ok,0,,6.39
DFD,train,fake,0,DFD_manipulated_sequences/DFD_manipulated_sequences/20_12__walk_down_hall_angry__B0X1CGG2.mp4,ok,0,,2.68
DFD,train,fake,0,DFD_manipulated_sequences/DFD_manipulated_sequences/20_12__walking_down_indoor_hall_disgust__GHPWDH3C.mp4,ok,0,,11.37
DFD,train,fake,0,DFD_manipulated_sequences/DFD_manipulated_sequences/20_13__exit_phone_room__C50CSOEX.mp4,ok,0,,4.08
DFD,train,fake,0,DFD_manipulated_sequences/DFD_manipulated_sequences/20_13__hugging_happy__4RU7I77X.mp4,ok,0,,5.14
DFD,train,fake,0,DFD_manipulated_sequences/DFD_manipulated_sequences/20_13__hugging_happy__C50CSOEX.mp4,ok,0,,5.81
DFD,train,fake,0,DFD_manipulated_sequences/DFD_manipulated_sequences/20_13__hugging_happy__EV1V4ZQV.mp4,ok,0,,5.03
DFD,train,fake,0,DFD_manipulated_sequences/DFD_manipulated_sequences/20_13__hugging_happy__HQHYKNGK.mp4,ok,0,,5.74
DFD,train,fake,0,DFD_manipulated_sequences/DFD_manipulated_sequences/20_13__kitchen_pan__4SAX54BT.mp4,ok,0,,4.91
DFD,train,fake,0,DFD_manipulated_sequences/DFD_manipulated_sequences/20_13__kitchen_pan__HQHYKNGK.mp4,ok,0,,4.59
DFD,train,fake,0,DFD_manipulated_sequences/DFD_manipulated_sequences/20_13__kitchen_still__2994SNXH.mp4,ok,0,,6.38
DFD,train,fake,0,DFD_manipulated_sequences/DFD_manipulated_sequences/20_13__kitchen_still__EV1V4ZQV.mp4,ok,0,,5.98
DFD,train,fake,0,DFD_manipulated_sequences/DFD_manipulated_sequences/20_13__kitchen_still__NJEO6L5O.mp4,ok,0,,6.03
DFD,train,fake,0,DFD_manipulated_sequences/DFD_manipulated_sequences/20_13__outside_talking_pan_laughing__C50CSOEX.mp4,ok,0,,5.76
DFD,train,fake,0,DFD_manipulated_sequences/DFD_manipulated_sequences/20_13__outside_talking_pan_laughing__LXLR1B6N.mp4,ok,0,,5.31
DFD,train,fake,0,DFD_manipulated_sequences/DFD_manipulated_sequences/20_13__outside_talking_still_laughing__LXLR1B6N.mp4,ok,0,,4.85
DFD,train,fake,0,DFD_manipulated_sequences/DFD_manipulated_sequences/20_13__podium_speech_happy__C50CSOEX.mp4,ok,0,,5.97
DFD,train,fake,0,DFD_manipulated_sequences/DFD_manipulated_sequences/20_13__secret_conversation__4RU7I77X.mp4,ok,0,,6.5
DFD,train,fake,0,DFD_manipulated_sequences/DFD_manipulated_sequences/20_13__talking_against_wall__43KAHOT2.mp4,ok,0,,7.72
DFD,train,fake,0,DFD_manipulated_sequences/DFD_manipulated_sequences/20_13__talking_against_wall__HQHYKNGK.mp4,ok,0,,6.16
DFD,train,fake,0,DFD_manipulated_sequences/DFD_manipulated_sequences/20_13__talking_against_wall__U3IPYECM.mp4,ok,0,,5.84
DFD,train,fake,0,DFD_manipulated_sequences/DFD_manipulated_sequences/20_13__walk_down_hall_angry__43KAHOT2.mp4,ok,0,,2.76
DFD,train,fake,0,DFD_manipulated_sequences/DFD_manipulated_sequences/20_13__walk_down_hall_angry__4SAX54BT.mp4,ok,0,,3.42
DFD,train,fake,0,DFD_manipulated_sequences/DFD_manipulated_sequences/20_13__walk_down_hall_angry__HQHYKNGK.mp4,ok,0,,3.24
DFD,train,fake,0,DFD_manipulated_sequences/DFD_manipulated_sequences/20_13__walk_down_hall_angry__NJEO6L5O.mp4,ok,0,,3.24
DFD,train,fake,0,DFD_manipulated_sequences/DFD_manipulated_sequences/20_13__walking_down_indoor_hall_disgust__NJEO6L5O.mp4,ok,0,,6.38
DFD,train,fake,0,DFD_manipulated_sequences/DFD_manipulated_sequences/20_13__walking_down_indoor_hall_disgust__VO2YZXLN.mp4,ok,0,,8.55
DFD,train,fake,0,DFD_manipulated_sequences/DFD_manipulated_sequences/20_14__exit_phone_room__B014BKVO.mp4,ok,0,,3.88
DFD,train,fake,0,DFD_manipulated_sequences/DFD_manipulated_sequences/20_14__hugging_happy__B014BKVO.mp4,ok,0,,4.96
DFD,train,fake,0,DFD_manipulated_sequences/DFD_manipulated_sequences/20_14__kitchen_pan__R7SPX6OK.mp4,ok,0,,4.91
DFD,train,fake,0,DFD_manipulated_sequences/DFD_manipulated_sequences/20_14__outside_talking_pan_laughing__R7SPX6OK.mp4,ok,0,,5.01
DFD,train,fake,0,DFD_manipulated_sequences/DFD_manipulated_sequences/20_14__podium_speech_happy__B014BKVO.mp4,ok,0,,7.02
DFD,train,fake,0,DFD_manipulated_sequences/DFD_manipulated_sequences/20_14__podium_speech_happy__R7SPX6OK.mp4,ok,0,,7.65
DFD,train,fake,0,DFD_manipulated_sequences/DFD_manipulated_sequences/20_14__secret_conversation__3HWOJRAM.mp4,ok,0,,6.71
DFD,train,fake,0,DFD_manipulated_sequences/DFD_manipulated_sequences/20_14__secret_conversation__B014BKVO.mp4,ok,0,,7.03
DFD,train,fake,0,DFD_manipulated_sequences/DFD_manipulated_sequences/20_14__talking_against_wall__R7SPX6OK.mp4,ok,0,,6.0
DFD,train,fake,0,DFD_manipulated_sequences/DFD_manipulated_sequences/20_14__talking_angry_couch__B014BKVO.mp4,ok,0,,11.07
DFD,train,fake,0,DFD_manipulated_sequences/DFD_manipulated_sequences/20_14__talking_angry_couch__R7SPX6OK.mp4,ok,0,,10.99
DFD,train,fake,0,DFD_manipulated_sequences/DFD_manipulated_sequences/20_14__walk_down_hall_angry__B014BKVO.mp4,ok,0,,3.46
DFD,train,fake,0,DFD_manipulated_sequences/DFD_manipulated_sequences/20_14__walk_down_hall_angry__R7SPX6OK.mp4,ok,0,,3.12
DFD,train,fake,0,DFD_manipulated_sequences/DFD_manipulated_sequences/20_14__walking_and_outside_surprised__B014BKVO.mp4,ok,0,,7.12
DFD,train,fake,0,DFD_manipulated_sequences/DFD_manipulated_sequences/20_14__walking_down_indoor_hall_disgust__R7SPX6OK.mp4,ok,0,,11.47
DFD,train,fake,0,DFD_manipulated_sequences/DFD_manipulated_sequences/20_14__walking_down_street_outside_angry__3HWOJRAM.mp4,ok,0,,4.87
DFD,train,fake,0,DFD_manipulated_sequences/DFD_manipulated_sequences/20_14__walking_down_street_outside_angry__B014BKVO.mp4,ok,0,,6.68
DFD,train,fake,0,DFD_manipulated_sequences/DFD_manipulated_sequences/20_15__hugging_happy__99NHTFBM.mp4,ok,0,,5.2
DFD,train,fake,0,DFD_manipulated_sequences/DFD_manipulated_sequences/20_15__kitchen_pan__99NHTFBM.mp4,ok,0,,4.65
DFD,train,fake,0,DFD_manipulated_sequences/DFD_manipulated_sequences/20_15__outside_talking_pan_laughing__99NHTFBM.mp4,ok,0,,4.95
DFD,train,fake,0,DFD_manipulated_sequences/DFD_manipulated_sequences/20_15__outside_talking_still_laughing__99NHTFBM.mp4,ok,0,,6.07
DFD,train,fake,0,DFD_manipulated_sequences/DFD_manipulated_sequences/20_15__podium_speech_happy__99NHTFBM.mp4,ok,0,,6.83
DFD,train,fake,0,DFD_manipulated_sequences/DFD_manipulated_sequences/20_15__secret_conversation__99NHTFBM.mp4,ok,0,,6.4
DFD,train,fake,0,DFD_manipulated_sequences/DFD_manipulated_sequences/20_15__talking_angry_couch__99NHTFBM.mp4,ok,0,,41.66
DFD,train,fake,0,DFD_manipulated_sequences/DFD_manipulated_sequences/20_15__walking_down_indoor_hall_disgust__99NHTFBM.mp4,ok,0,,40.15
DFD,train,fake,0,DFD_manipulated_sequences/DFD_manipulated_sequences/20_15__walking_down_indoor_hall_disgust__CYD62VPP.mp4,ok,0,,7.68
DFD,train,fake,0,DFD_manipulated_sequences/DFD_manipulated_sequences/20_15__walking_outside_cafe_disgusted__99NHTFBM.mp4,ok,0,,6.04
DFD,train,fake,0,DFD_manipulated_sequences/DFD_manipulated_sequences/20_18__hugging_happy__8BMQOD7S.mp4,ok,0,,5.89
DFD,train,fake,0,DFD_manipulated_sequences/DFD_manipulated_sequences/20_18__outside_talking_pan_laughing__8BMQOD7S.mp4,ok,0,,5.57
DFD,train,fake,0,DFD_manipulated_sequences/DFD_manipulated_sequences/20_18__walking_down_indoor_hall_disgust__8BMQOD7S.mp4,ok,0,,41.25
DFD,train,fake,0,DFD_manipulated_sequences/DFD_manipulated_sequences/20_18__walking_outside_cafe_disgusted__8BMQOD7S.mp4,ok,0,,35.69
DFD,train,fake,0,DFD_manipulated_sequences/DFD_manipulated_sequences/20_25__exit_phone_room__M86GQTHK.mp4,ok,0,,3.66
DFD,train,fake,0,DFD_manipulated_sequences/DFD_manipulated_sequences/20_25__exit_phone_room__MUS0X71T.mp4,ok,0,,34.14
DFD,train,fake,0,DFD_manipulated_sequences/DFD_manipulated_sequences/20_25__exit_phone_room__RSCD7KXO.mp4,ok,0,,33.95
DFD,train,fake,0,DFD_manipulated_sequences/DFD_manipulated_sequences/20_25__hugging_happy__CYKLS79C.mp4,ok,0,,35.76
DFD,train,fake,0,DFD_manipulated_sequences/DFD_manipulated_sequences/20_25__hugging_happy__M86GQTHK.mp4,ok,0,,35.27
DFD,train,fake,0,DFD_manipulated_sequences/DFD_manipulated_sequences/20_25__hugging_happy__RSCD7KXO.mp4,ok,0,,36.16
DFD,train,fake,0,DFD_manipulated_sequences/DFD_manipulated_sequences/20_25__outside_talking_pan_laughing__M86GQTHK.mp4,ok,0,,36.17
DFD,train,fake,0,DFD_manipulated_sequences/DFD_manipulated_sequences/20_25__outside_talking_still_laughing__DW2L6D2V.mp4,ok,0,,6.9
DFD,train,fake,0,DFD_manipulated_sequences/DFD_manipulated_sequences/20_25__outside_talking_still_laughing__FZHCQNKV.mp4,ok,0,,6.73
DFD,train,fake,0,DFD_manipulated_sequences/DFD_manipulated_sequences/20_25__outside_talking_still_laughing__M786RTSM.mp4,ok,0,,6.76
DFD,train,fake,0,DFD_manipulated_sequences/DFD_manipulated_sequences/20_25__outside_talking_still_laughing__M86GQTHK.mp4,ok,0,,6.71
DFD,train,fake,0,DFD_manipulated_sequences/DFD_manipulated_sequences/20_25__outside_talking_still_laughing__RSCD7KXO.mp4,ok,0,,6.67
DFD,train,fake,0,DFD_manipulated_sequences/DFD_manipulated_sequences/20_25__talking_against_wall__AMY6M1KL.mp4,ok,0,,38.5
DFD,train,fake,0,DFD_manipulated_sequences/DFD_manipulated_sequences/20_25__talking_against_wall__MUS0X71T.mp4,ok,0,,38.67
DFD,train,fake,0,DFD_manipulated_sequences/DFD_manipulated_sequences/20_25__talking_against_wall__NPM0ENKD.mp4,ok,0,,37.94
DFD,train,fake,0,DFD_manipulated_sequences/DFD_manipulated_sequences/20_25__walk_down_hall_angry__DW2L6D2V.mp4,ok,0,,3.92
DFD,train,fake,0,DFD_manipulated_sequences/DFD_manipulated_sequences/20_25__walk_down_hall_angry__NPM0ENKD.mp4,ok,0,,34.05
DFD,train,fake,0,DFD_manipulated_sequences/DFD_manipulated_sequences/20_25__walking_and_outside_surprised__RSCD7KXO.mp4,ok,0,,38.2
DFD,train,fake,0,DFD_manipulated_sequences/DFD_manipulated_sequences/20_25__walking_down_indoor_hall_disgust__M86GQTHK.mp4,ok,0,,41.53
DFD,train,fake,0,DFD_manipulated_sequences/DFD_manipulated_sequences/20_25__walking_down_street_outside_angry__ZG0SRZOA.mp4,ok,0,,35.77
DFD,train,fake,0,DFD_manipulated_sequences/DFD_manipulated_sequences/20_25__walking_outside_cafe_disgusted__AMY6M1KL.mp4,ok,0,,35.81
DFD,train,fake,0,DFD_manipulated_sequences/DFD_manipulated_sequences/20_26__kitchen_pan__1UEDQ3GY.mp4,ok,0,,35.72
DFD,train,fake,0,DFD_manipulated_sequences/DFD_manipulated_sequences/20_26__kitchen_pan__34DJQS3E.mp4,ok,0,,35.29
DFD,train,fake,0,DFD_manipulated_sequences/DFD_manipulated_sequences/20_26__kitchen_pan__C8GN41DU.mp4,ok,0,,5.09
DFD,train,fake,0,DFD_manipulated_sequences/DFD_manipulated_sequences/20_26__kitchen_still__34DJQS3E.mp4,ok,0,,6.77
DFD,train,fake,0,DFD_manipulated_sequences/DFD_manipulated_sequences/20_26__outside_talking_pan_laughing__01OJA93K.mp4,ok,0,,6.07
DFD,train,fake,0,DFD_manipulated_sequences/DFD_manipulated_sequences/20_26__outside_talking_pan_laughing__1UEDQ3GY.mp4,ok,0,,6.44
DFD,train,fake,0,DFD_manipulated_sequences/DFD_manipulated_sequences/20_26__outside_talking_pan_laughing__2VS0S1P5.mp4,ok,0,,5.22
DFD,train,fake,0,DFD_manipulated_sequences/DFD_manipulated_sequences/20_26__outside_talking_pan_laughing__KGFLR0PH.mp4,ok,0,,6.37
DFD,train,fake,0,DFD_manipulated_sequences/DFD_manipulated_sequences/20_26__podium_speech_happy__1UEDQ3GY.mp4,ok,0,,6.71
DFD,train,fake,0,DFD_manipulated_sequences/DFD_manipulated_sequences/20_26__podium_speech_happy__2VS0S1P5.mp4,ok,0,,7.27
DFD,train,fake,0,DFD_manipulated_sequences/DFD_manipulated_sequences/20_26__secret_conversation__34DJQS3E.mp4,ok,0,,1.99
DFD,train,fake,0,DFD_manipulated_sequences/DFD_manipulated_sequences/20_26__secret_conversation__C8GN41DU.mp4,ok,0,,7.03
DFD,train,fake,0,DFD_manipulated_sequences/DFD_manipulated_sequences/20_26__talking_against_wall__KGFLR0PH.mp4,ok,0,,7.68
DFD,train,fake,0,DFD_manipulated_sequences/DFD_manipulated_sequences/20_26__talking_angry_couch__01OJA93K.mp4,ok,0,,11.96
DFD,train,fake,0,DFD_manipulated_sequences/DFD_manipulated_sequences/20_26__talking_angry_couch__34DJQS3E.mp4,ok,0,,12.72
DFD,train,fake,0,DFD_manipulated_sequences/DFD_manipulated_sequences/20_26__talking_angry_couch__XWMKFMF6.mp4,ok,0,,11.95
DFD,train,fake,0,DFD_manipulated_sequences/DFD_manipulated_sequences/20_27__kitchen_pan__LM907ECA.mp4,ok,0,,6.14
DFD,train,fake,0,DFD_manipulated_sequences/DFD_manipulated_sequences/20_27__walk_down_hall_angry__LM907ECA.mp4,ok,0,,3.56
DFD,train,fake,0,DFD_manipulated_sequences/DFD_manipulated_sequences/20_27__walking_and_outside_surprised__LM907ECA.mp4,ok,0,,8.33
DFD,test,fake,0,DFD_manipulated_sequences/DFD_manipulated_sequences/21_01__kitchen_pan__03X7CELV.mp4,ok,0,,5.7
DFD,test,fake,0,DFD_manipulated_sequences/DFD_manipulated_sequences/21_01__outside_talking_pan_laughing__03X7CELV.mp4,ok,0,,4.56
DFD,test,fake,0,DFD_manipulated_sequences/DFD_manipulated_sequences/21_01__talking_angry_couch__03X7CELV.mp4,ok,0,,9.97
DFD,test,fake,0,DFD_manipulated_sequences/DFD_manipulated_sequences/21_01__walk_down_hall_angry__03X7CELV.mp4,ok,0,,3.9
DFD,test,fake,0,DFD_manipulated_sequences/DFD_manipulated_sequences/21_04__kitchen_pan__PRCQUMY8.mp4,ok,0,,5.68
DFD,test,fake,0,DFD_manipulated_sequences/DFD_manipulated_sequences/21_04__outside_talking_pan_laughing__HY1VWEJK.mp4,ok,0,,5.1
DFD,test,fake,0,DFD_manipulated_sequences/DFD_manipulated_sequences/21_04__talking_against_wall__NRI4PHWP.mp4,ok,0,,6.16
DFD,test,fake,0,DFD_manipulated_sequences/DFD_manipulated_sequences/21_04__talking_angry_couch__HY1VWEJK.mp4,ok,0,,9.87
DFD,test,fake,0,DFD_manipulated_sequences/DFD_manipulated_sequences/21_04__walking_down_street_outside_angry__5Y31RZP8.mp4,ok,0,,4.32
DFD,train,fake,0,DFD_manipulated_sequences/DFD_manipulated_sequences/22_10__exit_phone_room__8YQ2EUQP.mp4,ok,0,,6.3
DFD,train,fake,0,DFD_manipulated_sequences/DFD_manipulated_sequences/22_10__kitchen_pan__EHARPYBT.mp4,ok,0,,5.72
DFD,train,fake,0,DFD_manipulated_sequences/DFD_manipulated_sequences/22_10__kitchen_still__1TXK09OY.mp4,ok,0,,6.51
DFD,train,fake,0,DFD_manipulated_sequences/DFD_manipulated_sequences/22_10__kitchen_still__8YQ2EUQP.mp4,ok,0,,5.8
DFD,train,fake,0,DFD_manipulated_sequences/DFD_manipulated_sequences/22_10__kitchen_still__J2HR5HKH.mp4,ok,0,,6.47
DFD,train,fake,0,DFD_manipulated_sequences/DFD_manipulated_sequences/22_10__outside_talking_pan_laughing__1TXK09OY.mp4,ok,0,,5.55
DFD,train,fake,0,DFD_manipulated_sequences/DFD_manipulated_sequences/22_10__outside_talking_pan_laughing__8YQ2EUQP.mp4,ok,0,,5.65
DFD,train,fake,0,DFD_manipulated_sequences/DFD_manipulated_sequences/22_10__outside_talking_pan_laughing__PUJR4HJ1.mp4,ok,0,,4.83
DFD,train,fake,0,DFD_manipulated_sequences/DFD_manipulated_sequences/22_10__outside_talking_still_laughing__J2HR5HKH.mp4,ok,0,,4.36
DFD,train,fake,0,DFD_manipulated_sequences/DFD_manipulated_sequences/22_10__podium_speech_happy__FY7YI0AJ.mp4,ok,0,,5.13
DFD,train,fake,0,DFD_manipulated_sequences/DFD_manipulated_sequences/22_10__secret_conversation__PUJR4HJ1.mp4,ok,0,,1.34
DFD,train,fake,0,DFD_manipulated_sequences/DFD_manipulated_sequences/22_10__talking_against_wall__X803B18R.mp4,ok,0,,5.79
DFD,train,fake,0,DFD_manipulated_sequences/DFD_manipulated_sequences/22_10__walk_down_hall_angry__FY7YI0AJ.mp4,ok,0,,3.53
DFD,train,fake,0,DFD_manipulated_sequences/DFD_manipulated_sequences/22_10__walk_down_hall_angry__G48B2EQ2.mp4,ok,0,,3.07
DFD,train,fake,0,DFD_manipulated_sequences/DFD_manipulated_sequences/22_10__walk_down_hall_angry__PUJR4HJ1.mp4,ok,0,,3.15
DFD,train,fake,0,DFD_manipulated_sequences/DFD_manipulated_sequences/22_10__walking_and_outside_surprised__8YQ2EUQP.mp4,ok,0,,6.41
DFD,train,fake,0,DFD_manipulated_sequences/DFD_manipulated_sequences/22_10__walking_and_outside_surprised__C1U7OY5M.mp4,ok,0,,5.7
DFD,train,fake,0,DFD_manipulated_sequences/DFD_manipulated_sequences/22_10__walking_and_outside_surprised__G48B2EQ2.mp4,ok,0,,7.53
DFD,train,fake,0,DFD_manipulated_sequences/DFD_manipulated_sequences/22_10__walking_down_indoor_hall_disgust__8YQ2EUQP.mp4,ok,0,,9.63
DFD,train,fake,0,DFD_manipulated_sequences/DFD_manipulated_sequences/22_10__walking_down_street_outside_angry__1TXK09OY.mp4,ok,0,,6.28
DFD,train,fake,0,DFD_manipulated_sequences/DFD_manipulated_sequences/22_10__walking_down_street_outside_angry__8YQ2EUQP.mp4,ok,0,,7.67
DFD,train,fake,0,DFD_manipulated_sequences/DFD_manipulated_sequences/22_19__kitchen_still__VK6BF5NV.mp4,ok,0,,6.86
DFD,train,fake,0,DFD_manipulated_sequences/DFD_manipulated_sequences/22_19__outside_talking_pan_laughing__VK6BF5NV.mp4,ok,0,,5.85
DFD,train,fake,0,DFD_manipulated_sequences/DFD_manipulated_sequences/22_19__talking_against_wall__VK6BF5NV.mp4,ok,0,,7.04
DFD,train,fake,0,DFD_manipulated_sequences/DFD_manipulated_sequences/22_19__walk_down_hall_angry__VK6BF5NV.mp4,ok,0,,4.37
DFD,train,fake,0,DFD_manipulated_sequences/DFD_manipulated_sequences/22_19__walking_and_outside_surprised__VK6BF5NV.mp4,ok,0,,6.83
DFD,train,fake,0,DFD_manipulated_sequences/DFD_manipulated_sequences/22_19__walking_down_indoor_hall_disgust__VK6BF5NV.mp4,ok,0,,8.73
DFD,train,fake,0,DFD_manipulated_sequences/DFD_manipulated_sequences/22_19__walking_outside_cafe_disgusted__VK6BF5NV.mp4,ok,0,,7.53
DFD,train,fake,0,DFD_manipulated_sequences/DFD_manipulated_sequences/25_02__exit_phone_room__Z7FQ69VP.mp4,ok,0,,4.49
DFD,train,fake,0,DFD_manipulated_sequences/DFD_manipulated_sequences/25_02__outside_talking_pan_laughing__Z7FQ69VP.mp4,ok,0,,3.23
DFD,train,fake,0,DFD_manipulated_sequences/DFD_manipulated_sequences/25_02__outside_talking_still_laughing__Z7FQ69VP.mp4,ok,0,,3.07
DFD,train,fake,0,DFD_manipulated_sequences/DFD_manipulated_sequences/25_02__secret_conversation__Z7FQ69VP.mp4,ok,0,,2.35
DFD,train,fake,0,DFD_manipulated_sequences/DFD_manipulated_sequences/25_02__talking_against_wall__Z7FQ69VP.mp4,ok,0,,2.66
DFD,train,fake,0,DFD_manipulated_sequences/DFD_manipulated_sequences/25_02__walking_down_street_outside_angry__Z7FQ69VP.mp4,ok,0,,3.38
DFD,train,fake,0,DFD_manipulated_sequences/DFD_manipulated_sequences/25_02__walking_outside_cafe_disgusted__Z7FQ69VP.mp4,ok,0,,2.86
DFD,train,fake,0,DFD_manipulated_sequences/DFD_manipulated_sequences/25_06__exit_phone_room__MI9BDQ7M.mp4,ok,0,,2.8
DFD,train,fake,0,DFD_manipulated_sequences/DFD_manipulated_sequences/25_06__outside_talking_pan_laughing__3QQBVBYN.mp4,ok,0,,3.05
DFD,train,fake,0,DFD_manipulated_sequences/DFD_manipulated_sequences/25_06__outside_talking_pan_laughing__MI9BDQ7M.mp4,ok,0,,3.25
DFD,train,fake,0,DFD_manipulated_sequences/DFD_manipulated_sequences/25_06__outside_talking_still_laughing__3QQBVBYN.mp4,ok,0,,2.71
DFD,train,fake,0,DFD_manipulated_sequences/DFD_manipulated_sequences/25_06__outside_talking_still_laughing__MI9BDQ7M.mp4,ok,0,,2.74
DFD,train,fake,0,DFD_manipulated_sequences/DFD_manipulated_sequences/25_06__secret_conversation__3QQBVBYN.mp4,ok,0,,4.29
DFD,train,fake,0,DFD_manipulated_sequences/DFD_manipulated_sequences/25_06__walk_down_hall_angry__3QQBVBYN.mp4,ok,0,,4.28
DFD,train,fake,0,DFD_manipulated_sequences/DFD_manipulated_sequences/25_07__exit_phone_room__IKMKYKPG.mp4,ok,0,,3.66
DFD,train,fake,0,DFD_manipulated_sequences/DFD_manipulated_sequences/25_07__outside_talking_pan_laughing__IKMKYKPG.mp4,ok,0,,3.01
DFD,train,fake,0,DFD_manipulated_sequences/DFD_manipulated_sequences/25_07__outside_talking_pan_laughing__LZYKF7LK.mp4,ok,0,,2.48
DFD,train,fake,0,DFD_manipulated_sequences/DFD_manipulated_sequences/25_07__walk_down_hall_angry__PAE9HCA8.mp4,ok,0,,3.14
DFD,train,fake,0,DFD_manipulated_sequences/DFD_manipulated_sequences/25_07__walking_down_street_outside_angry__IKMKYKPG.mp4,ok,0,,3.22
DFD,train,fake,0,DFD_manipulated_sequences/DFD_manipulated_sequences/25_07__walking_outside_cafe_disgusted__PAE9HCA8.mp4,ok,0,,2.66
DFD,train,fake,0,DFD_manipulated_sequences/DFD_manipulated_sequences/25_11__podium_speech_happy__JX0SAMTC.mp4,ok,0,,8.86
DFD,train,fake,0,DFD_manipulated_sequences/DFD_manipulated_sequences/25_11__walk_down_hall_angry__JX0SAMTC.mp4,ok,0,,3.96
DFD,train,fake,0,DFD_manipulated_sequences/DFD_manipulated_sequences/25_12__outside_talking_pan_laughing__0SA36BZ5.mp4,ok,0,,2.43
DFD,train,fake,0,DFD_manipulated_sequences/DFD_manipulated_sequences/25_12__outside_talking_still_laughing__3PS32GAH.mp4,ok,0,,2.52
DFD,train,fake,0,DFD_manipulated_sequences/DFD_manipulated_sequences/25_12__secret_conversation__0SA36BZ5.mp4,ok,0,,1.43
DFD,train,fake,0,DFD_manipulated_sequences/DFD_manipulated_sequences/25_12__secret_conversation__MA71PDNV.mp4,ok,0,,1.7
DFD,train,fake,0,DFD_manipulated_sequences/DFD_manipulated_sequences/25_12__walk_down_hall_angry__I2X1XTCC.mp4,ok,0,,3.37
DFD,train,fake,0,DFD_manipulated_sequences/DFD_manipulated_sequences/25_12__walking_down_street_outside_angry__MA71PDNV.mp4,ok,0,,2.65
DFD,train,fake,0,DFD_manipulated_sequences/DFD_manipulated_sequences/25_12__walking_outside_cafe_disgusted__3PS32GAH.mp4,ok,0,,2.71
DFD,train,fake,0,DFD_manipulated_sequences/DFD_manipulated_sequences/25_12__walking_outside_cafe_disgusted__FQE07ND1.mp4,ok,0,,1.34
DFD,train,fake,0,DFD_manipulated_sequences/DFD_manipulated_sequences/25_12__walking_outside_cafe_disgusted__G26LG5N7.mp4,ok,0,,2.36
DFD,train,fake,0,DFD_manipulated_sequences/DFD_manipulated_sequences/25_13__exit_phone_room__7YMTAF29.mp4,ok,0,,2.91
DFD,train,fake,0,DFD_manipulated_sequences/DFD_manipulated_sequences/25_13__outside_talking_pan_laughing__PBM86HKZ.mp4,ok,0,,2.5
DFD,train,fake,0,DFD_manipulated_sequences/DFD_manipulated_sequences/25_13__outside_talking_still_laughing__IW9OFVMG.mp4,ok,0,,2.89
DFD,train,fake,0,DFD_manipulated_sequences/DFD_manipulated_sequences/25_15__secret_conversation__BXVA6VQB.mp4,ok,0,,2.24
DFD,train,fake,0,DFD_manipulated_sequences/DFD_manipulated_sequences/25_15__walk_down_hall_angry__BXVA6VQB.mp4,ok,0,,3.42
DFD,train,fake,0,DFD_manipulated_sequences/DFD_manipulated_sequences/25_15__walking_down_street_outside_angry__BXVA6VQB.mp4,ok,0,,3.51
DFD,train,fake,0,DFD_manipulated_sequences/DFD_manipulated_sequences/25_15__walking_down_street_outside_angry__FF95NMIQ.mp4,ok,0,,3.74
DFD,train,fake,0,DFD_manipulated_sequences/DFD_manipulated_sequences/25_18__outside_talking_pan_laughing__41UL3HO6.mp4,ok,0,,3.23
DFD,train,fake,0,DFD_manipulated_sequences/DFD_manipulated_sequences/25_18__outside_talking_pan_laughing__SEGFKFJG.mp4,ok,0,,3.24
DFD,train,fake,0,DFD_manipulated_sequences/DFD_manipulated_sequences/25_18__podium_speech_happy__SEGFKFJG.mp4,ok,0,,10.19
DFD,train,fake,0,DFD_manipulated_sequences/DFD_manipulated_sequences/25_18__talking_against_wall__SEGFKFJG.mp4,ok,0,,2.47
DFD,train,fake,0,DFD_manipulated_sequences/DFD_manipulated_sequences/25_18__walk_down_hall_angry__AUC0HY5T.mp4,ok,0,,3.12
DFD,train,fake,0,DFD_manipulated_sequences/DFD_manipulated_sequences/25_18__walking_down_street_outside_angry__41UL3HO6.mp4,ok,0,,2.99
DFD,train,fake,0,DFD_manipulated_sequences/DFD_manipulated_sequences/25_18__walking_outside_cafe_disgusted__SEGFKFJG.mp4,ok,0,,3.38
DFD,train,fake,0,DFD_manipulated_sequences/DFD_manipulated_sequences/25_20__exit_phone_room__FZHCQNKV.mp4,ok,0,,3.62
DFD,train,fake,0,DFD_manipulated_sequences/DFD_manipulated_sequences/25_20__exit_phone_room__M86GQTHK.mp4,ok,0,,3.32
DFD,train,fake,0,DFD_manipulated_sequences/DFD_manipulated_sequences/25_20__outside_talking_pan_laughing__M86GQTHK.mp4,ok,0,,3.51
DFD,train,fake,0,DFD_manipulated_sequences/DFD_manipulated_sequences/25_20__outside_talking_pan_laughing__NPM0ENKD.mp4,ok,0,,3.34
DFD,train,fake,0,DFD_manipulated_sequences/DFD_manipulated_sequences/25_20__outside_talking_still_laughing__AMY6M1KL.mp4,ok,0,,3.19
DFD,train,fake,0,DFD_manipulated_sequences/DFD_manipulated_sequences/25_20__outside_talking_still_laughing__M786RTSM.mp4,ok,0,,3.22
DFD,train,fake,0,DFD_manipulated_sequences/DFD_manipulated_sequences/25_20__outside_talking_still_laughing__M86GQTHK.mp4,ok,0,,3.81
DFD,train,fake,0,DFD_manipulated_sequences/DFD_manipulated_sequences/25_20__outside_talking_still_laughing__MUS0X71T.mp4,ok,0,,3.12
DFD,train,fake,0,DFD_manipulated_sequences/DFD_manipulated_sequences/25_20__outside_talking_still_laughing__NPM0ENKD.mp4,ok,0,,3.8
DFD,train,fake,0,DFD_manipulated_sequences/DFD_manipulated_sequences/25_20__talking_against_wall__CYKLS79C.mp4,ok,0,,2.93
DFD,train,fake,0,DFD_manipulated_sequences/DFD_manipulated_sequences/25_20__talking_against_wall__MUS0X71T.mp4,ok,0,,2.7
DFD,train,fake,0,DFD_manipulated_sequences/DFD_manipulated_sequences/25_20__talking_against_wall__ZG0SRZOA.mp4,ok,0,,2.7
DFD,train,fake,0,DFD_manipulated_sequences/DFD_manipulated_sequences/25_20__walking_down_street_outside_angry__DW2L6D2V.mp4,ok,0,,3.26
DFD,train,fake,0,DFD_manipulated_sequences/DFD_manipulated_sequences/25_20__walking_outside_cafe_disgusted__AMY6M1KL.mp4,ok,0,,2.75
DFD,train,fake,0,DFD_manipulated_sequences/DFD_manipulated_sequences/25_20__walking_outside_cafe_disgusted__RSCD7KXO.mp4,ok,0,,2.78
DFD,train,fake,0,DFD_manipulated_sequences/DFD_manipulated_sequences/25_26__exit_phone_room__7ZRKCFMS.mp4,ok,0,,3.1
DFD,train,fake,0,DFD_manipulated_sequences/DFD_manipulated_sequences/25_26__outside_talking_pan_laughing__GJT740J9.mp4,ok,0,,3.83
DFD,train,fake,0,DFD_manipulated_sequences/DFD_manipulated_sequences/25_26__outside_talking_still_laughing__0UFFR3U1.mp4,ok,0,,2.73
DFD,train,fake,0,DFD_manipulated_sequences/DFD_manipulated_sequences/25_26__outside_talking_still_laughing__7ZRKCFMS.mp4,ok,0,,2.72
DFD,train,fake,0,DFD_manipulated_sequences/DFD_manipulated_sequences/25_26__outside_talking_still_laughing__8LPKLIRG.mp4,ok,0,,2.99
DFD,train,fake,0,DFD_manipulated_sequences/DFD_manipulated_sequences/25_26__podium_speech_happy__0UFFR3U1.mp4,ok,0,,9.58
DFD,train,fake,0,DFD_manipulated_sequences/DFD_manipulated_sequences/25_26__podium_speech_happy__PQ41U3IJ.mp4,ok,0,,9.11
DFD,train,fake,0,DFD_manipulated_sequences/DFD_manipulated_sequences/25_26__secret_conversation__GJT740J9.mp4,ok,0,,3.91
DFD,train,fake,0,DFD_manipulated_sequences/DFD_manipulated_sequences/25_26__talking_against_wall__8LPKLIRG.mp4,ok,0,,2.81
DFD,train,fake,0,DFD_manipulated_sequences/DFD_manipulated_sequences/25_26__walk_down_hall_angry__XKQAYTLI.mp4,ok,0,,3.59
DFD,train,fake,0,DFD_manipulated_sequences/DFD_manipulated_sequences/25_26__walking_down_street_outside_angry__157Z8P8P.mp4,ok,0,,3.48
DFD,train,fake,0,DFD_manipulated_sequences/DFD_manipulated_sequences/25_26__walking_down_street_outside_angry__XKQAYTLI.mp4,ok,0,,2.53
DFD,train,fake,0,DFD_manipulated_sequences/DFD_manipulated_sequences/25_26__walking_outside_cafe_disgusted__7ZRKCFMS.mp4,ok,0,,2.62
DFD,train,fake,0,DFD_manipulated_sequences/DFD_manipulated_sequences/25_26__walking_outside_cafe_disgusted__WYZ8NJ7O.mp4,ok,0,,3.07
DFD,train,fake,0,DFD_manipulated_sequences/DFD_manipulated_sequences/25_27__exit_phone_room__1KU29EUL.mp4,ok,0,,3.39
DFD,train,fake,0,DFD_manipulated_sequences/DFD_manipulated_sequences/25_27__outside_talking_pan_laughing__1KU29EUL.mp4,ok,0,,3.82
DFD,train,fake,0,DFD_manipulated_sequences/DFD_manipulated_sequences/25_27__outside_talking_pan_laughing__GNIMW95Z.mp4,ok,0,,3.3
DFD,train,fake,0,DFD_manipulated_sequences/DFD_manipulated_sequences/25_27__outside_talking_still_laughing__1KU29EUL.mp4,ok,0,,3.24
DFD,train,fake,0,DFD_manipulated_sequences/DFD_manipulated_sequences/25_27__talking_against_wall__ZTV6TUQ9.mp4,ok,0,,2.36
DFD,train,fake,0,DFD_manipulated_sequences/DFD_manipulated_sequences/25_27__walk_down_hall_angry__1KU29EUL.mp4,ok,0,,3.98
DFD,train,fake,0,DFD_manipulated_sequences/DFD_manipulated_sequences/25_27__walk_down_hall_angry__GNIMW95Z.mp4,ok,0,,3.66
DFD,train,fake,0,DFD_manipulated_sequences/DFD_manipulated_sequences/25_27__walking_down_street_outside_angry__1KU29EUL.mp4,ok,0,,3.25
DFD,train,fake,0,DFD_manipulated_sequences/DFD_manipulated_sequences/25_27__walking_outside_cafe_disgusted__1KU29EUL.mp4,ok,0,,2.7
DFD,train,fake,0,DFD_manipulated_sequences/DFD_manipulated_sequences/26_03__kitchen_pan__WBSXBL82.mp4,ok,0,,5.51
DFD,train,fake,0,DFD_manipulated_sequences/DFD_manipulated_sequences/26_03__kitchen_still__WBSXBL82.mp4,ok,0,,6.53
DFD,train,fake,0,DFD_manipulated_sequences/DFD_manipulated_sequences/26_03__outside_talking_pan_laughing__WBSXBL82.mp4,ok,0,,3.5
DFD,train,fake,0,DFD_manipulated_sequences/DFD_manipulated_sequences/26_03__podium_speech_happy__WBSXBL82.mp4,ok,0,,8.54
DFD,train,fake,0,DFD_manipulated_sequences/DFD_manipulated_sequences/26_03__talking_against_wall__WBSXBL82.mp4,ok,0,,8.6
DFD,train,fake,0,DFD_manipulated_sequences/DFD_manipulated_sequences/26_03__talking_angry_couch__WBSXBL82.mp4,ok,0,,11.96
DFD,train,fake,0,DFD_manipulated_sequences/DFD_manipulated_sequences/26_03__walk_down_hall_angry__WBSXBL82.mp4,ok,0,,2.82
DFD,train,fake,0,DFD_manipulated_sequences/DFD_manipulated_sequences/26_03__walking_outside_cafe_disgusted__WBSXBL82.mp4,ok,0,,4.49
DFD,train,fake,0,DFD_manipulated_sequences/DFD_manipulated_sequences/26_06__kitchen_pan__L5BVR5L9.mp4,ok,0,,5.8
DFD,train,fake,0,DFD_manipulated_sequences/DFD_manipulated_sequences/26_06__kitchen_still__L5BVR5L9.mp4,ok,0,,6.93
DFD,train,fake,0,DFD_manipulated_sequences/DFD_manipulated_sequences/26_06__outside_talking_still_laughing__L5BVR5L9.mp4,ok,0,,4.7
DFD,train,fake,0,DFD_manipulated_sequences/DFD_manipulated_sequences/26_06__podium_speech_happy__L5BVR5L9.mp4,ok,0,,7.88
DFD,train,fake,0,DFD_manipulated_sequences/DFD_manipulated_sequences/26_06__talking_against_wall__L5BVR5L9.mp4,ok,0,,9.12
DFD,train,fake,0,DFD_manipulated_sequences/DFD_manipulated_sequences/26_06__talking_angry_couch__L5BVR5L9.mp4,ok,0,,12.18
DFD,train,fake,0,DFD_manipulated_sequences/DFD_manipulated_sequences/26_06__walk_down_hall_angry__L5BVR5L9.mp4,ok,0,,3.47
DFD,train,fake,0,DFD_manipulated_sequences/DFD_manipulated_sequences/26_06__walking_down_street_outside_angry__L5BVR5L9.mp4,ok,0,,3.71
DFD,train,fake,0,DFD_manipulated_sequences/DFD_manipulated_sequences/26_06__walking_outside_cafe_disgusted__L5BVR5L9.mp4,ok,0,,4.66
DFD,train,fake,0,DFD_manipulated_sequences/DFD_manipulated_sequences/26_07__exit_phone_room__FGNGC2GT.mp4,ok,0,,2.87
DFD,train,fake,0,DFD_manipulated_sequences/DFD_manipulated_sequences/26_07__kitchen_pan__FGNGC2GT.mp4,ok,0,,6.08
DFD,train,fake,0,DFD_manipulated_sequences/DFD_manipulated_sequences/26_07__kitchen_still__FGNGC2GT.mp4,ok,0,,6.59
DFD,train,fake,0,DFD_manipulated_sequences/DFD_manipulated_sequences/26_07__outside_talking_pan_laughing__FGNGC2GT.mp4,ok,0,,5.13
DFD,train,fake,0,DFD_manipulated_sequences/DFD_manipulated_sequences/26_07__outside_talking_still_laughing__FGNGC2GT.mp4,ok,0,,3.61
DFD,train,fake,0,DFD_manipulated_sequences/DFD_manipulated_sequences/26_07__podium_speech_happy__FGNGC2GT.mp4,ok,0,,7.71
DFD,train,fake,0,DFD_manipulated_sequences/DFD_manipulated_sequences/26_07__talking_against_wall__FGNGC2GT.mp4,ok,0,,8.84
DFD,train,fake,0,DFD_manipulated_sequences/DFD_manipulated_sequences/26_07__walk_down_hall_angry__FGNGC2GT.mp4,ok,0,,4.12
DFD,train,fake,0,DFD_manipulated_sequences/DFD_manipulated_sequences/26_07__walking_down_street_outside_angry__FGNGC2GT.mp4,ok,0,,3.75
DFD,train,fake,0,DFD_manipulated_sequences/DFD_manipulated_sequences/26_11__kitchen_pan__7C0VKV43.mp4,ok,0,,5.49
DFD,train,fake,0,DFD_manipulated_sequences/DFD_manipulated_sequences/26_11__kitchen_still__7C0VKV43.mp4,ok,0,,5.83
DFD,train,fake,0,DFD_manipulated_sequences/DFD_manipulated_sequences/26_11__outside_talking_pan_laughing__ALJ0OHNM.mp4,ok,0,,3.64
DFD,train,fake,0,DFD_manipulated_sequences/DFD_manipulated_sequences/26_11__outside_talking_still_laughing__ALJ0OHNM.mp4,ok,0,,4.47
DFD,train,fake,0,DFD_manipulated_sequences/DFD_manipulated_sequences/26_11__walk_down_hall_angry__7C0VKV43.mp4,ok,0,,3.05
DFD,train,fake,0,DFD_manipulated_sequences/DFD_manipulated_sequences/26_11__walking_outside_cafe_disgusted__ALJ0OHNM.mp4,ok,0,,3.66
DFD,train,fake,0,DFD_manipulated_sequences/DFD_manipulated_sequences/26_12__exit_phone_room__HEKDCIHW.mp4,ok,0,,2.87
DFD,train,fake,0,DFD_manipulated_sequences/DFD_manipulated_sequences/26_12__exit_phone_room__OTKIGGFE.mp4,ok,0,,2.71
DFD,train,fake,0,DFD_manipulated_sequences/DFD_manipulated_sequences/26_12__kitchen_pan__BFBNM8FR.mp4,ok,0,,4.73
DFD,train,fake,0,DFD_manipulated_sequences/DFD_manipulated_sequences/26_12__kitchen_pan__OVOQACG8.mp4,ok,0,,3.54
DFD,train,fake,0,DFD_manipulated_sequences/DFD_manipulated_sequences/26_12__outside_talking_pan_laughing__OVOQACG8.mp4,ok,0,,2.47
DFD,train,fake,0,DFD_manipulated_sequences/DFD_manipulated_sequences/26_12__outside_talking_still_laughing__FWFQ5YB8.mp4,ok,0,,3.39
DFD,train,fake,0,DFD_manipulated_sequences/DFD_manipulated_sequences/26_12__outside_talking_still_laughing__LI63E4TS.mp4,ok,0,,3.63
DFD,train,fake,0,DFD_manipulated_sequences/DFD_manipulated_sequences/26_12__podium_speech_happy__BFBNM8FR.mp4,ok,0,,36.33
DFD,train,fake,0,DFD_manipulated_sequences/DFD_manipulated_sequences/26_12__talking_against_wall__HEKDCIHW.mp4,ok,0,,38.78
DFD,train,fake,0,DFD_manipulated_sequences/DFD_manipulated_sequences/26_12__talking_angry_couch__BFBNM8FR.mp4,ok,0,,40.81
DFD,train,fake,0,DFD_manipulated_sequences/DFD_manipulated_sequences/26_12__talking_angry_couch__FWFQ5YB8.mp4,ok,0,,40.96
DFD,train,fake,0,DFD_manipulated_sequences/DFD_manipulated_sequences/26_12__talking_angry_couch__OVOQACG8.mp4,ok,0,,41.07
DFD,train,fake,0,DFD_manipulated_sequences/DFD_manipulated_sequences/26_12__walk_down_hall_angry__BFBNM8FR.mp4,ok,0,,33.44
DFD,train,fake,0,DFD_manipulated_sequences/DFD_manipulated_sequences/26_12__walking_down_street_outside_angry__OVOQACG8.mp4,ok,0,,33.56
DFD,train,fake,0,DFD_manipulated_sequences/DFD_manipulated_sequences/26_13__kitchen_pan__1ZRIYSSU.mp4,ok,0,,35.59
DFD,train,fake,0,DFD_manipulated_sequences/DFD_manipulated_sequences/26_13__kitchen_pan__U5ELHUN5.mp4,ok,0,,36.23
DFD,train,fake,0,DFD_manipulated_sequences/DFD_manipulated_sequences/26_13__kitchen_pan__XRS5W2NC.mp4,ok,0,,35.88
DFD,train,fake,0,DFD_manipulated_sequences/DFD_manipulated_sequences/26_13__kitchen_still__SU8J9CBG.mp4,ok,0,,5.71
DFD,train,fake,0,DFD_manipulated_sequences/DFD_manipulated_sequences/26_13__outside_talking_pan_laughing__WK3NZ3UV.mp4,ok,0,,3.63
DFD,train,fake,0,DFD_manipulated_sequences/DFD_manipulated_sequences/26_13__outside_talking_still_laughing__1ZRIYSSU.mp4,ok,0,,3.97
DFD,train,fake,0,DFD_manipulated_sequences/DFD_manipulated_sequences/26_13__outside_talking_still_laughing__CJALTDKT.mp4,ok,0,,3.07
DFD,train,fake,0,DFD_manipulated_sequences/DFD_manipulated_sequences/26_13__podium_speech_happy__U5ELHUN5.mp4,ok,0,,7.07
DFD,train,fake,0,DFD_manipulated_sequences/DFD_manipulated_sequences/26_13__secret_conversation__XRS5W2NC.mp4,ok,0,,7.02
DFD,train,fake,0,DFD_manipulated_sequences/DFD_manipulated_sequences/26_13__talking_against_wall__DZP10XW4.mp4,ok,0,,7.53
DFD,train,fake,0,DFD_manipulated_sequences/DFD_manipulated_sequences/26_14__exit_phone_room__SU8SAHTT.mp4,ok,0,,2.45
DFD,train,fake,0,DFD_manipulated_sequences/DFD_manipulated_sequences/26_14__kitchen_pan__ILLP29ZH.mp4,ok,0,,5.27
DFD,train,fake,0,DFD_manipulated_sequences/DFD_manipulated_sequences/26_14__kitchen_pan__SU8SAHTT.mp4,ok,0,,5.42
DFD,train,fake,0,DFD_manipulated_sequences/DFD_manipulated_sequences/26_14__kitchen_still__ILLP29ZH.mp4,ok,0,,6.09
DFD,train,fake,0,DFD_manipulated_sequences/DFD_manipulated_sequences/26_14__outside_talking_still_laughing__ILLP29ZH.mp4,ok,0,,4.26
DFD,train,fake,0,DFD_manipulated_sequences/DFD_manipulated_sequences/26_14__podium_speech_happy__ILLP29ZH.mp4,ok,0,,7.3
DFD,train,fake,0,DFD_manipulated_sequences/DFD_manipulated_sequences/26_14__secret_conversation__ILLP29ZH.mp4,ok,0,,7.56
DFD,train,fake,0,DFD_manipulated_sequences/DFD_manipulated_sequences/26_14__secret_conversation__SU8SAHTT.mp4,ok,0,,7.12
DFD,train,fake,0,DFD_manipulated_sequences/DFD_manipulated_sequences/26_14__talking_against_wall__ILLP29ZH.mp4,ok,0,,7.32
DFD,train,fake,0,DFD_manipulated_sequences/DFD_manipulated_sequences/26_14__talking_angry_couch__ILLP29ZH.mp4,ok,0,,10.55
DFD,train,fake,0,DFD_manipulated_sequences/DFD_manipulated_sequences/26_14__talking_angry_couch__SU8SAHTT.mp4,ok,0,,9.84
DFD,train,fake,0,DFD_manipulated_sequences/DFD_manipulated_sequences/26_14__walk_down_hall_angry__ILLP29ZH.mp4,ok,0,,3.28
DFD,train,fake,0,DFD_manipulated_sequences/DFD_manipulated_sequences/26_14__walking_outside_cafe_disgusted__ILLP29ZH.mp4,ok,0,,3.7
DFD,train,fake,0,DFD_manipulated_sequences/DFD_manipulated_sequences/26_15__walk_down_hall_angry__JHMUZFIJ.mp4,ok,0,,2.8
DFD,train,fake,0,DFD_manipulated_sequences/DFD_manipulated_sequences/26_18__exit_phone_room__AI94QW74.mp4,ok,0,,2.61
DFD,train,fake,0,DFD_manipulated_sequences/DFD_manipulated_sequences/26_18__kitchen_pan__C9VUQS9O.mp4,ok,0,,4.69
DFD,train,fake,0,DFD_manipulated_sequences/DFD_manipulated_sequences/26_18__kitchen_still__UMEX6HWU.mp4,ok,0,,5.4
DFD,train,fake,0,DFD_manipulated_sequences/DFD_manipulated_sequences/26_18__outside_talking_still_laughing__AI94QW74.mp4,ok,0,,3.46
DFD,train,fake,0,DFD_manipulated_sequences/DFD_manipulated_sequences/26_18__outside_talking_still_laughing__UMEX6HWU.mp4,ok,0,,3.39
DFD,train,fake,0,DFD_manipulated_sequences/DFD_manipulated_sequences/26_18__podium_speech_happy__UMEX6HWU.mp4,ok,0,,6.69
DFD,train,fake,0,DFD_manipulated_sequences/DFD_manipulated_sequences/26_18__secret_conversation__UMEX6HWU.mp4,ok,0,,6.86
DFD,train,fake,0,DFD_manipulated_sequences/DFD_manipulated_sequences/26_18__talking_against_wall__AI94QW74.mp4,ok,0,,8.25
DFD,train,fake,0,DFD_manipulated_sequences/DFD_manipulated_sequences/26_18__talking_against_wall__UMEX6HWU.mp4,ok,0,,6.56
DFD,train,fake,0,DFD_manipulated_sequences/DFD_manipulated_sequences/26_18__talking_angry_couch__AI94QW74.mp4,ok,0,,9.25
DFD,train,fake,0,DFD_manipulated_sequences/DFD_manipulated_sequences/26_18__walk_down_hall_angry__AI94QW74.mp4,ok,0,,3.09
DFD,train,fake,0,DFD_manipulated_sequences/DFD_manipulated_sequences/26_18__walk_down_hall_angry__C9VUQS9O.mp4,ok,0,,2.94
DFD,train,fake,0,DFD_manipulated_sequences/DFD_manipulated_sequences/26_18__walk_down_hall_angry__UMEX6HWU.mp4,ok,0,,3.38
DFD,train,fake,0,DFD_manipulated_sequences/DFD_manipulated_sequences/26_18__walking_down_street_outside_angry__UMEX6HWU.mp4,ok,0,,3.49
DFD,train,fake,0,DFD_manipulated_sequences/DFD_manipulated_sequences/26_18__walking_outside_cafe_disgusted__UMEX6HWU.mp4,ok,0,,2.95
DFD,train,fake,0,DFD_manipulated_sequences/DFD_manipulated_sequences/26_20__exit_phone_room__XWMKFMF6.mp4,ok,0,,1.93
DFD,train,fake,0,DFD_manipulated_sequences/DFD_manipulated_sequences/26_20__kitchen_pan__34DJQS3E.mp4,ok,0,,4.35
DFD,train,fake,0,DFD_manipulated_sequences/DFD_manipulated_sequences/26_20__kitchen_pan__C8GN41DU.mp4,ok,0,,5.35
DFD,train,fake,0,DFD_manipulated_sequences/DFD_manipulated_sequences/26_20__kitchen_pan__XWMKFMF6.mp4,ok,0,,5.47
DFD,train,fake,0,DFD_manipulated_sequences/DFD_manipulated_sequences/26_20__kitchen_still__34DJQS3E.mp4,ok,0,,5.27
DFD,train,fake,0,DFD_manipulated_sequences/DFD_manipulated_sequences/26_20__outside_talking_pan_laughing__01OJA93K.mp4,ok,0,,3.67
DFD,train,fake,0,DFD_manipulated_sequences/DFD_manipulated_sequences/26_20__outside_talking_pan_laughing__C8GN41DU.mp4,ok,0,,3.71
DFD,train,fake,0,DFD_manipulated_sequences/DFD_manipulated_sequences/26_20__outside_talking_pan_laughing__KGFLR0PH.mp4,ok,0,,3.07
DFD,train,fake,0,DFD_manipulated_sequences/DFD_manipulated_sequences/26_20__podium_speech_happy__01OJA93K.mp4,ok,0,,7.2
DFD,train,fake,0,DFD_manipulated_sequences/DFD_manipulated_sequences/26_20__podium_speech_happy__1UEDQ3GY.mp4,ok,0,,7.56
DFD,train,fake,0,DFD_manipulated_sequences/DFD_manipulated_sequences/26_20__podium_speech_happy__XWMKFMF6.mp4,ok,0,,5.8
DFD,train,fake,0,DFD_manipulated_sequences/DFD_manipulated_sequences/26_20__secret_conversation__1UEDQ3GY.mp4,ok,0,,6.89
DFD,train,fake,0,DFD_manipulated_sequences/DFD_manipulated_sequences/26_20__secret_conversation__34DJQS3E.mp4,ok,0,,4.52
DFD,train,fake,0,DFD_manipulated_sequences/DFD_manipulated_sequences/26_20__talking_angry_couch__2VS0S1P5.mp4,ok,0,,10.05
DFD,train,fake,0,DFD_manipulated_sequences/DFD_manipulated_sequences/26_20__talking_angry_couch__34DJQS3E.mp4,ok,0,,9.45
DFD,train,fake,0,DFD_manipulated_sequences/DFD_manipulated_sequences/26_20__walk_down_hall_angry__XWMKFMF6.mp4,ok,0,,2.39
DFD,train,fake,0,DFD_manipulated_sequences/DFD_manipulated_sequences/26_20__walking_down_street_outside_angry__2VS0S1P5.mp4,ok,0,,3.63
DFD,train,fake,0,DFD_manipulated_sequences/DFD_manipulated_sequences/26_20__walking_outside_cafe_disgusted__C8GN41DU.mp4,ok,0,,4.04
DFD,train,fake,0,DFD_manipulated_sequences/DFD_manipulated_sequences/26_25__exit_phone_room__7ZRKCFMS.mp4,ok,0,,2.91
DFD,train,fake,0,DFD_manipulated_sequences/DFD_manipulated_sequences/26_25__exit_phone_room__PQ41U3IJ.mp4,ok,0,,2.66
DFD,train,fake,0,DFD_manipulated_sequences/DFD_manipulated_sequences/26_25__outside_talking_pan_laughing__157Z8P8P.mp4,ok,0,,2.84
DFD,train,fake,0,DFD_manipulated_sequences/DFD_manipulated_sequences/26_25__outside_talking_pan_laughing__GJT740J9.mp4,ok,0,,2.75
DFD,train,fake,0,DFD_manipulated_sequences/DFD_manipulated_sequences/26_25__outside_talking_still_laughing__7ZRKCFMS.mp4,ok,0,,3.06
DFD,train,fake,0,DFD_manipulated_sequences/DFD_manipulated_sequences/26_25__podium_speech_happy__0UFFR3U1.mp4,ok,0,,6.72
DFD,train,fake,0,DFD_manipulated_sequences/DFD_manipulated_sequences/26_25__podium_speech_happy__8LPKLIRG.mp4,ok,0,,7.01
DFD,train,fake,0,DFD_manipulated_sequences/DFD_manipulated_sequences/26_25__secret_conversation__0UFFR3U1.mp4,ok,0,,4.73
DFD,train,fake,0,DFD_manipulated_sequences/DFD_manipulated_sequences/26_25__talking_against_wall__PQ41U3IJ.mp4,ok,0,,8.06
DFD,train,fake,0,DFD_manipulated_sequences/DFD_manipulated_sequences/26_25__talking_angry_couch__GJT740J9.mp4,ok,0,,10.28
DFD,train,fake,0,DFD_manipulated_sequences/DFD_manipulated_sequences/26_25__talking_angry_couch__WYZ8NJ7O.mp4,ok,0,,9.55
DFD,train,fake,0,DFD_manipulated_sequences/DFD_manipulated_sequences/26_25__talking_angry_couch__XKQAYTLI.mp4,ok,0,,10.53
DFD,train,fake,0,DFD_manipulated_sequences/DFD_manipulated_sequences/26_25__walk_down_hall_angry__XKQAYTLI.mp4,ok,0,,3.55
DFD,train,fake,0,DFD_manipulated_sequences/DFD_manipulated_sequences/26_25__walking_down_street_outside_angry__PQ41U3IJ.mp4,ok,0,,3.72
DFD,train,fake,0,DFD_manipulated_sequences/DFD_manipulated_sequences/26_25__walking_down_street_outside_angry__XKQAYTLI.mp4,ok,0,,3.16
DFD,train,fake,0,DFD_manipulated_sequences/DFD_manipulated_sequences/26_25__walking_outside_cafe_disgusted__0UFFR3U1.mp4,ok,0,,4.44
DFD,train,fake,0,DFD_manipulated_sequences/DFD_manipulated_sequences/26_25__walking_outside_cafe_disgusted__7ZRKCFMS.mp4,ok,0,,3.91
DFD,train,fake,0,DFD_manipulated_sequences/DFD_manipulated_sequences/26_25__walking_outside_cafe_disgusted__XKQAYTLI.mp4,ok,0,,3.66
DFD,train,fake,0,DFD_manipulated_sequences/DFD_manipulated_sequences/26_27__kitchen_pan__IE9N0ZI9.mp4,ok,0,,5.32
DFD,train,fake,0,DFD_manipulated_sequences/DFD_manipulated_sequences/26_27__outside_talking_still_laughing__IE9N0ZI9.mp4,ok,0,,3.81
DFD,train,fake,0,DFD_manipulated_sequences/DFD_manipulated_sequences/26_27__podium_speech_happy__IE9N0ZI9.mp4,ok,0,,7.37
DFD,train,fake,0,DFD_manipulated_sequences/DFD_manipulated_sequences/26_27__talking_against_wall__IE9N0ZI9.mp4,ok,0,,7.16
DFD,train,fake,0,DFD_manipulated_sequences/DFD_manipulated_sequences/26_27__talking_angry_couch__IE9N0ZI9.mp4,ok,0,,9.75
DFD,train,fake,0,DFD_manipulated_sequences/DFD_manipulated_sequences/27_02__exit_phone_room__6GC9HY9J.mp4,ok,0,,2.59
DFD,train,fake,0,DFD_manipulated_sequences/DFD_manipulated_sequences/27_02__exit_phone_room__FV8M8O2C.mp4,ok,0,,2.75
DFD,train,fake,0,DFD_manipulated_sequences/DFD_manipulated_sequences/27_02__hugging_happy__UGO2181S.mp4,ok,0,,7.04
DFD,train,fake,0,DFD_manipulated_sequences/DFD_manipulated_sequences/27_02__kitchen_pan__3L1MLH3D.mp4,ok,0,,3.75
DFD,train,fake,0,DFD_manipulated_sequences/DFD_manipulated_sequences/27_02__kitchen_pan__78M8S6M6.mp4,ok,0,,4.05
DFD,train,fake,0,DFD_manipulated_sequences/DFD_manipulated_sequences/27_02__kitchen_pan__B3XHKO27.mp4,ok,0,,3.84
DFD,train,fake,0,DFD_manipulated_sequences/DFD_manipulated_sequences/27_02__meeting_serious__QW05XUUZ.mp4,ok,0,,5.82
DFD,train,fake,0,DFD_manipulated_sequences/DFD_manipulated_sequences/27_02__outside_talking_pan_laughing__QW05XUUZ.mp4,ok,0,,5.58
DFD,train,fake,0,DFD_manipulated_sequences/DFD_manipulated_sequences/27_02__outside_talking_pan_laughing__YQX5Z8GN.mp4,ok,0,,5.28
DFD,train,fake,0,DFD_manipulated_sequences/DFD_manipulated_sequences/27_02__podium_speech_happy__6GC9HY9J.mp4,ok,0,,6.58
DFD,train,fake,0,DFD_manipulated_sequences/DFD_manipulated_sequences/27_02__podium_speech_happy__FV8M8O2C.mp4,ok,0,,6.53
DFD,train,fake,0,DFD_manipulated_sequences/DFD_manipulated_sequences/27_02__podium_speech_happy__XFSH3BW7.mp4,ok,0,,6.02
DFD,train,fake,0,DFD_manipulated_sequences/DFD_manipulated_sequences/27_02__talking_against_wall__B3XHKO27.mp4,ok,0,,5.11
DFD,train,fake,0,DFD_manipulated_sequences/DFD_manipulated_sequences/27_02__talking_angry_couch__78M8S6M6.mp4,ok,0,,10.3
DFD,train,fake,0,DFD_manipulated_sequences/DFD_manipulated_sequences/27_02__talking_angry_couch__FV8M8O2C.mp4,ok,0,,11.06
DFD,train,fake,0,DFD_manipulated_sequences/DFD_manipulated_sequences/27_02__talking_angry_couch__GVFLSZD5.mp4,ok,0,,10.29
DFD,train,fake,0,DFD_manipulated_sequences/DFD_manipulated_sequences/27_02__walk_down_hall_angry__78M8S6M6.mp4,ok,0,,1.85
DFD,train,fake,0,DFD_manipulated_sequences/DFD_manipulated_sequences/27_02__walk_down_hall_angry__B3XHKO27.mp4,ok,0,,2.35
DFD,train,fake,0,DFD_manipulated_sequences/DFD_manipulated_sequences/27_02__walk_down_hall_angry__FV8M8O2C.mp4,ok,0,,2.31
DFD,train,fake,0,DFD_manipulated_sequences/DFD_manipulated_sequences/27_02__walking_and_outside_surprised__QW05XUUZ.mp4,ok,0,,10.46
DFD,train,fake,0,DFD_manipulated_sequences/DFD_manipulated_sequences/27_02__walking_and_outside_surprised__XFSH3BW7.mp4,ok,0,,10.68
DFD,train,fake,0,DFD_manipulated_sequences/DFD_manipulated_sequences/27_02__walking_down_indoor_hall_disgust__3L1MLH3D.mp4,ok,0,,11.89
DFD,train,fake,0,DFD_manipulated_sequences/DFD_manipulated_sequences/27_02__walking_down_street_outside_angry__78M8S6M6.mp4,ok,0,,2.51
DFD,train,fake,0,DFD_manipulated_sequences/DFD_manipulated_sequences/27_02__walking_down_street_outside_angry__XFSH3BW7.mp4,ok,0,,3.35
DFD,train,fake,0,DFD_manipulated_sequences/DFD_manipulated_sequences/27_03__hugging_happy__72BPN7A1.mp4,ok,0,,7.56
DFD,train,fake,0,DFD_manipulated_sequences/DFD_manipulated_sequences/27_03__outside_talking_still_laughing__IL675GCI.mp4,ok,0,,5.84
DFD,train,fake,0,DFD_manipulated_sequences/DFD_manipulated_sequences/27_03__podium_speech_happy__72BPN7A1.mp4,ok,0,,5.56
DFD,train,fake,0,DFD_manipulated_sequences/DFD_manipulated_sequences/27_03__walking_and_outside_surprised__KWGI1LSZ.mp4,ok,0,,10.84
DFD,train,fake,0,DFD_manipulated_sequences/DFD_manipulated_sequences/27_06__hugging_happy__S3T7SK9O.mp4,ok,0,,5.89
DFD,train,fake,0,DFD_manipulated_sequences/DFD_manipulated_sequences/27_06__kitchen_pan__VN14WY2N.mp4,ok,0,,3.25
DFD,train,fake,0,DFD_manipulated_sequences/DFD_manipulated_sequences/27_06__kitchen_still__SZWVBWY4.mp4,ok,0,,6.35
DFD,train,fake,0,DFD_manipulated_sequences/DFD_manipulated_sequences/27_06__talking_against_wall__S3T7SK9O.mp4,ok,0,,6.22
DFD,train,fake,0,DFD_manipulated_sequences/DFD_manipulated_sequences/27_06__walk_down_hall_angry__S3T7SK9O.mp4,ok,0,,2.14
DFD,train,fake,0,DFD_manipulated_sequences/DFD_manipulated_sequences/27_06__walking_and_outside_surprised__O7L5Z9U8.mp4,ok,0,,8.86
DFD,train,fake,0,DFD_manipulated_sequences/DFD_manipulated_sequences/27_06__walking_and_outside_surprised__VN14WY2N.mp4,ok,0,,10.15
DFD,train,fake,0,DFD_manipulated_sequences/DFD_manipulated_sequences/27_06__walking_down_indoor_hall_disgust__JOG5PB18.mp4,ok,0,,11.29
DFD,train,fake,0,DFD_manipulated_sequences/DFD_manipulated_sequences/27_06__walking_down_street_outside_angry__S3T7SK9O.mp4,ok,0,,3.42
DFD,train,fake,0,DFD_manipulated_sequences/DFD_manipulated_sequences/27_06__walking_outside_cafe_disgusted__S3T7SK9O.mp4,ok,0,,3.05
DFD,train,fake,0,DFD_manipulated_sequences/DFD_manipulated_sequences/27_06__walking_outside_cafe_disgusted__SZWVBWY4.mp4,ok,0,,2.91
DFD,train,fake,0,DFD_manipulated_sequences/DFD_manipulated_sequences/27_07__kitchen_pan__B5S6XY2L.mp4,ok,0,,4.5
DFD,train,fake,0,DFD_manipulated_sequences/DFD_manipulated_sequences/27_07__outside_talking_pan_laughing__LEVU87KC.mp4,ok,0,,4.8
DFD,train,fake,0,DFD_manipulated_sequences/DFD_manipulated_sequences/27_07__podium_speech_happy__LEVU87KC.mp4,ok,0,,7.02
DFD,train,fake,0,DFD_manipulated_sequences/DFD_manipulated_sequences/27_07__walking_down_street_outside_angry__3RH5PR6S.mp4,ok,0,,3.7
DFD,train,fake,0,DFD_manipulated_sequences/DFD_manipulated_sequences/27_13__hugging_happy__A1OSUJE9.mp4,ok,0,,7.04
DFD,train,fake,0,DFD_manipulated_sequences/DFD_manipulated_sequences/27_13__kitchen_still__A1OSUJE9.mp4,ok,0,,4.81
DFD,train,fake,0,DFD_manipulated_sequences/DFD_manipulated_sequences/27_13__outside_talking_pan_laughing__A1OSUJE9.mp4,ok,0,,5.46
DFD,train,fake,0,DFD_manipulated_sequences/DFD_manipulated_sequences/27_13__talking_against_wall__A1OSUJE9.mp4,ok,0,,4.84
DFD,train,fake,0,DFD_manipulated_sequences/DFD_manipulated_sequences/27_13__walking_and_outside_surprised__A1OSUJE9.mp4,ok,0,,9.81
DFD,train,fake,0,DFD_manipulated_sequences/DFD_manipulated_sequences/27_13__walking_outside_cafe_disgusted__A1OSUJE9.mp4,ok,0,,2.29
DFD,train,fake,0,DFD_manipulated_sequences/DFD_manipulated_sequences/27_14__kitchen_pan__0KSONKQ2.mp4,ok,0,,4.45
DFD,train,fake,0,DFD_manipulated_sequences/DFD_manipulated_sequences/27_14__walk_down_hall_angry__0KSONKQ2.mp4,ok,0,,2.04
DFD,train,fake,0,DFD_manipulated_sequences/DFD_manipulated_sequences/27_14__walking_outside_cafe_disgusted__0KSONKQ2.mp4,ok,0,,2.01
DFD,train,fake,0,DFD_manipulated_sequences/DFD_manipulated_sequences/27_15__kitchen_pan__2ERUWYH8.mp4,ok,0,,3.04
DFD,train,fake,0,DFD_manipulated_sequences/DFD_manipulated_sequences/27_15__outside_talking_pan_laughing__WZ4MLUAV.mp4,ok,0,,5.2
DFD,train,fake,0,DFD_manipulated_sequences/DFD_manipulated_sequences/27_15__outside_talking_still_laughing__2ERUWYH8.mp4,ok,0,,6.29
DFD,train,fake,0,DFD_manipulated_sequences/DFD_manipulated_sequences/27_15__walking_and_outside_surprised__WZ4MLUAV.mp4,ok,0,,9.98
DFD,train,fake,0,DFD_manipulated_sequences/DFD_manipulated_sequences/27_18__hugging_happy__NYHE8D0J.mp4,ok,0,,6.4
DFD,train,fake,0,DFD_manipulated_sequences/DFD_manipulated_sequences/27_18__kitchen_pan__3GLHD5MH.mp4,ok,0,,4.37
DFD,train,fake,0,DFD_manipulated_sequences/DFD_manipulated_sequences/27_18__kitchen_pan__BSOLX3SI.mp4,ok,0,,4.43
DFD,train,fake,0,DFD_manipulated_sequences/DFD_manipulated_sequences/27_18__kitchen_still__NYHE8D0J.mp4,ok,0,,5.94
DFD,train,fake,0,DFD_manipulated_sequences/DFD_manipulated_sequences/27_18__meeting_serious__NYHE8D0J.mp4,ok,0,,5.65
DFD,train,fake,0,DFD_manipulated_sequences/DFD_manipulated_sequences/27_18__outside_talking_pan_laughing__NYHE8D0J.mp4,ok,0,,4.71
DFD,train,fake,0,DFD_manipulated_sequences/DFD_manipulated_sequences/27_18__outside_talking_still_laughing__G7OOOUCX.mp4,ok,0,,5.11
DFD,train,fake,0,DFD_manipulated_sequences/DFD_manipulated_sequences/27_18__outside_talking_still_laughing__NYHE8D0J.mp4,ok,0,,5.76
DFD,train,fake,0,DFD_manipulated_sequences/DFD_manipulated_sequences/27_18__talking_against_wall__3GLHD5MH.mp4,ok,0,,5.67
DFD,train,fake,0,DFD_manipulated_sequences/DFD_manipulated_sequences/27_18__talking_against_wall__NYHE8D0J.mp4,ok,0,,6.16
DFD,train,fake,0,DFD_manipulated_sequences/DFD_manipulated_sequences/27_18__talking_angry_couch__GRZ07XTD.mp4,ok,0,,11.56
DFD,train,fake,0,DFD_manipulated_sequences/DFD_manipulated_sequences/27_18__walk_down_hall_angry__BSOLX3SI.mp4,ok,0,,2.55
DFD,train,fake,0,DFD_manipulated_sequences/DFD_manipulated_sequences/27_18__walk_down_hall_angry__NYHE8D0J.mp4,ok,0,,2.33
DFD,train,fake,0,DFD_manipulated_sequences/DFD_manipulated_sequences/27_18__walking_and_outside_surprised__NYHE8D0J.mp4,ok,0,,11.98
DFD,train,fake,0,DFD_manipulated_sequences/DFD_manipulated_sequences/27_18__walking_down_indoor_hall_disgust__NYHE8D0J.mp4,ok,0,,13.3
DFD,train,fake,0,DFD_manipulated_sequences/DFD_manipulated_sequences/27_18__walking_outside_cafe_disgusted__NYHE8D0J.mp4,ok,0,,2.65
DFD,train,fake,0,DFD_manipulated_sequences/DFD_manipulated_sequences/27_20__kitchen_pan__LM907ECA.mp4,ok,0,,4.16
DFD,train,fake,0,DFD_manipulated_sequences/DFD_manipulated_sequences/27_20__walk_down_hall_angry__LM907ECA.mp4,ok,0,,2.72
DFD,train,fake,0,DFD_manipulated_sequences/DFD_manipulated_sequences/27_20__walking_and_outside_surprised__LM907ECA.mp4,ok,0,,11.49
DFD,train,fake,0,DFD_manipulated_sequences/DFD_manipulated_sequences/27_25__exit_phone_room__1KU29EUL.mp4,ok,0,,3.66
DFD,train,fake,0,DFD_manipulated_sequences/DFD_manipulated_sequences/27_25__hugging_happy__1KU29EUL.mp4,ok,0,,9.11
DFD,train,fake,0,DFD_manipulated_sequences/DFD_manipulated_sequences/27_25__hugging_happy__GNIMW95Z.mp4,ok,0,,8.45
DFD,train,fake,0,DFD_manipulated_sequences/DFD_manipulated_sequences/27_25__meeting_serious__GNIMW95Z.mp4,ok,0,,7.56
DFD,train,fake,0,DFD_manipulated_sequences/DFD_manipulated_sequences/27_25__outside_talking_pan_laughing__1KU29EUL.mp4,ok,0,,5.43
DFD,train,fake,0,DFD_manipulated_sequences/DFD_manipulated_sequences/27_25__outside_talking_pan_laughing__GNIMW95Z.mp4,ok,0,,6.58
DFD,train,fake,0,DFD_manipulated_sequences/DFD_manipulated_sequences/27_25__outside_talking_pan_laughing__ZTV6TUQ9.mp4,ok,0,,6.31
DFD,train,fake,0,DFD_manipulated_sequences/DFD_manipulated_sequences/27_25__outside_talking_still_laughing__1KU29EUL.mp4,ok,0,,5.79
DFD,train,fake,0,DFD_manipulated_sequences/DFD_manipulated_sequences/27_25__talking_angry_couch__1KU29EUL.mp4,ok,0,,11.39
DFD,train,fake,0,DFD_manipulated_sequences/DFD_manipulated_sequences/27_25__talking_angry_couch__GNIMW95Z.mp4,ok,0,,11.3
DFD,train,fake,0,DFD_manipulated_sequences/DFD_manipulated_sequences/27_25__walk_down_hall_angry__1KU29EUL.mp4,ok,0,,2.2
DFD,train,fake,0,DFD_manipulated_sequences/DFD_manipulated_sequences/27_25__walk_down_hall_angry__GNIMW95Z.mp4,ok,0,,2.45
DFD,train,fake,0,DFD_manipulated_sequences/DFD_manipulated_sequences/27_25__walk_down_hall_angry__ZTV6TUQ9.mp4,ok,0,,2.7
DFD,train,fake,0,DFD_manipulated_sequences/DFD_manipulated_sequences/27_25__walking_and_outside_surprised__1KU29EUL.mp4,ok,0,,11.0
DFD,train,fake,0,DFD_manipulated_sequences/DFD_manipulated_sequences/27_25__walking_and_outside_surprised__GNIMW95Z.mp4,ok,0,,10.96
DFD,train,fake,0,DFD_manipulated_sequences/DFD_manipulated_sequences/27_25__walking_down_indoor_hall_disgust__GNIMW95Z.mp4,ok,0,,12.03
DFD,train,fake,0,DFD_manipulated_sequences/DFD_manipulated_sequences/27_25__walking_down_street_outside_angry__1KU29EUL.mp4,ok,0,,3.77
DFD,train,fake,0,DFD_manipulated_sequences/DFD_manipulated_sequences/27_25__walking_down_street_outside_angry__ZTV6TUQ9.mp4,ok,0,,3.61
DFD,train,fake,0,DFD_manipulated_sequences/DFD_manipulated_sequences/27_25__walking_outside_cafe_disgusted__1KU29EUL.mp4,ok,0,,2.58
DFD,train,fake,0,DFD_manipulated_sequences/DFD_manipulated_sequences/27_26__kitchen_pan__IE9N0ZI9.mp4,ok,0,,4.78
DFD,train,fake,0,DFD_manipulated_sequences/DFD_manipulated_sequences/27_26__meeting_serious__IE9N0ZI9.mp4,ok,0,,7.16
DFD,train,fake,0,DFD_manipulated_sequences/DFD_manipulated_sequences/27_26__outside_talking_still_laughing__IE9N0ZI9.mp4,ok,0,,5.76
DFD,train,fake,0,DFD_manipulated_sequences/DFD_manipulated_sequences/27_26__podium_speech_happy__IE9N0ZI9.mp4,ok,0,,7.08
DFD,train,fake,0,DFD_manipulated_sequences/DFD_manipulated_sequences/27_26__talking_against_wall__IE9N0ZI9.mp4,ok,0,,5.96
DFD,train,fake,0,DFD_manipulated_sequences/DFD_manipulated_sequences/27_26__talking_angry_couch__IE9N0ZI9.mp4,ok,0,,9.0
DFD,train,fake,0,DFD_manipulated_sequences/DFD_manipulated_sequences/28_16__exit_phone_room__OANAQYD5.mp4,ok,0,,3.11
DFD,train,fake,0,DFD_manipulated_sequences/DFD_manipulated_sequences/28_16__exit_phone_room__U757192N.mp4,ok,0,,3.44
DFD,train,fake,0,DFD_manipulated_sequences/DFD_manipulated_sequences/28_16__kitchen_pan__X5FNCYON.mp4,ok,0,,3.88
DFD,train,fake,0,DFD_manipulated_sequences/DFD_manipulated_sequences/28_16__kitchen_still__U757192N.mp4,ok,0,,5.51
DFD,train,fake,0,DFD_manipulated_sequences/DFD_manipulated_sequences/28_16__podium_speech_happy__6DWLCU6T.mp4,ok,0,,5.89
DFD,train,fake,0,DFD_manipulated_sequences/DFD_manipulated_sequences/28_16__podium_speech_happy__ZA8XJIE9.mp4,ok,0,,5.42
DFD,train,fake,0,DFD_manipulated_sequences/DFD_manipulated_sequences/28_16__secret_conversation__R1QD0XDQ.mp4,ok,0,,3.95
DFD,train,fake,0,DFD_manipulated_sequences/DFD_manipulated_sequences/28_16__secret_conversation__X5FNCYON.mp4,ok,0,,1.37
DFD,train,fake,0,DFD_manipulated_sequences/DFD_manipulated_sequences/28_16__secret_conversation__ZA8XJIE9.mp4,ok,0,,1.11
DFD,train,fake,0,DFD_manipulated_sequences/DFD_manipulated_sequences/28_16__walk_down_hall_angry__X5FNCYON.mp4,ok,0,,3.43
DFD,train,fake,0,DFD_manipulated_sequences/DFD_manipulated_sequences/28_16__walking_down_street_outside_angry__6DWLCU6T.mp4,ok,0,,4.53
DFD,train,fake,0,DFD_manipulated_sequences/DFD_manipulated_sequences/28_16__walking_down_street_outside_angry__U757192N.mp4,ok,0,,4.23
DFD,train,fake,0,DFD_manipulated_sequences/DFD_manipulated_sequences/28_16__walking_down_street_outside_angry__ZA8XJIE9.mp4,ok,0,,4.09
DFD,train,fake,0,DFD_manipulated_sequences/DFD_manipulated_sequences/28_16__walking_outside_cafe_disgusted__NAZP864W.mp4,ok,0,,2.52
