dataset,path,method,target_id,donor_id,label_real,anomaly_score,predictive_mean,predictive_std,embedding_norm,fps,face_any_miss,face_miss_fraction,center_x_jitter,center_y_jitter,width_jitter,height_jitter
CelebDFv3,/root/Datasets/CelebDFv3/CelebDFv3/REAL/Real_WEB/id11_0000.mp4,real/Real_WEB,id11,,1,-3.5271294116973877,3.5271294116973877,0.0,80.57190704345703,30.0,1.0,0.171875,0.0036049899645149708,0.0032778107561171055,0.0036051743663847446,0.0032446568366140127
CelebDFv3,/root/Datasets/CelebDFv3/CelebDFv3/REAL/Real_WEB/id11_0001.mp4,real/Real_WEB,id11,,1,-2.822685718536377,2.822685718536377,0.0,119.84834289550781,30.0,0.0,0.0,0.0018774664495140314,0.004125622566789389,0.00217396579682827,0.004078359808772802
CelebDFv3,/root/Datasets/CelebDFv3/CelebDFv3/REAL/Real_WEB/id11_0002.mp4,real/Real_WEB,id11,,1,-1.7611231803894043,1.7611231803894043,0.0,107.30757141113281,30.0,0.0,0.0,0.0034965272061526775,0.003571773413568735,0.0019384012557566166,0.0037449912633746862
CelebDFv3,/root/Datasets/CelebDFv3/CelebDFv3/REAL/Real_WEB/id11_0003.mp4,real/Real_WEB,id11,,1,-13.212291717529297,13.212291717529297,0.0,225.17115783691406,30.0,0.0,0.0,0.0029725320637226105,0.0053577427752316,0.002715419977903366,0.005159297958016396
CelebDFv3,/root/Datasets/CelebDFv3/CelebDFv3/REAL/Real_WEB/id11_0004.mp4,real/Real_WEB,id11,,1,1.9813435077667236,-1.9813435077667236,0.0,176.1158905029297,30.0,1.0,0.109375,0.0013047992251813412,0.0021275177132338285,0.0012370327021926641,0.00235036201775074
CelebDFv3,/root/Datasets/CelebDFv3/CelebDFv3/REAL/Real_WEB/id11_0005.mp4,real/Real_WEB,id11,,1,-7.091293811798096,7.091293811798096,0.0,133.3229522705078,30.0,0.0,0.0,0.004915846511721611,0.008622178807854652,0.0021134614944458008,0.004015576560050249
CelebDFv3,/root/Datasets/CelebDFv3/CelebDFv3/REAL/Real_WEB/id11_0006.mp4,real/Real_WEB,id11,,1,6.793402671813965,-6.793402671813965,0.0,120.06507110595703,30.0,0.0,0.0,0.0025651436299085617,0.007275477983057499,0.002174573950469494,0.004131691064685583
CelebDFv3,/root/Datasets/CelebDFv3/CelebDFv3/REAL/Real_WEB/id11_0007.mp4,real/Real_WEB,id11,,1,-14.336426734924316,14.336426734924316,0.0,151.15103149414062,30.0,0.0,0.0,0.005318992305546999,0.021021172404289246,0.010252312757074833,0.01947939209640026
CelebDFv3,/root/Datasets/CelebDFv3/CelebDFv3/REAL/Real_WEB/id11_0008.mp4,real/Real_WEB,id11,,1,-9.553279876708984,9.553279876708984,0.0,112.35315704345703,30.0,0.0,0.0,0.013133992440998554,0.06439084559679031,0.03941633924841881,0.07489104568958282
CelebDFv3,/root/Datasets/CelebDFv3/CelebDFv3/REAL/Real_WEB/id11_0009.mp4,real/Real_WEB,id11,,1,-1.6432087421417236,1.6432087421417236,0.0,105.86786651611328,30.0,0.0,0.0,0.00226307800039649,0.00283466256223619,0.0014639711007475853,0.0027815450448542833
CelebDFv3,/root/Datasets/CelebDFv3/CelebDFv3/REAL/Real_WEB/id11_0010.mp4,real/Real_WEB,id11,,1,-2.772768974304199,2.772768974304199,0.0,95.0079574584961,30.0,0.0,0.0,0.007890661247074604,0.006005513481795788,0.002705232473090291,0.004198521375656128
CelebDFv3,/root/Datasets/CelebDFv3/CelebDFv3/REAL/Real_WEB/id22_0000.mp4,real/Real_WEB,id22,,1,-1.957068920135498,1.957068920135498,0.0,128.40762329101562,30.0,1.0,0.234375,0.005235231015831232,0.004875297658145428,0.00801982544362545,0.014253723435103893
CelebDFv3,/root/Datasets/CelebDFv3/CelebDFv3/REAL/Real_WEB/id22_0001.mp4,real/Real_WEB,id22,,1,3.2282209396362305,-3.2282209396362305,0.0,111.75163269042969,30.0,0.0,0.0,0.011806374415755272,0.022429708391427994,0.01428293902426958,0.02538522705435753
CelebDFv3,/root/Datasets/CelebDFv3/CelebDFv3/REAL/Real_WEB/id22_0002.mp4,real/Real_WEB,id22,,1,-3.130962610244751,3.130962610244751,0.0,118.08457946777344,30.0,0.0,0.0,0.006113848648965359,0.009676529094576836,0.004161377903074026,0.007396062836050987
CelebDFv3,/root/Datasets/CelebDFv3/CelebDFv3/REAL/Real_WEB/id22_0003.mp4,real/Real_WEB,id22,,1,-4.051422595977783,4.051422595977783,0.0,251.927490234375,30.0,1.0,0.21875,0.007133771199733019,0.008614007383584976,0.011132773011922836,0.019786398857831955
CelebDFv3,/root/Datasets/CelebDFv3/CelebDFv3/REAL/Real_WEB/id22_0004.mp4,real/Real_WEB,id22,,1,-0.4875674545764923,0.4875674545764923,0.0,183.39260864257812,30.0,0.0,0.0,0.003082035342231393,0.0018385718576610088,0.0012213850859552622,0.0021707811392843723
CelebDFv3,/root/Datasets/CelebDFv3/CelebDFv3/REAL/Real_WEB/id22_0005.mp4,real/Real_WEB,id22,,1,-2.683894157409668,2.683894157409668,0.0,106.892578125,30.0,0.0,0.0,0.0029057643841952085,0.002022148808464408,0.0018205669475719333,0.0032357140444219112
CelebDFv3,/root/Datasets/CelebDFv3/CelebDFv3/REAL/Real_WEB/id22_0006.mp4,real/Real_WEB,id22,,1,3.304274559020996,-3.304274559020996,0.0,152.3082275390625,30.0,0.0,0.0,0.0032212529331445694,0.0028154815081506968,0.001596701331436634,0.0028378351125866175
CelebDFv3,/root/Datasets/CelebDFv3/CelebDFv3/REAL/Real_WEB/id22_0007.mp4,real/Real_WEB,id22,,1,-12.819963455200195,12.819963455200195,0.0,414.1822509765625,30.0,0.0,0.0,0.003470740746706724,0.005154136568307877,0.0031744607258588076,0.005642004311084747
CelebDFv3,/root/Datasets/CelebDFv3/CelebDFv3/REAL/Real_WEB/id22_0008.mp4,real/Real_WEB,id22,,1,-4.820244312286377,4.820244312286377,0.0,229.1552276611328,30.0,0.0,0.0,0.0039450982585549355,0.003841858357191086,0.005394735373556614,0.009588121436536312
CelebDFv3,/root/Datasets/CelebDFv3/CelebDFv3/REAL/Real_WEB/id22_0009.mp4,real/Real_WEB,id22,,1,0.5182008147239685,-0.5182008147239685,0.0,98.75437927246094,30.0,1.0,0.1875,0.006219503469765186,0.005701655521988869,0.0024990204256027937,0.004441536962985992
CelebDFv3,/root/Datasets/CelebDFv3/CelebDFv3/REAL/Real_WEB/id23_0000.mp4,real/Real_WEB,id23,,1,2.8603556156158447,-2.8603556156158447,0.0,107.23370361328125,30.0,0.0,0.0,0.0018584603676572442,0.0018581601325422525,0.001341304974630475,0.00238391594029963
CelebDFv3,/root/Datasets/CelebDFv3/CelebDFv3/REAL/Real_WEB/id23_0001.mp4,real/Real_WEB,id23,,1,1.378074049949646,-1.378074049949646,0.0,139.3092041015625,30.0,0.0,0.0,0.00233871815726161,0.003544032108038664,0.0019240407273173332,0.0034196185879409313
CelebDFv3,/root/Datasets/CelebDFv3/CelebDFv3/REAL/Real_WEB/id23_0002.mp4,real/Real_WEB,id23,,1,0.0388212651014328,-0.0388212651014328,0.0,97.93785095214844,30.0,0.0,0.0,0.009692392311990261,0.01133728213608265,0.004167539067566395,0.007407011929899454
CelebDFv3,/root/Datasets/CelebDFv3/CelebDFv3/REAL/Real_WEB/id23_0003.mp4,real/Real_WEB,id23,,1,-0.8671097755432129,0.8671097755432129,0.0,108.14537811279297,30.0,0.0,0.0,0.003980288282036781,0.0026290661189705133,0.0016337638953700662,0.0029037061613053083
CelebDFv3,/root/Datasets/CelebDFv3/CelebDFv3/REAL/Real_WEB/id23_0004.mp4,real/Real_WEB,id23,,1,-5.785961151123047,5.785961151123047,0.0,243.3885955810547,30.0,1.0,0.03125,0.01625899039208889,0.011382975615561008,0.009203820489346981,0.012406749650835991
CelebDFv3,/root/Datasets/CelebDFv3/CelebDFv3/REAL/Real_WEB/id23_0005.mp4,real/Real_WEB,id23,,1,3.701810359954834,-3.701810359954834,0.0,117.06486511230469,30.0,0.0,0.0,0.006384034175425768,0.0021856145467609167,0.0029601301066577435,0.006059326231479645
CelebDFv3,/root/Datasets/CelebDFv3/CelebDFv3/REAL/Real_WEB/id23_0006.mp4,real/Real_WEB,id23,,1,6.620091915130615,-6.620091915130615,0.0,259.32330322265625,30.0,0.0,0.0,0.006280488800257444,0.003612361615523696,0.001978053944185376,0.0026209214702248573
CelebDFv3,/root/Datasets/CelebDFv3/CelebDFv3/REAL/Real_WEB/id23_0007.mp4,real/Real_WEB,id23,,1,-0.7225686311721802,0.7225686311721802,0.0,127.89075469970703,30.0,0.0,0.0,0.010921236127614975,0.03321206942200661,0.007046002894639969,0.012360876426100731
CelebDFv3,/root/Datasets/CelebDFv3/CelebDFv3/REAL/Real_WEB/id23_0008.mp4,real/Real_WEB,id23,,1,-4.530284881591797,4.530284881591797,0.0,146.70826721191406,30.0,0.0,0.0,0.0020384197123348713,0.003524760715663433,0.003351923543959856,0.005880314391106367
CelebDFv3,/root/Datasets/CelebDFv3/CelebDFv3/REAL/Real_WEB/id23_0009.mp4,real/Real_WEB,id23,,1,-3.5462427139282227,3.5462427139282227,0.0,157.4599151611328,30.0,0.0,0.0,0.004020704887807369,0.003872363828122616,0.0030953327659517527,0.004098220728337765
CelebDFv3,/root/Datasets/CelebDFv3/CelebDFv3/REAL/Real_WEB/id25_0000.mp4,real/Real_WEB,id25,,1,-10.449811935424805,10.449811935424805,0.0,186.10540771484375,30.0,1.0,0.078125,0.052845973521471024,0.04660625010728836,0.029826341196894646,0.05371268466114998
CelebDFv3,/root/Datasets/CelebDFv3/CelebDFv3/REAL/Real_WEB/id25_0001.mp4,real/Real_WEB,id25,,1,-1.10878586769104,1.10878586769104,0.0,182.1387939453125,30.0,1.0,0.09375,0.0018040335271507502,0.0014504462014883757,0.0018834199290722609,0.0033917520195245743
CelebDFv3,/root/Datasets/CelebDFv3/CelebDFv3/REAL/Real_WEB/id25_0002.mp4,real/Real_WEB,id25,,1,-0.4059349000453949,0.4059349000453949,0.0,136.7776336669922,30.0,0.0,0.0,0.010991215705871582,0.021525593474507332,0.0029517828952521086,0.005315710790455341
CelebDFv3,/root/Datasets/CelebDFv3/CelebDFv3/REAL/Real_WEB/id25_0003.mp4,real/Real_WEB,id25,,1,-10.572460174560547,10.572460174560547,0.0,216.9698944091797,30.0,0.0,0.0,0.008363372646272182,0.00735466880723834,0.0024400283582508564,0.004394118674099445
CelebDFv3,/root/Datasets/CelebDFv3/CelebDFv3/REAL/Real_WEB/id25_0004.mp4,real/Real_WEB,id25,,1,-4.308487415313721,4.308487415313721,0.0,104.50657653808594,30.0,0.0,0.0,0.008481038734316826,0.007353072054684162,0.00397363118827343,0.007155903615057468
CelebDFv3,/root/Datasets/CelebDFv3/CelebDFv3/REAL/Real_WEB/id25_0005.mp4,real/Real_WEB,id25,,1,-0.3113330602645874,0.3113330602645874,0.0,80.98501586914062,30.0,0.0,0.0,0.012417718768119812,0.0032836743630468845,0.003930745180696249,0.005833225790411234
CelebDFv3,/root/Datasets/CelebDFv3/CelebDFv3/REAL/Real_WEB/id25_0006.mp4,real/Real_WEB,id25,,1,-7.905478477478027,7.905478477478027,0.0,427.1382141113281,30.0,0.0,0.0,0.0007794636185280979,0.0024083065800368786,0.002245142124593258,0.00426996685564518
CelebDFv3,/root/Datasets/CelebDFv3/CelebDFv3/REAL/Real_WEB/id25_0007.mp4,real/Real_WEB,id25,,1,-10.096539497375488,10.096539497375488,0.0,218.84768676757812,30.0,0.0,0.0,0.007938369177281857,0.005146270152181387,0.004173599649220705,0.005609317682683468
CelebDFv3,/root/Datasets/CelebDFv3/CelebDFv3/REAL/Real_WEB/id25_0008.mp4,real/Real_WEB,id25,,1,0.08392125368118286,-0.08392125368118286,0.0,170.93333435058594,30.0,0.0,0.0,0.006907373666763306,0.0021268553100526333,0.003165797097608447,0.004254831466823816
CelebDFv3,/root/Datasets/CelebDFv3/CelebDFv3/REAL/Real_WEB/id25_0009.mp4,real/Real_WEB,id25,,1,-6.631137847900391,6.631137847900391,0.0,140.1250457763672,30.0,0.0,0.0,0.006066794041544199,0.007017860654741526,0.004611865151673555,0.006198346149176359
CelebDFv3,/root/Datasets/CelebDFv3/CelebDFv3/REAL/Real_WEB/id25_0010.mp4,real/Real_WEB,id25,,1,-2.4576590061187744,2.4576590061187744,0.0,182.12393188476562,30.0,0.0,0.0,0.006439133081585169,0.005059600342065096,0.0027103598695248365,0.004869460128247738
CelebDFv3,/root/Datasets/CelebDFv3/CelebDFv3/REAL/Real_WEB/id26_0000.mp4,real/Real_WEB,id26,,1,1.5293145179748535,-1.5293145179748535,0.0,178.54429626464844,30.0,0.0,0.0,0.0019509728299453855,0.0013449415564537048,0.0019900340121239424,0.003575315233319998
CelebDFv3,/root/Datasets/CelebDFv3/CelebDFv3/REAL/Real_WEB/id26_0001.mp4,real/Real_WEB,id26,,1,-1.3415205478668213,1.3415205478668213,0.0,135.8946990966797,30.0,1.0,0.015625,0.014047441072762012,0.010445027612149715,0.0027169613167643547,0.004881320055574179
CelebDFv3,/root/Datasets/CelebDFv3/CelebDFv3/REAL/Real_WEB/id26_0002.mp4,real/Real_WEB,id26,,1,-0.4812619388103485,0.4812619388103485,0.0,99.07318878173828,30.0,0.0,0.0,0.006345377303659916,0.016757292672991753,0.0035625617019832134,0.006400534883141518
CelebDFv3,/root/Datasets/CelebDFv3/CelebDFv3/REAL/Real_WEB/id26_0003.mp4,real/Real_WEB,id26,,1,-10.111557960510254,10.111557960510254,0.0,391.7298889160156,30.0,0.0,0.0,0.005963705945760012,0.006327537354081869,0.001824910519644618,0.003278652671724558
CelebDFv3,/root/Datasets/CelebDFv3/CelebDFv3/REAL/Real_WEB/id26_0004.mp4,real/Real_WEB,id26,,1,-0.3532988429069519,0.3532988429069519,0.0,134.7039337158203,30.0,0.0,0.0,0.003558640368282795,0.007831280119717121,0.0025404375046491623,0.0045641763135790825
CelebDFv3,/root/Datasets/CelebDFv3/CelebDFv3/REAL/Real_WEB/id26_0005.mp4,real/Real_WEB,id26,,1,-10.521644592285156,10.521644592285156,0.0,240.90353393554688,30.0,0.0,0.0,0.0018404863076284528,0.002386960666626692,0.0036266972310841084,0.0040245624259114265
CelebDFv3,/root/Datasets/CelebDFv3/CelebDFv3/REAL/Real_WEB/id26_0006.mp4,real/Real_WEB,id26,,1,-8.23272705078125,8.23272705078125,0.0,272.5065612792969,30.0,1.0,0.03125,0.015160752460360527,0.004993599373847246,0.004999713506549597,0.009104281663894653
CelebDFv3,/root/Datasets/CelebDFv3/CelebDFv3/REAL/Real_WEB/id26_0007.mp4,real/Real_WEB,id26,,1,-11.240585327148438,11.240585327148438,0.0,460.53570556640625,30.0,0.0,0.0,0.011339138261973858,0.009804985485970974,0.007413470186293125,0.013499638065695763
CelebDFv3,/root/Datasets/CelebDFv3/CelebDFv3/REAL/Real_WEB/id26_0008.mp4,real/Real_WEB,id26,,1,-2.1833298206329346,2.1833298206329346,0.0,176.5666961669922,30.0,0.0,0.0,0.005860624834895134,0.005330619402229786,0.002724594436585903,0.004961379338055849
CelebDFv3,/root/Datasets/CelebDFv3/CelebDFv3/REAL/Real_WEB/id26_0009.mp4,real/Real_WEB,id26,,1,-8.047271728515625,8.047271728515625,0.0,177.4844512939453,30.0,0.0,0.0,0.012630823999643326,0.009983590804040432,0.004793503787368536,0.008728781715035439
CelebDFv3,/root/Datasets/CelebDFv3/CelebDFv3/REAL/Real_WEB/id31_0000.mp4,real/Real_WEB,id31,,1,0.334249347448349,-0.334249347448349,0.0,120.51982879638672,30.0,0.0,0.0,0.0031713848002254963,0.006415517069399357,0.0035147820599377155,0.006329585798084736
CelebDFv3,/root/Datasets/CelebDFv3/CelebDFv3/REAL/Real_WEB/id31_0001.mp4,real/Real_WEB,id31,,1,2.367964267730713,-2.367964267730713,0.0,148.98985290527344,30.0,0.0,0.0,0.0020866510458290577,0.0025664442218840122,0.0020800475031137466,0.003745848312973976
CelebDFv3,/root/Datasets/CelebDFv3/CelebDFv3/REAL/Real_WEB/id31_0002.mp4,real/Real_WEB,id31,,1,3.0555219650268555,-3.0555219650268555,0.0,155.3373260498047,30.0,0.0,0.0,0.017986243590712547,0.039481937885284424,0.01255712565034628,0.022613465785980225
CelebDFv3,/root/Datasets/CelebDFv3/CelebDFv3/REAL/Real_WEB/id31_0003.mp4,real/Real_WEB,id31,,1,-7.523406982421875,7.523406982421875,0.0,132.25938415527344,30.0,0.0,0.0,0.0030814677011221647,0.003327379934489727,0.003441219450905919,0.006197112146764994
CelebDFv3,/root/Datasets/CelebDFv3/CelebDFv3/REAL/Real_WEB/id31_0004.mp4,real/Real_WEB,id31,,1,1.1682173013687134,-1.1682173013687134,0.0,215.87863159179688,30.0,0.0,0.0,0.00495549151673913,0.003141730558127165,0.0026762341149151325,0.004819489549845457
CelebDFv3,/root/Datasets/CelebDFv3/CelebDFv3/REAL/Real_WEB/id31_0005.mp4,real/Real_WEB,id31,,1,1.5847649574279785,-1.5847649574279785,0.0,146.46774291992188,30.0,0.0,0.0,0.005757579114288092,0.004598923027515411,0.002075968310236931,0.0037385020405054092
CelebDFv3,/root/Datasets/CelebDFv3/CelebDFv3/REAL/Real_WEB/id31_0006.mp4,real/Real_WEB,id31,,1,-6.19880485534668,6.19880485534668,0.0,233.07199096679688,30.0,0.0,0.0,0.004724281374365091,0.010299013927578926,0.0039488933980464935,0.007111354265362024
CelebDFv3,/root/Datasets/CelebDFv3/CelebDFv3/REAL/Real_WEB/id31_0007.mp4,real/Real_WEB,id31,,1,-12.166067123413086,12.166067123413086,0.0,300.89935302734375,30.0,1.0,0.046875,0.017916571348905563,0.004014269914478064,0.006148376036435366,0.01107228733599186
CelebDFv3,/root/Datasets/CelebDFv3/CelebDFv3/REAL/Real_WEB/id31_0008.mp4,real/Real_WEB,id31,,1,-0.9978740811347961,0.9978740811347961,0.0,153.6153564453125,30.0,0.0,0.0,0.0038921707309782505,0.00957823358476162,0.005923830904066563,0.010667914524674416
CelebDFv3,/root/Datasets/CelebDFv3/CelebDFv3/REAL/Real_WEB/id31_0009.mp4,real/Real_WEB,id31,,1,0.3919127583503723,-0.3919127583503723,0.0,133.0943145751953,30.0,0.0,0.0,0.003877178765833378,0.005008061416447163,0.002761454088613391,0.004972958005964756
CelebDFv3,/root/Datasets/CelebDFv3/CelebDFv3/REAL/Real_WEB/id48_0000.mp4,real/Real_WEB,id48,,1,-6.1458940505981445,6.1458940505981445,0.0,176.44515991210938,30.0,0.0,0.0,0.002242709044367075,0.003272673115134239,0.001776154269464314,0.0031717042438685894
CelebDFv3,/root/Datasets/CelebDFv3/CelebDFv3/REAL/Real_WEB/id48_0001.mp4,real/Real_WEB,id48,,1,-5.592813491821289,5.592813491821289,0.0,97.94620513916016,30.0,0.0,0.0,0.0044506508857011795,0.005988788325339556,0.0025475258007645607,0.004549152683466673
CelebDFv3,/root/Datasets/CelebDFv3/CelebDFv3/REAL/Real_WEB/id48_0002.mp4,real/Real_WEB,id48,,1,-4.502022743225098,4.502022743225098,0.0,116.49846649169922,30.0,0.0,0.0,0.0029395469464361668,0.004119029268622398,0.002198305679485202,0.003925545606762171
CelebDFv3,/root/Datasets/CelebDFv3/CelebDFv3/REAL/Real_WEB/id48_0003.mp4,real/Real_WEB,id48,,1,-0.4346662163734436,0.4346662163734436,0.0,80.40435791015625,30.0,1.0,0.09375,0.005545245949178934,0.01906595379114151,0.008532772772014141,0.015237093903124332
CelebDFv3,/root/Datasets/CelebDFv3/CelebDFv3/REAL/Real_WEB/id48_0004.mp4,real/Real_WEB,id48,,1,-2.758652687072754,2.758652687072754,0.0,117.81075286865234,30.0,0.0,0.0,0.005566037259995937,0.002604698296636343,0.004289492033421993,0.0076598068699240685
CelebDFv3,/root/Datasets/CelebDFv3/CelebDFv3/REAL/Real_WEB/id48_0005.mp4,real/Real_WEB,id48,,1,-3.258188009262085,3.258188009262085,0.0,150.44837951660156,30.0,0.0,0.0,0.0011217703577131033,0.0016223957063630223,0.0009343598503619432,0.0016684997826814651
CelebDFv3,/root/Datasets/CelebDFv3/CelebDFv3/REAL/Real_WEB/id48_0006.mp4,real/Real_WEB,id48,,1,-0.05785888433456421,0.05785888433456421,0.0,73.68822479248047,30.0,0.0,0.0,0.0046436600387096405,0.03294689953327179,0.005875595845282078,0.007708781864494085
CelebDFv3,/root/Datasets/CelebDFv3/CelebDFv3/REAL/Real_WEB/id48_0007.mp4,real/Real_WEB,id48,,1,4.165837287902832,-4.165837287902832,0.0,96.20822143554688,30.0,0.0,0.0,0.0014884565025568008,0.0013671817723661661,0.0014761239290237427,0.0019366747001186013
CelebDFv3,/root/Datasets/CelebDFv3/CelebDFv3/REAL/Real_WEB/id48_0008.mp4,real/Real_WEB,id48,,1,-14.176677703857422,14.176677703857422,0.0,240.83731079101562,30.0,0.0,0.0,0.00259688263759017,0.0028447480872273445,0.002960976678878069,0.002949133049696684
CelebDFv3,/root/Datasets/CelebDFv3/CelebDFv3/REAL/Real_WEB/id48_0009.mp4,real/Real_WEB,id48,,1,-1.9228904247283936,1.9228904247283936,0.0,117.62264251708984,30.0,0.0,0.0,0.0033827878069132566,0.00481755007058382,0.002451715525239706,0.004383999854326248
CelebDFv3,/root/Datasets/CelebDFv3/CelebDFv3/REAL/Real_WEB/id51_0000.mp4,real/Real_WEB,id51,,1,1.2630282640457153,-1.2630282640457153,0.0,96.57319641113281,30.0,0.0,0.0,0.006209916435182095,0.004093490540981293,0.004113247152417898,0.007365982048213482
CelebDFv3,/root/Datasets/CelebDFv3/CelebDFv3/REAL/Real_WEB/id51_0001.mp4,real/Real_WEB,id51,,1,-13.34141731262207,13.34141731262207,0.0,274.2997131347656,30.0,1.0,0.046875,0.0038563101552426815,0.005505674052983522,0.004656773526221514,0.008339326828718185
CelebDFv3,/root/Datasets/CelebDFv3/CelebDFv3/REAL/Real_WEB/id51_0002.mp4,real/Real_WEB,id51,,1,0.0010986924171447754,-0.0010986924171447754,0.0,84.36012268066406,30.0,0.0,0.0,0.004997434560209513,0.010783445090055466,0.003276756266131997,0.005867998581379652
CelebDFv3,/root/Datasets/CelebDFv3/CelebDFv3/REAL/Real_WEB/id51_0003.mp4,real/Real_WEB,id51,,1,-5.243577003479004,5.243577003479004,0.0,178.53440856933594,30.0,1.0,0.015625,0.011741346679627895,0.011397418566048145,0.008017145097255707,0.014357063919305801
CelebDFv3,/root/Datasets/CelebDFv3/CelebDFv3/REAL/Real_WEB/id51_0004.mp4,real/Real_WEB,id51,,1,-4.44514274597168,4.44514274597168,0.0,92.42170715332031,29.00000762939453,1.0,0.21875,0.006886713206768036,0.010102746076881886,0.005105001851916313,0.009142013266682625
CelebDFv3,/root/Datasets/CelebDFv3/CelebDFv3/REAL/Real_WEB/id51_0005.mp4,real/Real_WEB,id51,,1,-10.891840934753418,10.891840934753418,0.0,169.4636993408203,30.0,0.0,0.0,0.008940959349274635,0.013514675199985504,0.002269590273499489,0.0040643708780407906
CelebDFv3,/root/Datasets/CelebDFv3/CelebDFv3/REAL/Real_WEB/id51_0006.mp4,real/Real_WEB,id51,,1,-4.908644676208496,4.908644676208496,0.0,157.0650634765625,29.900009155273438,0.0,0.0,0.0022699092514812946,0.031118987128138542,0.003753843018785119,0.006722363643348217
CelebDFv3,/root/Datasets/CelebDFv3/CelebDFv3/REAL/Real_WEB/id51_0007.mp4,real/Real_WEB,id51,,1,-3.3386616706848145,3.3386616706848145,0.0,152.3906707763672,30.0,0.0,0.0,0.0032550469040870667,0.0033302525989711285,0.001980185741558671,0.003546107094734907
CelebDFv3,/root/Datasets/CelebDFv3/CelebDFv3/REAL/Real_WEB/id51_0008.mp4,real/Real_WEB,id51,,1,-6.131227016448975,6.131227016448975,0.0,111.69292449951172,30.0,0.0,0.0,0.004328075796365738,0.0018611416453495622,0.0039153811521828175,0.007011644542217255
CelebDFv3,/root/Datasets/CelebDFv3/CelebDFv3/REAL/Real_WEB/id51_0009.mp4,real/Real_WEB,id51,,1,-5.197066307067871,5.197066307067871,0.0,109.89957427978516,30.0,0.0,0.0,0.006920502055436373,0.005380420014262199,0.0035811630077660084,0.0064131286926567554
CelebDFv3,/root/Datasets/CelebDFv3/CelebDFv3/REAL/Real_WEB/id54_0000.mp4,real/Real_WEB,id54,,1,-5.976726531982422,5.976726531982422,0.0,117.0014419555664,30.0,0.0,0.0,0.007588505744934082,0.00469650374725461,0.0047318520955741405,0.008473777212202549
CelebDFv3,/root/Datasets/CelebDFv3/CelebDFv3/REAL/Real_WEB/id54_0001.mp4,real/Real_WEB,id54,,1,-4.040370941162109,4.040370941162109,0.0,161.7916259765625,30.0,0.0,0.0,0.006531701888889074,0.021096820011734962,0.004159393720328808,0.007448622025549412
CelebDFv3,/root/Datasets/CelebDFv3/CelebDFv3/REAL/Real_WEB/id54_0002.mp4,real/Real_WEB,id54,,1,-0.7939953207969666,0.7939953207969666,0.0,132.4059600830078,30.0,0.0,0.0,0.002535449340939522,0.0046923342160880566,0.0011213006218895316,0.0020080197136849165
CelebDFv3,/root/Datasets/CelebDFv3/CelebDFv3/REAL/Real_WEB/id54_0003.mp4,real/Real_WEB,id54,,1,-8.379727363586426,8.379727363586426,0.0,229.12339782714844,30.0,0.0,0.0,0.002051600720733404,0.010122410953044891,0.0018131474498659372,0.003246975364163518
CelebDFv3,/root/Datasets/CelebDFv3/CelebDFv3/REAL/Real_WEB/id54_0004.mp4,real/Real_WEB,id54,,1,-8.513345718383789,8.513345718383789,0.0,204.74571228027344,30.0,0.0,0.0,0.002113216556608677,0.018301978707313538,0.010482070036232471,0.01877123862504959
CelebDFv3,/root/Datasets/CelebDFv3/CelebDFv3/REAL/Real_WEB/id54_0005.mp4,real/Real_WEB,id54,,1,-4.594433784484863,4.594433784484863,0.0,98.77696990966797,30.0,0.0,0.0,0.015287580899894238,0.004218461457639933,0.004518804606050253,0.008092252537608147
CelebDFv3,/root/Datasets/CelebDFv3/CelebDFv3/REAL/Real_WEB/id54_0006.mp4,real/Real_WEB,id54,,1,-12.397104263305664,12.397104263305664,0.0,212.55917358398438,30.0,1.0,0.015625,0.0043045468628406525,0.006652453914284706,0.003986254800111055,0.007138565182685852
CelebDFv3,/root/Datasets/CelebDFv3/CelebDFv3/REAL/Real_WEB/id54_0007.mp4,real/Real_WEB,id54,,1,-9.018186569213867,9.018186569213867,0.0,153.8297882080078,30.0,0.0,0.0,0.00402330607175827,0.004099615383893251,0.0024728840216994286,0.00442842859774828
CelebDFv3,/root/Datasets/CelebDFv3/CelebDFv3/REAL/Real_WEB/id54_0008.mp4,real/Real_WEB,id54,,1,-10.042131423950195,10.042131423950195,0.0,200.24185180664062,30.0,0.0,0.0,0.002065761713311076,0.003254185663536191,0.0023143410217016935,0.004144510719925165
CelebDFv3,/root/Datasets/CelebDFv3/CelebDFv3/REAL/Real_WEB/id54_0009.mp4,real/Real_WEB,id54,,1,-0.1634518802165985,0.1634518802165985,0.0,98.841796875,30.0,0.0,0.0,0.01350165344774723,0.013430946506559849,0.0025277752429246902,0.0045267269015312195
CelebDFv3,/root/Datasets/CelebDFv3/CelebDFv3/REAL/Real_WEB/id56_0000.mp4,real/Real_WEB,id56,,1,-1.0852214097976685,1.0852214097976685,0.0,110.6212387084961,30.0,0.0,0.0,0.003669480327516794,0.00489399116486311,0.0021553444676101208,0.0038597804959863424
CelebDFv3,/root/Datasets/CelebDFv3/CelebDFv3/REAL/Real_WEB/id56_0001.mp4,real/Real_WEB,id56,,1,-0.7207924127578735,0.7207924127578735,0.0,156.79006958007812,30.0,0.0,0.0,0.0032524026464670897,0.00971809308975935,0.002731846645474434,0.004892177414149046
CelebDFv3,/root/Datasets/CelebDFv3/CelebDFv3/REAL/Real_WEB/id56_0002.mp4,real/Real_WEB,id56,,1,-2.726025104522705,2.726025104522705,0.0,139.8729248046875,30.0,0.0,0.0,0.007462000008672476,0.004447353072464466,0.0034121538046747446,0.006110467482358217
CelebDFv3,/root/Datasets/CelebDFv3/CelebDFv3/REAL/Real_WEB/id56_0003.mp4,real/Real_WEB,id56,,1,-10.162712097167969,10.162712097167969,0.0,105.78591918945312,30.0,0.0,0.0,0.004301737062633038,0.00319648627191782,0.0025092260912060738,0.004493509419262409
CelebDFv3,/root/Datasets/CelebDFv3/CelebDFv3/REAL/Real_WEB/id56_0004.mp4,real/Real_WEB,id56,,1,-4.027310371398926,4.027310371398926,0.0,111.96624755859375,30.0,1.0,0.015625,0.00471281073987484,0.029692308977246284,0.0035709007643163204,0.006394750904291868
CelebDFv3,/root/Datasets/CelebDFv3/CelebDFv3/REAL/Real_WEB/id56_0005.mp4,real/Real_WEB,id56,,1,1.9236952066421509,-1.9236952066421509,0.0,94.8934326171875,29.899993896484375,0.0,0.0,0.0016736923716962337,0.0037772769574075937,0.001187778078019619,0.0021270669531077147
CelebDFv3,/root/Datasets/CelebDFv3/CelebDFv3/REAL/Real_WEB/id56_0006.mp4,real/Real_WEB,id56,,1,0.12470275163650513,-0.12470275163650513,0.0,103.79357147216797,30.0,0.0,0.0,0.007511264178901911,0.005261785816401243,0.002290983684360981,0.0041026826947927475
CelebDFv3,/root/Datasets/CelebDFv3/CelebDFv3/REAL/Real_WEB/id56_0007.mp4,real/Real_WEB,id56,,1,-20.099538803100586,20.099538803100586,0.0,467.4979553222656,29.00001335144043,0.0,0.0,0.00683727627620101,0.012518700212240219,0.005668105091899633,0.010150414891541004
CelebDFv3,/root/Datasets/CelebDFv3/CelebDFv3/REAL/Real_WEB/id56_0008.mp4,real/Real_WEB,id56,,1,2.710481643676758,-2.710481643676758,0.0,107.12517547607422,30.0,0.0,0.0,0.004493227694183588,0.0028334110975265503,0.002144921338185668,0.0038411146961152554
CelebDFv3,/root/Datasets/CelebDFv3/CelebDFv3/REAL/Real_WEB/id56_0009.mp4,real/Real_WEB,id56,,1,-8.425045013427734,8.425045013427734,0.0,200.41612243652344,30.0,0.0,0.0,0.011491640470921993,0.0019130716100335121,0.0030909981578588486,0.00553534459322691
CelebDFv3,/root/Datasets/CelebDFv3/CelebDFv3/REAL/Real_WEB/id59_0000.mp4,real/Real_WEB,id59,,1,2.166248321533203,-2.166248321533203,0.0,81.56240844726562,30.0,1.0,0.03125,0.014286061748862267,0.01704542152583599,0.009451034478843212,0.016924867406487465
CelebDFv3,/root/Datasets/CelebDFv3/CelebDFv3/REAL/Real_WEB/id59_0001.mp4,real/Real_WEB,id59,,1,2.0374176502227783,-2.0374176502227783,0.0,266.3762512207031,30.0,0.0,0.0,0.0017741743940860033,0.0017694738926365972,0.002141549251973629,0.003835075767710805
CelebDFv3,/root/Datasets/CelebDFv3/CelebDFv3/REAL/Real_WEB/id59_0002.mp4,real/Real_WEB,id59,,1,-4.447983741760254,4.447983741760254,0.0,164.493896484375,30.0,1.0,0.453125,0.007710593752563,0.011069250293076038,0.00256461463868618,0.004592698998749256
CelebDFv3,/root/Datasets/CelebDFv3/CelebDFv3/REAL/Real_WEB/id59_0003.mp4,real/Real_WEB,id59,,1,-7.309713840484619,7.309713840484619,0.0,296.69586181640625,30.0,1.0,0.125,0.011848949827253819,0.007384336553514004,0.010770394466817379,0.01928756758570671
CelebDFv3,/root/Datasets/CelebDFv3/CelebDFv3/REAL/Real_WEB/id59_0004.mp4,real/Real_WEB,id59,,1,-0.5855729579925537,0.5855729579925537,0.0,113.68787384033203,30.0,0.0,0.0,0.0057001677341759205,0.011422794312238693,0.0022531014401465654,0.004034842364490032
CelebDFv3,/root/Datasets/CelebDFv3/CelebDFv3/REAL/Real_WEB/id59_0005.mp4,real/Real_WEB,id59,,1,-0.29445379972457886,0.29445379972457886,0.0,76.83811950683594,30.0,0.0,0.0,0.00427696667611599,0.05678234249353409,0.002293391851708293,0.004106994718313217
CelebDFv3,/root/Datasets/CelebDFv3/CelebDFv3/REAL/Real_WEB/id59_0006.mp4,real/Real_WEB,id59,,1,2.2121169567108154,-2.2121169567108154,0.0,83.86152648925781,30.0,0.0,0.0,0.022221915423870087,0.013099455274641514,0.013913755305111408,0.02491668239235878
CelebDFv3,/root/Datasets/CelebDFv3/CelebDFv3/REAL/Real_WEB/id59_0007.mp4,real/Real_WEB,id59,,1,0.7875444889068604,-0.7875444889068604,0.0,108.30660247802734,30.0,0.0,0.0,0.030061453580856323,0.032515399158000946,0.0027951663359999657,0.005005569197237492
CelebDFv3,/root/Datasets/CelebDFv3/CelebDFv3/REAL/Real_WEB/id59_0008.mp4,real/Real_WEB,id59,,1,3.881208896636963,-3.881208896636963,0.0,114.45459747314453,30.0,0.0,0.0,0.0013033474097028375,0.0009221009095199406,0.0012398967519402504,0.0022204010747373104
CelebDFv3,/root/Datasets/CelebDFv3/CelebDFv3/REAL/Real_WEB/id59_0009.mp4,real/Real_WEB,id59,,1,4.341981887817383,-4.341981887817383,0.0,154.52310180664062,30.0,0.0,0.0,0.010944060981273651,0.018350018188357353,0.005634453147649765,0.010090149939060211
CelebDFv3,/root/Datasets/CelebDFv3/CelebDFv3/REAL/Real_WEB/id8_0000.mp4,real/Real_WEB,id8,,1,-13.612119674682617,13.612119674682617,0.0,549.5645751953125,30.0,0.0,0.0,0.0020685363560914993,0.005792779382318258,0.0025295442901551723,0.004765661433339119
CelebDFv3,/root/Datasets/CelebDFv3/CelebDFv3/REAL/Real_WEB/id8_0001.mp4,real/Real_WEB,id8,,1,6.84556245803833,-6.84556245803833,0.0,251.05191040039062,30.0,0.0,0.0,0.0026386319659650326,0.004901805426925421,0.001294705900363624,0.0024392257910221815
CelebDFv3,/root/Datasets/CelebDFv3/CelebDFv3/REAL/Real_WEB/id8_0002.mp4,real/Real_WEB,id8,,1,-5.3497314453125,5.3497314453125,0.0,109.08609008789062,30.0,1.0,0.015625,0.0022099073976278305,0.012543978169560432,0.0034242477267980576,0.006451282184571028
CelebDFv3,/root/Datasets/CelebDFv3/CelebDFv3/REAL/Real_WEB/id8_0003.mp4,real/Real_WEB,id8,,1,-6.1772780418396,6.1772780418396,0.0,169.73500061035156,30.0,0.0,0.0,0.002356624696403742,0.009946313686668873,0.002552896970883012,0.004809658043086529
CelebDFv3,/root/Datasets/CelebDFv3/CelebDFv3/REAL/Real_WEB/id8_0004.mp4,real/Real_WEB,id8,,1,-12.465405464172363,12.465405464172363,0.0,330.2539367675781,30.0,0.0,0.0,0.004360857419669628,0.005928938277065754,0.002119780983775854,0.003993667662143707
CelebDFv3,/root/Datasets/CelebDFv3/CelebDFv3/REAL/Real_WEB/id8_0005.mp4,real/Real_WEB,id8,,1,-0.04998147487640381,0.04998147487640381,0.0,113.52291107177734,30.0,0.0,0.0,0.026045098900794983,0.016940349712967873,0.02389412187039852,0.04501652717590332
CelebDFv3,/root/Datasets/CelebDFv3/CelebDFv3/REAL/Real_WEB/id8_0006.mp4,real/Real_WEB,id8,,1,-6.29911994934082,6.29911994934082,0.0,150.10256958007812,30.0,0.0,0.0,0.002841393696144223,0.007582240272313356,0.003863472957164049,0.007278783246874809
CelebDFv3,/root/Datasets/CelebDFv3/CelebDFv3/REAL/Real_WEB/id8_0007.mp4,real/Real_WEB,id8,,1,-2.4973807334899902,2.4973807334899902,0.0,168.1080322265625,30.0,0.0,0.0,0.012418843805789948,0.055467426776885986,0.0015847126487642527,0.0029855985194444656
CelebDFv3,/root/Datasets/CelebDFv3/CelebDFv3/REAL/Real_WEB/id8_0008.mp4,real/Real_WEB,id8,,1,-5.164626598358154,5.164626598358154,0.0,142.40560913085938,30.0,0.0,0.0,0.001997246639803052,0.002669720910489559,0.0010882216738536954,0.0020502095576375723
CelebDFv3,/root/Datasets/CelebDFv3/CelebDFv3/REAL/Real_WEB/id8_0009.mp4,real/Real_WEB,id8,,1,-6.927873611450195,6.927873611450195,0.0,136.04966735839844,30.0,1.0,0.046875,0.0083971181884408,0.008610034361481667,0.003121070796623826,0.005880097858607769
CelebDFv3,/root/Datasets/CelebDFv3/CelebDFv3/REAL/Real_YouTube/00004.mp4,real/Real_YouTube,youtube_00004,,1,-3.531667709350586,3.531667709350586,0.0,134.67079162597656,30.0,0.0,0.0,0.005617513787001371,0.009059427306056023,0.0016041893977671862,0.0028618737123906612
CelebDFv3,/root/Datasets/CelebDFv3/CelebDFv3/REAL/Real_YouTube/00012.mp4,real/Real_YouTube,youtube_00012,,1,-4.70681095123291,4.70681095123291,0.0,215.66375732421875,30.0,1.0,0.03125,0.01042456179857254,0.011408958584070206,0.004861592315137386,0.008673080243170261
CelebDFv3,/root/Datasets/CelebDFv3/CelebDFv3/REAL/Real_YouTube/00020.mp4,real/Real_YouTube,youtube_00020,,1,-19.194671630859375,19.194671630859375,0.0,293.8981628417969,30.0,0.0,0.0,0.002029502298682928,0.006905544549226761,0.0021303286775946617,0.0038005062378942966
CelebDFv3,/root/Datasets/CelebDFv3/CelebDFv3/REAL/Real_YouTube/00022.mp4,real/Real_YouTube,youtube_00022,,1,-2.791041374206543,2.791041374206543,0.0,175.5860595703125,30.0,0.0,0.0,0.0031647286377847195,0.005222717300057411,0.0021492554806172848,0.003834271803498268
CelebDFv3,/root/Datasets/CelebDFv3/CelebDFv3/REAL/Real_YouTube/00042.mp4,real/Real_YouTube,youtube_00042,,1,-5.174070358276367,5.174070358276367,0.0,129.37600708007812,30.0,0.0,0.0,0.008692344650626183,0.0067110005766153336,0.005348565988242626,0.00954184215515852
CelebDFv3,/root/Datasets/CelebDFv3/CelebDFv3/REAL/Real_YouTube/00051.mp4,real/Real_YouTube,youtube_00051,,1,-8.056633949279785,8.056633949279785,0.0,157.86009216308594,30.0,0.0,0.0,0.0029335878789424896,0.005337268114089966,0.0015154702123254538,0.0027035989332944155
CelebDFv3,/root/Datasets/CelebDFv3/CelebDFv3/REAL/Real_YouTube/00052.mp4,real/Real_YouTube,youtube_00052,,1,-7.667377471923828,7.667377471923828,0.0,336.90338134765625,30.0,0.0,0.0,0.006374209653586149,0.005172062665224075,0.001868255902081728,0.003332968568429351
CelebDFv3,/root/Datasets/CelebDFv3/CelebDFv3/REAL/Real_YouTube/00053.mp4,real/Real_YouTube,youtube_00053,,1,-7.027792930603027,7.027792930603027,0.0,129.26907348632812,30.0,1.0,0.078125,0.011774957180023193,0.017501909285783768,0.009691487066447735,0.01721208170056343
CelebDFv3,/root/Datasets/CelebDFv3/CelebDFv3/REAL/Real_YouTube/00055.mp4,real/Real_YouTube,youtube_00055,,1,4.039524555206299,-4.039524555206299,0.0,208.22100830078125,30.0,0.0,0.0,0.006605044007301331,0.003015863476321101,0.0028768922202289104,0.005109360441565514
CelebDFv3,/root/Datasets/CelebDFv3/CelebDFv3/REAL/Real_YouTube/00060.mp4,real/Real_YouTube,youtube_00060,,1,-1.6068811416625977,1.6068811416625977,0.0,229.29833984375,30.0,0.0,0.0,0.005882790312170982,0.004674952477216721,0.003070215694606304,0.0054772645235061646
CelebDFv3,/root/Datasets/CelebDFv3/CelebDFv3/REAL/Real_YouTube/00066.mp4,real/Real_YouTube,youtube_00066,,1,-5.199868202209473,5.199868202209473,0.0,347.8385925292969,30.0,0.0,0.0,0.0006394843803718686,0.0012062041787430644,0.0013995966874063015,0.002496880479156971
CelebDFv3,/root/Datasets/CelebDFv3/CelebDFv3/REAL/Real_YouTube/00076.mp4,real/Real_YouTube,youtube_00076,,1,-6.70275354385376,6.70275354385376,0.0,139.58975219726562,30.0,0.0,0.0,0.012167923152446747,0.015163443982601166,0.0042182039469480515,0.007491530850529671
CelebDFv3,/root/Datasets/CelebDFv3/CelebDFv3/REAL/Real_YouTube/00081.mp4,real/Real_YouTube,youtube_00081,,1,-6.201817512512207,6.201817512512207,0.0,105.61431121826172,30.0,0.0,0.0,0.00419464660808444,0.020347721874713898,0.0039648571982979774,0.0070733060128986835
CelebDFv3,/root/Datasets/CelebDFv3/CelebDFv3/REAL/Real_YouTube/00083.mp4,real/Real_YouTube,youtube_00083,,1,-7.689527988433838,7.689527988433838,0.0,406.00128173828125,30.0,0.0,0.0,0.0037089823745191097,0.005437958054244518,0.003324344754219055,0.005904036574065685
CelebDFv3,/root/Datasets/CelebDFv3/CelebDFv3/REAL/Real_YouTube/00091.mp4,real/Real_YouTube,youtube_00091,,1,-14.876262664794922,14.876262664794922,0.0,369.9105529785156,30.0,0.0,0.0,0.001000768505036831,0.0018486847402527928,0.0012844615848734975,0.00229147938080132
CelebDFv3,/root/Datasets/CelebDFv3/CelebDFv3/REAL/Real_YouTube/00113.mp4,real/Real_YouTube,youtube_00113,,1,-11.235790252685547,11.235790252685547,0.0,401.3206787109375,30.0,0.0,0.0,0.0037388347554951906,0.0034251012839376926,0.0031849155202507973,0.005681890062987804
CelebDFv3,/root/Datasets/CelebDFv3/CelebDFv3/REAL/Real_YouTube/00115.mp4,real/Real_YouTube,youtube_00115,,1,-3.9213430881500244,3.9213430881500244,0.0,148.44390869140625,30.0,0.0,0.0,0.005980919115245342,0.00744810001924634,0.003445478156208992,0.006146732252091169
CelebDFv3,/root/Datasets/CelebDFv3/CelebDFv3/REAL/Real_YouTube/00117.mp4,real/Real_YouTube,youtube_00117,,1,-1.3274933099746704,1.3274933099746704,0.0,147.2291717529297,30.0,0.0,0.0,0.011509846895933151,0.011204451322555542,0.005155107006430626,0.009196710772812366
CelebDFv3,/root/Datasets/CelebDFv3/CelebDFv3/REAL/Real_YouTube/00124.mp4,real/Real_YouTube,youtube_00124,,1,-15.618842124938965,15.618842124938965,0.0,702.9947509765625,30.0,1.0,0.203125,0.01475356612354517,0.038435887545347214,0.017651721835136414,0.03149067237973213
CelebDFv3,/root/Datasets/CelebDFv3/CelebDFv3/REAL/Real_YouTube/00134.mp4,real/Real_YouTube,youtube_00134,,1,-6.990720748901367,6.990720748901367,0.0,285.8047790527344,30.0,0.0,0.0,0.002057089935988188,0.011112838052213192,0.00451307650655508,0.008051328361034393
CelebDFv3,/root/Datasets/CelebDFv3/CelebDFv3/REAL/Real_YouTube/00135.mp4,real/Real_YouTube,youtube_00135,,1,-13.183392524719238,13.183392524719238,0.0,198.9363250732422,30.0,0.0,0.0,0.00639119790866971,0.020082863047719002,0.006277246866375208,0.011198608204722404
CelebDFv3,/root/Datasets/CelebDFv3/CelebDFv3/REAL/Real_YouTube/00155.mp4,real/Real_YouTube,youtube_00155,,1,-4.158845901489258,4.158845901489258,0.0,196.11056518554688,30.0,1.0,0.03125,0.017683569341897964,0.017426280304789543,0.018745381385087967,0.033441755920648575
CelebDFv3,/root/Datasets/CelebDFv3/CelebDFv3/REAL/Real_YouTube/00157.mp4,real/Real_YouTube,youtube_00157,,1,-8.764671325683594,8.764671325683594,0.0,384.025634765625,30.0,1.0,0.03125,0.0021175299771130085,0.0032660469878464937,0.0031853951513767242,0.005682745482772589
CelebDFv3,/root/Datasets/CelebDFv3/CelebDFv3/REAL/Real_YouTube/00170.mp4,real/Real_YouTube,youtube_00170,,1,-15.686156272888184,15.686156272888184,0.0,374.5729064941406,30.0,1.0,0.015625,0.0028144242241978645,0.0014364152448251843,0.0031233690679073334,0.005547103006392717
CelebDFv3,/root/Datasets/CelebDFv3/CelebDFv3/REAL/Real_YouTube/00176.mp4,real/Real_YouTube,youtube_00176,,1,-18.281150817871094,18.281150817871094,0.0,512.309814453125,30.0,0.0,0.0,0.002976552117615938,0.005191434640437365,0.0016385484486818314,0.002923170104622841
CelebDFv3,/root/Datasets/CelebDFv3/CelebDFv3/REAL/Real_YouTube/00199.mp4,real/Real_YouTube,youtube_00199,,1,-9.682344436645508,9.682344436645508,0.0,226.9898681640625,30.0,0.0,0.0,0.011063450947403908,0.02653420716524124,0.017019232735037804,0.030362309888005257
CelebDFv3,/root/Datasets/CelebDFv3/CelebDFv3/REAL/Real_YouTube/00215.mp4,real/Real_YouTube,youtube_00215,,1,4.394406318664551,-4.394406318664551,0.0,145.73849487304688,30.0,0.0,0.0,0.005200620740652084,0.005143907852470875,0.0042810882441699505,0.007637462113052607
CelebDFv3,/root/Datasets/CelebDFv3/CelebDFv3/REAL/Real_YouTube/00220.mp4,real/Real_YouTube,youtube_00220,,1,-11.643184661865234,11.643184661865234,0.0,216.85801696777344,30.0,0.0,0.0,0.030582008883357048,0.0075265392661094666,0.005455540493130684,0.00973268412053585
CelebDFv3,/root/Datasets/CelebDFv3/CelebDFv3/REAL/Real_YouTube/00223.mp4,real/Real_YouTube,youtube_00223,,1,-11.396905899047852,11.396905899047852,0.0,175.213623046875,30.0,0.0,0.0,0.013844762928783894,0.004244388081133366,0.010605620220303535,0.018835581839084625
CelebDFv3,/root/Datasets/CelebDFv3/CelebDFv3/REAL/Real_YouTube/00228.mp4,real/Real_YouTube,youtube_00228,,1,-9.94183349609375,9.94183349609375,0.0,375.9040832519531,30.0,0.0,0.0,0.002113817958161235,0.004848120734095573,0.0020715822465717793,0.0036957026459276676
CelebDFv3,/root/Datasets/CelebDFv3/CelebDFv3/REAL/Real_YouTube/00242.mp4,real/Real_YouTube,youtube_00242,,1,-7.780057907104492,7.780057907104492,0.0,125.60637664794922,30.0,0.0,0.0,0.01579955592751503,0.013986136764287949,0.005938512273132801,0.010594304651021957
CelebDFv3,/root/Datasets/CelebDFv3/CelebDFv3/REAL/Real_YouTube/00243.mp4,real/Real_YouTube,youtube_00243,,1,-10.869047164916992,10.869047164916992,0.0,201.6765594482422,30.0,0.0,0.0,0.0037680105306208134,0.00695346063002944,0.003660790156573057,0.006530849728733301
CelebDFv3,/root/Datasets/CelebDFv3/CelebDFv3/REAL/Real_YouTube/00249.mp4,real/Real_YouTube,youtube_00249,,1,-19.366107940673828,19.366107940673828,0.0,307.666015625,30.0,0.0,0.0,0.004207770340144634,0.013355382718145847,0.002977243857458234,0.005287584848701954
CelebDFv3,/root/Datasets/CelebDFv3/CelebDFv3/REAL/Real_YouTube/00250.mp4,real/Real_YouTube,youtube_00250,,1,1.2430264949798584,-1.2430264949798584,0.0,258.0893249511719,30.0,0.0,0.0,0.012765364721417427,0.009591292589902878,0.01062401756644249,0.018881775438785553
CelebDFv3,/root/Datasets/CelebDFv3/CelebDFv3/REAL/Real_YouTube/00268.mp4,real/Real_YouTube,youtube_00268,,1,0.44707703590393066,-0.44707703590393066,0.0,118.011962890625,30.0,0.0,0.0,0.002354657044634223,0.0023578396067023277,0.003586318576708436,0.004791321698576212
CelebDFv3,/root/Datasets/CelebDFv3/CelebDFv3/REAL/Real_YouTube/00270.mp4,real/Real_YouTube,youtube_00270,,1,-8.947669982910156,8.947669982910156,0.0,347.11865234375,30.0,0.0,0.0,0.006942730862647295,0.003921604249626398,0.0030447845347225666,0.005467655137181282
CelebDFv3,/root/Datasets/CelebDFv3/CelebDFv3/REAL/Real_YouTube/00273.mp4,real/Real_YouTube,youtube_00273,,1,-2.1782238483428955,2.1782238483428955,0.0,215.592041015625,30.0,0.0,0.0,0.012525498867034912,0.08424856513738632,0.0047279600985348225,0.008490209467709064
CelebDFv3,/root/Datasets/CelebDFv3/CelebDFv3/REAL/Real_YouTube/00284.mp4,real/Real_YouTube,youtube_00284,,1,-1.1836735010147095,1.1836735010147095,0.0,84.5637435913086,30.0,1.0,0.015625,0.03332590311765671,0.03021712601184845,0.006279090419411659,0.011244564317166805
CelebDFv3,/root/Datasets/CelebDFv3/CelebDFv3/REAL/Real_YouTube/00287.mp4,real/Real_YouTube,youtube_00287,,1,-3.897789716720581,3.897789716720581,0.0,186.77235412597656,30.0,0.0,0.0,0.004890966694802046,0.007828566245734692,0.0030947341583669186,0.00554203474894166
CelebDFv3,/root/Datasets/CelebDFv3/CelebDFv3/REAL/Real_YouTube/00290.mp4,real/Real_YouTube,youtube_00290,,1,-10.88203239440918,10.88203239440918,0.0,259.38116455078125,30.0,0.0,0.0,0.0016801488818600774,0.0029615499079227448,0.003142809495329857,0.005628127139061689
CelebDFv3,/root/Datasets/CelebDFv3/CelebDFv3/REAL/Real_YouTube/00291.mp4,real/Real_YouTube,youtube_00291,,1,-26.039859771728516,26.039859771728516,0.0,432.7425842285156,29.700000762939453,0.0,0.0,0.021364830434322357,0.02196929231286049,0.01521328091621399,0.02724386192858219
CelebDFv3,/root/Datasets/CelebDFv3/CelebDFv3/REAL/Real_YouTube/00292.mp4,real/Real_YouTube,youtube_00292,,1,5.23084020614624,-5.23084020614624,0.0,201.8616943359375,30.0,0.0,0.0,0.0016326187178492546,0.0015011653304100037,0.0012361042900010943,0.0022136091720312834
CelebDFv3,/root/Datasets/CelebDFv3/CelebDFv3/FAKE/FaceReenact/DaGAN/id31_id3_0000.mp4,FaceReenact/DaGAN,id31,id3,0,2.908327579498291,-2.908327579498291,0.0,116.7376480102539,30.0,1.0,0.125,0.01082784403115511,0.014315648935735226,0.00769786024466157,0.00769786024466157
CelebDFv3,/root/Datasets/CelebDFv3/CelebDFv3/FAKE/FaceReenact/FSRT/id31_id34_0002.mp4,FaceReenact/FSRT,id31,id34,0,10.328433990478516,-10.328433990478516,0.0,164.39161682128906,20.0,0.0,0.0,0.020409556105732918,0.013772846199572086,0.03285417705774307,0.03285417705774307
CelebDFv3,/root/Datasets/CelebDFv3/CelebDFv3/FAKE/FaceReenact/HyperReenact/id48_id46_0001.mp4,FaceReenact/HyperReenact,id48,id46,0,-3.3205459117889404,3.3205459117889404,0.0,115.64471435546875,25.0,0.0,0.0,0.002414712682366371,0.0024968874640762806,0.004619601648300886,0.004619601648300886
CelebDFv3,/root/Datasets/CelebDFv3/CelebDFv3/FAKE/FaceReenact/LIA/id8_id0_0008.mp4,FaceReenact/LIA,id8,id0,0,0.8124982118606567,-0.8124982118606567,0.0,132.3592071533203,30.0,0.0,0.0,0.011441677808761597,0.010820743627846241,0.005842954386025667,0.005842954386025667
CelebDFv3,/root/Datasets/CelebDFv3/CelebDFv3/FAKE/FaceReenact/LivePortrait/id31_id38_0006.mp4,FaceReenact/LivePortrait,id31,id38,0,-6.117915630340576,6.117915630340576,0.0,302.8045349121094,30.0,1.0,0.015625,0.004295007325708866,0.0027862228453159332,0.0028529586270451546,0.005137743428349495
CelebDFv3,/root/Datasets/CelebDFv3/CelebDFv3/FAKE/FaceReenact/MCNET/id23_id3_0006.mp4,FaceReenact/MCNET,id23,id3,0,19.68875503540039,-19.68875503540039,0.0,127.88158416748047,30.0,1.0,0.25,0.01759892702102661,0.014338311739265919,0.0086046839132905,0.0086046839132905
CelebDFv3,/root/Datasets/CelebDFv3/CelebDFv3/FAKE/FaceReenact/TPSMM/id23_id31_0002.mp4,FaceReenact/TPSMM,id23,id31,0,5.197546005249023,-5.197546005249023,0.0,103.21226501464844,30.0,1.0,0.046875,0.012014523148536682,0.002856970066204667,0.016417121514678,0.016417121514678
CelebDFv3,/root/Datasets/CelebDFv3/CelebDFv3/FAKE/FaceSwap/BlendFace/id31_id29_0001.mp4,FaceSwap/BlendFace,id31,id29,0,7.698874473571777,-7.698874473571777,0.0,145.36024475097656,30.0,0.0,0.0,0.0023659381549805403,0.00285728950984776,0.0016927715623751283,0.0030484236776828766
CelebDFv3,/root/Datasets/CelebDFv3/CelebDFv3/FAKE/FaceSwap/Celeb-DF-v2/id26_id17_0005.mp4,FaceSwap/Celeb-DF-v2,id26,id17,0,-10.888603210449219,10.888603210449219,0.0,237.06846618652344,30.0,0.0,0.0,0.0021838305983692408,0.002038057893514633,0.0031484474893659353,0.003493847092613578
CelebDFv3,/root/Datasets/CelebDFv3/CelebDFv3/FAKE/FaceSwap/GHOST/id31_id3_0000.mp4,FaceSwap/GHOST,id31,id3,0,1.7601405382156372,-1.7601405382156372,0.0,129.52716064453125,30.0,0.0,0.0,0.0036088163033127785,0.006655602715909481,0.003058011643588543,0.0055070118978619576
CelebDFv3,/root/Datasets/CelebDFv3/CelebDFv3/FAKE/FaceSwap/HifiFace/id31_id33_0009.mp4,FaceSwap/HifiFace,id31,id33,0,3.2979557514190674,-3.2979557514190674,0.0,142.4348602294922,30.0,0.0,0.0,0.005096685606986284,0.005051967687904835,0.0028596720658242702,0.005149833392351866
CelebDFv3,/root/Datasets/CelebDFv3/CelebDFv3/FAKE/FaceSwap/InSwapper/id26_id2_0005.mp4,FaceSwap/InSwapper,id26,id2,0,-7.390942096710205,7.390942096710205,0.0,235.66091918945312,30.0,0.0,0.0,0.003800536971539259,0.008642233908176422,0.0042974092066287994,0.004768854938447475
CelebDFv3,/root/Datasets/CelebDFv3/CelebDFv3/FAKE/FaceSwap/MobileFaceSwap/id54_id57_0008.mp4,FaceSwap/MobileFaceSwap,id54,id57,0,-2.785602569580078,2.785602569580078,0.0,178.41891479492188,30.0,0.0,0.0,0.001976095139980316,0.003452054690569639,0.0014377040788531303,0.002574633341282606
CelebDFv3,/root/Datasets/CelebDFv3/CelebDFv3/FAKE/FaceSwap/SimSwap/id23_id26_0009.mp4,FaceSwap/SimSwap,id23,id26,0,-1.9719780683517456,1.9719780683517456,0.0,150.76060485839844,30.0,0.0,0.0,0.0040228888392448425,0.003956751897931099,0.0031415268313139677,0.0041593811474740505
CelebDFv3,/root/Datasets/CelebDFv3/CelebDFv3/FAKE/FaceSwap/UniFace/id31_id9_0003.mp4,FaceSwap/UniFace,id31,id9,0,-6.606996536254883,6.606996536254883,0.0,129.6440887451172,30.0,0.0,0.0,0.0030188236851245165,0.0031092825811356306,0.003184166271239519,0.00573419826105237
CelebDFv3,/root/Datasets/CelebDFv3/CelebDFv3/FAKE/TalkingFace/AniTalker/id31_0008_test_id04536_OYH-6uGB6jI.mp4,TalkingFace/AniTalker,id31,,0,6.703139781951904,-6.703139781951904,0.0,161.87501525878906,25.0,0.0,0.0,0.006786080542951822,0.005604494828730822,0.0053332168608903885,0.0053332168608903885
CelebDFv3,/root/Datasets/CelebDFv3/CelebDFv3/FAKE/TalkingFace/EDTalk/id8_0001_test_id01989_t3crub0ikyc.mp4,TalkingFace/EDTalk,id8,,0,1.4159770011901855,-1.4159770011901855,0.0,356.2591247558594,25.0,0.0,0.0,0.011852696537971497,0.00861482322216034,0.006450701970607042,0.006450701970607042
CelebDFv3,/root/Datasets/CelebDFv3/CelebDFv3/FAKE/TalkingFace/EchoMimic/id48_0000_test_id00817_EPPT9urr8Ew.mp4,TalkingFace/EchoMimic,id48,,0,1.8381621837615967,-1.8381621837615967,0.0,155.68563842773438,24.0,0.0,0.0,0.00925648957490921,0.012095661833882332,0.008263380266726017,0.008263380266726017
CelebDFv3,/root/Datasets/CelebDFv3/CelebDFv3/FAKE/TalkingFace/FLOAT/id56_0002_test_id01822_jmFGgwXCuW0.mp4,TalkingFace/FLOAT,id56,,0,4.24351692199707,-4.24351692199707,0.0,113.02632141113281,25.0,0.0,0.0,0.022102903574705124,0.009507331997156143,0.008719238452613354,0.008719238452613354
CelebDFv3,/root/Datasets/CelebDFv3/CelebDFv3/FAKE/TalkingFace/IP_LAP/id11_0000_test_id00081_xjfPXNgzW6o.mp4,TalkingFace/IP_LAP,id11,,0,4.371772766113281,-4.371772766113281,0.0,101.44474792480469,25.0,1.0,0.015625,0.007102202158421278,0.006969684734940529,0.007253836840391159,0.007253836840391159
CelebDFv3,/root/Datasets/CelebDFv3/CelebDFv3/FAKE/TalkingFace/Real3DPortrait/id51_0000_test_id03862__FGtg4jkcME.mp4,TalkingFace/Real3DPortrait,id51,,0,9.889066696166992,-9.889066696166992,0.0,126.9776611328125,25.0,0.0,0.0,0.025198817253112793,0.009543785825371742,0.015629326924681664,0.015629326924681664
CelebDFv3,/root/Datasets/CelebDFv3/CelebDFv3/FAKE/TalkingFace/SadTalker/id11_0000_test_id08696_w3hl-OW_TVI.mp4,TalkingFace/SadTalker,id11,,0,0.6458000540733337,-0.6458000540733337,0.0,111.76890563964844,25.0,0.0,0.0,0.0017900275997817516,0.004583440721035004,0.004432023037225008,0.004432023037225008
CelebDFv3,/root/Datasets/CelebDFv3/CelebDFv3/FAKE/FaceReenact/DaGAN/id23_id0_0003.mp4,FaceReenact/DaGAN,id23,id0,0,6.216307640075684,-6.216307640075684,0.0,102.30355834960938,30.0,0.0,0.0,0.014562160708010197,0.008367296308279037,0.007977843284606934,0.007977843284606934
CelebDFv3,/root/Datasets/CelebDFv3/CelebDFv3/FAKE/FaceReenact/FSRT/id51_id54_0006.mp4,FaceReenact/FSRT,id51,id54,0,-1.05855393409729,1.05855393409729,0.0,186.7645721435547,20.0,0.0,0.0,0.014586448669433594,0.01125476323068142,0.014570553787052631,0.014570553787052631
CelebDFv3,/root/Datasets/CelebDFv3/CelebDFv3/FAKE/FaceReenact/HyperReenact/id31_id20_0001.mp4,FaceReenact/HyperReenact,id31,id20,0,-0.2852214574813843,0.2852214574813843,0.0,141.30638122558594,25.0,0.0,0.0,0.007240235339850187,0.00528859393671155,0.007896257564425468,0.007896257564425468
CelebDFv3,/root/Datasets/CelebDFv3/CelebDFv3/FAKE/FaceReenact/LIA/id26_id35_0001.mp4,FaceReenact/LIA,id26,id35,0,1.4337233304977417,-1.4337233304977417,0.0,177.8219757080078,30.0,1.0,0.265625,0.012282795272767544,0.011330015026032925,0.021901119500398636,0.021901119500398636
CelebDFv3,/root/Datasets/CelebDFv3/CelebDFv3/FAKE/FaceReenact/LivePortrait/id8_id6_0007.mp4,FaceReenact/LivePortrait,id8,id6,0,2.7135274410247803,-2.7135274410247803,0.0,146.31837463378906,30.0,0.0,0.0,0.00239527877420187,0.0012770297471433878,0.000977870193310082,0.0018423076253384352
CelebDFv3,/root/Datasets/CelebDFv3/CelebDFv3/FAKE/FaceReenact/MCNET/id51_id55_0000.mp4,FaceReenact/MCNET,id51,id55,0,6.345424175262451,-6.345424175262451,0.0,103.1735610961914,30.0,1.0,0.046875,0.04181228205561638,0.005855694878846407,0.023659925907850266,0.023659925907850266
CelebDFv3,/root/Datasets/CelebDFv3/CelebDFv3/FAKE/FaceReenact/TPSMM/id23_id24_0009.mp4,FaceReenact/TPSMM,id23,id24,0,4.345701217651367,-4.345701217651367,0.0,139.1201934814453,30.0,0.0,0.0,0.006184262223541737,0.005559779703617096,0.005012506619095802,0.005012506619095802
CelebDFv3,/root/Datasets/CelebDFv3/CelebDFv3/FAKE/FaceSwap/BlendFace/id51_id53_0007.mp4,FaceSwap/BlendFace,id51,id53,0,1.9450676441192627,-1.9450676441192627,0.0,147.1608123779297,30.0,0.0,0.0,0.003218834986910224,0.0035004462115466595,0.001916172681376338,0.003431472461670637
CelebDFv3,/root/Datasets/CelebDFv3/CelebDFv3/FAKE/FaceSwap/Celeb-DF-v2/id31_id23_0002.mp4,FaceSwap/Celeb-DF-v2,id31,id23,0,3.418717861175537,-3.418717861175537,0.0,154.47573852539062,30.0,0.0,0.0,0.021700548008084297,0.046202804893255234,0.014246415346860886,0.02565561980009079
CelebDFv3,/root/Datasets/CelebDFv3/CelebDFv3/FAKE/FaceSwap/GHOST/id26_id6_0006.mp4,FaceSwap/GHOST,id26,id6,0,-6.385797500610352,6.385797500610352,0.0,236.0837860107422,30.0,0.0,0.0,0.016399312764406204,0.005708168726414442,0.0040380703285336494,0.007353166583925486
CelebDFv3,/root/Datasets/CelebDFv3/CelebDFv3/FAKE/FaceSwap/HifiFace/id48_id44_0003.mp4,FaceSwap/HifiFace,id48,id44,0,1.5863685607910156,-1.5863685607910156,0.0,77.38874053955078,30.0,1.0,0.09375,0.005553733091801405,0.01846553571522236,0.009894671849906445,0.017669057473540306
CelebDFv3,/root/Datasets/CelebDFv3/CelebDFv3/FAKE/FaceSwap/InSwapper/id23_id6_0005.mp4,FaceSwap/InSwapper,id23,id6,0,6.548304080963135,-6.548304080963135,0.0,114.88628387451172,30.0,0.0,0.0,0.006346559152007103,0.0022351532243192196,0.002871134551241994,0.005877154879271984
CelebDFv3,/root/Datasets/CelebDFv3/CelebDFv3/FAKE/FaceSwap/MobileFaceSwap/id31_id9_0003.mp4,FaceSwap/MobileFaceSwap,id31,id9,0,-1.9366708993911743,1.9366708993911743,0.0,119.48604583740234,30.0,0.0,0.0,0.0029188301414251328,0.003166874870657921,0.002935840981081128,0.005287001375108957
CelebDFv3,/root/Datasets/CelebDFv3/CelebDFv3/FAKE/FaceSwap/SimSwap/id25_id21_0002.mp4,FaceSwap/SimSwap,id25,id21,0,4.155158519744873,-4.155158519744873,0.0,141.4965362548828,30.0,0.0,0.0,0.010125208646059036,0.019730981439352036,0.003341887379065156,0.0060182297602295876
CelebDFv3,/root/Datasets/CelebDFv3/CelebDFv3/FAKE/FaceSwap/UniFace/id26_id3_0006.mp4,FaceSwap/UniFace,id26,id3,0,-5.5979413986206055,5.5979413986206055,0.0,254.4567413330078,30.0,1.0,0.046875,0.016553813591599464,0.004628511145710945,0.005796333309262991,0.010554894804954529
CelebDFv3,/root/Datasets/CelebDFv3/CelebDFv3/FAKE/TalkingFace/AniTalker/id54_0006_test_id01567_vpFlNPO9OGM.mp4,TalkingFace/AniTalker,id54,,0,-2.8230743408203125,2.8230743408203125,0.0,137.4196014404297,25.0,0.0,0.0,0.008000096306204796,0.007061203941702843,0.00462702801451087,0.00462702801451087
CelebDFv3,/root/Datasets/CelebDFv3/CelebDFv3/FAKE/TalkingFace/EDTalk/id59_0001_test_id01224_6YEhQLxmUz0.mp4,TalkingFace/EDTalk,id59,,0,7.738533973693848,-7.738533973693848,0.0,249.70040893554688,25.0,0.0,0.0,0.015281320549547672,0.01076480746269226,0.006740775424987078,0.006740775424987078
CelebDFv3,/root/Datasets/CelebDFv3/CelebDFv3/FAKE/TalkingFace/EchoMimic/id8_0001_test_id03862_gyM9p53LGZs.mp4,TalkingFace/EchoMimic,id8,,0,6.222036361694336,-6.222036361694336,0.0,250.93301391601562,24.0,0.0,0.0,0.0033369073644280434,0.011464875191450119,0.006082647480070591,0.006082647480070591
CelebDFv3,/root/Datasets/CelebDFv3/CelebDFv3/FAKE/TalkingFace/FLOAT/id59_0006_test_id08701_yty4X4F1mQY.mp4,TalkingFace/FLOAT,id59,,0,7.119142532348633,-7.119142532348633,0.0,113.08436584472656,25.0,0.0,0.0,0.01957225240767002,0.016252081841230392,0.007119933143258095,0.007119933143258095
CelebDFv3,/root/Datasets/CelebDFv3/CelebDFv3/FAKE/TalkingFace/IP_LAP/id25_0008_test_id05654_kf8VbORusoE.mp4,TalkingFace/IP_LAP,id25,,0,6.527652740478516,-6.527652740478516,0.0,160.50802612304688,25.0,0.0,0.0,0.010488307103514671,0.004463477060198784,0.008410830050706863,0.008410830050706863
CelebDFv3,/root/Datasets/CelebDFv3/CelebDFv3/FAKE/TalkingFace/Real3DPortrait/id25_0006_test_id03978_ywSqMWAhPPY.mp4,TalkingFace/Real3DPortrait,id25,,0,11.772412300109863,-11.772412300109863,0.0,342.56829833984375,25.0,1.0,0.15625,0.02573402039706707,0.020899081602692604,0.03896145895123482,0.03896145895123482
CelebDFv3,/root/Datasets/CelebDFv3/CelebDFv3/FAKE/TalkingFace/SadTalker/id31_0008_test_id01509_qLxfiUMYgQg.mp4,TalkingFace/SadTalker,id31,,0,-3.8593664169311523,3.8593664169311523,0.0,160.45236206054688,25.0,0.0,0.0,0.004698322154581547,0.005339019000530243,0.011827336624264717,0.011827336624264717
CelebDFv3,/root/Datasets/CelebDFv3/CelebDFv3/FAKE/FaceReenact/DaGAN/id31_id37_0005.mp4,FaceReenact/DaGAN,id31,id37,0,2.975388526916504,-2.975388526916504,0.0,142.4117889404297,30.0,1.0,0.03125,0.005794234108179808,0.0051328581757843494,0.007353002671152353,0.007353002671152353
CelebDFv3,/root/Datasets/CelebDFv3/CelebDFv3/FAKE/FaceReenact/FSRT/id31_id9_0002.mp4,FaceReenact/FSRT,id31,id9,0,13.04261589050293,-13.04261589050293,0.0,176.37037658691406,20.0,0.0,0.0,0.00976062286645174,0.008878067135810852,0.012846686877310276,0.012846686877310276
CelebDFv3,/root/Datasets/CelebDFv3/CelebDFv3/FAKE/FaceReenact/HyperReenact/id23_id33_0002.mp4,FaceReenact/HyperReenact,id23,id33,0,3.9082775115966797,-3.9082775115966797,0.0,115.36962127685547,25.0,0.0,0.0,0.0031769571360200644,0.002113908529281616,0.005149470642209053,0.005149470642209053
CelebDFv3,/root/Datasets/CelebDFv3/CelebDFv3/FAKE/FaceReenact/LIA/id31_id26_0000.mp4,FaceReenact/LIA,id31,id26,0,1.698163390159607,-1.698163390159607,0.0,128.17515563964844,30.0,0.0,0.0,0.005441466812044382,0.0028804547619074583,0.008221561089158058,0.008221561089158058
CelebDFv3,/root/Datasets/CelebDFv3/CelebDFv3/FAKE/FaceReenact/LivePortrait/id23_id29_0001.mp4,FaceReenact/LivePortrait,id23,id29,0,1.3417973518371582,-1.3417973518371582,0.0,108.32282257080078,30.0,1.0,0.171875,0.006233340594917536,0.017858225852251053,0.002522361697629094,0.004483021330088377
CelebDFv3,/root/Datasets/CelebDFv3/CelebDFv3/FAKE/FaceReenact/MCNET/id25_id19_0003.mp4,FaceReenact/MCNET,id25,id19,0,9.660415649414062,-9.660415649414062,0.0,154.8889617919922,29.670000076293945,0.0,0.0,0.0044251191429793835,0.004787109326571226,0.00692136911675334,0.00692136911675334
CelebDFv3,/root/Datasets/CelebDFv3/CelebDFv3/FAKE/FaceReenact/TPSMM/id23_id22_0000.mp4,FaceReenact/TPSMM,id23,id22,0,9.47115421295166,-9.47115421295166,0.0,123.6355209350586,30.0,0.0,0.0,0.02226586453616619,0.007000862620770931,0.013554718345403671,0.013554718345403671
CelebDFv3,/root/Datasets/CelebDFv3/CelebDFv3/FAKE/FaceSwap/BlendFace/id26_id29_0009.mp4,FaceSwap/BlendFace,id26,id29,0,-7.902153015136719,7.902153015136719,0.0,171.71829223632812,30.0,0.0,0.0,0.012803986668586731,0.008966873399913311,0.004835085477679968,0.0088045010343194
CelebDFv3,/root/Datasets/CelebDFv3/CelebDFv3/FAKE/FaceSwap/Celeb-DF-v2/id31_id37_0004.mp4,FaceSwap/Celeb-DF-v2,id31,id37,0,3.5720009803771973,-3.5720009803771973,0.0,202.2875213623047,30.0,0.0,0.0,0.004967494867742062,0.003005762817338109,0.002046932466328144,0.0036862134002149105
CelebDFv3,/root/Datasets/CelebDFv3/CelebDFv3/FAKE/FaceSwap/GHOST/id23_id30_0006.mp4,FaceSwap/GHOST,id23,id30,0,9.212356567382812,-9.212356567382812,0.0,250.6209259033203,30.0,0.0,0.0,0.006328984163701534,0.003436696482822299,0.0022002081386744976,0.0029152757488191128
CelebDFv3,/root/Datasets/CelebDFv3/CelebDFv3/FAKE/FaceSwap/HifiFace/id54_id52_0001.mp4,FaceSwap/HifiFace,id54,id52,0,-1.808855652809143,1.808855652809143,0.0,160.365966796875,30.0,0.0,0.0,0.004870565142482519,0.022917188704013824,0.004487963393330574,0.008037022314965725
CelebDFv3,/root/Datasets/CelebDFv3/CelebDFv3/FAKE/FaceSwap/InSwapper/id23_id34_0009.mp4,FaceSwap/InSwapper,id23,id34,0,0.010861992835998535,-0.010861992835998535,0.0,158.89305114746094,30.0,0.0,0.0,0.004109869245439768,0.004534322302788496,0.002958114957436919,0.003916543908417225
CelebDFv3,/root/Datasets/CelebDFv3/CelebDFv3/FAKE/FaceSwap/MobileFaceSwap/id23_id3_0002.mp4,FaceSwap/MobileFaceSwap,id23,id3,0,2.0230605602264404,-2.0230605602264404,0.0,98.69906616210938,30.0,0.0,0.0,0.00890088640153408,0.010985898785293102,0.0032489635050296783,0.005774419289082289
CelebDFv3,/root/Datasets/CelebDFv3/CelebDFv3/FAKE/FaceSwap/SimSwap/id51_id57_0007.mp4,FaceSwap/SimSwap,id51,id57,0,0.14869797229766846,-0.14869797229766846,0.0,149.1678009033203,30.0,0.0,0.0,0.0033548015635460615,0.003466859692707658,0.0019348617643117905,0.0034649407025426626
CelebDFv3,/root/Datasets/CelebDFv3/CelebDFv3/FAKE/FaceSwap/UniFace/id31_id28_0004.mp4,FaceSwap/UniFace,id31,id28,0,4.011239051818848,-4.011239051818848,0.0,206.35403442382812,30.0,0.0,0.0,0.0050417035818099976,0.0032867337577044964,0.0022137516643851995,0.003986629191786051
CelebDFv3,/root/Datasets/CelebDFv3/CelebDFv3/FAKE/TalkingFace/AniTalker/id31_0003_test_id04295_1fSjOItVYVg.mp4,TalkingFace/AniTalker,id31,,0,-6.212646961212158,6.212646961212158,0.0,153.8588104248047,25.0,0.0,0.0,0.006357278674840927,0.005245288833975792,0.006076404359191656,0.006076404359191656
CelebDFv3,/root/Datasets/CelebDFv3/CelebDFv3/FAKE/TalkingFace/EDTalk/id51_0000_test_id05124_69HB1cXEoac.mp4,TalkingFace/EDTalk,id51,,0,-0.4400363862514496,0.4400363862514496,0.0,109.39329528808594,25.0,0.0,0.0,0.01995626650750637,0.015117231756448746,0.012605494819581509,0.012605494819581509
CelebDFv3,/root/Datasets/CelebDFv3/CelebDFv3/FAKE/TalkingFace/EchoMimic/id54_0000_test_id08374_8V4tFXw2UxY.mp4,TalkingFace/EchoMimic,id54,,0,0.03941431641578674,-0.03941431641578674,0.0,138.02040100097656,24.0,0.0,0.0,0.006335698999464512,0.006381910294294357,0.00574744027107954,0.00574744027107954
CelebDFv3,/root/Datasets/CelebDFv3/CelebDFv3/FAKE/TalkingFace/FLOAT/id48_0002_test_id07414_hhYGsoX_H3g.mp4,TalkingFace/FLOAT,id48,,0,5.164549827575684,-5.164549827575684,0.0,122.9711685180664,25.0,0.0,0.0,0.011618904769420624,0.006160699762403965,0.010225828737020493,0.010225828737020493
CelebDFv3,/root/Datasets/CelebDFv3/CelebDFv3/FAKE/TalkingFace/IP_LAP/id8_0007_test_id05816_7jt8zGB27QQ.mp4,TalkingFace/IP_LAP,id8,,0,4.4004926681518555,-4.4004926681518555,0.0,147.12066650390625,25.0,0.0,0.0,0.016051139682531357,0.015857048332691193,0.008846848271787167,0.008846848271787167
CelebDFv3,/root/Datasets/CelebDFv3/CelebDFv3/FAKE/TalkingFace/Real3DPortrait/id23_0009_test_id07802_MtoFAMWjUxM.mp4,TalkingFace/Real3DPortrait,id23,,0,-0.41594579815864563,0.41594579815864563,0.0,163.03089904785156,25.0,1.0,0.140625,0.012267470359802246,0.009708715602755547,0.017251744866371155,0.017251744866371155
CelebDFv3,/root/Datasets/CelebDFv3/CelebDFv3/FAKE/TalkingFace/SadTalker/id56_0007_test_id07868_Lw-dcrg4BcQ.mp4,TalkingFace/SadTalker,id56,,0,-19.469770431518555,19.469770431518555,0.0,689.15185546875,25.0,0.0,0.0,0.006040693260729313,0.007133819162845612,0.010035376995801926,0.010035376995801926
CelebDFv3,/root/Datasets/CelebDFv3/CelebDFv3/FAKE/FaceReenact/DaGAN/id54_id57_0006.mp4,FaceReenact/DaGAN,id54,id57,0,-5.549911022186279,5.549911022186279,0.0,145.08851623535156,29.920000076293945,0.0,0.0,0.004387557972222567,0.006913688499480486,0.005707879550755024,0.005707879550755024
CelebDFv3,/root/Datasets/CelebDFv3/CelebDFv3/FAKE/FaceReenact/FSRT/id31_id29_0007.mp4,FaceReenact/FSRT,id31,id29,0,-6.312912464141846,6.312912464141846,0.0,234.23155212402344,20.0,1.0,0.015625,0.01621590182185173,0.013125411234796047,0.009552809409797192,0.009552809409797192
CelebDFv3,/root/Datasets/CelebDFv3/CelebDFv3/FAKE/FaceReenact/HyperReenact/id23_id9_0000.mp4,FaceReenact/HyperReenact,id23,id9,0,4.428425312042236,-4.428425312042236,0.0,150.19439697265625,25.0,0.0,0.0,0.004778306465595961,0.002530581783503294,0.0044599538668990135,0.0044599538668990135
CelebDFv3,/root/Datasets/CelebDFv3/CelebDFv3/FAKE/FaceReenact/LIA/id23_id24_0002.mp4,FaceReenact/LIA,id23,id24,0,4.677179336547852,-4.677179336547852,0.0,89.6172866821289,30.0,1.0,0.3125,0.012512478046119213,0.007816408760845661,0.015682382509112358,0.015682382509112358
CelebDFv3,/root/Datasets/CelebDFv3/CelebDFv3/FAKE/FaceReenact/LivePortrait/id56_id58_0000.mp4,FaceReenact/LivePortrait,id56,id58,0,4.3505859375,-4.3505859375,0.0,112.75921630859375,30.0,0.0,0.0,0.001887036021798849,0.0022101474460214376,0.0019751060754060745,0.003537009935826063
CelebDFv3,/root/Datasets/CelebDFv3/CelebDFv3/FAKE/FaceReenact/MCNET/id54_id52_0003.mp4,FaceReenact/MCNET,id54,id52,0,-3.5047903060913086,3.5047903060913086,0.0,236.5594482421875,30.0,0.0,0.0,0.013349737972021103,0.007517154328525066,0.00837734155356884,0.00837734155356884
CelebDFv3,/root/Datasets/CelebDFv3/CelebDFv3/FAKE/FaceReenact/TPSMM/id31_id16_0005.mp4,FaceReenact/TPSMM,id31,id16,0,7.432243347167969,-7.432243347167969,0.0,138.8053741455078,30.0,1.0,0.015625,0.0105577502399683,0.005679852329194546,0.006398494355380535,0.006398494355380535
CelebDFv3,/root/Datasets/CelebDFv3/CelebDFv3/FAKE/FaceSwap/BlendFace/id31_id38_0001.mp4,FaceSwap/BlendFace,id31,id38,0,8.316234588623047,-8.316234588623047,0.0,146.1121368408203,30.0,0.0,0.0,0.002260116394609213,0.0030692904256284237,0.002117019146680832,0.0038124287966638803
CelebDFv3,/root/Datasets/CelebDFv3/CelebDFv3/FAKE/FaceSwap/Celeb-DF-v2/id56_id49_0007.mp4,FaceSwap/Celeb-DF-v2,id56,id49,0,-21.72638702392578,21.72638702392578,0.0,475.2220764160156,29.00001335144043,0.0,0.0,0.007239744998514652,0.006469100713729858,0.0034566677641123533,0.006190183572471142
CelebDFv3,/root/Datasets/CelebDFv3/CelebDFv3/FAKE/FaceSwap/GHOST/id59_id60_0000.mp4,FaceSwap/GHOST,id59,id60,0,1.3870997428894043,-1.3870997428894043,0.0,88.65391540527344,30.0,1.0,0.03125,0.011187506839632988,0.017272047698497772,0.006235659122467041,0.011166786774992943
CelebDFv3,/root/Datasets/CelebDFv3/CelebDFv3/FAKE/FaceSwap/HifiFace/id26_id25_0001.mp4,FaceSwap/HifiFace,id26,id25,0,-1.0830579996109009,1.0830579996109009,0.0,123.25133514404297,30.0,1.0,0.03125,0.01983422040939331,0.016089685261249542,0.00463307136669755,0.008323823101818562
CelebDFv3,/root/Datasets/CelebDFv3/CelebDFv3/FAKE/FaceSwap/InSwapper/id23_id25_0002.mp4,FaceSwap/InSwapper,id23,id25,0,0.38425135612487793,-0.38425135612487793,0.0,98.6277847290039,30.0,0.0,0.0,0.009940707124769688,0.011169802397489548,0.003624318167567253,0.0064415400847792625
CelebDFv3,/root/Datasets/CelebDFv3/CelebDFv3/FAKE/FaceSwap/MobileFaceSwap/id25_id27_0005.mp4,FaceSwap/MobileFaceSwap,id25,id27,0,5.134247303009033,-5.134247303009033,0.0,86.21438598632812,30.0,0.0,0.0,0.012311466038227081,0.003331729443743825,0.004226085729897022,0.006271510850638151
CelebDFv3,/root/Datasets/CelebDFv3/CelebDFv3/FAKE/FaceSwap/SimSwap/id26_id30_0003.mp4,FaceSwap/SimSwap,id26,id30,0,-6.478089809417725,6.478089809417725,0.0,396.1934814453125,30.0,1.0,0.015625,0.005880093201994896,0.006445565260946751,0.00179823930375278,0.003230735193938017
CelebDFv3,/root/Datasets/CelebDFv3/CelebDFv3/FAKE/FaceSwap/UniFace/id31_id33_0001.mp4,FaceSwap/UniFace,id31,id33,0,3.826815605163574,-3.826815605163574,0.0,143.70384216308594,30.0,0.0,0.0,0.0022032372653484344,0.002730829641222954,0.0018305283738300204,0.003296502400189638
CelebDFv3,/root/Datasets/CelebDFv3/CelebDFv3/FAKE/TalkingFace/AniTalker/id23_0000_test_id07802_aUfv9KTIO2E.mp4,TalkingFace/AniTalker,id23,,0,12.659026145935059,-12.659026145935059,0.0,128.829833984375,25.0,0.0,0.0,0.006286426447331905,0.004360579419881105,0.004569049458950758,0.004569049458950758
CelebDFv3,/root/Datasets/CelebDFv3/CelebDFv3/FAKE/TalkingFace/EDTalk/id48_0005_test_id01460_t0i-doPmN9c.mp4,TalkingFace/EDTalk,id48,,0,2.9652581214904785,-2.9652581214904785,0.0,145.44155883789062,25.0,0.0,0.0,0.011083888821303844,0.008404538966715336,0.008829770609736443,0.008829770609736443
CelebDFv3,/root/Datasets/CelebDFv3/CelebDFv3/FAKE/TalkingFace/EchoMimic/id23_0002_test_id03347_JbbZ8at5OF8.mp4,TalkingFace/EchoMimic,id23,,0,0.6782147884368896,-0.6782147884368896,0.0,133.4095916748047,24.0,0.0,0.0,0.014210703782737255,0.012046875432133675,0.009884770959615707,0.009884770959615707
CelebDFv3,/root/Datasets/CelebDFv3/CelebDFv3/FAKE/TalkingFace/FLOAT/id11_0001_test_id04478_GZQGZOmFU5U.mp4,TalkingFace/FLOAT,id11,,0,-0.369676411151886,0.369676411151886,0.0,130.3233184814453,25.0,0.0,0.0,0.01141850184649229,0.007686440832912922,0.0063167838379740715,0.0063167838379740715
CelebDFv3,/root/Datasets/CelebDFv3/CelebDFv3/FAKE/TalkingFace/IP_LAP/id22_0008_test_id04478_nhLuGj0vGb8.mp4,TalkingFace/IP_LAP,id22,,0,5.560800552368164,-5.560800552368164,0.0,189.3719024658203,25.0,0.0,0.0,0.0067707751877605915,0.003749097930267453,0.007698062341660261,0.007698062341660261
CelebDFv3,/root/Datasets/CelebDFv3/CelebDFv3/FAKE/TalkingFace/Real3DPortrait/id11_0005_test_id04094_BNAe-NhgItg.mp4,TalkingFace/Real3DPortrait,id11,,0,-5.037994384765625,5.037994384765625,0.0,149.20887756347656,25.0,0.0,0.0,0.009212573990225792,0.004498537164181471,0.006004633381962776,0.006004633381962776
CelebDFv3,/root/Datasets/CelebDFv3/CelebDFv3/FAKE/TalkingFace/SadTalker/id48_0001_test_id01509_asrGhE2enzQ.mp4,TalkingFace/SadTalker,id48,,0,-7.356322288513184,7.356322288513184,0.0,113.77154541015625,25.0,0.0,0.0,0.0019854556303471327,0.005796018522232771,0.005282862111926079,0.005282862111926079
CelebDFv3,/root/Datasets/CelebDFv3/CelebDFv3/FAKE/FaceReenact/DaGAN/id23_id29_0006.mp4,FaceReenact/DaGAN,id23,id29,0,13.830668449401855,-13.830668449401855,0.0,141.68540954589844,30.0,0.0,0.0,0.01115951407700777,0.009472846984863281,0.005116409622132778,0.005116409622132778
CelebDFv3,/root/Datasets/CelebDFv3/CelebDFv3/FAKE/FaceReenact/FSRT/id23_id38_0001.mp4,FaceReenact/FSRT,id23,id38,0,3.3210983276367188,-3.3210983276367188,0.0,124.85578155517578,20.0,0.0,0.0,0.01607847772538662,0.006365658715367317,0.010498948395252228,0.010498948395252228
CelebDFv3,/root/Datasets/CelebDFv3/CelebDFv3/FAKE/FaceReenact/HyperReenact/id8_id0_0003.mp4,FaceReenact/HyperReenact,id8,id0,0,0.0377805233001709,-0.0377805233001709,0.0,174.7742919921875,25.0,1.0,0.109375,0.003383333794772625,0.00514389481395483,0.008952517062425613,0.008952517062425613
CelebDFv3,/root/Datasets/CelebDFv3/CelebDFv3/FAKE/FaceReenact/LIA/id23_id19_0002.mp4,FaceReenact/LIA,id23,id19,0,3.5960922241210938,-3.5960922241210938,0.0,95.6828842163086,30.0,1.0,0.125,0.016342513263225555,0.00821741670370102,0.02081284672021866,0.02081284672021866
CelebDFv3,/root/Datasets/CelebDFv3/CelebDFv3/FAKE/FaceReenact/LivePortrait/id56_id58_0006.mp4,FaceReenact/LivePortrait,id56,id58,0,5.804877281188965,-5.804877281188965,0.0,122.78934478759766,30.0,0.0,0.0,0.0016135466285049915,0.0030689348932355642,0.0011553154326975346,0.0020689330995082855
CelebDFv3,/root/Datasets/CelebDFv3/CelebDFv3/FAKE/FaceReenact/MCNET/id56_id52_0001.mp4,FaceReenact/MCNET,id56,id52,0,4.572174072265625,-4.572174072265625,0.0,109.2699203491211,30.0,1.0,0.109375,0.03392917662858963,0.02534770593047142,0.022392213344573975,0.022392213344573975
CelebDFv3,/root/Datasets/CelebDFv3/CelebDFv3/FAKE/FaceReenact/TPSMM/id23_id29_0001.mp4,FaceReenact/TPSMM,id23,id29,0,0.734164297580719,-0.734164297580719,0.0,111.9618148803711,30.0,1.0,0.140625,0.02017374522984028,0.007558654062449932,0.013812437653541565,0.013812437653541565
CelebDFv3,/root/Datasets/CelebDFv3/CelebDFv3/FAKE/FaceSwap/BlendFace/id56_id57_0001.mp4,FaceSwap/BlendFace,id56,id57,0,1.3674490451812744,-1.3674490451812744,0.0,161.80703735351562,30.0,0.0,0.0,0.0032511644531041384,0.009188555181026459,0.0027692303992807865,0.004959124140441418
CelebDFv3,/root/Datasets/CelebDFv3/CelebDFv3/FAKE/FaceSwap/Celeb-DF-v2/id31_id23_0009.mp4,FaceSwap/Celeb-DF-v2,id31,id23,0,5.125870704650879,-5.125870704650879,0.0,141.82009887695312,30.0,0.0,0.0,0.0022453488782048225,0.0038235895335674286,0.0022339890711009502,0.004023073706775904
CelebDFv3,/root/Datasets/CelebDFv3/CelebDFv3/FAKE/FaceSwap/GHOST/id31_id35_0001.mp4,FaceSwap/GHOST,id31,id35,0,5.996965408325195,-5.996965408325195,0.0,155.22962951660156,30.0,0.0,0.0,0.002466208767145872,0.003053239779546857,0.002385474741458893,0.004295876249670982
CelebDFv3,/root/Datasets/CelebDFv3/CelebDFv3/FAKE/FaceSwap/HifiFace/id23_id28_0000.mp4,FaceSwap/HifiFace,id23,id28,0,3.005187511444092,-3.005187511444092,0.0,102.6098861694336,30.0,0.0,0.0,0.002772832289338112,0.002255234867334366,0.0024993286933749914,0.004442083649337292
CelebDFv3,/root/Datasets/CelebDFv3/CelebDFv3/FAKE/FaceSwap/InSwapper/id31_id6_0000.mp4,FaceSwap/InSwapper,id31,id6,0,4.8647379875183105,-4.8647379875183105,0.0,120.81002044677734,30.0,0.0,0.0,0.003524585859850049,0.006372247822582722,0.002850015414878726,0.005132442805916071
CelebDFv3,/root/Datasets/CelebDFv3/CelebDFv3/FAKE/FaceSwap/MobileFaceSwap/id11_id7_0000.mp4,FaceSwap/MobileFaceSwap,id11,id7,0,0.35433274507522583,-0.35433274507522583,0.0,78.40097045898438,30.0,1.0,0.15625,0.0034953979775309563,0.003676762804389,0.003813538234680891,0.0034321839921176434
CelebDFv3,/root/Datasets/CelebDFv3/CelebDFv3/FAKE/FaceSwap/SimSwap/id48_id39_0008.mp4,FaceSwap/SimSwap,id48,id39,0,-11.562885284423828,11.562885284423828,0.0,230.6512451171875,30.0,0.0,0.0,0.002551571000367403,0.002384507330134511,0.001965451519936323,0.0019575897604227066
CelebDFv3,/root/Datasets/CelebDFv3/CelebDFv3/FAKE/FaceSwap/UniFace/id23_id4_0009.mp4,FaceSwap/UniFace,id23,id4,0,-3.5445027351379395,3.5445027351379395,0.0,157.1077117919922,30.0,0.0,0.0,0.0040290383622050285,0.004215240944176912,0.0035941782407462597,0.004758691880851984
CelebDFv3,/root/Datasets/CelebDFv3/CelebDFv3/FAKE/TalkingFace/AniTalker/id59_0005_test_id07354_bUpF2d4H3x8.mp4,TalkingFace/AniTalker,id59,,0,5.341099739074707,-5.341099739074707,0.0,119.20349884033203,25.0,0.0,0.0,0.004696507938206196,0.0021395564544945955,0.003795310854911804,0.003795310854911804
CelebDFv3,/root/Datasets/CelebDFv3/CelebDFv3/FAKE/TalkingFace/EDTalk/id54_0008_test_id04253_Hfwc0GtiEWs.mp4,TalkingFace/EDTalk,id54,,0,-3.483344316482544,3.483344316482544,0.0,196.8661651611328,25.0,0.0,0.0,0.013186716474592686,0.010564098134636879,0.007958386093378067,0.007958386093378067
CelebDFv3,/root/Datasets/CelebDFv3/CelebDFv3/FAKE/TalkingFace/EchoMimic/id31_0005_test_id07620_l63wBe6oNrw.mp4,TalkingFace/EchoMimic,id31,,0,6.677889823913574,-6.677889823913574,0.0,213.24339294433594,24.0,0.0,0.0,0.005951680243015289,0.00698050856590271,0.006459895055741072,0.006459895055741072
CelebDFv3,/root/Datasets/CelebDFv3/CelebDFv3/FAKE/TalkingFace/FLOAT/id22_0008_test_id07396_6bbb_NOpqGY.mp4,TalkingFace/FLOAT,id22,,0,6.925106048583984,-6.925106048583984,0.0,164.88070678710938,25.0,0.0,0.0,0.015266994014382362,0.014846757054328918,0.006980727426707745,0.006980727426707745
CelebDFv3,/root/Datasets/CelebDFv3/CelebDFv3/FAKE/TalkingFace/IP_LAP/id25_0008_test_id04656_XYhEWblIfto.mp4,TalkingFace/IP_LAP,id25,,0,6.521750450134277,-6.521750450134277,0.0,156.8536834716797,25.0,0.0,0.0,0.013854781165719032,0.011361608281731606,0.007386383600533009,0.007386383600533009
CelebDFv3,/root/Datasets/CelebDFv3/CelebDFv3/FAKE/TalkingFace/Real3DPortrait/id56_0008_test_id05124_ksBpd5sIcA4.mp4,TalkingFace/Real3DPortrait,id56,,0,14.133140563964844,-14.133140563964844,0.0,132.4742431640625,25.0,0.0,0.0,0.010915440507233143,0.004184894263744354,0.006931924261152744,0.006931924261152744
CelebDFv3,/root/Datasets/CelebDFv3/CelebDFv3/FAKE/TalkingFace/SadTalker/id56_0009_test_id06104_I5L50wxtK8Q.mp4,TalkingFace/SadTalker,id56,,0,-5.547245979309082,5.547245979309082,0.0,214.93038940429688,25.0,0.0,0.0,0.002699689008295536,0.0043564774096012115,0.00865403562784195,0.00865403562784195
CelebDFv3,/root/Datasets/CelebDFv3/CelebDFv3/FAKE/FaceReenact/DaGAN/id26_id28_0004.mp4,FaceReenact/DaGAN,id26,id28,0,3.506056785583496,-3.506056785583496,0.0,135.17822265625,30.0,0.0,0.0,0.006353226490318775,0.005008681211620569,0.0042002638801932335,0.0042002638801932335
CelebDFv3,/root/Datasets/CelebDFv3/CelebDFv3/FAKE/FaceReenact/FSRT/id26_id3_0003.mp4,FaceReenact/FSRT,id26,id3,0,-0.6444360613822937,0.6444360613822937,0.0,373.79620361328125,20.0,0.0,0.0,0.013101700693368912,0.010456832125782967,0.005383117590099573,0.005383117590099573
CelebDFv3,/root/Datasets/CelebDFv3/CelebDFv3/FAKE/FaceReenact/HyperReenact/id26_id17_0006.mp4,FaceReenact/HyperReenact,id26,id17,0,-2.9465317726135254,2.9465317726135254,0.0,163.25169372558594,25.0,0.0,0.0,0.005316543392837048,0.005628655664622784,0.005761016625910997,0.005761016625910997
CelebDFv3,/root/Datasets/CelebDFv3/CelebDFv3/FAKE/FaceReenact/LIA/id23_id38_0000.mp4,FaceReenact/LIA,id23,id38,0,7.668644428253174,-7.668644428253174,0.0,116.13321685791016,30.0,1.0,0.25,0.010311837308108807,0.003005632432177663,0.003210555762052536,0.003210555762052536
CelebDFv3,/root/Datasets/CelebDFv3/CelebDFv3/FAKE/FaceReenact/LivePortrait/id48_id46_0009.mp4,FaceReenact/LivePortrait,id48,id46,0,-1.5907596349716187,1.5907596349716187,0.0,111.37709045410156,30.0,0.0,0.0,0.0030014158692210913,0.0037870407104492188,0.0022722575813531876,0.004063104745000601
CelebDFv3,/root/Datasets/CelebDFv3/CelebDFv3/FAKE/FaceReenact/MCNET/id23_id25_0007.mp4,FaceReenact/MCNET,id23,id25,0,12.642135620117188,-12.642135620117188,0.0,104.60782623291016,30.0,1.0,0.15625,0.010573159903287888,0.006237401627004147,0.008003585040569305,0.008003585040569305
CelebDFv3,/root/Datasets/CelebDFv3/CelebDFv3/FAKE/FaceReenact/TPSMM/id23_id24_0002.mp4,FaceReenact/TPSMM,id23,id24,0,5.802755355834961,-5.802755355834961,0.0,96.58406066894531,30.0,0.0,0.0,0.020397409796714783,0.004540256690233946,0.0200312752276659,0.0200312752276659
CelebDFv3,/root/Datasets/CelebDFv3/CelebDFv3/FAKE/FaceSwap/BlendFace/id51_id55_0006.mp4,FaceSwap/BlendFace,id51,id55,0,-6.413633823394775,6.413633823394775,0.0,161.79493713378906,29.900009155273438,0.0,0.0,0.002535096136853099,0.024095356464385986,0.003538652556017041,0.006337000988423824
CelebDFv3,/root/Datasets/CelebDFv3/CelebDFv3/FAKE/FaceSwap/Celeb-DF-v2/id23_id29_0001.mp4,FaceSwap/Celeb-DF-v2,id23,id29,0,0.48726731538772583,-0.48726731538772583,0.0,139.1560516357422,30.0,0.0,0.0,0.002255332190543413,0.0036207614466547966,0.0014071300392970443,0.002500907750800252
CelebDFv3,/root/Datasets/CelebDFv3/CelebDFv3/FAKE/FaceSwap/GHOST/id56_id58_0001.mp4,FaceSwap/GHOST,id56,id58,0,3.68977689743042,-3.68977689743042,0.0,139.16119384765625,30.0,0.0,0.0,0.0033418273087590933,0.009925151243805885,0.002476201392710209,0.004434369038790464
CelebDFv3,/root/Datasets/CelebDFv3/CelebDFv3/FAKE/FaceSwap/HifiFace/id23_id28_0006.mp4,FaceSwap/HifiFace,id23,id28,0,6.268148422241211,-6.268148422241211,0.0,254.8164520263672,30.0,0.0,0.0,0.00632981164380908,0.0035070725716650486,0.0019634533673524857,0.0026015760377049446
CelebDFv3,/root/Datasets/CelebDFv3/CelebDFv3/FAKE/FaceSwap/InSwapper/id48_id40_0003.mp4,FaceSwap/InSwapper,id48,id40,0,0.3481804132461548,-0.3481804132461548,0.0,78.19225311279297,30.0,1.0,0.078125,0.006457519251853228,0.02816803753376007,0.013250966556370258,0.023662440478801727
CelebDFv3,/root/Datasets/CelebDFv3/CelebDFv3/FAKE/FaceSwap/MobileFaceSwap/id22_id28_0005.mp4,FaceSwap/MobileFaceSwap,id22,id28,0,3.92232346534729,-3.92232346534729,0.0,108.09847259521484,30.0,0.0,0.0,0.0026770958211272955,0.0020614422392100096,0.0013247617753222585,0.002354513620957732
CelebDFv3,/root/Datasets/CelebDFv3/CelebDFv3/FAKE/FaceSwap/SimSwap/id11_id7_0008.mp4,FaceSwap/SimSwap,id11,id7,0,-4.6141862869262695,4.6141862869262695,0.0,90.20314025878906,30.0,0.0,0.0,0.009940466843545437,0.04800548404455185,0.029894277453422546,0.05679912865161896
CelebDFv3,/root/Datasets/CelebDFv3/CelebDFv3/FAKE/FaceSwap/UniFace/id25_id23_0005.mp4,FaceSwap/UniFace,id25,id23,0,1.87618887424469,-1.87618887424469,0.0,81.31888580322266,30.0,0.0,0.0,0.012160266749560833,0.0034600833896547556,0.0044563524425029755,0.0066132270731031895
CelebDFv3,/root/Datasets/CelebDFv3/CelebDFv3/FAKE/TalkingFace/AniTalker/id31_0004_test_id06310_ZOOU1l7bMxc.mp4,TalkingFace/AniTalker,id31,,0,16.937395095825195,-16.937395095825195,0.0,403.4389953613281,25.0,0.0,0.0,0.006386006250977516,0.005800670012831688,0.005513457115739584,0.005513457115739584
CelebDFv3,/root/Datasets/CelebDFv3/CelebDFv3/FAKE/TalkingFace/EDTalk/id26_0005_test_id01000_yCKyUiCDAWQ.mp4,TalkingFace/EDTalk,id26,,0,4.655635356903076,-4.655635356903076,0.0,178.0535125732422,25.0,0.0,0.0,0.012118867598474026,0.011602779850363731,0.004765617661178112,0.004765617661178112
CelebDFv3,/root/Datasets/CelebDFv3/CelebDFv3/FAKE/TalkingFace/EchoMimic/id23_0003_test_id01822_8-_EsFkEThc.mp4,TalkingFace/EchoMimic,id23,,0,-3.0880651473999023,3.0880651473999023,0.0,115.54934692382812,24.0,0.0,0.0,0.0046562268398702145,0.0038946939166635275,0.003148913150653243,0.003148913150653243
CelebDFv3,/root/Datasets/CelebDFv3/CelebDFv3/FAKE/TalkingFace/FLOAT/id56_0000_test_id06692_EC9TCRJkBhI.mp4,TalkingFace/FLOAT,id56,,0,9.03213119506836,-9.03213119506836,0.0,114.02815246582031,25.0,0.0,0.0,0.012613160535693169,0.011383427307009697,0.008781850337982178,0.008781850337982178
CelebDFv3,/root/Datasets/CelebDFv3/CelebDFv3/FAKE/TalkingFace/IP_LAP/id23_0006_test_id09017_W9dkqIcvdBg.mp4,TalkingFace/IP_LAP,id23,,0,12.447525978088379,-12.447525978088379,0.0,237.55503845214844,25.0,0.0,0.0,0.021783098578453064,0.009812742471694946,0.006548319477587938,0.006548319477587938
CelebDFv3,/root/Datasets/CelebDFv3/CelebDFv3/FAKE/TalkingFace/Real3DPortrait/id56_0003_test_id04862_GaEmvf_9c3Q.mp4,TalkingFace/Real3DPortrait,id56,,0,-3.9468390941619873,3.9468390941619873,0.0,123.10010528564453,25.0,0.0,0.0,0.013233469799160957,0.003925628028810024,0.0040386272594332695,0.0040386272594332695
CelebDFv3,/root/Datasets/CelebDFv3/CelebDFv3/FAKE/TalkingFace/SadTalker/id56_0008_test_id05124_ksBpd5sIcA4.mp4,TalkingFace/SadTalker,id56,,0,4.219844818115234,-4.219844818115234,0.0,126.76080322265625,25.0,0.0,0.0,0.002415448660030961,0.0040128170512616634,0.004760333336889744,0.004760333336889744
CelebDFv3,/root/Datasets/CelebDFv3/CelebDFv3/FAKE/FaceReenact/DaGAN/id23_id19_0000.mp4,FaceReenact/DaGAN,id23,id19,0,4.650942802429199,-4.650942802429199,0.0,106.58497619628906,29.829999923706055,1.0,0.078125,0.01671692356467247,0.010940233245491982,0.010613368824124336,0.010613368824124336
CelebDFv3,/root/Datasets/CelebDFv3/CelebDFv3/FAKE/FaceReenact/FSRT/id22_id25_0006.mp4,FaceReenact/FSRT,id22,id25,0,5.735541343688965,-5.735541343688965,0.0,166.3683624267578,20.0,0.0,0.0,0.0021900839637964964,0.0043152086436748505,0.004413517192006111,0.004413517192006111
CelebDFv3,/root/Datasets/CelebDFv3/CelebDFv3/FAKE/FaceReenact/HyperReenact/id31_id29_0000.mp4,FaceReenact/HyperReenact,id31,id29,0,-2.0524778366088867,2.0524778366088867,0.0,125.56156158447266,25.0,0.0,0.0,0.0046453396789729595,0.004479528404772282,0.0071534812450408936,0.0071534812450408936
CelebDFv3,/root/Datasets/CelebDFv3/CelebDFv3/FAKE/FaceReenact/LIA/id22_id24_0003.mp4,FaceReenact/LIA,id22,id24,0,1.2469427585601807,-1.2469427585601807,0.0,247.78964233398438,30.0,1.0,0.125,0.011190291494131088,0.009457938373088837,0.015689965337514877,0.015689965337514877
CelebDFv3,/root/Datasets/CelebDFv3/CelebDFv3/FAKE/FaceReenact/LivePortrait/id54_id53_0001.mp4,FaceReenact/LivePortrait,id54,id53,0,-0.2924208641052246,0.2924208641052246,0.0,305.1572570800781,30.0,0.0,0.0,0.00045245938235893846,0.0005796481273137033,0.00036749435821548104,0.0006581071065738797
CelebDFv3,/root/Datasets/CelebDFv3/CelebDFv3/FAKE/FaceReenact/MCNET/id23_id2_0005.mp4,FaceReenact/MCNET,id23,id2,0,11.005697250366211,-11.005697250366211,0.0,112.25823211669922,30.0,0.0,0.0,0.006271757651120424,0.005441552959382534,0.004493028856813908,0.004493028856813908
CelebDFv3,/root/Datasets/CelebDFv3/CelebDFv3/FAKE/FaceReenact/TPSMM/id31_id4_0001.mp4,FaceReenact/TPSMM,id31,id4,0,13.64255142211914,-13.64255142211914,0.0,132.29627990722656,30.0,0.0,0.0,0.021758396178483963,0.007023290731012821,0.008873743005096912,0.008873743005096912
CelebDFv3,/root/Datasets/CelebDFv3/CelebDFv3/FAKE/FaceSwap/BlendFace/id51_id49_0004.mp4,FaceSwap/BlendFace,id51,id49,0,-2.5744290351867676,2.5744290351867676,0.0,97.41297912597656,29.0,1.0,0.1875,0.007324586156755686,0.0116396714001894,0.005820044316351414,0.010422506369650364
CelebDFv3,/root/Datasets/CelebDFv3/CelebDFv3/FAKE/FaceSwap/Celeb-DF-v2/id51_id56_0002.mp4,FaceSwap/Celeb-DF-v2,id51,id56,0,0.12648874521255493,-0.12648874521255493,0.0,87.0129165649414,30.0,0.0,0.0,0.004982303362339735,0.009972543455660343,0.0035317654255777597,0.0063246674835681915
CelebDFv3,/root/Datasets/CelebDFv3/CelebDFv3/FAKE/FaceSwap/GHOST/id56_id52_0001.mp4,FaceSwap/GHOST,id56,id52,0,-2.8829071521759033,2.8829071521759033,0.0,132.23992919921875,30.0,0.0,0.0,0.004586433991789818,0.010248156264424324,0.003240891033783555,0.00580377085134387
CelebDFv3,/root/Datasets/CelebDFv3/CelebDFv3/FAKE/FaceSwap/HifiFace/id25_id26_0004.mp4,FaceSwap/HifiFace,id25,id26,0,-2.632673740386963,2.632673740386963,0.0,103.86864471435547,30.0,0.0,0.0,0.008099764585494995,0.007382131181657314,0.004084195476025343,0.007355013396590948
CelebDFv3,/root/Datasets/CelebDFv3/CelebDFv3/FAKE/FaceSwap/InSwapper/id26_id34_0003.mp4,FaceSwap/InSwapper,id26,id34,0,-4.247437953948975,4.247437953948975,0.0,382.1528625488281,30.0,0.0,0.0,0.006187021732330322,0.006276261061429977,0.0019283222500234842,0.0034644431434571743
CelebDFv3,/root/Datasets/CelebDFv3/CelebDFv3/FAKE/FaceSwap/MobileFaceSwap/id23_id29_0002.mp4,FaceSwap/MobileFaceSwap,id23,id29,0,4.8233747482299805,-4.8233747482299805,0.0,99.34527587890625,30.0,0.0,0.0,0.009745180606842041,0.011035310104489326,0.004151121247559786,0.007377833127975464
CelebDFv3,/root/Datasets/CelebDFv3/CelebDFv3/FAKE/FaceSwap/SimSwap/id23_id27_0000.mp4,FaceSwap/SimSwap,id23,id27,0,7.8721418380737305,-7.8721418380737305,0.0,114.67527770996094,30.0,0.0,0.0,0.0016921708593145013,0.001853046240285039,0.0011458462104201317,0.002036524936556816
CelebDFv3,/root/Datasets/CelebDFv3/CelebDFv3/FAKE/FaceSwap/UniFace/id25_id20_0005.mp4,FaceSwap/UniFace,id25,id20,0,0.9085266590118408,-0.9085266590118408,0.0,81.97261047363281,30.0,0.0,0.0,0.012178327888250351,0.0032269954681396484,0.004202844109386206,0.006237019784748554
CelebDFv3,/root/Datasets/CelebDFv3/CelebDFv3/FAKE/TalkingFace/AniTalker/id59_0003_test_id03347__NVxlFSjV0I.mp4,TalkingFace/AniTalker,id59,,0,3.7005157470703125,-3.7005157470703125,0.0,260.6273498535156,25.0,0.0,0.0,0.009354003705084324,0.006061832886189222,0.0033588798251003027,0.0033588798251003027
CelebDFv3,/root/Datasets/CelebDFv3/CelebDFv3/FAKE/TalkingFace/EDTalk/id56_0004_test_id09017_oF8cALd6lU0.mp4,TalkingFace/EDTalk,id56,,0,9.507171630859375,-9.507171630859375,0.0,108.06807708740234,25.0,0.0,0.0,0.010396253317594528,0.009104574099183083,0.006752784363925457,0.006752784363925457
CelebDFv3,/root/Datasets/CelebDFv3/CelebDFv3/FAKE/TalkingFace/EchoMimic/id31_0007_test_id03978_ywSqMWAhPPY.mp4,TalkingFace/EchoMimic,id31,,0,-12.652862548828125,12.652862548828125,0.0,356.9449157714844,24.0,0.0,0.0,0.011094841174781322,0.007783080451190472,0.012264654040336609,0.012264654040336609
CelebDFv3,/root/Datasets/CelebDFv3/CelebDFv3/FAKE/TalkingFace/FLOAT/id59_0000_test_id04627_IjO3LUCaYLE.mp4,TalkingFace/FLOAT,id59,,0,6.577447891235352,-6.577447891235352,0.0,119.02088928222656,25.0,0.0,0.0,0.0077040232717990875,0.010757075622677803,0.007377432659268379,0.007377432659268379
CelebDFv3,/root/Datasets/CelebDFv3/CelebDFv3/FAKE/TalkingFace/IP_LAP/id59_0004_test_id04232_AB9fk1MH2rA.mp4,TalkingFace/IP_LAP,id59,,0,1.0931665897369385,-1.0931665897369385,0.0,150.55397033691406,25.0,0.0,0.0,0.019535930827260017,0.007177033461630344,0.00681865680962801,0.00681865680962801
CelebDFv3,/root/Datasets/CelebDFv3/CelebDFv3/FAKE/TalkingFace/Real3DPortrait/id31_0006_test_id05015_dlb6GaUPRuk.mp4,TalkingFace/Real3DPortrait,id31,,0,-2.592348337173462,2.592348337173462,0.0,211.5303497314453,25.0,1.0,0.40625,0.0068621947430074215,0.003594218986108899,0.009292290546000004,0.009292290546000004
CelebDFv3,/root/Datasets/CelebDFv3/CelebDFv3/FAKE/TalkingFace/SadTalker/id31_0003_test_id01333_gujKn7v2CJg.mp4,TalkingFace/SadTalker,id31,,0,-1.999582052230835,1.999582052230835,0.0,148.37977600097656,25.0,0.0,0.0,0.0022375695407390594,0.008676066063344479,0.010775049217045307,0.010775049217045307
CelebDFv3,/root/Datasets/CelebDFv3/CelebDFv3/FAKE/FaceReenact/DaGAN/id56_id50_0002.mp4,FaceReenact/DaGAN,id56,id50,0,0.8323540687561035,-0.8323540687561035,0.0,120.01889038085938,30.0,0.0,0.0,0.007308390457183123,0.0019367205677554011,0.005629944149404764,0.005629944149404764
CelebDFv3,/root/Datasets/CelebDFv3/CelebDFv3/FAKE/FaceReenact/FSRT/id11_id7_0000.mp4,FaceReenact/FSRT,id11,id7,0,3.0770630836486816,-3.0770630836486816,0.0,95.76323699951172,20.0,1.0,0.03125,0.012588913552463055,0.004809524863958359,0.008130492642521858,0.008130492642521858
CelebDFv3,/root/Datasets/CelebDFv3/CelebDFv3/FAKE/FaceReenact/HyperReenact/id23_id26_0009.mp4,FaceReenact/HyperReenact,id23,id26,0,2.6160871982574463,-2.6160871982574463,0.0,121.49051666259766,25.0,0.0,0.0,0.006877534091472626,0.003496771678328514,0.005978728178888559,0.005978728178888559
CelebDFv3,/root/Datasets/CelebDFv3/CelebDFv3/FAKE/FaceReenact/LIA/id23_id24_0009.mp4,FaceReenact/LIA,id23,id24,0,4.98331356048584,-4.98331356048584,0.0,164.07077026367188,30.0,0.0,0.0,0.00782360415905714,0.00642014155164361,0.010414013639092445,0.010414013639092445
CelebDFv3,/root/Datasets/CelebDFv3/CelebDFv3/FAKE/FaceReenact/LivePortrait/id51_id49_0004.mp4,FaceReenact/LivePortrait,id51,id49,0,3.735917329788208,-3.735917329788208,0.0,106.23490905761719,30.0,1.0,0.515625,0.007875479757785797,0.014527097344398499,0.008805540390312672,0.01576891541481018
CelebDFv3,/root/Datasets/CelebDFv3/CelebDFv3/FAKE/FaceReenact/MCNET/id59_id60_0007.mp4,FaceReenact/MCNET,id59,id60,0,4.048312187194824,-4.048312187194824,0.0,121.91095733642578,30.0,1.0,0.109375,0.021942265331745148,0.01683683693408966,0.022784559056162834,0.022784559056162834
CelebDFv3,/root/Datasets/CelebDFv3/CelebDFv3/FAKE/FaceReenact/TPSMM/id54_id49_0009.mp4,FaceReenact/TPSMM,id54,id49,0,10.182044982910156,-10.182044982910156,0.0,102.40052795410156,30.0,1.0,0.078125,0.006802965886890888,0.004287483636289835,0.006615830585360527,0.006615830585360527
CelebDFv3,/root/Datasets/CelebDFv3/CelebDFv3/FAKE/FaceSwap/BlendFace/id31_id6_0004.mp4,FaceSwap/BlendFace,id31,id6,0,6.710570335388184,-6.710570335388184,0.0,199.34030151367188,30.0,0.0,0.0,0.004981665872037411,0.0032154980581253767,0.0019840500317513943,0.0035729710943996906
CelebDFv3,/root/Datasets/CelebDFv3/CelebDFv3/FAKE/FaceSwap/Celeb-DF-v2/id26_id6_0006.mp4,FaceSwap/Celeb-DF-v2,id26,id6,0,-5.739747047424316,5.739747047424316,0.0,252.36253356933594,30.0,1.0,0.03125,0.015325766056776047,0.004941513296216726,0.004892868455499411,0.008909719064831734
CelebDFv3,/root/Datasets/CelebDFv3/CelebDFv3/FAKE/FaceSwap/GHOST/id31_id23_0000.mp4,FaceSwap/GHOST,id31,id23,0,1.6106789112091064,-1.6106789112091064,0.0,131.0861358642578,30.0,0.0,0.0,0.0034002589527517557,0.006526649929583073,0.002783416537567973,0.0050125084817409515
CelebDFv3,/root/Datasets/CelebDFv3/CelebDFv3/FAKE/FaceSwap/HifiFace/id48_id45_0002.mp4,FaceSwap/HifiFace,id48,id45,0,-4.095081329345703,4.095081329345703,0.0,115.055419921875,30.0,0.0,0.0,0.002781424205750227,0.0042639439925551414,0.0020046343561261892,0.003579704323783517
CelebDFv3,/root/Datasets/CelebDFv3/CelebDFv3/FAKE/FaceSwap/InSwapper/id8_id2_0003.mp4,FaceSwap/InSwapper,id8,id2,0,-2.3954319953918457,2.3954319953918457,0.0,142.3561553955078,30.0,0.0,0.0,0.0026604286395013332,0.010111507959663868,0.0026284095365554094,0.004951923619955778
CelebDFv3,/root/Datasets/CelebDFv3/CelebDFv3/FAKE/FaceSwap/MobileFaceSwap/id31_id28_0004.mp4,FaceSwap/MobileFaceSwap,id31,id28,0,5.707371711730957,-5.707371711730957,0.0,214.97421264648438,30.0,0.0,0.0,0.005083159543573856,0.0030715882312506437,0.0027073181699961424,0.004875467158854008
CelebDFv3,/root/Datasets/CelebDFv3/CelebDFv3/FAKE/FaceSwap/SimSwap/id56_id58_0000.mp4,FaceSwap/SimSwap,id56,id58,0,1.204245686531067,-1.204245686531067,0.0,109.60403442382812,30.0,0.0,0.0,0.002814331790432334,0.004802027717232704,0.0022447567898780107,0.004019899293780327
CelebDFv3,/root/Datasets/CelebDFv3/CelebDFv3/FAKE/FaceSwap/UniFace/id23_id1_0002.mp4,FaceSwap/UniFace,id23,id1,0,1.8634452819824219,-1.8634452819824219,0.0,101.25084686279297,30.0,0.0,0.0,0.009082674980163574,0.011064551770687103,0.0036183802876621485,0.006430987734347582
CelebDFv3,/root/Datasets/CelebDFv3/CelebDFv3/FAKE/TalkingFace/AniTalker/id11_0005_test_id02465_PhHBC9xmnUQ.mp4,TalkingFace/AniTalker,id11,,0,-0.9045894145965576,0.9045894145965576,0.0,139.74249267578125,25.0,0.0,0.0,0.0034257739316672087,0.0023485952988266945,0.00616371538490057,0.00616371538490057
CelebDFv3,/root/Datasets/CelebDFv3/CelebDFv3/FAKE/TalkingFace/EDTalk/id26_0004_test_id01333_SwmQTyhzge8.mp4,TalkingFace/EDTalk,id26,,0,0.9875310063362122,-0.9875310063362122,0.0,156.27919006347656,25.0,0.0,0.0,0.009913098067045212,0.009895841591060162,0.005874789785593748,0.005874789785593748
CelebDFv3,/root/Datasets/CelebDFv3/CelebDFv3/FAKE/TalkingFace/EchoMimic/id48_0008_test_id06913_CFoP6f5lk7M.mp4,TalkingFace/EchoMimic,id48,,0,-22.679241180419922,22.679241180419922,0.0,297.75860595703125,24.0,0.0,0.0,0.007760611362755299,0.01104914303869009,0.009448015131056309,0.009448015131056309
CelebDFv3,/root/Datasets/CelebDFv3/CelebDFv3/FAKE/TalkingFace/FLOAT/id11_0001_test_id04950_XJS6SLQuCNM.mp4,TalkingFace/FLOAT,id11,,0,-0.20097902417182922,0.20097902417182922,0.0,127.7095947265625,25.0,0.0,0.0,0.00914701260626316,0.008600523695349693,0.006942347623407841,0.006942347623407841
CelebDFv3,/root/Datasets/CelebDFv3/CelebDFv3/FAKE/TalkingFace/IP_LAP/id59_0004_test_id01509_asrGhE2enzQ.mp4,TalkingFace/IP_LAP,id59,,0,0.011639893054962158,-0.011639893054962158,0.0,130.33245849609375,25.0,0.0,0.0,0.014008201658725739,0.00858496967703104,0.006645841058343649,0.006645841058343649
CelebDFv3,/root/Datasets/CelebDFv3/CelebDFv3/FAKE/TalkingFace/Real3DPortrait/id54_0008_test_id01437_p9H07e_p8go.mp4,TalkingFace/Real3DPortrait,id54,,0,-3.306513786315918,3.306513786315918,0.0,198.61965942382812,25.0,0.0,0.0,0.011699068360030651,0.005522892344743013,0.004272367339581251,0.004272367339581251
CelebDFv3,/root/Datasets/CelebDFv3/CelebDFv3/FAKE/TalkingFace/SadTalker/id22_0003_test_id07414_CXf8FTugLiM.mp4,TalkingFace/SadTalker,id22,,0,0.9509773254394531,-0.9509773254394531,0.0,218.55722045898438,25.0,1.0,0.75,0.001985926181077957,0.0023265876807272434,0.004604764748364687,0.004604764748364687
CelebDFv3,/root/Datasets/CelebDFv3/CelebDFv3/FAKE/FaceReenact/DaGAN/id51_id50_0007.mp4,FaceReenact/DaGAN,id51,id50,0,2.5502989292144775,-2.5502989292144775,0.0,151.79000854492188,30.0,0.0,0.0,0.007463415153324604,0.004963180050253868,0.00719838123768568,0.00719838123768568
CelebDFv3,/root/Datasets/CelebDFv3/CelebDFv3/FAKE/FaceReenact/FSRT/id51_id58_0002.mp4,FaceReenact/FSRT,id51,id58,0,7.1930341720581055,-7.1930341720581055,0.0,121.4821548461914,20.0,0.0,0.0,0.010414759628474712,0.007049856707453728,0.009142492897808552,0.009142492897808552
CelebDFv3,/root/Datasets/CelebDFv3/CelebDFv3/FAKE/FaceReenact/HyperReenact/id8_id7_0008.mp4,FaceReenact/HyperReenact,id8,id7,0,-0.3163772523403168,0.3163772523403168,0.0,233.7700958251953,25.0,0.0,0.0,0.004498137626796961,0.0027759706135839224,0.008374247699975967,0.008374247699975967
CelebDFv3,/root/Datasets/CelebDFv3/CelebDFv3/FAKE/FaceReenact/LIA/id26_id28_0002.mp4,FaceReenact/LIA,id26,id28,0,3.767428398132324,-3.767428398132324,0.0,115.90283203125,30.0,1.0,0.046875,0.007557588629424572,0.007570907473564148,0.008823076263070107,0.008823076263070107
CelebDFv3,/root/Datasets/CelebDFv3/CelebDFv3/FAKE/FaceReenact/LivePortrait/id23_id2_0006.mp4,FaceReenact/LivePortrait,id23,id2,0,9.627917289733887,-9.627917289733887,0.0,255.81884765625,30.0,1.0,0.09375,0.008697589859366417,0.0029116994701325893,0.004934975877404213,0.0065388428047299385
CelebDFv3,/root/Datasets/CelebDFv3/CelebDFv3/FAKE/FaceReenact/MCNET/id23_id1_0007.mp4,FaceReenact/MCNET,id23,id1,0,8.68148422241211,-8.68148422241211,0.0,166.11944580078125,30.0,0.0,0.0,0.002417027484625578,0.001080247457139194,0.003248602617532015,0.003248602617532015
CelebDFv3,/root/Datasets/CelebDFv3/CelebDFv3/FAKE/FaceReenact/TPSMM/id51_id57_0007.mp4,FaceReenact/TPSMM,id51,id57,0,3.650908946990967,-3.650908946990967,0.0,140.4554443359375,30.0,0.0,0.0,0.003910563886165619,0.005640397313982248,0.004276042804121971,0.004276042804121971
CelebDFv3,/root/Datasets/CelebDFv3/CelebDFv3/FAKE/FaceSwap/BlendFace/id51_id50_0008.mp4,FaceSwap/BlendFace,id51,id50,0,-1.7378488779067993,1.7378488779067993,0.0,113.91350555419922,30.0,0.0,0.0,0.00374752189964056,0.006203935481607914,0.004097433760762215,0.007337664719671011
CelebDFv3,/root/Datasets/CelebDFv3/CelebDFv3/FAKE/FaceSwap/Celeb-DF-v2/id31_id38_0001.mp4,FaceSwap/Celeb-DF-v2,id31,id38,0,6.408354759216309,-6.408354759216309,0.0,152.9832305908203,30.0,0.0,0.0,0.0022878183517605066,0.002474036067724228,0.0020825101528316736,0.003750282572582364
CelebDFv3,/root/Datasets/CelebDFv3/CelebDFv3/FAKE/FaceSwap/GHOST/id56_id54_0008.mp4,FaceSwap/GHOST,id56,id54,0,1.3247463703155518,-1.3247463703155518,0.0,124.82215881347656,30.0,1.0,0.015625,0.004146878141909838,0.0027973256073892117,0.0017961366102099419,0.0032165125012397766
CelebDFv3,/root/Datasets/CelebDFv3/CelebDFv3/FAKE/FaceSwap/HifiFace/id54_id58_0004.mp4,FaceSwap/HifiFace,id54,id58,0,-7.642399787902832,7.642399787902832,0.0,198.69546508789062,30.0,0.0,0.0,0.0018876270623877645,0.018613826483488083,0.009667184203863144,0.017311941832304
CelebDFv3,/root/Datasets/CelebDFv3/CelebDFv3/FAKE/FaceSwap/InSwapper/id31_id30_0005.mp4,FaceSwap/InSwapper,id31,id30,0,6.253251075744629,-6.253251075744629,0.0,160.5192413330078,30.0,0.0,0.0,0.0048737237229943275,0.007569499313831329,0.0033494369126856327,0.006031824741512537
CelebDFv3,/root/Datasets/CelebDFv3/CelebDFv3/FAKE/FaceSwap/MobileFaceSwap/id48_id40_0009.mp4,FaceSwap/MobileFaceSwap,id48,id40,0,1.7280306816101074,-1.7280306816101074,0.0,116.072265625,30.0,0.0,0.0,0.0031849518418312073,0.004458304028958082,0.002024887828156352,0.003620774019509554
CelebDFv3,/root/Datasets/CelebDFv3/CelebDFv3/FAKE/FaceSwap/SimSwap/id25_id22_0002.mp4,FaceSwap/SimSwap,id25,id22,0,4.502574920654297,-4.502574920654297,0.0,136.29647827148438,30.0,0.0,0.0,0.00577890407294035,0.005062535405158997,0.0031854768749326468,0.005736558232456446
CelebDFv3,/root/Datasets/CelebDFv3/CelebDFv3/FAKE/FaceSwap/UniFace/id56_id57_0008.mp4,FaceSwap/UniFace,id56,id57,0,1.1163583993911743,-1.1163583993911743,0.0,116.30463409423828,30.0,0.0,0.0,0.007554514799267054,0.003740954212844372,0.0033920533023774624,0.006074472330510616
CelebDFv3,/root/Datasets/CelebDFv3/CelebDFv3/FAKE/TalkingFace/AniTalker/id51_0001_test_id00812_Ypl15Alz_-I.mp4,TalkingFace/AniTalker,id51,,0,-7.872714996337891,7.872714996337891,0.0,188.3310546875,25.0,0.0,0.0,0.006549779325723648,0.006050536409020424,0.005119255278259516,0.005119255278259516
CelebDFv3,/root/Datasets/CelebDFv3/CelebDFv3/FAKE/TalkingFace/EDTalk/id56_0009_test_id01437_LgnNNq3sfPY.mp4,TalkingFace/EDTalk,id56,,0,0.45651277899742126,-0.45651277899742126,0.0,195.2003936767578,25.0,0.0,0.0,0.011553292162716389,0.010781757533550262,0.009413093328475952,0.009413093328475952
CelebDFv3,/root/Datasets/CelebDFv3/CelebDFv3/FAKE/TalkingFace/EchoMimic/id8_0005_test_id07802_XUhS4zwprEk.mp4,TalkingFace/EchoMimic,id8,,0,3.0810914039611816,-3.0810914039611816,0.0,135.2100830078125,24.0,0.0,0.0,0.011336083523929119,0.00752048846334219,0.00670989602804184,0.00670989602804184
CelebDFv3,/root/Datasets/CelebDFv3/CelebDFv3/FAKE/TalkingFace/FLOAT/id25_0009_test_id06310_yv5n45E1Db0.mp4,TalkingFace/FLOAT,id25,,0,-8.151262283325195,8.151262283325195,0.0,158.58877563476562,25.0,0.0,0.0,0.007272032089531422,0.006549537181854248,0.007585092913359404,0.007585092913359404
CelebDFv3,/root/Datasets/CelebDFv3/CelebDFv3/FAKE/TalkingFace/IP_LAP/id56_0009_test_id02548_bA26ZD1a5tU.mp4,TalkingFace/IP_LAP,id56,,0,-0.5362120866775513,0.5362120866775513,0.0,201.20123291015625,25.0,0.0,0.0,0.007500643841922283,0.005701075773686171,0.006235094740986824,0.006235094740986824
CelebDFv3,/root/Datasets/CelebDFv3/CelebDFv3/FAKE/TalkingFace/Real3DPortrait/id26_0004_test_id02317_ElfR3P4Rrmk.mp4,TalkingFace/Real3DPortrait,id26,,0,3.628920555114746,-3.628920555114746,0.0,145.73138427734375,25.0,0.0,0.0,0.012474135495722294,0.004011507146060467,0.004547417629510164,0.004547417629510164
CelebDFv3,/root/Datasets/CelebDFv3/CelebDFv3/FAKE/TalkingFace/SadTalker/id59_0009_test_id03980_DLgfEilskfc.mp4,TalkingFace/SadTalker,id59,,0,5.434645652770996,-5.434645652770996,0.0,185.45921325683594,25.0,0.0,0.0,0.0015772436745464802,0.003409363329410553,0.003522059414535761,0.003522059414535761
CelebDFv3,/root/Datasets/CelebDFv3/CelebDFv3/FAKE/FaceReenact/DaGAN/id31_id35_0001.mp4,FaceReenact/DaGAN,id31,id35,0,8.085348129272461,-8.085348129272461,0.0,123.92778015136719,30.0,1.0,0.109375,0.009540827944874763,0.007836061529815197,0.006426091305911541,0.006426091305911541
CelebDFv3,/root/Datasets/CelebDFv3/CelebDFv3/FAKE/FaceReenact/FSRT/id23_id3_0009.mp4,FaceReenact/FSRT,id23,id3,0,2.4804909229278564,-2.4804909229278564,0.0,145.470703125,20.0,0.0,0.0,0.012553554028272629,0.007402011658996344,0.010287283919751644,0.010287283919751644
CelebDFv3,/root/Datasets/CelebDFv3/CelebDFv3/FAKE/FaceReenact/HyperReenact/id23_id2_0000.mp4,FaceReenact/HyperReenact,id23,id2,0,6.52950382232666,-6.52950382232666,0.0,146.75209045410156,25.0,0.0,0.0,0.006419425830245018,0.002594742923974991,0.006472710985690355,0.006472710985690355
CelebDFv3,/root/Datasets/CelebDFv3/CelebDFv3/FAKE/FaceReenact/LIA/id48_id42_0003.mp4,FaceReenact/LIA,id48,id42,0,-1.9923756122589111,1.9923756122589111,0.0,125.1353530883789,30.0,0.0,0.0,0.01979692280292511,0.004542761016637087,0.012110549956560135,0.012110549956560135
CelebDFv3,/root/Datasets/CelebDFv3/CelebDFv3/FAKE/FaceReenact/LivePortrait/id48_id45_0002.mp4,FaceReenact/LivePortrait,id48,id45,0,-1.4461292028427124,1.4461292028427124,0.0,119.41613006591797,30.0,0.0,0.0,0.044578779488801956,0.012060284614562988,0.008758424781262875,0.01564004272222519
CelebDFv3,/root/Datasets/CelebDFv3/CelebDFv3/FAKE/FaceReenact/MCNET/id31_id34_0002.mp4,FaceReenact/MCNET,id31,id34,0,12.569161415100098,-12.569161415100098,0.0,168.2003173828125,30.0,1.0,0.03125,0.023742180317640305,0.01480894535779953,0.03672559931874275,0.03672559931874275
CelebDFv3,/root/Datasets/CelebDFv3/CelebDFv3/FAKE/FaceReenact/TPSMM/id31_id32_0008.mp4,FaceReenact/TPSMM,id31,id32,0,8.044041633605957,-8.044041633605957,0.0,133.0277557373047,30.0,0.0,0.0,0.007303785067051649,0.006077333819121122,0.004619373939931393,0.004619373939931393
CelebDFv3,/root/Datasets/CelebDFv3/CelebDFv3/FAKE/FaceSwap/BlendFace/id56_id52_0002.mp4,FaceSwap/BlendFace,id56,id52,0,1.239401936531067,-1.239401936531067,0.0,148.86273193359375,30.0,0.0,0.0,0.006813116371631622,0.004520896356552839,0.003935402259230614,0.007047497667372227
CelebDFv3,/root/Datasets/CelebDFv3/CelebDFv3/FAKE/FaceSwap/Celeb-DF-v2/id59_id5_0002.mp4,FaceSwap/Celeb-DF-v2,id59,id5,0,-3.03584623336792,3.03584623336792,0.0,173.23394775390625,30.0,1.0,0.515625,0.007137000560760498,0.010485971346497536,0.0015248910058289766,0.0027307672426104546
CelebDFv3,/root/Datasets/CelebDFv3/CelebDFv3/FAKE/FaceSwap/GHOST/id31_id32_0006.mp4,FaceSwap/GHOST,id31,id32,0,4.328930854797363,-4.328930854797363,0.0,218.82073974609375,30.0,0.0,0.0,0.00472773564979434,0.010799928568303585,0.00399019056931138,0.007185724563896656
CelebDFv3,/root/Datasets/CelebDFv3/CelebDFv3/FAKE/FaceSwap/HifiFace/id54_id49_0008.mp4,FaceSwap/HifiFace,id54,id49,0,-6.6826324462890625,6.6826324462890625,0.0,207.593994140625,30.0,0.0,0.0,0.002079390687867999,0.003227047622203827,0.0018908982165157795,0.003386210883036256
CelebDFv3,/root/Datasets/CelebDFv3/CelebDFv3/FAKE/FaceSwap/InSwapper/id23_id27_0001.mp4,FaceSwap/InSwapper,id23,id27,0,2.1528754234313965,-2.1528754234313965,0.0,142.2042999267578,30.0,0.0,0.0,0.0021485150791704655,0.0034552004653960466,0.0014243017649278045,0.002531427191570401
CelebDFv3,/root/Datasets/CelebDFv3/CelebDFv3/FAKE/FaceSwap/MobileFaceSwap/id48_id47_0002.mp4,FaceSwap/MobileFaceSwap,id48,id47,0,-0.4955473840236664,0.4955473840236664,0.0,120.19752502441406,30.0,0.0,0.0,0.0030503785237669945,0.004067458212375641,0.001921304501593113,0.003430900862440467
CelebDFv3,/root/Datasets/CelebDFv3/CelebDFv3/FAKE/FaceSwap/SimSwap/id56_id52_0002.mp4,FaceSwap/SimSwap,id56,id52,0,0.8333417177200317,-0.8333417177200317,0.0,138.3565216064453,30.0,0.0,0.0,0.006989932153373957,0.004408464301377535,0.003541827667504549,0.006342687644064426
CelebDFv3,/root/Datasets/CelebDFv3/CelebDFv3/FAKE/FaceSwap/UniFace/id31_id34_0006.mp4,FaceSwap/UniFace,id31,id34,0,-1.4138838052749634,1.4138838052749634,0.0,234.46275329589844,30.0,0.0,0.0,0.0046858717687428,0.010400855913758278,0.0028974455781280994,0.005217857658863068
CelebDFv3,/root/Datasets/CelebDFv3/CelebDFv3/FAKE/TalkingFace/AniTalker/id56_0002_test_id01822_jmFGgwXCuW0.mp4,TalkingFace/AniTalker,id56,,0,5.613531112670898,-5.613531112670898,0.0,137.42330932617188,25.0,0.0,0.0,0.005430849734693766,0.003978714346885681,0.005899040028452873,0.005899040028452873
CelebDFv3,/root/Datasets/CelebDFv3/CelebDFv3/FAKE/TalkingFace/EDTalk/id8_0009_test_id02086_UpjWerN0hoE.mp4,TalkingFace/EDTalk,id8,,0,3.195408582687378,-3.195408582687378,0.0,144.81869506835938,25.0,0.0,0.0,0.012735328637063503,0.013258562423288822,0.006757961120456457,0.006757961120456457
CelebDFv3,/root/Datasets/CelebDFv3/CelebDFv3/FAKE/TalkingFace/EchoMimic/id56_0007_test_id05055_W9QdEnAskic.mp4,TalkingFace/EchoMimic,id56,,0,-20.433609008789062,20.433609008789062,0.0,581.0533447265625,24.0,0.0,0.0,0.01978193037211895,0.010958384722471237,0.012552552856504917,0.012552552856504917
CelebDFv3,/root/Datasets/CelebDFv3/CelebDFv3/FAKE/TalkingFace/FLOAT/id25_0000_test_id05850_WCsUJ380ww8.mp4,TalkingFace/FLOAT,id25,,0,-1.2579777240753174,1.2579777240753174,0.0,157.73831176757812,25.0,0.0,0.0,0.007574222516268492,0.006435881368815899,0.009251358918845654,0.009251358918845654
CelebDFv3,/root/Datasets/CelebDFv3/CelebDFv3/FAKE/TalkingFace/IP_LAP/id8_0006_test_id07494_dEl7dYObxfA.mp4,TalkingFace/IP_LAP,id8,,0,-1.4120961427688599,1.4120961427688599,0.0,125.4283218383789,25.0,0.0,0.0,0.007740729488432407,0.013938814401626587,0.00989003200083971,0.00989003200083971
CelebDFv3,/root/Datasets/CelebDFv3/CelebDFv3/FAKE/TalkingFace/Real3DPortrait/id56_0003_test_id07868_G6yM82HVOKI.mp4,TalkingFace/Real3DPortrait,id56,,0,-3.0037031173706055,3.0037031173706055,0.0,127.18568420410156,25.0,0.0,0.0,0.01252076867967844,0.004526852630078793,0.003124166512861848,0.003124166512861848
CelebDFv3,/root/Datasets/CelebDFv3/CelebDFv3/FAKE/TalkingFace/SadTalker/id56_0007_test_id08456_MFbZdyuSE3E.mp4,TalkingFace/SadTalker,id56,,0,-19.247024536132812,19.247024536132812,0.0,724.551513671875,25.0,0.0,0.0,0.008069881238043308,0.00599952507764101,0.009090954437851906,0.009090954437851906
CelebDFv3,/root/Datasets/CelebDFv3/CelebDFv3/FAKE/FaceReenact/DaGAN/id56_id52_0001.mp4,FaceReenact/DaGAN,id56,id52,0,4.611689567565918,-4.611689567565918,0.0,113.1377182006836,30.0,1.0,0.078125,0.03690335899591446,0.024019546806812286,0.03261798620223999,0.03261798620223999
CelebDFv3,/root/Datasets/CelebDFv3/CelebDFv3/FAKE/FaceReenact/FSRT/id48_id47_0004.mp4,FaceReenact/FSRT,id48,id47,0,4.410429000854492,-4.410429000854492,0.0,144.4168701171875,20.0,0.0,0.0,0.007371630519628525,0.0025535780005156994,0.004894796758890152,0.004894796758890152
CelebDFv3,/root/Datasets/CelebDFv3/CelebDFv3/FAKE/FaceReenact/HyperReenact/id23_id3_0006.mp4,FaceReenact/HyperReenact,id23,id3,0,7.6434125900268555,-7.6434125900268555,0.0,168.488037109375,25.0,0.0,0.0,0.010594852268695831,0.006327311508357525,0.00543206138536334,0.00543206138536334
CelebDFv3,/root/Datasets/CelebDFv3/CelebDFv3/FAKE/FaceReenact/LIA/id31_id34_0004.mp4,FaceReenact/LIA,id31,id34,0,15.781145095825195,-15.781145095825195,0.0,328.4928894042969,30.0,0.0,0.0,0.015148051083087921,0.009079685434699059,0.008289896883070469,0.008289896883070469
CelebDFv3,/root/Datasets/CelebDFv3/CelebDFv3/FAKE/FaceReenact/LivePortrait/id31_id33_0001.mp4,FaceReenact/LivePortrait,id31,id33,0,0.589785635471344,-0.589785635471344,0.0,118.8704605102539,30.0,1.0,0.8125,0.001646926160901785,0.0006765013094991446,0.0008228070801123977,0.0014817500486969948
CelebDFv3,/root/Datasets/CelebDFv3/CelebDFv3/FAKE/FaceReenact/MCNET/id51_id57_0008.mp4,FaceReenact/MCNET,id51,id57,0,3.311248540878296,-3.311248540878296,0.0,118.5225601196289,29.829999923706055,0.0,0.0,0.010479781776666641,0.0064962999895215034,0.007275513373315334,0.007275513373315334
CelebDFv3,/root/Datasets/CelebDFv3/CelebDFv3/FAKE/FaceReenact/TPSMM/id23_id2_0009.mp4,FaceReenact/TPSMM,id23,id2,0,3.4492805004119873,-3.4492805004119873,0.0,143.0299530029297,30.0,0.0,0.0,0.010129201225936413,0.006214543711394072,0.009549979120492935,0.009549979120492935
CelebDFv3,/root/Datasets/CelebDFv3/CelebDFv3/FAKE/FaceSwap/BlendFace/id31_id20_0008.mp4,FaceSwap/BlendFace,id31,id20,0,0.3330498933792114,-0.3330498933792114,0.0,156.28292846679688,30.0,0.0,0.0,0.00531456433236599,0.010702683590352535,0.007259073667228222,0.013072485104203224
CelebDFv3,/root/Datasets/CelebDFv3/CelebDFv3/FAKE/FaceSwap/Celeb-DF-v2/id51_id54_0002.mp4,FaceSwap/Celeb-DF-v2,id51,id54,0,-2.203568935394287,2.203568935394287,0.0,90.4709701538086,30.0,0.0,0.0,0.005042550154030323,0.009989164769649506,0.0035151024349033833,0.006294827908277512
CelebDFv3,/root/Datasets/CelebDFv3/CelebDFv3/FAKE/FaceSwap/GHOST/id23_id2_0009.mp4,FaceSwap/GHOST,id23,id2,0,-3.174427032470703,3.174427032470703,0.0,143.88072204589844,30.0,0.0,0.0,0.004393585026264191,0.004588760435581207,0.0027609358076006174,0.0036554790567606688
CelebDFv3,/root/Datasets/CelebDFv3/CelebDFv3/FAKE/FaceSwap/HifiFace/id31_id3_0005.mp4,FaceSwap/HifiFace,id31,id3,0,0.3307158946990967,-0.3307158946990967,0.0,147.54385375976562,30.0,0.0,0.0,0.005146394949406385,0.00455628614872694,0.0021921100560575724,0.003947656136006117
CelebDFv3,/root/Datasets/CelebDFv3/CelebDFv3/FAKE/FaceSwap/InSwapper/id48_id39_0002.mp4,FaceSwap/InSwapper,id48,id39,0,-2.4323606491088867,2.4323606491088867,0.0,115.47704315185547,30.0,0.0,0.0,0.0028593135066330433,0.004449944943189621,0.0018702188972383738,0.0033396766521036625
CelebDFv3,/root/Datasets/CelebDFv3/CelebDFv3/FAKE/FaceSwap/MobileFaceSwap/id23_id19_0000.mp4,FaceSwap/MobileFaceSwap,id23,id19,0,5.433365821838379,-5.433365821838379,0.0,116.22019958496094,30.0,0.0,0.0,0.001708320458419621,0.0020799848716706038,0.0010882809292525053,0.001934213563799858
CelebDFv3,/root/Datasets/CelebDFv3/CelebDFv3/FAKE/FaceSwap/SimSwap/id23_id3_0003.mp4,FaceSwap/SimSwap,id23,id3,0,-1.099539875984192,1.099539875984192,0.0,110.7547607421875,30.0,0.0,0.0,0.0038289690855890512,0.0029251978266984224,0.001692925114184618,0.003008854342624545
CelebDFv3,/root/Datasets/CelebDFv3/CelebDFv3/FAKE/FaceSwap/UniFace/id23_id9_0006.mp4,FaceSwap/UniFace,id23,id9,0,6.656885147094727,-6.656885147094727,0.0,258.9644775390625,30.0,0.0,0.0,0.006043743807822466,0.0034676948562264442,0.0024446940515190363,0.003239219542592764
CelebDFv3,/root/Datasets/CelebDFv3/CelebDFv3/FAKE/TalkingFace/AniTalker/id48_0009_test_id08374_8V4tFXw2UxY.mp4,TalkingFace/AniTalker,id48,,0,5.608109474182129,-5.608109474182129,0.0,132.16229248046875,25.0,0.0,0.0,0.0035297481808811426,0.004656504839658737,0.008030222728848457,0.008030222728848457
CelebDFv3,/root/Datasets/CelebDFv3/CelebDFv3/FAKE/TalkingFace/EDTalk/id59_0004_test_id07494_ebeMtxwdAVc.mp4,TalkingFace/EDTalk,id59,,0,9.529012680053711,-9.529012680053711,0.0,177.23109436035156,25.0,0.0,0.0,0.013560009188950062,0.009976438246667385,0.005321419797837734,0.005321419797837734
CelebDFv3,/root/Datasets/CelebDFv3/CelebDFv3/FAKE/TalkingFace/EchoMimic/id25_0008_test_id08696_MnjuyAG_DCg.mp4,TalkingFace/EchoMimic,id25,,0,3.6446571350097656,-3.6446571350097656,0.0,156.66830444335938,24.0,0.0,0.0,0.00521610165014863,0.008119691163301468,0.0069601871073246,0.0069601871073246
CelebDFv3,/root/Datasets/CelebDFv3/CelebDFv3/FAKE/TalkingFace/FLOAT/id51_0006_test_id02685_WRyNA6xW_T0.mp4,TalkingFace/FLOAT,id51,,0,-4.211639881134033,4.211639881134033,0.0,160.07957458496094,25.0,0.0,0.0,0.01912803016602993,0.009879783727228642,0.010709693655371666,0.010709693655371666
CelebDFv3,/root/Datasets/CelebDFv3/CelebDFv3/FAKE/TalkingFace/IP_LAP/id51_0001_test_id01460_oxJYG8REHG8.mp4,TalkingFace/IP_LAP,id51,,0,-5.848637580871582,5.848637580871582,0.0,224.18251037597656,25.0,0.0,0.0,0.011921889148652554,0.011808880604803562,0.011197368614375591,0.011197368614375591
CelebDFv3,/root/Datasets/CelebDFv3/CelebDFv3/FAKE/TalkingFace/Real3DPortrait/id11_0004_test_id04862_i6aGUMQW5jA.mp4,TalkingFace/Real3DPortrait,id11,,0,0.6279327869415283,-0.6279327869415283,0.0,216.59017944335938,25.0,0.0,0.0,0.012747152708470821,0.005576397757977247,0.004321891814470291,0.004321891814470291
CelebDFv3,/root/Datasets/CelebDFv3/CelebDFv3/FAKE/TalkingFace/SadTalker/id59_0004_test_id01509_asrGhE2enzQ.mp4,TalkingFace/SadTalker,id59,,0,-4.792827129364014,4.792827129364014,0.0,228.33004760742188,25.0,0.0,0.0,0.004052901174873114,0.007033948786556721,0.008096309378743172,0.008096309378743172
CelebDFv3,/root/Datasets/CelebDFv3/CelebDFv3/FAKE/FaceReenact/DaGAN/id51_id57_0007.mp4,FaceReenact/DaGAN,id51,id57,0,2.91520094871521,-2.91520094871521,0.0,150.3550567626953,30.0,0.0,0.0,0.0037643341347575188,0.005758917424827814,0.004815822467207909,0.004815822467207909
CelebDFv3,/root/Datasets/CelebDFv3/CelebDFv3/FAKE/FaceReenact/FSRT/id26_id29_0003.mp4,FaceReenact/FSRT,id26,id29,0,-4.207183837890625,4.207183837890625,0.0,292.7704772949219,20.0,0.0,0.0,0.008271380327641964,0.0076680839993059635,0.006945413071662188,0.006945413071662188
CelebDFv3,/root/Datasets/CelebDFv3/CelebDFv3/FAKE/FaceReenact/HyperReenact/id23_id25_0002.mp4,FaceReenact/HyperReenact,id23,id25,0,1.7447097301483154,-1.7447097301483154,0.0,107.72582244873047,25.0,0.0,0.0,0.0052879126742482185,0.004257306922227144,0.0074056414887309074,0.0074056414887309074
CelebDFv3,/root/Datasets/CelebDFv3/CelebDFv3/FAKE/FaceReenact/LIA/id31_id37_0005.mp4,FaceReenact/LIA,id31,id37,0,-5.678350448608398,5.678350448608398,0.0,226.09059143066406,30.0,1.0,0.71875,0.001787964254617691,0.002021677326411009,0.003767148358747363,0.003767148358747363
CelebDFv3,/root/Datasets/CelebDFv3/CelebDFv3/FAKE/FaceReenact/LivePortrait/id23_id28_0000.mp4,FaceReenact/LivePortrait,id23,id28,0,6.577256202697754,-6.577256202697754,0.0,125.80589294433594,30.0,1.0,0.078125,0.004338780418038368,0.007442472968250513,0.001997034065425396,0.003549350192770362
CelebDFv3,/root/Datasets/CelebDFv3/CelebDFv3/FAKE/FaceReenact/MCNET/id48_id46_0009.mp4,FaceReenact/MCNET,id48,id46,0,2.6517410278320312,-2.6517410278320312,0.0,111.49515533447266,30.0,0.0,0.0,0.017786459997296333,0.010438958182930946,0.009497157298028469,0.009497157298028469
CelebDFv3,/root/Datasets/CelebDFv3/CelebDFv3/FAKE/FaceReenact/TPSMM/id56_id50_0002.mp4,FaceReenact/TPSMM,id56,id50,0,4.041327476501465,-4.041327476501465,0.0,116.08594512939453,30.0,0.0,0.0,0.007933313958346844,0.0020782609935849905,0.004613125696778297,0.004613125696778297
CelebDFv3,/root/Datasets/CelebDFv3/CelebDFv3/FAKE/FaceSwap/BlendFace/id56_id49_0003.mp4,FaceSwap/BlendFace,id56,id49,0,-2.8606648445129395,2.8606648445129395,0.0,98.09136962890625,30.0,0.0,0.0,0.004394169431179762,0.0029524134006351233,0.003472657408565283,0.006218817550688982
CelebDFv3,/root/Datasets/CelebDFv3/CelebDFv3/FAKE/FaceSwap/Celeb-DF-v2/id31_id34_0009.mp4,FaceSwap/Celeb-DF-v2,id31,id34,0,4.884124755859375,-4.884124755859375,0.0,142.94056701660156,30.0,0.0,0.0,0.0038671810179948807,0.004409974906593561,0.003628287697210908,0.006533992942422628
CelebDFv3,/root/Datasets/CelebDFv3/CelebDFv3/FAKE/FaceSwap/GHOST/id22_id24_0005.mp4,FaceSwap/GHOST,id22,id24,0,-0.2351701259613037,0.2351701259613037,0.0,112.9611587524414,30.0,0.0,0.0,0.002698593307286501,0.0021028881892561913,0.0015959196025505662,0.0028364453464746475
CelebDFv3,/root/Datasets/CelebDFv3/CelebDFv3/FAKE/FaceSwap/HifiFace/id11_id7_0009.mp4,FaceSwap/HifiFace,id11,id7,0,-0.2328374683856964,0.2328374683856964,0.0,104.30033874511719,30.0,0.0,0.0,0.002400783123448491,0.002912124153226614,0.0009932222310453653,0.0018871224019676447
CelebDFv3,/root/Datasets/CelebDFv3/CelebDFv3/FAKE/FaceSwap/InSwapper/id48_id41_0006.mp4,FaceSwap/InSwapper,id48,id41,0,1.4025065898895264,-1.4025065898895264,0.0,79.91659545898438,30.0,0.0,0.0,0.004627256654202938,0.03565371409058571,0.005976568907499313,0.007841259241104126
CelebDFv3,/root/Datasets/CelebDFv3/CelebDFv3/FAKE/FaceSwap/MobileFaceSwap/id22_id25_0003.mp4,FaceSwap/MobileFaceSwap,id22,id25,0,-2.445826530456543,2.445826530456543,0.0,218.1540069580078,30.0,1.0,0.3125,0.034111086279153824,0.023570287972688675,0.017386872321367264,0.030901875346899033
CelebDFv3,/root/Datasets/CelebDFv3/CelebDFv3/FAKE/FaceSwap/SimSwap/id54_id55_0006.mp4,FaceSwap/SimSwap,id54,id55,0,-10.330440521240234,10.330440521240234,0.0,212.71653747558594,30.0,1.0,0.015625,0.004296168684959412,0.006857220083475113,0.004473191220313311,0.008010568097233772
CelebDFv3,/root/Datasets/CelebDFv3/CelebDFv3/FAKE/FaceSwap/UniFace/id56_id58_0006.mp4,FaceSwap/UniFace,id56,id58,0,2.4159700870513916,-2.4159700870513916,0.0,115.16539764404297,30.0,0.0,0.0,0.003754471195861697,0.004635377321392298,0.0020666110794991255,0.003700876608490944
CelebDFv3,/root/Datasets/CelebDFv3/CelebDFv3/FAKE/TalkingFace/AniTalker/id56_0004_test_id04232__k0hgacT2zc.mp4,TalkingFace/AniTalker,id56,,0,6.3555521965026855,-6.3555521965026855,0.0,115.46308135986328,25.0,0.0,0.0,0.004317246377468109,0.004333846736699343,0.004993214271962643,0.004993214271962643
CelebDFv3,/root/Datasets/CelebDFv3/CelebDFv3/FAKE/TalkingFace/EDTalk/id48_0006_test_id06104_Q5NV5PQuYQQ.mp4,TalkingFace/EDTalk,id48,,0,4.105108737945557,-4.105108737945557,0.0,126.04379272460938,25.0,0.0,0.0,0.011765738017857075,0.011102292686700821,0.009205425158143044,0.009205425158143044
CelebDFv3,/root/Datasets/CelebDFv3/CelebDFv3/FAKE/TalkingFace/EchoMimic/id22_0008_test_id07396_6bbb_NOpqGY.mp4,TalkingFace/EchoMimic,id22,,0,6.855075359344482,-6.855075359344482,0.0,183.6385955810547,24.0,0.0,0.0,0.007507340982556343,0.008146882057189941,0.0062657929956912994,0.0062657929956912994
CelebDFv3,/root/Datasets/CelebDFv3/CelebDFv3/FAKE/TalkingFace/FLOAT/id22_0008_test_id04478_nhLuGj0vGb8.mp4,TalkingFace/FLOAT,id22,,0,2.861449956893921,-2.861449956893921,0.0,191.34280395507812,25.0,0.0,0.0,0.009621591307222843,0.006994160357862711,0.008139554411172867,0.008139554411172867
CelebDFv3,/root/Datasets/CelebDFv3/CelebDFv3/FAKE/TalkingFace/IP_LAP/id54_0000_test_id01593_Clw9yg6Jd34.mp4,TalkingFace/IP_LAP,id54,,0,1.2648403644561768,-1.2648403644561768,0.0,123.35447692871094,25.0,0.0,0.0,0.013490392826497555,0.010180003009736538,0.007561228238046169,0.007561228238046169
CelebDFv3,/root/Datasets/CelebDFv3/CelebDFv3/FAKE/TalkingFace/Real3DPortrait/id22_0009_test_id01000_yCKyUiCDAWQ.mp4,TalkingFace/Real3DPortrait,id22,,0,6.516609191894531,-6.516609191894531,0.0,123.45380401611328,25.0,0.0,0.0,0.009565483778715134,0.005709313787519932,0.007581944111734629,0.007581944111734629
CelebDFv3,/root/Datasets/CelebDFv3/CelebDFv3/FAKE/TalkingFace/SadTalker/id31_0002_test_id05015_wFizOLE3-qM.mp4,TalkingFace/SadTalker,id31,,0,7.483761787414551,-7.483761787414551,0.0,198.05052185058594,25.0,0.0,0.0,0.003718234831467271,0.00787866860628128,0.012601370923221111,0.012601370923221111
CelebDFv3,/root/Datasets/CelebDFv3/CelebDFv3/FAKE/FaceReenact/DaGAN/id23_id25_0002.mp4,FaceReenact/DaGAN,id23,id25,0,5.900528907775879,-5.900528907775879,0.0,89.98863220214844,30.0,1.0,0.203125,0.018716230988502502,0.011208680458366871,0.016313880681991577,0.016313880681991577
CelebDFv3,/root/Datasets/CelebDFv3/CelebDFv3/FAKE/FaceReenact/FSRT/id22_id23_0001.mp4,FaceReenact/FSRT,id22,id23,0,4.3278374671936035,-4.3278374671936035,0.0,121.3782958984375,20.0,0.0,0.0,0.008031732402741909,0.007110820151865482,0.007393623236566782,0.007393623236566782
CelebDFv3,/root/Datasets/CelebDFv3/CelebDFv3/FAKE/FaceReenact/HyperReenact/id23_id33_0006.mp4,FaceReenact/HyperReenact,id23,id33,0,3.474273443222046,-3.474273443222046,0.0,220.84056091308594,25.0,0.0,0.0,0.0036635021679103374,0.0037295566871762276,0.006264732219278812,0.006264732219278812
CelebDFv3,/root/Datasets/CelebDFv3/CelebDFv3/FAKE/FaceReenact/LIA/id51_id57_0007.mp4,FaceReenact/LIA,id51,id57,0,-1.9820020198822021,1.9820020198822021,0.0,182.68475341796875,30.0,0.0,0.0,0.00333306472748518,0.005300580058246851,0.004180705174803734,0.004180705174803734
CelebDFv3,/root/Datasets/CelebDFv3/CelebDFv3/FAKE/FaceReenact/LivePortrait/id31_id20_0002.mp4,FaceReenact/LivePortrait,id31,id20,0,7.131552696228027,-7.131552696228027,0.0,143.3177032470703,30.0,1.0,0.09375,0.017226511612534523,0.049171097576618195,0.014409122988581657,0.02594863250851631
CelebDFv3,/root/Datasets/CelebDFv3/CelebDFv3/FAKE/FaceReenact/MCNET/id23_id34_0009.mp4,FaceReenact/MCNET,id23,id34,0,0.4139634370803833,-0.4139634370803833,0.0,121.93531799316406,30.0,1.0,0.140625,0.026599429547786713,0.010961857624351978,0.015655092895030975,0.015655092895030975
CelebDFv3,/root/Datasets/CelebDFv3/CelebDFv3/FAKE/FaceReenact/TPSMM/id31_id20_0001.mp4,FaceReenact/TPSMM,id31,id20,0,1.5858365297317505,-1.5858365297317505,0.0,115.11035919189453,30.0,1.0,0.796875,0.007295058574527502,0.005917608272284269,0.0021295209880918264,0.0021295209880918264
CelebDFv3,/root/Datasets/CelebDFv3/CelebDFv3/FAKE/FaceSwap/BlendFace/id51_id58_0000.mp4,FaceSwap/BlendFace,id51,id58,0,9.117053031921387,-9.117053031921387,0.0,91.1808853149414,30.0,0.0,0.0,0.006965812761336565,0.005053359549492598,0.0038688445929437876,0.0069283065386116505
CelebDFv3,/root/Datasets/CelebDFv3/CelebDFv3/FAKE/FaceSwap/Celeb-DF-v2/id31_id26_0004.mp4,FaceSwap/Celeb-DF-v2,id31,id26,0,3.5767087936401367,-3.5767087936401367,0.0,211.20361328125,30.0,0.0,0.0,0.004896232392638922,0.0033249598927795887,0.002588781528174877,0.00466200103983283
CelebDFv3,/root/Datasets/CelebDFv3/CelebDFv3/FAKE/FaceSwap/GHOST/id51_id58_0002.mp4,FaceSwap/GHOST,id51,id58,0,5.309652328491211,-5.309652328491211,0.0,78.22795104980469,30.0,0.0,0.0,0.006068091839551926,0.016318539157509804,0.004025998525321484,0.007209737319499254
CelebDFv3,/root/Datasets/CelebDFv3/CelebDFv3/FAKE/FaceSwap/HifiFace/id25_id23_0005.mp4,FaceSwap/HifiFace,id25,id23,0,0.8518610596656799,-0.8518610596656799,0.0,82.1355972290039,30.0,0.0,0.0,0.011955656111240387,0.0033094172831624746,0.004042752552777529,0.005999444518238306
CelebDFv3,/root/Datasets/CelebDFv3/CelebDFv3/FAKE/FaceSwap/InSwapper/id31_id1_0001.mp4,FaceSwap/InSwapper,id31,id1,0,6.387876987457275,-6.387876987457275,0.0,150.7114715576172,30.0,0.0,0.0,0.0022053762804716825,0.0028332769870758057,0.0022177917417138815,0.00399390421807766
CelebDFv3,/root/Datasets/CelebDFv3/CelebDFv3/FAKE/FaceSwap/MobileFaceSwap/id56_id58_0001.mp4,FaceSwap/MobileFaceSwap,id56,id58,0,3.997675895690918,-3.997675895690918,0.0,143.2214813232422,30.0,0.0,0.0,0.0033570886589586735,0.009470982477068901,0.002728017047047615,0.0048853191547095776
CelebDFv3,/root/Datasets/CelebDFv3/CelebDFv3/FAKE/FaceSwap/SimSwap/id26_id2_0009.mp4,FaceSwap/SimSwap,id26,id2,0,-6.8557209968566895,6.8557209968566895,0.0,176.9769287109375,30.0,0.0,0.0,0.01298036053776741,0.009352094493806362,0.00424384418874979,0.007727873977273703
CelebDFv3,/root/Datasets/CelebDFv3/CelebDFv3/FAKE/FaceSwap/UniFace/id31_id28_0007.mp4,FaceSwap/UniFace,id31,id28,0,-12.852499008178711,12.852499008178711,0.0,273.03082275390625,30.0,0.0,0.0,0.013674071058630943,0.003627896774560213,0.00681967381387949,0.01228119246661663
CelebDFv3,/root/Datasets/CelebDFv3/CelebDFv3/FAKE/TalkingFace/AniTalker/id31_0002_test_id00812_BDoGOx3Jgbk.mp4,TalkingFace/AniTalker,id31,,0,11.956770896911621,-11.956770896911621,0.0,163.5205078125,25.0,0.0,0.0,0.00454236613586545,0.004103439394384623,0.010627503506839275,0.010627503506839275
CelebDFv3,/root/Datasets/CelebDFv3/CelebDFv3/FAKE/TalkingFace/EDTalk/id22_0001_test_id01298_tAQVEmDyrPs.mp4,TalkingFace/EDTalk,id22,,0,3.7778100967407227,-3.7778100967407227,0.0,172.7117156982422,25.0,0.0,0.0,0.014805960468947887,0.010122616775333881,0.005761482287198305,0.005761482287198305
CelebDFv3,/root/Datasets/CelebDFv3/CelebDFv3/FAKE/TalkingFace/EchoMimic/id8_0007_test_id01618_L0HQTlH8k7A.mp4,TalkingFace/EchoMimic,id8,,0,4.6002936363220215,-4.6002936363220215,0.0,158.81781005859375,24.0,0.0,0.0,0.0019227787852287292,0.0023530584294348955,0.0056575289927423,0.0056575289927423
CelebDFv3,/root/Datasets/CelebDFv3/CelebDFv3/FAKE/TalkingFace/FLOAT/id56_0006_test_id01333_D8Pv2f28x3Q.mp4,TalkingFace/FLOAT,id56,,0,11.693145751953125,-11.693145751953125,0.0,115.15140533447266,25.0,0.0,0.0,0.015294631943106651,0.010283980518579483,0.00964216236025095,0.00964216236025095
CelebDFv3,/root/Datasets/CelebDFv3/CelebDFv3/FAKE/TalkingFace/IP_LAP/id11_0001_test_id04478_Rk34ptLauAE.mp4,TalkingFace/IP_LAP,id11,,0,1.4238510131835938,-1.4238510131835938,0.0,119.0220947265625,25.0,0.0,0.0,0.010655781254172325,0.016320785507559776,0.008924383670091629,0.008924383670091629
CelebDFv3,/root/Datasets/CelebDFv3/CelebDFv3/FAKE/TalkingFace/Real3DPortrait/id26_0007_test_id08552_7kf2EfS9G6Q.mp4,TalkingFace/Real3DPortrait,id26,,0,-8.546182632446289,8.546182632446289,0.0,477.246337890625,25.0,0.0,0.0,0.013389677740633488,0.005840691737830639,0.007459075655788183,0.007459075655788183
CelebDFv3,/root/Datasets/CelebDFv3/CelebDFv3/FAKE/TalkingFace/SadTalker/id48_0009_test_id07961_l3Xn426T1IE.mp4,TalkingFace/SadTalker,id48,,0,0.18523871898651123,-0.18523871898651123,0.0,126.6463623046875,25.0,0.0,0.0,0.0013880382757633924,0.0025024814531207085,0.0047990852035582066,0.0047990852035582066
CelebDFv3,/root/Datasets/CelebDFv3/CelebDFv3/FAKE/FaceReenact/DaGAN/id31_id21_0005.mp4,FaceReenact/DaGAN,id31,id21,0,8.997001647949219,-8.997001647949219,0.0,138.8568572998047,30.0,1.0,0.15625,0.01560080423951149,0.013281666673719883,0.021460257470607758,0.021460257470607758
CelebDFv3,/root/Datasets/CelebDFv3/CelebDFv3/FAKE/FaceReenact/FSRT/id23_id25_0002.mp4,FaceReenact/FSRT,id23,id25,0,7.784533977508545,-7.784533977508545,0.0,95.31310272216797,20.0,1.0,0.21875,0.014165729284286499,0.011161204427480698,0.0114220529794693,0.0114220529794693
CelebDFv3,/root/Datasets/CelebDFv3/CelebDFv3/FAKE/FaceReenact/HyperReenact/id59_id60_0007.mp4,FaceReenact/HyperReenact,id59,id60,0,-1.4568960666656494,1.4568960666656494,0.0,113.54454803466797,25.0,0.0,0.0,0.008754905313253403,0.005880600307136774,0.00846545584499836,0.00846545584499836
CelebDFv3,/root/Datasets/CelebDFv3/CelebDFv3/FAKE/FaceReenact/LIA/id48_id43_0008.mp4,FaceReenact/LIA,id48,id43,0,-11.366189956665039,11.366189956665039,0.0,223.77301025390625,30.0,1.0,0.171875,0.01144448947161436,0.007180716376751661,0.01258927583694458,0.01258927583694458
CelebDFv3,/root/Datasets/CelebDFv3/CelebDFv3/FAKE/FaceReenact/LivePortrait/id48_id45_0005.mp4,FaceReenact/LivePortrait,id48,id45,0,-1.2912253141403198,1.2912253141403198,0.0,135.1845245361328,30.0,0.0,0.0,0.0015406589955091476,0.0022701460402458906,0.0012873299419879913,0.002298803301528096
CelebDFv3,/root/Datasets/CelebDFv3/CelebDFv3/FAKE/FaceReenact/MCNET/id26_id3_0008.mp4,FaceReenact/MCNET,id26,id3,0,-0.502899169921875,0.502899169921875,0.0,176.62252807617188,30.0,0.0,0.0,0.012773239985108376,0.020025238394737244,0.0060837347991764545,0.0060837347991764545
CelebDFv3,/root/Datasets/CelebDFv3/CelebDFv3/FAKE/FaceReenact/TPSMM/id31_id35_0000.mp4,FaceReenact/TPSMM,id31,id35,0,2.2782485485076904,-2.2782485485076904,0.0,108.22454833984375,30.0,0.0,0.0,0.011782737448811531,0.010415657423436642,0.01048324629664421,0.01048324629664421
CelebDFv3,/root/Datasets/CelebDFv3/CelebDFv3/FAKE/FaceSwap/BlendFace/id48_id39_0007.mp4,FaceSwap/BlendFace,id48,id39,0,7.629140853881836,-7.629140853881836,0.0,92.95623016357422,30.0,0.0,0.0,0.003503578482195735,0.0033134352415800095,0.0055118766613304615,0.007231582887470722
CelebDFv3,/root/Datasets/CelebDFv3/CelebDFv3/FAKE/FaceSwap/Celeb-DF-v2/id48_id40_0009.mp4,FaceSwap/Celeb-DF-v2,id48,id40,0,2.979391574859619,-2.979391574859619,0.0,115.93550109863281,30.0,0.0,0.0,0.0032220068387687206,0.004604215268045664,0.002521722111850977,0.004509180784225464
CelebDFv3,/root/Datasets/CelebDFv3/CelebDFv3/FAKE/FaceSwap/GHOST/id48_id46_0007.mp4,FaceSwap/GHOST,id48,id46,0,4.546535491943359,-4.546535491943359,0.0,96.53197479248047,30.0,0.0,0.0,0.001471321564167738,0.0013279435224831104,0.0013557537458837032,0.0017787488177418709
CelebDFv3,/root/Datasets/CelebDFv3/CelebDFv3/FAKE/FaceSwap/HifiFace/id23_id4_0007.mp4,FaceSwap/HifiFace,id23,id4,0,-1.224940299987793,1.224940299987793,0.0,125.53604125976562,30.0,0.0,0.0,0.011388587765395641,0.02630149945616722,0.004995985887944698,0.008764509111642838
CelebDFv3,/root/Datasets/CelebDFv3/CelebDFv3/FAKE/FaceSwap/InSwapper/id26_id33_0001.mp4,FaceSwap/InSwapper,id26,id33,0,0.053055405616760254,-0.053055405616760254,0.0,132.9917449951172,30.0,1.0,0.03125,0.01972566917538643,0.016319334506988525,0.004182289354503155,0.0075139435939490795
CelebDFv3,/root/Datasets/CelebDFv3/CelebDFv3/FAKE/FaceSwap/MobileFaceSwap/id23_id30_0009.mp4,FaceSwap/MobileFaceSwap,id23,id30,0,-0.2546994686126709,0.2546994686126709,0.0,143.73114013671875,30.0,0.0,0.0,0.004241864196956158,0.004180387128144503,0.0029458031058311462,0.003900243202224374
CelebDFv3,/root/Datasets/CelebDFv3/CelebDFv3/FAKE/FaceSwap/SimSwap/id23_id27_0006.mp4,FaceSwap/SimSwap,id23,id27,0,7.141899585723877,-7.141899585723877,0.0,260.5279541015625,30.0,0.0,0.0,0.006139804609119892,0.0036378547083586454,0.001602365169674158,0.0021231339778751135
CelebDFv3,/root/Datasets/CelebDFv3/CelebDFv3/FAKE/FaceSwap/UniFace/id56_id58_0002.mp4,FaceSwap/UniFace,id56,id58,0,-2.3475680351257324,2.3475680351257324,0.0,138.09695434570312,30.0,0.0,0.0,0.007427383214235306,0.00420271186158061,0.003550073364749551,0.0063574532978236675
CelebDFv3,/root/Datasets/CelebDFv3/CelebDFv3/FAKE/TalkingFace/AniTalker/id59_0006_test_id00817_UOTRcRmKHPQ.mp4,TalkingFace/AniTalker,id59,,0,6.99555778503418,-6.99555778503418,0.0,120.88233184814453,25.0,0.0,0.0,0.003651687875390053,0.004461128730326891,0.004925885703414679,0.004925885703414679
CelebDFv3,/root/Datasets/CelebDFv3/CelebDFv3/FAKE/TalkingFace/EDTalk/id23_0002_test_id01593_NxfyefwggDQ.mp4,TalkingFace/EDTalk,id23,,0,8.667913436889648,-8.667913436889648,0.0,128.18746948242188,25.0,0.0,0.0,0.011391270905733109,0.009734402410686016,0.010386954993009567,0.010386954993009567
CelebDFv3,/root/Datasets/CelebDFv3/CelebDFv3/FAKE/TalkingFace/EchoMimic/id51_0008_test_id04657_WdJ_DuU0ack.mp4,TalkingFace/EchoMimic,id51,,0,2.297325372695923,-2.297325372695923,0.0,136.145263671875,24.0,0.0,0.0,0.0024686800315976143,0.006707629654556513,0.004296786151826382,0.004296786151826382
CelebDFv3,/root/Datasets/CelebDFv3/CelebDFv3/FAKE/TalkingFace/FLOAT/id51_0005_test_id08701_IF-okJTentA.mp4,TalkingFace/FLOAT,id51,,0,-4.1738176345825195,4.1738176345825195,0.0,182.8272247314453,25.0,0.0,0.0,0.011881742626428604,0.018652454018592834,0.011979542672634125,0.011979542672634125
CelebDFv3,/root/Datasets/CelebDFv3/CelebDFv3/FAKE/TalkingFace/IP_LAP/id51_0006_test_id02685_WRyNA6xW_T0.mp4,TalkingFace/IP_LAP,id51,,0,0.8388433456420898,-0.8388433456420898,0.0,157.416259765625,25.0,0.0,0.0,0.018134118989109993,0.013282154686748981,0.013519247062504292,0.013519247062504292
CelebDFv3,/root/Datasets/CelebDFv3/CelebDFv3/FAKE/TalkingFace/Real3DPortrait/id56_0004_test_id04366_GAE3onT-CHs.mp4,TalkingFace/Real3DPortrait,id56,,0,4.043054103851318,-4.043054103851318,0.0,151.5915069580078,25.0,0.0,0.0,0.010688168928027153,0.005906690843403339,0.008934849873185158,0.008934849873185158
CelebDFv3,/root/Datasets/CelebDFv3/CelebDFv3/FAKE/TalkingFace/SadTalker/id22_0001_test_id01106_R0NC1aAEl4w.mp4,TalkingFace/SadTalker,id22,,0,9.909196853637695,-9.909196853637695,0.0,122.69197082519531,25.0,0.0,0.0,0.0024301749654114246,0.010598979890346527,0.005933939479291439,0.005933939479291439
CelebDFv3,/root/Datasets/CelebDFv3/CelebDFv3/FAKE/FaceReenact/DaGAN/id31_id33_0000.mp4,FaceReenact/DaGAN,id31,id33,0,2.5667173862457275,-2.5667173862457275,0.0,97.47482299804688,30.0,1.0,0.265625,0.024727096781134605,0.01644502580165863,0.018131116405129433,0.018131116405129433
CelebDFv3,/root/Datasets/CelebDFv3/CelebDFv3/FAKE/FaceReenact/FSRT/id56_id58_0002.mp4,FaceReenact/FSRT,id56,id58,0,5.346972465515137,-5.346972465515137,0.0,132.19691467285156,20.0,0.0,0.0,0.010798194445669651,0.0077982875518500805,0.005938549060374498,0.005938549060374498
CelebDFv3,/root/Datasets/CelebDFv3/CelebDFv3/FAKE/FaceReenact/HyperReenact/id31_id4_0001.mp4,FaceReenact/HyperReenact,id31,id4,0,3.5063586235046387,-3.5063586235046387,0.0,128.59710693359375,25.0,0.0,0.0,0.00619418453425169,0.004772590938955545,0.009034162387251854,0.009034162387251854
CelebDFv3,/root/Datasets/CelebDFv3/CelebDFv3/FAKE/FaceReenact/LIA/id22_id21_0005.mp4,FaceReenact/LIA,id22,id21,0,-1.6980406045913696,1.6980406045913696,0.0,116.87937927246094,30.0,0.0,0.0,0.0118551729246974,0.010171100497245789,0.005979187786579132,0.005979187786579132
CelebDFv3,/root/Datasets/CelebDFv3/CelebDFv3/FAKE/FaceReenact/LivePortrait/id54_id51_0003.mp4,FaceReenact/LivePortrait,id54,id51,0,-8.027600288391113,8.027600288391113,0.0,213.0305938720703,30.0,1.0,0.09375,0.004968447145074606,0.03614110127091408,0.003625696524977684,0.006492879241704941
CelebDFv3,/root/Datasets/CelebDFv3/CelebDFv3/FAKE/FaceReenact/MCNET/id23_id25_0002.mp4,FaceReenact/MCNET,id23,id25,0,5.115578651428223,-5.115578651428223,0.0,99.74246978759766,30.0,1.0,0.1875,0.017821142449975014,0.010920408181846142,0.01495310477912426,0.01495310477912426
CelebDFv3,/root/Datasets/CelebDFv3/CelebDFv3/FAKE/FaceReenact/TPSMM/id31_id3_0005.mp4,FaceReenact/TPSMM,id31,id3,0,5.578863143920898,-5.578863143920898,0.0,134.24063110351562,30.0,1.0,0.03125,0.014701113104820251,0.015876060351729393,0.010395428165793419,0.010395428165793419
CelebDFv3,/root/Datasets/CelebDFv3/CelebDFv3/FAKE/FaceSwap/BlendFace/id26_id35_0002.mp4,FaceSwap/BlendFace,id26,id35,0,2.9807567596435547,-2.9807567596435547,0.0,98.36236572265625,30.0,1.0,0.015625,0.006366283167153597,0.01677510514855385,0.00339930085465312,0.006107218097895384
CelebDFv3,/root/Datasets/CelebDFv3/CelebDFv3/FAKE/FaceSwap/Celeb-DF-v2/id25_id27_0008.mp4,FaceSwap/Celeb-DF-v2,id25,id27,0,5.645169258117676,-5.645169258117676,0.0,169.08685302734375,30.0,1.0,0.03125,0.006183066871017218,0.0022337932605296373,0.0033321562223136425,0.00447841826826334
CelebDFv3,/root/Datasets/CelebDFv3/CelebDFv3/FAKE/FaceSwap/GHOST/id56_id55_0001.mp4,FaceSwap/GHOST,id56,id55,0,-0.9968233704566956,0.9968233704566956,0.0,140.50006103515625,30.0,0.0,0.0,0.004801000002771616,0.010520929470658302,0.0033906963653862476,0.0060720425099134445
CelebDFv3,/root/Datasets/CelebDFv3/CelebDFv3/FAKE/FaceSwap/HifiFace/id54_id51_0003.mp4,FaceSwap/HifiFace,id54,id51,0,-6.128281116485596,6.128281116485596,0.0,242.36917114257812,30.0,0.0,0.0,0.0019806541968137026,0.010268526151776314,0.0023264503106474876,0.004166195634752512
CelebDFv3,/root/Datasets/CelebDFv3/CelebDFv3/FAKE/FaceSwap/InSwapper/id26_id2_0009.mp4,FaceSwap/InSwapper,id26,id2,0,-7.162512302398682,7.162512302398682,0.0,174.34251403808594,30.0,0.0,0.0,0.012667729519307613,0.009560519829392433,0.0038875704631209373,0.007079112809151411
CelebDFv3,/root/Datasets/CelebDFv3/CelebDFv3/FAKE/FaceSwap/MobileFaceSwap/id23_id30_0002.mp4,FaceSwap/MobileFaceSwap,id23,id30,0,3.326463222503662,-3.326463222503662,0.0,102.1905746459961,30.0,0.0,0.0,0.009228875860571861,0.010882649570703506,0.003494297619909048,0.006210453808307648
CelebDFv3,/root/Datasets/CelebDFv3/CelebDFv3/FAKE/FaceSwap/SimSwap/id48_id40_0001.mp4,FaceSwap/SimSwap,id48,id40,0,-4.584123611450195,4.584123611450195,0.0,101.19295501708984,30.0,0.0,0.0,0.004456706345081329,0.0056102583184838295,0.0021930658258497715,0.003916189074516296
CelebDFv3,/root/Datasets/CelebDFv3/CelebDFv3/FAKE/FaceSwap/UniFace/id25_id21_0008.mp4,FaceSwap/UniFace,id25,id21,0,2.6350955963134766,-2.6350955963134766,0.0,166.6142578125,30.0,0.0,0.0,0.006677443627268076,0.002065773122012615,0.002369111869484186,0.003184086410328746
CelebDFv3,/root/Datasets/CelebDFv3/CelebDFv3/FAKE/TalkingFace/AniTalker/id51_0008_test_id01106_q01vvmTSJ9I.mp4,TalkingFace/AniTalker,id51,,0,0.9225936532020569,-0.9225936532020569,0.0,126.23231506347656,25.0,0.0,0.0,0.006279172841459513,0.00529348012059927,0.0059988354332745075,0.0059988354332745075
CelebDFv3,/root/Datasets/CelebDFv3/CelebDFv3/FAKE/TalkingFace/EDTalk/id26_0001_test_id03524_T8R_BWJi2KI.mp4,TalkingFace/EDTalk,id26,,0,1.9550286531448364,-1.9550286531448364,0.0,204.578125,25.0,0.0,0.0,0.012508650310337543,0.009643285535275936,0.006173362024128437,0.006173362024128437
CelebDFv3,/root/Datasets/CelebDFv3/CelebDFv3/FAKE/TalkingFace/EchoMimic/id23_0000_test_id01509_6wp2Lht90Fw.mp4,TalkingFace/EchoMimic,id23,,0,10.360380172729492,-10.360380172729492,0.0,127.3415756225586,24.0,0.0,0.0,0.0005837934440933168,0.0006568276439793408,0.0017973537323996425,0.0017973537323996425
CelebDFv3,/root/Datasets/CelebDFv3/CelebDFv3/FAKE/TalkingFace/FLOAT/id25_0007_test_id00812_uCF5yBvYa9k.mp4,TalkingFace/FLOAT,id25,,0,-4.2729058265686035,4.2729058265686035,0.0,201.7305145263672,25.0,0.0,0.0,0.013353899121284485,0.0064641693606972694,0.004746649879962206,0.004746649879962206
CelebDFv3,/root/Datasets/CelebDFv3/CelebDFv3/FAKE/TalkingFace/IP_LAP/id8_0004_test_id06816_9-ZbztA8Lh8.mp4,TalkingFace/IP_LAP,id8,,0,-11.843671798706055,11.843671798706055,0.0,327.4326477050781,25.0,0.0,0.0,0.013617248274385929,0.011427919380366802,0.00718280952423811,0.00718280952423811
CelebDFv3,/root/Datasets/CelebDFv3/CelebDFv3/FAKE/TalkingFace/Real3DPortrait/id31_0008_test_id04536_OYH-6uGB6jI.mp4,TalkingFace/Real3DPortrait,id31,,0,3.9576973915100098,-3.9576973915100098,0.0,170.83621215820312,25.0,0.0,0.0,0.011132221668958664,0.005307067185640335,0.005834290757775307,0.005834290757775307
CelebDFv3,/root/Datasets/CelebDFv3/CelebDFv3/FAKE/TalkingFace/SadTalker/id31_0006_test_id05654_lgnVNGGeF7E.mp4,TalkingFace/SadTalker,id31,,0,-6.800448894500732,6.800448894500732,0.0,263.3876037597656,25.0,0.0,0.0,0.0027813613414764404,0.004309314303100109,0.00807995442301035,0.00807995442301035
CelebDFv3,/root/Datasets/CelebDFv3/CelebDFv3/FAKE/FaceReenact/DaGAN/id31_id33_0009.mp4,FaceReenact/DaGAN,id31,id33,0,3.858217477798462,-3.858217477798462,0.0,140.48924255371094,30.0,1.0,0.015625,0.03983001038432121,0.007456768769770861,0.01838994026184082,0.01838994026184082
CelebDFv3,/root/Datasets/CelebDFv3/CelebDFv3/FAKE/FaceReenact/FSRT/id51_id49_0004.mp4,FaceReenact/FSRT,id51,id49,0,4.101034164428711,-4.101034164428711,0.0,126.54824829101562,20.0,1.0,0.296875,0.012188198044896126,0.008024652488529682,0.006172550842165947,0.006172550842165947
CelebDFv3,/root/Datasets/CelebDFv3/CelebDFv3/FAKE/FaceReenact/HyperReenact/id48_id44_0000.mp4,FaceReenact/HyperReenact,id48,id44,0,0.09884299337863922,-0.09884299337863922,0.0,130.17042541503906,25.0,0.0,0.0,0.005055662244558334,0.002312373835593462,0.005984914023429155,0.005984914023429155
CelebDFv3,/root/Datasets/CelebDFv3/CelebDFv3/FAKE/FaceReenact/LIA/id31_id16_0005.mp4,FaceReenact/LIA,id31,id16,0,-3.438688278198242,3.438688278198242,0.0,229.8080596923828,30.0,1.0,0.46875,0.018683359026908875,0.010660827159881592,0.02562950924038887,0.02562950924038887
CelebDFv3,/root/Datasets/CelebDFv3/CelebDFv3/FAKE/FaceReenact/LivePortrait/id56_id54_0001.mp4,FaceReenact/LivePortrait,id56,id54,0,2.756732940673828,-2.756732940673828,0.0,151.85433959960938,30.0,1.0,0.140625,0.002106259809806943,0.007184672635048628,0.0028962288051843643,0.005186552181839943
CelebDFv3,/root/Datasets/CelebDFv3/CelebDFv3/FAKE/FaceReenact/MCNET/id23_id2_0006.mp4,FaceReenact/MCNET,id23,id2,0,12.631905555725098,-12.631905555725098,0.0,145.94337463378906,30.0,1.0,0.015625,0.01898808404803276,0.010485194623470306,0.008999173529446125,0.008999173529446125
CelebDFv3,/root/Datasets/CelebDFv3/CelebDFv3/FAKE/FaceReenact/TPSMM/id23_id31_0007.mp4,FaceReenact/TPSMM,id23,id31,0,8.083332061767578,-8.083332061767578,0.0,145.10162353515625,30.0,0.0,0.0,0.008691778406500816,0.0062429048120975494,0.0056957039050757885,0.0056957039050757885
CelebDFv3,/root/Datasets/CelebDFv3/CelebDFv3/FAKE/FaceSwap/BlendFace/id31_id34_0006.mp4,FaceSwap/BlendFace,id31,id34,0,1.1835205554962158,-1.1835205554962158,0.0,225.13597106933594,30.0,1.0,0.03125,0.004646509885787964,0.010516033507883549,0.0024516121484339237,0.00441497890278697
CelebDFv3,/root/Datasets/CelebDFv3/CelebDFv3/FAKE/FaceSwap/Celeb-DF-v2/id56_id57_0002.mp4,FaceSwap/Celeb-DF-v2,id56,id57,0,-1.0309666395187378,1.0309666395187378,0.0,134.46290588378906,30.0,0.0,0.0,0.006992809008806944,0.004333687014877796,0.003345774719491601,0.005991595797240734
CelebDFv3,/root/Datasets/CelebDFv3/CelebDFv3/FAKE/FaceSwap/GHOST/id23_id26_0001.mp4,FaceSwap/GHOST,id23,id26,0,3.912107229232788,-3.912107229232788,0.0,114.5508041381836,30.0,0.0,0.0,0.0023175664246082306,0.0034748753532767296,0.001989000476896763,0.0035350718535482883
CelebDFv3,/root/Datasets/CelebDFv3/CelebDFv3/FAKE/FaceSwap/HifiFace/id31_id1_0001.mp4,FaceSwap/HifiFace,id31,id1,0,6.290850639343262,-6.290850639343262,0.0,146.71475219726562,30.0,0.0,0.0,0.0024213744327425957,0.0026709497906267643,0.00208109593950212,0.0037477363366633654
CelebDFv3,/root/Datasets/CelebDFv3/CelebDFv3/FAKE/FaceSwap/InSwapper/id54_id55_0008.mp4,FaceSwap/InSwapper,id54,id55,0,-9.267117500305176,9.267117500305176,0.0,202.43704223632812,30.0,0.0,0.0,0.0020291374530643225,0.00315183331258595,0.0018124468624591827,0.0032457206398248672
CelebDFv3,/root/Datasets/CelebDFv3/CelebDFv3/FAKE/FaceSwap/MobileFaceSwap/id23_id22_0009.mp4,FaceSwap/MobileFaceSwap,id23,id22,0,1.4092206954956055,-1.4092206954956055,0.0,146.70266723632812,30.0,0.0,0.0,0.004112346097826958,0.004158603958785534,0.0035164295695722103,0.004655752796679735
CelebDFv3,/root/Datasets/CelebDFv3/CelebDFv3/FAKE/FaceSwap/SimSwap/id31_id29_0000.mp4,FaceSwap/SimSwap,id31,id29,0,2.9025511741638184,-2.9025511741638184,0.0,125.59769439697266,30.0,0.0,0.0,0.0038109691813588142,0.007072771899402142,0.0034845939371734858,0.006275222636759281
CelebDFv3,/root/Datasets/CelebDFv3/CelebDFv3/FAKE/FaceSwap/UniFace/id23_id3_0009.mp4,FaceSwap/UniFace,id23,id3,0,-3.1135306358337402,3.1135306358337402,0.0,155.05186462402344,30.0,0.0,0.0,0.0038832954596728086,0.004579090978950262,0.0031712171621620655,0.004198691342025995
CelebDFv3,/root/Datasets/CelebDFv3/CelebDFv3/FAKE/TalkingFace/AniTalker/id8_0008_test_id01460_oxJYG8REHG8.mp4,TalkingFace/AniTalker,id8,,0,-1.4815404415130615,1.4815404415130615,0.0,170.9036865234375,25.0,0.0,0.0,0.005183433648198843,0.0035627223551273346,0.004616755060851574,0.004616755060851574
CelebDFv3,/root/Datasets/CelebDFv3/CelebDFv3/FAKE/TalkingFace/EDTalk/id23_0005_test_id01228_555V_nuzxtA.mp4,TalkingFace/EDTalk,id23,,0,10.933839797973633,-10.933839797973633,0.0,135.94004821777344,25.0,0.0,0.0,0.012921061366796494,0.010977903380990028,0.006540082860738039,0.006540082860738039
CelebDFv3,/root/Datasets/CelebDFv3/CelebDFv3/FAKE/TalkingFace/EchoMimic/id31_0006_test_id05055_Z0DjeR0jKFs.mp4,TalkingFace/EchoMimic,id31,,0,-5.402529716491699,5.402529716491699,0.0,261.7961730957031,24.0,0.0,0.0,0.00969686172902584,0.012385223060846329,0.010626927018165588,0.010626927018165588
CelebDFv3,/root/Datasets/CelebDFv3/CelebDFv3/FAKE/TalkingFace/FLOAT/id25_0003_test_id08374_rOOlBgksuAY.mp4,TalkingFace/FLOAT,id25,,0,-3.6806304454803467,3.6806304454803467,0.0,251.479248046875,25.0,0.0,0.0,0.009006706066429615,0.006711318623274565,0.007552242837846279,0.007552242837846279
CelebDFv3,/root/Datasets/CelebDFv3/CelebDFv3/FAKE/TalkingFace/IP_LAP/id59_0001_test_id05459_3TI6dVmEwzw.mp4,TalkingFace/IP_LAP,id59,,0,5.509210109710693,-5.509210109710693,0.0,253.69619750976562,25.0,0.0,0.0,0.013735300861299038,0.004826377611607313,0.00519159808754921,0.00519159808754921
CelebDFv3,/root/Datasets/CelebDFv3/CelebDFv3/FAKE/TalkingFace/Real3DPortrait/id26_0001_test_id03789_KMozTvI2He0.mp4,TalkingFace/Real3DPortrait,id26,,0,3.142584800720215,-3.142584800720215,0.0,171.0343475341797,25.0,0.0,0.0,0.013060245662927628,0.004775294568389654,0.004542561247944832,0.004542561247944832
CelebDFv3,/root/Datasets/CelebDFv3/CelebDFv3/FAKE/TalkingFace/SadTalker/id26_0007_test_id05055_9wdCne17C3Y.mp4,TalkingFace/SadTalker,id26,,0,-11.229406356811523,11.229406356811523,0.0,452.69805908203125,25.0,0.0,0.0,0.004201306961476803,0.013712793588638306,0.007093607448041439,0.007566514890640974
CelebDFv3,/root/Datasets/CelebDFv3/CelebDFv3/FAKE/FaceReenact/DaGAN/id23_id25_0007.mp4,FaceReenact/DaGAN,id23,id25,0,11.063796997070312,-11.063796997070312,0.0,100.02023315429688,30.0,1.0,0.15625,0.010733968578279018,0.0065264347940683365,0.010187276639044285,0.010187276639044285
CelebDFv3,/root/Datasets/CelebDFv3/CelebDFv3/FAKE/FaceReenact/FSRT/id11_id7_0009.mp4,FaceReenact/FSRT,id11,id7,0,2.945054054260254,-2.945054054260254,0.0,111.32694244384766,20.0,0.0,0.0,0.007652096450328827,0.006386761553585529,0.006058189552277327,0.006058189552277327
CelebDFv3,/root/Datasets/CelebDFv3/CelebDFv3/FAKE/FaceReenact/HyperReenact/id11_id7_0008.mp4,FaceReenact/HyperReenact,id11,id7,0,7.093091011047363,-7.093091011047363,0.0,116.47575378417969,25.0,0.0,0.0,0.00444111367687583,0.0030203047208487988,0.007470663636922836,0.007470663636922836
CelebDFv3,/root/Datasets/CelebDFv3/CelebDFv3/FAKE/FaceReenact/LIA/id54_id57_0006.mp4,FaceReenact/LIA,id54,id57,0,-9.565702438354492,9.565702438354492,0.0,243.92405700683594,29.0,0.0,0.0,0.0064073470421135426,0.007584220729768276,0.010001197457313538,0.010001197457313538
CelebDFv3,/root/Datasets/CelebDFv3/CelebDFv3/FAKE/FaceReenact/LivePortrait/id23_id22_0009.mp4,FaceReenact/LivePortrait,id23,id22,0,-7.721053600311279,7.721053600311279,0.0,163.10890197753906,30.0,1.0,0.375,0.0026659953873604536,0.0025924118235707283,0.003496362827718258,0.004629184026271105
CelebDFv3,/root/Datasets/CelebDFv3/CelebDFv3/FAKE/FaceReenact/MCNET/id48_id44_0000.mp4,FaceReenact/MCNET,id48,id44,0,-1.9503830671310425,1.9503830671310425,0.0,145.53294372558594,30.0,0.0,0.0,0.01025717705488205,0.015263413079082966,0.008200574666261673,0.008200574666261673
CelebDFv3,/root/Datasets/CelebDFv3/CelebDFv3/FAKE/FaceReenact/TPSMM/id23_id22_0009.mp4,FaceReenact/TPSMM,id23,id22,0,3.0164847373962402,-3.0164847373962402,0.0,135.03395080566406,30.0,0.0,0.0,0.022622719407081604,0.016881590709090233,0.019913218915462494,0.019913218915462494
CelebDFv3,/root/Datasets/CelebDFv3/CelebDFv3/FAKE/FaceSwap/BlendFace/id26_id29_0008.mp4,FaceSwap/BlendFace,id26,id29,0,-1.3148789405822754,1.3148789405822754,0.0,171.8563690185547,30.0,0.0,0.0,0.006306888069957495,0.005286634899675846,0.004879383835941553,0.008885164745151997
CelebDFv3,/root/Datasets/CelebDFv3/CelebDFv3/FAKE/FaceSwap/Celeb-DF-v2/id23_id29_0006.mp4,FaceSwap/Celeb-DF-v2,id23,id29,0,5.586775302886963,-5.586775302886963,0.0,255.022705078125,30.0,0.0,0.0,0.006461065262556076,0.0037715365178883076,0.0017910730093717575,0.002373171504586935
CelebDFv3,/root/Datasets/CelebDFv3/CelebDFv3/FAKE/FaceSwap/GHOST/id26_id24_0001.mp4,FaceSwap/GHOST,id26,id24,0,3.201774835586548,-3.201774835586548,0.0,107.4447021484375,30.0,0.0,0.0,0.00893891416490078,0.005188430659472942,0.002354111522436142,0.004229420330375433
CelebDFv3,/root/Datasets/CelebDFv3/CelebDFv3/FAKE/FaceSwap/HifiFace/id31_id2_0005.mp4,FaceSwap/HifiFace,id31,id2,0,2.3395895957946777,-2.3395895957946777,0.0,152.7236785888672,30.0,0.0,0.0,0.005240207072347403,0.004127883818000555,0.0020431249868124723,0.0036793563049286604
CelebDFv3,/root/Datasets/CelebDFv3/CelebDFv3/FAKE/FaceSwap/InSwapper/id23_id29_0005.mp4,FaceSwap/InSwapper,id23,id29,0,5.265528678894043,-5.265528678894043,0.0,115.99311828613281,30.0,0.0,0.0,0.006178314331918955,0.002271821489557624,0.0035741368774324656,0.0073161860927939415
CelebDFv3,/root/Datasets/CelebDFv3/CelebDFv3/FAKE/FaceSwap/MobileFaceSwap/id23_id38_0001.mp4,FaceSwap/MobileFaceSwap,id23,id38,0,4.314720630645752,-4.314720630645752,0.0,113.61249542236328,30.0,0.0,0.0,0.004005515482276678,0.01337308157235384,0.011492559686303139,0.02042585238814354
CelebDFv3,/root/Datasets/CelebDFv3/CelebDFv3/FAKE/FaceSwap/SimSwap/id25_id23_0005.mp4,FaceSwap/SimSwap,id25,id23,0,2.2304275035858154,-2.2304275035858154,0.0,81.94630432128906,30.0,0.0,0.0,0.01205864641815424,0.0034367255866527557,0.004694357048720121,0.006966426502913237
CelebDFv3,/root/Datasets/CelebDFv3/CelebDFv3/FAKE/FaceSwap/UniFace/id51_id55_0004.mp4,FaceSwap/UniFace,id51,id55,0,-6.486841678619385,6.486841678619385,0.0,99.86111450195312,29.0,1.0,0.21875,0.003417908912524581,0.0047926511615514755,0.0024718705099076033,0.004426613450050354
CelebDFv3,/root/Datasets/CelebDFv3/CelebDFv3/FAKE/TalkingFace/AniTalker/id48_0001_test_id04295_GLhfd-vlEOM.mp4,TalkingFace/AniTalker,id48,,0,-2.4000391960144043,2.4000391960144043,0.0,119.27836608886719,25.0,0.0,0.0,0.0040200273506343365,0.002462421776726842,0.0038600193802267313,0.0038600193802267313
CelebDFv3,/root/Datasets/CelebDFv3/CelebDFv3/FAKE/TalkingFace/EDTalk/id11_0010_test_id04656_6N_AmGKcdZo.mp4,TalkingFace/EDTalk,id11,,0,1.6302146911621094,-1.6302146911621094,0.0,144.48219299316406,25.0,0.0,0.0,0.01192760095000267,0.013260310515761375,0.0077088987454771996,0.0077088987454771996
CelebDFv3,/root/Datasets/CelebDFv3/CelebDFv3/FAKE/TalkingFace/EchoMimic/id22_0006_test_id03030_wcPmp1C6XeU.mp4,TalkingFace/EchoMimic,id22,,0,6.453324317932129,-6.453324317932129,0.0,152.13882446289062,24.0,0.0,0.0,0.005840717814862728,0.010210514068603516,0.006648843642324209,0.006648843642324209
CelebDFv3,/root/Datasets/CelebDFv3/CelebDFv3/FAKE/TalkingFace/FLOAT/id8_0006_test_id01298_xv4IT9v17l4.mp4,TalkingFace/FLOAT,id8,,0,-5.308627128601074,5.308627128601074,0.0,122.47654724121094,25.0,0.0,0.0,0.011486266739666462,0.009286969900131226,0.008540332317352295,0.008540332317352295
CelebDFv3,/root/Datasets/CelebDFv3/CelebDFv3/FAKE/TalkingFace/IP_LAP/id59_0009_test_id08374_nrw4btrElp8.mp4,TalkingFace/IP_LAP,id59,,0,3.583550453186035,-3.583550453186035,0.0,151.53736877441406,25.0,1.0,0.03125,0.019828325137495995,0.014787734486162663,0.009549806825816631,0.009549806825816631
CelebDFv3,/root/Datasets/CelebDFv3/CelebDFv3/FAKE/TalkingFace/Real3DPortrait/id31_0000_test_id00081_OP-1HtS2Jmo.mp4,TalkingFace/Real3DPortrait,id31,,0,1.866352915763855,-1.866352915763855,0.0,129.80966186523438,25.0,1.0,0.03125,0.012639985419809818,0.006030452903360128,0.012835425324738026,0.012835425324738026
CelebDFv3,/root/Datasets/CelebDFv3/CelebDFv3/FAKE/TalkingFace/SadTalker/id51_0003_test_id01228_ITBk58yOpCM.mp4,TalkingFace/SadTalker,id51,,0,-7.36457633972168,7.36457633972168,0.0,303.07464599609375,25.0,0.0,0.0,0.0028991783037781715,0.00913233682513237,0.01091895904392004,0.010276666842401028
CelebDFv3,/root/Datasets/CelebDFv3/CelebDFv3/FAKE/FaceReenact/DaGAN/id23_id1_0002.mp4,FaceReenact/DaGAN,id23,id1,0,3.922093391418457,-3.922093391418457,0.0,116.07132720947266,30.0,0.0,0.0,0.008528105914592743,0.003702531335875392,0.007528671994805336,0.007528671994805336
CelebDFv3,/root/Datasets/CelebDFv3/CelebDFv3/FAKE/FaceReenact/FSRT/id23_id30_0002.mp4,FaceReenact/FSRT,id23,id30,0,6.6593122482299805,-6.6593122482299805,0.0,104.21244049072266,20.0,0.0,0.0,0.0160442553460598,0.007052409928292036,0.00801214762032032,0.00801214762032032
CelebDFv3,/root/Datasets/CelebDFv3/CelebDFv3/FAKE/FaceReenact/HyperReenact/id51_id56_0005.mp4,FaceReenact/HyperReenact,id51,id56,0,-3.7022058963775635,3.7022058963775635,0.0,180.223876953125,25.0,0.0,0.0,0.004106819164007902,0.0025011433754116297,0.007611362263560295,0.007611362263560295
CelebDFv3,/root/Datasets/CelebDFv3/CelebDFv3/FAKE/FaceReenact/LIA/id51_id49_0001.mp4,FaceReenact/LIA,id51,id49,0,-4.771365165710449,4.771365165710449,0.0,212.70082092285156,30.0,0.0,0.0,0.011060455814003944,0.0051829940639436245,0.0075143128633499146,0.0075143128633499146
CelebDFv3,/root/Datasets/CelebDFv3/CelebDFv3/FAKE/FaceReenact/LivePortrait/id48_id45_0008.mp4,FaceReenact/LivePortrait,id48,id45,0,-14.053963661193848,14.053963661193848,0.0,224.34561157226562,30.0,0.0,0.0,0.0032237847335636616,0.004832541104406118,0.0037807319313287735,0.0037656091153621674
CelebDFv3,/root/Datasets/CelebDFv3/CelebDFv3/FAKE/FaceReenact/MCNET/id23_id0_0008.mp4,FaceReenact/MCNET,id23,id0,0,1.8185582160949707,-1.8185582160949707,0.0,96.25621795654297,30.0,1.0,0.296875,0.012632764875888824,0.009380802512168884,0.008375966921448708,0.008375966921448708
CelebDFv3,/root/Datasets/CelebDFv3/CelebDFv3/FAKE/FaceReenact/TPSMM/id26_id6_0006.mp4,FaceReenact/TPSMM,id26,id6,0,-7.0327372550964355,7.0327372550964355,0.0,266.5883483886719,30.0,1.0,0.28125,0.01573283039033413,0.010996568948030472,0.018813638016581535,0.018813638016581535
CelebDFv3,/root/Datasets/CelebDFv3/CelebDFv3/FAKE/FaceSwap/BlendFace/id31_id32_0001.mp4,FaceSwap/BlendFace,id31,id32,0,11.469528198242188,-11.469528198242188,0.0,146.31495666503906,30.0,0.0,0.0,0.001967446180060506,0.0030381339602172375,0.0017953936476260424,0.003233229974284768
CelebDFv3,/root/Datasets/CelebDFv3/CelebDFv3/FAKE/FaceSwap/Celeb-DF-v2/id56_id49_0000.mp4,FaceSwap/Celeb-DF-v2,id56,id49,0,-1.0792776346206665,1.0792776346206665,0.0,107.06476593017578,30.0,0.0,0.0,0.0033362451940774918,0.005002615973353386,0.002544957445934415,0.00455749686807394
CelebDFv3,/root/Datasets/CelebDFv3/CelebDFv3/FAKE/FaceSwap/GHOST/id51_id53_0006.mp4,FaceSwap/GHOST,id51,id53,0,-3.3395354747772217,3.3395354747772217,0.0,168.1868896484375,29.900009155273438,0.0,0.0,0.002544901566579938,0.02390269935131073,0.003556390991434455,0.006368767004460096
CelebDFv3,/root/Datasets/CelebDFv3/CelebDFv3/FAKE/FaceSwap/HifiFace/id51_id49_0005.mp4,FaceSwap/HifiFace,id51,id49,0,-7.789426803588867,7.789426803588867,0.0,155.8104705810547,30.0,0.0,0.0,0.010762629099190235,0.02165723778307438,0.0025797176640480757,0.004619745537638664
CelebDFv3,/root/Datasets/CelebDFv3/CelebDFv3/FAKE/FaceSwap/InSwapper/id31_id29_0000.mp4,FaceSwap/InSwapper,id31,id29,0,1.6963534355163574,-1.6963534355163574,0.0,123.07718658447266,30.0,0.0,0.0,0.0036490517668426037,0.00689023919403553,0.0032467443961650133,0.005846891086548567
CelebDFv3,/root/Datasets/CelebDFv3/CelebDFv3/FAKE/FaceSwap/MobileFaceSwap/id48_id42_0003.mp4,FaceSwap/MobileFaceSwap,id48,id42,0,0.5541019439697266,-0.5541019439697266,0.0,79.4843978881836,30.0,1.0,0.09375,0.007751103490591049,0.02343623898923397,0.015171635895967484,0.027092207223176956
CelebDFv3,/root/Datasets/CelebDFv3/CelebDFv3/FAKE/FaceSwap/SimSwap/id48_id47_0008.mp4,FaceSwap/SimSwap,id48,id47,0,-10.97658920288086,10.97658920288086,0.0,223.00033569335938,30.0,0.0,0.0,0.002701429883018136,0.0025711706839501858,0.0023301520850509405,0.0023208316415548325
CelebDFv3,/root/Datasets/CelebDFv3/CelebDFv3/FAKE/FaceSwap/UniFace/id23_id34_0000.mp4,FaceSwap/UniFace,id23,id34,0,7.456120491027832,-7.456120491027832,0.0,113.8297119140625,30.0,0.0,0.0,0.0016227600863203406,0.0018227673135697842,0.0010304891038686037,0.0018314995104447007
CelebDFv3,/root/Datasets/CelebDFv3/CelebDFv3/FAKE/TalkingFace/AniTalker/id22_0001_test_id01106_R0NC1aAEl4w.mp4,TalkingFace/AniTalker,id22,,0,6.903079032897949,-6.903079032897949,0.0,128.17086791992188,25.0,0.0,0.0,0.005441639106720686,0.005101474933326244,0.003985399380326271,0.003985399380326271
CelebDFv3,/root/Datasets/CelebDFv3/CelebDFv3/FAKE/TalkingFace/EDTalk/id51_0001_test_id02465_TbOsi8GikfM.mp4,TalkingFace/EDTalk,id51,,0,-5.275640487670898,5.275640487670898,0.0,181.4797821044922,25.0,0.0,0.0,0.013997122645378113,0.008954957127571106,0.007248894777148962,0.007248894777148962
CelebDFv3,/root/Datasets/CelebDFv3/CelebDFv3/FAKE/TalkingFace/EchoMimic/id25_0003_test_id06811_szilQ-DsQIo.mp4,TalkingFace/EchoMimic,id25,,0,-0.2671888470649719,0.2671888470649719,0.0,269.5714416503906,24.0,0.0,0.0,0.013676144182682037,0.007776293903589249,0.007460893131792545,0.007460893131792545
CelebDFv3,/root/Datasets/CelebDFv3/CelebDFv3/FAKE/TalkingFace/FLOAT/id23_0003_test_id05055_n6FlxBOgOy4.mp4,TalkingFace/FLOAT,id23,,0,-0.39711105823516846,0.39711105823516846,0.0,104.32350158691406,25.0,0.0,0.0,0.013988050632178783,0.007066411431878805,0.007971229963004589,0.007971229963004589
CelebDFv3,/root/Datasets/CelebDFv3/CelebDFv3/FAKE/TalkingFace/IP_LAP/id31_0002_test_id00562_9LAZqHI80BY.mp4,TalkingFace/IP_LAP,id31,,0,9.671377182006836,-9.671377182006836,0.0,150.76025390625,25.0,1.0,0.03125,0.04375423863530159,0.005268190987408161,0.05253222584724426,0.05253222584724426
CelebDFv3,/root/Datasets/CelebDFv3/CelebDFv3/FAKE/TalkingFace/Real3DPortrait/id25_0001_test_id02576_5dQTvY26piw.mp4,TalkingFace/Real3DPortrait,id25,,0,-3.856841564178467,3.856841564178467,0.0,171.4571533203125,25.0,1.0,0.984375,0.0,0.0,0.0,0.0
CelebDFv3,/root/Datasets/CelebDFv3/CelebDFv3/FAKE/TalkingFace/SadTalker/id25_0005_test_id01822_jmFGgwXCuW0.mp4,TalkingFace/SadTalker,id25,,0,4.520712852478027,-4.520712852478027,0.0,111.95580291748047,25.0,0.0,0.0,0.0026142827700823545,0.007672252599149942,0.0051596262492239475,0.0051596262492239475
CelebDFv3,/root/Datasets/CelebDFv3/CelebDFv3/FAKE/FaceReenact/DaGAN/id59_id5_0004.mp4,FaceReenact/DaGAN,id59,id5,0,-1.2631229162216187,1.2631229162216187,0.0,130.482177734375,30.0,1.0,0.03125,0.03845665603876114,0.017663296312093735,0.0146015090867877,0.0146015090867877
CelebDFv3,/root/Datasets/CelebDFv3/CelebDFv3/FAKE/FaceReenact/FSRT/id51_id50_0008.mp4,FaceReenact/FSRT,id51,id50,0,-1.3629660606384277,1.3629660606384277,0.0,110.7739028930664,20.0,0.0,0.0,0.009058709256350994,0.007861034013330936,0.015450969338417053,0.015450969338417053
CelebDFv3,/root/Datasets/CelebDFv3/CelebDFv3/FAKE/FaceReenact/HyperReenact/id26_id29_0008.mp4,FaceReenact/HyperReenact,id26,id29,0,0.946703314781189,-0.946703314781189,0.0,157.80499267578125,25.0,0.0,0.0,0.003547506406903267,0.003127619158476591,0.007264927960932255,0.007264927960932255
CelebDFv3,/root/Datasets/CelebDFv3/CelebDFv3/FAKE/FaceReenact/LIA/id26_id0_0000.mp4,FaceReenact/LIA,id26,id0,0,5.361452579498291,-5.361452579498291,0.0,146.04388427734375,30.0,1.0,0.53125,0.008998787961900234,0.0016437734011560678,0.007766379043459892,0.007766379043459892
CelebDFv3,/root/Datasets/CelebDFv3/CelebDFv3/FAKE/FaceReenact/LivePortrait/id56_id54_0008.mp4,FaceReenact/LivePortrait,id56,id54,0,5.159459114074707,-5.159459114074707,0.0,121.63213348388672,30.0,0.0,0.0,0.0019542386289685965,0.0020121950656175613,0.0024149599485099316,0.004324698355048895
CelebDFv3,/root/Datasets/CelebDFv3/CelebDFv3/FAKE/FaceReenact/MCNET/id26_id30_0003.mp4,FaceReenact/MCNET,id26,id30,0,-0.6094169020652771,0.6094169020652771,0.0,278.5529479980469,30.0,0.0,0.0,0.016260618343949318,0.014028463512659073,0.009326550178229809,0.009326550178229809
CelebDFv3,/root/Datasets/CelebDFv3/CelebDFv3/FAKE/FaceReenact/TPSMM/id23_id29_0002.mp4,FaceReenact/TPSMM,id23,id29,0,3.512807846069336,-3.512807846069336,0.0,92.98112487792969,30.0,1.0,0.453125,0.012943956069648266,0.007901150733232498,0.013606260530650616,0.013606260530650616
CelebDFv3,/root/Datasets/CelebDFv3/CelebDFv3/FAKE/FaceSwap/BlendFace/id31_id26_0007.mp4,FaceSwap/BlendFace,id31,id26,0,-11.363829612731934,11.363829612731934,0.0,242.064453125,30.0,0.0,0.0,0.008799314498901367,0.003593423403799534,0.008224982768297195,0.01481193769723177
CelebDFv3,/root/Datasets/CelebDFv3/CelebDFv3/FAKE/FaceSwap/Celeb-DF-v2/id23_id24_0007.mp4,FaceSwap/Celeb-DF-v2,id23,id24,0,0.26091495156288147,-0.26091495156288147,0.0,126.7720947265625,30.0,0.0,0.0,0.010709497146308422,0.027754707261919975,0.005311085842549801,0.009317293763160706
CelebDFv3,/root/Datasets/CelebDFv3/CelebDFv3/FAKE/FaceSwap/GHOST/id23_id4_0007.mp4,FaceSwap/GHOST,id23,id4,0,-0.39122262597084045,0.39122262597084045,0.0,120.09264373779297,30.0,0.0,0.0,0.0117810582742095,0.03492286056280136,0.006505817174911499,0.011413222178816795
CelebDFv3,/root/Datasets/CelebDFv3/CelebDFv3/FAKE/FaceSwap/HifiFace/id23_id27_0006.mp4,FaceSwap/HifiFace,id23,id27,0,3.4580602645874023,-3.4580602645874023,0.0,245.58375549316406,30.0,0.0,0.0,0.010028806515038013,0.0036547149065881968,0.004368199966847897,0.005787863861769438
CelebDFv3,/root/Datasets/CelebDFv3/CelebDFv3/FAKE/FaceSwap/InSwapper/id56_id57_0008.mp4,FaceSwap/InSwapper,id56,id57,0,5.177932262420654,-5.177932262420654,0.0,115.29704284667969,30.0,0.0,0.0,0.00479760579764843,0.003109011799097061,0.002056344412267208,0.0036824916023761034
CelebDFv3,/root/Datasets/CelebDFv3/CelebDFv3/FAKE/FaceSwap/MobileFaceSwap/id26_id33_0006.mp4,FaceSwap/MobileFaceSwap,id26,id33,0,-2.5945889949798584,2.5945889949798584,0.0,262.3165588378906,30.0,1.0,0.03125,0.014673992991447449,0.00504119461402297,0.004727974068373442,0.008609455078840256
CelebDFv3,/root/Datasets/CelebDFv3/CelebDFv3/FAKE/FaceSwap/SimSwap/id56_id55_0001.mp4,FaceSwap/SimSwap,id56,id55,0,-0.8736424446105957,0.8736424446105957,0.0,158.6455535888672,30.0,0.0,0.0,0.003624207805842161,0.009682223200798035,0.0026521659456193447,0.004749485291540623
CelebDFv3,/root/Datasets/CelebDFv3/CelebDFv3/FAKE/FaceSwap/UniFace/id31_id34_0004.mp4,FaceSwap/UniFace,id31,id34,0,7.739371299743652,-7.739371299743652,0.0,207.94573974609375,30.0,0.0,0.0,0.0050278399139642715,0.003176082856953144,0.002275427570566535,0.0040976982563734055
CelebDFv3,/root/Datasets/CelebDFv3/CelebDFv3/FAKE/TalkingFace/AniTalker/id26_0004_test_id05654_veGIQ7p2ZSk.mp4,TalkingFace/AniTalker,id26,,0,3.4655847549438477,-3.4655847549438477,0.0,147.47097778320312,25.0,0.0,0.0,0.009820345789194107,0.005034741945564747,0.0057617854326963425,0.0057617854326963425
CelebDFv3,/root/Datasets/CelebDFv3/CelebDFv3/FAKE/TalkingFace/EDTalk/id25_0007_test_id00926_daYw42Tsdgs.mp4,TalkingFace/EDTalk,id25,,0,-3.463310718536377,3.463310718536377,0.0,241.0957489013672,25.0,0.0,0.0,0.011525633744895458,0.009280625730752945,0.0058463397435843945,0.0058463397435843945
CelebDFv3,/root/Datasets/CelebDFv3/CelebDFv3/FAKE/TalkingFace/EchoMimic/id11_0004_test_id05015_cveAkY4KXUk.mp4,TalkingFace/EchoMimic,id11,,0,0.9583218097686768,-0.9583218097686768,0.0,218.9777069091797,24.0,0.0,0.0,0.005540694575756788,0.00562177412211895,0.004523162264376879,0.004523162264376879
CelebDFv3,/root/Datasets/CelebDFv3/CelebDFv3/FAKE/TalkingFace/FLOAT/id25_0005_test_id01106_6SFpvp42pMA.mp4,TalkingFace/FLOAT,id25,,0,5.65164852142334,-5.65164852142334,0.0,102.8062515258789,25.0,0.0,0.0,0.01644906960427761,0.01417586114257574,0.008336475118994713,0.008336475118994713
CelebDFv3,/root/Datasets/CelebDFv3/CelebDFv3/FAKE/TalkingFace/IP_LAP/id23_0006_test_id02057_QZYXK4dWZoY.mp4,TalkingFace/IP_LAP,id23,,0,13.441388130187988,-13.441388130187988,0.0,226.6948699951172,25.0,0.0,0.0,0.018755869939923286,0.008187292143702507,0.00867295078933239,0.00867295078933239
CelebDFv3,/root/Datasets/CelebDFv3/CelebDFv3/FAKE/TalkingFace/Real3DPortrait/id22_0004_test_id02576_bY-XT2wrs10.mp4,TalkingFace/Real3DPortrait,id22,,0,-2.1490235328674316,2.1490235328674316,0.0,199.1308135986328,25.0,0.0,0.0,0.011310790665447712,0.006337918806821108,0.0050007663667202,0.0050007663667202
CelebDFv3,/root/Datasets/CelebDFv3/CelebDFv3/FAKE/TalkingFace/SadTalker/id59_0007_test_id07621_50AxdGn25as.mp4,TalkingFace/SadTalker,id59,,0,3.52293062210083,-3.52293062210083,0.0,119.60042572021484,25.0,0.0,0.0,0.002887801732867956,0.005074046552181244,0.005778137594461441,0.006163346581161022
CelebDFv3,/root/Datasets/CelebDFv3/CelebDFv3/FAKE/FaceReenact/DaGAN/id8_id1_0003.mp4,FaceReenact/DaGAN,id8,id1,0,-6.8553667068481445,6.8553667068481445,0.0,118.28173828125,30.0,1.0,0.03125,0.012092591263353825,0.005558667704463005,0.006608744617551565,0.006608744617551565
CelebDFv3,/root/Datasets/CelebDFv3/CelebDFv3/FAKE/FaceReenact/FSRT/id59_id61_0004.mp4,FaceReenact/FSRT,id59,id61,0,1.0167627334594727,-1.0167627334594727,0.0,154.65463256835938,20.0,0.0,0.0,0.007867872714996338,0.010697162710130215,0.0053739771246910095,0.0053739771246910095
CelebDFv3,/root/Datasets/CelebDFv3/CelebDFv3/FAKE/FaceReenact/HyperReenact/id23_id16_0007.mp4,FaceReenact/HyperReenact,id23,id16,0,4.242975234985352,-4.242975234985352,0.0,119.02427673339844,25.0,0.0,0.0,0.00166259182151407,0.0018142652697861195,0.0031031433027237654,0.0031031433027237654
CelebDFv3,/root/Datasets/CelebDFv3/CelebDFv3/FAKE/FaceReenact/LIA/id23_id30_0009.mp4,FaceReenact/LIA,id23,id30,0,-0.12744802236557007,0.12744802236557007,0.0,181.99017333984375,30.0,0.0,0.0,0.006946824491024017,0.003102799179032445,0.006812017410993576,0.006812017410993576
CelebDFv3,/root/Datasets/CelebDFv3/CelebDFv3/FAKE/FaceReenact/LivePortrait/id11_id7_0003.mp4,FaceReenact/LivePortrait,id11,id7,0,-11.777753829956055,11.777753829956055,0.0,177.18295288085938,30.0,0.0,0.0,0.006035680882632732,0.011225727386772633,0.0053503126837313175,0.010165594518184662
CelebDFv3,/root/Datasets/CelebDFv3/CelebDFv3/FAKE/FaceReenact/MCNET/id11_id7_0004.mp4,FaceReenact/MCNET,id11,id7,0,2.970437526702881,-2.970437526702881,0.0,205.10726928710938,30.0,0.0,0.0,0.0075974659994244576,0.002951899077743292,0.00551970861852169,0.00551970861852169
CelebDFv3,/root/Datasets/CelebDFv3/CelebDFv3/FAKE/FaceReenact/TPSMM/id11_id7_0003.mp4,FaceReenact/TPSMM,id11,id7,0,-12.644420623779297,12.644420623779297,0.0,175.72254943847656,30.0,0.0,0.0,0.02005656436085701,0.01052031945437193,0.013456126675009727,0.013456126675009727
CelebDFv3,/root/Datasets/CelebDFv3/CelebDFv3/FAKE/FaceSwap/BlendFace/id25_id19_0003.mp4,FaceSwap/BlendFace,id25,id19,0,-4.455100059509277,4.455100059509277,0.0,213.2808380126953,30.0,0.0,0.0,0.008057933300733566,0.007497195620089769,0.002997333649545908,0.005397740285843611
CelebDFv3,/root/Datasets/CelebDFv3/CelebDFv3/FAKE/FaceSwap/Celeb-DF-v2/id48_id43_0008.mp4,FaceSwap/Celeb-DF-v2,id48,id43,0,-18.442607879638672,18.442607879638672,0.0,272.58447265625,30.0,0.0,0.0,0.0025331000797450542,0.0028752461075782776,0.002906645415350795,0.002895018784329295
CelebDFv3,/root/Datasets/CelebDFv3/CelebDFv3/FAKE/FaceSwap/GHOST/id56_id58_0006.mp4,FaceSwap/GHOST,id56,id58,0,5.778992652893066,-5.778992652893066,0.0,94.0085678100586,30.0,0.0,0.0,0.0066724177449941635,0.005367671139538288,0.002002015011385083,0.0035851988941431046
CelebDFv3,/root/Datasets/CelebDFv3/CelebDFv3/FAKE/FaceSwap/HifiFace/id23_id17_0000.mp4,FaceSwap/HifiFace,id23,id17,0,2.885603427886963,-2.885603427886963,0.0,107.8709945678711,30.0,0.0,0.0,0.001850478700362146,0.0019333276432007551,0.0012776623480021954,0.002270803088322282
CelebDFv3,/root/Datasets/CelebDFv3/CelebDFv3/FAKE/FaceSwap/InSwapper/id25_id20_0005.mp4,FaceSwap/InSwapper,id25,id20,0,-0.2855825424194336,0.2855825424194336,0.0,82.89644622802734,30.0,0.0,0.0,0.012318141758441925,0.003110415069386363,0.004870743025094271,0.007228182628750801
CelebDFv3,/root/Datasets/CelebDFv3/CelebDFv3/FAKE/FaceSwap/MobileFaceSwap/id26_id37_0000.mp4,FaceSwap/MobileFaceSwap,id26,id37,0,4.901757717132568,-4.901757717132568,0.0,182.7501220703125,30.0,0.0,0.0,0.0023396380711346865,0.0015297412173822522,0.00233044708147645,0.004186904989182949
CelebDFv3,/root/Datasets/CelebDFv3/CelebDFv3/FAKE/FaceSwap/SimSwap/id25_id23_0000.mp4,FaceSwap/SimSwap,id25,id23,0,-4.894211769104004,4.894211769104004,0.0,152.1471405029297,30.0,0.0,0.0,0.0241487268358469,0.02332475781440735,0.010382568463683128,0.01869742013514042
CelebDFv3,/root/Datasets/CelebDFv3/CelebDFv3/FAKE/FaceSwap/UniFace/id11_id7_0000.mp4,FaceSwap/UniFace,id11,id7,0,-5.514384746551514,5.514384746551514,0.0,79.90252685546875,30.0,1.0,0.15625,0.0037119751796126366,0.003451218130066991,0.003656951244920492,0.003291256260126829
CelebDFv3,/root/Datasets/CelebDFv3/CelebDFv3/FAKE/TalkingFace/AniTalker/id59_0004_test_id05015_0SsJwWGC0c4.mp4,TalkingFace/AniTalker,id59,,0,4.563119411468506,-4.563119411468506,0.0,163.2979278564453,25.0,0.0,0.0,0.007585443556308746,0.005444439128041267,0.005797675810754299,0.005797675810754299
CelebDFv3,/root/Datasets/CelebDFv3/CelebDFv3/FAKE/TalkingFace/EDTalk/id22_0001_test_id06484_oG2N7E2Pu60.mp4,TalkingFace/EDTalk,id22,,0,3.4852468967437744,-3.4852468967437744,0.0,170.94296264648438,25.0,0.0,0.0,0.014083641581237316,0.009548451751470566,0.007141824811697006,0.007141824811697006
CelebDFv3,/root/Datasets/CelebDFv3/CelebDFv3/FAKE/TalkingFace/EchoMimic/id54_0006_test_id01567_vpFlNPO9OGM.mp4,TalkingFace/EchoMimic,id54,,0,-10.194741249084473,10.194741249084473,0.0,200.68296813964844,24.0,0.0,0.0,0.0075531089678406715,0.00841063354164362,0.007256464567035437,0.007256464567035437
CelebDFv3,/root/Datasets/CelebDFv3/CelebDFv3/FAKE/TalkingFace/FLOAT/id25_0007_test_id01618_KHeRiXKiYZ8.mp4,TalkingFace/FLOAT,id25,,0,-1.0152580738067627,1.0152580738067627,0.0,201.12841796875,25.0,0.0,0.0,0.010130009613931179,0.012375972233712673,0.005848496221005917,0.005848496221005917
CelebDFv3,/root/Datasets/CelebDFv3/CelebDFv3/FAKE/TalkingFace/IP_LAP/id25_0008_test_id05459_jOXc0BOahKg.mp4,TalkingFace/IP_LAP,id25,,0,9.454272270202637,-9.454272270202637,0.0,152.77198791503906,25.0,1.0,0.03125,0.024873020127415657,0.006330094300210476,0.018784353509545326,0.018784353509545326
CelebDFv3,/root/Datasets/CelebDFv3/CelebDFv3/FAKE/TalkingFace/Real3DPortrait/id54_0000_test_id08701_tGxy4pUX9Ak.mp4,TalkingFace/Real3DPortrait,id54,,0,0.37306544184684753,-0.37306544184684753,0.0,147.01263427734375,25.0,0.0,0.0,0.008574970066547394,0.005543552339076996,0.008460687473416328,0.008460687473416328
CelebDFv3,/root/Datasets/CelebDFv3/CelebDFv3/FAKE/TalkingFace/SadTalker/id56_0001_test_id01106_mkgP19APekU.mp4,TalkingFace/SadTalker,id56,,0,4.194746017456055,-4.194746017456055,0.0,160.9921875,25.0,0.0,0.0,0.002885273192077875,0.008942265063524246,0.007609518710523844,0.007609518710523844
CelebDFv3,/root/Datasets/CelebDFv3/CelebDFv3/FAKE/FaceReenact/DaGAN/id31_id34_0006.mp4,FaceReenact/DaGAN,id31,id34,0,-3.50538969039917,3.50538969039917,0.0,169.38584899902344,30.0,1.0,0.03125,0.0348234549164772,0.017425475642085075,0.02655903622508049,0.02655903622508049
CelebDFv3,/root/Datasets/CelebDFv3/CelebDFv3/FAKE/FaceReenact/FSRT/id8_id0_0003.mp4,FaceReenact/FSRT,id8,id0,0,-4.706196308135986,4.706196308135986,0.0,133.92848205566406,20.0,0.0,0.0,0.01204611174762249,0.00680861622095108,0.005364836193621159,0.005364836193621159
CelebDFv3,/root/Datasets/CelebDFv3/CelebDFv3/FAKE/FaceReenact/HyperReenact/id26_id3_0008.mp4,FaceReenact/HyperReenact,id26,id3,0,0.02889278531074524,-0.02889278531074524,0.0,143.6194305419922,25.0,0.0,0.0,0.0031776661053299904,0.0022422249894589186,0.00512974988669157,0.00512974988669157
CelebDFv3,/root/Datasets/CelebDFv3/CelebDFv3/FAKE/FaceReenact/LIA/id31_id1_0001.mp4,FaceReenact/LIA,id31,id1,0,7.492621421813965,-7.492621421813965,0.0,132.6299591064453,30.0,1.0,0.171875,0.013090117834508419,0.003623506985604763,0.010687579400837421,0.010687579400837421
CelebDFv3,/root/Datasets/CelebDFv3/CelebDFv3/FAKE/FaceReenact/LivePortrait/id31_id35_0007.mp4,FaceReenact/LivePortrait,id31,id35,0,-8.247756958007812,8.247756958007812,0.0,281.68463134765625,30.0,0.0,0.0,0.02340729348361492,0.010159499011933804,0.014328776858747005,0.02580394223332405
CelebDFv3,/root/Datasets/CelebDFv3/CelebDFv3/FAKE/FaceReenact/MCNET/id22_id24_0009.mp4,FaceReenact/MCNET,id22,id24,0,2.4918341636657715,-2.4918341636657715,0.0,123.6666259765625,30.0,1.0,0.125,0.0063492716290056705,0.005954831838607788,0.006131359841674566,0.006131359841674566
CelebDFv3,/root/Datasets/CelebDFv3/CelebDFv3/FAKE/FaceReenact/TPSMM/id51_id54_0002.mp4,FaceReenact/TPSMM,id51,id54,0,9.684616088867188,-9.684616088867188,0.0,109.38626098632812,30.0,0.0,0.0,0.011623064056038857,0.016090460121631622,0.008001601323485374,0.008001601323485374
CelebDFv3,/root/Datasets/CelebDFv3/CelebDFv3/FAKE/FaceSwap/BlendFace/id26_id30_0001.mp4,FaceSwap/BlendFace,id26,id30,0,0.5868743062019348,-0.5868743062019348,0.0,128.64405822753906,30.0,0.0,0.0,0.0196171123534441,0.016854997724294662,0.004292219877243042,0.0077114468440413475
CelebDFv3,/root/Datasets/CelebDFv3/CelebDFv3/FAKE/FaceSwap/Celeb-DF-v2/id31_id1_0002.mp4,FaceSwap/Celeb-DF-v2,id31,id1,0,3.784430980682373,-3.784430980682373,0.0,161.5855255126953,30.0,0.0,0.0,0.019596124067902565,0.03997344896197319,0.014482621103525162,0.026080992072820663
CelebDFv3,/root/Datasets/CelebDFv3/CelebDFv3/FAKE/FaceSwap/GHOST/id31_id32_0001.mp4,FaceSwap/GHOST,id31,id32,0,7.563991546630859,-7.563991546630859,0.0,150.5871124267578,30.0,0.0,0.0,0.0023127796594053507,0.0028151299338787794,0.0025199437513947487,0.004538034088909626
CelebDFv3,/root/Datasets/CelebDFv3/CelebDFv3/FAKE/FaceSwap/HifiFace/id31_id37_0002.mp4,FaceSwap/HifiFace,id31,id37,0,4.674354553222656,-4.674354553222656,0.0,148.220458984375,30.0,0.0,0.0,0.0207226425409317,0.044147685170173645,0.01412193663418293,0.025431456044316292
CelebDFv3,/root/Datasets/CelebDFv3/CelebDFv3/FAKE/FaceSwap/InSwapper/id22_id21_0002.mp4,FaceSwap/InSwapper,id22,id21,0,-0.2184714674949646,0.2184714674949646,0.0,125.09487915039062,30.0,0.0,0.0,0.006083940155804157,0.009434517472982407,0.003872940316796303,0.006883419118821621
CelebDFv3,/root/Datasets/CelebDFv3/CelebDFv3/FAKE/FaceSwap/MobileFaceSwap/id23_id28_0001.mp4,FaceSwap/MobileFaceSwap,id23,id28,0,7.667679309844971,-7.667679309844971,0.0,119.52149200439453,30.0,0.0,0.0,0.002393594942986965,0.003622162388637662,0.0019451341358944774,0.003457108046859503
CelebDFv3,/root/Datasets/CelebDFv3/CelebDFv3/FAKE/FaceSwap/SimSwap/id31_id29_0007.mp4,FaceSwap/SimSwap,id31,id29,0,-14.047372817993164,14.047372817993164,0.0,337.57623291015625,30.0,1.0,0.3125,0.04331555217504501,0.012979044578969479,0.02613329514861107,0.04706207662820816
CelebDFv3,/root/Datasets/CelebDFv3/CelebDFv3/FAKE/FaceSwap/UniFace/id23_id3_0002.mp4,FaceSwap/UniFace,id23,id3,0,-1.3040616512298584,1.3040616512298584,0.0,98.75935363769531,30.0,0.0,0.0,0.009395101107656956,0.010951737873256207,0.004328967072069645,0.007693920284509659
CelebDFv3,/root/Datasets/CelebDFv3/CelebDFv3/FAKE/TalkingFace/AniTalker/id31_0002_test_id05015_wFizOLE3-qM.mp4,TalkingFace/AniTalker,id31,,0,12.668437004089355,-12.668437004089355,0.0,167.04391479492188,25.0,0.0,0.0,0.006220309529453516,0.004520885180681944,0.010924454778432846,0.010924454778432846
CelebDFv3,/root/Datasets/CelebDFv3/CelebDFv3/FAKE/TalkingFace/EDTalk/id59_0004_test_id01509_asrGhE2enzQ.mp4,TalkingFace/EDTalk,id59,,0,9.066808700561523,-9.066808700561523,0.0,180.4323272705078,25.0,0.0,0.0,0.013033859431743622,0.014700537547469139,0.007352054119110107,0.007352054119110107
CelebDFv3,/root/Datasets/CelebDFv3/CelebDFv3/FAKE/TalkingFace/EchoMimic/id25_0004_test_id01509_I6T7sh7T2lU.mp4,TalkingFace/EchoMimic,id25,,0,1.9499542713165283,-1.9499542713165283,0.0,125.68522644042969,24.0,0.0,0.0,0.008915400132536888,0.008224891498684883,0.006960702128708363,0.006960702128708363
CelebDFv3,/root/Datasets/CelebDFv3/CelebDFv3/FAKE/TalkingFace/FLOAT/id48_0006_test_id04094_iuzHh5LLoUo.mp4,TalkingFace/FLOAT,id48,,0,4.633215427398682,-4.633215427398682,0.0,109.40192413330078,25.0,0.0,0.0,0.015562931075692177,0.010124320164322853,0.01005119550973177,0.01005119550973177
CelebDFv3,/root/Datasets/CelebDFv3/CelebDFv3/FAKE/TalkingFace/IP_LAP/id56_0003_test_id07868_G6yM82HVOKI.mp4,TalkingFace/IP_LAP,id56,,0,-3.0059804916381836,3.0059804916381836,0.0,110.9771957397461,25.0,0.0,0.0,0.020345304161310196,0.010063324123620987,0.00818729493767023,0.00818729493767023
CelebDFv3,/root/Datasets/CelebDFv3/CelebDFv3/FAKE/TalkingFace/Real3DPortrait/id26_0003_test_id04657_noCOJeNKpOM.mp4,TalkingFace/Real3DPortrait,id26,,0,3.952601432800293,-3.952601432800293,0.0,370.2595520019531,25.0,0.0,0.0,0.012059182859957218,0.005440312437713146,0.005146732088178396,0.005146732088178396
CelebDFv3,/root/Datasets/CelebDFv3/CelebDFv3/FAKE/TalkingFace/SadTalker/id25_0006_test_id03347_iLd-6KT2Y2Q.mp4,TalkingFace/SadTalker,id25,,0,-8.794428825378418,8.794428825378418,0.0,402.94659423828125,25.0,0.0,0.0,0.002898586681112647,0.0061669545248150826,0.007126425858587027,0.007126425858587027
CelebDFv3,/root/Datasets/CelebDFv3/CelebDFv3/FAKE/FaceReenact/DaGAN/id26_id0_0001.mp4,FaceReenact/DaGAN,id26,id0,0,-2.076777458190918,2.076777458190918,0.0,142.46212768554688,30.0,1.0,0.21875,0.019021213054656982,0.01423836499452591,0.012442350387573242,0.012442350387573242
CelebDFv3,/root/Datasets/CelebDFv3/CelebDFv3/FAKE/FaceReenact/FSRT/id23_id29_0001.mp4,FaceReenact/FSRT,id23,id29,0,-2.67364501953125,2.67364501953125,0.0,101.27566528320312,20.0,1.0,0.046875,0.022402875125408173,0.0086749866604805,0.013045252300798893,0.013045252300798893
CelebDFv3,/root/Datasets/CelebDFv3/CelebDFv3/FAKE/FaceReenact/HyperReenact/id26_id25_0001.mp4,FaceReenact/HyperReenact,id26,id25,0,-0.5858711004257202,0.5858711004257202,0.0,118.53984069824219,25.0,0.0,0.0,0.004263957031071186,0.002719174139201641,0.008538838475942612,0.008538838475942612
CelebDFv3,/root/Datasets/CelebDFv3/CelebDFv3/FAKE/FaceReenact/LIA/id23_id30_0006.mp4,FaceReenact/LIA,id23,id30,0,9.749072074890137,-9.749072074890137,0.0,151.4825439453125,30.0,0.0,0.0,0.014846744015812874,0.009926991537213326,0.009731139987707138,0.009731139987707138
CelebDFv3,/root/Datasets/CelebDFv3/CelebDFv3/FAKE/FaceReenact/LivePortrait/id26_id2_0009.mp4,FaceReenact/LivePortrait,id26,id2,0,-3.1678431034088135,3.1678431034088135,0.0,147.2632293701172,30.0,1.0,0.390625,0.0036219744943082333,0.0036405911669135094,0.003559306263923645,0.006481356918811798
CelebDFv3,/root/Datasets/CelebDFv3/CelebDFv3/FAKE/FaceReenact/MCNET/id8_id7_0008.mp4,FaceReenact/MCNET,id8,id7,0,-2.768075942993164,2.768075942993164,0.0,132.60385131835938,30.0,0.0,0.0,0.004905772861093283,0.0019475447479635477,0.0046997517347335815,0.0046997517347335815
CelebDFv3,/root/Datasets/CelebDFv3/CelebDFv3/FAKE/FaceReenact/TPSMM/id31_id33_0005.mp4,FaceReenact/TPSMM,id31,id33,0,4.566504001617432,-4.566504001617432,0.0,126.33598327636719,30.0,1.0,0.125,0.046504341065883636,0.011287962086498737,0.04239187389612198,0.04239187389612198
CelebDFv3,/root/Datasets/CelebDFv3/CelebDFv3/FAKE/FaceSwap/BlendFace/id31_id35_0007.mp4,FaceSwap/BlendFace,id31,id35,0,-10.872735977172852,10.872735977172852,0.0,327.8689880371094,30.0,1.0,0.0625,0.022120654582977295,0.0034033835399895906,0.02373681403696537,0.04274638742208481
CelebDFv3,/root/Datasets/CelebDFv3/CelebDFv3/FAKE/FaceSwap/Celeb-DF-v2/id11_id7_0002.mp4,FaceSwap/Celeb-DF-v2,id11,id7,0,-0.6942303776741028,0.6942303776741028,0.0,109.51335144042969,30.0,0.0,0.0,0.0034373756498098373,0.003268836298957467,0.0019686513114720583,0.003803434781730175
CelebDFv3,/root/Datasets/CelebDFv3/CelebDFv3/FAKE/FaceSwap/GHOST/id31_id35_0006.mp4,FaceSwap/GHOST,id31,id35,0,-0.559673547744751,0.559673547744751,0.0,236.68170166015625,30.0,0.0,0.0,0.004856944549828768,0.010721099562942982,0.004084327723830938,0.007355251349508762
CelebDFv3,/root/Datasets/CelebDFv3/CelebDFv3/FAKE/FaceSwap/HifiFace/id23_id19_0009.mp4,FaceSwap/HifiFace,id23,id19,0,-1.2824070453643799,1.2824070453643799,0.0,148.24671936035156,30.0,0.0,0.0,0.004104450810700655,0.0039016627706587315,0.003680518828332424,0.004873006604611874
CelebDFv3,/root/Datasets/CelebDFv3/CelebDFv3/FAKE/FaceSwap/InSwapper/id26_id37_0000.mp4,FaceSwap/InSwapper,id26,id37,0,0.6677358150482178,-0.6677358150482178,0.0,177.84005737304688,30.0,0.0,0.0,0.0022874141577631235,0.0015247177798300982,0.0020092716440558434,0.0036098777782171965
CelebDFv3,/root/Datasets/CelebDFv3/CelebDFv3/FAKE/FaceSwap/MobileFaceSwap/id31_id2_0001.mp4,FaceSwap/MobileFaceSwap,id31,id2,0,7.580177307128906,-7.580177307128906,0.0,147.5956573486328,30.0,0.0,0.0,0.002354135736823082,0.0027712639421224594,0.0019028856186196208,0.003426807001233101
CelebDFv3,/root/Datasets/CelebDFv3/CelebDFv3/FAKE/FaceSwap/SimSwap/id25_id28_0002.mp4,FaceSwap/SimSwap,id25,id28,0,6.792567253112793,-6.792567253112793,0.0,139.9893798828125,30.0,0.0,0.0,0.008113009855151176,0.013053719885647297,0.0026993744540959597,0.004861161112785339
CelebDFv3,/root/Datasets/CelebDFv3/CelebDFv3/FAKE/FaceSwap/UniFace/id23_id32_0007.mp4,FaceSwap/UniFace,id23,id32,0,0.7517032623291016,-0.7517032623291016,0.0,124.7347183227539,30.0,0.0,0.0,0.011660285294055939,0.023869050666689873,0.005981903523206711,0.010494114831089973
CelebDFv3,/root/Datasets/CelebDFv3/CelebDFv3/FAKE/TalkingFace/AniTalker/id22_0005_test_id05714_wFGNufaMbDY.mp4,TalkingFace/AniTalker,id22,,0,2.3449289798736572,-2.3449289798736572,0.0,115.19464874267578,25.0,0.0,0.0,0.0034353414084762335,0.002485661767423153,0.004062483087182045,0.004062483087182045
CelebDFv3,/root/Datasets/CelebDFv3/CelebDFv3/FAKE/TalkingFace/EDTalk/id11_0007_test_id00081_OP-1HtS2Jmo.mp4,TalkingFace/EDTalk,id11,,0,-6.440777778625488,6.440777778625488,0.0,152.8048095703125,25.0,0.0,0.0,0.011220232583582401,0.009104814380407333,0.009421695955097675,0.009421695955097675
CelebDFv3,/root/Datasets/CelebDFv3/CelebDFv3/FAKE/TalkingFace/EchoMimic/id11_0008_test_id05124_uPPqcWVd-dg.mp4,TalkingFace/EchoMimic,id11,,0,7.096714019775391,-7.096714019775391,0.0,113.0071792602539,24.0,0.0,0.0,0.008816749788820744,0.00714587839320302,0.008807073347270489,0.008807073347270489
CelebDFv3,/root/Datasets/CelebDFv3/CelebDFv3/FAKE/TalkingFace/FLOAT/id8_0001_test_id00926_KV8f4Uucosc.mp4,TalkingFace/FLOAT,id8,,0,2.6897246837615967,-2.6897246837615967,0.0,215.4185791015625,25.0,0.0,0.0,0.016326354816555977,0.009910047054290771,0.009685639292001724,0.009685639292001724
CelebDFv3,/root/Datasets/CelebDFv3/CelebDFv3/FAKE/TalkingFace/IP_LAP/id59_0004_test_id05015_0SsJwWGC0c4.mp4,TalkingFace/IP_LAP,id59,,0,0.8096833229064941,-0.8096833229064941,0.0,144.2923583984375,25.0,0.0,0.0,0.022438570857048035,0.009129634127020836,0.0052459402941167355,0.0052459402941167355
CelebDFv3,/root/Datasets/CelebDFv3/CelebDFv3/FAKE/TalkingFace/Real3DPortrait/id8_0003_test_id04627_IjO3LUCaYLE.mp4,TalkingFace/Real3DPortrait,id8,,0,-3.5311830043792725,3.5311830043792725,0.0,162.0679931640625,25.0,1.0,0.015625,0.01202242262661457,0.005957415793091059,0.00781045388430357,0.00781045388430357
CelebDFv3,/root/Datasets/CelebDFv3/CelebDFv3/FAKE/TalkingFace/SadTalker/id11_0006_test_id01509_XmSD0fC9gX4.mp4,TalkingFace/SadTalker,id11,,0,4.886961460113525,-4.886961460113525,0.0,133.36952209472656,25.0,0.0,0.0,0.003999456763267517,0.007138965651392937,0.007854923605918884,0.007854923605918884
CelebDFv3,/root/Datasets/CelebDFv3/CelebDFv3/FAKE/FaceReenact/DaGAN/id26_id30_0000.mp4,FaceReenact/DaGAN,id26,id30,0,4.59867525100708,-4.59867525100708,0.0,150.1085205078125,30.0,1.0,0.03125,0.020643049851059914,0.01104923989623785,0.01352910976856947,0.01352910976856947
CelebDFv3,/root/Datasets/CelebDFv3/CelebDFv3/FAKE/FaceReenact/FSRT/id31_id38_0006.mp4,FaceReenact/FSRT,id31,id38,0,-1.2006604671478271,1.2006604671478271,0.0,159.9629364013672,20.0,0.0,0.0,0.007832236588001251,0.0046715568751096725,0.005707274656742811,0.005707274656742811
CelebDFv3,/root/Datasets/CelebDFv3/CelebDFv3/FAKE/FaceReenact/HyperReenact/id48_id39_0007.mp4,FaceReenact/HyperReenact,id48,id39,0,1.2526633739471436,-1.2526633739471436,0.0,119.21894073486328,25.0,0.0,0.0,0.0031196181662380695,0.002975465962663293,0.0060669113881886005,0.0060669113881886005
CelebDFv3,/root/Datasets/CelebDFv3/CelebDFv3/FAKE/FaceReenact/LIA/id56_id58_0002.mp4,FaceReenact/LIA,id56,id58,0,3.3967578411102295,-3.3967578411102295,0.0,121.9954605102539,30.0,0.0,0.0,0.009702331386506557,0.007482729386538267,0.008319647051393986,0.008319647051393986
CelebDFv3,/root/Datasets/CelebDFv3/CelebDFv3/FAKE/FaceReenact/LivePortrait/id23_id32_0007.mp4,FaceReenact/LivePortrait,id23,id32,0,-1.226438045501709,1.226438045501709,0.0,228.8486785888672,30.0,0.0,0.0,0.0018839521799236536,0.00685664638876915,0.002721558790653944,0.004774458706378937
CelebDFv3,/root/Datasets/CelebDFv3/CelebDFv3/FAKE/FaceReenact/MCNET/id23_id27_0000.mp4,FaceReenact/MCNET,id23,id27,0,6.057073593139648,-6.057073593139648,0.0,130.22259521484375,30.0,0.0,0.0,0.021522531285881996,0.010494190268218517,0.007815449498593807,0.007815449498593807
CelebDFv3,/root/Datasets/CelebDFv3/CelebDFv3/FAKE/FaceReenact/TPSMM/id23_id33_0004.mp4,FaceReenact/TPSMM,id23,id33,0,-0.9906717538833618,0.9906717538833618,0.0,149.48155212402344,30.0,1.0,0.109375,0.016475968062877655,0.0074266064912080765,0.012886302545666695,0.012886302545666695
CelebDFv3,/root/Datasets/CelebDFv3/CelebDFv3/FAKE/FaceSwap/BlendFace/id23_id24_0009.mp4,FaceSwap/BlendFace,id23,id24,0,1.9047632217407227,-1.9047632217407227,0.0,163.6830596923828,30.0,0.0,0.0,0.004250281490385532,0.004263589158654213,0.002965714782476425,0.003926606383174658
CelebDFv3,/root/Datasets/CelebDFv3/CelebDFv3/FAKE/FaceSwap/Celeb-DF-v2/id31_id2_0005.mp4,FaceSwap/Celeb-DF-v2,id31,id2,0,1.6563951969146729,-1.6563951969146729,0.0,140.8776092529297,30.0,0.0,0.0,0.005822385661303997,0.004267184995114803,0.002106758998706937,0.0037939518224447966
CelebDFv3,/root/Datasets/CelebDFv3/CelebDFv3/FAKE/FaceSwap/GHOST/id23_id17_0006.mp4,FaceSwap/GHOST,id23,id17,0,2.302764654159546,-2.302764654159546,0.0,253.85862731933594,30.0,0.0,0.0,0.006148109678179026,0.0036631454713642597,0.0022275776136666536,0.0029515402857214212
CelebDFv3,/root/Datasets/CelebDFv3/CelebDFv3/FAKE/FaceSwap/HifiFace/id25_id22_0003.mp4,FaceSwap/HifiFace,id25,id22,0,-3.642765998840332,3.642765998840332,0.0,203.1694793701172,30.0,0.0,0.0,0.008363532833755016,0.00766138406470418,0.0023403759114444256,0.004214659798890352
CelebDFv3,/root/Datasets/CelebDFv3/CelebDFv3/FAKE/FaceSwap/InSwapper/id26_id17_0000.mp4,FaceSwap/InSwapper,id26,id17,0,-2.412376642227173,2.412376642227173,0.0,183.65328979492188,30.0,0.0,0.0,0.0021992470137774944,0.0013723004376515746,0.002430291147902608,0.004366286098957062
CelebDFv3,/root/Datasets/CelebDFv3/CelebDFv3/FAKE/FaceSwap/MobileFaceSwap/id31_id30_0005.mp4,FaceSwap/MobileFaceSwap,id31,id30,0,7.613144874572754,-7.613144874572754,0.0,126.15772247314453,30.0,0.0,0.0,0.005016736686229706,0.0044484855607151985,0.001898103510029614,0.0034181950613856316
CelebDFv3,/root/Datasets/CelebDFv3/CelebDFv3/FAKE/FaceSwap/SimSwap/id23_id16_0009.mp4,FaceSwap/SimSwap,id23,id16,0,-2.5002312660217285,2.5002312660217285,0.0,149.99522399902344,30.0,0.0,0.0,0.004385789856314659,0.004424440674483776,0.0033726952970027924,0.004465449135750532
CelebDFv3,/root/Datasets/CelebDFv3/CelebDFv3/FAKE/FaceSwap/UniFace/id23_id6_0005.mp4,FaceSwap/UniFace,id23,id6,0,5.58814811706543,-5.58814811706543,0.0,120.09488677978516,30.0,0.0,0.0,0.006456449627876282,0.0021907035261392593,0.0035021344665437937,0.007168798707425594
CelebDFv3,/root/Datasets/CelebDFv3/CelebDFv3/FAKE/TalkingFace/AniTalker/id31_0007_test_id05459_7UxF1t_taDk.mp4,TalkingFace/AniTalker,id31,,0,0.5783956050872803,-0.5783956050872803,0.0,247.3992156982422,25.0,0.0,0.0,0.003851487534120679,0.003969172947108746,0.004694254137575626,0.004694254137575626
CelebDFv3,/root/Datasets/CelebDFv3/CelebDFv3/FAKE/TalkingFace/EDTalk/id59_0008_test_id07494_ebeMtxwdAVc.mp4,TalkingFace/EDTalk,id59,,0,7.682168483734131,-7.682168483734131,0.0,109.80079650878906,25.0,0.0,0.0,0.012084532529115677,0.00948561355471611,0.005376520566642284,0.005376520566642284
CelebDFv3,/root/Datasets/CelebDFv3/CelebDFv3/FAKE/TalkingFace/EchoMimic/id25_0002_test_id03030_eq4Q6pmablc.mp4,TalkingFace/EchoMimic,id25,,0,0.3646509647369385,-0.3646509647369385,0.0,238.39544677734375,24.0,0.0,0.0,0.007620558608323336,0.01088513620197773,0.00715182488784194,0.00715182488784194
CelebDFv3,/root/Datasets/CelebDFv3/CelebDFv3/FAKE/TalkingFace/FLOAT/id11_0008_test_id07802_qmTmtDbel1M.mp4,TalkingFace/FLOAT,id11,,0,9.883795738220215,-9.883795738220215,0.0,107.46334075927734,25.0,0.0,0.0,0.0176162701100111,0.007722566835582256,0.008321579545736313,0.008321579545736313
CelebDFv3,/root/Datasets/CelebDFv3/CelebDFv3/FAKE/TalkingFace/IP_LAP/id51_0000_test_id03178_O13kGQ2rTE8.mp4,TalkingFace/IP_LAP,id51,,0,6.679800033569336,-6.679800033569336,0.0,91.07416534423828,25.0,0.0,0.0,0.042496368288993835,0.011268128640949726,0.015357851050794125,0.015357851050794125
CelebDFv3,/root/Datasets/CelebDFv3/CelebDFv3/FAKE/TalkingFace/Real3DPortrait/id8_0007_test_id05176_zTGzM2koGAQ.mp4,TalkingFace/Real3DPortrait,id8,,0,5.148778915405273,-5.148778915405273,0.0,177.7634735107422,25.0,0.0,0.0,0.0062104882672429085,0.0054733892902731895,0.005084353033453226,0.005084353033453226
CelebDFv3,/root/Datasets/CelebDFv3/CelebDFv3/FAKE/TalkingFace/SadTalker/id48_0001_test_id05055_cZZMU1w_HO4.mp4,TalkingFace/SadTalker,id48,,0,-7.811028003692627,7.811028003692627,0.0,115.19744110107422,25.0,0.0,0.0,0.001834843191318214,0.007108157966285944,0.004683083854615688,0.004683083854615688
CelebDFv3,/root/Datasets/CelebDFv3/CelebDFv3/FAKE/FaceReenact/DaGAN/id48_id41_0006.mp4,FaceReenact/DaGAN,id48,id41,0,2.1736273765563965,-2.1736273765563965,0.0,112.98822021484375,30.0,1.0,0.078125,0.004564783535897732,0.0025073871947824955,0.007797929458320141,0.007797929458320141
CelebDFv3,/root/Datasets/CelebDFv3/CelebDFv3/FAKE/FaceReenact/FSRT/id23_id9_0009.mp4,FaceReenact/FSRT,id23,id9,0,2.7599833011627197,-2.7599833011627197,0.0,139.1449432373047,20.0,0.0,0.0,0.016398997977375984,0.012977702543139458,0.020763292908668518,0.020763292908668518
CelebDFv3,/root/Datasets/CelebDFv3/CelebDFv3/FAKE/FaceReenact/HyperReenact/id31_id9_0003.mp4,FaceReenact/HyperReenact,id31,id9,0,-6.23286247253418,6.23286247253418,0.0,138.68603515625,25.0,0.0,0.0,0.0037690107710659504,0.0022801272571086884,0.006484720855951309,0.006484720855951309
CelebDFv3,/root/Datasets/CelebDFv3/CelebDFv3/FAKE/FaceReenact/LIA/id26_id16_0003.mp4,FaceReenact/LIA,id26,id16,0,-5.101618766784668,5.101618766784668,0.0,292.2571105957031,30.0,1.0,0.125,0.015297519974410534,0.003214452415704727,0.013344639912247658,0.013344639912247658
CelebDFv3,/root/Datasets/CelebDFv3/CelebDFv3/FAKE/FaceReenact/LivePortrait/id26_id38_0002.mp4,FaceReenact/LivePortrait,id26,id38,0,-0.12594124674797058,0.12594124674797058,0.0,82.88246154785156,30.0,1.0,0.0625,0.018944045528769493,0.017017722129821777,0.017267869785428047,0.031023629009723663
CelebDFv3,/root/Datasets/CelebDFv3/CelebDFv3/FAKE/FaceReenact/MCNET/id23_id6_0005.mp4,FaceReenact/MCNET,id23,id6,0,8.992746353149414,-8.992746353149414,0.0,109.80277252197266,30.0,0.0,0.0,0.012690624222159386,0.013888133689761162,0.005948282778263092,0.005948282778263092
CelebDFv3,/root/Datasets/CelebDFv3/CelebDFv3/FAKE/FaceReenact/TPSMM/id51_id58_0004.mp4,FaceReenact/TPSMM,id51,id58,0,6.830992698669434,-6.830992698669434,0.0,127.50147247314453,30.0,1.0,0.109375,0.007343337405472994,0.0076119559817016125,0.004347446374595165,0.004347446374595165
CelebDFv3,/root/Datasets/CelebDFv3/CelebDFv3/FAKE/FaceSwap/BlendFace/id26_id31_0008.mp4,FaceSwap/BlendFace,id26,id31,0,-1.0771763324737549,1.0771763324737549,0.0,171.77911376953125,30.0,0.0,0.0,0.0063142962753772736,0.004798639100044966,0.003402367699891329,0.006195577792823315
CelebDFv3,/root/Datasets/CelebDFv3/CelebDFv3/FAKE/FaceSwap/Celeb-DF-v2/id25_id20_0002.mp4,FaceSwap/Celeb-DF-v2,id25,id20,0,3.968566417694092,-3.968566417694092,0.0,130.68296813964844,30.0,0.0,0.0,0.01036141812801361,0.020840594545006752,0.0031137687619775534,0.005607422906905413
CelebDFv3,/root/Datasets/CelebDFv3/CelebDFv3/FAKE/FaceSwap/GHOST/id22_id21_0004.mp4,FaceSwap/GHOST,id22,id21,0,-2.311232328414917,2.311232328414917,0.0,174.272705078125,30.0,0.0,0.0,0.0030240672640502453,0.001993018202483654,0.0012536259600892663,0.002228083088994026
CelebDFv3,/root/Datasets/CelebDFv3/CelebDFv3/FAKE/FaceSwap/HifiFace/id26_id28_0004.mp4,FaceSwap/HifiFace,id26,id28,0,1.4985806941986084,-1.4985806941986084,0.0,128.52377319335938,30.0,0.0,0.0,0.0036748640704900026,0.007347533479332924,0.0023502791300415993,0.004222535062581301
CelebDFv3,/root/Datasets/CelebDFv3/CelebDFv3/FAKE/FaceSwap/InSwapper/id51_id50_0007.mp4,FaceSwap/InSwapper,id51,id50,0,-3.9260692596435547,3.9260692596435547,0.0,157.51779174804688,30.0,0.0,0.0,0.0033393423072993755,0.0033045990858227015,0.0017054437194019556,0.003054100088775158
CelebDFv3,/root/Datasets/CelebDFv3/CelebDFv3/FAKE/FaceSwap/MobileFaceSwap/id31_id1_0007.mp4,FaceSwap/MobileFaceSwap,id31,id1,0,-7.440313339233398,7.440313339233398,0.0,243.47134399414062,30.0,0.0,0.0,0.00931194331496954,0.003497661557048559,0.004471911583095789,0.008053231053054333
CelebDFv3,/root/Datasets/CelebDFv3/CelebDFv3/FAKE/FaceSwap/SimSwap/id51_id57_0008.mp4,FaceSwap/SimSwap,id51,id57,0,-2.930602550506592,2.930602550506592,0.0,103.99028778076172,30.0,0.0,0.0,0.0039013333152979612,0.004683895967900753,0.0048217009752988815,0.008634677156805992
CelebDFv3,/root/Datasets/CelebDFv3/CelebDFv3/FAKE/FaceSwap/UniFace/id31_id3_0000.mp4,FaceSwap/UniFace,id31,id3,0,-0.6656644344329834,0.6656644344329834,0.0,124.88246154785156,30.0,0.0,0.0,0.0033830516040325165,0.006682165898382664,0.0025975345633924007,0.00467776320874691
CelebDFv3,/root/Datasets/CelebDFv3/CelebDFv3/FAKE/TalkingFace/AniTalker/id59_0009_test_id01541_dEmuPb4A7do.mp4,TalkingFace/AniTalker,id59,,0,9.935396194458008,-9.935396194458008,0.0,173.40505981445312,25.0,0.0,0.0,0.0049496847204864025,0.0030198334716260433,0.004284776281565428,0.004284776281565428
CelebDFv3,/root/Datasets/CelebDFv3/CelebDFv3/FAKE/TalkingFace/EDTalk/id51_0005_test_id04478_c0nsCu5jxLk.mp4,TalkingFace/EDTalk,id51,,0,-3.9890389442443848,3.9890389442443848,0.0,156.2120819091797,25.0,0.0,0.0,0.00974215753376484,0.00964138563722372,0.007003136444836855,0.007003136444836855
CelebDFv3,/root/Datasets/CelebDFv3/CelebDFv3/FAKE/TalkingFace/EchoMimic/id56_0000_test_id04862_oKjLVc6gbbo.mp4,TalkingFace/EchoMimic,id56,,0,4.1250810623168945,-4.1250810623168945,0.0,142.68434143066406,24.0,0.0,0.0,0.004872789140790701,0.008283331990242004,0.006639505736529827,0.006639505736529827
CelebDFv3,/root/Datasets/CelebDFv3/CelebDFv3/FAKE/TalkingFace/FLOAT/id31_0007_test_id05459_7UxF1t_taDk.mp4,TalkingFace/FLOAT,id31,,0,-5.448137283325195,5.448137283325195,0.0,295.146240234375,25.0,0.0,0.0,0.023807693272829056,0.0067984177730977535,0.014870813116431236,0.014870813116431236
CelebDFv3,/root/Datasets/CelebDFv3/CelebDFv3/FAKE/TalkingFace/IP_LAP/id22_0001_test_id01298_tAQVEmDyrPs.mp4,TalkingFace/IP_LAP,id22,,0,4.055339813232422,-4.055339813232422,0.0,126.8321762084961,25.0,0.0,0.0,0.005523580126464367,0.00882407370954752,0.005303824320435524,0.005303824320435524
CelebDFv3,/root/Datasets/CelebDFv3/CelebDFv3/FAKE/TalkingFace/Real3DPortrait/id59_0006_test_id04657_dn4XY5c6mEw.mp4,TalkingFace/Real3DPortrait,id59,,0,15.453774452209473,-15.453774452209473,0.0,125.51473236083984,25.0,0.0,0.0,0.013844882138073444,0.004518631845712662,0.005777440965175629,0.005777440965175629
CelebDFv3,/root/Datasets/CelebDFv3/CelebDFv3/FAKE/TalkingFace/SadTalker/id31_0004_test_id07426_s747isSlMFU.mp4,TalkingFace/SadTalker,id31,,0,16.563270568847656,-16.563270568847656,0.0,312.7068176269531,25.0,0.0,0.0,0.003439099993556738,0.004516586195677519,0.003920078277587891,0.003920078277587891
CelebDFv3,/root/Datasets/CelebDFv3/CelebDFv3/FAKE/FaceReenact/DaGAN/id51_id58_0008.mp4,FaceReenact/DaGAN,id51,id58,0,-2.2077813148498535,2.2077813148498535,0.0,119.5444564819336,30.0,0.0,0.0,0.006244146265089512,0.0049277436919510365,0.006625776644796133,0.006625776644796133
CelebDFv3,/root/Datasets/CelebDFv3/CelebDFv3/FAKE/FaceReenact/FSRT/id8_id2_0003.mp4,FaceReenact/FSRT,id8,id2,0,0.07599997520446777,-0.07599997520446777,0.0,127.95870971679688,20.0,1.0,0.03125,0.008247682824730873,0.0053254179656505585,0.011229844763875008,0.011229844763875008
CelebDFv3,/root/Datasets/CelebDFv3/CelebDFv3/FAKE/FaceReenact/HyperReenact/id22_id21_0004.mp4,FaceReenact/HyperReenact,id22,id21,0,1.807770013809204,-1.807770013809204,0.0,119.87486267089844,25.0,0.0,0.0,0.0024408665485680103,0.0015431983629241586,0.0027126530185341835,0.0027126530185341835
CelebDFv3,/root/Datasets/CelebDFv3/CelebDFv3/FAKE/FaceReenact/LIA/id31_id37_0007.mp4,FaceReenact/LIA,id31,id37,0,-5.654463768005371,5.654463768005371,0.0,351.4941101074219,30.0,1.0,0.0625,0.008051476441323757,0.008828302845358849,0.012620702385902405,0.012620702385902405
CelebDFv3,/root/Datasets/CelebDFv3/CelebDFv3/FAKE/FaceReenact/LivePortrait/id23_id31_0002.mp4,FaceReenact/LivePortrait,id23,id31,0,0.4049590826034546,-0.4049590826034546,0.0,117.31529235839844,30.0,0.0,0.0,0.002675628988072276,0.001573254237882793,0.0031782882288098335,0.005648806691169739
CelebDFv3,/root/Datasets/CelebDFv3/CelebDFv3/FAKE/FaceReenact/MCNET/id25_id21_0002.mp4,FaceReenact/MCNET,id25,id21,0,0.496664822101593,-0.496664822101593,0.0,109.80695343017578,30.0,1.0,0.03125,0.012213854119181633,0.02082708850502968,0.01065274141728878,0.01065274141728878
CelebDFv3,/root/Datasets/CelebDFv3/CelebDFv3/FAKE/FaceReenact/TPSMM/id56_id52_0005.mp4,FaceReenact/TPSMM,id56,id52,0,8.861867904663086,-8.861867904663086,0.0,92.48326873779297,30.0,0.0,0.0,0.022355208173394203,0.010007607750594616,0.008289589546620846,0.008289589546620846
CelebDFv3,/root/Datasets/CelebDFv3/CelebDFv3/FAKE/FaceSwap/BlendFace/id25_id26_0004.mp4,FaceSwap/BlendFace,id25,id26,0,0.4853867292404175,-0.4853867292404175,0.0,104.79083251953125,30.0,0.0,0.0,0.008176932111382484,0.007353389635682106,0.003259452525526285,0.00586977694183588
CelebDFv3,/root/Datasets/CelebDFv3/CelebDFv3/FAKE/FaceSwap/Celeb-DF-v2/id54_id57_0001.mp4,FaceSwap/Celeb-DF-v2,id54,id57,0,1.9389138221740723,-1.9389138221740723,0.0,157.1764373779297,30.0,0.0,0.0,0.006517695263028145,0.021009130403399467,0.0045190369710326195,0.008092668838799
CelebDFv3,/root/Datasets/CelebDFv3/CelebDFv3/FAKE/FaceSwap/GHOST/id48_id47_0002.mp4,FaceSwap/GHOST,id48,id47,0,1.584045171737671,-1.584045171737671,0.0,124.64985656738281,30.0,0.0,0.0,0.002928599016740918,0.003788253292441368,0.0013869397807866335,0.002476678229868412
CelebDFv3,/root/Datasets/CelebDFv3/CelebDFv3/FAKE/FaceSwap/HifiFace/id23_id0_0008.mp4,FaceSwap/HifiFace,id23,id0,0,-3.5943851470947266,3.5943851470947266,0.0,142.8642120361328,30.0,0.0,0.0,0.0022227964363992214,0.003343909978866577,0.0038099605590105057,0.00668385298922658
CelebDFv3,/root/Datasets/CelebDFv3/CelebDFv3/FAKE/FaceSwap/InSwapper/id56_id52_0005.mp4,FaceSwap/InSwapper,id56,id52,0,4.922567367553711,-4.922567367553711,0.0,102.0231704711914,29.899993896484375,0.0,0.0,0.0017082584090530872,0.0038100623060017824,0.0009605908999219537,0.0017202213639393449
CelebDFv3,/root/Datasets/CelebDFv3/CelebDFv3/FAKE/FaceSwap/MobileFaceSwap/id31_id6_0005.mp4,FaceSwap/MobileFaceSwap,id31,id6,0,10.6733980178833,-10.6733980178833,0.0,130.3971710205078,30.0,0.0,0.0,0.004751896485686302,0.007562730461359024,0.002800221089273691,0.005042770877480507
CelebDFv3,/root/Datasets/CelebDFv3/CelebDFv3/FAKE/FaceSwap/SimSwap/id26_id38_0002.mp4,FaceSwap/SimSwap,id26,id38,0,3.3789448738098145,-3.3789448738098145,0.0,99.48436737060547,30.0,1.0,0.0625,0.005125402472913265,0.01623661071062088,0.003631435101851821,0.006524274125695229
CelebDFv3,/root/Datasets/CelebDFv3/CelebDFv3/FAKE/FaceSwap/UniFace/id59_id61_0004.mp4,FaceSwap/UniFace,id59,id61,0,-0.3899414539337158,0.3899414539337158,0.0,107.30374145507812,30.0,0.0,0.0,0.006268840748816729,0.01622382551431656,0.008154302835464478,0.014602684415876865
CelebDFv3,/root/Datasets/CelebDFv3/CelebDFv3/FAKE/TalkingFace/AniTalker/id56_0006_test_id02057_3Ugj7nq-mlg.mp4,TalkingFace/AniTalker,id56,,0,6.303583145141602,-6.303583145141602,0.0,129.8740692138672,25.0,0.0,0.0,0.004564864560961723,0.0028765012975782156,0.004246414639055729,0.004246414639055729
CelebDFv3,/root/Datasets/CelebDFv3/CelebDFv3/FAKE/TalkingFace/EDTalk/id25_0010_test_id04862_4r-u7YAGLoA.mp4,TalkingFace/EDTalk,id25,,0,9.053932189941406,-9.053932189941406,0.0,152.64491271972656,25.0,0.0,0.0,0.011640678159892559,0.009044908918440342,0.005377014167606831,0.005377014167606831
CelebDFv3,/root/Datasets/CelebDFv3/CelebDFv3/FAKE/TalkingFace/EchoMimic/id51_0002_test_id01541_mDoT5mpo_2c.mp4,TalkingFace/EchoMimic,id51,,0,5.051968574523926,-5.051968574523926,0.0,126.906005859375,24.0,0.0,0.0,0.003962518181651831,0.009315155446529388,0.007831493392586708,0.007831493392586708
CelebDFv3,/root/Datasets/CelebDFv3/CelebDFv3/FAKE/TalkingFace/FLOAT/id25_0010_test_id07426_1KNFfOFEhyI.mp4,TalkingFace/FLOAT,id25,,0,5.229449272155762,-5.229449272155762,0.0,170.815673828125,25.0,0.0,0.0,0.007409871555864811,0.005433360114693642,0.005475278478115797,0.005475278478115797
CelebDFv3,/root/Datasets/CelebDFv3/CelebDFv3/FAKE/TalkingFace/IP_LAP/id54_0000_test_id08374_8V4tFXw2UxY.mp4,TalkingFace/IP_LAP,id54,,0,1.2579023838043213,-1.2579023838043213,0.0,123.55960083007812,25.0,0.0,0.0,0.023373115807771683,0.007385021075606346,0.012377346865832806,0.012377346865832806
CelebDFv3,/root/Datasets/CelebDFv3/CelebDFv3/FAKE/TalkingFace/Real3DPortrait/id22_0008_test_id01593_sU-ejsiL4Fc.mp4,TalkingFace/Real3DPortrait,id22,,0,1.9684749841690063,-1.9684749841690063,0.0,233.50595092773438,25.0,1.0,0.0625,0.015975452959537506,0.005036113318055868,0.008201772347092628,0.008201772347092628
CelebDFv3,/root/Datasets/CelebDFv3/CelebDFv3/FAKE/TalkingFace/SadTalker/id11_0010_test_id04656_6N_AmGKcdZo.mp4,TalkingFace/SadTalker,id11,,0,4.225982666015625,-4.225982666015625,0.0,128.56483459472656,25.0,0.0,0.0,0.002514615887776017,0.0026236223056912422,0.00449530640617013,0.005137492902576923
CelebDFv3,/root/Datasets/CelebDFv3/CelebDFv3/FAKE/FaceReenact/DaGAN/id23_id30_0000.mp4,FaceReenact/DaGAN,id23,id30,0,6.300116062164307,-6.300116062164307,0.0,122.14191436767578,30.0,1.0,0.078125,0.015934087336063385,0.006854621693491936,0.005688108969479799,0.005688108969479799
CelebDFv3,/root/Datasets/CelebDFv3/CelebDFv3/FAKE/FaceReenact/FSRT/id56_id49_0006.mp4,FaceReenact/FSRT,id56,id49,0,2.2838315963745117,-2.2838315963745117,0.0,108.19966888427734,20.0,0.0,0.0,0.02484508603811264,0.013121000491082668,0.01078875083476305,0.01078875083476305
CelebDFv3,/root/Datasets/CelebDFv3/CelebDFv3/FAKE/FaceReenact/HyperReenact/id59_id60_0000.mp4,FaceReenact/HyperReenact,id59,id60,0,5.268132209777832,-5.268132209777832,0.0,102.5133056640625,25.0,0.0,0.0,0.015403940342366695,0.0039674509316682816,0.008594861254096031,0.008594861254096031
CelebDFv3,/root/Datasets/CelebDFv3/CelebDFv3/FAKE/FaceReenact/LIA/id23_id34_0009.mp4,FaceReenact/LIA,id23,id34,0,2.107616901397705,-2.107616901397705,0.0,126.9333267211914,30.0,1.0,0.203125,0.016864458099007607,0.006551235448569059,0.018569840118288994,0.018569840118288994
CelebDFv3,/root/Datasets/CelebDFv3/CelebDFv3/FAKE/FaceReenact/LivePortrait/id26_id17_0004.mp4,FaceReenact/LivePortrait,id26,id17,0,-0.7814054489135742,0.7814054489135742,0.0,142.58705139160156,30.0,0.0,0.0,0.01030527800321579,0.0062528131529688835,0.006369815208017826,0.011444075033068657
CelebDFv3,/root/Datasets/CelebDFv3/CelebDFv3/FAKE/FaceReenact/MCNET/id22_id28_0005.mp4,FaceReenact/MCNET,id22,id28,0,4.40899658203125,-4.40899658203125,0.0,96.34175872802734,30.0,0.0,0.0,0.012693068012595177,0.01011593360453844,0.012368672527372837,0.012368672527372837
CelebDFv3,/root/Datasets/CelebDFv3/CelebDFv3/FAKE/FaceReenact/TPSMM/id23_id26_0000.mp4,FaceReenact/TPSMM,id23,id26,0,11.437756538391113,-11.437756538391113,0.0,131.37953186035156,30.0,0.0,0.0,0.0056227585300803185,0.00157592399045825,0.002028755145147443,0.002028755145147443
CelebDFv3,/root/Datasets/CelebDFv3/CelebDFv3/FAKE/FaceSwap/BlendFace/id25_id20_0005.mp4,FaceSwap/BlendFace,id25,id20,0,4.797108173370361,-4.797108173370361,0.0,79.68665313720703,30.0,0.0,0.0,0.012097621336579323,0.0030642065685242414,0.005854942835867405,0.008688734844326973
CelebDFv3,/root/Datasets/CelebDFv3/CelebDFv3/FAKE/FaceSwap/Celeb-DF-v2/id8_id6_0008.mp4,FaceSwap/Celeb-DF-v2,id8,id6,0,-3.3984551429748535,3.3984551429748535,0.0,138.5730438232422,30.0,0.0,0.0,0.0021923398599028587,0.0025148214772343636,0.0009456768166273832,0.0017854379257187247
CelebDFv3,/root/Datasets/CelebDFv3/CelebDFv3/FAKE/FaceSwap/GHOST/id31_id34_0004.mp4,FaceSwap/GHOST,id31,id34,0,5.9997172355651855,-5.9997172355651855,0.0,209.2756805419922,30.0,0.0,0.0,0.004813169129192829,0.0030278863850980997,0.002833477221429348,0.00510266050696373
CelebDFv3,/root/Datasets/CelebDFv3/CelebDFv3/FAKE/FaceSwap/HifiFace/id56_id57_0009.mp4,FaceSwap/HifiFace,id56,id57,0,-6.212301731109619,6.212301731109619,0.0,183.49708557128906,30.0,0.0,0.0,0.005141459405422211,0.0020218626596033573,0.00171668769326061,0.003074235748499632
CelebDFv3,/root/Datasets/CelebDFv3/CelebDFv3/FAKE/FaceSwap/InSwapper/id23_id31_0002.mp4,FaceSwap/InSwapper,id23,id31,0,0.052982911467552185,-0.052982911467552185,0.0,96.80633544921875,30.0,0.0,0.0,0.008639300242066383,0.011212927289307117,0.0052503966726362705,0.009331588633358479
CelebDFv3,/root/Datasets/CelebDFv3/CelebDFv3/FAKE/FaceSwap/MobileFaceSwap/id31_id37_0005.mp4,FaceSwap/MobileFaceSwap,id31,id37,0,6.868653297424316,-6.868653297424316,0.0,122.83065032958984,30.0,0.0,0.0,0.005530369468033314,0.003937194123864174,0.0018984132912009954,0.0034187529236078262
CelebDFv3,/root/Datasets/CelebDFv3/CelebDFv3/FAKE/FaceSwap/SimSwap/id54_id52_0006.mp4,FaceSwap/SimSwap,id54,id52,0,-8.060604095458984,8.060604095458984,0.0,200.77427673339844,30.0,1.0,0.015625,0.00419991509988904,0.006630668882280588,0.003907459322363138,0.006997458171099424
CelebDFv3,/root/Datasets/CelebDFv3/CelebDFv3/FAKE/FaceSwap/UniFace/id25_id19_0007.mp4,FaceSwap/UniFace,id25,id19,0,-10.87065315246582,10.87065315246582,0.0,223.86766052246094,30.0,0.0,0.0,0.007856925949454308,0.004946982953697443,0.00449588056653738,0.006042463704943657
CelebDFv3,/root/Datasets/CelebDFv3/CelebDFv3/FAKE/TalkingFace/AniTalker/id22_0005_test_id02465_mzyWUVgjQn0.mp4,TalkingFace/AniTalker,id22,,0,2.357389450073242,-2.357389450073242,0.0,114.48029327392578,25.0,0.0,0.0,0.004574203863739967,0.003910406958311796,0.0035617880057543516,0.0035617880057543516
CelebDFv3,/root/Datasets/CelebDFv3/CelebDFv3/FAKE/TalkingFace/EDTalk/id48_0001_test_id02057_wZC3dqygHUE.mp4,TalkingFace/EDTalk,id48,,0,2.2173218727111816,-2.2173218727111816,0.0,112.54039001464844,25.0,0.0,0.0,0.010151240974664688,0.010658455081284046,0.00535608222708106,0.00535608222708106
CelebDFv3,/root/Datasets/CelebDFv3/CelebDFv3/FAKE/TalkingFace/EchoMimic/id26_0001_test_id03524_T8R_BWJi2KI.mp4,TalkingFace/EchoMimic,id26,,0,-0.046090736985206604,0.046090736985206604,0.0,252.317626953125,24.0,0.0,0.0,0.002574258018285036,0.009418155997991562,0.004696711897850037,0.004696711897850037
CelebDFv3,/root/Datasets/CelebDFv3/CelebDFv3/FAKE/TalkingFace/FLOAT/id23_0005_test_id06310_MNZMZ6ChMZQ.mp4,TalkingFace/FLOAT,id23,,0,6.860074996948242,-6.860074996948242,0.0,126.66989135742188,25.0,0.0,0.0,0.006820863578468561,0.007035040762275457,0.004860580898821354,0.004860580898821354
CelebDFv3,/root/Datasets/CelebDFv3/CelebDFv3/FAKE/TalkingFace/IP_LAP/id22_0006_test_id02317_V1il-79GsT4.mp4,TalkingFace/IP_LAP,id22,,0,4.809844970703125,-4.809844970703125,0.0,150.91299438476562,25.0,0.0,0.0,0.00930242333561182,0.004968547262251377,0.004634370561689138,0.004634370561689138
CelebDFv3,/root/Datasets/CelebDFv3/CelebDFv3/FAKE/TalkingFace/Real3DPortrait/id54_0006_test_id01228_JML4qGlGgJQ.mp4,TalkingFace/Real3DPortrait,id54,,0,-6.828609466552734,6.828609466552734,0.0,215.35557556152344,25.0,0.0,0.0,0.012454810552299023,0.004846677184104919,0.012506225146353245,0.012506225146353245
CelebDFv3,/root/Datasets/CelebDFv3/CelebDFv3/FAKE/TalkingFace/SadTalker/id51_0004_test_id03347__NVxlFSjV0I.mp4,TalkingFace/SadTalker,id51,,0,-2.158440351486206,2.158440351486206,0.0,181.59849548339844,25.0,1.0,1.0,0.0,0.0,0.0,0.0
CelebDFv3,/root/Datasets/CelebDFv3/CelebDFv3/FAKE/FaceReenact/DaGAN/id22_id28_0005.mp4,FaceReenact/DaGAN,id22,id28,0,3.628645658493042,-3.628645658493042,0.0,95.46257781982422,30.0,0.0,0.0,0.01232599001377821,0.010071538388729095,0.010817460715770721,0.010817460715770721
CelebDFv3,/root/Datasets/CelebDFv3/CelebDFv3/FAKE/FaceReenact/FSRT/id31_id33_0006.mp4,FaceReenact/FSRT,id31,id33,0,-2.637086868286133,2.637086868286133,0.0,219.57080078125,20.0,1.0,0.15625,0.015409030020236969,0.0055866180919110775,0.007610959000885487,0.007610959000885487
CelebDFv3,/root/Datasets/CelebDFv3/CelebDFv3/FAKE/FaceReenact/HyperReenact/id56_id50_0005.mp4,FaceReenact/HyperReenact,id56,id50,0,-0.5085524320602417,0.5085524320602417,0.0,101.68356323242188,25.0,0.0,0.0,0.013183305971324444,0.0036726915277540684,0.009202640503644943,0.009202640503644943
CelebDFv3,/root/Datasets/CelebDFv3/CelebDFv3/FAKE/FaceReenact/LIA/id23_id1_0003.mp4,FaceReenact/LIA,id23,id1,0,4.292912006378174,-4.292912006378174,0.0,128.68106079101562,30.0,0.0,0.0,0.015128744766116142,0.00571249658241868,0.006000446621328592,0.006000446621328592
CelebDFv3,/root/Datasets/CelebDFv3/CelebDFv3/FAKE/FaceReenact/LivePortrait/id48_id40_0007.mp4,FaceReenact/LivePortrait,id48,id40,0,4.291297912597656,-4.291297912597656,0.0,111.30542755126953,30.0,0.0,0.0,0.0012408291222527623,0.00259663094766438,0.001287913299165666,0.001689742086455226
CelebDFv3,/root/Datasets/CelebDFv3/CelebDFv3/FAKE/FaceReenact/MCNET/id56_id52_0008.mp4,FaceReenact/MCNET,id56,id52,0,10.040816307067871,-10.040816307067871,0.0,122.06735229492188,30.0,0.0,0.0,0.007257333490997553,0.00434470409527421,0.007458567153662443,0.007458567153662443
CelebDFv3,/root/Datasets/CelebDFv3/CelebDFv3/FAKE/FaceReenact/TPSMM/id56_id58_0002.mp4,FaceReenact/TPSMM,id56,id58,0,4.736245155334473,-4.736245155334473,0.0,116.6171875,30.0,0.0,0.0,0.011185671202838421,0.008126919157803059,0.0043646120466291904,0.0043646120466291904
CelebDFv3,/root/Datasets/CelebDFv3/CelebDFv3/FAKE/FaceSwap/BlendFace/id23_id22_0000.mp4,FaceSwap/BlendFace,id23,id22,0,9.830093383789062,-9.830093383789062,0.0,111.53040313720703,30.0,0.0,0.0,0.0017645704792812467,0.0021415669471025467,0.001526711625047028,0.002713440917432308
CelebDFv3,/root/Datasets/CelebDFv3/CelebDFv3/FAKE/FaceSwap/Celeb-DF-v2/id51_id57_0001.mp4,FaceSwap/Celeb-DF-v2,id51,id57,0,-8.389392852783203,8.389392852783203,0.0,273.49224853515625,30.0,1.0,0.046875,0.0038228267803788185,0.0053762649185955524,0.004501011222600937,0.008060387335717678
CelebDFv3,/root/Datasets/CelebDFv3/CelebDFv3/FAKE/FaceSwap/GHOST/id48_id39_0002.mp4,FaceSwap/GHOST,id48,id39,0,1.7905967235565186,-1.7905967235565186,0.0,122.61936950683594,30.0,0.0,0.0,0.0030154965352267027,0.003980068489909172,0.0013483809307217598,0.002407823456451297
CelebDFv3,/root/Datasets/CelebDFv3/CelebDFv3/FAKE/FaceSwap/HifiFace/id8_id9_0003.mp4,FaceSwap/HifiFace,id8,id9,0,-3.740076780319214,3.740076780319214,0.0,143.4224090576172,30.0,0.0,0.0,0.00237179733812809,0.010321928188204765,0.0027039567939937115,0.005094253923743963
CelebDFv3,/root/Datasets/CelebDFv3/CelebDFv3/FAKE/FaceSwap/InSwapper/id54_id50_0004.mp4,FaceSwap/InSwapper,id54,id50,0,-8.024454116821289,8.024454116821289,0.0,201.2034149169922,30.0,0.0,0.0,0.0019898326136171818,0.018721675500273705,0.011366713792085648,0.020355451852083206
CelebDFv3,/root/Datasets/CelebDFv3/CelebDFv3/FAKE/FaceSwap/MobileFaceSwap/id23_id0_0006.mp4,FaceSwap/MobileFaceSwap,id23,id0,0,9.456159591674805,-9.456159591674805,0.0,249.9736328125,30.0,0.0,0.0,0.006091078277677298,0.003566674655303359,0.0015327847795560956,0.002030939795076847
CelebDFv3,/root/Datasets/CelebDFv3/CelebDFv3/FAKE/FaceSwap/SimSwap/id51_id49_0005.mp4,FaceSwap/SimSwap,id51,id49,0,-3.5894393920898438,3.5894393920898438,0.0,169.36001586914062,30.0,0.0,0.0,0.010800067335367203,0.021409474313259125,0.002579568885266781,0.0046194796450436115
CelebDFv3,/root/Datasets/CelebDFv3/CelebDFv3/FAKE/FaceSwap/UniFace/id11_id7_0008.mp4,FaceSwap/UniFace,id11,id7,0,-6.589398384094238,6.589398384094238,0.0,92.018798828125,30.0,0.0,0.0,0.010562822222709656,0.05545603856444359,0.035937074571847916,0.06828043609857559
CelebDFv3,/root/Datasets/CelebDFv3/CelebDFv3/FAKE/TalkingFace/AniTalker/id8_0005_test_id03978_ywSqMWAhPPY.mp4,TalkingFace/AniTalker,id8,,0,1.8968195915222168,-1.8968195915222168,0.0,140.49777221679688,25.0,0.0,0.0,0.006338786333799362,0.005842235404998064,0.00434416439384222,0.00434416439384222
CelebDFv3,/root/Datasets/CelebDFv3/CelebDFv3/FAKE/TalkingFace/EDTalk/id51_0001_test_id00812_Ypl15Alz_-I.mp4,TalkingFace/EDTalk,id51,,0,-6.203434467315674,6.203434467315674,0.0,180.95033264160156,25.0,0.0,0.0,0.01316092163324356,0.01271177176386118,0.0077477674931287766,0.0077477674931287766
CelebDFv3,/root/Datasets/CelebDFv3/CelebDFv3/FAKE/TalkingFace/EchoMimic/id56_0006_test_id07494_HxLolmovgAs.mp4,TalkingFace/EchoMimic,id56,,0,-0.46394219994544983,0.46394219994544983,0.0,153.56411743164062,24.0,0.0,0.0,0.009165818803012371,0.007293155416846275,0.005249726120382547,0.005249726120382547
CelebDFv3,/root/Datasets/CelebDFv3/CelebDFv3/FAKE/TalkingFace/FLOAT/id59_0005_test_id04295_4SPw-Qb6qH4.mp4,TalkingFace/FLOAT,id59,,0,4.366754531860352,-4.366754531860352,0.0,121.97396087646484,25.0,0.0,0.0,0.008711783215403557,0.0035559344105422497,0.00535272853448987,0.00535272853448987
CelebDFv3,/root/Datasets/CelebDFv3/CelebDFv3/FAKE/TalkingFace/IP_LAP/id31_0008_test_id08374_8V4tFXw2UxY.mp4,TalkingFace/IP_LAP,id31,,0,3.641111135482788,-3.641111135482788,0.0,153.76356506347656,25.0,0.0,0.0,0.014009612612426281,0.01292860135436058,0.017849726602435112,0.017849726602435112
CelebDFv3,/root/Datasets/CelebDFv3/CelebDFv3/FAKE/TalkingFace/Real3DPortrait/id25_0007_test_id00812_uCF5yBvYa9k.mp4,TalkingFace/Real3DPortrait,id25,,0,-3.9992430210113525,3.9992430210113525,0.0,267.6290283203125,25.0,0.0,0.0,0.009606266394257545,0.006537457462400198,0.009601746685802937,0.009601746685802937
CelebDFv3,/root/Datasets/CelebDFv3/CelebDFv3/FAKE/TalkingFace/SadTalker/id48_0007_test_id07961_464OHFffwjI.mp4,TalkingFace/SadTalker,id48,,0,6.360715866088867,-6.360715866088867,0.0,112.31475067138672,25.0,0.0,0.0,0.0023895364720374346,0.00638166256248951,0.005685347598046064,0.005685347598046064
CelebDFv3,/root/Datasets/CelebDFv3/CelebDFv3/FAKE/FaceReenact/DaGAN/id56_id58_0002.mp4,FaceReenact/DaGAN,id56,id58,0,2.8740711212158203,-2.8740711212158203,0.0,117.47099304199219,30.0,0.0,0.0,0.012003934010863304,0.00844088476151228,0.004589017014950514,0.004589017014950514
CelebDFv3,/root/Datasets/CelebDFv3/CelebDFv3/FAKE/FaceReenact/FSRT/id23_id34_0009.mp4,FaceReenact/FSRT,id23,id34,0,0.7377207279205322,-0.7377207279205322,0.0,127.64334869384766,20.0,1.0,0.125,0.026632055640220642,0.011774903163313866,0.016807278618216515,0.016807278618216515
CelebDFv3,/root/Datasets/CelebDFv3/CelebDFv3/FAKE/FaceReenact/HyperReenact/id25_id21_0008.mp4,FaceReenact/HyperReenact,id25,id21,0,4.791601181030273,-4.791601181030273,0.0,193.56593322753906,25.0,0.0,0.0,0.007293092552572489,0.0034443370532244444,0.005893518216907978,0.005893518216907978
CelebDFv3,/root/Datasets/CelebDFv3/CelebDFv3/FAKE/FaceReenact/LIA/id48_id45_0003.mp4,FaceReenact/LIA,id48,id45,0,-6.871218681335449,6.871218681335449,0.0,144.87094116210938,30.0,0.0,0.0,0.004063033498823643,0.004246708936989307,0.004502162802964449,0.004502162802964449
CelebDFv3,/root/Datasets/CelebDFv3/CelebDFv3/FAKE/FaceReenact/LivePortrait/id23_id2_0005.mp4,FaceReenact/LivePortrait,id23,id2,0,-1.969611406326294,1.969611406326294,0.0,116.14381408691406,30.0,1.0,0.015625,0.0026323480997234583,0.005183369852602482,0.0030773943290114403,0.006299364380538464
CelebDFv3,/root/Datasets/CelebDFv3/CelebDFv3/FAKE/FaceReenact/MCNET/id51_id57_0007.mp4,FaceReenact/MCNET,id51,id57,0,4.280126571655273,-4.280126571655273,0.0,147.52354431152344,30.0,0.0,0.0,0.0033481630962342024,0.005454890429973602,0.005160249769687653,0.005160249769687653
CelebDFv3,/root/Datasets/CelebDFv3/CelebDFv3/FAKE/FaceReenact/TPSMM/id51_id55_0004.mp4,FaceReenact/TPSMM,id51,id55,0,1.4766849279403687,-1.4766849279403687,0.0,118.4263687133789,30.0,1.0,0.1875,0.013862545602023602,0.0218573696911335,0.023099876940250397,0.023099876940250397
CelebDFv3,/root/Datasets/CelebDFv3/CelebDFv3/FAKE/FaceSwap/BlendFace/id51_id53_0008.mp4,FaceSwap/BlendFace,id51,id53,0,-0.63523268699646,0.63523268699646,0.0,114.9988021850586,30.0,0.0,0.0,0.004043690860271454,0.004518916364759207,0.004406485706567764,0.007891112938523293
CelebDFv3,/root/Datasets/CelebDFv3/CelebDFv3/FAKE/FaceSwap/Celeb-DF-v2/id22_id28_0006.mp4,FaceSwap/Celeb-DF-v2,id22,id28,0,4.643240928649902,-4.643240928649902,0.0,152.51657104492188,30.0,0.0,0.0,0.0030716294422745705,0.0030439444817602634,0.0015295593766495585,0.0027185024227946997
CelebDFv3,/root/Datasets/CelebDFv3/CelebDFv3/FAKE/FaceSwap/GHOST/id22_id28_0009.mp4,FaceSwap/GHOST,id22,id28,0,1.7942432165145874,-1.7942432165145874,0.0,107.1036605834961,30.0,1.0,0.1875,0.006908901501446962,0.005710207391530275,0.0025622358079999685,0.0045538898557424545
CelebDFv3,/root/Datasets/CelebDFv3/CelebDFv3/FAKE/FaceSwap/HifiFace/id31_id23_0000.mp4,FaceSwap/HifiFace,id31,id23,0,4.811523914337158,-4.811523914337158,0.0,124.46074676513672,30.0,0.0,0.0,0.0032935943454504013,0.0069582220166921616,0.004301206208765507,0.007745816837996244
CelebDFv3,/root/Datasets/CelebDFv3/CelebDFv3/FAKE/FaceSwap/InSwapper/id23_id38_0001.mp4,FaceSwap/InSwapper,id23,id38,0,-0.550634503364563,0.550634503364563,0.0,139.05712890625,30.0,0.0,0.0,0.003824243787676096,0.012958674691617489,0.012066115625202656,0.02144523896276951
CelebDFv3,/root/Datasets/CelebDFv3/CelebDFv3/FAKE/FaceSwap/MobileFaceSwap/id51_id49_0005.mp4,FaceSwap/MobileFaceSwap,id51,id49,0,-5.37457275390625,5.37457275390625,0.0,161.7614288330078,30.0,0.0,0.0,0.010764991864562035,0.02135222777724266,0.002603782806545496,0.004662841092795134
CelebDFv3,/root/Datasets/CelebDFv3/CelebDFv3/FAKE/FaceSwap/SimSwap/id23_id3_0002.mp4,FaceSwap/SimSwap,id23,id3,0,0.7045723795890808,-0.7045723795890808,0.0,94.5277099609375,30.0,0.0,0.0,0.009863272309303284,0.011078800074756145,0.004634290933609009,0.008236576803028584
CelebDFv3,/root/Datasets/CelebDFv3/CelebDFv3/FAKE/FaceSwap/UniFace/id8_id3_0008.mp4,FaceSwap/UniFace,id8,id3,0,-4.393022537231445,4.393022537231445,0.0,136.52902221679688,30.0,0.0,0.0,0.00218789535574615,0.0027174525894224644,0.0009719633380882442,0.0018311790190637112
CelebDFv3,/root/Datasets/CelebDFv3/CelebDFv3/FAKE/TalkingFace/AniTalker/id51_0006_test_id01892_aYQNf2Z8dGI.mp4,TalkingFace/AniTalker,id51,,0,-3.3268604278564453,3.3268604278564453,0.0,177.06143188476562,25.0,0.0,0.0,0.006591207347810268,0.002982556354254484,0.006416210439056158,0.006416210439056158
CelebDFv3,/root/Datasets/CelebDFv3/CelebDFv3/FAKE/TalkingFace/EDTalk/id56_0006_test_id07494_HxLolmovgAs.mp4,TalkingFace/EDTalk,id56,,0,1.4221713542938232,-1.4221713542938232,0.0,175.8076629638672,25.0,0.0,0.0,0.011709360405802727,0.009849791415035725,0.007000267505645752,0.007000267505645752
CelebDFv3,/root/Datasets/CelebDFv3/CelebDFv3/FAKE/TalkingFace/EchoMimic/id25_0001_test_id02576_5dQTvY26piw.mp4,TalkingFace/EchoMimic,id25,,0,8.339628219604492,-8.339628219604492,0.0,147.26336669921875,24.0,0.0,0.0,0.008765773847699165,0.007286311127245426,0.00833001360297203,0.00833001360297203
CelebDFv3,/root/Datasets/CelebDFv3/CelebDFv3/FAKE/TalkingFace/FLOAT/id26_0003_test_id05015_dlb6GaUPRuk.mp4,TalkingFace/FLOAT,id26,,0,-2.3773984909057617,2.3773984909057617,0.0,367.29205322265625,25.0,0.0,0.0,0.013792765326797962,0.006040516309440136,0.00677542993798852,0.00677542993798852
CelebDFv3,/root/Datasets/CelebDFv3/CelebDFv3/FAKE/TalkingFace/IP_LAP/id25_0009_test_id03980_Ze_9iDKT9ZI.mp4,TalkingFace/IP_LAP,id25,,0,-4.817776679992676,4.817776679992676,0.0,145.32713317871094,25.0,0.0,0.0,0.009133275598287582,0.007028955966234207,0.006311752367764711,0.006311752367764711
CelebDFv3,/root/Datasets/CelebDFv3/CelebDFv3/FAKE/TalkingFace/Real3DPortrait/id25_0009_test_id03980_Ze_9iDKT9ZI.mp4,TalkingFace/Real3DPortrait,id25,,0,-4.726921081542969,4.726921081542969,0.0,145.4683380126953,25.0,0.0,0.0,0.012884966097772121,0.004143944010138512,0.004358920734375715,0.004358920734375715
CelebDFv3,/root/Datasets/CelebDFv3/CelebDFv3/FAKE/TalkingFace/SadTalker/id59_0006_test_id06913_CFoP6f5lk7M.mp4,TalkingFace/SadTalker,id59,,0,8.528529167175293,-8.528529167175293,0.0,117.9892807006836,25.0,0.0,0.0,0.002272744197398424,0.010070033371448517,0.0059511056169867516,0.0059511056169867516
CelebDFv3,/root/Datasets/CelebDFv3/CelebDFv3/FAKE/FaceReenact/DaGAN/id23_id22_0000.mp4,FaceReenact/DaGAN,id23,id22,0,9.805906295776367,-9.805906295776367,0.0,130.7026824951172,30.0,0.0,0.0,0.014303752221167088,0.005586186423897743,0.007362143602222204,0.007362143602222204
CelebDFv3,/root/Datasets/CelebDFv3/CelebDFv3/FAKE/FaceReenact/FSRT/id26_id22_0003.mp4,FaceReenact/FSRT,id26,id22,0,-2.5713791847229004,2.5713791847229004,0.0,333.71112060546875,20.0,1.0,0.0625,0.01708078384399414,0.009015110321342945,0.008963216096162796,0.008963216096162796
CelebDFv3,/root/Datasets/CelebDFv3/CelebDFv3/FAKE/FaceReenact/HyperReenact/id23_id20_0002.mp4,FaceReenact/HyperReenact,id23,id20,0,5.022768974304199,-5.022768974304199,0.0,105.04458618164062,25.0,0.0,0.0,0.013681897893548012,0.004630932584404945,0.010357777588069439,0.010357777588069439
CelebDFv3,/root/Datasets/CelebDFv3/CelebDFv3/FAKE/FaceReenact/LIA/id51_id49_0004.mp4,FaceReenact/LIA,id51,id49,0,1.3194308280944824,-1.3194308280944824,0.0,110.52654266357422,30.0,1.0,0.546875,0.015542227774858475,0.016796614974737167,0.01725975051522255,0.01725975051522255
CelebDFv3,/root/Datasets/CelebDFv3/CelebDFv3/FAKE/FaceReenact/LivePortrait/id48_id44_0003.mp4,FaceReenact/LivePortrait,id48,id44,0,8.698282241821289,-8.698282241821289,0.0,115.80357360839844,30.0,0.0,0.0,0.0023396762553602457,0.006418552249670029,0.0037821359001100063,0.006753814406692982
CelebDFv3,/root/Datasets/CelebDFv3/CelebDFv3/FAKE/FaceReenact/MCNET/id23_id20_0007.mp4,FaceReenact/MCNET,id23,id20,0,7.583407402038574,-7.583407402038574,0.0,148.6051483154297,30.0,0.0,0.0,0.02099529281258583,0.011385422199964523,0.008139342069625854,0.008139342069625854
CelebDFv3,/root/Datasets/CelebDFv3/CelebDFv3/FAKE/FaceReenact/TPSMM/id23_id32_0009.mp4,FaceReenact/TPSMM,id23,id32,0,1.5458543300628662,-1.5458543300628662,0.0,152.6399688720703,30.0,0.0,0.0,0.004239251371473074,0.002316118683665991,0.00768196489661932,0.00768196489661932
CelebDFv3,/root/Datasets/CelebDFv3/CelebDFv3/FAKE/FaceSwap/BlendFace/id26_id17_0004.mp4,FaceSwap/BlendFace,id26,id17,0,0.41191941499710083,-0.41191941499710083,0.0,125.87696075439453,30.0,0.0,0.0,0.0035348471719771624,0.008209064602851868,0.0029355871956795454,0.005274105817079544
CelebDFv3,/root/Datasets/CelebDFv3/CelebDFv3/FAKE/FaceSwap/Celeb-DF-v2/id26_id9_0006.mp4,FaceSwap/Celeb-DF-v2,id26,id9,0,-6.702373027801514,6.702373027801514,0.0,271.30010986328125,30.0,1.0,0.046875,0.014745527878403664,0.005023163743317127,0.0044275796972215176,0.008062447421252728
CelebDFv3,/root/Datasets/CelebDFv3/CelebDFv3/FAKE/FaceSwap/GHOST/id22_id21_0005.mp4,FaceSwap/GHOST,id22,id21,0,0.386758953332901,-0.386758953332901,0.0,109.49507141113281,30.0,0.0,0.0,0.0027364734560251236,0.0021890795323997736,0.001610373379662633,0.0028621340170502663
CelebDFv3,/root/Datasets/CelebDFv3/CelebDFv3/FAKE/FaceSwap/HifiFace/id48_id42_0004.mp4,FaceSwap/HifiFace,id48,id42,0,-4.991534233093262,4.991534233093262,0.0,128.3803253173828,30.0,0.0,0.0,0.0033707721158862114,0.002311648102477193,0.003567672800272703,0.006370844319462776
CelebDFv3,/root/Datasets/CelebDFv3/CelebDFv3/FAKE/FaceSwap/InSwapper/id56_id55_0001.mp4,FaceSwap/InSwapper,id56,id55,0,-1.8119351863861084,1.8119351863861084,0.0,163.04052734375,30.0,0.0,0.0,0.0032884518150240183,0.009893362410366535,0.0031514065340161324,0.005643523298203945
CelebDFv3,/root/Datasets/CelebDFv3/CelebDFv3/FAKE/FaceSwap/MobileFaceSwap/id26_id34_0006.mp4,FaceSwap/MobileFaceSwap,id26,id34,0,-1.369584321975708,1.369584321975708,0.0,264.24395751953125,30.0,0.0,0.0,0.015922801569104195,0.011602118611335754,0.013300316408276558,0.02421935275197029
CelebDFv3,/root/Datasets/CelebDFv3/CelebDFv3/FAKE/FaceSwap/SimSwap/id56_id55_0008.mp4,FaceSwap/SimSwap,id56,id55,0,5.541079044342041,-5.541079044342041,0.0,115.9671859741211,30.0,1.0,0.015625,0.005856315605342388,0.0031664336565881968,0.0030784280970692635,0.005512833595275879
CelebDFv3,/root/Datasets/CelebDFv3/CelebDFv3/FAKE/FaceSwap/UniFace/id26_id30_0000.mp4,FaceSwap/UniFace,id26,id30,0,2.456791877746582,-2.456791877746582,0.0,176.66233825683594,30.0,0.0,0.0,0.0017102457350119948,0.0015059871366247535,0.002315651625394821,0.004160323180258274
CelebDFv3,/root/Datasets/CelebDFv3/CelebDFv3/FAKE/TalkingFace/AniTalker/id51_0009_test_id01333_vWcj1WDDeL8.mp4,TalkingFace/AniTalker,id51,,0,-1.5105913877487183,1.5105913877487183,0.0,123.95945739746094,25.0,0.0,0.0,0.003949838224798441,0.00465417979285121,0.00462310528382659,0.00462310528382659
CelebDFv3,/root/Datasets/CelebDFv3/CelebDFv3/FAKE/TalkingFace/EDTalk/id51_0004_test_id04253_goriueKsSfQ.mp4,TalkingFace/EDTalk,id51,,0,7.327011585235596,-7.327011585235596,0.0,136.21449279785156,25.0,0.0,0.0,0.013904780149459839,0.00857812725007534,0.005279881879687309,0.005279881879687309
CelebDFv3,/root/Datasets/CelebDFv3/CelebDFv3/FAKE/TalkingFace/EchoMimic/id11_0006_test_id04862_i6aGUMQW5jA.mp4,TalkingFace/EchoMimic,id11,,0,3.4894089698791504,-3.4894089698791504,0.0,137.3413848876953,24.0,0.0,0.0,0.006334894802421331,0.005219231825321913,0.0068514966405928135,0.0068514966405928135
CelebDFv3,/root/Datasets/CelebDFv3/CelebDFv3/FAKE/TalkingFace/FLOAT/id56_0004_test_id04232__k0hgacT2zc.mp4,TalkingFace/FLOAT,id56,,0,5.263213157653809,-5.263213157653809,0.0,116.29031372070312,25.0,0.0,0.0,0.008645694702863693,0.0066840555518865585,0.007481199223548174,0.007481199223548174
CelebDFv3,/root/Datasets/CelebDFv3/CelebDFv3/FAKE/TalkingFace/IP_LAP/id25_0007_test_id00812_uCF5yBvYa9k.mp4,TalkingFace/IP_LAP,id25,,0,-0.7451671361923218,0.7451671361923218,0.0,211.71319580078125,25.0,1.0,0.03125,0.014777915552258492,0.008848176337778568,0.0075338464230299,0.0075338464230299
CelebDFv3,/root/Datasets/CelebDFv3/CelebDFv3/FAKE/TalkingFace/Real3DPortrait/id22_0007_test_id07802_w51pvh-_Tao.mp4,TalkingFace/Real3DPortrait,id22,,0,-16.808860778808594,16.808860778808594,0.0,404.90948486328125,25.0,0.0,0.0,0.016282953321933746,0.004403299186378717,0.007484350353479385,0.007484350353479385
CelebDFv3,/root/Datasets/CelebDFv3/CelebDFv3/FAKE/TalkingFace/SadTalker/id26_0004_test_id02317_ElfR3P4Rrmk.mp4,TalkingFace/SadTalker,id26,,0,1.6426347494125366,-1.6426347494125366,0.0,137.6842803955078,25.0,0.0,0.0,0.0031109172850847244,0.005262934137135744,0.005181852262467146,0.005181852262467146
CelebDFv3,/root/Datasets/CelebDFv3/CelebDFv3/FAKE/FaceReenact/DaGAN/id48_id45_0005.mp4,FaceReenact/DaGAN,id48,id45,0,0.21058985590934753,-0.21058985590934753,0.0,135.45611572265625,30.0,0.0,0.0,0.011188708245754242,0.005675826221704483,0.005164863541722298,0.005164863541722298
CelebDFv3,/root/Datasets/CelebDFv3/CelebDFv3/FAKE/FaceReenact/FSRT/id23_id19_0009.mp4,FaceReenact/FSRT,id23,id19,0,4.334995746612549,-4.334995746612549,0.0,139.36988830566406,20.0,1.0,0.09375,0.011126499623060226,0.00522310147061944,0.0050518265925347805,0.0050518265925347805
CelebDFv3,/root/Datasets/CelebDFv3/CelebDFv3/FAKE/FaceReenact/HyperReenact/id23_id30_0006.mp4,FaceReenact/HyperReenact,id23,id30,0,5.390517234802246,-5.390517234802246,0.0,178.73263549804688,25.0,1.0,0.015625,0.005875118542462587,0.004580609500408173,0.006483070552349091,0.006483070552349091
CelebDFv3,/root/Datasets/CelebDFv3/CelebDFv3/FAKE/FaceReenact/LIA/id48_id44_0000.mp4,FaceReenact/LIA,id48,id44,0,0.5382920503616333,-0.5382920503616333,0.0,124.1046142578125,30.0,0.0,0.0,0.009123469702899456,0.0140044204890728,0.008101248182356358,0.008101248182356358
CelebDFv3,/root/Datasets/CelebDFv3/CelebDFv3/FAKE/FaceReenact/LivePortrait/id56_id57_0009.mp4,FaceReenact/LivePortrait,id56,id57,0,-4.837553977966309,4.837553977966309,0.0,158.79962158203125,29.0,0.0,0.0,0.012835962697863579,0.005606141407042742,0.003658103523775935,0.006550913210958242
CelebDFv3,/root/Datasets/CelebDFv3/CelebDFv3/FAKE/FaceReenact/MCNET/id23_id24_0009.mp4,FaceReenact/MCNET,id23,id24,0,3.2575643062591553,-3.2575643062591553,0.0,136.47186279296875,30.0,0.0,0.0,0.006600061897188425,0.00682024285197258,0.006239072419703007,0.006239072419703007
CelebDFv3,/root/Datasets/CelebDFv3/CelebDFv3/FAKE/FaceReenact/TPSMM/id48_id45_0005.mp4,FaceReenact/TPSMM,id48,id45,0,1.2015612125396729,-1.2015612125396729,0.0,121.88176727294922,30.0,0.0,0.0,0.010811416432261467,0.005529513116925955,0.0052380068227648735,0.0052380068227648735
CelebDFv3,/root/Datasets/CelebDFv3/CelebDFv3/FAKE/FaceSwap/BlendFace/id23_id3_0006.mp4,FaceSwap/BlendFace,id23,id3,0,6.673165798187256,-6.673165798187256,0.0,257.0345458984375,30.0,0.0,0.0,0.00634880131110549,0.0035557341761887074,0.0025263973511755466,0.0033474767114967108
CelebDFv3,/root/Datasets/CelebDFv3/CelebDFv3/FAKE/FaceSwap/Celeb-DF-v2/id22_id26_0001.mp4,FaceSwap/Celeb-DF-v2,id22,id26,0,3.2876389026641846,-3.2876389026641846,0.0,113.62394714355469,30.0,0.0,0.0,0.011712129227817059,0.022427592426538467,0.013991422019898891,0.02486710622906685
CelebDFv3,/root/Datasets/CelebDFv3/CelebDFv3/FAKE/FaceSwap/GHOST/id22_id26_0005.mp4,FaceSwap/GHOST,id22,id26,0,2.4927401542663574,-2.4927401542663574,0.0,108.46501159667969,30.0,0.0,0.0,0.002595974365249276,0.0020612594671547413,0.0017991121858358383,0.0031975817400962114
CelebDFv3,/root/Datasets/CelebDFv3/CelebDFv3/FAKE/FaceSwap/HifiFace/id22_id27_0005.mp4,FaceSwap/HifiFace,id22,id27,0,-0.3618217408657074,0.3618217408657074,0.0,107.88578033447266,30.0,0.0,0.0,0.0027997747529298067,0.001989979762583971,0.0016815064009279013,0.002988560125231743
CelebDFv3,/root/Datasets/CelebDFv3/CelebDFv3/FAKE/FaceSwap/InSwapper/id31_id9_0005.mp4,FaceSwap/InSwapper,id31,id9,0,5.628451347351074,-5.628451347351074,0.0,169.17782592773438,30.0,0.0,0.0,0.005356725305318832,0.004327085800468922,0.00246192398481071,0.004433549474924803
CelebDFv3,/root/Datasets/CelebDFv3/CelebDFv3/FAKE/FaceSwap/MobileFaceSwap/id23_id9_0000.mp4,FaceSwap/MobileFaceSwap,id23,id9,0,5.597454071044922,-5.597454071044922,0.0,113.01152038574219,30.0,0.0,0.0,0.001762892003171146,0.002089666435495019,0.0011077746748924255,0.0019688596948981285
CelebDFv3,/root/Datasets/CelebDFv3/CelebDFv3/FAKE/FaceSwap/SimSwap/id51_id58_0008.mp4,FaceSwap/SimSwap,id51,id58,0,-3.5258781909942627,3.5258781909942627,0.0,103.1484375,30.0,0.0,0.0,0.004447356332093477,0.0059882779605686665,0.005664796102792025,0.0101444898173213
CelebDFv3,/root/Datasets/CelebDFv3/CelebDFv3/FAKE/FaceSwap/UniFace/id51_id54_0002.mp4,FaceSwap/UniFace,id51,id54,0,-2.1129379272460938,2.1129379272460938,0.0,78.7405776977539,30.0,0.0,0.0,0.0062520066276192665,0.016636358574032784,0.004192339722067118,0.007507620379328728
CelebDFv3,/root/Datasets/CelebDFv3/CelebDFv3/FAKE/TalkingFace/AniTalker/id59_0006_test_id08701_yty4X4F1mQY.mp4,TalkingFace/AniTalker,id59,,0,8.457183837890625,-8.457183837890625,0.0,118.125732421875,25.0,0.0,0.0,0.004287439398467541,0.006964631844311953,0.007288545370101929,0.007288545370101929
CelebDFv3,/root/Datasets/CelebDFv3/CelebDFv3/FAKE/TalkingFace/EDTalk/id25_0006_test_id07802_MtoFAMWjUxM.mp4,TalkingFace/EDTalk,id25,,0,0.6538742184638977,-0.6538742184638977,0.0,338.4358825683594,25.0,0.0,0.0,0.011790133081376553,0.011527400463819504,0.0049300421960651875,0.0049300421960651875
CelebDFv3,/root/Datasets/CelebDFv3/CelebDFv3/FAKE/TalkingFace/EchoMimic/id22_0002_test_id02086_0zkXi4u4Rr0.mp4,TalkingFace/EchoMimic,id22,,0,-0.5765807628631592,0.5765807628631592,0.0,180.9807891845703,24.0,0.0,0.0,0.009760435670614243,0.008013962768018246,0.005287699401378632,0.005287699401378632
CelebDFv3,/root/Datasets/CelebDFv3/CelebDFv3/FAKE/TalkingFace/FLOAT/id54_0007_test_id01333_D9Eylmbz4Ik.mp4,TalkingFace/FLOAT,id54,,0,-1.7086482048034668,1.7086482048034668,0.0,143.59266662597656,25.0,0.0,0.0,0.011932998895645142,0.016041293740272522,0.012305492535233498,0.012305492535233498
CelebDFv3,/root/Datasets/CelebDFv3/CelebDFv3/FAKE/TalkingFace/IP_LAP/id31_0001_test_id09017_fsgr0uLbKVg.mp4,TalkingFace/IP_LAP,id31,,0,9.863950729370117,-9.863950729370117,0.0,138.06260681152344,25.0,0.0,0.0,0.004870612174272537,0.003719390369951725,0.00556749664247036,0.00556749664247036
CelebDFv3,/root/Datasets/CelebDFv3/CelebDFv3/FAKE/TalkingFace/Real3DPortrait/id56_0009_test_id06104_I5L50wxtK8Q.mp4,TalkingFace/Real3DPortrait,id56,,0,-2.920109748840332,2.920109748840332,0.0,201.94480895996094,25.0,0.0,0.0,0.011618290096521378,0.005781406536698341,0.007692554499953985,0.007692554499953985
CelebDFv3,/root/Datasets/CelebDFv3/CelebDFv3/FAKE/TalkingFace/SadTalker/id23_0007_test_id01593_xYSFA0pJBl0.mp4,TalkingFace/SadTalker,id23,,0,3.0774340629577637,-3.0774340629577637,0.0,324.3355712890625,25.0,0.0,0.0,0.0018743827240541577,0.004849531222134829,0.005576740950345993,0.005248697474598885
CelebDFv3,/root/Datasets/CelebDFv3/CelebDFv3/FAKE/FaceReenact/DaGAN/id31_id17_0005.mp4,FaceReenact/DaGAN,id31,id17,0,3.846553325653076,-3.846553325653076,0.0,140.82717895507812,30.0,0.0,0.0,0.011000283062458038,0.010015043430030346,0.007677494082599878,0.007677494082599878
CelebDFv3,/root/Datasets/CelebDFv3/CelebDFv3/FAKE/FaceReenact/FSRT/id26_id30_0004.mp4,FaceReenact/FSRT,id26,id30,0,1.3274141550064087,-1.3274141550064087,0.0,137.08120727539062,20.0,0.0,0.0,0.011134946718811989,0.011410409584641457,0.006078737787902355,0.006078737787902355
CelebDFv3,/root/Datasets/CelebDFv3/CelebDFv3/FAKE/FaceReenact/HyperReenact/id31_id37_0004.mp4,FaceReenact/HyperReenact,id31,id37,0,6.988718032836914,-6.988718032836914,0.0,221.84225463867188,25.0,0.0,0.0,0.002816575113683939,0.0019319683779031038,0.007180222775787115,0.007180222775787115
CelebDFv3,/root/Datasets/CelebDFv3/CelebDFv3/FAKE/FaceReenact/LIA/id25_id21_0002.mp4,FaceReenact/LIA,id25,id21,0,-2.157876968383789,2.157876968383789,0.0,163.671142578125,30.0,0.0,0.0,0.010728215798735619,0.017324000597000122,0.00917954370379448,0.00917954370379448
CelebDFv3,/root/Datasets/CelebDFv3/CelebDFv3/FAKE/FaceReenact/LivePortrait/id22_id20_0002.mp4,FaceReenact/LivePortrait,id22,id20,0,2.122972249984741,-2.122972249984741,0.0,144.40115356445312,30.0,0.0,0.0,0.006378067657351494,0.005002492107450962,0.0036128803621977568,0.006421211175620556
CelebDFv3,/root/Datasets/CelebDFv3/CelebDFv3/FAKE/FaceReenact/MCNET/id23_id30_0009.mp4,FaceReenact/MCNET,id23,id30,0,1.8648264408111572,-1.8648264408111572,0.0,158.03724670410156,30.0,0.0,0.0,0.00729690957814455,0.002537096617743373,0.006221718154847622,0.006221718154847622
CelebDFv3,/root/Datasets/CelebDFv3/CelebDFv3/FAKE/FaceReenact/TPSMM/id22_id26_0005.mp4,FaceReenact/TPSMM,id22,id26,0,1.081958293914795,-1.081958293914795,0.0,104.74400329589844,30.0,0.0,0.0,0.0033494457602500916,0.0033900365233421326,0.002503432799130678,0.002503432799130678
CelebDFv3,/root/Datasets/CelebDFv3/CelebDFv3/FAKE/FaceSwap/BlendFace/id26_id37_0003.mp4,FaceSwap/BlendFace,id26,id37,0,-7.447876453399658,7.447876453399658,0.0,370.1441345214844,30.0,0.0,0.0,0.006049005314707756,0.006721234880387783,0.0025354071985930204,0.004555138293653727
CelebDFv3,/root/Datasets/CelebDFv3/CelebDFv3/FAKE/FaceSwap/Celeb-DF-v2/id54_id49_0009.mp4,FaceSwap/Celeb-DF-v2,id54,id49,0,2.6737804412841797,-2.6737804412841797,0.0,96.87826538085938,30.0,0.0,0.0,0.015954462811350822,0.01547752320766449,0.002257827902212739,0.004043306689709425
CelebDFv3,/root/Datasets/CelebDFv3/CelebDFv3/FAKE/FaceSwap/GHOST/id26_id28_0002.mp4,FaceSwap/GHOST,id26,id28,0,-0.36425283551216125,0.36425283551216125,0.0,103.64608764648438,30.0,0.0,0.0,0.006138419266790152,0.01670513115823269,0.0035228626802563667,0.0063292114064097404
CelebDFv3,/root/Datasets/CelebDFv3/CelebDFv3/FAKE/FaceSwap/HifiFace/id56_id50_0002.mp4,FaceSwap/HifiFace,id56,id50,0,-2.4666199684143066,2.4666199684143066,0.0,145.0883331298828,30.0,0.0,0.0,0.006915190257132053,0.0042769573628902435,0.0033461502753198147,0.005992268677800894
CelebDFv3,/root/Datasets/CelebDFv3/CelebDFv3/FAKE/FaceSwap/InSwapper/id11_id7_0008.mp4,FaceSwap/InSwapper,id11,id7,0,-8.03470516204834,8.03470516204834,0.0,106.99162292480469,30.0,0.0,0.0,0.01351266447454691,0.06308884173631668,0.03986838459968567,0.07574993371963501
CelebDFv3,/root/Datasets/CelebDFv3/CelebDFv3/FAKE/FaceSwap/MobileFaceSwap/id51_id50_0007.mp4,FaceSwap/MobileFaceSwap,id51,id50,0,0.9466639757156372,-0.9466639757156372,0.0,149.46046447753906,30.0,0.0,0.0,0.003232837887480855,0.0033492357470095158,0.0014791383873671293,0.002648833440616727
CelebDFv3,/root/Datasets/CelebDFv3/CelebDFv3/FAKE/FaceSwap/SimSwap/id23_id2_0005.mp4,FaceSwap/SimSwap,id23,id2,0,5.401751518249512,-5.401751518249512,0.0,124.11284637451172,30.0,0.0,0.0,0.006309295538812876,0.0022486282978206873,0.0025869018863886595,0.0052953362464904785
CelebDFv3,/root/Datasets/CelebDFv3/CelebDFv3/FAKE/FaceSwap/UniFace/id31_id21_0002.mp4,FaceSwap/UniFace,id31,id21,0,3.60942006111145,-3.60942006111145,0.0,153.1082763671875,30.0,0.0,0.0,0.024106085300445557,0.04913683235645294,0.016611982136964798,0.029915645718574524
CelebDFv3,/root/Datasets/CelebDFv3/CelebDFv3/FAKE/TalkingFace/AniTalker/id11_0001_test_id04478_Rk34ptLauAE.mp4,TalkingFace/AniTalker,id11,,0,-1.0481724739074707,1.0481724739074707,0.0,129.1674346923828,25.0,0.0,0.0,0.005506763234734535,0.005149421282112598,0.006015837658196688,0.006015837658196688
CelebDFv3,/root/Datasets/CelebDFv3/CelebDFv3/FAKE/TalkingFace/EDTalk/id23_0006_test_id06104_D84wde8JJ_k.mp4,TalkingFace/EDTalk,id23,,0,14.66134262084961,-14.66134262084961,0.0,192.49325561523438,25.0,0.0,0.0,0.011276663281023502,0.011598857119679451,0.007549681700766087,0.007549681700766087
CelebDFv3,/root/Datasets/CelebDFv3/CelebDFv3/FAKE/TalkingFace/EchoMimic/id56_0009_test_id01437_LgnNNq3sfPY.mp4,TalkingFace/EchoMimic,id56,,0,-5.412073135375977,5.412073135375977,0.0,241.4290313720703,24.0,0.0,0.0,0.007402891293168068,0.012198444455862045,0.009714677929878235,0.009714677929878235
CelebDFv3,/root/Datasets/CelebDFv3/CelebDFv3/FAKE/TalkingFace/FLOAT/id22_0000_test_id00419_we1bS7x83WQ.mp4,TalkingFace/FLOAT,id22,,0,-0.4477424621582031,0.4477424621582031,0.0,122.63912963867188,25.0,0.0,0.0,0.010649723000824451,0.009138254448771477,0.0137441735714674,0.0137441735714674
CelebDFv3,/root/Datasets/CelebDFv3/CelebDFv3/FAKE/TalkingFace/IP_LAP/id25_0006_test_id04862_S-gP56qMDiI.mp4,TalkingFace/IP_LAP,id25,,0,2.612279176712036,-2.612279176712036,0.0,344.67633056640625,25.0,0.0,0.0,0.003295822301879525,0.0039246524684131145,0.005618206225335598,0.005618206225335598
CelebDFv3,/root/Datasets/CelebDFv3/CelebDFv3/FAKE/TalkingFace/Real3DPortrait/id25_0006_test_id03347_iLd-6KT2Y2Q.mp4,TalkingFace/Real3DPortrait,id25,,0,12.748631477355957,-12.748631477355957,0.0,340.1142272949219,25.0,1.0,0.25,0.008095182478427887,0.006516773719340563,0.008382543921470642,0.008382543921470642
CelebDFv3,/root/Datasets/CelebDFv3/CelebDFv3/FAKE/TalkingFace/SadTalker/id23_0008_test_id06811_Y6PB7tt3VPc.mp4,TalkingFace/SadTalker,id23,,0,-1.9927444458007812,1.9927444458007812,0.0,143.51744079589844,25.0,0.0,0.0,0.0023783128708601,0.007095388136804104,0.008082596585154533,0.008082596585154533
CelebDFv3,/root/Datasets/CelebDFv3/CelebDFv3/FAKE/FaceReenact/DaGAN/id51_id56_0005.mp4,FaceReenact/DaGAN,id51,id56,0,-4.236863136291504,4.236863136291504,0.0,191.9456329345703,29.920000076293945,0.0,0.0,0.006729975808411837,0.00905691646039486,0.008053119294345379,0.008053119294345379
CelebDFv3,/root/Datasets/CelebDFv3/CelebDFv3/FAKE/FaceReenact/FSRT/id26_id33_0001.mp4,FaceReenact/FSRT,id26,id33,0,0.3078387975692749,-0.3078387975692749,0.0,132.2150115966797,20.0,1.0,0.140625,0.029233915731310844,0.023875927552580833,0.010315103456377983,0.010315103456377983
CelebDFv3,/root/Datasets/CelebDFv3/CelebDFv3/FAKE/FaceReenact/HyperReenact/id25_id22_0002.mp4,FaceReenact/HyperReenact,id25,id22,0,-0.9655145406723022,0.9655145406723022,0.0,127.21605682373047,25.0,0.0,0.0,0.007263052277266979,0.003640386974439025,0.005991294514387846,0.005991294514387846
CelebDFv3,/root/Datasets/CelebDFv3/CelebDFv3/FAKE/FaceReenact/LIA/id31_id35_0006.mp4,FaceReenact/LIA,id31,id35,0,0.1673620343208313,-0.1673620343208313,0.0,267.0465087890625,30.0,1.0,0.140625,0.015625830739736557,0.008763385005295277,0.005210908129811287,0.005210908129811287
CelebDFv3,/root/Datasets/CelebDFv3/CelebDFv3/FAKE/FaceReenact/LivePortrait/id26_id20_0000.mp4,FaceReenact/LivePortrait,id26,id20,0,3.1678645610809326,-3.1678645610809326,0.0,155.32046508789062,30.0,1.0,0.515625,0.0038693740498274565,0.016407502815127373,0.010265248827636242,0.018442651256918907
CelebDFv3,/root/Datasets/CelebDFv3/CelebDFv3/FAKE/FaceReenact/MCNET/id23_id38_0001.mp4,FaceReenact/MCNET,id23,id38,0,0.8409821391105652,-0.8409821391105652,0.0,137.29881286621094,30.0,0.0,0.0,0.01705976575613022,0.006772709544748068,0.013277877122163773,0.013277877122163773
CelebDFv3,/root/Datasets/CelebDFv3/CelebDFv3/FAKE/FaceReenact/TPSMM/id23_id9_0006.mp4,FaceReenact/TPSMM,id23,id9,0,10.020859718322754,-10.020859718322754,0.0,155.72010803222656,30.0,0.0,0.0,0.013973983936011791,0.010851482860744,0.006298127118498087,0.006298127118498087
CelebDFv3,/root/Datasets/CelebDFv3/CelebDFv3/FAKE/FaceSwap/BlendFace/id23_id20_0001.mp4,FaceSwap/BlendFace,id23,id20,0,3.587161064147949,-3.587161064147949,0.0,137.9824676513672,30.0,0.0,0.0,0.0021648176480084658,0.003941121511161327,0.0015439387643709779,0.0027440593112260103
CelebDFv3,/root/Datasets/CelebDFv3/CelebDFv3/FAKE/FaceSwap/Celeb-DF-v2/id56_id58_0000.mp4,FaceSwap/Celeb-DF-v2,id56,id58,0,-1.4925026893615723,1.4925026893615723,0.0,110.36614990234375,30.0,0.0,0.0,0.003552054986357689,0.0047732144594192505,0.001957386266440153,0.0035052779130637646
CelebDFv3,/root/Datasets/CelebDFv3/CelebDFv3/FAKE/FaceSwap/GHOST/id11_id7_0009.mp4,FaceSwap/GHOST,id11,id7,0,1.722065806388855,-1.722065806388855,0.0,109.29243469238281,30.0,0.0,0.0,0.002274750266224146,0.0028478498570621014,0.0009068695362657309,0.0017230521189048886
CelebDFv3,/root/Datasets/CelebDFv3/CelebDFv3/FAKE/FaceSwap/HifiFace/id26_id28_0002.mp4,FaceSwap/HifiFace,id26,id28,0,-0.7384482622146606,0.7384482622146606,0.0,100.61055755615234,30.0,1.0,0.015625,0.006198990624397993,0.016500048339366913,0.003827461041510105,0.006876455619931221
CelebDFv3,/root/Datasets/CelebDFv3/CelebDFv3/FAKE/FaceSwap/InSwapper/id23_id35_0005.mp4,FaceSwap/InSwapper,id23,id35,0,4.047050952911377,-4.047050952911377,0.0,116.12776184082031,30.0,0.0,0.0,0.00633449200540781,0.0024976483546197414,0.003897386137396097,0.007977870292961597
CelebDFv3,/root/Datasets/CelebDFv3/CelebDFv3/FAKE/FaceSwap/MobileFaceSwap/id31_id38_0001.mp4,FaceSwap/MobileFaceSwap,id31,id38,0,5.650897979736328,-5.650897979736328,0.0,147.60450744628906,30.0,0.0,0.0,0.0022756264079362154,0.002790038473904133,0.0018218886107206345,0.0032809434924274683
CelebDFv3,/root/Datasets/CelebDFv3/CelebDFv3/FAKE/FaceSwap/SimSwap/id25_id20_0003.mp4,FaceSwap/SimSwap,id25,id20,0,-4.515298366546631,4.515298366546631,0.0,214.50648498535156,30.0,0.0,0.0,0.008570162579417229,0.00717172073200345,0.0024278892669826746,0.0043722582049667835
CelebDFv3,/root/Datasets/CelebDFv3/CelebDFv3/FAKE/FaceSwap/UniFace/id31_id33_0005.mp4,FaceSwap/UniFace,id31,id33,0,4.340296268463135,-4.340296268463135,0.0,176.33360290527344,30.0,0.0,0.0,0.004754781723022461,0.004417826421558857,0.0022769474890083075,0.004100434947758913
CelebDFv3,/root/Datasets/CelebDFv3/CelebDFv3/FAKE/TalkingFace/AniTalker/id48_0007_test_id06209_HXpylMleqDk.mp4,TalkingFace/AniTalker,id48,,0,5.732236862182617,-5.732236862182617,0.0,122.07614135742188,25.0,0.0,0.0,0.004524461925029755,0.0032635810784995556,0.005649274680763483,0.005649274680763483
CelebDFv3,/root/Datasets/CelebDFv3/CelebDFv3/FAKE/TalkingFace/EDTalk/id25_0004_test_id01509_I6T7sh7T2lU.mp4,TalkingFace/EDTalk,id25,,0,5.945383071899414,-5.945383071899414,0.0,111.48131561279297,25.0,0.0,0.0,0.01153695210814476,0.0097772516310215,0.0045295171439647675,0.0045295171439647675
CelebDFv3,/root/Datasets/CelebDFv3/CelebDFv3/FAKE/TalkingFace/EchoMimic/id23_0001_test_id04478_nhLuGj0vGb8.mp4,TalkingFace/EchoMimic,id23,,0,-1.2245808839797974,1.2245808839797974,0.0,166.0536651611328,24.0,0.0,0.0,0.010634510777890682,0.008925966918468475,0.0056867534294724464,0.0056867534294724464
CelebDFv3,/root/Datasets/CelebDFv3/CelebDFv3/FAKE/TalkingFace/FLOAT/id26_0005_test_id09017_oF8cALd6lU0.mp4,TalkingFace/FLOAT,id26,,0,-3.284553050994873,3.284553050994873,0.0,185.2765655517578,25.0,0.0,0.0,0.022160235792398453,0.01092914305627346,0.010006715543568134,0.010006715543568134
CelebDFv3,/root/Datasets/CelebDFv3/CelebDFv3/FAKE/TalkingFace/IP_LAP/id48_0003_test_id02542_gMKSu2wZpAA.mp4,TalkingFace/IP_LAP,id48,,0,0.4469868838787079,-0.4469868838787079,0.0,98.87333679199219,25.0,0.0,0.0,0.017005518078804016,0.006757506635040045,0.011917167343199253,0.011917167343199253
CelebDFv3,/root/Datasets/CelebDFv3/CelebDFv3/FAKE/TalkingFace/Real3DPortrait/id59_0002_test_id05055_vecDm0cNDVs.mp4,TalkingFace/Real3DPortrait,id59,,0,-3.4405505657196045,3.4405505657196045,0.0,258.6914978027344,25.0,1.0,1.0,0.0,0.0,0.0,0.0
CelebDFv3,/root/Datasets/CelebDFv3/CelebDFv3/FAKE/TalkingFace/SadTalker/id22_0007_test_id01822_zYv_noZ6yqw.mp4,TalkingFace/SadTalker,id22,,0,-12.808937072753906,12.808937072753906,0.0,400.35565185546875,25.0,0.0,0.0,0.0035912347957491875,0.0070665511302649975,0.004746869206428528,0.004746869206428528
CelebDFv3,/root/Datasets/CelebDFv3/CelebDFv3/FAKE/FaceReenact/DaGAN/id26_id1_0000.mp4,FaceReenact/DaGAN,id26,id1,0,7.024371147155762,-7.024371147155762,0.0,163.22837829589844,30.0,0.0,0.0,0.01333506777882576,0.0030965793412178755,0.012542957440018654,0.012542957440018654
CelebDFv3,/root/Datasets/CelebDFv3/CelebDFv3/FAKE/FaceReenact/FSRT/id56_id54_0001.mp4,FaceReenact/FSRT,id56,id54,0,4.355432510375977,-4.355432510375977,0.0,137.81419372558594,20.0,0.0,0.0,0.015472211875021458,0.01835104450583458,0.014233732596039772,0.014233732596039772
CelebDFv3,/root/Datasets/CelebDFv3/CelebDFv3/FAKE/FaceReenact/HyperReenact/id31_id20_0003.mp4,FaceReenact/HyperReenact,id31,id20,0,-3.0579493045806885,3.0579493045806885,0.0,124.53020477294922,25.0,0.0,0.0,0.003087276592850685,0.0018507897621020675,0.006619656924158335,0.006619656924158335
CelebDFv3,/root/Datasets/CelebDFv3/CelebDFv3/FAKE/FaceReenact/LIA/id31_id38_0004.mp4,FaceReenact/LIA,id31,id38,0,-7.454254150390625,7.454254150390625,0.0,254.41513061523438,30.0,0.0,0.0,0.01328328624367714,0.005273809190839529,0.004730279557406902,0.004730279557406902
CelebDFv3,/root/Datasets/CelebDFv3/CelebDFv3/FAKE/FaceReenact/LivePortrait/id31_id29_0000.mp4,FaceReenact/LivePortrait,id31,id29,0,1.1620466709136963,-1.1620466709136963,0.0,114.41364288330078,30.0,0.0,0.0,0.004465673118829727,0.00377670768648386,0.0022046188823878765,0.0039701820351183414
CelebDFv3,/root/Datasets/CelebDFv3/CelebDFv3/FAKE/FaceReenact/MCNET/id56_id52_0002.mp4,FaceReenact/MCNET,id56,id52,0,4.1787519454956055,-4.1787519454956055,0.0,107.16533660888672,30.0,1.0,0.09375,0.009110957384109497,0.005096038803458214,0.005524564068764448,0.005524564068764448
CelebDFv3,/root/Datasets/CelebDFv3/CelebDFv3/FAKE/FaceReenact/TPSMM/id31_id26_0000.mp4,FaceReenact/TPSMM,id31,id26,0,2.4335927963256836,-2.4335927963256836,0.0,128.58392333984375,30.0,0.0,0.0,0.006066549569368362,0.0021917568519711494,0.008112728595733643,0.008112728595733643
CelebDFv3,/root/Datasets/CelebDFv3/CelebDFv3/FAKE/FaceSwap/BlendFace/id31_id6_0005.mp4,FaceSwap/BlendFace,id31,id6,0,7.004594326019287,-7.004594326019287,0.0,138.93826293945312,30.0,0.0,0.0,0.004928262904286385,0.004625341854989529,0.00256029749289155,0.004610705189406872
CelebDFv3,/root/Datasets/CelebDFv3/CelebDFv3/FAKE/FaceSwap/Celeb-DF-v2/id51_id54_0009.mp4,FaceSwap/Celeb-DF-v2,id51,id54,0,-6.032505512237549,6.032505512237549,0.0,109.84237670898438,30.0,0.0,0.0,0.007576643489301205,0.004693896509706974,0.0035230889916419983,0.006309129763394594
CelebDFv3,/root/Datasets/CelebDFv3/CelebDFv3/FAKE/FaceSwap/GHOST/id26_id31_0008.mp4,FaceSwap/GHOST,id26,id31,0,-2.2512612342834473,2.2512612342834473,0.0,161.46278381347656,30.0,0.0,0.0,0.006715255789458752,0.004737684968858957,0.002747549908235669,0.005003180354833603
CelebDFv3,/root/Datasets/CelebDFv3/CelebDFv3/FAKE/FaceSwap/HifiFace/id26_id27_0008.mp4,FaceSwap/HifiFace,id26,id27,0,-0.5082086324691772,0.5082086324691772,0.0,182.55374145507812,30.0,0.0,0.0,0.006241125985980034,0.00476393848657608,0.0026768126990646124,0.004874370526522398
CelebDFv3,/root/Datasets/CelebDFv3/CelebDFv3/FAKE/FaceSwap/InSwapper/id23_id4_0009.mp4,FaceSwap/InSwapper,id23,id4,0,-3.097773551940918,3.097773551940918,0.0,152.6376953125,30.0,0.0,0.0,0.004303177818655968,0.004233758896589279,0.002717014169320464,0.003597326809540391
CelebDFv3,/root/Datasets/CelebDFv3/CelebDFv3/FAKE/FaceSwap/MobileFaceSwap/id48_id40_0001.mp4,FaceSwap/MobileFaceSwap,id48,id40,0,-6.042224884033203,6.042224884033203,0.0,100.76994323730469,30.0,0.0,0.0,0.004503102041780949,0.005709975026547909,0.002467281650751829,0.004405860789120197
CelebDFv3,/root/Datasets/CelebDFv3/CelebDFv3/FAKE/FaceSwap/SimSwap/id31_id34_0009.mp4,FaceSwap/SimSwap,id31,id34,0,4.643608570098877,-4.643608570098877,0.0,137.3917236328125,30.0,1.0,0.015625,0.0028241088148206472,0.004304319154471159,0.004348298069089651,0.007830620743334293
CelebDFv3,/root/Datasets/CelebDFv3/CelebDFv3/FAKE/FaceSwap/UniFace/id23_id25_0002.mp4,FaceSwap/UniFace,id23,id25,0,-0.937245786190033,0.937245786190033,0.0,99.01103210449219,30.0,0.0,0.0,0.009473543614149094,0.011244382709264755,0.003184797940775752,0.005660376511514187
CelebDFv3,/root/Datasets/CelebDFv3/CelebDFv3/FAKE/TalkingFace/AniTalker/id26_0007_test_id01106_q01vvmTSJ9I.mp4,TalkingFace/AniTalker,id26,,0,-8.238781929016113,8.238781929016113,0.0,448.77398681640625,25.0,0.0,0.0,0.0062848241068422794,0.006871049292385578,0.007500955834984779,0.007500955834984779
CelebDFv3,/root/Datasets/CelebDFv3/CelebDFv3/FAKE/TalkingFace/EDTalk/id48_0003_test_id04627_IjO3LUCaYLE.mp4,TalkingFace/EDTalk,id48,,0,4.360071659088135,-4.360071659088135,0.0,110.13325500488281,25.0,0.0,0.0,0.011292809620499611,0.009527931921184063,0.00846872664988041,0.00846872664988041
CelebDFv3,/root/Datasets/CelebDFv3/CelebDFv3/FAKE/TalkingFace/EchoMimic/id26_0000_test_id01460_9-RADuWsPHI.mp4,TalkingFace/EchoMimic,id26,,0,8.680618286132812,-8.680618286132812,0.0,164.51795959472656,24.0,0.0,0.0,0.004642255138605833,0.009584191255271435,0.005392174236476421,0.005392174236476421
CelebDFv3,/root/Datasets/CelebDFv3/CelebDFv3/FAKE/TalkingFace/FLOAT/id48_0005_test_id03862_CzGa5PRwiaY.mp4,TalkingFace/FLOAT,id48,,0,-0.85555499792099,0.85555499792099,0.0,148.79554748535156,25.0,0.0,0.0,0.018430162221193314,0.006559606641530991,0.0062295920215547085,0.0062295920215547085
CelebDFv3,/root/Datasets/CelebDFv3/CelebDFv3/FAKE/TalkingFace/IP_LAP/id48_0002_test_id01333_gujKn7v2CJg.mp4,TalkingFace/IP_LAP,id48,,0,0.6992934942245483,-0.6992934942245483,0.0,121.56084442138672,25.0,0.0,0.0,0.005965333431959152,0.004744932521134615,0.007014274597167969,0.007014274597167969
CelebDFv3,/root/Datasets/CelebDFv3/CelebDFv3/FAKE/TalkingFace/Real3DPortrait/id25_0004_test_id02685_byOnPiS1aKc.mp4,TalkingFace/Real3DPortrait,id25,,0,10.739133834838867,-10.739133834838867,0.0,126.45189666748047,25.0,0.0,0.0,0.011025374755263329,0.00684658158570528,0.008320323191583157,0.008320323191583157
CelebDFv3,/root/Datasets/CelebDFv3/CelebDFv3/FAKE/TalkingFace/SadTalker/id56_0000_test_id06692_EC9TCRJkBhI.mp4,TalkingFace/SadTalker,id56,,0,3.319399118423462,-3.319399118423462,0.0,123.21456146240234,25.0,1.0,0.0625,0.0028453601989895105,0.005098334047943354,0.007166620343923569,0.007166620343923569
CelebDFv3,/root/Datasets/CelebDFv3/CelebDFv3/FAKE/FaceReenact/DaGAN/id31_id38_0004.mp4,FaceReenact/DaGAN,id31,id38,0,4.740262031555176,-4.740262031555176,0.0,193.71688842773438,30.0,1.0,0.03125,0.014680571854114532,0.003715761937201023,0.012143190950155258,0.012143190950155258
CelebDFv3,/root/Datasets/CelebDFv3/CelebDFv3/FAKE/FaceReenact/FSRT/id11_id7_0004.mp4,FaceReenact/FSRT,id11,id7,0,4.767411231994629,-4.767411231994629,0.0,196.81597900390625,20.0,0.0,0.0,0.007084867917001247,0.0027410327456891537,0.007018147502094507,0.007018147502094507
CelebDFv3,/root/Datasets/CelebDFv3/CelebDFv3/FAKE/FaceReenact/HyperReenact/id25_id28_0002.mp4,FaceReenact/HyperReenact,id25,id28,0,1.6384798288345337,-1.6384798288345337,0.0,147.0776824951172,25.0,1.0,0.703125,0.002252869540825486,0.0008587351767346263,0.005294016562402248,0.005294016562402248
CelebDFv3,/root/Datasets/CelebDFv3/CelebDFv3/FAKE/FaceReenact/LIA/id54_id55_0008.mp4,FaceReenact/LIA,id54,id55,0,-1.0003010034561157,1.0003010034561157,0.0,177.90760803222656,30.0,0.0,0.0,0.013890490867197514,0.0045867543667554855,0.0072226072661578655,0.0072226072661578655
CelebDFv3,/root/Datasets/CelebDFv3/CelebDFv3/FAKE/FaceReenact/LivePortrait/id51_id57_0008.mp4,FaceReenact/LivePortrait,id51,id57,0,-4.655591011047363,4.655591011047363,0.0,115.05535125732422,29.0,0.0,0.0,0.0021861440036445856,0.0027973372489213943,0.001724964240565896,0.00308905728161335
CelebDFv3,/root/Datasets/CelebDFv3/CelebDFv3/FAKE/FaceReenact/MCNET/id23_id9_0009.mp4,FaceReenact/MCNET,id23,id9,0,2.745725154876709,-2.745725154876709,0.0,137.120849609375,30.0,1.0,0.015625,0.012229183688759804,0.02084343135356903,0.029084011912345886,0.029084011912345886
CelebDFv3,/root/Datasets/CelebDFv3/CelebDFv3/FAKE/FaceReenact/TPSMM/id23_id2_0007.mp4,FaceReenact/TPSMM,id23,id2,0,7.4487409591674805,-7.4487409591674805,0.0,135.18313598632812,30.0,1.0,0.015625,0.008639954961836338,0.006628300063312054,0.005241748411208391,0.005241748411208391
CelebDFv3,/root/Datasets/CelebDFv3/CelebDFv3/FAKE/FaceSwap/BlendFace/id8_id7_0008.mp4,FaceSwap/BlendFace,id8,id7,0,-3.289031505584717,3.289031505584717,0.0,149.4092559814453,30.0,0.0,0.0,0.002387620974332094,0.0028357496485114098,0.0008868521545082331,0.0016708294861018658
CelebDFv3,/root/Datasets/CelebDFv3/CelebDFv3/FAKE/FaceSwap/Celeb-DF-v2/id23_id28_0003.mp4,FaceSwap/Celeb-DF-v2,id23,id28,0,-3.0005457401275635,3.0005457401275635,0.0,112.07808685302734,30.0,0.0,0.0,0.003972272388637066,0.002640615915879607,0.001401010318659246,0.002490030834451318
CelebDFv3,/root/Datasets/CelebDFv3/CelebDFv3/FAKE/FaceSwap/GHOST/id26_id0_0001.mp4,FaceSwap/GHOST,id26,id0,0,0.559980034828186,-0.559980034828186,0.0,115.99224853515625,30.0,0.0,0.0,0.008743105456233025,0.005361604504287243,0.001822113525122404,0.0032736274879425764
CelebDFv3,/root/Datasets/CelebDFv3/CelebDFv3/FAKE/FaceSwap/HifiFace/id56_id57_0001.mp4,FaceSwap/HifiFace,id56,id57,0,0.9113951921463013,-0.9113951921463013,0.0,157.01588439941406,30.0,0.0,0.0,0.003302276134490967,0.009368396364152431,0.0027398730162531137,0.004906550515443087
CelebDFv3,/root/Datasets/CelebDFv3/CelebDFv3/FAKE/FaceSwap/InSwapper/id31_id34_0004.mp4,FaceSwap/InSwapper,id31,id34,0,5.818419933319092,-5.818419933319092,0.0,212.13710021972656,30.0,0.0,0.0,0.004718180745840073,0.0029968558810651302,0.0022950831335037947,0.004133094567805529
CelebDFv3,/root/Datasets/CelebDFv3/CelebDFv3/FAKE/FaceSwap/MobileFaceSwap/id23_id34_0009.mp4,FaceSwap/MobileFaceSwap,id23,id34,0,2.0771915912628174,-2.0771915912628174,0.0,141.84481811523438,30.0,0.0,0.0,0.003899109549820423,0.004046508576720953,0.0028122139628976583,0.003723371308296919
CelebDFv3,/root/Datasets/CelebDFv3/CelebDFv3/FAKE/FaceSwap/SimSwap/id25_id28_0005.mp4,FaceSwap/SimSwap,id25,id28,0,3.514294147491455,-3.514294147491455,0.0,83.82596588134766,30.0,0.0,0.0,0.011768762022256851,0.002972371643409133,0.0033901056740432978,0.005030916538089514
CelebDFv3,/root/Datasets/CelebDFv3/CelebDFv3/FAKE/FaceSwap/UniFace/id48_id45_0004.mp4,FaceSwap/UniFace,id48,id45,0,-5.090640068054199,5.090640068054199,0.0,140.79217529296875,30.0,0.0,0.0,0.0023633968085050583,0.00257645221427083,0.0018381545087322593,0.003282418940216303
CelebDFv3,/root/Datasets/CelebDFv3/CelebDFv3/FAKE/TalkingFace/AniTalker/id23_0006_test_id06104_D84wde8JJ_k.mp4,TalkingFace/AniTalker,id23,,0,24.163314819335938,-24.163314819335938,0.0,169.75466918945312,25.0,0.0,0.0,0.006537923589348793,0.005716069135814905,0.005570919252932072,0.005570919252932072
CelebDFv3,/root/Datasets/CelebDFv3/CelebDFv3/FAKE/TalkingFace/EDTalk/id22_0009_test_id00562_0Zh6t-f8MsY.mp4,TalkingFace/EDTalk,id22,,0,2.9713430404663086,-2.9713430404663086,0.0,114.1261978149414,25.0,0.0,0.0,0.011509057134389877,0.012497063726186752,0.008623475208878517,0.008623475208878517
CelebDFv3,/root/Datasets/CelebDFv3/CelebDFv3/FAKE/TalkingFace/EchoMimic/id25_0004_test_id02685_byOnPiS1aKc.mp4,TalkingFace/EchoMimic,id25,,0,1.811884880065918,-1.811884880065918,0.0,119.99950408935547,24.0,0.0,0.0,0.012468558736145496,0.009890321642160416,0.007185086607933044,0.007185086607933044
CelebDFv3,/root/Datasets/CelebDFv3/CelebDFv3/FAKE/TalkingFace/FLOAT/id48_0006_test_id08392_AiCBF9JW-d8.mp4,TalkingFace/FLOAT,id48,,0,5.627354621887207,-5.627354621887207,0.0,117.684814453125,25.0,0.0,0.0,0.012557165697216988,0.010300926864147186,0.008711094968020916,0.008711094968020916
CelebDFv3,/root/Datasets/CelebDFv3/CelebDFv3/FAKE/TalkingFace/IP_LAP/id56_0008_test_id08696_B8nZX3w62Fg.mp4,TalkingFace/IP_LAP,id56,,0,6.15924072265625,-6.15924072265625,0.0,105.50204467773438,25.0,1.0,0.046875,0.018202926963567734,0.007221558131277561,0.007737753912806511,0.007737753912806511
CelebDFv3,/root/Datasets/CelebDFv3/CelebDFv3/FAKE/TalkingFace/Real3DPortrait/id23_0003_test_id05055_n6FlxBOgOy4.mp4,TalkingFace/Real3DPortrait,id23,,0,2.0552806854248047,-2.0552806854248047,0.0,116.2252426147461,25.0,0.0,0.0,0.013209311291575432,0.006600910797715187,0.004006119444966316,0.004006119444966316
CelebDFv3,/root/Datasets/CelebDFv3/CelebDFv3/FAKE/TalkingFace/SadTalker/id54_0001_test_id03978_cLsHB_wl6DE.mp4,TalkingFace/SadTalker,id54,,0,-2.70481276512146,2.70481276512146,0.0,234.10833740234375,25.0,1.0,0.03125,0.002495008520781994,0.004189591854810715,0.006466404534876347,0.006466404534876347
CelebDFv3,/root/Datasets/CelebDFv3/CelebDFv3/FAKE/FaceReenact/DaGAN/id23_id29_0002.mp4,FaceReenact/DaGAN,id23,id29,0,4.940957546234131,-4.940957546234131,0.0,80.39283752441406,30.0,1.0,0.5625,0.013909788802266121,0.00938718393445015,0.024214787408709526,0.024214787408709526
CelebDFv3,/root/Datasets/CelebDFv3/CelebDFv3/FAKE/FaceReenact/FSRT/id59_id5_0004.mp4,FaceReenact/FSRT,id59,id5,0,-1.4648488759994507,1.4648488759994507,0.0,125.0495834350586,20.0,1.0,0.359375,0.024933496490120888,0.007106832694262266,0.005914904177188873,0.005914904177188873
CelebDFv3,/root/Datasets/CelebDFv3/CelebDFv3/FAKE/FaceReenact/HyperReenact/id26_id34_0006.mp4,FaceReenact/HyperReenact,id26,id34,0,-1.706479787826538,1.706479787826538,0.0,153.20989990234375,25.0,0.0,0.0,0.01582087017595768,0.0060109226033091545,0.011396312154829502,0.011396312154829502
CelebDFv3,/root/Datasets/CelebDFv3/CelebDFv3/FAKE/FaceReenact/LIA/id31_id2_0001.mp4,FaceReenact/LIA,id31,id2,0,13.4892578125,-13.4892578125,0.0,147.8984832763672,30.0,0.0,0.0,0.007373182103037834,0.0030036931857466698,0.004288183059543371,0.004288183059543371
CelebDFv3,/root/Datasets/CelebDFv3/CelebDFv3/FAKE/FaceReenact/LivePortrait/id11_id7_0000.mp4,FaceReenact/LivePortrait,id11,id7,0,-3.02388858795166,3.02388858795166,0.0,80.26709747314453,30.0,0.0,0.0,0.01936972327530384,0.004926531575620174,0.010743726044893265,0.009669353254139423
CelebDFv3,/root/Datasets/CelebDFv3/CelebDFv3/FAKE/FaceReenact/MCNET/id48_id45_0002.mp4,FaceReenact/MCNET,id48,id45,0,3.3036434650421143,-3.3036434650421143,0.0,103.9426040649414,30.0,1.0,0.109375,0.0157447699457407,0.016384324058890343,0.03215610235929489,0.03215610235929489
CelebDFv3,/root/Datasets/CelebDFv3/CelebDFv3/FAKE/FaceReenact/TPSMM/id26_id30_0004.mp4,FaceReenact/TPSMM,id26,id30,0,2.6580400466918945,-2.6580400466918945,0.0,128.55563354492188,30.0,0.0,0.0,0.014498730190098286,0.013854234479367733,0.006895528640598059,0.006895528640598059
CelebDFv3,/root/Datasets/CelebDFv3/CelebDFv3/FAKE/FaceSwap/BlendFace/id26_id20_0000.mp4,FaceSwap/BlendFace,id26,id20,0,2.59940242767334,-2.59940242767334,0.0,180.72499084472656,30.0,0.0,0.0,0.002008741023018956,0.0014323615469038486,0.0020699233282357454,0.003718845546245575
CelebDFv3,/root/Datasets/CelebDFv3/CelebDFv3/FAKE/FaceSwap/Celeb-DF-v2/id54_id53_0001.mp4,FaceSwap/Celeb-DF-v2,id54,id53,0,-1.9513212442398071,1.9513212442398071,0.0,158.8138885498047,30.0,0.0,0.0,0.006489557214081287,0.02095489203929901,0.00428936118260026,0.007681366056203842
CelebDFv3,/root/Datasets/CelebDFv3/CelebDFv3/FAKE/FaceSwap/GHOST/id48_id43_0008.mp4,FaceSwap/GHOST,id48,id43,0,-6.907182693481445,6.907182693481445,0.0,217.74420166015625,30.0,0.0,0.0,0.002467953134328127,0.0026531219482421875,0.002605471992865205,0.0025950500275939703
CelebDFv3,/root/Datasets/CelebDFv3/CelebDFv3/FAKE/FaceSwap/HifiFace/id23_id32_0007.mp4,FaceSwap/HifiFace,id23,id32,0,-0.275754451751709,0.275754451751709,0.0,122.03427124023438,30.0,0.0,0.0,0.010664711706340313,0.032831888645887375,0.005418858490884304,0.009506359696388245
CelebDFv3,/root/Datasets/CelebDFv3/CelebDFv3/FAKE/FaceSwap/InSwapper/id25_id28_0005.mp4,FaceSwap/InSwapper,id25,id28,0,0.24208205938339233,-0.24208205938339233,0.0,82.90872955322266,30.0,0.0,0.0,0.012267916463315487,0.003387554083019495,0.003970081452280283,0.005891600623726845
CelebDFv3,/root/Datasets/CelebDFv3/CelebDFv3/FAKE/FaceSwap/MobileFaceSwap/id51_id55_0000.mp4,FaceSwap/MobileFaceSwap,id51,id55,0,1.8093212842941284,-1.8093212842941284,0.0,96.51732635498047,30.0,0.0,0.0,0.007733128033578396,0.004142874851822853,0.006240381393581629,0.011175242252647877
CelebDFv3,/root/Datasets/CelebDFv3/CelebDFv3/FAKE/FaceSwap/SimSwap/id26_id29_0008.mp4,FaceSwap/SimSwap,id26,id29,0,-0.8193382024765015,0.8193382024765015,0.0,169.91351318359375,30.0,0.0,0.0,0.006372032221406698,0.005095542408525944,0.0034327630419284105,0.006250925362110138
CelebDFv3,/root/Datasets/CelebDFv3/CelebDFv3/FAKE/FaceSwap/UniFace/id31_id20_0002.mp4,FaceSwap/UniFace,id31,id20,0,2.633389949798584,-2.633389949798584,0.0,152.57830810546875,30.0,0.0,0.0,0.02139996364712715,0.04502319544553757,0.015105540864169598,0.027202775701880455
CelebDFv3,/root/Datasets/CelebDFv3/CelebDFv3/FAKE/TalkingFace/AniTalker/id59_0009_test_id03862_yHtRhESo9Q0.mp4,TalkingFace/AniTalker,id59,,0,9.948064804077148,-9.948064804077148,0.0,182.13284301757812,25.0,0.0,0.0,0.005744332913309336,0.0067107281647622585,0.00402793288230896,0.00402793288230896
CelebDFv3,/root/Datasets/CelebDFv3/CelebDFv3/FAKE/TalkingFace/EDTalk/id48_0007_test_id06209_HXpylMleqDk.mp4,TalkingFace/EDTalk,id48,,0,6.855385780334473,-6.855385780334473,0.0,119.47793579101562,25.0,0.0,0.0,0.015205209143459797,0.010565201751887798,0.009698198176920414,0.009698198176920414
CelebDFv3,/root/Datasets/CelebDFv3/CelebDFv3/FAKE/TalkingFace/EchoMimic/id51_0000_test_id03862__FGtg4jkcME.mp4,TalkingFace/EchoMimic,id51,,0,1.27003812789917,-1.27003812789917,0.0,99.03532409667969,24.0,0.0,0.0,0.04583802819252014,0.005544315557926893,0.012654471211135387,0.012654471211135387
CelebDFv3,/root/Datasets/CelebDFv3/CelebDFv3/FAKE/TalkingFace/FLOAT/id11_0005_test_id04094_BNAe-NhgItg.mp4,TalkingFace/FLOAT,id11,,0,-4.931667327880859,4.931667327880859,0.0,141.4505157470703,25.0,0.0,0.0,0.005952860228717327,0.005885748192667961,0.00540672242641449,0.00540672242641449
CelebDFv3,/root/Datasets/CelebDFv3/CelebDFv3/FAKE/TalkingFace/IP_LAP/id48_0009_test_id07961_l3Xn426T1IE.mp4,TalkingFace/IP_LAP,id48,,0,1.1356918811798096,-1.1356918811798096,0.0,126.19007110595703,25.0,0.0,0.0,0.012066523544490337,0.007631785701960325,0.007280456833541393,0.007280456833541393
CelebDFv3,/root/Datasets/CelebDFv3/CelebDFv3/FAKE/TalkingFace/Real3DPortrait/id59_0001_test_id08149_Ay1xwkYsNAE.mp4,TalkingFace/Real3DPortrait,id59,,0,-0.6149164438247681,0.6149164438247681,0.0,262.86700439453125,25.0,1.0,0.578125,0.0035086676944047213,0.004215691704303026,0.00730758486315608,0.00730758486315608
CelebDFv3,/root/Datasets/CelebDFv3/CelebDFv3/FAKE/TalkingFace/SadTalker/id48_0001_test_id02057_wZC3dqygHUE.mp4,TalkingFace/SadTalker,id48,,0,-7.572324275970459,7.572324275970459,0.0,117.08271026611328,25.0,0.0,0.0,0.001769535825587809,0.00515583623200655,0.00504968361929059,0.00504968361929059
CelebDFv3,/root/Datasets/CelebDFv3/CelebDFv3/FAKE/FaceReenact/DaGAN/id11_id7_0002.mp4,FaceReenact/DaGAN,id11,id7,0,5.675370216369629,-5.675370216369629,0.0,114.04945373535156,30.0,0.0,0.0,0.0055824266746640205,0.004348160699009895,0.006731532514095306,0.006731532514095306
CelebDFv3,/root/Datasets/CelebDFv3/CelebDFv3/FAKE/FaceReenact/FSRT/id23_id1_0002.mp4,FaceReenact/FSRT,id23,id1,0,6.607044219970703,-6.607044219970703,0.0,119.76052856445312,20.0,0.0,0.0,0.007151478435844183,0.0035069251898676157,0.007912378758192062,0.007912378758192062
CelebDFv3,/root/Datasets/CelebDFv3/CelebDFv3/FAKE/FaceReenact/HyperReenact/id26_id1_0004.mp4,FaceReenact/HyperReenact,id26,id1,0,0.9280861020088196,-0.9280861020088196,0.0,127.94036865234375,25.0,0.0,0.0,0.002863669767975807,0.00320321973413229,0.0034308459144085646,0.0034308459144085646
CelebDFv3,/root/Datasets/CelebDFv3/CelebDFv3/FAKE/FaceReenact/LIA/id48_id45_0007.mp4,FaceReenact/LIA,id48,id45,0,7.042332172393799,-7.042332172393799,0.0,109.29420471191406,30.0,1.0,0.046875,0.0070199198089540005,0.008629027754068375,0.008967931382358074,0.008967931382358074
CelebDFv3,/root/Datasets/CelebDFv3/CelebDFv3/FAKE/FaceReenact/LivePortrait/id23_id22_0002.mp4,FaceReenact/LivePortrait,id23,id22,0,2.364220380783081,-2.364220380783081,0.0,112.1400375366211,30.0,0.0,0.0,0.004459185525774956,0.004430401138961315,0.003108392935246229,0.0055245812982320786
CelebDFv3,/root/Datasets/CelebDFv3/CelebDFv3/FAKE/FaceReenact/MCNET/id25_id23_0000.mp4,FaceReenact/MCNET,id25,id23,0,0.07267946004867554,-0.07267946004867554,0.0,152.61444091796875,30.0,0.0,0.0,0.0066171614453196526,0.004960930440574884,0.006517683155834675,0.006517683155834675
CelebDFv3,/root/Datasets/CelebDFv3/CelebDFv3/FAKE/FaceReenact/TPSMM/id56_id58_0009.mp4,FaceReenact/TPSMM,id56,id58,0,-2.4107794761657715,2.4107794761657715,0.0,198.6047821044922,29.829999923706055,0.0,0.0,0.01701175794005394,0.008978680707514286,0.013558107428252697,0.013558107428252697
CelebDFv3,/root/Datasets/CelebDFv3/CelebDFv3/FAKE/FaceSwap/BlendFace/id31_id33_0000.mp4,FaceSwap/BlendFace,id31,id33,0,1.5058358907699585,-1.5058358907699585,0.0,125.12437438964844,30.0,0.0,0.0,0.0037655713967978954,0.007180423475801945,0.0053336648270487785,0.00960511714220047
CelebDFv3,/root/Datasets/CelebDFv3/CelebDFv3/FAKE/FaceSwap/Celeb-DF-v2/id54_id53_0005.mp4,FaceSwap/Celeb-DF-v2,id54,id53,0,0.2983706593513489,-0.2983706593513489,0.0,103.50878143310547,30.0,0.0,0.0,0.01756836660206318,0.003432932309806347,0.004606266971677542,0.008248879574239254
CelebDFv3,/root/Datasets/CelebDFv3/CelebDFv3/FAKE/FaceSwap/GHOST/id51_id54_0005.mp4,FaceSwap/GHOST,id51,id54,0,-6.723686695098877,6.723686695098877,0.0,177.2668914794922,30.0,0.0,0.0,0.008847988210618496,0.013586263172328472,0.0031605784315615892,0.005659948103129864
CelebDFv3,/root/Datasets/CelebDFv3/CelebDFv3/FAKE/FaceSwap/HifiFace/id56_id58_0006.mp4,FaceSwap/HifiFace,id56,id58,0,3.321420431137085,-3.321420431137085,0.0,98.00696563720703,30.0,0.0,0.0,0.008365537039935589,0.0048093232326209545,0.0020468863658607006,0.0036655538715422153
CelebDFv3,/root/Datasets/CelebDFv3/CelebDFv3/FAKE/FaceSwap/InSwapper/id48_id46_0005.mp4,FaceSwap/InSwapper,id48,id46,0,-1.6617047786712646,1.6617047786712646,0.0,149.42132568359375,30.0,0.0,0.0,0.0011280553881078959,0.0018938251305371523,0.0010464598890393972,0.001868678256869316
CelebDFv3,/root/Datasets/CelebDFv3/CelebDFv3/FAKE/FaceSwap/MobileFaceSwap/id26_id30_0003.mp4,FaceSwap/MobileFaceSwap,id26,id30,0,-5.5872697830200195,5.5872697830200195,0.0,371.3004150390625,30.0,1.0,0.046875,0.005705776624381542,0.006688869092613459,0.0018004412995651364,0.003234690986573696
CelebDFv3,/root/Datasets/CelebDFv3/CelebDFv3/FAKE/FaceSwap/SimSwap/id54_id49_0009.mp4,FaceSwap/SimSwap,id54,id49,0,1.7023959159851074,-1.7023959159851074,0.0,107.3092269897461,30.0,0.0,0.0,0.0042688846588134766,0.00691999401897192,0.002002184046432376,0.0035855011083185673
CelebDFv3,/root/Datasets/CelebDFv3/CelebDFv3/FAKE/FaceSwap/UniFace/id48_id45_0007.mp4,FaceSwap/UniFace,id48,id45,0,6.533346652984619,-6.533346652984619,0.0,95.86656951904297,30.0,0.0,0.0,0.0014417181955650449,0.0012572674313560128,0.0010020480258390307,0.0013146869605407119
CelebDFv3,/root/Datasets/CelebDFv3/CelebDFv3/FAKE/TalkingFace/AniTalker/id48_0000_test_id02577_nA7mv5my4uk.mp4,TalkingFace/AniTalker,id48,,0,5.300436973571777,-5.300436973571777,0.0,136.28953552246094,25.0,0.0,0.0,0.009489879012107849,0.004276292398571968,0.005664627533406019,0.005664627533406019
CelebDFv3,/root/Datasets/CelebDFv3/CelebDFv3/FAKE/TalkingFace/EDTalk/id26_0009_test_id01541_9OzhfBaZ1Bc.mp4,TalkingFace/EDTalk,id26,,0,2.2608253955841064,-2.2608253955841064,0.0,155.9758758544922,25.0,0.0,0.0,0.009029378183186054,0.00875044148415327,0.0068042948842048645,0.0068042948842048645
CelebDFv3,/root/Datasets/CelebDFv3/CelebDFv3/FAKE/TalkingFace/EchoMimic/id59_0005_test_id04295_4SPw-Qb6qH4.mp4,TalkingFace/EchoMimic,id59,,0,5.102788925170898,-5.102788925170898,0.0,121.53813934326172,24.0,0.0,0.0,0.004777226597070694,0.004029087256640196,0.005748675670474768,0.005748675670474768
CelebDFv3,/root/Datasets/CelebDFv3/CelebDFv3/FAKE/TalkingFace/FLOAT/id51_0005_test_id09017_sduESYpj2-I.mp4,TalkingFace/FLOAT,id51,,0,-5.743878364562988,5.743878364562988,0.0,187.1687774658203,25.0,0.0,0.0,0.013910099864006042,0.009858546778559685,0.010958319529891014,0.010958319529891014
CelebDFv3,/root/Datasets/CelebDFv3/CelebDFv3/FAKE/TalkingFace/IP_LAP/id26_0006_test_id03127_HKow2vRfqzA.mp4,TalkingFace/IP_LAP,id26,,0,-7.51418399810791,7.51418399810791,0.0,279.12066650390625,25.0,1.0,0.046875,0.034006375819444656,0.00945161934942007,0.015801485627889633,0.015801485627889633
CelebDFv3,/root/Datasets/CelebDFv3/CelebDFv3/FAKE/TalkingFace/Real3DPortrait/id51_0003_test_id01228_ITBk58yOpCM.mp4,TalkingFace/Real3DPortrait,id51,,0,-1.9233051538467407,1.9233051538467407,0.0,301.6309509277344,25.0,0.0,0.0,0.010484667494893074,0.006113419309258461,0.006739512551575899,0.006739512551575899
CelebDFv3,/root/Datasets/CelebDFv3/CelebDFv3/FAKE/TalkingFace/SadTalker/id31_0008_test_id03862_olt0RNbtFxM.mp4,TalkingFace/SadTalker,id31,,0,-2.3604769706726074,2.3604769706726074,0.0,164.95977783203125,25.0,0.0,0.0,0.0022339667193591595,0.004715480376034975,0.006314417347311974,0.006314417347311974
CelebDFv3,/root/Datasets/CelebDFv3/CelebDFv3/FAKE/FaceReenact/DaGAN/id22_id23_0006.mp4,FaceReenact/DaGAN,id22,id23,0,3.3688926696777344,-3.3688926696777344,0.0,155.7190704345703,30.0,0.0,0.0,0.019245188683271408,0.008131270296871662,0.006360797677189112,0.006360797677189112
CelebDFv3,/root/Datasets/CelebDFv3/CelebDFv3/FAKE/FaceReenact/FSRT/id26_id34_0003.mp4,FaceReenact/FSRT,id26,id34,0,-5.503643989562988,5.503643989562988,0.0,305.09716796875,20.0,1.0,0.234375,0.010232431814074516,0.02908366173505783,0.02022254280745983,0.02022254280745983
CelebDFv3,/root/Datasets/CelebDFv3/CelebDFv3/FAKE/FaceReenact/HyperReenact/id56_id53_0006.mp4,FaceReenact/HyperReenact,id56,id53,0,0.49237051606178284,-0.49237051606178284,0.0,128.0136260986328,25.0,0.0,0.0,0.0028082686476409435,0.0019139301730319858,0.005112656857818365,0.005112656857818365
CelebDFv3,/root/Datasets/CelebDFv3/CelebDFv3/FAKE/FaceReenact/LIA/id23_id16_0007.mp4,FaceReenact/LIA,id23,id16,0,4.649487495422363,-4.649487495422363,0.0,190.72784423828125,30.0,0.0,0.0,0.004592757672071457,0.007997442968189716,0.004498722031712532,0.004498722031712532
CelebDFv3,/root/Datasets/CelebDFv3/CelebDFv3/FAKE/FaceReenact/LivePortrait/id23_id0_0006.mp4,FaceReenact/LivePortrait,id23,id0,0,18.738182067871094,-18.738182067871094,0.0,196.34742736816406,30.0,0.0,0.0,0.0007482565706595778,0.0016595050692558289,0.0009613783331587911,0.001273826346732676
CelebDFv3,/root/Datasets/CelebDFv3/CelebDFv3/FAKE/FaceReenact/MCNET/id59_id5_0000.mp4,FaceReenact/MCNET,id59,id5,0,9.481456756591797,-9.481456756591797,0.0,110.34583282470703,30.0,0.0,0.0,0.019499989226460457,0.01313059963285923,0.007361680269241333,0.007361680269241333
CelebDFv3,/root/Datasets/CelebDFv3/CelebDFv3/FAKE/FaceReenact/TPSMM/id26_id1_0000.mp4,FaceReenact/TPSMM,id26,id1,0,8.482192993164062,-8.482192993164062,0.0,166.71607971191406,30.0,1.0,0.09375,0.01442995760589838,0.0035724590998142958,0.01549914013594389,0.01549914013594389
CelebDFv3,/root/Datasets/CelebDFv3/CelebDFv3/FAKE/FaceSwap/BlendFace/id23_id30_0001.mp4,FaceSwap/BlendFace,id23,id30,0,2.0684123039245605,-2.0684123039245605,0.0,145.4671630859375,30.0,0.0,0.0,0.0022057814057916403,0.0033621268812566996,0.0015043471939861774,0.0026736927684396505
CelebDFv3,/root/Datasets/CelebDFv3/CelebDFv3/FAKE/FaceSwap/Celeb-DF-v2/id48_id45_0004.mp4,FaceSwap/Celeb-DF-v2,id48,id45,0,-1.0084949731826782,1.0084949731826782,0.0,128.261962890625,30.0,0.0,0.0,0.003779021557420492,0.002433586632832885,0.003299947828054428,0.005892763379961252
CelebDFv3,/root/Datasets/CelebDFv3/CelebDFv3/FAKE/FaceSwap/GHOST/id23_id0_0008.mp4,FaceSwap/GHOST,id23,id0,0,-4.815127849578857,4.815127849578857,0.0,142.0872039794922,30.0,0.0,0.0,0.0022721062414348125,0.003264340106397867,0.0026955888606607914,0.004728899337351322
CelebDFv3,/root/Datasets/CelebDFv3/CelebDFv3/FAKE/FaceSwap/HifiFace/id23_id2_0005.mp4,FaceSwap/HifiFace,id23,id2,0,3.168259620666504,-3.168259620666504,0.0,116.90185546875,30.0,0.0,0.0,0.006432829424738884,0.002077136654406786,0.0027620806358754635,0.0056539238430559635
CelebDFv3,/root/Datasets/CelebDFv3/CelebDFv3/FAKE/FaceSwap/InSwapper/id31_id35_0006.mp4,FaceSwap/InSwapper,id31,id35,0,-4.580559253692627,4.580559253692627,0.0,231.94068908691406,30.0,0.0,0.0,0.0047552031464874744,0.010679633356630802,0.0038424059748649597,0.0069195874966681
CelebDFv3,/root/Datasets/CelebDFv3/CelebDFv3/FAKE/FaceSwap/MobileFaceSwap/id54_id57_0006.mp4,FaceSwap/MobileFaceSwap,id54,id57,0,-5.960148811340332,5.960148811340332,0.0,206.52597045898438,30.0,0.0,0.0,0.0044895317405462265,0.006871502846479416,0.0034422781318426132,0.006164414808154106
CelebDFv3,/root/Datasets/CelebDFv3/CelebDFv3/FAKE/FaceSwap/SimSwap/id8_id1_0003.mp4,FaceSwap/SimSwap,id8,id1,0,-2.687025547027588,2.687025547027588,0.0,141.49452209472656,30.0,0.0,0.0,0.0026353891007602215,0.009884730912744999,0.0025629838928580284,0.004828662145882845
CelebDFv3,/root/Datasets/CelebDFv3/CelebDFv3/FAKE/FaceSwap/UniFace/id31_id16_0007.mp4,FaceSwap/UniFace,id31,id16,0,-12.080635070800781,12.080635070800781,0.0,256.2791442871094,30.0,0.0,0.0,0.009130359627306461,0.0036419846583157778,0.004425256513059139,0.007969212718307972
CelebDFv3,/root/Datasets/CelebDFv3/CelebDFv3/FAKE/TalkingFace/AniTalker/id22_0003_test_id02548_RoMUUfqkYF4.mp4,TalkingFace/AniTalker,id22,,0,2.8062877655029297,-2.8062877655029297,0.0,246.58702087402344,25.0,0.0,0.0,0.008019352331757545,0.008587882854044437,0.005177726969122887,0.005177726969122887
CelebDFv3,/root/Datasets/CelebDFv3/CelebDFv3/FAKE/TalkingFace/EDTalk/id31_0008_test_id03862_olt0RNbtFxM.mp4,TalkingFace/EDTalk,id31,,0,6.058974266052246,-6.058974266052246,0.0,157.7130889892578,25.0,0.0,0.0,0.00905283447355032,0.012998642399907112,0.007301414385437965,0.007301414385437965
CelebDFv3,/root/Datasets/CelebDFv3/CelebDFv3/FAKE/TalkingFace/EchoMimic/id54_0007_test_id01298_gWkO0NOMazs.mp4,TalkingFace/EchoMimic,id54,,0,-7.070381164550781,7.070381164550781,0.0,157.63307189941406,24.0,0.0,0.0,0.0080766836181283,0.018658753484487534,0.007078120950609446,0.007078120950609446
CelebDFv3,/root/Datasets/CelebDFv3/CelebDFv3/FAKE/TalkingFace/FLOAT/id8_0008_test_id01460_oxJYG8REHG8.mp4,TalkingFace/FLOAT,id8,,0,-4.760614395141602,4.760614395141602,0.0,135.75244140625,25.0,0.0,0.0,0.014649571850895882,0.009838210418820381,0.008888568729162216,0.008888568729162216
CelebDFv3,/root/Datasets/CelebDFv3/CelebDFv3/FAKE/TalkingFace/IP_LAP/id26_0001_test_id04276_qavM_wuPxtI.mp4,TalkingFace/IP_LAP,id26,,0,2.1610007286071777,-2.1610007286071777,0.0,145.49676513671875,25.0,0.0,0.0,0.04300912097096443,0.024799631908535957,0.005239888094365597,0.005239888094365597
CelebDFv3,/root/Datasets/CelebDFv3/CelebDFv3/FAKE/TalkingFace/Real3DPortrait/id59_0009_test_id03862_yHtRhESo9Q0.mp4,TalkingFace/Real3DPortrait,id59,,0,5.4964118003845215,-5.4964118003845215,0.0,276.70672607421875,25.0,1.0,0.09375,0.009139678440988064,0.00528230145573616,0.007042880170047283,0.007042880170047283
CelebDFv3,/root/Datasets/CelebDFv3/CelebDFv3/FAKE/TalkingFace/SadTalker/id51_0004_test_id01618_gdW26NMVO2g.mp4,TalkingFace/SadTalker,id51,,0,-2.9198477268218994,2.9198477268218994,0.0,169.92355346679688,25.0,1.0,0.984375,0.0,0.0,0.0,0.0
CelebDFv3,/root/Datasets/CelebDFv3/CelebDFv3/FAKE/FaceReenact/DaGAN/id23_id27_0000.mp4,FaceReenact/DaGAN,id23,id27,0,4.1413068771362305,-4.1413068771362305,0.0,118.31361389160156,30.0,1.0,0.046875,0.021611139178276062,0.011546856723725796,0.011131024919450283,0.011131024919450283
CelebDFv3,/root/Datasets/CelebDFv3/CelebDFv3/FAKE/FaceReenact/FSRT/id48_id43_0008.mp4,FaceReenact/FSRT,id48,id43,0,-6.177408218383789,6.177408218383789,0.0,214.60140991210938,20.0,1.0,0.390625,0.008984866552054882,0.00852553267031908,0.008127898909151554,0.008127898909151554
CelebDFv3,/root/Datasets/CelebDFv3/CelebDFv3/FAKE/FaceReenact/HyperReenact/id31_id1_0000.mp4,FaceReenact/HyperReenact,id31,id1,0,-4.839846611022949,4.839846611022949,0.0,110.83489227294922,25.0,0.0,0.0,0.009671302512288094,0.003270441200584173,0.009655240923166275,0.009655240923166275
CelebDFv3,/root/Datasets/CelebDFv3/CelebDFv3/FAKE/FaceReenact/LIA/id31_id38_0009.mp4,FaceReenact/LIA,id31,id38,0,-2.477372407913208,2.477372407913208,0.0,221.33934020996094,30.0,1.0,0.109375,0.01538792997598648,0.011076617985963821,0.010262400843203068,0.010262400843203068
CelebDFv3,/root/Datasets/CelebDFv3/CelebDFv3/FAKE/FaceReenact/LivePortrait/id26_id32_0001.mp4,FaceReenact/LivePortrait,id26,id32,0,3.516620635986328,-3.516620635986328,0.0,167.6716766357422,30.0,0.0,0.0,0.0034637984354048967,0.00250643165782094,0.001303664525039494,0.002342177089303732
CelebDFv3,/root/Datasets/CelebDFv3/CelebDFv3/FAKE/FaceReenact/MCNET/id22_id20_0002.mp4,FaceReenact/MCNET,id22,id20,0,4.481106281280518,-4.481106281280518,0.0,105.11344909667969,30.0,0.0,0.0,0.02450091950595379,0.009248371236026287,0.00739131448790431,0.00739131448790431
CelebDFv3,/root/Datasets/CelebDFv3/CelebDFv3/FAKE/FaceReenact/TPSMM/id54_id52_0005.mp4,FaceReenact/TPSMM,id54,id52,0,3.3926875591278076,-3.3926875591278076,0.0,105.21910858154297,30.0,1.0,0.0625,0.017549078911542892,0.010901101864874363,0.011383959092199802,0.011383959092199802
CelebDFv3,/root/Datasets/CelebDFv3/CelebDFv3/FAKE/FaceSwap/BlendFace/id8_id0_0008.mp4,FaceSwap/BlendFace,id8,id0,0,-1.1617228984832764,1.1617228984832764,0.0,140.90518188476562,30.0,0.0,0.0,0.0023125908337533474,0.002876792335882783,0.0010677170939743519,0.002011578995734453
CelebDFv3,/root/Datasets/CelebDFv3/CelebDFv3/FAKE/FaceSwap/Celeb-DF-v2/id51_id50_0000.mp4,FaceSwap/Celeb-DF-v2,id51,id50,0,4.364480972290039,-4.364480972290039,0.0,97.17024230957031,30.0,0.0,0.0,0.008191421627998352,0.004315357189625502,0.005742975976318121,0.010284493677318096
CelebDFv3,/root/Datasets/CelebDFv3/CelebDFv3/FAKE/FaceSwap/GHOST/id26_id38_0002.mp4,FaceSwap/GHOST,id26,id38,0,1.3220356702804565,-1.3220356702804565,0.0,97.39031219482422,30.0,0.0,0.0,0.006305459421128035,0.01641489937901497,0.0036103148013353348,0.006486328784376383
CelebDFv3,/root/Datasets/CelebDFv3/CelebDFv3/FAKE/FaceSwap/HifiFace/id56_id49_0006.mp4,FaceSwap/HifiFace,id56,id49,0,0.16545496881008148,-0.16545496881008148,0.0,104.8453598022461,30.0,0.0,0.0,0.0077223642729222775,0.005282195284962654,0.0020117112435400486,0.0036025624722242355
CelebDFv3,/root/Datasets/CelebDFv3/CelebDFv3/FAKE/FaceSwap/InSwapper/id23_id3_0006.mp4,FaceSwap/InSwapper,id23,id3,0,5.792480945587158,-5.792480945587158,0.0,260.2118835449219,30.0,0.0,0.0,0.0061375233344733715,0.0037691097240895033,0.0021146938670426607,0.0028019696474075317
CelebDFv3,/root/Datasets/CelebDFv3/CelebDFv3/FAKE/FaceSwap/MobileFaceSwap/id26_id37_0001.mp4,FaceSwap/MobileFaceSwap,id26,id37,0,4.319881916046143,-4.319881916046143,0.0,105.73309326171875,30.0,1.0,0.03125,0.014054141007363796,0.01026941742748022,0.0032397471368312836,0.005820562597364187
CelebDFv3,/root/Datasets/CelebDFv3/CelebDFv3/FAKE/FaceSwap/SimSwap/id26_id34_0006.mp4,FaceSwap/SimSwap,id26,id34,0,-2.463191270828247,2.463191270828247,0.0,277.6868591308594,30.0,1.0,0.03125,0.015503248199820518,0.004807247314602137,0.0037055304273962975,0.006747625768184662
CelebDFv3,/root/Datasets/CelebDFv3/CelebDFv3/FAKE/FaceSwap/UniFace/id56_id55_0001.mp4,FaceSwap/UniFace,id56,id55,0,-1.4985606670379639,1.4985606670379639,0.0,160.99851989746094,30.0,0.0,0.0,0.003232954302802682,0.009463238529860973,0.0023128334432840347,0.004141810350120068
CelebDFv3,/root/Datasets/CelebDFv3/CelebDFv3/FAKE/TalkingFace/AniTalker/id8_0002_test_id00817_EPPT9urr8Ew.mp4,TalkingFace/AniTalker,id8,,0,1.1367920637130737,-1.1367920637130737,0.0,136.41493225097656,25.0,0.0,0.0,0.007455772254616022,0.006684564985334873,0.004219636786729097,0.004219636786729097
CelebDFv3,/root/Datasets/CelebDFv3/CelebDFv3/FAKE/TalkingFace/EDTalk/id25_0001_test_id00866_4wuP1StGqIA.mp4,TalkingFace/EDTalk,id25,,0,8.655169486999512,-8.655169486999512,0.0,135.9060516357422,25.0,0.0,0.0,0.014355344697833061,0.014947054907679558,0.00595682580024004,0.00595682580024004
CelebDFv3,/root/Datasets/CelebDFv3/CelebDFv3/FAKE/TalkingFace/EchoMimic/id26_0008_test_id02181_hIvctbfcBx8.mp4,TalkingFace/EchoMimic,id26,,0,2.61364483833313,-2.61364483833313,0.0,192.82640075683594,24.0,0.0,0.0,0.008035048842430115,0.007547589018940926,0.00857031811028719,0.00857031811028719
CelebDFv3,/root/Datasets/CelebDFv3/CelebDFv3/FAKE/TalkingFace/FLOAT/id31_0005_test_id03677_m2KRRpGumDo.mp4,TalkingFace/FLOAT,id31,,0,9.126524925231934,-9.126524925231934,0.0,130.1543731689453,25.0,0.0,0.0,0.01630662940442562,0.01000102236866951,0.0073436652310192585,0.0073436652310192585
CelebDFv3,/root/Datasets/CelebDFv3/CelebDFv3/FAKE/TalkingFace/IP_LAP/id59_0002_test_id03677_qPImh22zcl0.mp4,TalkingFace/IP_LAP,id59,,0,-2.3826794624328613,2.3826794624328613,0.0,199.69720458984375,25.0,1.0,0.640625,0.02525223419070244,0.002447094302624464,0.006807757541537285,0.006807757541537285
CelebDFv3,/root/Datasets/CelebDFv3/CelebDFv3/FAKE/TalkingFace/Real3DPortrait/id54_0006_test_id07961_464OHFffwjI.mp4,TalkingFace/Real3DPortrait,id54,,0,-6.936246395111084,6.936246395111084,0.0,214.34121704101562,25.0,0.0,0.0,0.01278916746377945,0.004565883427858353,0.012060836888849735,0.012060836888849735
CelebDFv3,/root/Datasets/CelebDFv3/CelebDFv3/FAKE/TalkingFace/SadTalker/id26_0005_test_id09017_oF8cALd6lU0.mp4,TalkingFace/SadTalker,id26,,0,-6.700624942779541,6.700624942779541,0.0,218.13409423828125,25.0,0.0,0.0,0.0032327035441994667,0.0061366260051727295,0.007493186742067337,0.007493186742067337
CelebDFv3,/root/Datasets/CelebDFv3/CelebDFv3/FAKE/FaceReenact/DaGAN/id31_id2_0005.mp4,FaceReenact/DaGAN,id31,id2,0,5.62583589553833,-5.62583589553833,0.0,138.29234313964844,30.0,0.0,0.0,0.00864088349044323,0.005981265101581812,0.009849367663264275,0.009849367663264275
CelebDFv3,/root/Datasets/CelebDFv3/CelebDFv3/FAKE/FaceReenact/FSRT/id26_id25_0003.mp4,FaceReenact/FSRT,id26,id25,0,-5.215721130371094,5.215721130371094,0.0,381.77508544921875,20.0,0.0,0.0,0.01601650007069111,0.0116348247975111,0.008616859093308449,0.008616859093308449
CelebDFv3,/root/Datasets/CelebDFv3/CelebDFv3/FAKE/FaceReenact/HyperReenact/id25_id26_0004.mp4,FaceReenact/HyperReenact,id25,id26,0,1.6952264308929443,-1.6952264308929443,0.0,124.69940185546875,25.0,0.0,0.0,0.0031919507309794426,0.0026275936979800463,0.003911121282726526,0.003911121282726526
CelebDFv3,/root/Datasets/CelebDFv3/CelebDFv3/FAKE/FaceReenact/LIA/id26_id25_0004.mp4,FaceReenact/LIA,id26,id25,0,0.5691745281219482,-0.5691745281219482,0.0,138.5796661376953,30.0,1.0,0.1875,0.017675749957561493,0.011200479231774807,0.006858584936708212,0.006858584936708212
CelebDFv3,/root/Datasets/CelebDFv3/CelebDFv3/FAKE/FaceReenact/LivePortrait/id26_id35_0002.mp4,FaceReenact/LivePortrait,id26,id35,0,0.0174381285905838,-0.0174381285905838,0.0,99.97508239746094,30.0,0.0,0.0,0.0056108105927705765,0.0055146897211670876,0.003672525752335787,0.006598097272217274
CelebDFv3,/root/Datasets/CelebDFv3/CelebDFv3/FAKE/FaceReenact/MCNET/id54_id49_0008.mp4,FaceReenact/MCNET,id54,id49,0,-6.7845611572265625,6.7845611572265625,0.0,189.2884979248047,30.0,0.0,0.0,0.009897919371724129,0.007929347455501556,0.0050105927512049675,0.0050105927512049675
CelebDFv3,/root/Datasets/CelebDFv3/CelebDFv3/FAKE/FaceReenact/TPSMM/id51_id57_0008.mp4,FaceReenact/TPSMM,id51,id57,0,3.792393922805786,-3.792393922805786,0.0,115.4149169921875,29.829999923706055,0.0,0.0,0.01079455018043518,0.007529541850090027,0.0067167445085942745,0.0067167445085942745
CelebDFv3,/root/Datasets/CelebDFv3/CelebDFv3/FAKE/FaceSwap/BlendFace/id23_id4_0007.mp4,FaceSwap/BlendFace,id23,id4,0,1.8962429761886597,-1.8962429761886597,0.0,121.62694549560547,30.0,0.0,0.0,0.012441137805581093,0.027866382151842117,0.006319989915937185,0.011087223887443542
CelebDFv3,/root/Datasets/CelebDFv3/CelebDFv3/FAKE/FaceSwap/Celeb-DF-v2/id25_id23_0002.mp4,FaceSwap/Celeb-DF-v2,id25,id23,0,5.250788688659668,-5.250788688659668,0.0,132.2144012451172,30.0,0.0,0.0,0.010752812959253788,0.020136337727308273,0.0030253350269049406,0.0054481662809848785
CelebDFv3,/root/Datasets/CelebDFv3/CelebDFv3/FAKE/FaceSwap/GHOST/id31_id9_0005.mp4,FaceSwap/GHOST,id31,id9,0,2.5462229251861572,-2.5462229251861572,0.0,132.0032958984375,30.0,0.0,0.0,0.004782291129231453,0.004403524566441774,0.003325052559375763,0.005987911950796843
CelebDFv3,/root/Datasets/CelebDFv3/CelebDFv3/FAKE/FaceSwap/HifiFace/id8_id0_0008.mp4,FaceSwap/HifiFace,id8,id0,0,-2.2456700801849365,2.2456700801849365,0.0,137.03775024414062,30.0,0.0,0.0,0.002426726743578911,0.0025664474815130234,0.0009500334272161126,0.0017898629885166883
CelebDFv3,/root/Datasets/CelebDFv3/CelebDFv3/FAKE/FaceSwap/InSwapper/id31_id21_0001.mp4,FaceSwap/InSwapper,id31,id21,0,5.664078712463379,-5.664078712463379,0.0,150.53378295898438,30.0,0.0,0.0,0.0022663965355604887,0.0026537454687058926,0.0017563157016411424,0.0031628566794097424
CelebDFv3,/root/Datasets/CelebDFv3/CelebDFv3/FAKE/FaceSwap/MobileFaceSwap/id26_id32_0001.mp4,FaceSwap/MobileFaceSwap,id26,id32,0,5.38503360748291,-5.38503360748291,0.0,101.67428588867188,30.0,1.0,0.0625,0.01891595497727394,0.015583429485559464,0.004041303414851427,0.0072606466710567474
CelebDFv3,/root/Datasets/CelebDFv3/CelebDFv3/FAKE/FaceSwap/SimSwap/id23_id3_0009.mp4,FaceSwap/SimSwap,id23,id3,0,-4.264870643615723,4.264870643615723,0.0,148.7308807373047,30.0,0.0,0.0,0.004512528423219919,0.00413697212934494,0.0033039147965610027,0.004374383017420769
CelebDFv3,/root/Datasets/CelebDFv3/CelebDFv3/FAKE/FaceSwap/UniFace/id26_id30_0002.mp4,FaceSwap/UniFace,id26,id30,0,-1.2115756273269653,1.2115756273269653,0.0,100.30348205566406,30.0,0.0,0.0,0.007045541889965534,0.017100850120186806,0.003409238765016198,0.0061250729486346245
CelebDFv3,/root/Datasets/CelebDFv3/CelebDFv3/FAKE/TalkingFace/AniTalker/id31_0000_test_id03041_qyCz5uttaAA.mp4,TalkingFace/AniTalker,id31,,0,6.534893035888672,-6.534893035888672,0.0,121.70732879638672,25.0,0.0,0.0,0.0098334401845932,0.005372590851038694,0.00600857101380825,0.00600857101380825
CelebDFv3,/root/Datasets/CelebDFv3/CelebDFv3/FAKE/TalkingFace/EDTalk/id22_0005_test_id05714_wFGNufaMbDY.mp4,TalkingFace/EDTalk,id22,,0,7.700967311859131,-7.700967311859131,0.0,112.27776336669922,25.0,0.0,0.0,0.01447993703186512,0.00977515708655119,0.0054964651353657246,0.0054964651353657246
CelebDFv3,/root/Datasets/CelebDFv3/CelebDFv3/FAKE/TalkingFace/EchoMimic/id23_0008_test_id06811_Y6PB7tt3VPc.mp4,TalkingFace/EchoMimic,id23,,0,-4.572353363037109,4.572353363037109,0.0,157.0739288330078,24.0,0.0,0.0,0.008551524952054024,0.008854368701577187,0.007416373584419489,0.007416373584419489
CelebDFv3,/root/Datasets/CelebDFv3/CelebDFv3/FAKE/TalkingFace/FLOAT/id23_0008_test_id05124_uPPqcWVd-dg.mp4,TalkingFace/FLOAT,id23,,0,0.014957249164581299,-0.014957249164581299,0.0,146.68992614746094,25.0,0.0,0.0,0.007622995413839817,0.007985252887010574,0.014465318992733955,0.014465318992733955
CelebDFv3,/root/Datasets/CelebDFv3/CelebDFv3/FAKE/TalkingFace/IP_LAP/id8_0005_test_id07802_XUhS4zwprEk.mp4,TalkingFace/IP_LAP,id8,,0,0.7114962339401245,-0.7114962339401245,0.0,136.5982208251953,25.0,0.0,0.0,0.011890675872564316,0.01022018026560545,0.01891082338988781,0.01891082338988781
CelebDFv3,/root/Datasets/CelebDFv3/CelebDFv3/FAKE/TalkingFace/Real3DPortrait/id59_0003_test_id01066_0n-7JunX4kg.mp4,TalkingFace/Real3DPortrait,id59,,0,-3.8813090324401855,3.8813090324401855,0.0,344.3768005371094,25.0,0.0,0.0,0.009561958722770214,0.00394110381603241,0.008874519728124142,0.008874519728124142
CelebDFv3,/root/Datasets/CelebDFv3/CelebDFv3/FAKE/TalkingFace/SadTalker/id56_0001_test_id01333_X8REn1clroY.mp4,TalkingFace/SadTalker,id56,,0,3.4241671562194824,-3.4241671562194824,0.0,158.10354614257812,25.0,0.0,0.0,0.0024005258455872536,0.006878443527966738,0.011748488061130047,0.011748488061130047
CelebDFv3,/root/Datasets/CelebDFv3/CelebDFv3/FAKE/FaceReenact/DaGAN/id26_id35_0001.mp4,FaceReenact/DaGAN,id26,id35,0,-0.8886400461196899,0.8886400461196899,0.0,223.75714111328125,30.0,1.0,0.078125,0.006948980502784252,0.006993778515607119,0.009702160023152828,0.009702160023152828
CelebDFv3,/root/Datasets/CelebDFv3/CelebDFv3/FAKE/FaceReenact/FSRT/id22_id26_0001.mp4,FaceReenact/FSRT,id22,id26,0,3.9357848167419434,-3.9357848167419434,0.0,95.19940185546875,20.0,1.0,0.046875,0.029957350343465805,0.01812542974948883,0.015261664986610413,0.015261664986610413
CelebDFv3,/root/Datasets/CelebDFv3/CelebDFv3/FAKE/FaceReenact/HyperReenact/id56_id58_0002.mp4,FaceReenact/HyperReenact,id56,id58,0,3.1725664138793945,-3.1725664138793945,0.0,132.68435668945312,25.0,0.0,0.0,0.004956994671374559,0.002007819712162018,0.006686306558549404,0.006686306558549404
CelebDFv3,/root/Datasets/CelebDFv3/CelebDFv3/FAKE/FaceReenact/LIA/id59_id60_0000.mp4,FaceReenact/LIA,id59,id60,0,7.8717122077941895,-7.8717122077941895,0.0,98.37644958496094,30.0,1.0,0.046875,0.03448815271258354,0.014092877507209778,0.016461549326777458,0.016461549326777458
CelebDFv3,/root/Datasets/CelebDFv3/CelebDFv3/FAKE/FaceReenact/LivePortrait/id26_id30_0006.mp4,FaceReenact/LivePortrait,id26,id30,0,-4.613141059875488,4.613141059875488,0.0,245.160400390625,30.0,0.0,0.0,0.007474149577319622,0.006582625675946474,0.003700094996020198,0.006737727206200361
CelebDFv3,/root/Datasets/CelebDFv3/CelebDFv3/FAKE/FaceReenact/MCNET/id23_id9_0004.mp4,FaceReenact/MCNET,id23,id9,0,-0.40543627738952637,0.40543627738952637,0.0,222.88949584960938,30.0,0.0,0.0,0.008131093345582485,0.006490021478384733,0.00714538898319006,0.00714538898319006
CelebDFv3,/root/Datasets/CelebDFv3/CelebDFv3/FAKE/FaceReenact/TPSMM/id23_id19_0000.mp4,FaceReenact/TPSMM,id23,id19,0,4.658651351928711,-4.658651351928711,0.0,105.11405944824219,29.829999923706055,0.0,0.0,0.02172880247235298,0.016085529699921608,0.01389107946306467,0.01389107946306467
CelebDFv3,/root/Datasets/CelebDFv3/CelebDFv3/FAKE/FaceSwap/BlendFace/id22_id28_0005.mp4,FaceSwap/BlendFace,id22,id28,0,3.3794713020324707,-3.3794713020324707,0.0,106.2335433959961,30.0,0.0,0.0,0.0030069623608142138,0.0021680109202861786,0.0017033517360687256,0.0030273853335529566
CelebDFv3,/root/Datasets/CelebDFv3/CelebDFv3/FAKE/FaceSwap/Celeb-DF-v2/id31_id2_0007.mp4,FaceSwap/Celeb-DF-v2,id31,id2,0,-11.699640274047852,11.699640274047852,0.0,288.47430419921875,30.0,1.0,0.015625,0.01822603866457939,0.004114273935556412,0.008241319097578526,0.014841358177363873
CelebDFv3,/root/Datasets/CelebDFv3/CelebDFv3/FAKE/FaceSwap/GHOST/id23_id38_0000.mp4,FaceSwap/GHOST,id23,id38,0,4.348306179046631,-4.348306179046631,0.0,111.28057098388672,30.0,0.0,0.0,0.0017419623909518123,0.00196092389523983,0.001046632998622954,0.0018601923948153853
CelebDFv3,/root/Datasets/CelebDFv3/CelebDFv3/FAKE/FaceSwap/HifiFace/id31_id37_0005.mp4,FaceSwap/HifiFace,id31,id37,0,4.05238151550293,-4.05238151550293,0.0,144.3825225830078,30.0,0.0,0.0,0.005621079355478287,0.0040471525862813,0.0019855129066854715,0.0035756060387939215
CelebDFv3,/root/Datasets/CelebDFv3/CelebDFv3/FAKE/FaceSwap/InSwapper/id54_id52_0006.mp4,FaceSwap/InSwapper,id54,id52,0,-12.245476722717285,12.245476722717285,0.0,205.09274291992188,30.0,1.0,0.03125,0.00428154319524765,0.007130397018045187,0.003555183531716466,0.0063666049391031265
CelebDFv3,/root/Datasets/CelebDFv3/CelebDFv3/FAKE/FaceSwap/MobileFaceSwap/id23_id4_0005.mp4,FaceSwap/MobileFaceSwap,id23,id4,0,6.641861915588379,-6.641861915588379,0.0,120.75908660888672,30.0,0.0,0.0,0.006128976587206125,0.0022941906936466694,0.004019113257527351,0.00822704378515482
CelebDFv3,/root/Datasets/CelebDFv3/CelebDFv3/FAKE/FaceSwap/SimSwap/id54_id53_0000.mp4,FaceSwap/SimSwap,id54,id53,0,-1.7388241291046143,1.7388241291046143,0.0,127.28364562988281,30.0,0.0,0.0,0.008413373492658138,0.004649909678846598,0.0037712454795837402,0.006753527093678713
CelebDFv3,/root/Datasets/CelebDFv3/CelebDFv3/FAKE/FaceSwap/UniFace/id8_id2_0007.mp4,FaceSwap/UniFace,id8,id2,0,-4.1500773429870605,4.1500773429870605,0.0,169.38665771484375,30.0,0.0,0.0,0.012584543786942959,0.052653178572654724,0.0023640079889446497,0.004453791305422783
CelebDFv3,/root/Datasets/CelebDFv3/CelebDFv3/FAKE/TalkingFace/AniTalker/id56_0004_test_id04366_GAE3onT-CHs.mp4,TalkingFace/AniTalker,id56,,0,5.353570938110352,-5.353570938110352,0.0,115.78290557861328,25.0,0.0,0.0,0.005443659611046314,0.003516895230859518,0.003924619872123003,0.003924619872123003
CelebDFv3,/root/Datasets/CelebDFv3/CelebDFv3/FAKE/TalkingFace/EDTalk/id51_0005_test_id09017_sduESYpj2-I.mp4,TalkingFace/EDTalk,id51,,0,-4.4294586181640625,4.4294586181640625,0.0,149.48158264160156,25.0,0.0,0.0,0.011208257637917995,0.01057223230600357,0.010577596724033356,0.010577596724033356
CelebDFv3,/root/Datasets/CelebDFv3/CelebDFv3/FAKE/TalkingFace/EchoMimic/id23_0004_test_id07961_DM8nW7joT3A.mp4,TalkingFace/EchoMimic,id23,,0,-6.5197038650512695,6.5197038650512695,0.0,272.6056823730469,24.0,0.0,0.0,0.010389165952801704,0.011273003183305264,0.007361251395195723,0.007361251395195723
CelebDFv3,/root/Datasets/CelebDFv3/CelebDFv3/FAKE/TalkingFace/FLOAT/id25_0002_test_id07620_fx5jKGlv9Ek.mp4,TalkingFace/FLOAT,id25,,0,7.428988456726074,-7.428988456726074,0.0,193.63168334960938,25.0,0.0,0.0,0.01892196573317051,0.012167897075414658,0.011743608862161636,0.011743608862161636
CelebDFv3,/root/Datasets/CelebDFv3/CelebDFv3/FAKE/TalkingFace/IP_LAP/id22_0003_test_id02317_YCBadU0v3AE.mp4,TalkingFace/IP_LAP,id22,,0,0.5347176790237427,-0.5347176790237427,0.0,243.30284118652344,25.0,1.0,0.296875,0.01888922229409218,0.007967120036482811,0.015347223728895187,0.015347223728895187
CelebDFv3,/root/Datasets/CelebDFv3/CelebDFv3/FAKE/TalkingFace/Real3DPortrait/id26_0008_test_id01541_SjibtkyrW1A.mp4,TalkingFace/Real3DPortrait,id26,,0,4.271049976348877,-4.271049976348877,0.0,182.06622314453125,25.0,0.0,0.0,0.013771683908998966,0.0051908912137150764,0.006215169560164213,0.006215169560164213
CelebDFv3,/root/Datasets/CelebDFv3/CelebDFv3/FAKE/TalkingFace/SadTalker/id26_0004_test_id05654_veGIQ7p2ZSk.mp4,TalkingFace/SadTalker,id26,,0,1.4619238376617432,-1.4619238376617432,0.0,137.73025512695312,25.0,0.0,0.0,0.0021278823260217905,0.004258201457560062,0.004826775752007961,0.004826775752007961
CelebDFv3,/root/Datasets/CelebDFv3/CelebDFv3/FAKE/FaceReenact/DaGAN/id48_id40_0009.mp4,FaceReenact/DaGAN,id48,id40,0,2.924870491027832,-2.924870491027832,0.0,117.52450561523438,30.0,0.0,0.0,0.012773657217621803,0.00640239380300045,0.0077124228700995445,0.0077124228700995445
CelebDFv3,/root/Datasets/CelebDFv3/CelebDFv3/FAKE/FaceReenact/FSRT/id31_id20_0002.mp4,FaceReenact/FSRT,id31,id20,0,8.732770919799805,-8.732770919799805,0.0,163.00296020507812,20.0,1.0,0.15625,0.02399611286818981,0.009559834375977516,0.03085249476134777,0.03085249476134777
CelebDFv3,/root/Datasets/CelebDFv3/CelebDFv3/FAKE/FaceReenact/HyperReenact/id56_id54_0008.mp4,FaceReenact/HyperReenact,id56,id54,0,-0.3449370265007019,0.3449370265007019,0.0,152.17861938476562,25.0,0.0,0.0,0.004694127477705479,0.0023468893487006426,0.0052529205568134785,0.0052529205568134785
CelebDFv3,/root/Datasets/CelebDFv3/CelebDFv3/FAKE/FaceReenact/LIA/id48_id43_0001.mp4,FaceReenact/LIA,id48,id43,0,-5.164229393005371,5.164229393005371,0.0,117.30789947509766,30.0,0.0,0.0,0.01618048921227455,0.004468651954084635,0.005987110082060099,0.005987110082060099
CelebDFv3,/root/Datasets/CelebDFv3/CelebDFv3/FAKE/FaceReenact/LivePortrait/id26_id29_0008.mp4,FaceReenact/LivePortrait,id26,id29,0,-1.4479467868804932,1.4479467868804932,0.0,144.62435913085938,30.0,1.0,0.0625,0.003906665835529566,0.004151631146669388,0.0044025639072060585,0.00801689550280571
CelebDFv3,/root/Datasets/CelebDFv3/CelebDFv3/FAKE/FaceReenact/MCNET/id54_id53_0008.mp4,FaceReenact/MCNET,id54,id53,0,-4.742013454437256,4.742013454437256,0.0,191.78465270996094,30.0,0.0,0.0,0.005643957760185003,0.004553190898150206,0.0054540252313017845,0.0054540252313017845
CelebDFv3,/root/Datasets/CelebDFv3/CelebDFv3/FAKE/FaceReenact/TPSMM/id23_id27_0006.mp4,FaceReenact/TPSMM,id23,id27,0,15.686309814453125,-15.686309814453125,0.0,143.10061645507812,30.0,0.0,0.0,0.013656947761774063,0.010551408864557743,0.010597867891192436,0.010597867891192436
CelebDFv3,/root/Datasets/CelebDFv3/CelebDFv3/FAKE/FaceSwap/BlendFace/id48_id41_0006.mp4,FaceSwap/BlendFace,id48,id41,0,0.010188288986682892,-0.010188288986682892,0.0,76.35911560058594,30.0,0.0,0.0,0.0043479581363499165,0.0397334098815918,0.005371135659515858,0.007046930026262999
CelebDFv3,/root/Datasets/CelebDFv3/CelebDFv3/FAKE/FaceSwap/Celeb-DF-v2/id23_id17_0000.mp4,FaceSwap/Celeb-DF-v2,id23,id17,0,1.082450032234192,-1.082450032234192,0.0,107.42243957519531,30.0,0.0,0.0,0.0018645968521013856,0.0020906266290694475,0.0015954752452671528,0.0028356555849313736
CelebDFv3,/root/Datasets/CelebDFv3/CelebDFv3/FAKE/FaceSwap/GHOST/id59_id60_0007.mp4,FaceSwap/GHOST,id59,id60,0,0.12369111180305481,-0.12369111180305481,0.0,124.3196792602539,30.0,0.0,0.0,0.004393899813294411,0.002294225851073861,0.0017495047068223357,0.003133004065603018
CelebDFv3,/root/Datasets/CelebDFv3/CelebDFv3/FAKE/FaceSwap/HifiFace/id26_id30_0003.mp4,FaceSwap/HifiFace,id26,id30,0,-5.993314743041992,5.993314743041992,0.0,373.04864501953125,30.0,1.0,0.015625,0.005752515979111195,0.00654260441660881,0.0020666851196438074,0.0037130273412913084
CelebDFv3,/root/Datasets/CelebDFv3/CelebDFv3/FAKE/FaceSwap/InSwapper/id31_id17_0004.mp4,FaceSwap/InSwapper,id31,id17,0,1.9796806573867798,-1.9796806573867798,0.0,209.0980224609375,30.0,0.0,0.0,0.004935773089528084,0.0031758577097207308,0.002527495613321662,0.0045516337268054485
CelebDFv3,/root/Datasets/CelebDFv3/CelebDFv3/FAKE/FaceSwap/MobileFaceSwap/id23_id30_0001.mp4,FaceSwap/MobileFaceSwap,id23,id30,0,4.28914737701416,-4.28914737701416,0.0,122.02750396728516,30.0,0.0,0.0,0.0038356021977961063,0.013817905448377132,0.011128903366625309,0.019779520109295845
CelebDFv3,/root/Datasets/CelebDFv3/CelebDFv3/FAKE/FaceSwap/SimSwap/id26_id2_0005.mp4,FaceSwap/SimSwap,id26,id2,0,-8.00362777709961,8.00362777709961,0.0,244.718505859375,30.0,0.0,0.0,0.0031706299632787704,0.006024180445820093,0.0038713128305971622,0.004296013619750738
CelebDFv3,/root/Datasets/CelebDFv3/CelebDFv3/FAKE/FaceSwap/UniFace/id23_id22_0002.mp4,FaceSwap/UniFace,id23,id22,0,0.36834099888801575,-0.36834099888801575,0.0,96.58753967285156,30.0,0.0,0.0,0.00985790602862835,0.011056799441576004,0.006446347571909428,0.011457164771854877
CelebDFv3,/root/Datasets/CelebDFv3/CelebDFv3/FAKE/TalkingFace/AniTalker/id31_0001_test_id03839_pX7kYiDgFMA.mp4,TalkingFace/AniTalker,id31,,0,8.557282447814941,-8.557282447814941,0.0,160.0535125732422,25.0,0.0,0.0,0.007135389372706413,0.0034069144167006016,0.006370554678142071,0.006370554678142071
CelebDFv3,/root/Datasets/CelebDFv3/CelebDFv3/FAKE/TalkingFace/EDTalk/id56_0001_test_id01106_mkgP19APekU.mp4,TalkingFace/EDTalk,id56,,0,3.7896127700805664,-3.7896127700805664,0.0,163.96400451660156,25.0,0.0,0.0,0.014558954164385796,0.012959827668964863,0.006329020019620657,0.006329020019620657
CelebDFv3,/root/Datasets/CelebDFv3/CelebDFv3/FAKE/TalkingFace/EchoMimic/id26_0009_test_id01224_0MbJ83_n8G0.mp4,TalkingFace/EchoMimic,id26,,0,-3.368048667907715,3.368048667907715,0.0,206.5169219970703,24.0,0.0,0.0,0.010217576287686825,0.007651130668818951,0.011187861673533916,0.011187861673533916
CelebDFv3,/root/Datasets/CelebDFv3/CelebDFv3/FAKE/TalkingFace/FLOAT/id25_0009_test_id05124_1HAXGOri_x0.mp4,TalkingFace/FLOAT,id25,,0,-7.174681663513184,7.174681663513184,0.0,158.2920379638672,25.0,0.0,0.0,0.011600366793572903,0.010429566726088524,0.009529836475849152,0.009529836475849152
CelebDFv3,/root/Datasets/CelebDFv3/CelebDFv3/FAKE/TalkingFace/IP_LAP/id25_0002_test_id03524_cxnnKLQYemo.mp4,TalkingFace/IP_LAP,id25,,0,6.101378917694092,-6.101378917694092,0.0,101.57169342041016,25.0,0.0,0.0,0.02103131078183651,0.021623875945806503,0.007521611638367176,0.007521611638367176
CelebDFv3,/root/Datasets/CelebDFv3/CelebDFv3/FAKE/TalkingFace/Real3DPortrait/id26_0005_test_id09017_oF8cALd6lU0.mp4,TalkingFace/Real3DPortrait,id26,,0,-6.376341819763184,6.376341819763184,0.0,224.18592834472656,25.0,0.0,0.0,0.01607939973473549,0.004672887735068798,0.0043069906532764435,0.0043069906532764435
CelebDFv3,/root/Datasets/CelebDFv3/CelebDFv3/FAKE/TalkingFace/SadTalker/id54_0007_test_id01333_D9Eylmbz4Ik.mp4,TalkingFace/SadTalker,id54,,0,-7.255301475524902,7.255301475524902,0.0,149.4832763671875,25.0,0.0,0.0,0.0045848204754292965,0.009611851535737514,0.006867716554552317,0.006867716554552317
CelebDFv3,/root/Datasets/CelebDFv3/CelebDFv3/FAKE/FaceReenact/DaGAN/id23_id31_0007.mp4,FaceReenact/DaGAN,id23,id31,0,7.653627395629883,-7.653627395629883,0.0,155.977294921875,30.0,0.0,0.0,0.0067551638931035995,0.005726505536586046,0.005759037099778652,0.005759037099778652
CelebDFv3,/root/Datasets/CelebDFv3/CelebDFv3/FAKE/FaceReenact/FSRT/id26_id1_0004.mp4,FaceReenact/FSRT,id26,id1,0,2.3441290855407715,-2.3441290855407715,0.0,139.9379119873047,20.0,0.0,0.0,0.008139664307236671,0.00573022710159421,0.004389519803225994,0.004389519803225994
CelebDFv3,/root/Datasets/CelebDFv3/CelebDFv3/FAKE/FaceReenact/HyperReenact/id23_id34_0009.mp4,FaceReenact/HyperReenact,id23,id34,0,-6.525904178619385,6.525904178619385,0.0,206.23275756835938,25.0,0.0,0.0,0.002849794225767255,0.00395421776920557,0.007141697220504284,0.007141697220504284
CelebDFv3,/root/Datasets/CelebDFv3/CelebDFv3/FAKE/FaceReenact/LIA/id23_id25_0007.mp4,FaceReenact/LIA,id23,id25,0,7.7742462158203125,-7.7742462158203125,0.0,135.62838745117188,30.0,1.0,0.03125,0.013640413992106915,0.020019540563225746,0.018999511376023293,0.018999511376023293
CelebDFv3,/root/Datasets/CelebDFv3/CelebDFv3/FAKE/FaceReenact/LivePortrait/id31_id4_0001.mp4,FaceReenact/LivePortrait,id31,id4,0,8.180535316467285,-8.180535316467285,0.0,130.5241241455078,30.0,0.0,0.0,0.005824812687933445,0.003478929866105318,0.0038095321506261826,0.006860386114567518
CelebDFv3,/root/Datasets/CelebDFv3/CelebDFv3/FAKE/FaceReenact/MCNET/id23_id3_0002.mp4,FaceReenact/MCNET,id23,id3,0,6.961519241333008,-6.961519241333008,0.0,108.49420928955078,30.0,0.0,0.0,0.03363453596830368,0.016422029584646225,0.010134435258805752,0.010134435258805752
CelebDFv3,/root/Datasets/CelebDFv3/CelebDFv3/FAKE/FaceReenact/TPSMM/id23_id29_0007.mp4,FaceReenact/TPSMM,id23,id29,0,2.8776044845581055,-2.8776044845581055,0.0,156.41815185546875,30.0,0.0,0.0,0.014548749662935734,0.011964349076151848,0.009938780218362808,0.009938780218362808
CelebDFv3,/root/Datasets/CelebDFv3/CelebDFv3/FAKE/FaceSwap/BlendFace/id59_id60_0006.mp4,FaceSwap/BlendFace,id59,id60,0,2.2884716987609863,-2.2884716987609863,0.0,77.73511505126953,30.0,0.0,0.0,0.026893392205238342,0.012202844955027103,0.012579947710037231,0.022528108209371567
CelebDFv3,/root/Datasets/CelebDFv3/CelebDFv3/FAKE/FaceSwap/Celeb-DF-v2/id56_id51_0001.mp4,FaceSwap/Celeb-DF-v2,id56,id51,0,-1.5318834781646729,1.5318834781646729,0.0,148.96290588378906,30.0,0.0,0.0,0.0034702445846050978,0.016296520829200745,0.0025913517456501722,0.0046405792236328125
CelebDFv3,/root/Datasets/CelebDFv3/CelebDFv3/FAKE/FaceSwap/GHOST/id31_id37_0004.mp4,FaceSwap/GHOST,id31,id37,0,5.873230934143066,-5.873230934143066,0.0,202.83160400390625,30.0,0.0,0.0,0.005000416189432144,0.0031374518293887377,0.002896925900131464,0.005216921214014292
CelebDFv3,/root/Datasets/CelebDFv3/CelebDFv3/FAKE/FaceSwap/HifiFace/id48_id41_0006.mp4,FaceSwap/HifiFace,id48,id41,0,1.6142427921295166,-1.6142427921295166,0.0,78.56198120117188,30.0,0.0,0.0,0.0035457266494631767,0.021547632291913033,0.00469362735748291,0.006158039905130863
CelebDFv3,/root/Datasets/CelebDFv3/CelebDFv3/FAKE/FaceSwap/InSwapper/id51_id53_0006.mp4,FaceSwap/InSwapper,id51,id53,0,-3.6081275939941406,3.6081275939941406,0.0,158.98782348632812,29.900009155273438,0.0,0.0,0.002391489688307047,0.020972562953829765,0.0031521806959062815,0.005644909106194973
CelebDFv3,/root/Datasets/CelebDFv3/CelebDFv3/FAKE/FaceSwap/MobileFaceSwap/id8_id9_0003.mp4,FaceSwap/MobileFaceSwap,id8,id9,0,-1.7636916637420654,1.7636916637420654,0.0,154.64161682128906,30.0,0.0,0.0,0.002216055290773511,0.010153843089938164,0.0022177156060934067,0.004178176634013653
CelebDFv3,/root/Datasets/CelebDFv3/CelebDFv3/FAKE/FaceSwap/SimSwap/id25_id27_0005.mp4,FaceSwap/SimSwap,id25,id27,0,5.520354270935059,-5.520354270935059,0.0,83.45952606201172,30.0,0.0,0.0,0.012112980708479881,0.003362541552633047,0.004228713922202587,0.006275411695241928
CelebDFv3,/root/Datasets/CelebDFv3/CelebDFv3/FAKE/FaceSwap/UniFace/id56_id58_0000.mp4,FaceSwap/UniFace,id56,id58,0,-1.6341383457183838,1.6341383457183838,0.0,115.72645568847656,30.0,0.0,0.0,0.003020873758941889,0.004708900116384029,0.0021797162480652332,0.0039034243673086166
CelebDFv3,/root/Datasets/CelebDFv3/CelebDFv3/FAKE/TalkingFace/AniTalker/id8_0004_test_id00866_4wuP1StGqIA.mp4,TalkingFace/AniTalker,id8,,0,1.411800503730774,-1.411800503730774,0.0,265.1085205078125,25.0,0.0,0.0,0.004714876879006624,0.005581567995250225,0.003997795283794403,0.003997795283794403
CelebDFv3,/root/Datasets/CelebDFv3/CelebDFv3/FAKE/TalkingFace/EDTalk/id56_0008_test_id05124_ksBpd5sIcA4.mp4,TalkingFace/EDTalk,id56,,0,3.1836280822753906,-3.1836280822753906,0.0,142.4376220703125,25.0,0.0,0.0,0.011276355013251305,0.010820568539202213,0.00840846635401249,0.00840846635401249
CelebDFv3,/root/Datasets/CelebDFv3/CelebDFv3/FAKE/TalkingFace/EchoMimic/id26_0005_test_id07868_jhzuERlEtYw.mp4,TalkingFace/EchoMimic,id26,,0,0.06482350826263428,-0.06482350826263428,0.0,202.99334716796875,24.0,0.0,0.0,0.011594531126320362,0.012443271465599537,0.01099497638642788,0.01099497638642788
CelebDFv3,/root/Datasets/CelebDFv3/CelebDFv3/FAKE/TalkingFace/FLOAT/id11_0000_test_id08696_w3hl-OW_TVI.mp4,TalkingFace/FLOAT,id11,,0,1.7176164388656616,-1.7176164388656616,0.0,109.50434112548828,25.0,0.0,0.0,0.012826532125473022,0.004644796717911959,0.007017020136117935,0.007017020136117935
CelebDFv3,/root/Datasets/CelebDFv3/CelebDFv3/FAKE/TalkingFace/IP_LAP/id31_0004_test_id07426_s747isSlMFU.mp4,TalkingFace/IP_LAP,id31,,0,9.234081268310547,-9.234081268310547,0.0,170.22412109375,25.0,0.0,0.0,0.009891694411635399,0.005191441159695387,0.0063183484598994255,0.0063183484598994255
CelebDFv3,/root/Datasets/CelebDFv3/CelebDFv3/FAKE/TalkingFace/Real3DPortrait/id11_0000_test_id08696_w3hl-OW_TVI.mp4,TalkingFace/Real3DPortrait,id11,,0,3.69089937210083,-3.69089937210083,0.0,111.82919311523438,25.0,0.0,0.0,0.014928258955478668,0.004994679242372513,0.005096962675452232,0.005096962675452232
CelebDFv3,/root/Datasets/CelebDFv3/CelebDFv3/FAKE/TalkingFace/SadTalker/id31_0002_test_id00562_9LAZqHI80BY.mp4,TalkingFace/SadTalker,id31,,0,6.282883167266846,-6.282883167266846,0.0,200.3535919189453,25.0,0.0,0.0,0.006504677701741457,0.008951039053499699,0.017660969868302345,0.017660969868302345
CelebDFv3,/root/Datasets/CelebDFv3/CelebDFv3/FAKE/FaceReenact/DaGAN/id26_id25_0004.mp4,FaceReenact/DaGAN,id26,id25,0,-0.44575560092926025,0.44575560092926025,0.0,132.14662170410156,30.0,0.0,0.0,0.015970952808856964,0.009149013087153435,0.0047944094985723495,0.0047944094985723495
CelebDFv3,/root/Datasets/CelebDFv3/CelebDFv3/FAKE/FaceReenact/FSRT/id22_id28_0002.mp4,FaceReenact/FSRT,id22,id28,0,8.059541702270508,-8.059541702270508,0.0,119.64189910888672,20.0,0.0,0.0,0.008116818964481354,0.007738511078059673,0.009081795811653137,0.009081795811653137
CelebDFv3,/root/Datasets/CelebDFv3/CelebDFv3/FAKE/FaceReenact/HyperReenact/id51_id50_0007.mp4,FaceReenact/HyperReenact,id51,id50,0,4.847837448120117,-4.847837448120117,0.0,147.01089477539062,25.0,0.0,0.0,0.007375350687652826,0.0026003115344792604,0.010641200467944145,0.010641200467944145
CelebDFv3,/root/Datasets/CelebDFv3/CelebDFv3/FAKE/FaceReenact/LIA/id26_id33_0001.mp4,FaceReenact/LIA,id26,id33,0,5.7075347900390625,-5.7075347900390625,0.0,158.8078155517578,30.0,1.0,0.859375,0.004268747288733721,0.003361628158017993,0.001193530042655766,0.001193530042655766
CelebDFv3,/root/Datasets/CelebDFv3/CelebDFv3/FAKE/FaceReenact/LivePortrait/id51_id53_0007.mp4,FaceReenact/LivePortrait,id51,id53,0,1.4396378993988037,-1.4396378993988037,0.0,129.4237060546875,30.0,0.0,0.0,0.007207006216049194,0.0017873224569484591,0.0014614419778808951,0.002617142628878355
CelebDFv3,/root/Datasets/CelebDFv3/CelebDFv3/FAKE/FaceReenact/MCNET/id31_id29_0007.mp4,FaceReenact/MCNET,id31,id29,0,-8.390523910522461,8.390523910522461,0.0,224.97230529785156,30.0,0.0,0.0,0.02541641891002655,0.014783271588385105,0.0195896215736866,0.0195896215736866
CelebDFv3,/root/Datasets/CelebDFv3/CelebDFv3/FAKE/FaceReenact/TPSMM/id31_id4_0007.mp4,FaceReenact/TPSMM,id31,id4,0,-4.9391889572143555,4.9391889572143555,0.0,273.6992492675781,30.0,0.0,0.0,0.013071632012724876,0.007645454723387957,0.010252246633172035,0.010252246633172035
CelebDFv3,/root/Datasets/CelebDFv3/CelebDFv3/FAKE/FaceSwap/BlendFace/id23_id2_0005.mp4,FaceSwap/BlendFace,id23,id2,0,7.189260005950928,-7.189260005950928,0.0,119.730224609375,30.0,0.0,0.0,0.006296604406088591,0.002127596875652671,0.0026954475324600935,0.005517526529729366
CelebDFv3,/root/Datasets/CelebDFv3/CelebDFv3/FAKE/FaceSwap/Celeb-DF-v2/id26_id34_0003.mp4,FaceSwap/Celeb-DF-v2,id26,id34,0,-7.589365005493164,7.589365005493164,0.0,391.1709289550781,30.0,0.0,0.0,0.0060363467782735825,0.0061462209559977055,0.001408888609148562,0.002531223464757204
CelebDFv3,/root/Datasets/CelebDFv3/CelebDFv3/FAKE/FaceSwap/GHOST/id22_id28_0005.mp4,FaceSwap/GHOST,id22,id28,0,2.217477798461914,-2.217477798461914,0.0,109.69849395751953,30.0,0.0,0.0,0.003014736110344529,0.002135241637006402,0.0017274225829169154,0.0030701670330017805
CelebDFv3,/root/Datasets/CelebDFv3/CelebDFv3/FAKE/FaceSwap/HifiFace/id26_id3_0003.mp4,FaceSwap/HifiFace,id26,id3,0,-9.712960243225098,9.712960243225098,0.0,385.2757873535156,30.0,0.0,0.0,0.005892098881304264,0.006680111866444349,0.002533265156671405,0.004551289603114128
CelebDFv3,/root/Datasets/CelebDFv3/CelebDFv3/FAKE/FaceSwap/InSwapper/id26_id20_0000.mp4,FaceSwap/InSwapper,id26,id20,0,-1.7787712812423706,1.7787712812423706,0.0,182.19970703125,30.0,0.0,0.0,0.0019437739392742515,0.0013768307399004698,0.0023146742023527622,0.004158567171543837
CelebDFv3,/root/Datasets/CelebDFv3/CelebDFv3/FAKE/FaceSwap/MobileFaceSwap/id23_id2_0000.mp4,FaceSwap/MobileFaceSwap,id23,id2,0,7.879452228546143,-7.879452228546143,0.0,118.79607391357422,30.0,0.0,0.0,0.001890394720248878,0.002227002289146185,0.0016076790634542704,0.0028573456220328808
CelebDFv3,/root/Datasets/CelebDFv3/CelebDFv3/FAKE/FaceSwap/SimSwap/id31_id2_0001.mp4,FaceSwap/SimSwap,id31,id2,0,5.560180187225342,-5.560180187225342,0.0,162.0933380126953,30.0,0.0,0.0,0.0024325300473719835,0.00236099143512547,0.0025855563580989838,0.004656192846596241
CelebDFv3,/root/Datasets/CelebDFv3/CelebDFv3/FAKE/FaceSwap/UniFace/id26_id38_0001.mp4,FaceSwap/UniFace,id26,id38,0,0.30094707012176514,-0.30094707012176514,0.0,120.45133972167969,30.0,1.0,0.03125,0.019791297614574432,0.016386376693844795,0.00381202669814229,0.0068487259559333324
CelebDFv3,/root/Datasets/CelebDFv3/CelebDFv3/FAKE/TalkingFace/AniTalker/id26_0008_test_id01228_wmWLkJeR_vI.mp4,TalkingFace/AniTalker,id26,,0,3.699861526489258,-3.699861526489258,0.0,163.416748046875,25.0,0.0,0.0,0.006388240493834019,0.0067237503826618195,0.005312896799296141,0.005312896799296141
CelebDFv3,/root/Datasets/CelebDFv3/CelebDFv3/FAKE/TalkingFace/EDTalk/id26_0009_test_id05124_fRhAX7v_R6A.mp4,TalkingFace/EDTalk,id26,,0,2.5092766284942627,-2.5092766284942627,0.0,155.83518981933594,25.0,0.0,0.0,0.010831438936293125,0.009131449274718761,0.008455289527773857,0.008455289527773857
CelebDFv3,/root/Datasets/CelebDFv3/CelebDFv3/FAKE/TalkingFace/EchoMimic/id11_0006_test_id04030_UAQYdNL40Ug.mp4,TalkingFace/EchoMimic,id11,,0,3.7795650959014893,-3.7795650959014893,0.0,135.74850463867188,24.0,0.0,0.0,0.0063026901334524155,0.0109517527744174,0.004767048172652721,0.004767048172652721
CelebDFv3,/root/Datasets/CelebDFv3/CelebDFv3/FAKE/TalkingFace/FLOAT/id8_0000_test_id03127_mcAK-RlInLY.mp4,TalkingFace/FLOAT,id8,,0,1.342958688735962,-1.342958688735962,0.0,436.3056640625,25.0,0.0,0.0,0.01910494640469551,0.011071328073740005,0.013652423396706581,0.013652423396706581
CelebDFv3,/root/Datasets/CelebDFv3/CelebDFv3/FAKE/TalkingFace/IP_LAP/id22_0002_test_id05124_fRhAX7v_R6A.mp4,TalkingFace/IP_LAP,id22,,0,7.073196887969971,-7.073196887969971,0.0,121.30735778808594,25.0,0.0,0.0,0.019539758563041687,0.010482486337423325,0.010815336368978024,0.010815336368978024
CelebDFv3,/root/Datasets/CelebDFv3/CelebDFv3/FAKE/TalkingFace/Real3DPortrait/id23_0001_test_id03862_6W_l9CHyUZg.mp4,TalkingFace/Real3DPortrait,id23,,0,5.082972526550293,-5.082972526550293,0.0,154.0830535888672,25.0,0.0,0.0,0.014631125144660473,0.005969848483800888,0.007453787140548229,0.007453787140548229
CelebDFv3,/root/Datasets/CelebDFv3/CelebDFv3/FAKE/TalkingFace/SadTalker/id8_0007_test_id05816_7jt8zGB27QQ.mp4,TalkingFace/SadTalker,id8,,0,5.161398887634277,-5.161398887634277,0.0,163.6951141357422,25.0,0.0,0.0,0.002342220861464739,0.003180982545018196,0.00538028497248888,0.00538028497248888
CelebDFv3,/root/Datasets/CelebDFv3/CelebDFv3/FAKE/FaceReenact/DaGAN/id48_id44_0003.mp4,FaceReenact/DaGAN,id48,id44,0,-2.8471579551696777,2.8471579551696777,0.0,118.22606658935547,30.0,0.0,0.0,0.0062695699743926525,0.0039810738526284695,0.005046813748776913,0.005046813748776913
CelebDFv3,/root/Datasets/CelebDFv3/CelebDFv3/FAKE/FaceReenact/FSRT/id23_id29_0007.mp4,FaceReenact/FSRT,id23,id29,0,5.715160369873047,-5.715160369873047,0.0,155.14288330078125,20.0,0.0,0.0,0.013935831375420094,0.012729284353554249,0.009123165160417557,0.009123165160417557
CelebDFv3,/root/Datasets/CelebDFv3/CelebDFv3/FAKE/FaceReenact/HyperReenact/id31_id34_0009.mp4,FaceReenact/HyperReenact,id31,id34,0,1.4559624195098877,-1.4559624195098877,0.0,156.95932006835938,25.0,0.0,0.0,0.0026824288070201874,0.003985065501183271,0.00600953446701169,0.00600953446701169
CelebDFv3,/root/Datasets/CelebDFv3/CelebDFv3/FAKE/FaceReenact/LIA/id48_id46_0007.mp4,FaceReenact/LIA,id48,id46,0,4.140174865722656,-4.140174865722656,0.0,109.12120056152344,30.0,1.0,0.078125,0.01668124459683895,0.007506305817514658,0.011255147866904736,0.011255147866904736
CelebDFv3,/root/Datasets/CelebDFv3/CelebDFv3/FAKE/FaceReenact/LivePortrait/id22_id21_0002.mp4,FaceReenact/LivePortrait,id22,id21,0,-2.7741570472717285,2.7741570472717285,0.0,146.59854125976562,30.0,1.0,0.09375,0.0021575959399342537,0.005526324268430471,0.0020494747441262007,0.0036425539292395115
CelebDFv3,/root/Datasets/CelebDFv3/CelebDFv3/FAKE/FaceReenact/MCNET/id54_id49_0001.mp4,FaceReenact/MCNET,id54,id49,0,-10.702486991882324,10.702486991882324,0.0,317.0686950683594,30.0,1.0,0.015625,0.008867550641298294,0.004452564287930727,0.009286191314458847,0.009286191314458847
CelebDFv3,/root/Datasets/CelebDFv3/CelebDFv3/FAKE/FaceReenact/TPSMM/id26_id23_0002.mp4,FaceReenact/TPSMM,id26,id23,0,5.3303046226501465,-5.3303046226501465,0.0,84.65038299560547,30.0,1.0,0.171875,0.024948257952928543,0.006798866670578718,0.012480980716645718,0.012480980716645718
CelebDFv3,/root/Datasets/CelebDFv3/CelebDFv3/FAKE/FaceSwap/BlendFace/id31_id38_0009.mp4,FaceSwap/BlendFace,id31,id38,0,5.5611162185668945,-5.5611162185668945,0.0,129.87351989746094,30.0,0.0,0.0,0.0021068507339805365,0.004525862634181976,0.002602307591587305,0.004686358850449324
CelebDFv3,/root/Datasets/CelebDFv3/CelebDFv3/FAKE/FaceSwap/Celeb-DF-v2/id54_id51_0005.mp4,FaceSwap/Celeb-DF-v2,id54,id51,0,-0.635683000087738,0.635683000087738,0.0,109.30329132080078,30.0,0.0,0.0,0.018924620002508163,0.0047387671656906605,0.005585837177932262,0.010003089904785156
CelebDFv3,/root/Datasets/CelebDFv3/CelebDFv3/FAKE/FaceSwap/GHOST/id23_id33_0004.mp4,FaceSwap/GHOST,id23,id33,0,-5.483267784118652,5.483267784118652,0.0,232.41421508789062,30.0,1.0,0.015625,0.016921516507864,0.01152507122606039,0.010641008615493774,0.014344079419970512
CelebDFv3,/root/Datasets/CelebDFv3/CelebDFv3/FAKE/FaceSwap/HifiFace/id59_id61_0004.mp4,FaceSwap/HifiFace,id59,id61,0,-0.21957513689994812,0.21957513689994812,0.0,109.47936248779297,30.0,1.0,0.015625,0.006422084756195545,0.011135926470160484,0.0034935041330754757,0.006256149150431156
CelebDFv3,/root/Datasets/CelebDFv3/CelebDFv3/FAKE/FaceSwap/InSwapper/id48_id44_0000.mp4,FaceSwap/InSwapper,id48,id44,0,-5.916268825531006,5.916268825531006,0.0,169.61744689941406,30.0,0.0,0.0,0.002360910177230835,0.0033428953029215336,0.001891165622510016,0.0033770815934985876
CelebDFv3,/root/Datasets/CelebDFv3/CelebDFv3/FAKE/FaceSwap/MobileFaceSwap/id23_id19_0002.mp4,FaceSwap/MobileFaceSwap,id23,id19,0,4.400727272033691,-4.400727272033691,0.0,97.3239517211914,30.0,0.0,0.0,0.009060901589691639,0.011649897322058678,0.005490006413310766,0.009757447987794876
CelebDFv3,/root/Datasets/CelebDFv3/CelebDFv3/FAKE/FaceSwap/SimSwap/id8_id5_0008.mp4,FaceSwap/SimSwap,id8,id5,0,-2.3531553745269775,2.3531553745269775,0.0,133.216064453125,30.0,0.0,0.0,0.002091597067192197,0.0021861260756850243,0.0011284425854682922,0.002125986386090517
CelebDFv3,/root/Datasets/CelebDFv3/CelebDFv3/FAKE/FaceSwap/UniFace/id25_id19_0003.mp4,FaceSwap/UniFace,id25,id19,0,-7.563165664672852,7.563165664672852,0.0,205.5248565673828,30.0,0.0,0.0,0.008417496457695961,0.007833329029381275,0.0026908540166914463,0.004845818039029837
CelebDFv3,/root/Datasets/CelebDFv3/CelebDFv3/FAKE/TalkingFace/AniTalker/id59_0001_test_id05459_3TI6dVmEwzw.mp4,TalkingFace/AniTalker,id59,,0,4.067604064941406,-4.067604064941406,0.0,291.9684143066406,25.0,0.0,0.0,0.004730122163891792,0.004218419548124075,0.004543811082839966,0.004543811082839966
CelebDFv3,/root/Datasets/CelebDFv3/CelebDFv3/FAKE/TalkingFace/EDTalk/id59_0005_test_id08456_r83GAlBHvaQ.mp4,TalkingFace/EDTalk,id59,,0,2.315746784210205,-2.315746784210205,0.0,125.78121948242188,25.0,0.0,0.0,0.010459684766829014,0.0077619850635528564,0.005614524241536856,0.005614524241536856
CelebDFv3,/root/Datasets/CelebDFv3/CelebDFv3/FAKE/TalkingFace/EchoMimic/id26_0002_test_id05055_6EIN7_SQQDM.mp4,TalkingFace/EchoMimic,id26,,0,3.052135467529297,-3.052135467529297,0.0,133.5523223876953,24.0,0.0,0.0,0.008842719718813896,0.008577698841691017,0.009274378418922424,0.009274378418922424
CelebDFv3,/root/Datasets/CelebDFv3/CelebDFv3/FAKE/TalkingFace/FLOAT/id8_0004_test_id05459_kkaYxtBZnNo.mp4,TalkingFace/FLOAT,id8,,0,-5.957509994506836,5.957509994506836,0.0,253.4390411376953,25.0,0.0,0.0,0.011865034699440002,0.012552870437502861,0.007281447760760784,0.007281447760760784
CelebDFv3,/root/Datasets/CelebDFv3/CelebDFv3/FAKE/TalkingFace/IP_LAP/id11_0008_test_id07802_qmTmtDbel1M.mp4,TalkingFace/IP_LAP,id11,,0,8.191977500915527,-8.191977500915527,0.0,101.68964385986328,25.0,0.0,0.0,0.010406230576336384,0.009771952405571938,0.00622536288574338,0.00622536288574338
CelebDFv3,/root/Datasets/CelebDFv3/CelebDFv3/FAKE/TalkingFace/Real3DPortrait/id8_0005_test_id03978_ywSqMWAhPPY.mp4,TalkingFace/Real3DPortrait,id8,,0,3.940479040145874,-3.940479040145874,0.0,137.97193908691406,25.0,0.0,0.0,0.013705212622880936,0.007402325049042702,0.01673685759305954,0.01673685759305954
CelebDFv3,/root/Datasets/CelebDFv3/CelebDFv3/FAKE/TalkingFace/SadTalker/id26_0009_test_id08392_3e5zvNaT-eU.mp4,TalkingFace/SadTalker,id26,,0,-8.243871688842773,8.243871688842773,0.0,220.47564697265625,25.0,0.0,0.0,0.0018380610272288322,0.0032711420208215714,0.005849839653819799,0.005849839653819799
CelebDFv3,/root/Datasets/CelebDFv3/CelebDFv3/FAKE/FaceReenact/DaGAN/id23_id30_0009.mp4,FaceReenact/DaGAN,id23,id30,0,0.8500741720199585,-0.8500741720199585,0.0,160.53306579589844,30.0,0.0,0.0,0.0068475911393761635,0.0028327505569905043,0.006889252457767725,0.006889252457767725
CelebDFv3,/root/Datasets/CelebDFv3/CelebDFv3/FAKE/FaceReenact/FSRT/id23_id22_0009.mp4,FaceReenact/FSRT,id23,id22,0,3.1300878524780273,-3.1300878524780273,0.0,133.3498077392578,20.0,1.0,0.0625,0.01732221432030201,0.006497801281511784,0.012447255663573742,0.012447255663573742
CelebDFv3,/root/Datasets/CelebDFv3/CelebDFv3/FAKE/FaceReenact/HyperReenact/id48_id45_0005.mp4,FaceReenact/HyperReenact,id48,id45,0,-0.23767966032028198,0.23767966032028198,0.0,143.43118286132812,25.0,0.0,0.0,0.0030411428306251764,0.002121343743056059,0.00688751507550478,0.00688751507550478
CelebDFv3,/root/Datasets/CelebDFv3/CelebDFv3/FAKE/FaceReenact/LIA/id51_id54_0006.mp4,FaceReenact/LIA,id51,id54,0,-1.702979326248169,1.702979326248169,0.0,177.4951934814453,30.0,0.0,0.0,0.015039837919175625,0.011691645719110966,0.014962548390030861,0.014962548390030861
CelebDFv3,/root/Datasets/CelebDFv3/CelebDFv3/FAKE/FaceReenact/LivePortrait/id31_id34_0002.mp4,FaceReenact/LivePortrait,id31,id34,0,4.633818626403809,-4.633818626403809,0.0,174.23257446289062,30.0,1.0,0.234375,0.004486480727791786,0.009096510708332062,0.004059561062604189,0.007310650311410427
CelebDFv3,/root/Datasets/CelebDFv3/CelebDFv3/FAKE/FaceReenact/MCNET/id56_id55_0008.mp4,FaceReenact/MCNET,id56,id55,0,9.049060821533203,-9.049060821533203,0.0,110.8891372680664,30.0,1.0,0.09375,0.014975021593272686,0.007315907161682844,0.009707777760922909,0.009707777760922909
CelebDFv3,/root/Datasets/CelebDFv3/CelebDFv3/FAKE/FaceReenact/TPSMM/id31_id6_0005.mp4,FaceReenact/TPSMM,id31,id6,0,4.066773414611816,-4.066773414611816,0.0,136.8606719970703,30.0,0.0,0.0,0.012343281880021095,0.011741327121853828,0.0073507181368768215,0.0073507181368768215
CelebDFv3,/root/Datasets/CelebDFv3/CelebDFv3/FAKE/FaceSwap/BlendFace/id31_id17_0005.mp4,FaceSwap/BlendFace,id31,id17,0,6.439387321472168,-6.439387321472168,0.0,132.82362365722656,30.0,0.0,0.0,0.005646998528391123,0.0044057490304112434,0.0025006537325680256,0.004503296688199043
CelebDFv3,/root/Datasets/CelebDFv3/CelebDFv3/FAKE/FaceSwap/Celeb-DF-v2/id23_id31_0003.mp4,FaceSwap/Celeb-DF-v2,id23,id31,0,-1.3890035152435303,1.3890035152435303,0.0,112.27554321289062,30.0,0.0,0.0,0.004005185328423977,0.0027962238527834415,0.0013678111135959625,0.002431025728583336
CelebDFv3,/root/Datasets/CelebDFv3/CelebDFv3/FAKE/FaceSwap/GHOST/id31_id38_0006.mp4,FaceSwap/GHOST,id31,id38,0,-4.149654865264893,4.149654865264893,0.0,228.73703002929688,30.0,0.0,0.0,0.00521896593272686,0.011158333159983158,0.003385199699550867,0.006096227560192347
CelebDFv3,/root/Datasets/CelebDFv3/CelebDFv3/FAKE/FaceSwap/HifiFace/id8_id1_0008.mp4,FaceSwap/HifiFace,id8,id1,0,-1.54815673828125,1.54815673828125,0.0,132.03199768066406,30.0,0.0,0.0,0.0022833063267171383,0.0028930609114468098,0.0011708737583830953,0.0022059264592826366
CelebDFv3,/root/Datasets/CelebDFv3/CelebDFv3/FAKE/FaceSwap/InSwapper/id51_id49_0001.mp4,FaceSwap/InSwapper,id51,id49,0,-13.7164945602417,13.7164945602417,0.0,276.2633056640625,30.0,1.0,0.09375,0.004621210042387247,0.006047773640602827,0.003530748886987567,0.006322847679257393
CelebDFv3,/root/Datasets/CelebDFv3/CelebDFv3/FAKE/FaceSwap/MobileFaceSwap/id31_id20_0003.mp4,FaceSwap/MobileFaceSwap,id31,id20,0,-1.2975108623504639,1.2975108623504639,0.0,122.0148696899414,30.0,0.0,0.0,0.003199103521183133,0.005418332759290934,0.0031991153955459595,0.005761119071394205
CelebDFv3,/root/Datasets/CelebDFv3/CelebDFv3/FAKE/FaceSwap/SimSwap/id48_id41_0006.mp4,FaceSwap/SimSwap,id48,id41,0,0.140724778175354,-0.140724778175354,0.0,77.84297180175781,30.0,0.0,0.0,0.0031697105150669813,0.029583457857370377,0.004408855456858873,0.005784418433904648
CelebDFv3,/root/Datasets/CelebDFv3/CelebDFv3/FAKE/FaceSwap/UniFace/id48_id47_0008.mp4,FaceSwap/UniFace,id48,id47,0,-13.357964515686035,13.357964515686035,0.0,240.6239471435547,30.0,0.0,0.0,0.0026866141706705093,0.002797838766127825,0.0025586963165551424,0.0025484615471214056
CelebDFv3,/root/Datasets/CelebDFv3/CelebDFv3/FAKE/TalkingFace/AniTalker/id26_0003_test_id02317_V1il-79GsT4.mp4,TalkingFace/AniTalker,id26,,0,0.16811752319335938,-0.16811752319335938,0.0,391.0560302734375,25.0,0.0,0.0,0.005754229612648487,0.0040336181409657,0.0043480899184942245,0.0043480899184942245
CelebDFv3,/root/Datasets/CelebDFv3/CelebDFv3/FAKE/TalkingFace/EDTalk/id31_0002_test_id06913_CFoP6f5lk7M.mp4,TalkingFace/EDTalk,id31,,0,-9.69536018371582,9.69536018371582,0.0,323.6124267578125,25.0,0.0,0.0,0.01242695190012455,0.009944678284227848,0.007185893598943949,0.007185893598943949
CelebDFv3,/root/Datasets/CelebDFv3/CelebDFv3/FAKE/TalkingFace/EchoMimic/id26_0007_test_id05124_1HAXGOri_x0.mp4,TalkingFace/EchoMimic,id26,,0,-23.168237686157227,23.168237686157227,0.0,623.599853515625,24.0,0.0,0.0,0.00737807247787714,0.023289736360311508,0.014915812760591507,0.014915812760591507
CelebDFv3,/root/Datasets/CelebDFv3/CelebDFv3/FAKE/TalkingFace/FLOAT/id59_0009_test_id03862_yHtRhESo9Q0.mp4,TalkingFace/FLOAT,id59,,0,5.145651340484619,-5.145651340484619,0.0,189.37722778320312,25.0,0.0,0.0,0.010637595318257809,0.007968012243509293,0.005873769521713257,0.005873769521713257
CelebDFv3,/root/Datasets/CelebDFv3/CelebDFv3/FAKE/TalkingFace/IP_LAP/id22_0008_test_id07396_6bbb_NOpqGY.mp4,TalkingFace/IP_LAP,id22,,0,6.0803985595703125,-6.0803985595703125,0.0,177.9320831298828,25.0,1.0,0.046875,0.007374051492661238,0.004054718650877476,0.009991981089115143,0.009991981089115143
CelebDFv3,/root/Datasets/CelebDFv3/CelebDFv3/FAKE/TalkingFace/Real3DPortrait/id56_0005_test_id07868_6qWwQj0a_uw.mp4,TalkingFace/Real3DPortrait,id56,,0,9.179137229919434,-9.179137229919434,0.0,114.97296905517578,25.0,0.0,0.0,0.013218309730291367,0.006387181114405394,0.0051363930106163025,0.0051363930106163025
CelebDFv3,/root/Datasets/CelebDFv3/CelebDFv3/FAKE/TalkingFace/SadTalker/id48_0004_test_id09017_D8dCOAYteTY.mp4,TalkingFace/SadTalker,id48,,0,-0.5180879235267639,0.5180879235267639,0.0,140.84075927734375,25.0,0.0,0.0,0.0024229781702160835,0.0046547334641218185,0.005434807855635881,0.005434807855635881
CelebDFv3,/root/Datasets/CelebDFv3/CelebDFv3/FAKE/FaceReenact/DaGAN/id26_id25_0001.mp4,FaceReenact/DaGAN,id26,id25,0,0.5562409162521362,-0.5562409162521362,0.0,145.94790649414062,30.0,0.0,0.0,0.008979731239378452,0.00439198175445199,0.01361201424151659,0.01361201424151659
CelebDFv3,/root/Datasets/CelebDFv3/CelebDFv3/FAKE/FaceReenact/FSRT/id31_id2_0005.mp4,FaceReenact/FSRT,id31,id2,0,5.096056938171387,-5.096056938171387,0.0,128.1218719482422,20.0,0.0,0.0,0.00676560727879405,0.0048621962778270245,0.006951380055397749,0.006951380055397749
CelebDFv3,/root/Datasets/CelebDFv3/CelebDFv3/FAKE/FaceReenact/HyperReenact/id31_id17_0003.mp4,FaceReenact/HyperReenact,id31,id17,0,-4.589483261108398,4.589483261108398,0.0,137.39169311523438,25.0,0.0,0.0,0.0014222227036952972,0.001490184455178678,0.004071523435413837,0.004071523435413837
CelebDFv3,/root/Datasets/CelebDFv3/CelebDFv3/FAKE/FaceReenact/LIA/id23_id6_0005.mp4,FaceReenact/LIA,id23,id6,0,12.325019836425781,-12.325019836425781,0.0,113.54537200927734,30.0,0.0,0.0,0.007440030574798584,0.0096155796200037,0.006232541985809803,0.006232541985809803
CelebDFv3,/root/Datasets/CelebDFv3/CelebDFv3/FAKE/FaceReenact/LivePortrait/id56_id55_0001.mp4,FaceReenact/LivePortrait,id56,id55,0,5.288571357727051,-5.288571357727051,0.0,148.68275451660156,30.0,0.0,0.0,0.004053530748933554,0.004774478264153004,0.0031685661524534225,0.005674252286553383
CelebDFv3,/root/Datasets/CelebDFv3/CelebDFv3/FAKE/FaceReenact/MCNET/id23_id16_0009.mp4,FaceReenact/MCNET,id23,id16,0,2.667393207550049,-2.667393207550049,0.0,145.55633544921875,30.0,0.0,0.0,0.015520501881837845,0.008908044546842575,0.007616372779011726,0.007616372779011726
CelebDFv3,/root/Datasets/CelebDFv3/CelebDFv3/FAKE/FaceReenact/TPSMM/id26_id30_0002.mp4,FaceReenact/TPSMM,id26,id30,0,5.807242393493652,-5.807242393493652,0.0,109.39584350585938,30.0,0.0,0.0,0.015583550557494164,0.006161687895655632,0.007668808568269014,0.007668808568269014
CelebDFv3,/root/Datasets/CelebDFv3/CelebDFv3/FAKE/FaceSwap/BlendFace/id51_id58_0002.mp4,FaceSwap/BlendFace,id51,id58,0,5.278736591339111,-5.278736591339111,0.0,85.8472900390625,30.0,0.0,0.0,0.005364676937460899,0.011308148503303528,0.004054457880556583,0.007260702550411224
CelebDFv3,/root/Datasets/CelebDFv3/CelebDFv3/FAKE/FaceSwap/Celeb-DF-v2/id26_id30_0000.mp4,FaceSwap/Celeb-DF-v2,id26,id30,0,4.006338119506836,-4.006338119506836,0.0,177.8555450439453,30.0,0.0,0.0,0.0020716588478535414,0.0012161274207755923,0.0014835791662335396,0.0026654135435819626
CelebDFv3,/root/Datasets/CelebDFv3/CelebDFv3/FAKE/FaceSwap/GHOST/id23_id26_0000.mp4,FaceSwap/GHOST,id23,id26,0,5.599443435668945,-5.599443435668945,0.0,115.22537994384766,30.0,0.0,0.0,0.001741677988320589,0.0019433669513091445,0.0009802845306694508,0.0017422705423086882
CelebDFv3,/root/Datasets/CelebDFv3/CelebDFv3/FAKE/FaceSwap/HifiFace/id23_id1_0007.mp4,FaceSwap/HifiFace,id23,id1,0,-0.5704665780067444,0.5704665780067444,0.0,117.02666473388672,30.0,0.0,0.0,0.010372714139521122,0.03554482385516167,0.005928957834839821,0.010401232168078423
CelebDFv3,/root/Datasets/CelebDFv3/CelebDFv3/FAKE/FaceSwap/InSwapper/id31_id26_0007.mp4,FaceSwap/InSwapper,id31,id26,0,-12.279041290283203,12.279041290283203,0.0,282.5443115234375,30.0,0.0,0.0,0.016239862889051437,0.004082862753421068,0.005906270816922188,0.010636293329298496
CelebDFv3,/root/Datasets/CelebDFv3/CelebDFv3/FAKE/FaceSwap/MobileFaceSwap/id31_id38_0006.mp4,FaceSwap/MobileFaceSwap,id31,id38,0,-0.2854040265083313,0.2854040265083313,0.0,216.9431610107422,30.0,0.0,0.0,0.004693557973951101,0.010698814876377583,0.0029144175350666046,0.005248421337455511
CelebDFv3,/root/Datasets/CelebDFv3/CelebDFv3/FAKE/FaceSwap/SimSwap/id56_id57_0001.mp4,FaceSwap/SimSwap,id56,id57,0,0.22695836424827576,-0.22695836424827576,0.0,148.54275512695312,30.0,0.0,0.0,0.003514366690069437,0.012631619349122047,0.0023111854679882526,0.004138858988881111
CelebDFv3,/root/Datasets/CelebDFv3/CelebDFv3/FAKE/FaceSwap/UniFace/id51_id54_0006.mp4,FaceSwap/UniFace,id51,id54,0,-6.1960906982421875,6.1960906982421875,0.0,153.5230712890625,29.900009155273438,0.0,0.0,0.0024388167075812817,0.023959217593073845,0.003556835697963834,0.006369563285261393
CelebDFv3,/root/Datasets/CelebDFv3/CelebDFv3/FAKE/TalkingFace/AniTalker/id26_0009_test_id01541_9OzhfBaZ1Bc.mp4,TalkingFace/AniTalker,id26,,0,-2.4659786224365234,2.4659786224365234,0.0,170.47265625,25.0,0.0,0.0,0.005650173407047987,0.00508821289986372,0.005387451034039259,0.005387451034039259
CelebDFv3,/root/Datasets/CelebDFv3/CelebDFv3/FAKE/TalkingFace/EDTalk/id22_0006_test_id07961_l3Xn426T1IE.mp4,TalkingFace/EDTalk,id22,,0,7.940456390380859,-7.940456390380859,0.0,159.39425659179688,25.0,0.0,0.0,0.012369981035590172,0.010112493298947811,0.005418277345597744,0.005418277345597744
CelebDFv3,/root/Datasets/CelebDFv3/CelebDFv3/FAKE/TalkingFace/EchoMimic/id8_0008_test_id01000_xjC2r6OXgBo.mp4,TalkingFace/EchoMimic,id8,,0,1.5606276988983154,-1.5606276988983154,0.0,169.00416564941406,24.0,0.0,0.0,0.009660857729613781,0.01267092116177082,0.00644318200647831,0.00644318200647831
CelebDFv3,/root/Datasets/CelebDFv3/CelebDFv3/FAKE/TalkingFace/FLOAT/id22_0009_test_id00866_0OxT7uyV-vU.mp4,TalkingFace/FLOAT,id22,,0,0.85555499792099,-0.85555499792099,0.0,130.9640350341797,25.0,0.0,0.0,0.018661174923181534,0.005631405860185623,0.011574857868254185,0.011574857868254185
CelebDFv3,/root/Datasets/CelebDFv3/CelebDFv3/FAKE/TalkingFace/IP_LAP/id51_0008_test_id03524_2DD4Np7SaWw.mp4,TalkingFace/IP_LAP,id51,,0,-2.577263832092285,2.577263832092285,0.0,112.4697036743164,25.0,0.0,0.0,0.016063708811998367,0.015483868308365345,0.008347105234861374,0.008347105234861374
CelebDFv3,/root/Datasets/CelebDFv3/CelebDFv3/FAKE/TalkingFace/Real3DPortrait/id51_0005_test_id08701_IF-okJTentA.mp4,TalkingFace/Real3DPortrait,id51,,0,-8.286242485046387,8.286242485046387,0.0,201.64353942871094,25.0,0.0,0.0,0.010710567235946655,0.004171802196651697,0.007980694063007832,0.007980694063007832
CelebDFv3,/root/Datasets/CelebDFv3/CelebDFv3/FAKE/TalkingFace/SadTalker/id48_0007_test_id06209_HXpylMleqDk.mp4,TalkingFace/SadTalker,id48,,0,6.44960880279541,-6.44960880279541,0.0,108.59209442138672,25.0,0.0,0.0,0.003681005910038948,0.009162656031548977,0.0070160068571567535,0.0070160068571567535
CelebDFv3,/root/Datasets/CelebDFv3/CelebDFv3/FAKE/FaceReenact/DaGAN/id22_id21_0005.mp4,FaceReenact/DaGAN,id22,id21,0,-0.16181404888629913,0.16181404888629913,0.0,96.59290313720703,30.0,1.0,0.046875,0.01488422229886055,0.014274539425969124,0.008367250673472881,0.008462530560791492
CelebDFv3,/root/Datasets/CelebDFv3/CelebDFv3/FAKE/FaceReenact/FSRT/id56_id49_0003.mp4,FaceReenact/FSRT,id56,id49,0,1.6341099739074707,-1.6341099739074707,0.0,119.00443267822266,20.0,0.0,0.0,0.00563767459243536,0.004032469354569912,0.0054411087185144424,0.0054411087185144424
CelebDFv3,/root/Datasets/CelebDFv3/CelebDFv3/FAKE/FaceReenact/HyperReenact/id31_id29_0001.mp4,FaceReenact/HyperReenact,id31,id29,0,6.542999267578125,-6.542999267578125,0.0,118.17733001708984,25.0,0.0,0.0,0.013523893430829048,0.003542165271937847,0.020917098969221115,0.020917098969221115
CelebDFv3,/root/Datasets/CelebDFv3/CelebDFv3/FAKE/FaceReenact/LIA/id23_id20_0001.mp4,FaceReenact/LIA,id23,id20,0,-2.2608094215393066,2.2608094215393066,0.0,165.67532348632812,30.0,0.0,0.0,0.011821871623396873,0.014464118517935276,0.007546576671302319,0.007546576671302319
CelebDFv3,/root/Datasets/CelebDFv3/CelebDFv3/FAKE/FaceReenact/LivePortrait/id23_id34_0009.mp4,FaceReenact/LivePortrait,id23,id34,0,-9.330011367797852,9.330011367797852,0.0,190.76083374023438,30.0,0.0,0.0,0.01267612911760807,0.007524508982896805,0.007315929979085922,0.009686291217803955
CelebDFv3,/root/Datasets/CelebDFv3/CelebDFv3/FAKE/FaceReenact/MCNET/id31_id37_0005.mp4,FaceReenact/MCNET,id31,id37,0,3.535421848297119,-3.535421848297119,0.0,140.8448486328125,30.0,1.0,0.03125,0.005991604179143906,0.005741721950471401,0.0066189272329211235,0.0066189272329211235
CelebDFv3,/root/Datasets/CelebDFv3/CelebDFv3/FAKE/FaceReenact/TPSMM/id51_id53_0006.mp4,FaceReenact/TPSMM,id51,id53,0,1.8282051086425781,-1.8282051086425781,0.0,158.58119201660156,30.0,0.0,0.0,0.008016735315322876,0.006058716680854559,0.009476165287196636,0.009476165287196636
CelebDFv3,/root/Datasets/CelebDFv3/CelebDFv3/FAKE/FaceSwap/BlendFace/id25_id23_0005.mp4,FaceSwap/BlendFace,id25,id23,0,3.147005081176758,-3.147005081176758,0.0,79.82230377197266,30.0,0.0,0.0,0.012143867090344429,0.003495133249089122,0.005357352551072836,0.00795031152665615
CelebDFv3,/root/Datasets/CelebDFv3/CelebDFv3/FAKE/FaceSwap/Celeb-DF-v2/id48_id42_0001.mp4,FaceSwap/Celeb-DF-v2,id48,id42,0,-2.9590935707092285,2.9590935707092285,0.0,99.08446502685547,30.0,0.0,0.0,0.004606612492352724,0.005735925864428282,0.002281427150592208,0.004073976539075375
CelebDFv3,/root/Datasets/CelebDFv3/CelebDFv3/FAKE/FaceSwap/GHOST/id54_id51_0006.mp4,FaceSwap/GHOST,id54,id51,0,-6.431412696838379,6.431412696838379,0.0,201.71788024902344,30.0,0.0,0.0,0.005034564062952995,0.00942845456302166,0.004089119378477335,0.007322773803025484
CelebDFv3,/root/Datasets/CelebDFv3/CelebDFv3/FAKE/FaceSwap/HifiFace/id31_id17_0003.mp4,FaceSwap/HifiFace,id31,id17,0,-4.773711681365967,4.773711681365967,0.0,130.27085876464844,30.0,0.0,0.0,0.0030903087463229895,0.005686421878635883,0.003634836059063673,0.00654578534886241
CelebDFv3,/root/Datasets/CelebDFv3/CelebDFv3/FAKE/FaceSwap/InSwapper/id31_id16_0002.mp4,FaceSwap/InSwapper,id31,id16,0,4.223411560058594,-4.223411560058594,0.0,166.15576171875,30.0,0.0,0.0,0.01680445857346058,0.033124592155218124,0.012432163581252098,0.022388430312275887
CelebDFv3,/root/Datasets/CelebDFv3/CelebDFv3/FAKE/FaceSwap/MobileFaceSwap/id23_id22_0002.mp4,FaceSwap/MobileFaceSwap,id23,id22,0,5.9822468757629395,-5.9822468757629395,0.0,99.47074127197266,30.0,0.0,0.0,0.00935137365013361,0.010932893492281437,0.0033371620811522007,0.00593117531388998
CelebDFv3,/root/Datasets/CelebDFv3/CelebDFv3/FAKE/FaceSwap/SimSwap/id23_id29_0007.mp4,FaceSwap/SimSwap,id23,id29,0,-0.0590667724609375,0.0590667724609375,0.0,144.28372192382812,30.0,0.0,0.0,0.010112617164850235,0.0288766548037529,0.004990744404494762,0.008755315095186234
CelebDFv3,/root/Datasets/CelebDFv3/CelebDFv3/FAKE/FaceSwap/UniFace/id31_id3_0005.mp4,FaceSwap/UniFace,id31,id3,0,1.9320690631866455,-1.9320690631866455,0.0,167.62979125976562,30.0,0.0,0.0,0.00588861433789134,0.004357071593403816,0.0017009966541081667,0.003063235431909561
CelebDFv3,/root/Datasets/CelebDFv3/CelebDFv3/FAKE/TalkingFace/AniTalker/id59_0007_test_id02019_anSrwA_9RPE.mp4,TalkingFace/AniTalker,id59,,0,2.4634432792663574,-2.4634432792663574,0.0,128.80062866210938,25.0,0.0,0.0,0.003999063279479742,0.002639862010255456,0.004181854892522097,0.004181854892522097
CelebDFv3,/root/Datasets/CelebDFv3/CelebDFv3/FAKE/TalkingFace/EDTalk/id59_0000_test_id00419_749eTxP4Us8.mp4,TalkingFace/EDTalk,id59,,0,13.494477272033691,-13.494477272033691,0.0,114.44477844238281,25.0,0.0,0.0,0.013829990290105343,0.010015700943768024,0.007117046508938074,0.007117046508938074
CelebDFv3,/root/Datasets/CelebDFv3/CelebDFv3/FAKE/TalkingFace/EchoMimic/id56_0002_test_id01000_f-mjLyC1-4g.mp4,TalkingFace/EchoMimic,id56,,0,-2.443868398666382,2.443868398666382,0.0,154.89581298828125,24.0,0.0,0.0,0.006335178855806589,0.006355693563818932,0.006735100876539946,0.006735100876539946
CelebDFv3,/root/Datasets/CelebDFv3/CelebDFv3/FAKE/TalkingFace/FLOAT/id56_0008_test_id04862_ORhcTM80e0A.mp4,TalkingFace/FLOAT,id56,,0,8.114091873168945,-8.114091873168945,0.0,114.01126098632812,25.0,0.0,0.0,0.014955291524529457,0.008746767416596413,0.006244376301765442,0.006244376301765442
CelebDFv3,/root/Datasets/CelebDFv3/CelebDFv3/FAKE/TalkingFace/IP_LAP/id31_0007_test_id02465_BfzqhbsRhuE.mp4,TalkingFace/IP_LAP,id31,,0,-1.7198255062103271,1.7198255062103271,0.0,220.0880126953125,25.0,1.0,0.34375,0.056387342512607574,0.009106750600039959,0.0725717544555664,0.0725717544555664
CelebDFv3,/root/Datasets/CelebDFv3/CelebDFv3/FAKE/TalkingFace/Real3DPortrait/id26_0003_test_id02317_quWGoFFkGr0.mp4,TalkingFace/Real3DPortrait,id26,,0,4.2102203369140625,-4.2102203369140625,0.0,370.14178466796875,25.0,0.0,0.0,0.009829501621425152,0.004775769077241421,0.003828713670372963,0.003828713670372963
CelebDFv3,/root/Datasets/CelebDFv3/CelebDFv3/FAKE/TalkingFace/SadTalker/id25_0010_test_id07426_1KNFfOFEhyI.mp4,TalkingFace/SadTalker,id25,,0,0.4302363097667694,-0.4302363097667694,0.0,191.0946807861328,25.0,0.0,0.0,0.0030052918009459972,0.006576060317456722,0.006134347058832645,0.006134347058832645
CelebDFv3,/root/Datasets/CelebDFv3/CelebDFv3/FAKE/FaceReenact/DaGAN/id59_id60_0007.mp4,FaceReenact/DaGAN,id59,id60,0,4.421325206756592,-4.421325206756592,0.0,112.76986694335938,30.0,1.0,0.125,0.024019286036491394,0.0067539215087890625,0.01629873365163803,0.01629873365163803
CelebDFv3,/root/Datasets/CelebDFv3/CelebDFv3/FAKE/FaceReenact/FSRT/id26_id25_0001.mp4,FaceReenact/FSRT,id26,id25,0,0.33228975534439087,-0.33228975534439087,0.0,138.8420867919922,20.0,0.0,0.0,0.009248047135770321,0.004084243904799223,0.006842438597232103,0.006842438597232103
CelebDFv3,/root/Datasets/CelebDFv3/CelebDFv3/FAKE/FaceReenact/HyperReenact/id56_id54_0001.mp4,FaceReenact/HyperReenact,id56,id54,0,3.647528648376465,-3.647528648376465,0.0,152.47889709472656,25.0,0.0,0.0,0.004999720957130194,0.0024795846547931433,0.0045174648985266685,0.0045174648985266685
CelebDFv3,/root/Datasets/CelebDFv3/CelebDFv3/FAKE/FaceReenact/LIA/id22_id21_0004.mp4,FaceReenact/LIA,id22,id21,0,-2.2487123012542725,2.2487123012542725,0.0,189.71888732910156,30.0,0.0,0.0,0.008881899528205395,0.008987708948552608,0.00621922267600894,0.00621922267600894
CelebDFv3,/root/Datasets/CelebDFv3/CelebDFv3/FAKE/FaceReenact/LivePortrait/id56_id52_0008.mp4,FaceReenact/LivePortrait,id56,id52,0,6.7731122970581055,-6.7731122970581055,0.0,121.69254302978516,30.0,0.0,0.0,0.0022985658142715693,0.0030065590981394053,0.0019756590481847525,0.0035379999317228794
CelebDFv3,/root/Datasets/CelebDFv3/CelebDFv3/FAKE/FaceReenact/MCNET/id23_id31_0002.mp4,FaceReenact/MCNET,id23,id31,0,3.7322802543640137,-3.7322802543640137,0.0,109.47134399414062,30.0,1.0,0.03125,0.01863713748753071,0.005008696112781763,0.025194348767399788,0.025194348767399788
CelebDFv3,/root/Datasets/CelebDFv3/CelebDFv3/FAKE/FaceReenact/TPSMM/id31_id37_0004.mp4,FaceReenact/TPSMM,id31,id37,0,3.673907518386841,-3.673907518386841,0.0,183.46435546875,30.0,0.0,0.0,0.008482028730213642,0.009774764999747276,0.00576616358011961,0.00576616358011961
CelebDFv3,/root/Datasets/CelebDFv3/CelebDFv3/FAKE/FaceSwap/BlendFace/id23_id35_0006.mp4,FaceSwap/BlendFace,id23,id35,0,7.659543991088867,-7.659543991088867,0.0,253.79396057128906,30.0,0.0,0.0,0.006181623321026564,0.0037008097860962152,0.0016815828857943416,0.002228097291663289
CelebDFv3,/root/Datasets/CelebDFv3/CelebDFv3/FAKE/FaceSwap/Celeb-DF-v2/id48_id47_0000.mp4,FaceSwap/Celeb-DF-v2,id48,id47,0,-6.169477462768555,6.169477462768555,0.0,180.128173828125,30.0,0.0,0.0,0.0024910843931138515,0.003186154179275036,0.001784649328328669,0.0031868736259639263
CelebDFv3,/root/Datasets/CelebDFv3/CelebDFv3/FAKE/FaceSwap/GHOST/id23_id9_0008.mp4,FaceSwap/GHOST,id23,id9,0,-3.5124170780181885,3.5124170780181885,0.0,134.267333984375,30.0,0.0,0.0,0.0023218197748064995,0.0034169405698776245,0.0022167821880429983,0.0038889236748218536
CelebDFv3,/root/Datasets/CelebDFv3/CelebDFv3/FAKE/FaceSwap/HifiFace/id56_id50_0006.mp4,FaceSwap/HifiFace,id56,id50,0,1.6670770645141602,-1.6670770645141602,0.0,101.692626953125,30.0,0.0,0.0,0.007968859747052193,0.004919504281133413,0.0018883548909798265,0.0033816564828157425
CelebDFv3,/root/Datasets/CelebDFv3/CelebDFv3/FAKE/FaceSwap/InSwapper/id23_id9_0008.mp4,FaceSwap/InSwapper,id23,id9,0,-4.044267654418945,4.044267654418945,0.0,134.62217712402344,30.0,0.0,0.0,0.0022367604542523623,0.0038029116112738848,0.0028181197121739388,0.004943856503814459
CelebDFv3,/root/Datasets/CelebDFv3/CelebDFv3/FAKE/FaceSwap/MobileFaceSwap/id51_id55_0006.mp4,FaceSwap/MobileFaceSwap,id51,id55,0,-4.291023254394531,4.291023254394531,0.0,160.16664123535156,29.0,0.0,0.0,0.0025096756871789694,0.02375839836895466,0.0034142732620239258,0.00611426355317235
CelebDFv3,/root/Datasets/CelebDFv3/CelebDFv3/FAKE/FaceSwap/SimSwap/id22_id20_0002.mp4,FaceSwap/SimSwap,id22,id20,0,0.2967342138290405,-0.2967342138290405,0.0,113.3232192993164,30.0,0.0,0.0,0.006149899680167437,0.009848076850175858,0.003921725787222385,0.006970126181840897
CelebDFv3,/root/Datasets/CelebDFv3/CelebDFv3/FAKE/FaceSwap/UniFace/id23_id30_0009.mp4,FaceSwap/UniFace,id23,id30,0,-2.4196274280548096,2.4196274280548096,0.0,157.92156982421875,30.0,0.0,0.0,0.004126223735511303,0.004427645355463028,0.0036430214531719685,0.004823360126465559
CelebDFv3,/root/Datasets/CelebDFv3/CelebDFv3/FAKE/TalkingFace/AniTalker/id11_0003_test_id07621_9YfVlYjHf9o.mp4,TalkingFace/AniTalker,id11,,0,-8.877789497375488,8.877789497375488,0.0,212.7069549560547,25.0,0.0,0.0,0.005708283744752407,0.005543072707951069,0.005398736335337162,0.005398736335337162
CelebDFv3,/root/Datasets/CelebDFv3/CelebDFv3/FAKE/TalkingFace/EDTalk/id56_0006_test_id01333_D8Pv2f28x3Q.mp4,TalkingFace/EDTalk,id56,,0,-0.753319501876831,0.753319501876831,0.0,177.67921447753906,25.0,0.0,0.0,0.011638515628874302,0.01129506528377533,0.007085222285240889,0.007085222285240889
CelebDFv3,/root/Datasets/CelebDFv3/CelebDFv3/FAKE/TalkingFace/EchoMimic/id26_0009_test_id01437_uXAe0vbNWeo.mp4,TalkingFace/EchoMimic,id26,,0,-2.214437484741211,2.214437484741211,0.0,204.94322204589844,24.0,0.0,0.0,0.008360259234905243,0.01129764225333929,0.008091844618320465,0.008091844618320465
CelebDFv3,/root/Datasets/CelebDFv3/CelebDFv3/FAKE/TalkingFace/FLOAT/id51_0003_test_id01593_1EAgAgH4d04.mp4,TalkingFace/FLOAT,id51,,0,-3.1115407943725586,3.1115407943725586,0.0,258.5426940917969,25.0,0.0,0.0,0.016729922965168953,0.013094592839479446,0.01041257381439209,0.01041257381439209
CelebDFv3,/root/Datasets/CelebDFv3/CelebDFv3/FAKE/TalkingFace/IP_LAP/id54_0002_test_id00061_nrI2uwhFFto.mp4,TalkingFace/IP_LAP,id54,,0,-0.22765448689460754,0.22765448689460754,0.0,128.16456604003906,25.0,0.0,0.0,0.01204380951821804,0.010683871805667877,0.007986473850905895,0.007986473850905895
CelebDFv3,/root/Datasets/CelebDFv3/CelebDFv3/FAKE/TalkingFace/Real3DPortrait/id59_0004_test_id04232_AB9fk1MH2rA.mp4,TalkingFace/Real3DPortrait,id59,,0,-3.6656575202941895,3.6656575202941895,0.0,244.9840850830078,25.0,0.0,0.0,0.01270454004406929,0.005794882774353027,0.007185179740190506,0.007185179740190506
CelebDFv3,/root/Datasets/CelebDFv3/CelebDFv3/FAKE/TalkingFace/SadTalker/id25_0007_test_id01618_KHeRiXKiYZ8.mp4,TalkingFace/SadTalker,id25,,0,-11.4887056350708,11.4887056350708,0.0,232.77493286132812,25.0,0.0,0.0,0.0016435044817626476,0.00246055843308568,0.004104025661945343,0.004104025661945343
CelebDFv3,/root/Datasets/CelebDFv3/CelebDFv3/FAKE/FaceReenact/DaGAN/id54_id49_0009.mp4,FaceReenact/DaGAN,id54,id49,0,11.052366256713867,-11.052366256713867,0.0,104.37760925292969,30.0,1.0,0.046875,0.008427307941019535,0.0054717231541872025,0.010814184322953224,0.010814184322953224
CelebDFv3,/root/Datasets/CelebDFv3/CelebDFv3/FAKE/FaceReenact/FSRT/id59_id60_0007.mp4,FaceReenact/FSRT,id59,id60,0,1.921492338180542,-1.921492338180542,0.0,142.1143798828125,20.0,1.0,0.15625,0.020407434552907944,0.008416113443672657,0.010735337622463703,0.010735337622463703
CelebDFv3,/root/Datasets/CelebDFv3/CelebDFv3/FAKE/FaceReenact/HyperReenact/id31_id28_0004.mp4,FaceReenact/HyperReenact,id31,id28,0,9.647357940673828,-9.647357940673828,0.0,248.91934204101562,25.0,0.0,0.0,0.0026106121949851513,0.0015543915797024965,0.0038106089923530817,0.0038106089923530817
CelebDFv3,/root/Datasets/CelebDFv3/CelebDFv3/FAKE/FaceReenact/LIA/id22_id21_0002.mp4,FaceReenact/LIA,id22,id21,0,3.0539188385009766,-3.0539188385009766,0.0,147.4222869873047,30.0,0.0,0.0,0.010664024390280247,0.015325014479458332,0.01014476828277111,0.01014476828277111
CelebDFv3,/root/Datasets/CelebDFv3/CelebDFv3/FAKE/FaceReenact/LivePortrait/id56_id50_0005.mp4,FaceReenact/LivePortrait,id56,id50,0,5.881528854370117,-5.881528854370117,0.0,103.2035140991211,29.0,0.0,0.0,0.006241494789719582,0.0028185800183564425,0.0022709148470312357,0.004066742956638336
CelebDFv3,/root/Datasets/CelebDFv3/CelebDFv3/FAKE/FaceReenact/MCNET/id31_id33_0006.mp4,FaceReenact/MCNET,id31,id33,0,-2.371795177459717,2.371795177459717,0.0,233.173828125,30.0,1.0,0.203125,0.014194897376000881,0.0037510658148676157,0.009752093814313412,0.009752093814313412
CelebDFv3,/root/Datasets/CelebDFv3/CelebDFv3/FAKE/FaceReenact/TPSMM/id26_id3_0008.mp4,FaceReenact/TPSMM,id26,id3,0,-0.8870372176170349,0.8870372176170349,0.0,172.07421875,30.0,0.0,0.0,0.011202502064406872,0.017009882256388664,0.0055788918398320675,0.0055788918398320675
CelebDFv3,/root/Datasets/CelebDFv3/CelebDFv3/FAKE/FaceSwap/BlendFace/id23_id38_0001.mp4,FaceSwap/BlendFace,id23,id38,0,4.244610786437988,-4.244610786437988,0.0,127.75942993164062,30.0,0.0,0.0,0.004196871072053909,0.013427930884063244,0.012014184147119522,0.021352941170334816
CelebDFv3,/root/Datasets/CelebDFv3/CelebDFv3/FAKE/FaceSwap/Celeb-DF-v2/id26_id30_0006.mp4,FaceSwap/Celeb-DF-v2,id26,id30,0,-5.759235382080078,5.759235382080078,0.0,251.46896362304688,30.0,1.0,0.03125,0.014894148334860802,0.004801115021109581,0.0041791778057813644,0.007610118016600609
CelebDFv3,/root/Datasets/CelebDFv3/CelebDFv3/FAKE/FaceSwap/GHOST/id56_id50_0006.mp4,FaceSwap/GHOST,id56,id50,0,2.1695783138275146,-2.1695783138275146,0.0,100.89847564697266,30.0,0.0,0.0,0.00804840587079525,0.005140709225088358,0.0019239415414631367,0.0034453850239515305
CelebDFv3,/root/Datasets/CelebDFv3/CelebDFv3/FAKE/FaceSwap/HifiFace/id31_id16_0005.mp4,FaceSwap/HifiFace,id31,id16,0,-0.166326105594635,0.166326105594635,0.0,146.02944946289062,30.0,0.0,0.0,0.005479488521814346,0.008035020902752876,0.002652216935530305,0.004776238463819027
CelebDFv3,/root/Datasets/CelebDFv3/CelebDFv3/FAKE/FaceSwap/InSwapper/id31_id9_0003.mp4,FaceSwap/InSwapper,id31,id9,0,-5.62450647354126,5.62450647354126,0.0,127.26199340820312,30.0,0.0,0.0,0.003078131703659892,0.005743273533880711,0.0031688048038631678,0.005706533789634705
CelebDFv3,/root/Datasets/CelebDFv3/CelebDFv3/FAKE/FaceSwap/MobileFaceSwap/id48_id46_0001.mp4,FaceSwap/MobileFaceSwap,id48,id46,0,-1.8779425621032715,1.8779425621032715,0.0,103.4954833984375,30.0,0.0,0.0,0.004663507454097271,0.006154599133878946,0.002116644522175193,0.003779722610488534
CelebDFv3,/root/Datasets/CelebDFv3/CelebDFv3/FAKE/FaceSwap/SimSwap/id51_id55_0006.mp4,FaceSwap/SimSwap,id51,id55,0,-5.067248344421387,5.067248344421387,0.0,162.44862365722656,29.899999618530273,0.0,0.0,0.001881447504274547,0.023455221205949783,0.003352512139827013,0.006003662012517452
CelebDFv3,/root/Datasets/CelebDFv3/CelebDFv3/FAKE/FaceSwap/UniFace/id31_id1_0007.mp4,FaceSwap/UniFace,id31,id1,0,-15.724645614624023,15.724645614624023,0.0,273.0583801269531,30.0,0.0,0.0,0.012681810185313225,0.0038265499752014875,0.006681202910840511,0.012031828053295612
CelebDFv3,/root/Datasets/CelebDFv3/CelebDFv3/FAKE/TalkingFace/AniTalker/id26_0002_test_id05055_6EIN7_SQQDM.mp4,TalkingFace/AniTalker,id26,,0,6.161097526550293,-6.161097526550293,0.0,126.76875305175781,25.0,0.0,0.0,0.005108424462378025,0.003308412618935108,0.007397557608783245,0.007397557608783245
CelebDFv3,/root/Datasets/CelebDFv3/CelebDFv3/FAKE/TalkingFace/EDTalk/id48_0008_test_id04862_NPOoEt--t_g.mp4,TalkingFace/EDTalk,id48,,0,-10.841879844665527,10.841879844665527,0.0,251.84503173828125,25.0,0.0,0.0,0.009357637725770473,0.00954413041472435,0.00621459074318409,0.00621459074318409
CelebDFv3,/root/Datasets/CelebDFv3/CelebDFv3/FAKE/TalkingFace/EchoMimic/id59_0003_test_id03347__NVxlFSjV0I.mp4,TalkingFace/EchoMimic,id59,,0,0.9756371378898621,-0.9756371378898621,0.0,293.4980163574219,24.0,0.0,0.0,0.005936785601079464,0.019623979926109314,0.007634501904249191,0.007634501904249191
CelebDFv3,/root/Datasets/CelebDFv3/CelebDFv3/FAKE/TalkingFace/FLOAT/id11_0002_test_id06811_Z8pDqRv3I8c.mp4,TalkingFace/FLOAT,id11,,0,2.1939659118652344,-2.1939659118652344,0.0,111.01948547363281,25.0,0.0,0.0,0.010582001879811287,0.010362137109041214,0.007152128964662552,0.007152128964662552
CelebDFv3,/root/Datasets/CelebDFv3/CelebDFv3/FAKE/TalkingFace/IP_LAP/id8_0008_test_id01000_xjC2r6OXgBo.mp4,TalkingFace/IP_LAP,id8,,0,-0.5182446837425232,0.5182446837425232,0.0,132.0298614501953,25.0,1.0,0.0625,0.01954004168510437,0.011914769187569618,0.006564726121723652,0.006564726121723652
CelebDFv3,/root/Datasets/CelebDFv3/CelebDFv3/FAKE/TalkingFace/Real3DPortrait/id11_0009_test_id00817_GAs8WnyFKJM.mp4,TalkingFace/Real3DPortrait,id11,,0,8.165159225463867,-8.165159225463867,0.0,117.40640258789062,25.0,0.0,0.0,0.011655954644083977,0.005136126186698675,0.005761093460023403,0.005761093460023403
CelebDFv3,/root/Datasets/CelebDFv3/CelebDFv3/FAKE/TalkingFace/SadTalker/id56_0000_test_id01989_t3crub0ikyc.mp4,TalkingFace/SadTalker,id56,,0,3.8322362899780273,-3.8322362899780273,0.0,125.64110565185547,25.0,0.0,0.0,0.0026032812893390656,0.004239520989358425,0.005001813173294067,0.005001813173294067
CelebDFv3,/root/Datasets/CelebDFv3/CelebDFv3/FAKE/FaceReenact/DaGAN/id31_id1_0006.mp4,FaceReenact/DaGAN,id31,id1,0,0.3382275104522705,-0.3382275104522705,0.0,214.69577026367188,30.0,0.0,0.0,0.006201332435011864,0.0062415520660579205,0.006732107140123844,0.006732107140123844
CelebDFv3,/root/Datasets/CelebDFv3/CelebDFv3/FAKE/FaceReenact/FSRT/id23_id16_0009.mp4,FaceReenact/FSRT,id23,id16,0,4.364120960235596,-4.364120960235596,0.0,148.74514770507812,20.0,0.0,0.0,0.015140342526137829,0.009043158032000065,0.0075341444462537766,0.0075341444462537766
CelebDFv3,/root/Datasets/CelebDFv3/CelebDFv3/FAKE/FaceReenact/HyperReenact/id8_id2_0003.mp4,FaceReenact/HyperReenact,id8,id2,0,1.2874870300292969,-1.2874870300292969,0.0,145.90939331054688,25.0,0.0,0.0,0.001449929317459464,0.0020830747671425343,0.002521543763577938,0.002521543763577938
CelebDFv3,/root/Datasets/CelebDFv3/CelebDFv3/FAKE/FaceReenact/LIA/id26_id34_0003.mp4,FaceReenact/LIA,id26,id34,0,-0.864138662815094,0.864138662815094,0.0,264.8012390136719,30.0,1.0,0.375,0.004534725099802017,0.005419678054749966,0.006673596333712339,0.006673596333712339
CelebDFv3,/root/Datasets/CelebDFv3/CelebDFv3/FAKE/FaceReenact/LivePortrait/id51_id58_0000.mp4,FaceReenact/LivePortrait,id51,id58,0,0.1378149390220642,-0.1378149390220642,0.0,110.39501953125,30.0,0.0,0.0,0.0072531551122665405,0.0035424060188233852,0.005074137821793556,0.009086741134524345
CelebDFv3,/root/Datasets/CelebDFv3/CelebDFv3/FAKE/FaceReenact/MCNET/id31_id2_0005.mp4,FaceReenact/MCNET,id31,id2,0,6.60544490814209,-6.60544490814209,0.0,136.6178741455078,30.0,0.0,0.0,0.007338983006775379,0.004386008717119694,0.007964346557855606,0.007964346557855606
CelebDFv3,/root/Datasets/CelebDFv3/CelebDFv3/FAKE/FaceReenact/TPSMM/id26_id29_0008.mp4,FaceReenact/TPSMM,id26,id29,0,2.035487651824951,-2.035487651824951,0.0,150.43667602539062,30.0,1.0,0.09375,0.008388369344174862,0.010258018970489502,0.011592701077461243,0.011592701077461243
CelebDFv3,/root/Datasets/CelebDFv3/CelebDFv3/FAKE/FaceSwap/BlendFace/id23_id30_0003.mp4,FaceSwap/BlendFace,id23,id30,0,1.464409351348877,-1.464409351348877,0.0,106.44879150390625,30.0,0.0,0.0,0.0037633846513926983,0.0028146293479949236,0.0018555433489382267,0.0032978770323097706
CelebDFv3,/root/Datasets/CelebDFv3/CelebDFv3/FAKE/FaceSwap/Celeb-DF-v2/id25_id22_0010.mp4,FaceSwap/Celeb-DF-v2,id25,id22,0,2.868983745574951,-2.868983745574951,0.0,177.29095458984375,30.0,0.0,0.0,0.006499236449599266,0.004671203903853893,0.0024179532192647457,0.0043441192246973515
CelebDFv3,/root/Datasets/CelebDFv3/CelebDFv3/FAKE/FaceSwap/GHOST/id22_id25_0003.mp4,FaceSwap/GHOST,id22,id25,0,-10.179256439208984,10.179256439208984,0.0,236.56976318359375,30.0,1.0,0.203125,0.04312639683485031,0.03603710979223251,0.018507186323404312,0.03289302438497543
CelebDFv3,/root/Datasets/CelebDFv3/CelebDFv3/FAKE/FaceSwap/HifiFace/id31_id38_0001.mp4,FaceSwap/HifiFace,id31,id38,0,6.806653022766113,-6.806653022766113,0.0,149.61572265625,30.0,0.0,0.0,0.0022334586828947067,0.002775792498141527,0.002043812070041895,0.003680593566969037
CelebDFv3,/root/Datasets/CelebDFv3/CelebDFv3/FAKE/FaceSwap/InSwapper/id8_id7_0008.mp4,FaceSwap/InSwapper,id8,id7,0,-3.4928691387176514,3.4928691387176514,0.0,141.0388641357422,30.0,0.0,0.0,0.0022782592568546534,0.0027530472725629807,0.0008918414823710918,0.001680229208432138
CelebDFv3,/root/Datasets/CelebDFv3/CelebDFv3/FAKE/FaceSwap/MobileFaceSwap/id31_id33_0001.mp4,FaceSwap/MobileFaceSwap,id31,id33,0,9.655159950256348,-9.655159950256348,0.0,145.99002075195312,30.0,0.0,0.0,0.00236226012930274,0.0027758399955928326,0.0018757348880171776,0.0033779123332351446
CelebDFv3,/root/Datasets/CelebDFv3/CelebDFv3/FAKE/FaceSwap/SimSwap/id26_id1_0004.mp4,FaceSwap/SimSwap,id26,id1,0,3.3829898834228516,-3.3829898834228516,0.0,132.45541381835938,30.0,0.0,0.0,0.003368775360286236,0.007851740345358849,0.002455188427120447,0.004411016590893269
CelebDFv3,/root/Datasets/CelebDFv3/CelebDFv3/FAKE/FaceSwap/UniFace/id31_id4_0007.mp4,FaceSwap/UniFace,id31,id4,0,-10.965103149414062,10.965103149414062,0.0,279.4447021484375,30.0,0.0,0.0,0.009168087504804134,0.003852873807772994,0.006094634532928467,0.010975507088005543
CelebDFv3,/root/Datasets/CelebDFv3/CelebDFv3/FAKE/TalkingFace/AniTalker/id22_0005_test_id08392_V2DQaPnQhBs.mp4,TalkingFace/AniTalker,id22,,0,2.438317060470581,-2.438317060470581,0.0,111.87609100341797,25.0,0.0,0.0,0.004491095431149006,0.00894954614341259,0.006836047861725092,0.006836047861725092
CelebDFv3,/root/Datasets/CelebDFv3/CelebDFv3/FAKE/TalkingFace/EDTalk/id56_0002_test_id04276_j7kziDG61kk.mp4,TalkingFace/EDTalk,id56,,0,7.853540897369385,-7.853540897369385,0.0,139.54515075683594,25.0,0.0,0.0,0.010084625333547592,0.011890648864209652,0.005978080444037914,0.005978080444037914
CelebDFv3,/root/Datasets/CelebDFv3/CelebDFv3/FAKE/TalkingFace/EchoMimic/id48_0009_test_id04536_A01JVLKHbTM.mp4,TalkingFace/EchoMimic,id48,,0,-2.474970817565918,2.474970817565918,0.0,154.99078369140625,24.0,0.0,0.0,0.01236535981297493,0.009857206605374813,0.007957210764288902,0.007957210764288902
CelebDFv3,/root/Datasets/CelebDFv3/CelebDFv3/FAKE/TalkingFace/FLOAT/id23_0006_test_id00017_kN2iEvnTHc4.mp4,TalkingFace/FLOAT,id23,,0,23.182701110839844,-23.182701110839844,0.0,157.0690155029297,25.0,0.0,0.0,0.014145064167678356,0.010262835770845413,0.005303372163325548,0.005303372163325548
CelebDFv3,/root/Datasets/CelebDFv3/CelebDFv3/FAKE/TalkingFace/IP_LAP/id8_0007_test_id00419_DkYa8HiTgJs.mp4,TalkingFace/IP_LAP,id8,,0,5.331833362579346,-5.331833362579346,0.0,150.88548278808594,25.0,0.0,0.0,0.014038724824786186,0.015156721696257591,0.006709420122206211,0.006709420122206211
CelebDFv3,/root/Datasets/CelebDFv3/CelebDFv3/FAKE/TalkingFace/Real3DPortrait/id59_0001_test_id05459_3TI6dVmEwzw.mp4,TalkingFace/Real3DPortrait,id59,,0,-1.714485764503479,1.714485764503479,0.0,273.6351318359375,25.0,1.0,0.609375,0.003501610364764929,0.0025163209065794945,0.00740911066532135,0.00740911066532135
CelebDFv3,/root/Datasets/CelebDFv3/CelebDFv3/FAKE/TalkingFace/SadTalker/id59_0000_test_id00419_749eTxP4Us8.mp4,TalkingFace/SadTalker,id59,,0,9.182039260864258,-9.182039260864258,0.0,123.35829162597656,25.0,0.0,0.0,0.001962782349437475,0.0025039208121597767,0.0048752715811133385,0.004588490352034569
CelebDFv3,/root/Datasets/CelebDFv3/CelebDFv3/FAKE/FaceReenact/DaGAN/id26_id33_0006.mp4,FaceReenact/DaGAN,id26,id33,0,-9.788409233093262,9.788409233093262,0.0,273.86383056640625,30.0,1.0,0.4375,0.006917078047990799,0.003575614420697093,0.007474059239029884,0.007474059239029884
CelebDFv3,/root/Datasets/CelebDFv3/CelebDFv3/FAKE/FaceReenact/FSRT/id31_id3_0000.mp4,FaceReenact/FSRT,id31,id3,0,-0.41251054406166077,0.41251054406166077,0.0,126.28253936767578,20.0,0.0,0.0,0.011514421552419662,0.015257585793733597,0.007010117173194885,0.007010117173194885
CelebDFv3,/root/Datasets/CelebDFv3/CelebDFv3/FAKE/FaceReenact/HyperReenact/id56_id57_0009.mp4,FaceReenact/HyperReenact,id56,id57,0,0.1439419984817505,-0.1439419984817505,0.0,147.37950134277344,25.0,0.0,0.0,0.00275752623565495,0.003120340872555971,0.004895677324384451,0.004895677324384451
CelebDFv3,/root/Datasets/CelebDFv3/CelebDFv3/FAKE/FaceReenact/LIA/id26_id6_0006.mp4,FaceReenact/LIA,id26,id6,0,-8.06350326538086,8.06350326538086,0.0,288.4483947753906,30.0,1.0,0.484375,0.008421117439866066,0.007777467370033264,0.015528781339526176,0.015528781339526176
CelebDFv3,/root/Datasets/CelebDFv3/CelebDFv3/FAKE/FaceReenact/LivePortrait/id56_id53_0006.mp4,FaceReenact/LivePortrait,id56,id53,0,3.632734775543213,-3.632734775543213,0.0,113.87825775146484,30.0,0.0,0.0,0.0016990101430565119,0.0019516433821991086,0.0011937798699364066,0.0021378151141107082
CelebDFv3,/root/Datasets/CelebDFv3/CelebDFv3/FAKE/FaceReenact/MCNET/id31_id28_0004.mp4,FaceReenact/MCNET,id31,id28,0,9.221963882446289,-9.221963882446289,0.0,185.84091186523438,30.0,0.0,0.0,0.007269354537129402,0.006363502703607082,0.0072303577326238155,0.0072303577326238155
CelebDFv3,/root/Datasets/CelebDFv3/CelebDFv3/FAKE/FaceReenact/TPSMM/id8_id1_0003.mp4,FaceReenact/TPSMM,id8,id1,0,-6.215339660644531,6.215339660644531,0.0,125.98248291015625,30.0,0.0,0.0,0.012858038768172264,0.005557132884860039,0.008146137930452824,0.008146137930452824
CelebDFv3,/root/Datasets/CelebDFv3/CelebDFv3/FAKE/FaceSwap/BlendFace/id51_id49_0005.mp4,FaceSwap/BlendFace,id51,id49,0,-3.0258638858795166,3.0258638858795166,0.0,166.4886474609375,30.0,0.0,0.0,0.008969401940703392,0.013092254288494587,0.00314793991856277,0.005637315101921558
CelebDFv3,/root/Datasets/CelebDFv3/CelebDFv3/FAKE/FaceSwap/Celeb-DF-v2/id26_id24_0001.mp4,FaceSwap/Celeb-DF-v2,id26,id24,0,1.5649628639221191,-1.5649628639221191,0.0,111.13043975830078,30.0,1.0,0.015625,0.014148452319204807,0.010350575670599937,0.0028957994654774666,0.005202623084187508
CelebDFv3,/root/Datasets/CelebDFv3/CelebDFv3/FAKE/FaceSwap/GHOST/id48_id43_0003.mp4,FaceSwap/GHOST,id48,id43,0,4.570639610290527,-4.570639610290527,0.0,78.14332580566406,30.0,1.0,0.09375,0.0058584632351994514,0.020504437386989594,0.00794729683548212,0.014191602356731892
CelebDFv3,/root/Datasets/CelebDFv3/CelebDFv3/FAKE/FaceSwap/HifiFace/id23_id20_0007.mp4,FaceSwap/HifiFace,id23,id20,0,-0.8768802881240845,0.8768802881240845,0.0,121.7724380493164,30.0,0.0,0.0,0.010546617209911346,0.03467546030879021,0.005456987768411636,0.009573249146342278
CelebDFv3,/root/Datasets/CelebDFv3/CelebDFv3/FAKE/FaceSwap/InSwapper/id23_id17_0006.mp4,FaceSwap/InSwapper,id23,id17,0,6.646996021270752,-6.646996021270752,0.0,258.91351318359375,30.0,0.0,0.0,0.006276422180235386,0.003482291242107749,0.0024649740662425756,0.003266090527176857
CelebDFv3,/root/Datasets/CelebDFv3/CelebDFv3/FAKE/FaceSwap/MobileFaceSwap/id23_id4_0009.mp4,FaceSwap/MobileFaceSwap,id23,id4,0,0.8361683487892151,-0.8361683487892151,0.0,144.94619750976562,30.0,0.0,0.0,0.004309152252972126,0.004455712623894215,0.003502734238281846,0.004637619946151972
CelebDFv3,/root/Datasets/CelebDFv3/CelebDFv3/FAKE/FaceSwap/SimSwap/id23_id1_0002.mp4,FaceSwap/SimSwap,id23,id1,0,6.267053604125977,-6.267053604125977,0.0,97.10603332519531,30.0,0.0,0.0,0.008578268811106682,0.011420012451708317,0.0038650163915008307,0.006869335658848286
CelebDFv3,/root/Datasets/CelebDFv3/CelebDFv3/FAKE/FaceSwap/UniFace/id31_id16_0002.mp4,FaceSwap/UniFace,id31,id16,0,2.790020704269409,-2.790020704269409,0.0,158.2991180419922,30.0,0.0,0.0,0.01627056859433651,0.031166525557637215,0.01303950510919094,0.02348215878009796
CelebDFv3,/root/Datasets/CelebDFv3/CelebDFv3/FAKE/TalkingFace/AniTalker/id11_0000_test_id04006__bENbO3pwL0.mp4,TalkingFace/AniTalker,id11,,0,7.131782054901123,-7.131782054901123,0.0,110.30848693847656,25.0,0.0,0.0,0.008464232087135315,0.00507142161950469,0.006645244546234608,0.006645244546234608
CelebDFv3,/root/Datasets/CelebDFv3/CelebDFv3/FAKE/TalkingFace/EDTalk/id31_0000_test_id03041_qyCz5uttaAA.mp4,TalkingFace/EDTalk,id31,,0,0.5212398767471313,-0.5212398767471313,0.0,148.49411010742188,25.0,0.0,0.0,0.011978081427514553,0.00881279818713665,0.005674246232956648,0.005674246232956648
CelebDFv3,/root/Datasets/CelebDFv3/CelebDFv3/FAKE/TalkingFace/EchoMimic/id26_0003_test_id02317_quWGoFFkGr0.mp4,TalkingFace/EchoMimic,id26,,0,0.5353230834007263,-0.5353230834007263,0.0,348.3883056640625,24.0,0.0,0.0,0.00854610837996006,0.006708682514727116,0.005794045515358448,0.005794045515358448
CelebDFv3,/root/Datasets/CelebDFv3/CelebDFv3/FAKE/TalkingFace/FLOAT/id8_0001_test_id01989_t3crub0ikyc.mp4,TalkingFace/FLOAT,id8,,0,2.0556750297546387,-2.0556750297546387,0.0,215.3394317626953,25.0,0.0,0.0,0.019134920090436935,0.013036374934017658,0.01363479532301426,0.01363479532301426
CelebDFv3,/root/Datasets/CelebDFv3/CelebDFv3/FAKE/TalkingFace/IP_LAP/id11_0006_test_id04862_i6aGUMQW5jA.mp4,TalkingFace/IP_LAP,id11,,0,13.707796096801758,-13.707796096801758,0.0,127.7898941040039,25.0,0.0,0.0,0.01454349234700203,0.009850319474935532,0.007064801640808582,0.007064801640808582
CelebDFv3,/root/Datasets/CelebDFv3/CelebDFv3/FAKE/TalkingFace/Real3DPortrait/id51_0009_test_id01106_q01vvmTSJ9I.mp4,TalkingFace/Real3DPortrait,id51,,0,6.048598766326904,-6.048598766326904,0.0,142.0790252685547,25.0,0.0,0.0,0.005288618616759777,0.006955374032258987,0.005821595434099436,0.005821595434099436
CelebDFv3,/root/Datasets/CelebDFv3/CelebDFv3/FAKE/TalkingFace/SadTalker/id11_0005_test_id04094_BNAe-NhgItg.mp4,TalkingFace/SadTalker,id11,,0,-3.9113707542419434,3.9113707542419434,0.0,147.57339477539062,25.0,0.0,0.0,0.0032199546694755554,0.006012771278619766,0.004969502333551645,0.004969502333551645
CelebDFv3,/root/Datasets/CelebDFv3/CelebDFv3/FAKE/FaceReenact/DaGAN/id31_id35_0007.mp4,FaceReenact/DaGAN,id31,id35,0,-4.212198734283447,4.212198734283447,0.0,282.8432922363281,30.0,1.0,0.015625,0.011192429810762405,0.016661278903484344,0.009474162012338638,0.009474162012338638
CelebDFv3,/root/Datasets/CelebDFv3/CelebDFv3/FAKE/FaceReenact/FSRT/id31_id16_0002.mp4,FaceReenact/FSRT,id31,id16,0,12.053912162780762,-12.053912162780762,0.0,159.57102966308594,20.0,1.0,0.046875,0.024546347558498383,0.009743336588144302,0.01820443384349346,0.01820443384349346
CelebDFv3,/root/Datasets/CelebDFv3/CelebDFv3/FAKE/FaceReenact/HyperReenact/id51_id58_0004.mp4,FaceReenact/HyperReenact,id51,id58,0,3.287360668182373,-3.287360668182373,0.0,117.23976135253906,25.0,0.0,0.0,0.017558373510837555,0.0036525160539895296,0.009284316562116146,0.009284316562116146
CelebDFv3,/root/Datasets/CelebDFv3/CelebDFv3/FAKE/FaceReenact/LIA/id26_id22_0003.mp4,FaceReenact/LIA,id26,id22,0,-0.8885100483894348,0.8885100483894348,0.0,315.60723876953125,30.0,0.0,0.0,0.01890670135617256,0.00910433940589428,0.008436394855380058,0.008436394855380058
CelebDFv3,/root/Datasets/CelebDFv3/CelebDFv3/FAKE/FaceReenact/LivePortrait/id26_id21_0004.mp4,FaceReenact/LivePortrait,id26,id21,0,0.47310686111450195,-0.47310686111450195,0.0,117.82096862792969,30.0,0.0,0.0,0.010355186648666859,0.006561905145645142,0.004766368307173252,0.00856330618262291
CelebDFv3,/root/Datasets/CelebDFv3/CelebDFv3/FAKE/FaceReenact/MCNET/id48_id43_0003.mp4,FaceReenact/MCNET,id48,id43,0,-2.0807414054870605,2.0807414054870605,0.0,112.2984848022461,30.0,0.0,0.0,0.006484762765467167,0.009460685774683952,0.006236221641302109,0.006236221641302109
CelebDFv3,/root/Datasets/CelebDFv3/CelebDFv3/FAKE/FaceReenact/TPSMM/id31_id1_0001.mp4,FaceReenact/TPSMM,id31,id1,0,6.652866363525391,-6.652866363525391,0.0,134.48822021484375,30.0,1.0,0.125,0.012983760796487331,0.004789276979863644,0.0074282316491007805,0.0074282316491007805
CelebDFv3,/root/Datasets/CelebDFv3/CelebDFv3/FAKE/FaceSwap/BlendFace/id25_id28_0005.mp4,FaceSwap/BlendFace,id25,id28,0,4.379730701446533,-4.379730701446533,0.0,82.77196502685547,30.0,0.0,0.0,0.010586930438876152,0.003372575854882598,0.003857312723994255,0.005724251735955477
CelebDFv3,/root/Datasets/CelebDFv3/CelebDFv3/FAKE/FaceSwap/Celeb-DF-v2/id31_id20_0007.mp4,FaceSwap/Celeb-DF-v2,id31,id20,0,-10.690324783325195,10.690324783325195,0.0,301.5888977050781,30.0,0.0,0.0,0.010434758849442005,0.004221484065055847,0.00655196700245142,0.011799093335866928
CelebDFv3,/root/Datasets/CelebDFv3/CelebDFv3/FAKE/FaceSwap/GHOST/id23_id4_0004.mp4,FaceSwap/GHOST,id23,id4,0,-5.946885585784912,5.946885585784912,0.0,226.62435913085938,30.0,1.0,0.03125,0.016728216782212257,0.011863873340189457,0.009525109082460403,0.012839846312999725
CelebDFv3,/root/Datasets/CelebDFv3/CelebDFv3/FAKE/FaceSwap/HifiFace/id51_id53_0008.mp4,FaceSwap/HifiFace,id51,id53,0,-5.1043596267700195,5.1043596267700195,0.0,107.07989501953125,30.0,0.0,0.0,0.0046241614036262035,0.004186212085187435,0.0051931217312812805,0.009299816563725471
CelebDFv3,/root/Datasets/CelebDFv3/CelebDFv3/FAKE/FaceSwap/InSwapper/id31_id38_0000.mp4,FaceSwap/InSwapper,id31,id38,0,0.932083249092102,-0.932083249092102,0.0,122.31715393066406,30.0,0.0,0.0,0.0032057587523013353,0.006481643300503492,0.0027292766608297825,0.004915011115372181
CelebDFv3,/root/Datasets/CelebDFv3/CelebDFv3/FAKE/FaceSwap/MobileFaceSwap/id56_id49_0006.mp4,FaceSwap/MobileFaceSwap,id56,id49,0,4.934327125549316,-4.934327125549316,0.0,92.69767761230469,30.0,0.0,0.0,0.00794151145964861,0.005139512941241264,0.0023710255045443773,0.004246020223945379
CelebDFv3,/root/Datasets/CelebDFv3/CelebDFv3/FAKE/FaceSwap/SimSwap/id22_id28_0005.mp4,FaceSwap/SimSwap,id22,id28,0,2.619291067123413,-2.619291067123413,0.0,106.06282806396484,30.0,0.0,0.0,0.0027633989229798317,0.0020264824852347374,0.0015024052700027823,0.002670241054147482
CelebDFv3,/root/Datasets/CelebDFv3/CelebDFv3/FAKE/FaceSwap/UniFace/id31_id33_0009.mp4,FaceSwap/UniFace,id31,id33,0,0.4967097342014313,-0.4967097342014313,0.0,138.586669921875,30.0,0.0,0.0,0.007542166858911514,0.00485044764354825,0.0021147234365344048,0.003808294888585806
CelebDFv3,/root/Datasets/CelebDFv3/CelebDFv3/FAKE/TalkingFace/AniTalker/id26_0001_test_id03524_T8R_BWJi2KI.mp4,TalkingFace/AniTalker,id26,,0,5.617290496826172,-5.617290496826172,0.0,207.708251953125,25.0,0.0,0.0,0.004605232272297144,0.0037433833349496126,0.003888624720275402,0.003888624720275402
CelebDFv3,/root/Datasets/CelebDFv3/CelebDFv3/FAKE/TalkingFace/EDTalk/id11_0003_test_id07621_9YfVlYjHf9o.mp4,TalkingFace/EDTalk,id11,,0,-12.951772689819336,12.951772689819336,0.0,207.26873779296875,25.0,0.0,0.0,0.010622650384902954,0.008662770502269268,0.005780045874416828,0.005780045874416828
CelebDFv3,/root/Datasets/CelebDFv3/CelebDFv3/FAKE/TalkingFace/EchoMimic/id26_0001_test_id01041_VUK1CbfpTRM.mp4,TalkingFace/EchoMimic,id26,,0,-0.11293117702007294,0.11293117702007294,0.0,254.8008575439453,24.0,0.0,0.0,0.003006129991263151,0.006823481991887093,0.005328758154064417,0.005328758154064417
CelebDFv3,/root/Datasets/CelebDFv3/CelebDFv3/FAKE/TalkingFace/FLOAT/id54_0000_test_id08374_8V4tFXw2UxY.mp4,TalkingFace/FLOAT,id54,,0,-1.4311432838439941,1.4311432838439941,0.0,134.6324005126953,25.0,0.0,0.0,0.013954510912299156,0.013135603629052639,0.007494927849620581,0.007494927849620581
CelebDFv3,/root/Datasets/CelebDFv3/CelebDFv3/FAKE/TalkingFace/IP_LAP/id59_0006_test_id08696_rszCIqLKMBQ.mp4,TalkingFace/IP_LAP,id59,,0,13.962514877319336,-13.962514877319336,0.0,105.06041717529297,25.0,1.0,0.03125,0.03391364961862564,0.014221478253602982,0.0346977673470974,0.0346977673470974
CelebDFv3,/root/Datasets/CelebDFv3/CelebDFv3/FAKE/TalkingFace/Real3DPortrait/id25_0009_test_id06310_yv5n45E1Db0.mp4,TalkingFace/Real3DPortrait,id25,,0,-4.410268783569336,4.410268783569336,0.0,144.81654357910156,25.0,0.0,0.0,0.009123202413320541,0.00403225515037775,0.004873414523899555,0.004873414523899555
CelebDFv3,/root/Datasets/CelebDFv3/CelebDFv3/FAKE/TalkingFace/SadTalker/id22_0003_test_id02548_RoMUUfqkYF4.mp4,TalkingFace/SadTalker,id22,,0,-2.2166318893432617,2.2166318893432617,0.0,240.61151123046875,25.0,1.0,0.8125,0.0004346461209934205,0.001509393798187375,0.0006552369450218976,0.0006552369450218976
CelebDFv3,/root/Datasets/CelebDFv3/CelebDFv3/FAKE/FaceReenact/DaGAN/id31_id33_0001.mp4,FaceReenact/DaGAN,id31,id33,0,5.660027503967285,-5.660027503967285,0.0,124.50601196289062,30.0,1.0,0.21875,0.02743946947157383,0.024184785783290863,0.02297809161245823,0.02297809161245823
CelebDFv3,/root/Datasets/CelebDFv3/CelebDFv3/FAKE/FaceReenact/FSRT/id26_id32_0001.mp4,FaceReenact/FSRT,id26,id32,0,3.740042209625244,-3.740042209625244,0.0,138.47659301757812,20.0,1.0,0.015625,0.01834912970662117,0.011671436950564384,0.009425448253750801,0.009425448253750801
CelebDFv3,/root/Datasets/CelebDFv3/CelebDFv3/FAKE/FaceReenact/HyperReenact/id48_id47_0004.mp4,FaceReenact/HyperReenact,id48,id47,0,-0.4504430890083313,0.4504430890083313,0.0,132.93646240234375,25.0,0.0,0.0,0.0023387225810438395,0.002770230872556567,0.005242049694061279,0.005242049694061279
CelebDFv3,/root/Datasets/CelebDFv3/CelebDFv3/FAKE/FaceReenact/LIA/id26_id34_0006.mp4,FaceReenact/LIA,id26,id34,0,-7.32857608795166,7.32857608795166,0.0,278.167236328125,30.0,1.0,0.15625,0.024240564554929733,0.015393806621432304,0.015565843321383,0.015565843321383
CelebDFv3,/root/Datasets/CelebDFv3/CelebDFv3/FAKE/FaceReenact/LivePortrait/id31_id37_0002.mp4,FaceReenact/LivePortrait,id31,id37,0,3.97635555267334,-3.97635555267334,0.0,183.5584716796875,30.0,0.0,0.0,0.004803729243576527,0.012026363983750343,0.009555578231811523,0.017208140343427658
CelebDFv3,/root/Datasets/CelebDFv3/CelebDFv3/FAKE/FaceReenact/MCNET/id48_id40_0001.mp4,FaceReenact/MCNET,id48,id40,0,0.9234685897827148,-0.9234685897827148,0.0,83.56490325927734,30.0,1.0,0.078125,0.016947254538536072,0.037148091942071915,0.01248119119554758,0.01248119119554758
CelebDFv3,/root/Datasets/CelebDFv3/CelebDFv3/FAKE/FaceReenact/TPSMM/id23_id29_0006.mp4,FaceReenact/TPSMM,id23,id29,0,15.93385124206543,-15.93385124206543,0.0,131.6008758544922,30.0,0.0,0.0,0.010088995099067688,0.008296231739223003,0.005221756640821695,0.005221756640821695
CelebDFv3,/root/Datasets/CelebDFv3/CelebDFv3/FAKE/FaceSwap/BlendFace/id48_id46_0007.mp4,FaceSwap/BlendFace,id48,id46,0,7.7946672439575195,-7.7946672439575195,0.0,98.41099548339844,30.0,0.0,0.0,0.0013130598235875368,0.0012858905829489231,0.0010465964442119002,0.0013731346698477864
CelebDFv3,/root/Datasets/CelebDFv3/CelebDFv3/FAKE/FaceSwap/Celeb-DF-v2/id23_id2_0007.mp4,FaceSwap/Celeb-DF-v2,id23,id2,0,0.9488000869750977,-0.9488000869750977,0.0,121.47428894042969,30.0,0.0,0.0,0.01069684512913227,0.043006591498851776,0.007279538549482822,0.012770570814609528
CelebDFv3,/root/Datasets/CelebDFv3/CelebDFv3/FAKE/FaceSwap/GHOST/id8_id1_0003.mp4,FaceSwap/GHOST,id8,id1,0,-4.081084728240967,4.081084728240967,0.0,134.82412719726562,30.0,0.0,0.0,0.002744392491877079,0.010512550361454487,0.0026737870648503304,0.005037415307015181
CelebDFv3,/root/Datasets/CelebDFv3/CelebDFv3/FAKE/FaceSwap/HifiFace/id56_id52_0008.mp4,FaceSwap/HifiFace,id56,id52,0,3.9629721641540527,-3.9629721641540527,0.0,119.0631103515625,30.0,1.0,0.015625,0.006687533110380173,0.003304731799289584,0.003022767137736082,0.0054131560027599335
CelebDFv3,/root/Datasets/CelebDFv3/CelebDFv3/FAKE/FaceSwap/InSwapper/id31_id26_0006.mp4,FaceSwap/InSwapper,id31,id26,0,-3.1921329498291016,3.1921329498291016,0.0,231.6965789794922,30.0,0.0,0.0,0.004910928197205067,0.010838848538696766,0.004035716876387596,0.007267709821462631
CelebDFv3,/root/Datasets/CelebDFv3/CelebDFv3/FAKE/FaceSwap/MobileFaceSwap/id51_id53_0006.mp4,FaceSwap/MobileFaceSwap,id51,id53,0,0.24209994077682495,-0.24209994077682495,0.0,165.29347229003906,29.0,0.0,0.0,0.0025367452763020992,0.023696133866906166,0.003771723248064518,0.006754383444786072
CelebDFv3,/root/Datasets/CelebDFv3/CelebDFv3/FAKE/FaceSwap/SimSwap/id48_id40_0007.mp4,FaceSwap/SimSwap,id48,id40,0,4.789292335510254,-4.789292335510254,0.0,99.57862091064453,30.0,0.0,0.0,0.0014545817393809557,0.0014739962061867118,0.0016091972356662154,0.0021112668327987194
CelebDFv3,/root/Datasets/CelebDFv3/CelebDFv3/FAKE/FaceSwap/UniFace/id26_id23_0002.mp4,FaceSwap/UniFace,id26,id23,0,0.5918901562690735,-0.5918901562690735,0.0,100.15349578857422,30.0,0.0,0.0,0.006647866684943438,0.01722392439842224,0.002948012435808778,0.0052964286878705025
CelebDFv3,/root/Datasets/CelebDFv3/CelebDFv3/FAKE/TalkingFace/AniTalker/id51_0005_test_id04862_i6aGUMQW5jA.mp4,TalkingFace/AniTalker,id51,,0,-3.459071159362793,3.459071159362793,0.0,192.8655548095703,25.0,0.0,0.0,0.0055748396553099155,0.0061553469859063625,0.006053322460502386,0.006053322460502386
CelebDFv3,/root/Datasets/CelebDFv3/CelebDFv3/FAKE/TalkingFace/EDTalk/id59_0008_test_id06104_I5L50wxtK8Q.mp4,TalkingFace/EDTalk,id59,,0,7.011113166809082,-7.011113166809082,0.0,110.06697845458984,25.0,0.0,0.0,0.012652209959924221,0.013252947479486465,0.0056072017177939415,0.0056072017177939415
CelebDFv3,/root/Datasets/CelebDFv3/CelebDFv3/FAKE/TalkingFace/EchoMimic/id26_0000_test_id03862_KIZ12swYhdI.mp4,TalkingFace/EchoMimic,id26,,0,9.272470474243164,-9.272470474243164,0.0,165.7130889892578,24.0,0.0,0.0,0.004263413604348898,0.008008170872926712,0.0049111973494291306,0.0049111973494291306
CelebDFv3,/root/Datasets/CelebDFv3/CelebDFv3/FAKE/TalkingFace/FLOAT/id59_0007_test_id02317_5moKZXlJTEs.mp4,TalkingFace/FLOAT,id59,,0,-1.4464900493621826,1.4464900493621826,0.0,123.66859436035156,25.0,0.0,0.0,0.010598164983093739,0.010231632739305496,0.007244640029966831,0.007244640029966831
CelebDFv3,/root/Datasets/CelebDFv3/CelebDFv3/FAKE/TalkingFace/IP_LAP/id25_0001_test_id00866_4wuP1StGqIA.mp4,TalkingFace/IP_LAP,id25,,0,6.443727016448975,-6.443727016448975,0.0,164.40281677246094,25.0,0.0,0.0,0.009258709847927094,0.0052813016809523106,0.011965912766754627,0.011965912766754627
CelebDFv3,/root/Datasets/CelebDFv3/CelebDFv3/FAKE/TalkingFace/Real3DPortrait/id51_0005_test_id04478_c0nsCu5jxLk.mp4,TalkingFace/Real3DPortrait,id51,,0,-8.430749893188477,8.430749893188477,0.0,201.9311981201172,25.0,0.0,0.0,0.010956845246255398,0.005391017068177462,0.007979899644851685,0.007979899644851685
CelebDFv3,/root/Datasets/CelebDFv3/CelebDFv3/FAKE/TalkingFace/SadTalker/id25_0009_test_id02465_mzyWUVgjQn0.mp4,TalkingFace/SadTalker,id25,,0,-8.74594497680664,8.74594497680664,0.0,144.98614501953125,25.0,0.0,0.0,0.0029417979530990124,0.0038977586664259434,0.005949461366981268,0.005949461366981268
CelebDFv3,/root/Datasets/CelebDFv3/CelebDFv3/FAKE/FaceReenact/DaGAN/id31_id30_0005.mp4,FaceReenact/DaGAN,id31,id30,0,5.430879592895508,-5.430879592895508,0.0,142.13523864746094,30.0,0.0,0.0,0.009552272967994213,0.004248591605573893,0.006350347772240639,0.006350347772240639
CelebDFv3,/root/Datasets/CelebDFv3/CelebDFv3/FAKE/FaceReenact/FSRT/id26_id2_0005.mp4,FaceReenact/FSRT,id26,id2,0,-4.782190322875977,4.782190322875977,0.0,223.21328735351562,20.0,0.0,0.0,0.005477882921695709,0.0052518704906105995,0.0064273071475327015,0.0064273071475327015
CelebDFv3,/root/Datasets/CelebDFv3/CelebDFv3/FAKE/FaceReenact/HyperReenact/id26_id28_0004.mp4,FaceReenact/HyperReenact,id26,id28,0,2.6537463665008545,-2.6537463665008545,0.0,125.98173522949219,25.0,0.0,0.0,0.002619511215016246,0.0016172556206583977,0.004810639191418886,0.004810639191418886
CelebDFv3,/root/Datasets/CelebDFv3/CelebDFv3/FAKE/FaceReenact/LIA/id23_id3_0002.mp4,FaceReenact/LIA,id23,id3,0,2.227654457092285,-2.227654457092285,0.0,107.39750671386719,30.0,1.0,0.109375,0.01978195831179619,0.009841828607022762,0.015010470524430275,0.015010470524430275
CelebDFv3,/root/Datasets/CelebDFv3/CelebDFv3/FAKE/FaceReenact/LivePortrait/id59_id60_0007.mp4,FaceReenact/LivePortrait,id59,id60,0,1.2952826023101807,-1.2952826023101807,0.0,113.1125717163086,30.0,0.0,0.0,0.007675491739064455,0.0032893007155507803,0.003477111691609025,0.006226793862879276
CelebDFv3,/root/Datasets/CelebDFv3/CelebDFv3/FAKE/FaceReenact/MCNET/id56_id55_0003.mp4,FaceReenact/MCNET,id56,id55,0,-1.3119335174560547,1.3119335174560547,0.0,91.69613647460938,30.0,1.0,0.15625,0.014087602496147156,0.01152136642485857,0.008196994662284851,0.008196994662284851
CelebDFv3,/root/Datasets/CelebDFv3/CelebDFv3/FAKE/FaceReenact/TPSMM/id26_id33_0001.mp4,FaceReenact/TPSMM,id26,id33,0,0.3231357932090759,-0.3231357932090759,0.0,150.97344970703125,30.0,1.0,0.265625,0.022562354803085327,0.018348678946495056,0.019250735640525818,0.019250735640525818
CelebDFv3,/root/Datasets/CelebDFv3/CelebDFv3/FAKE/FaceSwap/BlendFace/id48_id42_0001.mp4,FaceSwap/BlendFace,id48,id42,0,-4.190260410308838,4.190260410308838,0.0,98.96297454833984,30.0,0.0,0.0,0.004729750100523233,0.005742622073739767,0.0020207087509334087,0.0036084086168557405
CelebDFv3,/root/Datasets/CelebDFv3/CelebDFv3/FAKE/FaceSwap/Celeb-DF-v2/id23_id34_0002.mp4,FaceSwap/Celeb-DF-v2,id23,id34,0,1.3413589000701904,-1.3413589000701904,0.0,100.73548126220703,30.0,0.0,0.0,0.0091238496825099,0.011463789269328117,0.0034508993849158287,0.006133320741355419
CelebDFv3,/root/Datasets/CelebDFv3/CelebDFv3/FAKE/FaceSwap/GHOST/id23_id22_0002.mp4,FaceSwap/GHOST,id23,id22,0,-0.37098678946495056,0.37098678946495056,0.0,103.07353973388672,30.0,0.0,0.0,0.009212378412485123,0.010832248255610466,0.0036371254827827215,0.006464303005486727
CelebDFv3,/root/Datasets/CelebDFv3/CelebDFv3/FAKE/FaceSwap/HifiFace/id48_id47_0004.mp4,FaceSwap/HifiFace,id48,id47,0,-3.668362855911255,3.668362855911255,0.0,125.52056884765625,30.0,0.0,0.0,0.004834374878555536,0.002732735127210617,0.00446354178711772,0.007970611564815044
CelebDFv3,/root/Datasets/CelebDFv3/CelebDFv3/FAKE/FaceSwap/InSwapper/id22_id20_0002.mp4,FaceSwap/InSwapper,id22,id20,0,0.31219422817230225,-0.31219422817230225,0.0,122.58817291259766,30.0,0.0,0.0,0.0059362733736634254,0.009759852662682533,0.00413885060697794,0.007356023881584406
CelebDFv3,/root/Datasets/CelebDFv3/CelebDFv3/FAKE/FaceSwap/MobileFaceSwap/id31_id16_0002.mp4,FaceSwap/MobileFaceSwap,id31,id16,0,3.871344566345215,-3.871344566345215,0.0,145.40216064453125,30.0,0.0,0.0,0.019801205024123192,0.04068577662110329,0.014874553307890892,0.0267868023365736
CelebDFv3,/root/Datasets/CelebDFv3/CelebDFv3/FAKE/FaceSwap/SimSwap/id26_id17_0000.mp4,FaceSwap/SimSwap,id26,id17,0,0.12569484114646912,-0.12569484114646912,0.0,187.97142028808594,30.0,0.0,0.0,0.0019040703773498535,0.0013299370184540749,0.001964399591088295,0.0035292604006826878
CelebDFv3,/root/Datasets/CelebDFv3/CelebDFv3/FAKE/FaceSwap/UniFace/id51_id50_0008.mp4,FaceSwap/UniFace,id51,id50,0,-5.962957382202148,5.962957382202148,0.0,110.04414367675781,30.0,0.0,0.0,0.0038279846776276827,0.004332543350756168,0.005328421015292406,0.009542110376060009
CelebDFv3,/root/Datasets/CelebDFv3/CelebDFv3/FAKE/TalkingFace/AniTalker/id25_0010_test_id08552_xOecUNBV_Q0.mp4,TalkingFace/AniTalker,id25,,0,8.34870719909668,-8.34870719909668,0.0,183.23040771484375,25.0,0.0,0.0,0.006149612367153168,0.0034478199668228626,0.005088710691779852,0.005088710691779852
CelebDFv3,/root/Datasets/CelebDFv3/CelebDFv3/FAKE/TalkingFace/EDTalk/id59_0003_test_id01066_0n-7JunX4kg.mp4,TalkingFace/EDTalk,id59,,0,9.042529106140137,-9.042529106140137,0.0,220.882568359375,25.0,0.0,0.0,0.013411727733910084,0.011152726598083973,0.006393790245056152,0.006393790245056152
CelebDFv3,/root/Datasets/CelebDFv3/CelebDFv3/FAKE/TalkingFace/EchoMimic/id48_0009_test_id01509_BOCzIO28WqA.mp4,TalkingFace/EchoMimic,id48,,0,-1.5312124490737915,1.5312124490737915,0.0,154.1547088623047,24.0,0.0,0.0,0.011958147399127483,0.010916771367192268,0.007284414954483509,0.007284414954483509
CelebDFv3,/root/Datasets/CelebDFv3/CelebDFv3/FAKE/TalkingFace/FLOAT/id51_0000_test_id07802_MtoFAMWjUxM.mp4,TalkingFace/FLOAT,id51,,0,1.8698381185531616,-1.8698381185531616,0.0,117.98421478271484,25.0,0.0,0.0,0.026921015232801437,0.010737518779933453,0.008521398529410362,0.008521398529410362
CelebDFv3,/root/Datasets/CelebDFv3/CelebDFv3/FAKE/TalkingFace/IP_LAP/id25_0002_test_id07620_fx5jKGlv9Ek.mp4,TalkingFace/IP_LAP,id25,,0,5.039317607879639,-5.039317607879639,0.0,101.42464447021484,25.0,0.0,0.0,0.022693611681461334,0.021482890471816063,0.007949301041662693,0.007949301041662693
CelebDFv3,/root/Datasets/CelebDFv3/CelebDFv3/FAKE/TalkingFace/Real3DPortrait/id31_0007_test_id03978_ywSqMWAhPPY.mp4,TalkingFace/Real3DPortrait,id31,,0,2.7038402557373047,-2.7038402557373047,0.0,303.82177734375,25.0,1.0,0.03125,0.06659850478172302,0.016354698687791824,0.07203634828329086,0.07203634828329086
CelebDFv3,/root/Datasets/CelebDFv3/CelebDFv3/FAKE/TalkingFace/SadTalker/id48_0003_test_id01228_wQ0cqLka-oQ.mp4,TalkingFace/SadTalker,id48,,0,-5.517912864685059,5.517912864685059,0.0,121.81394958496094,25.0,0.0,0.0,0.0015188357792794704,0.003920090384781361,0.003631243947893381,0.003631243947893381
CelebDFv3,/root/Datasets/CelebDFv3/CelebDFv3/FAKE/FaceReenact/DaGAN/id51_id50_0008.mp4,FaceReenact/DaGAN,id51,id50,0,-1.2049987316131592,1.2049987316131592,0.0,100.81117248535156,30.0,1.0,0.09375,0.013136247172951698,0.007276354823261499,0.01679396815598011,0.01679396815598011
CelebDFv3,/root/Datasets/CelebDFv3/CelebDFv3/FAKE/FaceReenact/FSRT/id26_id6_0002.mp4,FaceReenact/FSRT,id26,id6,0,6.45217227935791,-6.45217227935791,0.0,111.70145416259766,20.0,0.0,0.0,0.007988019846379757,0.002589038573205471,0.0039886655285954475,0.0039886655285954475
CelebDFv3,/root/Datasets/CelebDFv3/CelebDFv3/FAKE/FaceReenact/HyperReenact/id23_id28_0001.mp4,FaceReenact/HyperReenact,id23,id28,0,2.5184547901153564,-2.5184547901153564,0.0,130.94894409179688,25.0,0.0,0.0,0.0025990894064307213,0.003337988629937172,0.004657777026295662,0.004657777026295662
CelebDFv3,/root/Datasets/CelebDFv3/CelebDFv3/FAKE/FaceReenact/LIA/id26_id30_0002.mp4,FaceReenact/LIA,id26,id30,0,8.638419151306152,-8.638419151306152,0.0,91.72552490234375,30.0,0.0,0.0,0.014471115544438362,0.005687445402145386,0.007841124199330807,0.007841124199330807
CelebDFv3,/root/Datasets/CelebDFv3/CelebDFv3/FAKE/FaceReenact/LivePortrait/id31_id4_0007.mp4,FaceReenact/LivePortrait,id31,id4,0,-7.877448081970215,7.877448081970215,0.0,291.358642578125,30.0,0.0,0.0,0.025239745154976845,0.008705474436283112,0.013822834938764572,0.024892814457416534
CelebDFv3,/root/Datasets/CelebDFv3/CelebDFv3/FAKE/FaceReenact/MCNET/id56_id49_0003.mp4,FaceReenact/MCNET,id56,id49,0,-0.9472469091415405,0.9472469091415405,0.0,118.98550415039062,30.0,0.0,0.0,0.006415814161300659,0.004980121273547411,0.005149641074240208,0.005149641074240208
CelebDFv3,/root/Datasets/CelebDFv3/CelebDFv3/FAKE/FaceReenact/TPSMM/id48_id43_0001.mp4,FaceReenact/TPSMM,id48,id43,0,-2.8261501789093018,2.8261501789093018,0.0,108.44798278808594,30.0,0.0,0.0,0.017364075407385826,0.0038915658369660378,0.009644465520977974,0.009644465520977974
CelebDFv3,/root/Datasets/CelebDFv3/CelebDFv3/FAKE/FaceSwap/BlendFace/id31_id35_0000.mp4,FaceSwap/BlendFace,id31,id35,0,3.0370185375213623,-3.0370185375213623,0.0,126.30682373046875,30.0,0.0,0.0,0.003214983269572258,0.006829073652625084,0.003537192940711975,0.006369945593178272
CelebDFv3,/root/Datasets/CelebDFv3/CelebDFv3/FAKE/FaceSwap/Celeb-DF-v2/id22_id24_0002.mp4,FaceSwap/Celeb-DF-v2,id22,id24,0,-0.12189531326293945,0.12189531326293945,0.0,114.78360748291016,30.0,0.0,0.0,0.005991013720631599,0.009750978089869022,0.0036455183289945126,0.006479219067841768
CelebDFv3,/root/Datasets/CelebDFv3/CelebDFv3/FAKE/FaceSwap/GHOST/id54_id49_0008.mp4,FaceSwap/GHOST,id54,id49,0,-8.661376953125,8.661376953125,0.0,185.327880859375,30.0,0.0,0.0,0.0021654162555933,0.003429990727454424,0.0018444268498569727,0.003302990458905697
CelebDFv3,/root/Datasets/CelebDFv3/CelebDFv3/FAKE/FaceSwap/HifiFace/id23_id1_0003.mp4,FaceSwap/HifiFace,id23,id1,0,-0.5909957885742188,0.5909957885742188,0.0,110.04849243164062,30.0,0.0,0.0,0.003812876995652914,0.002817742060869932,0.0017006456619128585,0.0030225757509469986
CelebDFv3,/root/Datasets/CelebDFv3/CelebDFv3/FAKE/FaceSwap/InSwapper/id22_id23_0001.mp4,FaceSwap/InSwapper,id22,id23,0,1.9649693965911865,-1.9649693965911865,0.0,116.93640899658203,30.0,0.0,0.0,0.011893516406416893,0.02211211808025837,0.014184913598001003,0.025211000815033913
CelebDFv3,/root/Datasets/CelebDFv3/CelebDFv3/FAKE/FaceSwap/MobileFaceSwap/id26_id35_0002.mp4,FaceSwap/MobileFaceSwap,id26,id35,0,4.9040021896362305,-4.9040021896362305,0.0,93.73741149902344,30.0,1.0,0.03125,0.007372703403234482,0.02162322960793972,0.012849551625549793,0.023085635155439377
CelebDFv3,/root/Datasets/CelebDFv3/CelebDFv3/FAKE/FaceSwap/SimSwap/id23_id17_0006.mp4,FaceSwap/SimSwap,id23,id17,0,7.117269515991211,-7.117269515991211,0.0,262.2325744628906,30.0,0.0,0.0,0.006645291578024626,0.0038487541023641825,0.001823179773055017,0.002415713155642152
CelebDFv3,/root/Datasets/CelebDFv3/CelebDFv3/FAKE/FaceSwap/UniFace/id31_id37_0007.mp4,FaceSwap/UniFace,id31,id37,0,-13.38643741607666,13.38643741607666,0.0,284.46112060546875,30.0,0.0,0.0,0.016932018101215363,0.0038711801171302795,0.006973033305257559,0.012557369656860828
CelebDFv3,/root/Datasets/CelebDFv3/CelebDFv3/FAKE/TalkingFace/AniTalker/id51_0002_test_id01593_tLFWX-IdAwI.mp4,TalkingFace/AniTalker,id51,,0,5.376574516296387,-5.376574516296387,0.0,125.26095581054688,25.0,0.0,0.0,0.009389716200530529,0.0066261268220841885,0.005460943561047316,0.005460943561047316
CelebDFv3,/root/Datasets/CelebDFv3/CelebDFv3/FAKE/TalkingFace/EDTalk/id11_0006_test_id04030_UAQYdNL40Ug.mp4,TalkingFace/EDTalk,id11,,0,8.082761764526367,-8.082761764526367,0.0,131.75912475585938,25.0,0.0,0.0,0.010541395284235477,0.008817944675683975,0.005858772434294224,0.005858772434294224
CelebDFv3,/root/Datasets/CelebDFv3/CelebDFv3/FAKE/TalkingFace/EchoMimic/id26_0002_test_id03030_wcPmp1C6XeU.mp4,TalkingFace/EchoMimic,id26,,0,2.9419445991516113,-2.9419445991516113,0.0,131.4482879638672,24.0,0.0,0.0,0.010423175990581512,0.009109467267990112,0.010401073843240738,0.010401073843240738
CelebDFv3,/root/Datasets/CelebDFv3/CelebDFv3/FAKE/TalkingFace/FLOAT/id25_0003_test_id02576_5O2ih1vInAE.mp4,TalkingFace/FLOAT,id25,,0,-1.0871694087982178,1.0871694087982178,0.0,258.49609375,25.0,0.0,0.0,0.008777212351560593,0.004363671410828829,0.007038168143481016,0.007038168143481016
CelebDFv3,/root/Datasets/CelebDFv3/CelebDFv3/FAKE/TalkingFace/IP_LAP/id11_0008_test_id03030_jSaAmd-y53U.mp4,TalkingFace/IP_LAP,id11,,0,7.953215599060059,-7.953215599060059,0.0,100.29234313964844,25.0,0.0,0.0,0.009997950866818428,0.01023055613040924,0.008335646241903305,0.008335646241903305
CelebDFv3,/root/Datasets/CelebDFv3/CelebDFv3/FAKE/TalkingFace/Real3DPortrait/id31_0003_test_id01333_gujKn7v2CJg.mp4,TalkingFace/Real3DPortrait,id31,,0,-4.794941425323486,4.794941425323486,0.0,160.92645263671875,25.0,0.0,0.0,0.011367308907210827,0.004922972526401281,0.005763185676187277,0.005763185676187277
CelebDFv3,/root/Datasets/CelebDFv3/CelebDFv3/FAKE/TalkingFace/SadTalker/id59_0004_test_id05015_0SsJwWGC0c4.mp4,TalkingFace/SadTalker,id59,,0,-4.729479789733887,4.729479789733887,0.0,230.72186279296875,25.0,0.0,0.0,0.0016478695906698704,0.003344948636367917,0.008795222267508507,0.008795222267508507
CelebDFv3,/root/Datasets/CelebDFv3/CelebDFv3/FAKE/FaceReenact/DaGAN/id48_id42_0001.mp4,FaceReenact/DaGAN,id48,id42,0,-4.919702053070068,4.919702053070068,0.0,114.2550277709961,30.0,0.0,0.0,0.006893294397741556,0.0024927835911512375,0.005135962273925543,0.005135962273925543
CelebDFv3,/root/Datasets/CelebDFv3/CelebDFv3/FAKE/FaceReenact/FSRT/id26_id30_0002.mp4,FaceReenact/FSRT,id26,id30,0,5.090387344360352,-5.090387344360352,0.0,122.01746368408203,20.0,0.0,0.0,0.013327173888683319,0.005383347626775503,0.00708370003849268,0.00708370003849268
CelebDFv3,/root/Datasets/CelebDFv3/CelebDFv3/FAKE/FaceReenact/HyperReenact/id8_id5_0008.mp4,FaceReenact/HyperReenact,id8,id5,0,-0.44316259026527405,0.44316259026527405,0.0,175.0365753173828,25.0,0.0,0.0,0.004628718830645084,0.0038439962081611156,0.004992242436856031,0.004992242436856031
CelebDFv3,/root/Datasets/CelebDFv3/CelebDFv3/FAKE/FaceReenact/LIA/id22_id23_0001.mp4,FaceReenact/LIA,id22,id23,0,1.4497674703598022,-1.4497674703598022,0.0,178.22755432128906,30.0,0.0,0.0,0.00828079879283905,0.007465791888535023,0.007527120877057314,0.007527120877057314
CelebDFv3,/root/Datasets/CelebDFv3/CelebDFv3/FAKE/FaceReenact/LivePortrait/id54_id53_0008.mp4,FaceReenact/LivePortrait,id54,id53,0,-8.441936492919922,8.441936492919922,0.0,193.1311492919922,30.0,0.0,0.0,0.001276686554774642,0.002296092454344034,0.0021477374248206615,0.0038461575750261545
CelebDFv3,/root/Datasets/CelebDFv3/CelebDFv3/FAKE/FaceReenact/MCNET/id48_id41_0006.mp4,FaceReenact/MCNET,id48,id41,0,3.859776496887207,-3.859776496887207,0.0,113.87767791748047,30.0,1.0,0.15625,0.0039389608427882195,0.0020745068322867155,0.007356530055403709,0.007356530055403709
CelebDFv3,/root/Datasets/CelebDFv3/CelebDFv3/FAKE/FaceReenact/TPSMM/id31_id33_0000.mp4,FaceReenact/TPSMM,id31,id33,0,3.9319167137145996,-3.9319167137145996,0.0,109.9189682006836,30.0,1.0,0.015625,0.020805375650525093,0.014232208952307701,0.012012790888547897,0.012012790888547897
CelebDFv3,/root/Datasets/CelebDFv3/CelebDFv3/FAKE/FaceSwap/BlendFace/id25_id21_0002.mp4,FaceSwap/BlendFace,id25,id21,0,6.916839122772217,-6.916839122772217,0.0,132.55409240722656,30.0,0.0,0.0,0.00559480395168066,0.005170131102204323,0.002503075171262026,0.004507656674832106
CelebDFv3,/root/Datasets/CelebDFv3/CelebDFv3/FAKE/FaceSwap/Celeb-DF-v2/id26_id22_0001.mp4,FaceSwap/Celeb-DF-v2,id26,id22,0,0.6644736528396606,-0.6644736528396606,0.0,116.98770141601562,30.0,1.0,0.015625,0.014177050441503525,0.01046060398221016,0.003068380057811737,0.005512682721018791
CelebDFv3,/root/Datasets/CelebDFv3/CelebDFv3/FAKE/FaceSwap/GHOST/id25_id23_0000.mp4,FaceSwap/GHOST,id25,id23,0,-5.33767032623291,5.33767032623291,0.0,130.52166748046875,30.0,0.0,0.0,0.01088433526456356,0.008083462715148926,0.004444643389433622,0.008004124276340008
CelebDFv3,/root/Datasets/CelebDFv3/CelebDFv3/FAKE/FaceSwap/HifiFace/id51_id58_0000.mp4,FaceSwap/HifiFace,id51,id58,0,1.4958839416503906,-1.4958839416503906,0.0,97.20599365234375,30.0,0.0,0.0,0.006317129358649254,0.004620551131665707,0.0049289497546851635,0.008826738223433495
CelebDFv3,/root/Datasets/CelebDFv3/CelebDFv3/FAKE/FaceSwap/InSwapper/id11_id7_0009.mp4,FaceSwap/InSwapper,id11,id7,0,-3.284816026687622,3.284816026687622,0.0,107.54749298095703,30.0,0.0,0.0,0.0021550776436924934,0.0028916015289723873,0.0008869460434652865,0.0016851973487064242
CelebDFv3,/root/Datasets/CelebDFv3/CelebDFv3/FAKE/FaceSwap/MobileFaceSwap/id56_id52_0009.mp4,FaceSwap/MobileFaceSwap,id56,id52,0,-5.767128944396973,5.767128944396973,0.0,185.1070098876953,30.0,0.0,0.0,0.012710249051451683,0.002056156750768423,0.001752417883835733,0.0031382208690047264
CelebDFv3,/root/Datasets/CelebDFv3/CelebDFv3/FAKE/FaceSwap/SimSwap/id56_id49_0006.mp4,FaceSwap/SimSwap,id56,id49,0,2.167201519012451,-2.167201519012451,0.0,109.58274841308594,30.0,0.0,0.0,0.011215043254196644,0.004813154693692923,0.0022857615258544683,0.004093330353498459
CelebDFv3,/root/Datasets/CelebDFv3/CelebDFv3/FAKE/FaceSwap/UniFace/id59_id60_0000.mp4,FaceSwap/UniFace,id59,id60,0,0.6715022325515747,-0.6715022325515747,0.0,87.68910217285156,30.0,1.0,0.015625,0.012185699306428432,0.01765146106481552,0.00602747593075037,0.010793972760438919
CelebDFv3,/root/Datasets/CelebDFv3/CelebDFv3/FAKE/TalkingFace/AniTalker/id8_0008_test_id01000_xjC2r6OXgBo.mp4,TalkingFace/AniTalker,id8,,0,-1.2501657009124756,1.2501657009124756,0.0,170.6917266845703,25.0,0.0,0.0,0.004951733164489269,0.0034055665601044893,0.0034089279361069202,0.0034089279361069202
CelebDFv3,/root/Datasets/CelebDFv3/CelebDFv3/FAKE/TalkingFace/EDTalk/id25_0002_test_id03524_cxnnKLQYemo.mp4,TalkingFace/EDTalk,id25,,0,9.686705589294434,-9.686705589294434,0.0,195.3141326904297,25.0,0.0,0.0,0.014518155716359615,0.010536927729845047,0.005441255867481232,0.005441255867481232
CelebDFv3,/root/Datasets/CelebDFv3/CelebDFv3/FAKE/TalkingFace/EchoMimic/id31_0002_test_id00562_9LAZqHI80BY.mp4,TalkingFace/EchoMimic,id31,,0,4.759727478027344,-4.759727478027344,0.0,245.19281005859375,24.0,0.0,0.0,0.011866503395140171,0.006752746179699898,0.016481107100844383,0.016481107100844383
CelebDFv3,/root/Datasets/CelebDFv3/CelebDFv3/FAKE/TalkingFace/FLOAT/id11_0001_test_id04478_skNa9nGYlDU.mp4,TalkingFace/FLOAT,id11,,0,-0.9603222608566284,0.9603222608566284,0.0,127.8239974975586,25.0,0.0,0.0,0.01218617707490921,0.006842949893325567,0.0071287453174591064,0.0071287453174591064
CelebDFv3,/root/Datasets/CelebDFv3/CelebDFv3/FAKE/TalkingFace/IP_LAP/id51_0005_test_id01509_I6T7sh7T2lU.mp4,TalkingFace/IP_LAP,id51,,0,-8.218732833862305,8.218732833862305,0.0,174.0209503173828,25.0,0.0,0.0,0.020921066403388977,0.026430783793330193,0.008382811211049557,0.008382811211049557
CelebDFv3,/root/Datasets/CelebDFv3/CelebDFv3/FAKE/TalkingFace/Real3DPortrait/id56_0000_test_id05015_k_TJD7DmraQ.mp4,TalkingFace/Real3DPortrait,id56,,0,8.186747550964355,-8.186747550964355,0.0,125.73257446289062,25.0,1.0,0.09375,0.011774568818509579,0.00611983984708786,0.010091005824506283,0.010091005824506283
CelebDFv3,/root/Datasets/CelebDFv3/CelebDFv3/FAKE/TalkingFace/SadTalker/id51_0005_test_id04862_i6aGUMQW5jA.mp4,TalkingFace/SadTalker,id51,,0,-7.8488006591796875,7.8488006591796875,0.0,197.8374786376953,25.0,0.0,0.0,0.0024558305740356445,0.008279315195977688,0.006070797797292471,0.006070797797292471
CelebDFv3,/root/Datasets/CelebDFv3/CelebDFv3/FAKE/FaceReenact/DaGAN/id23_id0_0007.mp4,FaceReenact/DaGAN,id23,id0,0,8.192288398742676,-8.192288398742676,0.0,117.38711547851562,30.0,1.0,0.25,0.0037971241399645805,0.002527854638174176,0.004292692523449659,0.004292692523449659
CelebDFv3,/root/Datasets/CelebDFv3/CelebDFv3/FAKE/FaceReenact/FSRT/id25_id20_0003.mp4,FaceReenact/FSRT,id25,id20,0,4.287101745605469,-4.287101745605469,0.0,167.94366455078125,20.0,0.0,0.0,0.004777562338858843,0.012431856244802475,0.0076907360926270485,0.0076907360926270485
CelebDFv3,/root/Datasets/CelebDFv3/CelebDFv3/FAKE/FaceReenact/HyperReenact/id26_id29_0004.mp4,FaceReenact/HyperReenact,id26,id29,0,3.0265469551086426,-3.0265469551086426,0.0,112.41742706298828,25.0,1.0,0.015625,0.010128391906619072,0.005573951173573732,0.008660058490931988,0.008660058490931988
CelebDFv3,/root/Datasets/CelebDFv3/CelebDFv3/FAKE/FaceReenact/LIA/id26_id3_0006.mp4,FaceReenact/LIA,id26,id3,0,-6.420853614807129,6.420853614807129,0.0,265.79302978515625,30.0,0.0,0.0,0.013288351707160473,0.011233074590563774,0.008180107921361923,0.008180107921361923
CelebDFv3,/root/Datasets/CelebDFv3/CelebDFv3/FAKE/FaceReenact/LivePortrait/id23_id16_0009.mp4,FaceReenact/LivePortrait,id23,id16,0,-1.8544666767120361,1.8544666767120361,0.0,170.22427368164062,30.0,0.0,0.0,0.0040354966185987,0.004834459163248539,0.003432468045502901,0.004544587805867195
CelebDFv3,/root/Datasets/CelebDFv3/CelebDFv3/FAKE/FaceReenact/MCNET/id23_id20_0002.mp4,FaceReenact/MCNET,id23,id20,0,5.073696613311768,-5.073696613311768,0.0,82.35865020751953,30.0,1.0,0.671875,0.013977481983602047,0.003317520720884204,0.014033755287528038,0.014033755287528038
CelebDFv3,/root/Datasets/CelebDFv3/CelebDFv3/FAKE/FaceReenact/TPSMM/id26_id28_0004.mp4,FaceReenact/TPSMM,id26,id28,0,4.527285575866699,-4.527285575866699,0.0,131.0113525390625,30.0,0.0,0.0,0.007961082272231579,0.0065339659340679646,0.005770952440798283,0.005770952440798283
CelebDFv3,/root/Datasets/CelebDFv3/CelebDFv3/FAKE/FaceSwap/BlendFace/id31_id6_0006.mp4,FaceSwap/BlendFace,id31,id6,0,-3.1210594177246094,3.1210594177246094,0.0,218.77903747558594,30.0,0.0,0.0,0.004777280613780022,0.010702860541641712,0.0035091114696115255,0.00631937338039279
CelebDFv3,/root/Datasets/CelebDFv3/CelebDFv3/FAKE/FaceSwap/Celeb-DF-v2/id23_id30_0009.mp4,FaceSwap/Celeb-DF-v2,id23,id30,0,-5.4754180908203125,5.4754180908203125,0.0,158.15663146972656,30.0,0.0,0.0,0.004225604236125946,0.004696344956755638,0.0033049490302801132,0.0043757520616054535
CelebDFv3,/root/Datasets/CelebDFv3/CelebDFv3/FAKE/FaceSwap/GHOST/id54_id56_0008.mp4,FaceSwap/GHOST,id54,id56,0,-3.9763360023498535,3.9763360023498535,0.0,188.83602905273438,30.0,0.0,0.0,0.0020226736087352037,0.0032891070004552603,0.001965033123269677,0.0035189716145396233
CelebDFv3,/root/Datasets/CelebDFv3/CelebDFv3/FAKE/FaceSwap/HifiFace/id31_id20_0008.mp4,FaceSwap/HifiFace,id31,id20,0,-1.5327143669128418,1.5327143669128418,0.0,147.94956970214844,30.0,0.0,0.0,0.0036788671277463436,0.009645616635680199,0.0071155414916574955,0.012814003974199295
CelebDFv3,/root/Datasets/CelebDFv3/CelebDFv3/FAKE/FaceSwap/InSwapper/id25_id22_0002.mp4,FaceSwap/InSwapper,id25,id22,0,4.063124656677246,-4.063124656677246,0.0,128.86016845703125,30.0,0.0,0.0,0.00552856270223856,0.005152065772563219,0.0030797431245446205,0.005546147003769875
CelebDFv3,/root/Datasets/CelebDFv3/CelebDFv3/FAKE/FaceSwap/MobileFaceSwap/id56_id52_0008.mp4,FaceSwap/MobileFaceSwap,id56,id52,0,8.882932662963867,-8.882932662963867,0.0,107.34750366210938,30.0,0.0,0.0,0.0041951886378228664,0.003031244035810232,0.0018814359791576862,0.0033692659344524145
CelebDFv3,/root/Datasets/CelebDFv3/CelebDFv3/FAKE/FaceSwap/SimSwap/id22_id27_0005.mp4,FaceSwap/SimSwap,id22,id27,0,2.590505599975586,-2.590505599975586,0.0,109.85208892822266,30.0,0.0,0.0,0.0026235361583530903,0.002074213232845068,0.001762937754392624,0.003133288584649563
CelebDFv3,/root/Datasets/CelebDFv3/CelebDFv3/FAKE/FaceSwap/UniFace/id26_id37_0008.mp4,FaceSwap/UniFace,id26,id37,0,-2.1462178230285645,2.1462178230285645,0.0,185.9872283935547,30.0,0.0,0.0,0.006172184366732836,0.0049398187547922134,0.002801526105031371,0.005101468414068222
CelebDFv3,/root/Datasets/CelebDFv3/CelebDFv3/FAKE/TalkingFace/AniTalker/id11_0008_test_id03030_jSaAmd-y53U.mp4,TalkingFace/AniTalker,id11,,0,12.900976181030273,-12.900976181030273,0.0,108.02314758300781,25.0,0.0,0.0,0.0069869644939899445,0.008587878197431564,0.0059744976460933685,0.0059744976460933685
CelebDFv3,/root/Datasets/CelebDFv3/CelebDFv3/FAKE/TalkingFace/EDTalk/id25_0005_test_id06692_IwB3vu418E4.mp4,TalkingFace/EDTalk,id25,,0,8.472175598144531,-8.472175598144531,0.0,117.39704132080078,25.0,0.0,0.0,0.011579292826354504,0.009120533242821693,0.005199159495532513,0.005199159495532513
CelebDFv3,/root/Datasets/CelebDFv3/CelebDFv3/FAKE/TalkingFace/EchoMimic/id51_0007_test_id07663_Um4MKhndp_0.mp4,TalkingFace/EchoMimic,id51,,0,-3.5543947219848633,3.5543947219848633,0.0,183.4739990234375,24.0,0.0,0.0,0.004230750724673271,0.006699233315885067,0.005170030053704977,0.005170030053704977
CelebDFv3,/root/Datasets/CelebDFv3/CelebDFv3/FAKE/TalkingFace/FLOAT/id25_0010_test_id04862_4r-u7YAGLoA.mp4,TalkingFace/FLOAT,id25,,0,4.868283748626709,-4.868283748626709,0.0,176.37637329101562,25.0,0.0,0.0,0.010821053758263588,0.009373681619763374,0.008357284590601921,0.008357284590601921
CelebDFv3,/root/Datasets/CelebDFv3/CelebDFv3/FAKE/TalkingFace/IP_LAP/id31_0004_test_id04295_1fSjOItVYVg.mp4,TalkingFace/IP_LAP,id31,,0,10.366083145141602,-10.366083145141602,0.0,172.91050720214844,25.0,0.0,0.0,0.011192264966666698,0.005271981470286846,0.0070800259709358215,0.0070800259709358215
CelebDFv3,/root/Datasets/CelebDFv3/CelebDFv3/FAKE/TalkingFace/Real3DPortrait/id31_0001_test_id04862_Y0Gt6M5g3UM.mp4,TalkingFace/Real3DPortrait,id31,,0,11.481608390808105,-11.481608390808105,0.0,147.18687438964844,25.0,0.0,0.0,0.0155996885150671,0.004320277366787195,0.0052891988307237625,0.0052891988307237625
CelebDFv3,/root/Datasets/CelebDFv3/CelebDFv3/FAKE/TalkingFace/SadTalker/id25_0000_test_id06209_6oI-FJQS9V0.mp4,TalkingFace/SadTalker,id25,,0,-3.87811017036438,3.87811017036438,0.0,164.4161834716797,25.0,0.0,0.0,0.0026188530027866364,0.0069946707226336,0.007564706727862358,0.007564706727862358
CelebDFv3,/root/Datasets/CelebDFv3/CelebDFv3/FAKE/FaceReenact/DaGAN/id48_id46_0007.mp4,FaceReenact/DaGAN,id48,id46,0,7.893273830413818,-7.893273830413818,0.0,113.14752197265625,30.0,1.0,0.140625,0.007963545620441437,0.007658688351511955,0.00949134211987257,0.00949134211987257
CelebDFv3,/root/Datasets/CelebDFv3/CelebDFv3/FAKE/FaceReenact/FSRT/id31_id16_0007.mp4,FaceReenact/FSRT,id31,id16,0,-1.632169485092163,1.632169485092163,0.0,303.91650390625,20.0,1.0,0.140625,0.018443161621689796,0.011636889539659023,0.0287404116243124,0.0287404116243124
CelebDFv3,/root/Datasets/CelebDFv3/CelebDFv3/FAKE/FaceReenact/HyperReenact/id23_id4_0009.mp4,FaceReenact/HyperReenact,id23,id4,0,-2.2633941173553467,2.2633941173553467,0.0,181.0382537841797,25.0,0.0,0.0,0.0038583395071327686,0.005454717203974724,0.008457890711724758,0.008457890711724758
CelebDFv3,/root/Datasets/CelebDFv3/CelebDFv3/FAKE/FaceReenact/LIA/id31_id21_0005.mp4,FaceReenact/LIA,id31,id21,0,-3.873638153076172,3.873638153076172,0.0,226.98507690429688,30.0,1.0,0.78125,0.002164106583222747,0.002700662240386009,0.0028031098190695047,0.0028031098190695047
CelebDFv3,/root/Datasets/CelebDFv3/CelebDFv3/FAKE/FaceReenact/LivePortrait/id23_id29_0002.mp4,FaceReenact/LivePortrait,id23,id29,0,-0.25884532928466797,0.25884532928466797,0.0,93.93021392822266,30.0,1.0,0.078125,0.03050520457327366,0.011188195087015629,0.0185241661965847,0.032923199236392975
CelebDFv3,/root/Datasets/CelebDFv3/CelebDFv3/FAKE/FaceReenact/MCNET/id23_id2_0007.mp4,FaceReenact/MCNET,id23,id2,0,7.557896614074707,-7.557896614074707,0.0,132.71871948242188,30.0,0.0,0.0,0.0072693792171776295,0.00621700519695878,0.004713803064078093,0.004713803064078093
CelebDFv3,/root/Datasets/CelebDFv3/CelebDFv3/FAKE/FaceReenact/TPSMM/id54_id55_0006.mp4,FaceReenact/TPSMM,id54,id55,0,-6.7056379318237305,6.7056379318237305,0.0,204.20738220214844,30.0,0.0,0.0,0.005979443900287151,0.003760482417419553,0.005233489442616701,0.005233489442616701
CelebDFv3,/root/Datasets/CelebDFv3/CelebDFv3/FAKE/FaceSwap/BlendFace/id23_id29_0007.mp4,FaceSwap/BlendFace,id23,id29,0,-0.46526432037353516,0.46526432037353516,0.0,136.98715209960938,30.0,0.0,0.0,0.0119961341843009,0.02267003059387207,0.004909079521894455,0.00861204881221056
CelebDFv3,/root/Datasets/CelebDFv3/CelebDFv3/FAKE/FaceSwap/Celeb-DF-v2/id26_id16_0001.mp4,FaceSwap/Celeb-DF-v2,id26,id16,0,-3.6647417545318604,3.6647417545318604,0.0,139.86410522460938,30.0,1.0,0.015625,0.014103436842560768,0.010352830402553082,0.003197351237758994,0.005744393449276686
CelebDFv3,/root/Datasets/CelebDFv3/CelebDFv3/FAKE/FaceSwap/GHOST/id31_id3_0005.mp4,FaceSwap/GHOST,id31,id3,0,0.20466700196266174,-0.20466700196266174,0.0,117.73270416259766,30.0,0.0,0.0,0.006400491110980511,0.0046030012890696526,0.003154371865093708,0.005680542904883623
CelebDFv3,/root/Datasets/CelebDFv3/CelebDFv3/FAKE/FaceSwap/HifiFace/id23_id0_0006.mp4,FaceSwap/HifiFace,id23,id0,0,5.638925552368164,-5.638925552368164,0.0,253.94110107421875,30.0,0.0,0.0,0.007659979164600372,0.003615782130509615,0.0029378049075603485,0.0038925912231206894
CelebDFv3,/root/Datasets/CelebDFv3/CelebDFv3/FAKE/FaceSwap/InSwapper/id26_id0_0001.mp4,FaceSwap/InSwapper,id26,id0,0,-0.019487351179122925,0.019487351179122925,0.0,126.79434204101562,30.0,1.0,0.015625,0.019708693027496338,0.0166961457580328,0.004493329208344221,0.00807276088744402
CelebDFv3,/root/Datasets/CelebDFv3/CelebDFv3/FAKE/FaceSwap/MobileFaceSwap/id26_id25_0004.mp4,FaceSwap/MobileFaceSwap,id26,id25,0,2.4226889610290527,-2.4226889610290527,0.0,126.12467193603516,30.0,0.0,0.0,0.003551639150828123,0.007795843295753002,0.002549482975155115,0.004580426961183548
CelebDFv3,/root/Datasets/CelebDFv3/CelebDFv3/FAKE/FaceSwap/SimSwap/id31_id37_0002.mp4,FaceSwap/SimSwap,id31,id37,0,4.046754837036133,-4.046754837036133,0.0,156.08302307128906,30.0,0.0,0.0,0.019724778831005096,0.03900351747870445,0.01571328192949295,0.028297223150730133
CelebDFv3,/root/Datasets/CelebDFv3/CelebDFv3/FAKE/FaceSwap/UniFace/id48_id44_0000.mp4,FaceSwap/UniFace,id48,id44,0,-7.931504726409912,7.931504726409912,0.0,181.563720703125,30.0,0.0,0.0,0.0020997445099055767,0.0032175076194107533,0.0014959857799112797,0.0026714028790593147
CelebDFv3,/root/Datasets/CelebDFv3/CelebDFv3/FAKE/TalkingFace/AniTalker/id48_0003_test_id02542_gMKSu2wZpAA.mp4,TalkingFace/AniTalker,id48,,0,-3.648613452911377,3.648613452911377,0.0,120.53258514404297,25.0,0.0,0.0,0.004486107267439365,0.002732860390096903,0.0054084318690001965,0.0054084318690001965
CelebDFv3,/root/Datasets/CelebDFv3/CelebDFv3/FAKE/TalkingFace/EDTalk/id31_0003_test_id02542_cwgUjse_REU.mp4,TalkingFace/EDTalk,id31,,0,-10.876079559326172,10.876079559326172,0.0,174.72230529785156,25.0,0.0,0.0,0.015723755583167076,0.01040140725672245,0.012740273028612137,0.012740273028612137
CelebDFv3,/root/Datasets/CelebDFv3/CelebDFv3/FAKE/TalkingFace/EchoMimic/id54_0007_test_id05055_HU7kokWzb4M.mp4,TalkingFace/EchoMimic,id54,,0,-6.747378349304199,6.747378349304199,0.0,158.86737060546875,24.0,0.0,0.0,0.008795192465186119,0.010289272293448448,0.006374158896505833,0.006374158896505833
CelebDFv3,/root/Datasets/CelebDFv3/CelebDFv3/FAKE/TalkingFace/FLOAT/id51_0000_test_id03862__FGtg4jkcME.mp4,TalkingFace/FLOAT,id51,,0,2.8068952560424805,-2.8068952560424805,0.0,121.06985473632812,25.0,0.0,0.0,0.024902891367673874,0.015047144144773483,0.013436507433652878,0.013436507433652878
CelebDFv3,/root/Datasets/CelebDFv3/CelebDFv3/FAKE/TalkingFace/IP_LAP/id8_0003_test_id00081_jO5DSKhhcqQ.mp4,TalkingFace/IP_LAP,id8,,0,-3.1847176551818848,3.1847176551818848,0.0,132.09788513183594,25.0,0.0,0.0,0.018033666536211967,0.02187424525618553,0.010390848852694035,0.010390848852694035
CelebDFv3,/root/Datasets/CelebDFv3/CelebDFv3/FAKE/TalkingFace/Real3DPortrait/id54_0003_test_id02317_B_Tih3Eph2k.mp4,TalkingFace/Real3DPortrait,id54,,0,-8.967013359069824,8.967013359069824,0.0,248.87588500976562,25.0,0.0,0.0,0.01140282116830349,0.0040103476494550705,0.005827624350786209,0.005827624350786209
CelebDFv3,/root/Datasets/CelebDFv3/CelebDFv3/FAKE/TalkingFace/SadTalker/id59_0008_test_id08552_oBMdypJLT0M.mp4,TalkingFace/SadTalker,id59,,0,8.561594009399414,-8.561594009399414,0.0,119.5916976928711,25.0,0.0,0.0,0.0026816914323717356,0.0050594802014529705,0.006622585467994213,0.007064090576022863
CelebDFv3,/root/Datasets/CelebDFv3/CelebDFv3/FAKE/FaceReenact/DaGAN/id23_id24_0002.mp4,FaceReenact/DaGAN,id23,id24,0,4.235601902008057,-4.235601902008057,0.0,96.251220703125,30.0,0.0,0.0,0.017610598355531693,0.0032959063537418842,0.012479477562010288,0.012479477562010288
CelebDFv3,/root/Datasets/CelebDFv3/CelebDFv3/FAKE/FaceReenact/FSRT/id26_id29_0008.mp4,FaceReenact/FSRT,id26,id29,0,0.4592241644859314,-0.4592241644859314,0.0,154.93173217773438,20.0,1.0,0.0625,0.023092253133654594,0.00905491691082716,0.025345373898744583,0.025345373898744583
CelebDFv3,/root/Datasets/CelebDFv3/CelebDFv3/FAKE/FaceReenact/HyperReenact/id54_id55_0006.mp4,FaceReenact/HyperReenact,id54,id55,0,-7.171567916870117,7.171567916870117,0.0,175.26150512695312,25.0,0.0,0.0,0.0020636646077036858,0.002724682679399848,0.00695289671421051,0.00695289671421051
CelebDFv3,/root/Datasets/CelebDFv3/CelebDFv3/FAKE/FaceReenact/LIA/id31_id29_0002.mp4,FaceReenact/LIA,id31,id29,0,2.9126601219177246,-2.9126601219177246,0.0,267.026611328125,30.0,1.0,0.03125,0.02014634944498539,0.016054194420576096,0.025271952152252197,0.025271952152252197
CelebDFv3,/root/Datasets/CelebDFv3/CelebDFv3/FAKE/FaceReenact/LivePortrait/id26_id33_0001.mp4,FaceReenact/LivePortrait,id26,id33,0,-2.913486957550049,2.913486957550049,0.0,208.47628784179688,30.0,1.0,0.515625,0.0024812957271933556,0.0018715180922299623,0.0011142955627292395,0.002001954708248377
CelebDFv3,/root/Datasets/CelebDFv3/CelebDFv3/FAKE/FaceReenact/MCNET/id23_id16_0007.mp4,FaceReenact/MCNET,id23,id16,0,8.963226318359375,-8.963226318359375,0.0,155.11968994140625,30.0,0.0,0.0,0.004366134759038687,0.006627851165831089,0.005747741088271141,0.005747741088271141
CelebDFv3,/root/Datasets/CelebDFv3/CelebDFv3/FAKE/FaceReenact/TPSMM/id56_id57_0008.mp4,FaceReenact/TPSMM,id56,id57,0,7.81569242477417,-7.81569242477417,0.0,120.10570526123047,29.829999923706055,0.0,0.0,0.01205228641629219,0.00814802385866642,0.007648562081158161,0.007648562081158161
CelebDFv3,/root/Datasets/CelebDFv3/CelebDFv3/FAKE/FaceSwap/BlendFace/id26_id6_0006.mp4,FaceSwap/BlendFace,id26,id6,0,-7.174178123474121,7.174178123474121,0.0,266.6372375488281,30.0,0.0,0.0,0.015096023678779602,0.005229164380580187,0.004582059103995562,0.008343749679625034
CelebDFv3,/root/Datasets/CelebDFv3/CelebDFv3/FAKE/FaceSwap/Celeb-DF-v2/id8_id1_0002.mp4,FaceSwap/Celeb-DF-v2,id8,id1,0,-4.2024126052856445,4.2024126052856445,0.0,111.42536926269531,30.0,0.0,0.0,0.002314272802323103,0.012950221076607704,0.0031838894356042147,0.0060111829079687595
CelebDFv3,/root/Datasets/CelebDFv3/CelebDFv3/FAKE/FaceSwap/GHOST/id26_id37_0003.mp4,FaceSwap/GHOST,id26,id37,0,-7.172977447509766,7.172977447509766,0.0,367.675537109375,30.0,0.0,0.0,0.005802555475383997,0.006408095359802246,0.00203523738309741,0.003656528191640973
CelebDFv3,/root/Datasets/CelebDFv3/CelebDFv3/FAKE/FaceSwap/HifiFace/id23_id31_0007.mp4,FaceSwap/HifiFace,id23,id31,0,-0.8329973220825195,0.8329973220825195,0.0,116.44222259521484,30.0,0.0,0.0,0.010553263127803802,0.03288932144641876,0.005076033063232899,0.008904937654733658
CelebDFv3,/root/Datasets/CelebDFv3/CelebDFv3/FAKE/FaceSwap/InSwapper/id23_id30_0001.mp4,FaceSwap/InSwapper,id23,id30,0,2.564391613006592,-2.564391613006592,0.0,139.9411163330078,30.0,0.0,0.0,0.0024321191012859344,0.003818818600848317,0.0014059836976230145,0.002498870249837637
CelebDFv3,/root/Datasets/CelebDFv3/CelebDFv3/FAKE/FaceSwap/MobileFaceSwap/id31_id29_0007.mp4,FaceSwap/MobileFaceSwap,id31,id29,0,-12.026556015014648,12.026556015014648,0.0,300.3164978027344,30.0,1.0,0.125,0.015693295747041702,0.004095647018402815,0.00788381788879633,0.01419755443930626
CelebDFv3,/root/Datasets/CelebDFv3/CelebDFv3/FAKE/FaceSwap/SimSwap/id31_id9_0005.mp4,FaceSwap/SimSwap,id31,id9,0,4.741796016693115,-4.741796016693115,0.0,139.82408142089844,30.0,0.0,0.0,0.004819467663764954,0.00399805000051856,0.00256507471203804,0.004619308281689882
CelebDFv3,/root/Datasets/CelebDFv3/CelebDFv3/FAKE/FaceSwap/UniFace/id56_id53_0006.mp4,FaceSwap/UniFace,id56,id53,0,1.0236551761627197,-1.0236551761627197,0.0,103.27503204345703,30.0,0.0,0.0,0.0075078122317790985,0.004752270877361298,0.0023737987503409386,0.004250986501574516
CelebDFv3,/root/Datasets/CelebDFv3/CelebDFv3/FAKE/TalkingFace/AniTalker/id23_0003_test_id02086_BPA1JbriSlg.mp4,TalkingFace/AniTalker,id23,,0,-2.6357436180114746,2.6357436180114746,0.0,112.44220733642578,25.0,0.0,0.0,0.00794939137995243,0.005514494609087706,0.004924876615405083,0.004924876615405083
CelebDFv3,/root/Datasets/CelebDFv3/CelebDFv3/FAKE/TalkingFace/EDTalk/id56_0000_test_id04862_oKjLVc6gbbo.mp4,TalkingFace/EDTalk,id56,,0,6.6105122566223145,-6.6105122566223145,0.0,147.78738403320312,25.0,0.0,0.0,0.011227224953472614,0.009471234865486622,0.007174885366111994,0.007174885366111994
CelebDFv3,/root/Datasets/CelebDFv3/CelebDFv3/FAKE/TalkingFace/EchoMimic/id51_0009_test_id01106_q01vvmTSJ9I.mp4,TalkingFace/EchoMimic,id51,,0,-2.181457281112671,2.181457281112671,0.0,147.24325561523438,24.0,0.0,0.0,0.008682319894433022,0.010164192877709866,0.007094181142747402,0.007094181142747402
CelebDFv3,/root/Datasets/CelebDFv3/CelebDFv3/FAKE/TalkingFace/FLOAT/id8_0000_test_id04295_GLhfd-vlEOM.mp4,TalkingFace/FLOAT,id8,,0,-4.212206840515137,4.212206840515137,0.0,458.0443115234375,25.0,0.0,0.0,0.02214737795293331,0.007110037375241518,0.013664238154888153,0.013664238154888153
CelebDFv3,/root/Datasets/CelebDFv3/CelebDFv3/FAKE/TalkingFace/IP_LAP/id51_0000_test_id05124_69HB1cXEoac.mp4,TalkingFace/IP_LAP,id51,,0,7.84457540512085,-7.84457540512085,0.0,98.03169250488281,25.0,0.0,0.0,0.04477858915925026,0.011001418344676495,0.013299068436026573,0.013299068436026573
CelebDFv3,/root/Datasets/CelebDFv3/CelebDFv3/FAKE/TalkingFace/Real3DPortrait/id23_0004_test_id02181_O4CvSRCA9Ro.mp4,TalkingFace/Real3DPortrait,id23,,0,-3.9389798641204834,3.9389798641204834,0.0,244.81884765625,25.0,0.0,0.0,0.012992935255169868,0.005159253720194101,0.005932318978011608,0.005932318978011608
CelebDFv3,/root/Datasets/CelebDFv3/CelebDFv3/FAKE/TalkingFace/SadTalker/id11_0009_test_id00817_GAs8WnyFKJM.mp4,TalkingFace/SadTalker,id11,,0,0.0758724957704544,-0.0758724957704544,0.0,115.47169494628906,25.0,0.0,0.0,0.0029046412091702223,0.010425400920212269,0.004718897398561239,0.004718897398561239
CelebDFv3,/root/Datasets/CelebDFv3/CelebDFv3/FAKE/FaceReenact/DaGAN/id56_id52_0008.mp4,FaceReenact/DaGAN,id56,id52,0,9.318219184875488,-9.318219184875488,0.0,120.47367858886719,30.0,0.0,0.0,0.007696019951254129,0.003865666687488556,0.006791845895349979,0.006791845895349979
CelebDFv3,/root/Datasets/CelebDFv3/CelebDFv3/FAKE/FaceReenact/FSRT/id26_id28_0003.mp4,FaceReenact/FSRT,id26,id28,0,-9.878374099731445,9.878374099731445,0.0,375.82537841796875,20.0,0.0,0.0,0.00638773525133729,0.004456168971955776,0.006416807882487774,0.006416807882487774
CelebDFv3,/root/Datasets/CelebDFv3/CelebDFv3/FAKE/FaceReenact/HyperReenact/id31_id38_0000.mp4,FaceReenact/HyperReenact,id31,id38,0,2.2872862815856934,-2.2872862815856934,0.0,105.93793487548828,25.0,0.0,0.0,0.009444750845432281,0.0022751253563910723,0.010139125399291515,0.010139125399291515
CelebDFv3,/root/Datasets/CelebDFv3/CelebDFv3/FAKE/FaceReenact/LIA/id23_id28_0000.mp4,FaceReenact/LIA,id23,id28,0,8.776738166809082,-8.776738166809082,0.0,133.27005004882812,30.0,1.0,0.109375,0.017359908670186996,0.022206110879778862,0.021300923079252243,0.021300923079252243
CelebDFv3,/root/Datasets/CelebDFv3/CelebDFv3/FAKE/FaceReenact/LivePortrait/id31_id38_0009.mp4,FaceReenact/LivePortrait,id31,id38,0,0.640310525894165,-0.640310525894165,0.0,138.62496948242188,30.0,1.0,0.5,0.003013928886502981,0.009121548384428024,0.005378516856580973,0.009685888886451721
CelebDFv3,/root/Datasets/CelebDFv3/CelebDFv3/FAKE/FaceReenact/MCNET/id48_id40_0009.mp4,FaceReenact/MCNET,id48,id40,0,2.264432907104492,-2.264432907104492,0.0,115.632568359375,30.0,0.0,0.0,0.01312415674328804,0.006556246895343065,0.008844166994094849,0.008844166994094849
CelebDFv3,/root/Datasets/CelebDFv3/CelebDFv3/FAKE/FaceReenact/TPSMM/id56_id52_0009.mp4,FaceReenact/TPSMM,id56,id52,0,-4.280733108520508,4.280733108520508,0.0,174.83941650390625,30.0,0.0,0.0,0.03896346688270569,0.011676968075335026,0.01770392619073391,0.01770392619073391
CelebDFv3,/root/Datasets/CelebDFv3/CelebDFv3/FAKE/FaceSwap/BlendFace/id23_id29_0001.mp4,FaceSwap/BlendFace,id23,id29,0,5.454887390136719,-5.454887390136719,0.0,132.26219177246094,30.0,0.0,0.0,0.0031728469766676426,0.008993629366159439,0.00767517602071166,0.013641172088682652
CelebDFv3,/root/Datasets/CelebDFv3/CelebDFv3/FAKE/FaceSwap/Celeb-DF-v2/id31_id38_0005.mp4,FaceSwap/Celeb-DF-v2,id31,id38,0,3.50274658203125,-3.50274658203125,0.0,144.53500366210938,30.0,0.0,0.0,0.0062160734087228775,0.004461450502276421,0.0025378214195370674,0.004570229444652796
CelebDFv3,/root/Datasets/CelebDFv3/CelebDFv3/FAKE/FaceSwap/GHOST/id31_id20_0003.mp4,FaceSwap/GHOST,id31,id20,0,-5.698837757110596,5.698837757110596,0.0,117.86964416503906,30.0,0.0,0.0,0.0029151111375540495,0.003221602877601981,0.0036283282097429037,0.006534065585583448
CelebDFv3,/root/Datasets/CelebDFv3/CelebDFv3/FAKE/FaceSwap/HifiFace/id31_id35_0000.mp4,FaceSwap/HifiFace,id31,id35,0,3.0178334712982178,-3.0178334712982178,0.0,122.45120239257812,30.0,0.0,0.0,0.0032783830538392067,0.006680787540972233,0.0037165796384215355,0.006692992988973856
CelebDFv3,/root/Datasets/CelebDFv3/CelebDFv3/FAKE/FaceSwap/InSwapper/id31_id9_0002.mp4,FaceSwap/InSwapper,id31,id9,0,4.092411041259766,-4.092411041259766,0.0,164.08607482910156,30.0,0.0,0.0,0.018661988899111748,0.03722856938838959,0.013173980638384819,0.023724330589175224
CelebDFv3,/root/Datasets/CelebDFv3/CelebDFv3/FAKE/FaceSwap/MobileFaceSwap/id23_id27_0007.mp4,FaceSwap/MobileFaceSwap,id23,id27,0,3.4389562606811523,-3.4389562606811523,0.0,115.14520263671875,30.0,0.0,0.0,0.00996057502925396,0.03406861051917076,0.008382104337215424,0.014704812318086624
CelebDFv3,/root/Datasets/CelebDFv3/CelebDFv3/FAKE/FaceSwap/SimSwap/id26_id37_0000.mp4,FaceSwap/SimSwap,id26,id37,0,3.174262523651123,-3.174262523651123,0.0,182.8199462890625,30.0,0.0,0.0,0.002189708175137639,0.0013786390190944076,0.0021661785431206226,0.0038917779456824064
CelebDFv3,/root/Datasets/CelebDFv3/CelebDFv3/FAKE/FaceSwap/UniFace/id48_id42_0004.mp4,FaceSwap/UniFace,id48,id42,0,-3.4968364238739014,3.4968364238739014,0.0,135.84339904785156,30.0,0.0,0.0,0.0029368968680500984,0.002729129046201706,0.00166809419170022,0.0029787393286824226
CelebDFv3,/root/Datasets/CelebDFv3/CelebDFv3/FAKE/TalkingFace/AniTalker/id25_0007_test_id00812_uCF5yBvYa9k.mp4,TalkingFace/AniTalker,id25,,0,-8.119649887084961,8.119649887084961,0.0,235.65274047851562,25.0,0.0,0.0,0.006816197652369738,0.002853291342034936,0.004076740238815546,0.004076740238815546
CelebDFv3,/root/Datasets/CelebDFv3/CelebDFv3/FAKE/TalkingFace/EDTalk/id31_0004_test_id03524_nP1pWlXGexc.mp4,TalkingFace/EDTalk,id31,,0,26.657968521118164,-26.657968521118164,0.0,344.0560302734375,25.0,0.0,0.0,0.012156284414231777,0.011715531349182129,0.0069151329807937145,0.0069151329807937145
CelebDFv3,/root/Datasets/CelebDFv3/CelebDFv3/FAKE/TalkingFace/EchoMimic/id22_0005_test_id05714_wFGNufaMbDY.mp4,TalkingFace/EchoMimic,id22,,0,4.671131134033203,-4.671131134033203,0.0,111.274169921875,24.0,0.0,0.0,0.009567114524543285,0.006303880363702774,0.007974940352141857,0.007974940352141857
CelebDFv3,/root/Datasets/CelebDFv3/CelebDFv3/FAKE/TalkingFace/FLOAT/id59_0002_test_id04232_lcNvUKfW9tY.mp4,TalkingFace/FLOAT,id59,,0,2.5926051139831543,-2.5926051139831543,0.0,169.3723602294922,25.0,0.0,0.0,0.007486382033675909,0.004587789066135883,0.0061888848431408405,0.0061888848431408405
CelebDFv3,/root/Datasets/CelebDFv3/CelebDFv3/FAKE/TalkingFace/IP_LAP/id25_0000_test_id02286_cp_LOv6mdJA.mp4,TalkingFace/IP_LAP,id25,,0,-9.472739219665527,9.472739219665527,0.0,179.21685791015625,25.0,1.0,0.078125,0.0440070778131485,0.01405992079526186,0.053210727870464325,0.053210727870464325
CelebDFv3,/root/Datasets/CelebDFv3/CelebDFv3/FAKE/TalkingFace/Real3DPortrait/id48_0006_test_id01298_tAQVEmDyrPs.mp4,TalkingFace/Real3DPortrait,id48,,0,7.632563591003418,-7.632563591003418,0.0,107.76506042480469,25.0,1.0,0.953125,0.00013244182628113776,0.0003554360009729862,0.00022910459665581584,0.00022910459665581584
CelebDFv3,/root/Datasets/CelebDFv3/CelebDFv3/FAKE/TalkingFace/SadTalker/id8_0007_test_id00419_DkYa8HiTgJs.mp4,TalkingFace/SadTalker,id8,,0,6.088781833648682,-6.088781833648682,0.0,162.2074432373047,25.0,0.0,0.0,0.001863066921941936,0.006077451631426811,0.004471207968890667,0.004471207968890667
CelebDFv3,/root/Datasets/CelebDFv3/CelebDFv3/FAKE/FaceReenact/DaGAN/id11_id7_0009.mp4,FaceReenact/DaGAN,id11,id7,0,2.0664005279541016,-2.0664005279541016,0.0,110.18241882324219,30.0,0.0,0.0,0.008088513277471066,0.006913847755640745,0.005808937828987837,0.005808937828987837
CelebDFv3,/root/Datasets/CelebDFv3/CelebDFv3/FAKE/FaceReenact/FSRT/id26_id37_0001.mp4,FaceReenact/FSRT,id26,id37,0,1.6544160842895508,-1.6544160842895508,0.0,145.33836364746094,20.0,1.0,0.09375,0.020488910377025604,0.0016852155094966292,0.010683448985219002,0.010683448985219002
CelebDFv3,/root/Datasets/CelebDFv3/CelebDFv3/FAKE/FaceReenact/HyperReenact/id23_id19_0009.mp4,FaceReenact/HyperReenact,id23,id19,0,4.10807991027832,-4.10807991027832,0.0,134.25936889648438,25.0,0.0,0.0,0.005210024304687977,0.0025691422633826733,0.005497210659086704,0.005497210659086704
CelebDFv3,/root/Datasets/CelebDFv3/CelebDFv3/FAKE/FaceReenact/LIA/id54_id49_0008.mp4,FaceReenact/LIA,id54,id49,0,-7.816563129425049,7.816563129425049,0.0,195.89251708984375,30.0,0.0,0.0,0.009352978318929672,0.006771771237254143,0.0051605310291051865,0.0051605310291051865
CelebDFv3,/root/Datasets/CelebDFv3/CelebDFv3/FAKE/FaceReenact/LivePortrait/id56_id49_0003.mp4,FaceReenact/LivePortrait,id56,id49,0,-4.179201126098633,4.179201126098633,0.0,119.28596496582031,30.0,0.0,0.0,0.002740022959187627,0.00332923186942935,0.001950613223016262,0.0034931486006826162
CelebDFv3,/root/Datasets/CelebDFv3/CelebDFv3/FAKE/FaceReenact/MCNET/id51_id50_0008.mp4,FaceReenact/MCNET,id51,id50,0,-0.4246453046798706,0.4246453046798706,0.0,97.75987243652344,30.0,0.0,0.0,0.01348738744854927,0.00797904934734106,0.022988777607679367,0.022988777607679367
CelebDFv3,/root/Datasets/CelebDFv3/CelebDFv3/FAKE/FaceReenact/TPSMM/id23_id0_0008.mp4,FaceReenact/TPSMM,id23,id0,0,-0.11184239387512207,0.11184239387512207,0.0,94.58953857421875,30.0,1.0,0.203125,0.015772711485624313,0.030156400054693222,0.013708512298762798,0.013708512298762798
CelebDFv3,/root/Datasets/CelebDFv3/CelebDFv3/FAKE/FaceSwap/BlendFace/id23_id34_0009.mp4,FaceSwap/BlendFace,id23,id34,0,1.7820639610290527,-1.7820639610290527,0.0,159.25611877441406,30.0,0.0,0.0,0.004225201904773712,0.003985223360359669,0.002960758749395609,0.0039200447499752045
CelebDFv3,/root/Datasets/CelebDFv3/CelebDFv3/FAKE/FaceSwap/Celeb-DF-v2/id26_id22_0000.mp4,FaceSwap/Celeb-DF-v2,id26,id22,0,3.0541272163391113,-3.0541272163391113,0.0,176.7019805908203,30.0,0.0,0.0,0.002099859295412898,0.00150557782035321,0.0020331423729658127,0.0036527642514556646
CelebDFv3,/root/Datasets/CelebDFv3/CelebDFv3/FAKE/FaceSwap/GHOST/id51_id55_0006.mp4,FaceSwap/GHOST,id51,id55,0,-6.155500411987305,6.155500411987305,0.0,164.70870971679688,29.900009155273438,0.0,0.0,0.0024615575093775988,0.023743433877825737,0.0038154935464262962,0.006832766346633434
CelebDFv3,/root/Datasets/CelebDFv3/CelebDFv3/FAKE/FaceSwap/HifiFace/id26_id25_0003.mp4,FaceSwap/HifiFace,id26,id25,0,-10.467050552368164,10.467050552368164,0.0,389.642822265625,30.0,0.0,0.0,0.0060217129066586494,0.006463966798037291,0.002277942141517997,0.004092574119567871
CelebDFv3,/root/Datasets/CelebDFv3/CelebDFv3/FAKE/FaceSwap/InSwapper/id22_id28_0009.mp4,FaceSwap/InSwapper,id22,id28,0,-1.6491624116897583,1.6491624116897583,0.0,126.57266235351562,30.0,1.0,0.203125,0.006130530498921871,0.005764083471149206,0.0020523201674222946,0.0036476110108196735
CelebDFv3,/root/Datasets/CelebDFv3/CelebDFv3/FAKE/FaceSwap/MobileFaceSwap/id23_id9_0006.mp4,FaceSwap/MobileFaceSwap,id23,id9,0,8.959062576293945,-8.959062576293945,0.0,242.91607666015625,30.0,0.0,0.0,0.006372082978487015,0.0035207150503993034,0.002050034934654832,0.0027162963524460793
CelebDFv3,/root/Datasets/CelebDFv3/CelebDFv3/FAKE/FaceSwap/SimSwap/id23_id30_0006.mp4,FaceSwap/SimSwap,id23,id30,0,8.191417694091797,-8.191417694091797,0.0,262.7088623046875,30.0,0.0,0.0,0.006453824229538441,0.003609376261010766,0.0023700189776718616,0.003140275366604328
CelebDFv3,/root/Datasets/CelebDFv3/CelebDFv3/FAKE/FaceSwap/UniFace/id56_id50_0005.mp4,FaceSwap/UniFace,id56,id50,0,2.8998513221740723,-2.8998513221740723,0.0,98.24480438232422,29.899993896484375,0.0,0.0,0.0016808283980935812,0.0037228178698569536,0.0010327021591365337,0.0018493577372282743
CelebDFv3,/root/Datasets/CelebDFv3/CelebDFv3/FAKE/TalkingFace/AniTalker/id56_0001_test_id03030_jSaAmd-y53U.mp4,TalkingFace/AniTalker,id56,,0,8.028756141662598,-8.028756141662598,0.0,141.8152313232422,25.0,0.0,0.0,0.007029005791991949,0.008634448051452637,0.004105905070900917,0.004105905070900917
CelebDFv3,/root/Datasets/CelebDFv3/CelebDFv3/FAKE/TalkingFace/EDTalk/id22_0003_test_id01593_xYSFA0pJBl0.mp4,TalkingFace/EDTalk,id22,,0,-1.9858169555664062,1.9858169555664062,0.0,196.24801635742188,25.0,0.0,0.0,0.015995332971215248,0.00999579206109047,0.009946836158633232,0.009946836158633232
CelebDFv3,/root/Datasets/CelebDFv3/CelebDFv3/FAKE/TalkingFace/EchoMimic/id31_0004_test_id04295_1fSjOItVYVg.mp4,TalkingFace/EchoMimic,id31,,0,19.2062931060791,-19.2062931060791,0.0,368.9417419433594,24.0,0.0,0.0,0.004011842887848616,0.0045367018319666386,0.00554839801043272,0.00554839801043272
CelebDFv3,/root/Datasets/CelebDFv3/CelebDFv3/FAKE/TalkingFace/FLOAT/id48_0004_test_id01509_XmSD0fC9gX4.mp4,TalkingFace/FLOAT,id48,,0,5.911099433898926,-5.911099433898926,0.0,128.86830139160156,25.0,0.0,0.0,0.012299930676817894,0.005370228085666895,0.00698707764968276,0.00698707764968276
CelebDFv3,/root/Datasets/CelebDFv3/CelebDFv3/FAKE/TalkingFace/IP_LAP/id48_0001_test_id04295_GLhfd-vlEOM.mp4,TalkingFace/IP_LAP,id48,,0,-3.004216432571411,3.004216432571411,0.0,97.60884094238281,25.0,0.0,0.0,0.019233306869864464,0.019932320341467857,0.01120146457105875,0.01120146457105875
CelebDFv3,/root/Datasets/CelebDFv3/CelebDFv3/FAKE/TalkingFace/Real3DPortrait/id48_0002_test_id00817_Aw0R9CBKeYY.mp4,TalkingFace/Real3DPortrait,id48,,0,-1.6065516471862793,1.6065516471862793,0.0,138.7477569580078,25.0,1.0,0.15625,0.009023909457027912,0.005415870808064938,0.009372749365866184,0.009372749365866184
CelebDFv3,/root/Datasets/CelebDFv3/CelebDFv3/FAKE/TalkingFace/SadTalker/id8_0009_test_id02086_UpjWerN0hoE.mp4,TalkingFace/SadTalker,id8,,0,-4.341264724731445,4.341264724731445,0.0,146.609375,25.0,0.0,0.0,0.0035467231646180153,0.009028368629515171,0.006877280306071043,0.006877280306071043
CelebDFv3,/root/Datasets/CelebDFv3/CelebDFv3/FAKE/FaceReenact/DaGAN/id54_id58_0004.mp4,FaceReenact/DaGAN,id54,id58,0,-4.536193370819092,4.536193370819092,0.0,218.32606506347656,30.0,1.0,0.109375,0.007942069321870804,0.0059763165190815926,0.007894882000982761,0.007894882000982761
CelebDFv3,/root/Datasets/CelebDFv3/CelebDFv3/FAKE/FaceReenact/FSRT/id31_id6_0006.mp4,FaceReenact/FSRT,id31,id6,0,-5.493505954742432,5.493505954742432,0.0,255.25465393066406,20.0,0.0,0.0,0.010705521330237389,0.007370304316282272,0.007028611842542887,0.007028611842542887
CelebDFv3,/root/Datasets/CelebDFv3/CelebDFv3/FAKE/FaceReenact/HyperReenact/id56_id55_0008.mp4,FaceReenact/HyperReenact,id56,id55,0,-5.512923717498779,5.512923717498779,0.0,139.658935546875,25.0,0.0,0.0,0.011905746534466743,0.0031216477509588003,0.006339727435261011,0.006339727435261011
CelebDFv3,/root/Datasets/CelebDFv3/CelebDFv3/FAKE/FaceReenact/LIA/id22_id26_0005.mp4,FaceReenact/LIA,id22,id26,0,-3.664801836013794,3.664801836013794,0.0,121.22210693359375,30.0,0.0,0.0,0.003931203857064247,0.003164656925946474,0.004155658185482025,0.004155658185482025
CelebDFv3,/root/Datasets/CelebDFv3/CelebDFv3/FAKE/FaceReenact/LivePortrait/id23_id19_0000.mp4,FaceReenact/LivePortrait,id23,id19,0,6.000146865844727,-6.000146865844727,0.0,122.75658416748047,29.0,1.0,0.046875,0.002103653270751238,0.0026195384562015533,0.0015672971494495869,0.002785574411973357
CelebDFv3,/root/Datasets/CelebDFv3/CelebDFv3/FAKE/FaceReenact/MCNET/id48_id45_0007.mp4,FaceReenact/MCNET,id48,id45,0,9.72957992553711,-9.72957992553711,0.0,108.41828918457031,30.0,0.0,0.0,0.010056908242404461,0.009823753498494625,0.0063418177887797356,0.0063418177887797356
CelebDFv3,/root/Datasets/CelebDFv3/CelebDFv3/FAKE/FaceReenact/TPSMM/id25_id21_0008.mp4,FaceReenact/TPSMM,id25,id21,0,10.793815612792969,-10.793815612792969,0.0,139.7449493408203,30.0,0.0,0.0,0.025040097534656525,0.012829889543354511,0.010395473800599575,0.010395473800599575
CelebDFv3,/root/Datasets/CelebDFv3/CelebDFv3/FAKE/FaceSwap/BlendFace/id31_id17_0003.mp4,FaceSwap/BlendFace,id31,id17,0,-1.7863757610321045,1.7863757610321045,0.0,119.08743286132812,30.0,0.0,0.0,0.0030371565371751785,0.0031196940690279007,0.002432324457913637,0.004380245227366686
CelebDFv3,/root/Datasets/CelebDFv3/CelebDFv3/FAKE/FaceSwap/Celeb-DF-v2/id23_id38_0006.mp4,FaceSwap/Celeb-DF-v2,id23,id38,0,6.005518913269043,-6.005518913269043,0.0,248.362548828125,30.0,0.0,0.0,0.007984711788594723,0.00345210125669837,0.002308260416612029,0.00305844540707767
CelebDFv3,/root/Datasets/CelebDFv3/CelebDFv3/FAKE/FaceSwap/GHOST/id31_id32_0003.mp4,FaceSwap/GHOST,id31,id32,0,-1.95697820186615,1.95697820186615,0.0,111.61943817138672,30.0,0.0,0.0,0.0033300507348030806,0.007497803773730993,0.00362585112452507,0.006529604084789753
CelebDFv3,/root/Datasets/CelebDFv3/CelebDFv3/FAKE/FaceSwap/HifiFace/id23_id24_0009.mp4,FaceSwap/HifiFace,id23,id24,0,-1.6033520698547363,1.6033520698547363,0.0,154.2583770751953,30.0,0.0,0.0,0.004159231670200825,0.004357087891548872,0.002659793011844158,0.0035215660464018583
CelebDFv3,/root/Datasets/CelebDFv3/CelebDFv3/FAKE/FaceSwap/InSwapper/id26_id28_0004.mp4,FaceSwap/InSwapper,id26,id28,0,3.702746868133545,-3.702746868133545,0.0,140.94541931152344,30.0,0.0,0.0,0.0034608771093189716,0.007256848271936178,0.0026056200731545687,0.004681283608078957
CelebDFv3,/root/Datasets/CelebDFv3/CelebDFv3/FAKE/FaceSwap/MobileFaceSwap/id26_id25_0001.mp4,FaceSwap/MobileFaceSwap,id26,id25,0,2.99792742729187,-2.99792742729187,0.0,107.13709259033203,30.0,1.0,0.03125,0.019764097407460213,0.016101395711302757,0.004169238731265068,0.0074904970824718475
CelebDFv3,/root/Datasets/CelebDFv3/CelebDFv3/FAKE/FaceSwap/SimSwap/id22_id26_0005.mp4,FaceSwap/SimSwap,id22,id26,0,0.6297757029533386,-0.6297757029533386,0.0,106.5047378540039,30.0,0.0,0.0,0.002737593837082386,0.0019924300722777843,0.0011513917706906796,0.0020463811233639717
CelebDFv3,/root/Datasets/CelebDFv3/CelebDFv3/FAKE/FaceSwap/UniFace/id26_id28_0002.mp4,FaceSwap/UniFace,id26,id28,0,-1.2820537090301514,1.2820537090301514,0.0,102.05577087402344,30.0,0.0,0.0,0.006922538857907057,0.016920363530516624,0.003559343982487917,0.006394753698259592
CelebDFv3,/root/Datasets/CelebDFv3/CelebDFv3/FAKE/TalkingFace/AniTalker/id48_0002_test_id00817_Aw0R9CBKeYY.mp4,TalkingFace/AniTalker,id48,,0,0.13868612051010132,-0.13868612051010132,0.0,127.2239761352539,25.0,0.0,0.0,0.013700360432267189,0.005867267958819866,0.006837836932390928,0.006837836932390928
CelebDFv3,/root/Datasets/CelebDFv3/CelebDFv3/FAKE/TalkingFace/EDTalk/id31_0002_test_id03839_xtBkY9xYpjA.mp4,TalkingFace/EDTalk,id31,,0,-11.695626258850098,11.695626258850098,0.0,335.2503967285156,25.0,0.0,0.0,0.012965927831828594,0.011469448916614056,0.009494380094110966,0.009494380094110966
CelebDFv3,/root/Datasets/CelebDFv3/CelebDFv3/FAKE/TalkingFace/EchoMimic/id51_0005_test_id08701_IF-okJTentA.mp4,TalkingFace/EchoMimic,id51,,0,-8.115364074707031,8.115364074707031,0.0,176.29486083984375,24.0,0.0,0.0,0.005869513377547264,0.01132627297192812,0.007937421090900898,0.007937421090900898
CelebDFv3,/root/Datasets/CelebDFv3/CelebDFv3/FAKE/TalkingFace/FLOAT/id51_0001_test_id05055_1lsf8QC-Lck.mp4,TalkingFace/FLOAT,id51,,0,-6.643360137939453,6.643360137939453,0.0,230.7283477783203,25.0,0.0,0.0,0.007282980717718601,0.004785244818776846,0.0067476630210876465,0.0067476630210876465
CelebDFv3,/root/Datasets/CelebDFv3/CelebDFv3/FAKE/TalkingFace/IP_LAP/id48_0000_test_id02445_ZX_6RMrTEP0.mp4,TalkingFace/IP_LAP,id48,,0,0.4381237030029297,-0.4381237030029297,0.0,152.94287109375,25.0,0.0,0.0,0.011278437450528145,0.005721918772906065,0.009565351530909538,0.009565351530909538
CelebDFv3,/root/Datasets/CelebDFv3/CelebDFv3/FAKE/TalkingFace/Real3DPortrait/id22_0001_test_id04657_LIpH4pzgzJ8.mp4,TalkingFace/Real3DPortrait,id22,,0,3.1407649517059326,-3.1407649517059326,0.0,132.29702758789062,25.0,0.0,0.0,0.012472487054765224,0.005032532848417759,0.009829082526266575,0.009829082526266575
CelebDFv3,/root/Datasets/CelebDFv3/CelebDFv3/FAKE/TalkingFace/SadTalker/id11_0008_test_id07802_qmTmtDbel1M.mp4,TalkingFace/SadTalker,id11,,0,7.759411811828613,-7.759411811828613,0.0,110.39654541015625,25.0,0.0,0.0,0.0015742231626063585,0.007229227107018232,0.005174425896257162,0.005174425896257162
CelebDFv3,/root/Datasets/CelebDFv3/CelebDFv3/FAKE/FaceReenact/DaGAN/id48_id40_0007.mp4,FaceReenact/DaGAN,id48,id40,0,7.408786773681641,-7.408786773681641,0.0,111.45087432861328,30.0,0.0,0.0,0.006675868760794401,0.007446032948791981,0.006578029133379459,0.006578029133379459
CelebDFv3,/root/Datasets/CelebDFv3/CelebDFv3/FAKE/FaceReenact/FSRT/id23_id0_0007.mp4,FaceReenact/FSRT,id23,id0,0,10.572200775146484,-10.572200775146484,0.0,112.2499771118164,20.0,1.0,0.25,0.003806791501119733,0.0027558801230043173,0.0038653574883937836,0.0038653574883937836
CelebDFv3,/root/Datasets/CelebDFv3/CelebDFv3/FAKE/FaceReenact/HyperReenact/id22_id23_0006.mp4,FaceReenact/HyperReenact,id22,id23,0,5.782385349273682,-5.782385349273682,0.0,146.39810180664062,25.0,0.0,0.0,0.0047446987591683865,0.004093322902917862,0.007258833386003971,0.007258833386003971
CelebDFv3,/root/Datasets/CelebDFv3/CelebDFv3/FAKE/FaceReenact/LIA/id56_id57_0009.mp4,FaceReenact/LIA,id56,id57,0,-9.493417739868164,9.493417739868164,0.0,196.581787109375,29.0,1.0,0.046875,0.012272863648831844,0.008585118688642979,0.007932732813060284,0.007932732813060284
CelebDFv3,/root/Datasets/CelebDFv3/CelebDFv3/FAKE/FaceReenact/LivePortrait/id51_id54_0006.mp4,FaceReenact/LivePortrait,id51,id54,0,-5.483822822570801,5.483822822570801,0.0,169.25149536132812,30.0,1.0,0.015625,0.0035568177700042725,0.00432696333155036,0.003379113506525755,0.006051300093531609
CelebDFv3,/root/Datasets/CelebDFv3/CelebDFv3/FAKE/FaceReenact/MCNET/id23_id22_0002.mp4,FaceReenact/MCNET,id23,id22,0,3.0892553329467773,-3.0892553329467773,0.0,100.44709777832031,30.0,1.0,0.078125,0.02841547317802906,0.008042276836931705,0.018071070313453674,0.018071070313453674
CelebDFv3,/root/Datasets/CelebDFv3/CelebDFv3/FAKE/FaceReenact/TPSMM/id23_id17_0000.mp4,FaceReenact/TPSMM,id23,id17,0,10.416088104248047,-10.416088104248047,0.0,128.40478515625,30.0,0.0,0.0,0.01091974601149559,0.0037069926038384438,0.00331429997459054,0.00331429997459054
CelebDFv3,/root/Datasets/CelebDFv3/CelebDFv3/FAKE/FaceSwap/BlendFace/id23_id17_0006.mp4,FaceSwap/BlendFace,id23,id17,0,6.124881744384766,-6.124881744384766,0.0,255.0684051513672,30.0,0.0,0.0,0.0063076382502913475,0.0036149488296359777,0.0024087310303002596,0.0031915688887238503
CelebDFv3,/root/Datasets/CelebDFv3/CelebDFv3/FAKE/FaceSwap/Celeb-DF-v2/id31_id21_0005.mp4,FaceSwap/Celeb-DF-v2,id31,id21,0,5.8449883460998535,-5.8449883460998535,0.0,143.50599670410156,30.0,0.0,0.0,0.005483789369463921,0.004132727161049843,0.0026336549781262875,0.004742810968309641
CelebDFv3,/root/Datasets/CelebDFv3/CelebDFv3/FAKE/FaceSwap/GHOST/id23_id0_0001.mp4,FaceSwap/GHOST,id23,id0,0,2.553539276123047,-2.553539276123047,0.0,116.99767303466797,30.0,0.0,0.0,0.0021955096162855625,0.0035603120923042297,0.0018740157829597592,0.0033307084813714027
CelebDFv3,/root/Datasets/CelebDFv3/CelebDFv3/FAKE/FaceSwap/HifiFace/id26_id30_0006.mp4,FaceSwap/HifiFace,id26,id30,0,-4.608819007873535,4.608819007873535,0.0,258.8249816894531,30.0,1.0,0.078125,0.015232117846608162,0.004216083325445652,0.004078635945916176,0.0074270362965762615
CelebDFv3,/root/Datasets/CelebDFv3/CelebDFv3/FAKE/FaceSwap/InSwapper/id25_id20_0003.mp4,FaceSwap/InSwapper,id25,id20,0,-6.214591026306152,6.214591026306152,0.0,206.22584533691406,30.0,0.0,0.0,0.008730713278055191,0.007718001492321491,0.002948363544419408,0.0053095524199306965
CelebDFv3,/root/Datasets/CelebDFv3/CelebDFv3/FAKE/FaceSwap/MobileFaceSwap/id31_id37_0002.mp4,FaceSwap/MobileFaceSwap,id31,id37,0,2.9808592796325684,-2.9808592796325684,0.0,143.75787353515625,30.0,0.0,0.0,0.022725040093064308,0.045529045164585114,0.01573232188820839,0.028331512585282326
CelebDFv3,/root/Datasets/CelebDFv3/CelebDFv3/FAKE/FaceSwap/SimSwap/id56_id52_0008.mp4,FaceSwap/SimSwap,id56,id52,0,6.543122291564941,-6.543122291564941,0.0,120.94721984863281,30.0,1.0,0.015625,0.005051200278103352,0.0032169886399060488,0.002391310641542077,0.004282346926629543
CelebDFv3,/root/Datasets/CelebDFv3/CelebDFv3/FAKE/FaceSwap/UniFace/id25_id28_0005.mp4,FaceSwap/UniFace,id25,id28,0,-0.8713811635971069,0.8713811635971069,0.0,80.55750274658203,30.0,0.0,0.0,0.012000968679785728,0.003353056265041232,0.003952549770474434,0.005865583661943674
CelebDFv3,/root/Datasets/CelebDFv3/CelebDFv3/FAKE/TalkingFace/AniTalker/id22_0001_test_id02542_gMKSu2wZpAA.mp4,TalkingFace/AniTalker,id22,,0,7.689736843109131,-7.689736843109131,0.0,126.3866195678711,25.0,0.0,0.0,0.005949228070676327,0.002779862144961953,0.004015731625258923,0.004015731625258923
CelebDFv3,/root/Datasets/CelebDFv3/CelebDFv3/FAKE/TalkingFace/EDTalk/id11_0000_test_id00081_xjfPXNgzW6o.mp4,TalkingFace/EDTalk,id11,,0,7.202116966247559,-7.202116966247559,0.0,110.27892303466797,25.0,0.0,0.0,0.011943675577640533,0.011061221361160278,0.00659251119941473,0.00659251119941473
CelebDFv3,/root/Datasets/CelebDFv3/CelebDFv3/FAKE/TalkingFace/EchoMimic/id8_0009_test_id02086_UpjWerN0hoE.mp4,TalkingFace/EchoMimic,id8,,0,-4.791060447692871,4.791060447692871,0.0,181.77195739746094,24.0,0.0,0.0,0.013356979005038738,0.009310003370046616,0.007685247343033552,0.007685247343033552
CelebDFv3,/root/Datasets/CelebDFv3/CelebDFv3/FAKE/TalkingFace/FLOAT/id26_0008_test_id02181_hIvctbfcBx8.mp4,TalkingFace/FLOAT,id26,,0,3.9233360290527344,-3.9233360290527344,0.0,155.79544067382812,25.0,0.0,0.0,0.011567113921046257,0.006446353625506163,0.005326076410710812,0.005326076410710812
CelebDFv3,/root/Datasets/CelebDFv3/CelebDFv3/FAKE/TalkingFace/IP_LAP/id22_0009_test_id01041_Ry0R8LwJEYU.mp4,TalkingFace/IP_LAP,id22,,0,4.462653160095215,-4.462653160095215,0.0,106.27117156982422,25.0,1.0,0.09375,0.0160478875041008,0.008200165815651417,0.01078733243048191,0.01078733243048191
CelebDFv3,/root/Datasets/CelebDFv3/CelebDFv3/FAKE/TalkingFace/Real3DPortrait/id23_0002_test_id05850_WNF1CY-Lu3I.mp4,TalkingFace/Real3DPortrait,id23,,0,5.150504112243652,-5.150504112243652,0.0,121.24858856201172,25.0,0.0,0.0,0.0133251016959548,0.004682112019509077,0.010004797950387001,0.010004797950387001
CelebDFv3,/root/Datasets/CelebDFv3/CelebDFv3/FAKE/TalkingFace/SadTalker/id8_0009_test_id07961_gvLf2DggTu0.mp4,TalkingFace/SadTalker,id8,,0,-5.174317359924316,5.174317359924316,0.0,146.8085479736328,25.0,0.0,0.0,0.003184159751981497,0.007864019833505154,0.006196325179189444,0.006196325179189444
CelebDFv3,/root/Datasets/CelebDFv3/CelebDFv3/FAKE/FaceReenact/DaGAN/id31_id37_0004.mp4,FaceReenact/DaGAN,id31,id37,0,2.248194456100464,-2.248194456100464,0.0,174.37008666992188,30.0,0.0,0.0,0.009349283762276173,0.010118367150425911,0.006211611442267895,0.006211611442267895
CelebDFv3,/root/Datasets/CelebDFv3/CelebDFv3/FAKE/FaceReenact/FSRT/id31_id9_0003.mp4,FaceReenact/FSRT,id31,id9,0,-8.231305122375488,8.231305122375488,0.0,123.23838806152344,20.0,1.0,0.03125,0.022191159427165985,0.0081159183755517,0.022253917530179024,0.022253917530179024
CelebDFv3,/root/Datasets/CelebDFv3/CelebDFv3/FAKE/FaceReenact/HyperReenact/id22_id21_0006.mp4,FaceReenact/HyperReenact,id22,id21,0,7.011303424835205,-7.011303424835205,0.0,153.7377471923828,25.0,0.0,0.0,0.007398759946227074,0.0020203012973070145,0.006201696116477251,0.006201696116477251
CelebDFv3,/root/Datasets/CelebDFv3/CelebDFv3/FAKE/FaceReenact/LIA/id31_id33_0005.mp4,FaceReenact/LIA,id31,id33,0,-4.002357006072998,4.002357006072998,0.0,209.2200469970703,30.0,1.0,0.578125,0.019555632025003433,0.0032920031808316708,0.005766438785940409,0.005766438785940409
CelebDFv3,/root/Datasets/CelebDFv3/CelebDFv3/FAKE/FaceReenact/LivePortrait/id22_id25_0003.mp4,FaceReenact/LivePortrait,id22,id25,0,-0.6320469379425049,0.6320469379425049,0.0,197.2045440673828,30.0,1.0,0.234375,0.006730949506163597,0.007911397144198418,0.0050533246248960495,0.008981329388916492
CelebDFv3,/root/Datasets/CelebDFv3/CelebDFv3/FAKE/FaceReenact/MCNET/id23_id1_0003.mp4,FaceReenact/MCNET,id23,id1,0,3.9665307998657227,-3.9665307998657227,0.0,113.82115936279297,30.0,0.0,0.0,0.01818229630589485,0.0064413645304739475,0.008060663938522339,0.008060663938522339
CelebDFv3,/root/Datasets/CelebDFv3/CelebDFv3/FAKE/FaceReenact/TPSMM/id23_id1_0003.mp4,FaceReenact/TPSMM,id23,id1,0,4.057927131652832,-4.057927131652832,0.0,113.60179901123047,30.0,0.0,0.0,0.016346415504813194,0.005991612561047077,0.005534263793379068,0.005534263793379068
CelebDFv3,/root/Datasets/CelebDFv3/CelebDFv3/FAKE/FaceSwap/BlendFace/id31_id3_0005.mp4,FaceSwap/BlendFace,id31,id3,0,0.707312285900116,-0.707312285900116,0.0,118.91841888427734,30.0,0.0,0.0,0.008856137283146381,0.004047933500260115,0.002929197158664465,0.0052750371396541595
CelebDFv3,/root/Datasets/CelebDFv3/CelebDFv3/FAKE/FaceSwap/Celeb-DF-v2/id26_id28_0004.mp4,FaceSwap/Celeb-DF-v2,id26,id28,0,-0.9439724683761597,0.9439724683761597,0.0,132.61326599121094,30.0,0.0,0.0,0.003617169801145792,0.008016153238713741,0.0025236697401851416,0.004534051287919283
CelebDFv3,/root/Datasets/CelebDFv3/CelebDFv3/FAKE/FaceSwap/GHOST/id31_id20_0008.mp4,FaceSwap/GHOST,id31,id20,0,-2.044743061065674,2.044743061065674,0.0,137.7801513671875,30.0,0.0,0.0,0.003784738015383482,0.010826517827808857,0.006295264698565006,0.011336812749505043
CelebDFv3,/root/Datasets/CelebDFv3/CelebDFv3/FAKE/FaceSwap/HifiFace/id56_id50_0005.mp4,FaceSwap/HifiFace,id56,id50,0,1.7712358236312866,-1.7712358236312866,0.0,97.78740692138672,29.899993896484375,0.0,0.0,0.0017082664417102933,0.003821868449449539,0.001057672081515193,0.0018940740264952183
CelebDFv3,/root/Datasets/CelebDFv3/CelebDFv3/FAKE/FaceSwap/InSwapper/id23_id16_0007.mp4,FaceSwap/InSwapper,id23,id16,0,0.6936835646629333,-0.6936835646629333,0.0,128.20147705078125,30.0,0.0,0.0,0.010939599014818668,0.03082936629652977,0.0069725909270346165,0.012232087552547455
CelebDFv3,/root/Datasets/CelebDFv3/CelebDFv3/FAKE/FaceSwap/MobileFaceSwap/id23_id9_0009.mp4,FaceSwap/MobileFaceSwap,id23,id9,0,1.496768593788147,-1.496768593788147,0.0,145.46910095214844,30.0,0.0,0.0,0.004368986934423447,0.004632529802620411,0.003949285950511694,0.005228854715824127
CelebDFv3,/root/Datasets/CelebDFv3/CelebDFv3/FAKE/FaceSwap/SimSwap/id23_id4_0007.mp4,FaceSwap/SimSwap,id23,id4,0,0.6616827249526978,-0.6616827249526978,0.0,124.38563537597656,30.0,0.0,0.0,0.009782098233699799,0.03444395586848259,0.006709389388561249,0.011770350858569145
CelebDFv3,/root/Datasets/CelebDFv3/CelebDFv3/FAKE/FaceSwap/UniFace/id54_id51_0006.mp4,FaceSwap/UniFace,id54,id51,0,-11.592262268066406,11.592262268066406,0.0,215.80711364746094,30.0,1.0,0.03125,0.004512597341090441,0.006216535810381174,0.005084097385406494,0.009104575961828232
CelebDFv3,/root/Datasets/CelebDFv3/CelebDFv3/FAKE/TalkingFace/AniTalker/id23_0007_test_id01593_xYSFA0pJBl0.mp4,TalkingFace/AniTalker,id23,,0,3.414470672607422,-3.414470672607422,0.0,159.56231689453125,25.0,0.0,0.0,0.007599469739943743,0.008070546202361584,0.006074845790863037,0.006074845790863037
CelebDFv3,/root/Datasets/CelebDFv3/CelebDFv3/FAKE/TalkingFace/EDTalk/id56_0008_test_id04862_ORhcTM80e0A.mp4,TalkingFace/EDTalk,id56,,0,3.99621319770813,-3.99621319770813,0.0,140.92796325683594,25.0,0.0,0.0,0.014223873615264893,0.010593708604574203,0.006508475635200739,0.006508475635200739
CelebDFv3,/root/Datasets/CelebDFv3/CelebDFv3/FAKE/TalkingFace/EchoMimic/id23_0006_test_id02057_QZYXK4dWZoY.mp4,TalkingFace/EchoMimic,id23,,0,12.58045768737793,-12.58045768737793,0.0,210.08224487304688,24.0,0.0,0.0,0.00407794862985611,0.007786693051457405,0.006547093857079744,0.006547093857079744
CelebDFv3,/root/Datasets/CelebDFv3/CelebDFv3/FAKE/TalkingFace/FLOAT/id31_0006_test_id05654_lgnVNGGeF7E.mp4,TalkingFace/FLOAT,id31,,0,-2.1859357357025146,2.1859357357025146,0.0,253.5724334716797,25.0,0.0,0.0,0.015119972638785839,0.009043799713253975,0.011680729687213898,0.011680729687213898
CelebDFv3,/root/Datasets/CelebDFv3/CelebDFv3/FAKE/TalkingFace/IP_LAP/id31_0000_test_id03178_O13kGQ2rTE8.mp4,TalkingFace/IP_LAP,id31,,0,4.8057780265808105,-4.8057780265808105,0.0,135.47569274902344,25.0,0.0,0.0,0.009665114805102348,0.011219482868909836,0.010032693855464458,0.010032693855464458
CelebDFv3,/root/Datasets/CelebDFv3/CelebDFv3/FAKE/TalkingFace/Real3DPortrait/id54_0008_test_id04253_Hfwc0GtiEWs.mp4,TalkingFace/Real3DPortrait,id54,,0,-2.9411191940307617,2.9411191940307617,0.0,198.6168670654297,25.0,0.0,0.0,0.009831576608121395,0.005891931243240833,0.0046539329923689365,0.0046539329923689365
CelebDFv3,/root/Datasets/CelebDFv3/CelebDFv3/FAKE/TalkingFace/SadTalker/id8_0004_test_id02745_5oDO9Avn0qg.mp4,TalkingFace/SadTalker,id8,,0,-8.801278114318848,8.801278114318848,0.0,319.746826171875,25.0,0.0,0.0,0.0024476659018546343,0.00466329138725996,0.005453568883240223,0.005453568883240223
CelebDFv3,/root/Datasets/CelebDFv3/CelebDFv3/FAKE/FaceReenact/DaGAN/id54_id55_0008.mp4,FaceReenact/DaGAN,id54,id55,0,-2.8924880027770996,2.8924880027770996,0.0,149.05618286132812,30.0,1.0,0.046875,0.024435261264443398,0.008419034071266651,0.012431209906935692,0.012431209906935692
CelebDFv3,/root/Datasets/CelebDFv3/CelebDFv3/FAKE/FaceReenact/FSRT/id31_id17_0005.mp4,FaceReenact/FSRT,id31,id17,0,5.153564929962158,-5.153564929962158,0.0,125.7225112915039,20.0,0.0,0.0,0.012490401044487953,0.009915128350257874,0.010123545303940773,0.010123545303940773
CelebDFv3,/root/Datasets/CelebDFv3/CelebDFv3/FAKE/FaceReenact/HyperReenact/id59_id60_0006.mp4,FaceReenact/HyperReenact,id59,id60,0,0.3292124271392822,-0.3292124271392822,0.0,97.92642974853516,25.0,1.0,0.109375,0.027919169515371323,0.007131083868443966,0.011663354933261871,0.011663354933261871
CelebDFv3,/root/Datasets/CelebDFv3/CelebDFv3/FAKE/FaceReenact/LIA/id26_id20_0000.mp4,FaceReenact/LIA,id26,id20,0,6.550839900970459,-6.550839900970459,0.0,159.58953857421875,30.0,1.0,0.046875,0.012819912284612656,0.00848900992423296,0.008808769285678864,0.008808769285678864
CelebDFv3,/root/Datasets/CelebDFv3/CelebDFv3/FAKE/FaceReenact/LivePortrait/id8_id9_0003.mp4,FaceReenact/LivePortrait,id8,id9,0,-6.401764869689941,6.401764869689941,0.0,154.0645751953125,30.0,0.0,0.0,0.0022311131469905376,0.0017914745258167386,0.0014433605829253793,0.002719291253015399
CelebDFv3,/root/Datasets/CelebDFv3/CelebDFv3/FAKE/FaceReenact/MCNET/id23_id33_0004.mp4,FaceReenact/MCNET,id23,id33,0,-0.9610329270362854,0.9610329270362854,0.0,156.89425659179688,30.0,1.0,0.125,0.011887568049132824,0.007849819958209991,0.018717534840106964,0.018717534840106964
CelebDFv3,/root/Datasets/CelebDFv3/CelebDFv3/FAKE/FaceReenact/TPSMM/id54_id56_0008.mp4,FaceReenact/TPSMM,id54,id56,0,1.2833209037780762,-1.2833209037780762,0.0,155.19142150878906,30.0,0.0,0.0,0.011515539139509201,0.005140920635312796,0.007760307751595974,0.007760307751595974
CelebDFv3,/root/Datasets/CelebDFv3/CelebDFv3/FAKE/FaceSwap/BlendFace/id51_id57_0008.mp4,FaceSwap/BlendFace,id51,id57,0,-4.078095436096191,4.078095436096191,0.0,110.26424407958984,30.0,0.0,0.0,0.0046191769652068615,0.004453119356185198,0.0050932723097503185,0.009121006354689598
CelebDFv3,/root/Datasets/CelebDFv3/CelebDFv3/FAKE/FaceSwap/Celeb-DF-v2/id23_id33_0007.mp4,FaceSwap/Celeb-DF-v2,id23,id33,0,-0.12978550791740417,0.12978550791740417,0.0,120.7789535522461,30.0,0.0,0.0,0.011025221087038517,0.035362496972084045,0.005764017812907696,0.010111875832080841
CelebDFv3,/root/Datasets/CelebDFv3/CelebDFv3/FAKE/FaceSwap/GHOST/id23_id28_0001.mp4,FaceSwap/GHOST,id23,id28,0,6.145045280456543,-6.145045280456543,0.0,131.68309020996094,30.0,0.0,0.0,0.002209331141784787,0.0038113866467028856,0.0017023177351802588,0.003025548066943884
CelebDFv3,/root/Datasets/CelebDFv3/CelebDFv3/FAKE/FaceSwap/HifiFace/id8_id4_0007.mp4,FaceSwap/HifiFace,id8,id4,0,-2.2802257537841797,2.2802257537841797,0.0,175.3671875,30.0,0.0,0.0,0.014011075720191002,0.05996755138039589,0.0018905207980424166,0.003561741439625621
CelebDFv3,/root/Datasets/CelebDFv3/CelebDFv3/FAKE/FaceSwap/InSwapper/id26_id30_0003.mp4,FaceSwap/InSwapper,id26,id30,0,-4.130545139312744,4.130545139312744,0.0,372.8822326660156,30.0,0.0,0.0,0.0060856519266963005,0.00689914682880044,0.0022803987376391888,0.004096987657248974
CelebDFv3,/root/Datasets/CelebDFv3/CelebDFv3/FAKE/FaceSwap/MobileFaceSwap/id22_id24_0005.mp4,FaceSwap/MobileFaceSwap,id22,id24,0,2.3647961616516113,-2.3647961616516113,0.0,110.85095977783203,30.0,0.0,0.0,0.0028278755489736795,0.0020877253264188766,0.0012471760855987668,0.002216619672253728
CelebDFv3,/root/Datasets/CelebDFv3/CelebDFv3/FAKE/FaceSwap/SimSwap/id31_id29_0002.mp4,FaceSwap/SimSwap,id31,id29,0,3.005444288253784,-3.005444288253784,0.0,153.95225524902344,30.0,1.0,0.046875,0.019486669450998306,0.037778258323669434,0.012584127485752106,0.022662092000246048
CelebDFv3,/root/Datasets/CelebDFv3/CelebDFv3/FAKE/FaceSwap/UniFace/id54_id52_0005.mp4,FaceSwap/UniFace,id54,id52,0,-1.985484004020691,1.985484004020691,0.0,106.19371032714844,30.0,0.0,0.0,0.01895417831838131,0.0027929539792239666,0.005560727324336767,0.009958121925592422
CelebDFv3,/root/Datasets/CelebDFv3/CelebDFv3/FAKE/TalkingFace/AniTalker/id8_0002_test_id03524_2DD4Np7SaWw.mp4,TalkingFace/AniTalker,id8,,0,0.3154224455356598,-0.3154224455356598,0.0,138.97067260742188,25.0,0.0,0.0,0.007721698842942715,0.004478996153920889,0.004853239748626947,0.004853239748626947
CelebDFv3,/root/Datasets/CelebDFv3/CelebDFv3/FAKE/TalkingFace/EDTalk/id8_0008_test_id04253_goriueKsSfQ.mp4,TalkingFace/EDTalk,id8,,0,0.9387830495834351,-0.9387830495834351,0.0,155.49411010742188,25.0,0.0,0.0,0.012933075428009033,0.008821876719594002,0.00584801658987999,0.00584801658987999
CelebDFv3,/root/Datasets/CelebDFv3/CelebDFv3/FAKE/TalkingFace/EchoMimic/id54_0003_test_id01822_jmFGgwXCuW0.mp4,TalkingFace/EchoMimic,id54,,0,-11.400774002075195,11.400774002075195,0.0,286.2056579589844,24.0,0.0,0.0,0.0056344326585531235,0.008499376475811005,0.005074777640402317,0.005074777640402317
CelebDFv3,/root/Datasets/CelebDFv3/CelebDFv3/FAKE/TalkingFace/FLOAT/id56_0001_test_id01460_Jib6MuNwg7Y.mp4,TalkingFace/FLOAT,id56,,0,5.339820384979248,-5.339820384979248,0.0,150.75975036621094,25.0,0.0,0.0,0.007379922550171614,0.010589289478957653,0.0033497062977403402,0.0033497062977403402
CelebDFv3,/root/Datasets/CelebDFv3/CelebDFv3/FAKE/TalkingFace/IP_LAP/id11_0006_test_id01509_XmSD0fC9gX4.mp4,TalkingFace/IP_LAP,id11,,0,13.905852317810059,-13.905852317810059,0.0,127.88288879394531,25.0,0.0,0.0,0.010202900506556034,0.009444094263017178,0.00649991724640131,0.00649991724640131
CelebDFv3,/root/Datasets/CelebDFv3/CelebDFv3/FAKE/TalkingFace/Real3DPortrait/id23_0008_test_id06811_Y6PB7tt3VPc.mp4,TalkingFace/Real3DPortrait,id23,,0,2.1951165199279785,-2.1951165199279785,0.0,141.81434631347656,25.0,0.0,0.0,0.01032540388405323,0.0043852729722857475,0.006031316239386797,0.006031316239386797
CelebDFv3,/root/Datasets/CelebDFv3/CelebDFv3/FAKE/TalkingFace/SadTalker/id54_0003_test_id00562_2KLM0Lact6A.mp4,TalkingFace/SadTalker,id54,,0,-6.6142706871032715,6.6142706871032715,0.0,238.61349487304688,25.0,0.0,0.0,0.005117252469062805,0.005195565987378359,0.004459759686142206,0.004459759686142206
CelebDFv3,/root/Datasets/CelebDFv3/CelebDFv3/FAKE/FaceReenact/DaGAN/id31_id16_0002.mp4,FaceReenact/DaGAN,id31,id16,0,12.58182144165039,-12.58182144165039,0.0,170.44920349121094,30.0,1.0,0.15625,0.021427160128951073,0.008415281772613525,0.02159200794994831,0.02159200794994831
CelebDFv3,/root/Datasets/CelebDFv3/CelebDFv3/FAKE/FaceReenact/FSRT/id23_id28_0000.mp4,FaceReenact/FSRT,id23,id28,0,13.106300354003906,-13.106300354003906,0.0,110.4484634399414,20.0,0.0,0.0,0.01403891108930111,0.009404483251273632,0.009214927442371845,0.009214927442371845
CelebDFv3,/root/Datasets/CelebDFv3/CelebDFv3/FAKE/FaceReenact/HyperReenact/id48_id40_0009.mp4,FaceReenact/HyperReenact,id48,id40,0,-1.7617990970611572,1.7617990970611572,0.0,135.7371826171875,25.0,0.0,0.0,0.006124603096395731,0.002831680467352271,0.005536993499845266,0.005536993499845266
CelebDFv3,/root/Datasets/CelebDFv3/CelebDFv3/FAKE/FaceReenact/LIA/id23_id32_0007.mp4,FaceReenact/LIA,id23,id32,0,3.85947585105896,-3.85947585105896,0.0,212.60745239257812,30.0,0.0,0.0,0.006897153332829475,0.009626592509448528,0.005750752054154873,0.005750752054154873
CelebDFv3,/root/Datasets/CelebDFv3/CelebDFv3/FAKE/FaceReenact/LivePortrait/id31_id38_0001.mp4,FaceReenact/LivePortrait,id31,id38,0,9.595887184143066,-9.595887184143066,0.0,135.44671630859375,30.0,0.0,0.0,0.003869563341140747,0.003536613192409277,0.0020373761653900146,0.0036690039560198784
CelebDFv3,/root/Datasets/CelebDFv3/CelebDFv3/FAKE/FaceReenact/MCNET/id54_id53_0000.mp4,FaceReenact/MCNET,id54,id53,0,3.0408124923706055,-3.0408124923706055,0.0,141.97706604003906,30.0,0.0,0.0,0.010445673018693924,0.005408388562500477,0.0064573222771286964,0.0064573222771286964
CelebDFv3,/root/Datasets/CelebDFv3/CelebDFv3/FAKE/FaceReenact/TPSMM/id22_id25_0003.mp4,FaceReenact/TPSMM,id22,id25,0,2.800706386566162,-2.800706386566162,0.0,222.07891845703125,30.0,1.0,0.234375,0.012049073353409767,0.011018610559403896,0.012000536546111107,0.012000536546111107
CelebDFv3,/root/Datasets/CelebDFv3/CelebDFv3/FAKE/FaceSwap/BlendFace/id23_id1_0002.mp4,FaceSwap/BlendFace,id23,id1,0,2.7837040424346924,-2.7837040424346924,0.0,96.66820526123047,30.0,0.0,0.0,0.009639104828238487,0.011341763660311699,0.005182166118174791,0.009210321120917797
CelebDFv3,/root/Datasets/CelebDFv3/CelebDFv3/FAKE/FaceSwap/Celeb-DF-v2/id48_id44_0007.mp4,FaceSwap/Celeb-DF-v2,id48,id44,0,5.271702289581299,-5.271702289581299,0.0,96.49409484863281,30.0,0.0,0.0,0.0015894200187176466,0.0013411521213129163,0.001584842219017446,0.0020793131552636623
CelebDFv3,/root/Datasets/CelebDFv3/CelebDFv3/FAKE/FaceSwap/GHOST/id23_id31_0007.mp4,FaceSwap/GHOST,id23,id31,0,0.6428567171096802,-0.6428567171096802,0.0,115.69986724853516,30.0,0.0,0.0,0.011517603881657124,0.04457682743668556,0.006659892853349447,0.011683517135679722
CelebDFv3,/root/Datasets/CelebDFv3/CelebDFv3/FAKE/FaceSwap/HifiFace/id23_id21_0007.mp4,FaceSwap/HifiFace,id23,id21,0,0.1535738706588745,-0.1535738706588745,0.0,116.14169311523438,30.0,0.0,0.0,0.011501537635922432,0.041228361427783966,0.00747325923293829,0.013110416010022163
CelebDFv3,/root/Datasets/CelebDFv3/CelebDFv3/FAKE/FaceSwap/InSwapper/id31_id29_0002.mp4,FaceSwap/InSwapper,id31,id29,0,1.8306314945220947,-1.8306314945220947,0.0,149.14483642578125,30.0,0.0,0.0,0.02605685219168663,0.05246119946241379,0.015972236171364784,0.028763556852936745
CelebDFv3,/root/Datasets/CelebDFv3/CelebDFv3/FAKE/FaceSwap/MobileFaceSwap/id26_id31_0002.mp4,FaceSwap/MobileFaceSwap,id26,id31,0,3.1127848625183105,-3.1127848625183105,0.0,97.85067749023438,30.0,1.0,0.03125,0.006088088266551495,0.01608850248157978,0.0032947298604995012,0.0059193456545472145
CelebDFv3,/root/Datasets/CelebDFv3/CelebDFv3/FAKE/FaceSwap/SimSwap/id31_id32_0006.mp4,FaceSwap/SimSwap,id31,id32,0,-3.761779308319092,3.761779308319092,0.0,240.1210479736328,30.0,1.0,0.03125,0.004803247284144163,0.01056758314371109,0.002363685518503189,0.004256637301295996
CelebDFv3,/root/Datasets/CelebDFv3/CelebDFv3/FAKE/FaceSwap/UniFace/id51_id54_0005.mp4,FaceSwap/UniFace,id51,id54,0,-11.591821670532227,11.591821670532227,0.0,160.82080078125,30.0,0.0,0.0,0.010862701572477818,0.02097845822572708,0.0020401403307914734,0.0036534734535962343
CelebDFv3,/root/Datasets/CelebDFv3/CelebDFv3/FAKE/TalkingFace/AniTalker/id22_0004_test_id01333_LI6eLfuTn6I.mp4,TalkingFace/AniTalker,id22,,0,0.7175784707069397,-0.7175784707069397,0.0,187.78057861328125,25.0,0.0,0.0,0.004348437301814556,0.00590365007519722,0.006782072596251965,0.006782072596251965
CelebDFv3,/root/Datasets/CelebDFv3/CelebDFv3/FAKE/TalkingFace/EDTalk/id22_0007_test_id03347_JbbZ8at5OF8.mp4,TalkingFace/EDTalk,id22,,0,-6.695801734924316,6.695801734924316,0.0,453.1402587890625,25.0,0.0,0.0,0.012580957263708115,0.01607830449938774,0.0061049205251038074,0.0061049205251038074
CelebDFv3,/root/Datasets/CelebDFv3/CelebDFv3/FAKE/TalkingFace/EchoMimic/id51_0003_test_id01228_ITBk58yOpCM.mp4,TalkingFace/EchoMimic,id51,,0,-0.5756796598434448,0.5756796598434448,0.0,215.662109375,24.0,0.0,0.0,0.010497668758034706,0.019016023725271225,0.014100292697548866,0.014100292697548866
CelebDFv3,/root/Datasets/CelebDFv3/CelebDFv3/FAKE/TalkingFace/FLOAT/id54_0004_test_id06104_HSe6gXwgeRs.mp4,TalkingFace/FLOAT,id54,,0,-3.889543056488037,3.889543056488037,0.0,197.6344757080078,25.0,0.0,0.0,0.009086398407816887,0.00928744487464428,0.00679969135671854,0.00679969135671854
CelebDFv3,/root/Datasets/CelebDFv3/CelebDFv3/FAKE/TalkingFace/IP_LAP/id59_0000_test_id05055_n6FlxBOgOy4.mp4,TalkingFace/IP_LAP,id59,,0,6.455356597900391,-6.455356597900391,0.0,93.52288055419922,25.0,1.0,0.03125,0.021689608693122864,0.010521139949560165,0.02449248917400837,0.02449248917400837
CelebDFv3,/root/Datasets/CelebDFv3/CelebDFv3/FAKE/TalkingFace/Real3DPortrait/id31_0000_test_id08456_ajf9MieCX4k.mp4,TalkingFace/Real3DPortrait,id31,,0,1.7306480407714844,-1.7306480407714844,0.0,128.63197326660156,25.0,1.0,0.015625,0.013235801830887794,0.0056785596534609795,0.014079145155847073,0.014079145155847073
CelebDFv3,/root/Datasets/CelebDFv3/CelebDFv3/FAKE/TalkingFace/SadTalker/id11_0010_test_id09017_I5fFZuGVAvs.mp4,TalkingFace/SadTalker,id11,,0,4.906113624572754,-4.906113624572754,0.0,123.84101867675781,25.0,0.0,0.0,0.002512159990146756,0.005234616342931986,0.003863383550196886,0.004415295552462339
CelebDFv3,/root/Datasets/CelebDFv3/CelebDFv3/FAKE/FaceReenact/DaGAN/id56_id50_0008.mp4,FaceReenact/DaGAN,id56,id50,0,9.302642822265625,-9.302642822265625,0.0,107.30961608886719,30.0,1.0,0.203125,0.010620780289173126,0.00787218939512968,0.007651571650058031,0.007651571650058031
CelebDFv3,/root/Datasets/CelebDFv3/CelebDFv3/FAKE/FaceReenact/FSRT/id51_id55_0000.mp4,FaceReenact/FSRT,id51,id55,0,8.168139457702637,-8.168139457702637,0.0,103.08102416992188,20.0,0.0,0.0,0.04842180013656616,0.005783173255622387,0.03167089447379112,0.03167089447379112
CelebDFv3,/root/Datasets/CelebDFv3/CelebDFv3/FAKE/FaceReenact/HyperReenact/id31_id29_0002.mp4,FaceReenact/HyperReenact,id31,id29,0,-3.3656883239746094,3.3656883239746094,0.0,175.08253479003906,25.0,1.0,0.015625,0.005959842354059219,0.0026458657812327147,0.012666793540120125,0.012666793540120125
CelebDFv3,/root/Datasets/CelebDFv3/CelebDFv3/FAKE/FaceReenact/LIA/id31_id35_0002.mp4,FaceReenact/LIA,id31,id35,0,2.5132694244384766,-2.5132694244384766,0.0,249.37405395507812,30.0,1.0,0.015625,0.04414623975753784,0.009800910949707031,0.051412008702754974,0.051412008702754974
CelebDFv3,/root/Datasets/CelebDFv3/CelebDFv3/FAKE/FaceReenact/LivePortrait/id31_id32_0003.mp4,FaceReenact/LivePortrait,id31,id32,0,-2.692439556121826,2.692439556121826,0.0,133.88510131835938,30.0,1.0,0.03125,0.006187134422361851,0.01173585094511509,0.006268189754337072,0.011288054287433624
CelebDFv3,/root/Datasets/CelebDFv3/CelebDFv3/FAKE/FaceReenact/MCNET/id26_id33_0001.mp4,FaceReenact/MCNET,id26,id33,0,1.1248114109039307,-1.1248114109039307,0.0,143.04708862304688,30.0,1.0,0.296875,0.02821735292673111,0.01939012110233307,0.010733755305409431,0.010733755305409431
CelebDFv3,/root/Datasets/CelebDFv3/CelebDFv3/FAKE/FaceReenact/TPSMM/id48_id40_0003.mp4,FaceReenact/TPSMM,id48,id40,0,-1.445174217224121,1.445174217224121,0.0,89.45677185058594,30.0,1.0,0.015625,0.01002713292837143,0.008961481042206287,0.006379062309861183,0.006379062309861183
CelebDFv3,/root/Datasets/CelebDFv3/CelebDFv3/FAKE/FaceSwap/BlendFace/id48_id39_0002.mp4,FaceSwap/BlendFace,id48,id39,0,-0.15354043245315552,0.15354043245315552,0.0,113.80879211425781,30.0,0.0,0.0,0.0029103157576173544,0.00409223698079586,0.0017286192160099745,0.003086820710450411
CelebDFv3,/root/Datasets/CelebDFv3/CelebDFv3/FAKE/FaceSwap/Celeb-DF-v2/id23_id1_0004.mp4,FaceSwap/Celeb-DF-v2,id23,id1,0,-3.171247959136963,3.171247959136963,0.0,234.15896606445312,30.0,1.0,0.03125,0.014302420429885387,0.010503186844289303,0.011103790253400803,0.014967910014092922
CelebDFv3,/root/Datasets/CelebDFv3/CelebDFv3/FAKE/FaceSwap/GHOST/id26_id30_0004.mp4,FaceSwap/GHOST,id26,id30,0,1.3994708061218262,-1.3994708061218262,0.0,130.7007293701172,30.0,0.0,0.0,0.0032043587416410446,0.008015450090169907,0.002488143043592572,0.004470223095268011
CelebDFv3,/root/Datasets/CelebDFv3/CelebDFv3/FAKE/FaceSwap/HifiFace/id56_id55_0008.mp4,FaceSwap/HifiFace,id56,id55,0,3.9150753021240234,-3.9150753021240234,0.0,113.81390380859375,30.0,0.0,0.0,0.006029663607478142,0.0030978939030319452,0.0029921303503215313,0.00535829272121191
CelebDFv3,/root/Datasets/CelebDFv3/CelebDFv3/FAKE/FaceSwap/InSwapper/id25_id26_0004.mp4,FaceSwap/InSwapper,id25,id26,0,-1.0623273849487305,1.0623273849487305,0.0,106.04607391357422,30.0,0.0,0.0,0.008202734403312206,0.007459077052772045,0.0034027767833322287,0.006127881817519665
CelebDFv3,/root/Datasets/CelebDFv3/CelebDFv3/FAKE/FaceSwap/MobileFaceSwap/id11_id7_0004.mp4,FaceSwap/MobileFaceSwap,id11,id7,0,4.912895679473877,-4.912895679473877,0.0,180.6476593017578,30.0,1.0,0.109375,0.0013384635094553232,0.0021948651410639286,0.0015426874160766602,0.0029311059042811394
CelebDFv3,/root/Datasets/CelebDFv3/CelebDFv3/FAKE/FaceSwap/SimSwap/id31_id21_0001.mp4,FaceSwap/SimSwap,id31,id21,0,8.532999038696289,-8.532999038696289,0.0,160.75656127929688,30.0,0.0,0.0,0.0024058937560766935,0.002337963553145528,0.00227119168266654,0.004090069327503443
CelebDFv3,/root/Datasets/CelebDFv3/CelebDFv3/FAKE/FaceSwap/UniFace/id23_id0_0003.mp4,FaceSwap/UniFace,id23,id0,0,-2.2302284240722656,2.2302284240722656,0.0,109.04281616210938,30.0,0.0,0.0,0.003874459071084857,0.0028319144621491432,0.0015391811029985547,0.002735603367909789
CelebDFv3,/root/Datasets/CelebDFv3/CelebDFv3/FAKE/TalkingFace/AniTalker/id8_0000_test_id03862_znMGUBKuVsI.mp4,TalkingFace/AniTalker,id8,,0,1.3557007312774658,-1.3557007312774658,0.0,471.80877685546875,25.0,0.0,0.0,0.005658889189362526,0.002884133020415902,0.006792033556848764,0.006792033556848764
CelebDFv3,/root/Datasets/CelebDFv3/CelebDFv3/FAKE/TalkingFace/EDTalk/id31_0003_test_id04627_IjO3LUCaYLE.mp4,TalkingFace/EDTalk,id31,,0,-8.666057586669922,8.666057586669922,0.0,158.46844482421875,25.0,0.0,0.0,0.012022441253066063,0.010716774500906467,0.015575433149933815,0.015575433149933815
CelebDFv3,/root/Datasets/CelebDFv3/CelebDFv3/FAKE/TalkingFace/EchoMimic/id54_0005_test_id03178_NLOzCF7vIio.mp4,TalkingFace/EchoMimic,id54,,0,-3.640583038330078,3.640583038330078,0.0,131.81393432617188,24.0,0.0,0.0,0.003960449248552322,0.014406795613467693,0.005470048636198044,0.005470048636198044
CelebDFv3,/root/Datasets/CelebDFv3/CelebDFv3/FAKE/TalkingFace/FLOAT/id11_0003_test_id06209_6oI-FJQS9V0.mp4,TalkingFace/FLOAT,id11,,0,-12.086501121520996,12.086501121520996,0.0,218.2957305908203,25.0,0.0,0.0,0.013275588862597942,0.005434529390186071,0.008677802979946136,0.008677802979946136
CelebDFv3,/root/Datasets/CelebDFv3/CelebDFv3/FAKE/TalkingFace/IP_LAP/id54_0008_test_id00017_Nd3m-TBtp6A.mp4,TalkingFace/IP_LAP,id54,,0,-5.1534013748168945,5.1534013748168945,0.0,203.43804931640625,25.0,0.0,0.0,0.006410466507077217,0.00851449929177761,0.006883571855723858,0.006883571855723858
CelebDFv3,/root/Datasets/CelebDFv3/CelebDFv3/FAKE/TalkingFace/Real3DPortrait/id51_0009_test_id03862_CzGa5PRwiaY.mp4,TalkingFace/Real3DPortrait,id51,,0,6.388735294342041,-6.388735294342041,0.0,141.46737670898438,25.0,0.0,0.0,0.004630939569324255,0.00550853181630373,0.008444984443485737,0.008444984443485737
CelebDFv3,/root/Datasets/CelebDFv3/CelebDFv3/FAKE/TalkingFace/SadTalker/id22_0004_test_id01333_LI6eLfuTn6I.mp4,TalkingFace/SadTalker,id22,,0,0.6712512969970703,-0.6712512969970703,0.0,166.9735565185547,25.0,0.0,0.0,0.002611220348626375,0.0030279820784926414,0.005996031686663628,0.0056433239951729774
CelebDFv3,/root/Datasets/CelebDFv3/CelebDFv3/FAKE/FaceReenact/DaGAN/id51_id53_0007.mp4,FaceReenact/DaGAN,id51,id53,0,2.7965643405914307,-2.7965643405914307,0.0,130.3775634765625,30.0,1.0,0.15625,0.02680414915084839,0.006240743212401867,0.015706529840826988,0.015706529840826988
CelebDFv3,/root/Datasets/CelebDFv3/CelebDFv3/FAKE/FaceReenact/FSRT/id11_id7_0003.mp4,FaceReenact/FSRT,id11,id7,0,-12.188243865966797,12.188243865966797,0.0,194.62277221679688,20.0,0.0,0.0,0.027465632185339928,0.011336047202348709,0.015388831496238708,0.015388831496238708
CelebDFv3,/root/Datasets/CelebDFv3/CelebDFv3/FAKE/FaceReenact/HyperReenact/id56_id58_0009.mp4,FaceReenact/HyperReenact,id56,id58,0,-8.550070762634277,8.550070762634277,0.0,197.2786102294922,25.0,0.0,0.0,0.004751482047140598,0.002873253310099244,0.0057266512885689735,0.0057266512885689735
CelebDFv3,/root/Datasets/CelebDFv3/CelebDFv3/FAKE/FaceReenact/LIA/id48_id40_0003.mp4,FaceReenact/LIA,id48,id40,0,-3.677185535430908,3.677185535430908,0.0,112.8679428100586,30.0,0.0,0.0,0.010014048777520657,0.008067701011896133,0.006483873352408409,0.006483873352408409
CelebDFv3,/root/Datasets/CelebDFv3/CelebDFv3/FAKE/FaceReenact/LivePortrait/id23_id33_0006.mp4,FaceReenact/LivePortrait,id23,id33,0,14.011035919189453,-14.011035919189453,0.0,164.9586181640625,30.0,0.0,0.0,0.00336926756426692,0.0033044570591300726,0.002058563055470586,0.002727595856413245
CelebDFv3,/root/Datasets/CelebDFv3/CelebDFv3/FAKE/FaceReenact/MCNET/id59_id60_0001.mp4,FaceReenact/MCNET,id59,id60,0,7.271907806396484,-7.271907806396484,0.0,170.63482666015625,30.0,1.0,0.15625,0.02966371737420559,0.021876923739910126,0.017239058390259743,0.017239058390259743
CelebDFv3,/root/Datasets/CelebDFv3/CelebDFv3/FAKE/FaceReenact/TPSMM/id31_id34_0002.mp4,FaceReenact/TPSMM,id31,id34,0,11.328351974487305,-11.328351974487305,0.0,158.40599060058594,30.0,1.0,0.03125,0.025259245187044144,0.012511423788964748,0.043182142078876495,0.043182142078876495
CelebDFv3,/root/Datasets/CelebDFv3/CelebDFv3/FAKE/FaceSwap/BlendFace/id31_id20_0001.mp4,FaceSwap/BlendFace,id31,id20,0,8.146190643310547,-8.146190643310547,0.0,143.18499755859375,30.0,0.0,0.0,0.002065847162157297,0.0030245641246438026,0.0017845816910266876,0.0032137595117092133
CelebDFv3,/root/Datasets/CelebDFv3/CelebDFv3/FAKE/FaceSwap/Celeb-DF-v2/id31_id29_0002.mp4,FaceSwap/Celeb-DF-v2,id31,id29,0,4.122939109802246,-4.122939109802246,0.0,157.45570373535156,30.0,0.0,0.0,0.020450789481401443,0.04085423797369003,0.013969470746815205,0.025156885385513306
CelebDFv3,/root/Datasets/CelebDFv3/CelebDFv3/FAKE/FaceSwap/GHOST/id54_id57_0008.mp4,FaceSwap/GHOST,id54,id57,0,-3.656275749206543,3.656275749206543,0.0,187.11424255371094,30.0,0.0,0.0,0.0020354045554995537,0.0034976459573954344,0.0015712638851255178,0.0028138114139437675
CelebDFv3,/root/Datasets/CelebDFv3/CelebDFv3/FAKE/FaceSwap/HifiFace/id23_id16_0004.mp4,FaceSwap/HifiFace,id23,id16,0,-6.0190253257751465,6.0190253257751465,0.0,241.29258728027344,30.0,1.0,0.03125,0.016965718939900398,0.011049799621105194,0.011436226777732372,0.015416034497320652
CelebDFv3,/root/Datasets/CelebDFv3/CelebDFv3/FAKE/FaceSwap/InSwapper/id31_id32_0003.mp4,FaceSwap/InSwapper,id31,id32,0,-3.7732815742492676,3.7732815742492676,0.0,133.43173217773438,30.0,0.0,0.0,0.003109994810074568,0.003563257399946451,0.003599331248551607,0.006481846794486046
CelebDFv3,/root/Datasets/CelebDFv3/CelebDFv3/FAKE/FaceSwap/MobileFaceSwap/id56_id57_0009.mp4,FaceSwap/MobileFaceSwap,id56,id57,0,-6.66819953918457,6.66819953918457,0.0,177.67922973632812,30.0,0.0,0.0,0.008176877163350582,0.00188458152115345,0.0023777736350893974,0.004258105531334877
CelebDFv3,/root/Datasets/CelebDFv3/CelebDFv3/FAKE/FaceSwap/SimSwap/id22_id25_0003.mp4,FaceSwap/SimSwap,id22,id25,0,-3.4201231002807617,3.4201231002807617,0.0,252.0125274658203,30.0,1.0,0.328125,0.00994780007749796,0.004639565013349056,0.005249264650046825,0.009329576045274734
CelebDFv3,/root/Datasets/CelebDFv3/CelebDFv3/FAKE/FaceSwap/UniFace/id23_id2_0009.mp4,FaceSwap/UniFace,id23,id2,0,-4.990197658538818,4.990197658538818,0.0,155.8792266845703,30.0,0.0,0.0,0.004338996484875679,0.00438731862232089,0.002756961155682802,0.0036502168513834476
CelebDFv3,/root/Datasets/CelebDFv3/CelebDFv3/FAKE/TalkingFace/AniTalker/id54_0008_test_id01437_p9H07e_p8go.mp4,TalkingFace/AniTalker,id54,,0,-7.324077129364014,7.324077129364014,0.0,202.49501037597656,25.0,0.0,0.0,0.007578096818178892,0.003793605137616396,0.004701152443885803,0.004701152443885803
CelebDFv3,/root/Datasets/CelebDFv3/CelebDFv3/FAKE/TalkingFace/EDTalk/id31_0000_test_id08456_ajf9MieCX4k.mp4,TalkingFace/EDTalk,id31,,0,0.5572957396507263,-0.5572957396507263,0.0,150.60708618164062,25.0,0.0,0.0,0.010905688628554344,0.012585919350385666,0.00529979495331645,0.00529979495331645
CelebDFv3,/root/Datasets/CelebDFv3/CelebDFv3/FAKE/TalkingFace/EchoMimic/id54_0007_test_id01333_D9Eylmbz4Ik.mp4,TalkingFace/EchoMimic,id54,,0,-5.873978137969971,5.873978137969971,0.0,157.30624389648438,24.0,0.0,0.0,0.010318880900740623,0.016778336837887764,0.011254578828811646,0.011254578828811646
CelebDFv3,/root/Datasets/CelebDFv3/CelebDFv3/FAKE/TalkingFace/FLOAT/id59_0009_test_id03980_DLgfEilskfc.mp4,TalkingFace/FLOAT,id59,,0,6.130904197692871,-6.130904197692871,0.0,175.9009246826172,25.0,0.0,0.0,0.009349209256470203,0.00854798499494791,0.0072930483147501945,0.0072930483147501945
CelebDFv3,/root/Datasets/CelebDFv3/CelebDFv3/FAKE/TalkingFace/IP_LAP/id25_0008_test_id08696_MnjuyAG_DCg.mp4,TalkingFace/IP_LAP,id25,,0,6.617302417755127,-6.617302417755127,0.0,145.39230346679688,25.0,1.0,0.015625,0.034570567309856415,0.009879644960165024,0.03859388828277588,0.03859388828277588
CelebDFv3,/root/Datasets/CelebDFv3/CelebDFv3/FAKE/TalkingFace/Real3DPortrait/id48_0005_test_id01618_kzxW2WAFWLI.mp4,TalkingFace/Real3DPortrait,id48,,0,8.85224723815918,-8.85224723815918,0.0,144.98841857910156,25.0,1.0,0.09375,0.01158052682876587,0.004451594315469265,0.008763819932937622,0.008763819932937622
CelebDFv3,/root/Datasets/CelebDFv3/CelebDFv3/FAKE/TalkingFace/SadTalker/id23_0002_test_id07961_Q7QhiPMMMVA.mp4,TalkingFace/SadTalker,id23,,0,1.8711206912994385,-1.8711206912994385,0.0,128.7179718017578,25.0,0.0,0.0,0.0027596622239798307,0.006024200469255447,0.007426931988447905,0.007426931988447905
CelebDFv3,/root/Datasets/CelebDFv3/CelebDFv3/FAKE/FaceReenact/DaGAN/id48_id43_0008.mp4,FaceReenact/DaGAN,id48,id43,0,-8.010921478271484,8.010921478271484,0.0,210.0575408935547,30.0,1.0,0.375,0.010243136435747147,0.009208638221025467,0.007645714562386274,0.007645714562386274
CelebDFv3,/root/Datasets/CelebDFv3/CelebDFv3/FAKE/FaceReenact/FSRT/id54_id50_0004.mp4,FaceReenact/FSRT,id54,id50,0,-6.440077304840088,6.440077304840088,0.0,209.98731994628906,20.0,0.0,0.0,0.019619140774011612,0.006054512690752745,0.01024225540459156,0.01024225540459156
CelebDFv3,/root/Datasets/CelebDFv3/CelebDFv3/FAKE/FaceReenact/HyperReenact/id26_id35_0001.mp4,FaceReenact/HyperReenact,id26,id35,0,-4.488874435424805,4.488874435424805,0.0,113.33697509765625,25.0,0.0,0.0,0.009888392873108387,0.0037227028515189886,0.008159757591784,0.008159757591784
CelebDFv3,/root/Datasets/CelebDFv3/CelebDFv3/FAKE/FaceReenact/LIA/id23_id27_0006.mp4,FaceReenact/LIA,id23,id27,0,12.665093421936035,-12.665093421936035,0.0,193.33042907714844,30.0,1.0,0.015625,0.01294485293328762,0.006666181143373251,0.00840685237199068,0.00840685237199068
CelebDFv3,/root/Datasets/CelebDFv3/CelebDFv3/FAKE/FaceReenact/LivePortrait/id23_id34_0000.mp4,FaceReenact/LivePortrait,id23,id34,0,7.295767784118652,-7.295767784118652,0.0,133.64418029785156,30.0,0.0,0.0,0.0020988783799111843,0.0045835962519049644,0.002247219905257225,0.0039940085262060165
CelebDFv3,/root/Datasets/CelebDFv3/CelebDFv3/FAKE/FaceReenact/MCNET/id48_id39_0008.mp4,FaceReenact/MCNET,id48,id39,0,-13.96347713470459,13.96347713470459,0.0,230.13160705566406,30.0,0.0,0.0,0.004619960207492113,0.0027904603630304337,0.00641897926107049,0.00641897926107049
CelebDFv3,/root/Datasets/CelebDFv3/CelebDFv3/FAKE/FaceReenact/TPSMM/id31_id17_0005.mp4,FaceReenact/TPSMM,id31,id17,0,4.2853546142578125,-4.2853546142578125,0.0,139.9009552001953,30.0,0.0,0.0,0.010327374562621117,0.009367445483803749,0.008521595038473606,0.008521595038473606
CelebDFv3,/root/Datasets/CelebDFv3/CelebDFv3/FAKE/FaceSwap/BlendFace/id59_id61_0004.mp4,FaceSwap/BlendFace,id59,id61,0,1.5339787006378174,-1.5339787006378174,0.0,121.56180572509766,30.0,0.0,0.0,0.0054629226215183735,0.011625229381024837,0.002549455501139164,0.0045655518770217896
CelebDFv3,/root/Datasets/CelebDFv3/CelebDFv3/FAKE/FaceSwap/Celeb-DF-v2/id25_id26_0002.mp4,FaceSwap/Celeb-DF-v2,id25,id26,0,3.68668270111084,-3.68668270111084,0.0,132.5564727783203,30.0,0.0,0.0,0.010773060843348503,0.021367186680436134,0.003177036764100194,0.005721358582377434
CelebDFv3,/root/Datasets/CelebDFv3/CelebDFv3/FAKE/FaceSwap/GHOST/id31_id16_0004.mp4,FaceSwap/GHOST,id31,id16,0,4.635142803192139,-4.635142803192139,0.0,212.7389678955078,30.0,0.0,0.0,0.0049198586493730545,0.0030708536505699158,0.002622579224407673,0.004722864832729101
CelebDFv3,/root/Datasets/CelebDFv3/CelebDFv3/FAKE/FaceSwap/HifiFace/id31_id9_0005.mp4,FaceSwap/HifiFace,id31,id9,0,2.914484977722168,-2.914484977722168,0.0,144.17840576171875,30.0,0.0,0.0,0.005475018173456192,0.004099890124052763,0.003286154707893729,0.005917863454669714
CelebDFv3,/root/Datasets/CelebDFv3/CelebDFv3/FAKE/FaceSwap/InSwapper/id23_id19_0002.mp4,FaceSwap/InSwapper,id23,id19,0,1.8422951698303223,-1.8422951698303223,0.0,97.47821044921875,30.0,0.0,0.0,0.009449850767850876,0.011386113241314888,0.0031462330371141434,0.005591834429651499
CelebDFv3,/root/Datasets/CelebDFv3/CelebDFv3/FAKE/FaceSwap/MobileFaceSwap/id26_id38_0001.mp4,FaceSwap/MobileFaceSwap,id26,id38,0,3.5199685096740723,-3.5199685096740723,0.0,102.59964752197266,30.0,1.0,0.03125,0.0197305791079998,0.016245808452367783,0.004113898612558842,0.007391070947051048
CelebDFv3,/root/Datasets/CelebDFv3/CelebDFv3/FAKE/FaceSwap/SimSwap/id48_id42_0004.mp4,FaceSwap/SimSwap,id48,id42,0,-3.3335821628570557,3.3335821628570557,0.0,135.4404296875,30.0,0.0,0.0,0.00251597142778337,0.002302861539646983,0.002741148928180337,0.004894908517599106
CelebDFv3,/root/Datasets/CelebDFv3/CelebDFv3/FAKE/FaceSwap/UniFace/id26_id32_0001.mp4,FaceSwap/UniFace,id26,id32,0,0.9044387936592102,-0.9044387936592102,0.0,116.62619018554688,30.0,0.0,0.0,0.019786281511187553,0.016630731523036957,0.0038329707458615303,0.006886354181915522
CelebDFv3,/root/Datasets/CelebDFv3/CelebDFv3/FAKE/TalkingFace/AniTalker/id31_0008_test_id01593_xYSFA0pJBl0.mp4,TalkingFace/AniTalker,id31,,0,6.835205078125,-6.835205078125,0.0,155.8450164794922,25.0,0.0,0.0,0.007159461732953787,0.009034181945025921,0.009494008496403694,0.009494008496403694
CelebDFv3,/root/Datasets/CelebDFv3/CelebDFv3/FAKE/TalkingFace/EDTalk/id59_0009_test_id06484_W9YT6lAdJ3Y.mp4,TalkingFace/EDTalk,id59,,0,9.069808959960938,-9.069808959960938,0.0,147.66636657714844,25.0,0.0,0.0,0.01509674359112978,0.011184942908585072,0.006565379910171032,0.006565379910171032
CelebDFv3,/root/Datasets/CelebDFv3/CelebDFv3/FAKE/TalkingFace/EchoMimic/id56_0009_test_id01460_Es6CkRmkIBY.mp4,TalkingFace/EchoMimic,id56,,0,-5.836734771728516,5.836734771728516,0.0,241.0867919921875,24.0,0.0,0.0,0.010017383843660355,0.013648469001054764,0.0061678397469222546,0.0061678397469222546
CelebDFv3,/root/Datasets/CelebDFv3/CelebDFv3/FAKE/TalkingFace/FLOAT/id23_0006_test_id06104_D84wde8JJ_k.mp4,TalkingFace/FLOAT,id23,,0,21.108909606933594,-21.108909606933594,0.0,156.64588928222656,25.0,0.0,0.0,0.01514427736401558,0.008508479222655296,0.006781458854675293,0.006781458854675293
CelebDFv3,/root/Datasets/CelebDFv3/CelebDFv3/FAKE/TalkingFace/IP_LAP/id22_0008_test_id01593_sU-ejsiL4Fc.mp4,TalkingFace/IP_LAP,id22,,0,6.821804046630859,-6.821804046630859,0.0,188.64686584472656,25.0,0.0,0.0,0.007552578113973141,0.005202027969062328,0.009370110929012299,0.009370110929012299
CelebDFv3,/root/Datasets/CelebDFv3/CelebDFv3/FAKE/TalkingFace/Real3DPortrait/id23_0006_test_id09017_W9dkqIcvdBg.mp4,TalkingFace/Real3DPortrait,id23,,0,20.576496124267578,-20.576496124267578,0.0,153.14694213867188,25.0,0.0,0.0,0.012413760647177696,0.005271932575851679,0.0052586812525987625,0.0052586812525987625
CelebDFv3,/root/Datasets/CelebDFv3/CelebDFv3/FAKE/TalkingFace/SadTalker/id54_0001_test_id01228_Jz8TtqKaxhA.mp4,TalkingFace/SadTalker,id54,,0,-1.6324419975280762,1.6324419975280762,0.0,231.1801300048828,25.0,0.0,0.0,0.004478132352232933,0.004810932092368603,0.006900112144649029,0.006900112144649029
CelebDFv3,/root/Datasets/CelebDFv3/CelebDFv3/FAKE/FaceReenact/DaGAN/id51_id57_0008.mp4,FaceReenact/DaGAN,id51,id57,0,3.289715528488159,-3.289715528488159,0.0,119.69258880615234,29.829999923706055,0.0,0.0,0.009095621295273304,0.0068944841623306274,0.0066243549808859825,0.0066243549808859825
CelebDFv3,/root/Datasets/CelebDFv3/CelebDFv3/FAKE/FaceReenact/FSRT/id54_id51_0003.mp4,FaceReenact/FSRT,id54,id51,0,-1.9122580289840698,1.9122580289840698,0.0,231.63369750976562,20.0,1.0,0.28125,0.015191512182354927,0.01569792442023754,0.03202611207962036,0.03202611207962036
CelebDFv3,/root/Datasets/CelebDFv3/CelebDFv3/FAKE/FaceReenact/HyperReenact/id26_id24_0001.mp4,FaceReenact/HyperReenact,id26,id24,0,-4.944739818572998,4.944739818572998,0.0,128.73281860351562,25.0,0.0,0.0,0.0036838557571172714,0.003671926911920309,0.008025391027331352,0.008025391027331352
CelebDFv3,/root/Datasets/CelebDFv3/CelebDFv3/FAKE/FaceReenact/LIA/id48_id40_0007.mp4,FaceReenact/LIA,id48,id40,0,7.9513678550720215,-7.9513678550720215,0.0,115.19506072998047,30.0,0.0,0.0,0.006131763570010662,0.007422600872814655,0.007838273420929909,0.007838273420929909
CelebDFv3,/root/Datasets/CelebDFv3/CelebDFv3/FAKE/FaceReenact/LivePortrait/id56_id58_0009.mp4,FaceReenact/LivePortrait,id56,id58,0,-5.864832401275635,5.864832401275635,0.0,172.14703369140625,29.0,0.0,0.0,0.017975829541683197,0.003980319947004318,0.0035174740478396416,0.006299074739217758
CelebDFv3,/root/Datasets/CelebDFv3/CelebDFv3/FAKE/FaceReenact/MCNET/id11_id7_0008.mp4,FaceReenact/MCNET,id11,id7,0,7.1810760498046875,-7.1810760498046875,0.0,104.17681121826172,30.0,0.0,0.0,0.00493219681084156,0.0028347556944936514,0.004209341015666723,0.004209341015666723
CelebDFv3,/root/Datasets/CelebDFv3/CelebDFv3/FAKE/FaceReenact/TPSMM/id23_id9_0009.mp4,FaceReenact/TPSMM,id23,id9,0,3.6887969970703125,-3.6887969970703125,0.0,140.5775146484375,30.0,1.0,0.03125,0.009049261920154095,0.014747083187103271,0.01929130032658577,0.01929130032658577
CelebDFv3,/root/Datasets/CelebDFv3/CelebDFv3/FAKE/FaceSwap/BlendFace/id51_id55_0004.mp4,FaceSwap/BlendFace,id51,id55,0,-3.5992069244384766,3.5992069244384766,0.0,99.5750732421875,29.0,1.0,0.203125,0.006734461989253759,0.011205482296645641,0.006289289798587561,0.011262830346822739
CelebDFv3,/root/Datasets/CelebDFv3/CelebDFv3/FAKE/FaceSwap/Celeb-DF-v2/id54_id55_0008.mp4,FaceSwap/Celeb-DF-v2,id54,id55,0,-0.8624109625816345,0.8624109625816345,0.0,184.48471069335938,30.0,0.0,0.0,0.0020803615916520357,0.0030125488992780447,0.00221375934779644,0.003964389208704233
CelebDFv3,/root/Datasets/CelebDFv3/CelebDFv3/FAKE/FaceSwap/GHOST/id31_id34_0006.mp4,FaceSwap/GHOST,id31,id34,0,-1.2948200702667236,1.2948200702667236,0.0,236.34552001953125,30.0,0.0,0.0,0.004765640944242477,0.010615039616823196,0.003302551805973053,0.00594739243388176
CelebDFv3,/root/Datasets/CelebDFv3/CelebDFv3/FAKE/FaceSwap/HifiFace/id26_id17_0004.mp4,FaceSwap/HifiFace,id26,id17,0,-0.6628435850143433,0.6628435850143433,0.0,127.04396057128906,30.0,0.0,0.0,0.0036815269850194454,0.008174466900527477,0.0031394511461257935,0.005640369839966297
CelebDFv3,/root/Datasets/CelebDFv3/CelebDFv3/FAKE/FaceSwap/InSwapper/id31_id34_0009.mp4,FaceSwap/InSwapper,id31,id34,0,3.0494537353515625,-3.0494537353515625,0.0,144.28298950195312,30.0,0.0,0.0,0.003523926017805934,0.004970300942659378,0.0032545209396630526,0.005860895849764347
CelebDFv3,/root/Datasets/CelebDFv3/CelebDFv3/FAKE/FaceSwap/MobileFaceSwap/id54_id51_0006.mp4,FaceSwap/MobileFaceSwap,id54,id51,0,-5.194558143615723,5.194558143615723,0.0,199.4097900390625,30.0,1.0,0.015625,0.004409638233482838,0.006740465760231018,0.0034814788959920406,0.006234615575522184
CelebDFv3,/root/Datasets/CelebDFv3/CelebDFv3/FAKE/FaceSwap/SimSwap/id31_id29_0001.mp4,FaceSwap/SimSwap,id31,id29,0,5.379347324371338,-5.379347324371338,0.0,157.80015563964844,30.0,0.0,0.0,0.0020662909373641014,0.003022023942321539,0.002106020227074623,0.0037926207296550274
CelebDFv3,/root/Datasets/CelebDFv3/CelebDFv3/FAKE/FaceSwap/UniFace/id56_id52_0008.mp4,FaceSwap/UniFace,id56,id52,0,1.5032782554626465,-1.5032782554626465,0.0,119.26217651367188,30.0,1.0,0.03125,0.004569337237626314,0.0026467591524124146,0.0017342703649774194,0.003105722600594163
CelebDFv3,/root/Datasets/CelebDFv3/CelebDFv3/FAKE/TalkingFace/AniTalker/id22_0003_test_id00081_jO5DSKhhcqQ.mp4,TalkingFace/AniTalker,id22,,0,2.0910377502441406,-2.0910377502441406,0.0,250.30380249023438,25.0,0.0,0.0,0.00789582822471857,0.006298443768173456,0.006225251127034426,0.006225251127034426
CelebDFv3,/root/Datasets/CelebDFv3/CelebDFv3/FAKE/TalkingFace/EDTalk/id54_0003_test_id00562_2KLM0Lact6A.mp4,TalkingFace/EDTalk,id54,,0,-4.662079334259033,4.662079334259033,0.0,255.2619171142578,25.0,0.0,0.0,0.015779366716742516,0.008984377607703209,0.007082352880388498,0.007082352880388498
CelebDFv3,/root/Datasets/CelebDFv3/CelebDFv3/FAKE/TalkingFace/EchoMimic/id59_0007_test_id02019_anSrwA_9RPE.mp4,TalkingFace/EchoMimic,id59,,0,4.39675235748291,-4.39675235748291,0.0,120.48332214355469,24.0,0.0,0.0,0.002361200749874115,0.00716837402433157,0.007054094225168228,0.007054094225168228
CelebDFv3,/root/Datasets/CelebDFv3/CelebDFv3/FAKE/TalkingFace/FLOAT/id26_0000_test_id01593_Clw9yg6Jd34.mp4,TalkingFace/FLOAT,id26,,0,0.11438974738121033,-0.11438974738121033,0.0,160.7784423828125,25.0,0.0,0.0,0.00856862310320139,0.007794375531375408,0.006039878819137812,0.006039878819137812
CelebDFv3,/root/Datasets/CelebDFv3/CelebDFv3/FAKE/TalkingFace/IP_LAP/id22_0006_test_id04478_qfn8NllQPNY.mp4,TalkingFace/IP_LAP,id22,,0,5.270880699157715,-5.270880699157715,0.0,154.3684844970703,25.0,0.0,0.0,0.007389722391963005,0.005102162715047598,0.004775830544531345,0.004775830544531345
CelebDFv3,/root/Datasets/CelebDFv3/CelebDFv3/FAKE/TalkingFace/Real3DPortrait/id51_0006_test_id07312_0LWllHGohPY.mp4,TalkingFace/Real3DPortrait,id51,,0,2.007162570953369,-2.007162570953369,0.0,164.91732788085938,25.0,0.0,0.0,0.01507369615137577,0.004250338766723871,0.01213141344487667,0.01213141344487667
CelebDFv3,/root/Datasets/CelebDFv3/CelebDFv3/FAKE/TalkingFace/SadTalker/id54_0000_test_id01593_Clw9yg6Jd34.mp4,TalkingFace/SadTalker,id54,,0,-2.3173556327819824,2.3173556327819824,0.0,147.8986358642578,25.0,0.0,0.0,0.002742348238825798,0.0028361391741782427,0.003992232959717512,0.00375739554874599
CelebDFv3,/root/Datasets/CelebDFv3/CelebDFv3/FAKE/FaceReenact/DaGAN/id26_id30_0003.mp4,FaceReenact/DaGAN,id26,id30,0,-0.7326792478561401,0.7326792478561401,0.0,274.93359375,30.0,0.0,0.0,0.016826191917061806,0.014421778731048107,0.008792304433882236,0.008792304433882236
CelebDFv3,/root/Datasets/CelebDFv3/CelebDFv3/FAKE/FaceReenact/FSRT/id11_id7_0002.mp4,FaceReenact/FSRT,id11,id7,0,6.502562999725342,-6.502562999725342,0.0,113.53504943847656,20.0,0.0,0.0,0.0066664996556937695,0.004646688234061003,0.00617033988237381,0.00617033988237381
CelebDFv3,/root/Datasets/CelebDFv3/CelebDFv3/FAKE/FaceReenact/HyperReenact/id23_id26_0001.mp4,FaceReenact/HyperReenact,id23,id26,0,3.054729700088501,-3.054729700088501,0.0,111.8470687866211,25.0,0.0,0.0,0.019669074565172195,0.002571313176304102,0.01628359779715538,0.01628359779715538
CelebDFv3,/root/Datasets/CelebDFv3/CelebDFv3/FAKE/FaceReenact/LIA/id26_id2_0005.mp4,FaceReenact/LIA,id26,id2,0,-1.7510862350463867,1.7510862350463867,0.0,213.5388641357422,30.0,1.0,0.25,0.006723796017467976,0.0029482077807188034,0.004059224389493465,0.004059224389493465
CelebDFv3,/root/Datasets/CelebDFv3/CelebDFv3/FAKE/FaceReenact/LivePortrait/id22_id23_0001.mp4,FaceReenact/LivePortrait,id22,id23,0,9.275838851928711,-9.275838851928711,0.0,122.5228042602539,30.0,0.0,0.0,0.0012009497731924057,0.0016227398300543427,0.0010498292976990342,0.0018658729968592525
CelebDFv3,/root/Datasets/CelebDFv3/CelebDFv3/FAKE/FaceReenact/MCNET/id51_id53_0006.mp4,FaceReenact/MCNET,id51,id53,0,1.9561758041381836,-1.9561758041381836,0.0,164.49900817871094,30.0,0.0,0.0,0.007675572298467159,0.004769252613186836,0.009125418961048126,0.009125418961048126
CelebDFv3,/root/Datasets/CelebDFv3/CelebDFv3/FAKE/FaceReenact/TPSMM/id25_id21_0002.mp4,FaceReenact/TPSMM,id25,id21,0,0.3868228495121002,-0.3868228495121002,0.0,110.79124450683594,30.0,0.0,0.0,0.010390441864728928,0.01853162609040737,0.007613262161612511,0.007613262161612511
CelebDFv3,/root/Datasets/CelebDFv3/CelebDFv3/FAKE/FaceSwap/BlendFace/id56_id55_0003.mp4,FaceSwap/BlendFace,id56,id55,0,-3.7005410194396973,3.7005410194396973,0.0,97.07780456542969,30.0,0.0,0.0,0.0042751929722726345,0.0030612756963819265,0.0035867427941411734,0.006423120852559805
CelebDFv3,/root/Datasets/CelebDFv3/CelebDFv3/FAKE/FaceSwap/Celeb-DF-v2/id31_id33_0008.mp4,FaceSwap/Celeb-DF-v2,id31,id33,0,-0.9105045795440674,0.9105045795440674,0.0,148.71115112304688,30.0,0.0,0.0,0.003561923047527671,0.009734198451042175,0.0062473732978105545,0.011250564828515053
CelebDFv3,/root/Datasets/CelebDFv3/CelebDFv3/FAKE/FaceSwap/GHOST/id23_id34_0009.mp4,FaceSwap/GHOST,id23,id34,0,-0.7295886278152466,0.7295886278152466,0.0,141.54331970214844,30.0,0.0,0.0,0.004039176739752293,0.0043758247047662735,0.0024974725674837828,0.003306653816252947
CelebDFv3,/root/Datasets/CelebDFv3/CelebDFv3/FAKE/FaceSwap/HifiFace/id25_id20_0005.mp4,FaceSwap/HifiFace,id25,id20,0,-0.06982183456420898,0.06982183456420898,0.0,82.1207046508789,30.0,0.0,0.0,0.011890174821019173,0.0032750959508121014,0.005173866171389818,0.007678017485886812
CelebDFv3,/root/Datasets/CelebDFv3/CelebDFv3/FAKE/FaceSwap/InSwapper/id54_id58_0004.mp4,FaceSwap/InSwapper,id54,id58,0,-8.217243194580078,8.217243194580078,0.0,202.32614135742188,30.0,0.0,0.0,0.0018582094926387072,0.01858014240860939,0.010664107277989388,0.019097229465842247
CelebDFv3,/root/Datasets/CelebDFv3/CelebDFv3/FAKE/FaceSwap/MobileFaceSwap/id31_id1_0001.mp4,FaceSwap/MobileFaceSwap,id31,id1,0,7.381746292114258,-7.381746292114258,0.0,146.5417938232422,30.0,0.0,0.0,0.0023779701441526413,0.0026122855488210917,0.0021472356747835875,0.00386684387922287
CelebDFv3,/root/Datasets/CelebDFv3/CelebDFv3/FAKE/FaceSwap/SimSwap/id26_id38_0001.mp4,FaceSwap/SimSwap,id26,id38,0,0.500296413898468,-0.500296413898468,0.0,121.9244613647461,30.0,0.0,0.0,0.01980452984571457,0.016574842855334282,0.004158440977334976,0.007471098098903894
CelebDFv3,/root/Datasets/CelebDFv3/CelebDFv3/FAKE/FaceSwap/UniFace/id11_id7_0003.mp4,FaceSwap/UniFace,id11,id7,0,-12.292378425598145,12.292378425598145,0.0,225.87112426757812,30.0,0.0,0.0,0.002761607291176915,0.005519396625459194,0.002327687805518508,0.004422606900334358
CelebDFv3,/root/Datasets/CelebDFv3/CelebDFv3/FAKE/TalkingFace/AniTalker/id22_0005_test_id04276_Sgb1KpIJt90.mp4,TalkingFace/AniTalker,id22,,0,4.469006538391113,-4.469006538391113,0.0,112.14948272705078,25.0,0.0,0.0,0.004768067970871925,0.005453370977193117,0.005817415192723274,0.005817415192723274
CelebDFv3,/root/Datasets/CelebDFv3/CelebDFv3/FAKE/TalkingFace/EDTalk/id25_0007_test_id00812_uCF5yBvYa9k.mp4,TalkingFace/EDTalk,id25,,0,-5.419050216674805,5.419050216674805,0.0,242.65682983398438,25.0,0.0,0.0,0.012735119089484215,0.01056928001344204,0.005221149884164333,0.005221149884164333
CelebDFv3,/root/Datasets/CelebDFv3/CelebDFv3/FAKE/TalkingFace/EchoMimic/id31_0007_test_id05459_7UxF1t_taDk.mp4,TalkingFace/EchoMimic,id31,,0,-11.976787567138672,11.976787567138672,0.0,348.89849853515625,24.0,0.0,0.0,0.009128154255449772,0.005146872717887163,0.009540948085486889,0.009540948085486889
CelebDFv3,/root/Datasets/CelebDFv3/CelebDFv3/FAKE/TalkingFace/FLOAT/id59_0008_test_id01228_wQ0cqLka-oQ.mp4,TalkingFace/FLOAT,id59,,0,7.7431745529174805,-7.7431745529174805,0.0,118.38162231445312,25.0,0.0,0.0,0.011018176563084126,0.006008020602166653,0.006635571364313364,0.006635571364313364
CelebDFv3,/root/Datasets/CelebDFv3/CelebDFv3/FAKE/TalkingFace/IP_LAP/id8_0001_test_id00926_KV8f4Uucosc.mp4,TalkingFace/IP_LAP,id8,,0,6.853957176208496,-6.853957176208496,0.0,245.60845947265625,25.0,0.0,0.0,0.0089018065482378,0.02065407857298851,0.00823308527469635,0.00823308527469635
CelebDFv3,/root/Datasets/CelebDFv3/CelebDFv3/FAKE/TalkingFace/Real3DPortrait/id8_0005_test_id07312_0LWllHGohPY.mp4,TalkingFace/Real3DPortrait,id8,,0,4.214108467102051,-4.214108467102051,0.0,137.276611328125,25.0,0.0,0.0,0.01534428633749485,0.005576350726187229,0.015924468636512756,0.015924468636512756
CelebDFv3,/root/Datasets/CelebDFv3/CelebDFv3/FAKE/TalkingFace/SadTalker/id48_0006_test_id04094_iuzHh5LLoUo.mp4,TalkingFace/SadTalker,id48,,0,2.9935412406921387,-2.9935412406921387,0.0,123.21178436279297,25.0,0.0,0.0,0.002744849771261215,0.0035176905803382397,0.008064071647822857,0.008064071647822857
CelebDFv3,/root/Datasets/CelebDFv3/CelebDFv3/FAKE/FaceReenact/DaGAN/id48_id39_0007.mp4,FaceReenact/DaGAN,id48,id39,0,7.430797576904297,-7.430797576904297,0.0,98.59033966064453,30.0,1.0,0.296875,0.009197643026709557,0.004371968097984791,0.00562259741127491,0.00562259741127491
CelebDFv3,/root/Datasets/CelebDFv3/CelebDFv3/FAKE/FaceReenact/FSRT/id8_id0_0008.mp4,FaceReenact/FSRT,id8,id0,0,0.6316141486167908,-0.6316141486167908,0.0,129.05628967285156,20.0,1.0,0.515625,0.010774378664791584,0.009581117890775204,0.005394643172621727,0.005394643172621727
CelebDFv3,/root/Datasets/CelebDFv3/CelebDFv3/FAKE/FaceReenact/HyperReenact/id59_id5_0004.mp4,FaceReenact/HyperReenact,id59,id5,0,-0.10754013806581497,0.10754013806581497,0.0,178.2303466796875,25.0,0.0,0.0,0.013362238183617592,0.004304956644773483,0.009444424882531166,0.009444424882531166
CelebDFv3,/root/Datasets/CelebDFv3/CelebDFv3/FAKE/FaceReenact/LIA/id48_id42_0001.mp4,FaceReenact/LIA,id48,id42,0,-3.7836382389068604,3.7836382389068604,0.0,126.57173919677734,30.0,0.0,0.0,0.008780968375504017,0.003472275799140334,0.004664102103561163,0.004664102103561163
CelebDFv3,/root/Datasets/CelebDFv3/CelebDFv3/FAKE/FaceReenact/LivePortrait/id31_id20_0003.mp4,FaceReenact/LivePortrait,id31,id20,0,-3.950101375579834,3.950101375579834,0.0,141.23170471191406,30.0,0.0,0.0,0.002052030060440302,0.007132868282496929,0.0037904682103544474,0.006826054770499468
CelebDFv3,/root/Datasets/CelebDFv3/CelebDFv3/FAKE/FaceReenact/MCNET/id31_id35_0007.mp4,FaceReenact/MCNET,id31,id35,0,-3.7460360527038574,3.7460360527038574,0.0,276.04852294921875,30.0,1.0,0.09375,0.012000535614788532,0.015676550567150116,0.01080208271741867,0.01080208271741867
CelebDFv3,/root/Datasets/CelebDFv3/CelebDFv3/FAKE/FaceReenact/TPSMM/id31_id35_0002.mp4,FaceReenact/TPSMM,id31,id35,0,14.183629035949707,-14.183629035949707,0.0,163.1425323486328,30.0,0.0,0.0,0.016841862350702286,0.007157554849982262,0.012327976524829865,0.012327976524829865
CelebDFv3,/root/Datasets/CelebDFv3/CelebDFv3/FAKE/FaceSwap/BlendFace/id31_id20_0002.mp4,FaceSwap/BlendFace,id31,id20,0,2.857412099838257,-2.857412099838257,0.0,139.2217559814453,30.0,1.0,0.015625,0.02714829333126545,0.062375329434871674,0.019556371495127678,0.035218045115470886
CelebDFv3,/root/Datasets/CelebDFv3/CelebDFv3/FAKE/FaceSwap/Celeb-DF-v2/id26_id9_0002.mp4,FaceSwap/Celeb-DF-v2,id26,id9,0,-0.9252126216888428,0.9252126216888428,0.0,102.9844970703125,30.0,0.0,0.0,0.0062002819031476974,0.016489185392856598,0.0040962183848023415,0.0073593077249825
CelebDFv3,/root/Datasets/CelebDFv3/CelebDFv3/FAKE/FaceSwap/GHOST/id54_id57_0006.mp4,FaceSwap/GHOST,id54,id57,0,-6.205029487609863,6.205029487609863,0.0,214.17019653320312,30.0,0.0,0.0,0.004308795090764761,0.006597436033189297,0.0030257985927164555,0.00541858421638608
CelebDFv3,/root/Datasets/CelebDFv3/CelebDFv3/FAKE/FaceSwap/HifiFace/id26_id6_0002.mp4,FaceSwap/HifiFace,id26,id6,0,1.551514744758606,-1.551514744758606,0.0,96.1211929321289,30.0,0.0,0.0,0.006782545242458582,0.016671903431415558,0.0037459577433764935,0.0067300256341695786
CelebDFv3,/root/Datasets/CelebDFv3/CelebDFv3/FAKE/FaceSwap/InSwapper/id31_id28_0004.mp4,FaceSwap/InSwapper,id31,id28,0,5.139123916625977,-5.139123916625977,0.0,218.5303192138672,30.0,0.0,0.0,0.005050583742558956,0.003071229439228773,0.002442432101815939,0.004398447461426258
CelebDFv3,/root/Datasets/CelebDFv3/CelebDFv3/FAKE/FaceSwap/MobileFaceSwap/id26_id9_0008.mp4,FaceSwap/MobileFaceSwap,id26,id9,0,0.569827139377594,-0.569827139377594,0.0,165.7173614501953,30.0,0.0,0.0,0.005940160248428583,0.005243008956313133,0.0033899834379553795,0.0061730267480015755
CelebDFv3,/root/Datasets/CelebDFv3/CelebDFv3/FAKE/FaceSwap/SimSwap/id31_id26_0007.mp4,FaceSwap/SimSwap,id31,id26,0,-11.744406700134277,11.744406700134277,0.0,270.4468688964844,30.0,0.0,0.0,0.010682077147066593,0.003969169221818447,0.005948157515376806,0.010711724869906902
CelebDFv3,/root/Datasets/CelebDFv3/CelebDFv3/FAKE/FaceSwap/UniFace/id23_id32_0009.mp4,FaceSwap/UniFace,id23,id32,0,-1.8263441324234009,1.8263441324234009,0.0,158.0901641845703,30.0,1.0,0.015625,0.0042106956243515015,0.0048191240057349205,0.006038431078195572,0.007994882762432098
CelebDFv3,/root/Datasets/CelebDFv3/CelebDFv3/FAKE/TalkingFace/AniTalker/id23_0000_test_id01509_6wp2Lht90Fw.mp4,TalkingFace/AniTalker,id23,,0,12.86059856414795,-12.86059856414795,0.0,130.941650390625,25.0,0.0,0.0,0.004313016775995493,0.003094372572377324,0.0037004221230745316,0.0037004221230745316
CelebDFv3,/root/Datasets/CelebDFv3/CelebDFv3/FAKE/TalkingFace/EDTalk/id23_0000_test_id01541_H1G3yUV598w.mp4,TalkingFace/EDTalk,id23,,0,11.70713996887207,-11.70713996887207,0.0,125.23637390136719,25.0,0.0,0.0,0.014629538170993328,0.010879180394113064,0.007568050641566515,0.007568050641566515
CelebDFv3,/root/Datasets/CelebDFv3/CelebDFv3/FAKE/TalkingFace/EchoMimic/id51_0000_test_id05124_69HB1cXEoac.mp4,TalkingFace/EchoMimic,id51,,0,1.050423502922058,-1.050423502922058,0.0,98.80115509033203,24.0,0.0,0.0,0.0660167783498764,0.01048895064741373,0.009126034565269947,0.009126034565269947
CelebDFv3,/root/Datasets/CelebDFv3/CelebDFv3/FAKE/TalkingFace/FLOAT/id22_0005_test_id04276_Sgb1KpIJt90.mp4,TalkingFace/FLOAT,id22,,0,1.7743301391601562,-1.7743301391601562,0.0,108.8765640258789,25.0,0.0,0.0,0.006556284613907337,0.008326712064445019,0.006547464057803154,0.006547464057803154
CelebDFv3,/root/Datasets/CelebDFv3/CelebDFv3/FAKE/TalkingFace/IP_LAP/id11_0005_test_id02465_PhHBC9xmnUQ.mp4,TalkingFace/IP_LAP,id11,,0,-1.3646670579910278,1.3646670579910278,0.0,127.90354919433594,25.0,0.0,0.0,0.014268632046878338,0.010747173801064491,0.008072609081864357,0.008072609081864357
CelebDFv3,/root/Datasets/CelebDFv3/CelebDFv3/FAKE/TalkingFace/Real3DPortrait/id51_0006_test_id01892_aYQNf2Z8dGI.mp4,TalkingFace/Real3DPortrait,id51,,0,1.433475136756897,-1.433475136756897,0.0,165.13099670410156,25.0,1.0,0.015625,0.01124875433743,0.004295040853321552,0.010618845000863075,0.010618845000863075
CelebDFv3,/root/Datasets/CelebDFv3/CelebDFv3/FAKE/TalkingFace/SadTalker/id51_0005_test_id08701_IF-okJTentA.mp4,TalkingFace/SadTalker,id51,,0,-5.423543930053711,5.423543930053711,0.0,192.16830444335938,25.0,0.0,0.0,0.0029602826107293367,0.008928347378969193,0.00732233002781868,0.00732233002781868
CelebDFv3,/root/Datasets/CelebDFv3/CelebDFv3/FAKE/FaceReenact/DaGAN/id51_id58_0000.mp4,FaceReenact/DaGAN,id51,id58,0,5.966629505157471,-5.966629505157471,0.0,117.35694122314453,30.0,1.0,0.015625,0.02054104208946228,0.007768659386783838,0.024394946172833443,0.024394946172833443
CelebDFv3,/root/Datasets/CelebDFv3/CelebDFv3/FAKE/FaceReenact/FSRT/id22_id24_0009.mp4,FaceReenact/FSRT,id22,id24,0,4.569956302642822,-4.569956302642822,0.0,120.025146484375,20.0,0.0,0.0,0.009044586680829525,0.005710533820092678,0.009699597023427486,0.009699597023427486
CelebDFv3,/root/Datasets/CelebDFv3/CelebDFv3/FAKE/FaceReenact/HyperReenact/id48_id40_0007.mp4,FaceReenact/HyperReenact,id48,id40,0,0.3396807014942169,-0.3396807014942169,0.0,125.470703125,25.0,0.0,0.0,0.0029433188028633595,0.002083646832033992,0.004343423526734114,0.004343423526734114
CelebDFv3,/root/Datasets/CelebDFv3/CelebDFv3/FAKE/FaceReenact/LIA/id23_id29_0005.mp4,FaceReenact/LIA,id23,id29,0,7.4027299880981445,-7.4027299880981445,0.0,112.38282012939453,30.0,0.0,0.0,0.03034992702305317,0.009183572605252266,0.011677251197397709,0.011677251197397709
CelebDFv3,/root/Datasets/CelebDFv3/CelebDFv3/FAKE/FaceReenact/LivePortrait/id26_id37_0008.mp4,FaceReenact/LivePortrait,id26,id37,0,-0.2765623927116394,0.2765623927116394,0.0,155.7501220703125,30.0,0.0,0.0,0.0021822720300406218,0.003231264650821686,0.0017884939443320036,0.003256776835769415
CelebDFv3,/root/Datasets/CelebDFv3/CelebDFv3/FAKE/FaceReenact/MCNET/id51_id58_0002.mp4,FaceReenact/MCNET,id51,id58,0,7.431694030761719,-7.431694030761719,0.0,117.67669677734375,30.0,0.0,0.0,0.011279809288680553,0.008001011796295643,0.009507016278803349,0.009507016278803349
CelebDFv3,/root/Datasets/CelebDFv3/CelebDFv3/FAKE/FaceReenact/TPSMM/id23_id4_0007.mp4,FaceReenact/TPSMM,id23,id4,0,6.392332077026367,-6.392332077026367,0.0,116.17033386230469,30.0,0.0,0.0,0.012632051482796669,0.007549472153186798,0.008479947224259377,0.008479947224259377
CelebDFv3,/root/Datasets/CelebDFv3/CelebDFv3/FAKE/FaceSwap/BlendFace/id56_id50_0005.mp4,FaceSwap/BlendFace,id56,id50,0,10.693380355834961,-10.693380355834961,0.0,100.62211608886719,29.899993896484375,0.0,0.0,0.0017055460484698415,0.00386850256472826,0.0010773789836093783,0.0019293648656457663
CelebDFv3,/root/Datasets/CelebDFv3/CelebDFv3/FAKE/FaceSwap/Celeb-DF-v2/id31_id3_0009.mp4,FaceSwap/Celeb-DF-v2,id31,id3,0,-3.327915668487549,3.327915668487549,0.0,125.80510711669922,30.0,0.0,0.0,0.005887080915272236,0.00520490575581789,0.002536766231060028,0.004568328615278006
CelebDFv3,/root/Datasets/CelebDFv3/CelebDFv3/FAKE/FaceSwap/GHOST/id25_id23_0005.mp4,FaceSwap/GHOST,id25,id23,0,2.250540018081665,-2.250540018081665,0.0,85.35855102539062,30.0,0.0,0.0,0.01204176340252161,0.0035490687005221844,0.004269800614565611,0.006336383521556854
CelebDFv3,/root/Datasets/CelebDFv3/CelebDFv3/FAKE/FaceSwap/HifiFace/id54_id53_0008.mp4,FaceSwap/HifiFace,id54,id53,0,-6.518077850341797,6.518077850341797,0.0,207.5127410888672,30.0,0.0,0.0,0.0019424620550125837,0.0033641825430095196,0.0017633452080190182,0.003157789818942547
CelebDFv3,/root/Datasets/CelebDFv3/CelebDFv3/FAKE/FaceSwap/InSwapper/id26_id17_0006.mp4,FaceSwap/InSwapper,id26,id17,0,-6.499875068664551,6.499875068664551,0.0,252.8870849609375,30.0,1.0,0.03125,0.016416694968938828,0.004287172108888626,0.004796318709850311,0.008733907714486122
CelebDFv3,/root/Datasets/CelebDFv3/CelebDFv3/FAKE/FaceSwap/MobileFaceSwap/id31_id1_0000.mp4,FaceSwap/MobileFaceSwap,id31,id1,0,5.500044345855713,-5.500044345855713,0.0,125.9411849975586,30.0,0.0,0.0,0.0034119507763534784,0.006722571793943644,0.0024464032612740993,0.00440559908747673
CelebDFv3,/root/Datasets/CelebDFv3/CelebDFv3/FAKE/FaceSwap/SimSwap/id8_id1_0008.mp4,FaceSwap/SimSwap,id8,id1,0,-1.420146107673645,1.420146107673645,0.0,130.23251342773438,30.0,0.0,0.0,0.002264010952785611,0.002117423340678215,0.001140250125899911,0.0021482312586158514
CelebDFv3,/root/Datasets/CelebDFv3/CelebDFv3/FAKE/FaceSwap/UniFace/id31_id20_0001.mp4,FaceSwap/UniFace,id31,id20,0,2.591495990753174,-2.591495990753174,0.0,149.2484893798828,30.0,0.0,0.0,0.002451331587508321,0.002994418377056718,0.0019550099968910217,0.0035206745378673077
CelebDFv3,/root/Datasets/CelebDFv3/CelebDFv3/FAKE/TalkingFace/AniTalker/id25_0008_test_id05654_kf8VbORusoE.mp4,TalkingFace/AniTalker,id25,,0,7.75044584274292,-7.75044584274292,0.0,162.658447265625,25.0,0.0,0.0,0.006743827369064093,0.008600783534348011,0.005740822292864323,0.005740822292864323
CelebDFv3,/root/Datasets/CelebDFv3/CelebDFv3/FAKE/TalkingFace/EDTalk/id23_0006_test_id02057_QZYXK4dWZoY.mp4,TalkingFace/EDTalk,id23,,0,15.638731002807617,-15.638731002807617,0.0,185.6884002685547,25.0,0.0,0.0,0.011480611748993397,0.011246293783187866,0.0069023072719573975,0.0069023072719573975
CelebDFv3,/root/Datasets/CelebDFv3/CelebDFv3/FAKE/TalkingFace/EchoMimic/id59_0009_test_id03862_yHtRhESo9Q0.mp4,TalkingFace/EchoMimic,id59,,0,5.741750240325928,-5.741750240325928,0.0,175.97344970703125,24.0,0.0,0.0,0.0029918747022747993,0.00720022851601243,0.004383474588394165,0.004383474588394165
CelebDFv3,/root/Datasets/CelebDFv3/CelebDFv3/FAKE/TalkingFace/FLOAT/id22_0007_test_id05594_etgiFErH_K0.mp4,TalkingFace/FLOAT,id22,,0,-7.226478099822998,7.226478099822998,0.0,387.56304931640625,25.0,0.0,0.0,0.010813716799020767,0.012148789130151272,0.007589917629957199,0.007589917629957199
CelebDFv3,/root/Datasets/CelebDFv3/CelebDFv3/FAKE/TalkingFace/IP_LAP/id54_0005_test_id03178_NLOzCF7vIio.mp4,TalkingFace/IP_LAP,id54,,0,-2.4748921394348145,2.4748921394348145,0.0,125.82686614990234,25.0,0.0,0.0,0.006237959489226341,0.005340287461876869,0.006399944890290499,0.006399944890290499
CelebDFv3,/root/Datasets/CelebDFv3/CelebDFv3/FAKE/TalkingFace/Real3DPortrait/id48_0004_test_id09017_D8dCOAYteTY.mp4,TalkingFace/Real3DPortrait,id48,,0,1.7071306705474854,-1.7071306705474854,0.0,140.76268005371094,25.0,0.0,0.0,0.012451648712158203,0.005399332847446203,0.009689482860267162,0.009689482860267162
CelebDFv3,/root/Datasets/CelebDFv3/CelebDFv3/FAKE/TalkingFace/SadTalker/id51_0006_test_id02685_WRyNA6xW_T0.mp4,TalkingFace/SadTalker,id51,,0,-5.659904479980469,5.659904479980469,0.0,172.6859588623047,25.0,0.0,0.0,0.002428642939776182,0.007173433434218168,0.008212803862988949,0.008212803862988949
CelebDFv3,/root/Datasets/CelebDFv3/CelebDFv3/FAKE/FaceReenact/DaGAN/id31_id37_0002.mp4,FaceReenact/DaGAN,id31,id37,0,8.568357467651367,-8.568357467651367,0.0,193.6560821533203,30.0,1.0,0.03125,0.020377475768327713,0.0048209591768682,0.028315944597125053,0.028315944597125053
CelebDFv3,/root/Datasets/CelebDFv3/CelebDFv3/FAKE/FaceReenact/FSRT/id31_id37_0004.mp4,FaceReenact/FSRT,id31,id37,0,3.409303665161133,-3.409303665161133,0.0,188.15101623535156,20.0,0.0,0.0,0.008321386761963367,0.009169434197247028,0.006529342383146286,0.006529342383146286
CelebDFv3,/root/Datasets/CelebDFv3/CelebDFv3/FAKE/FaceReenact/HyperReenact/id31_id6_0005.mp4,FaceReenact/HyperReenact,id31,id6,0,4.114492416381836,-4.114492416381836,0.0,129.87545776367188,25.0,0.0,0.0,0.0034695500507950783,0.0019465871155261993,0.005952457431703806,0.005952457431703806
CelebDFv3,/root/Datasets/CelebDFv3/CelebDFv3/FAKE/FaceReenact/LIA/id26_id30_0006.mp4,FaceReenact/LIA,id26,id30,0,-5.239499092102051,5.239499092102051,0.0,256.76519775390625,30.0,1.0,0.09375,0.012141117826104164,0.008559434674680233,0.009569988586008549,0.009569988586008549
CelebDFv3,/root/Datasets/CelebDFv3/CelebDFv3/FAKE/FaceReenact/LivePortrait/id26_id32_0006.mp4,FaceReenact/LivePortrait,id26,id32,0,-5.838075637817383,5.838075637817383,0.0,260.28631591796875,30.0,1.0,0.5,0.0026355290319770575,0.003958417102694511,0.0025388915091753006,0.0046232216991484165
CelebDFv3,/root/Datasets/CelebDFv3/CelebDFv3/FAKE/FaceReenact/MCNET/id23_id29_0007.mp4,FaceReenact/MCNET,id23,id29,0,3.990579128265381,-3.990579128265381,0.0,154.5421600341797,30.0,0.0,0.0,0.01409310381859541,0.011658312752842903,0.008973468095064163,0.008973468095064163
CelebDFv3,/root/Datasets/CelebDFv3/CelebDFv3/FAKE/FaceReenact/TPSMM/id23_id22_0002.mp4,FaceReenact/TPSMM,id23,id22,0,3.2464661598205566,-3.2464661598205566,0.0,100.60694885253906,30.0,1.0,0.140625,0.020241321995854378,0.006059898994863033,0.010489091277122498,0.010489091277122498
CelebDFv3,/root/Datasets/CelebDFv3/CelebDFv3/FAKE/FaceSwap/BlendFace/id48_id45_0003.mp4,FaceSwap/BlendFace,id48,id45,0,3.412814140319824,-3.412814140319824,0.0,84.2700424194336,30.0,1.0,0.078125,0.005758730228990316,0.029829204082489014,0.012076468206942081,0.02156512252986431
CelebDFv3,/root/Datasets/CelebDFv3/CelebDFv3/FAKE/FaceSwap/Celeb-DF-v2/id51_id53_0007.mp4,FaceSwap/Celeb-DF-v2,id51,id53,0,1.4149984121322632,-1.4149984121322632,0.0,147.79153442382812,30.0,0.0,0.0,0.003242931328713894,0.0031075237784534693,0.001570462016388774,0.002812375547364354
CelebDFv3,/root/Datasets/CelebDFv3/CelebDFv3/FAKE/FaceSwap/GHOST/id59_id60_0001.mp4,FaceSwap/GHOST,id59,id60,0,2.302969455718994,-2.302969455718994,0.0,249.39260864257812,30.0,0.0,0.0,0.0018903868040069938,0.0020961544942110777,0.0024337940849363804,0.004358425736427307
CelebDFv3,/root/Datasets/CelebDFv3/CelebDFv3/FAKE/FaceSwap/HifiFace/id51_id49_0001.mp4,FaceSwap/HifiFace,id51,id49,0,-12.678926467895508,12.678926467895508,0.0,276.7054748535156,30.0,1.0,0.0625,0.004021954722702503,0.005073977634310722,0.00469222804531455,0.008402818813920021
CelebDFv3,/root/Datasets/CelebDFv3/CelebDFv3/FAKE/FaceSwap/InSwapper/id56_id52_0008.mp4,FaceSwap/InSwapper,id56,id52,0,4.950989723205566,-4.950989723205566,0.0,111.13874053955078,30.0,1.0,0.015625,0.004236879758536816,0.0029956079088151455,0.0014938847161829472,0.0026752413250505924
CelebDFv3,/root/Datasets/CelebDFv3/CelebDFv3/FAKE/FaceSwap/MobileFaceSwap/id26_id28_0004.mp4,FaceSwap/MobileFaceSwap,id26,id28,0,4.599745750427246,-4.599745750427246,0.0,127.7994155883789,30.0,0.0,0.0,0.0036920877173542976,0.007917092181742191,0.002746396232396364,0.004934203810989857
CelebDFv3,/root/Datasets/CelebDFv3/CelebDFv3/FAKE/FaceSwap/SimSwap/id31_id37_0007.mp4,FaceSwap/SimSwap,id31,id37,0,-9.914800643920898,9.914800643920898,0.0,241.08531188964844,30.0,0.0,0.0,0.009829170070588589,0.004251239355653524,0.004658812191337347,0.008389810100197792
CelebDFv3,/root/Datasets/CelebDFv3/CelebDFv3/FAKE/FaceSwap/UniFace/id25_id27_0005.mp4,FaceSwap/UniFace,id25,id27,0,2.0030131340026855,-2.0030131340026855,0.0,80.81852722167969,30.0,0.0,0.0,0.01215390581637621,0.003233859548345208,0.0035895435139536858,0.005326882470399141
CelebDFv3,/root/Datasets/CelebDFv3/CelebDFv3/FAKE/TalkingFace/AniTalker/id8_0007_test_id00419_DkYa8HiTgJs.mp4,TalkingFace/AniTalker,id8,,0,5.154560565948486,-5.154560565948486,0.0,153.07211303710938,25.0,0.0,0.0,0.006186391226947308,0.004688223358243704,0.005343620665371418,0.005343620665371418
CelebDFv3,/root/Datasets/CelebDFv3/CelebDFv3/FAKE/TalkingFace/EDTalk/id56_0004_test_id04232__k0hgacT2zc.mp4,TalkingFace/EDTalk,id56,,0,10.08520793914795,-10.08520793914795,0.0,109.77890014648438,25.0,0.0,0.0,0.009543526917696,0.008676446974277496,0.007913142442703247,0.007913142442703247
CelebDFv3,/root/Datasets/CelebDFv3/CelebDFv3/FAKE/TalkingFace/EchoMimic/id48_0000_test_id08701_nb6GRAMAOQI.mp4,TalkingFace/EchoMimic,id48,,0,1.656184196472168,-1.656184196472168,0.0,155.90199279785156,24.0,0.0,0.0,0.008236055262386799,0.00783067662268877,0.007776247803121805,0.007776247803121805
CelebDFv3,/root/Datasets/CelebDFv3/CelebDFv3/FAKE/TalkingFace/FLOAT/id26_0009_test_id01224_0MbJ83_n8G0.mp4,TalkingFace/FLOAT,id26,,0,-7.288959503173828,7.288959503173828,0.0,197.18089294433594,25.0,0.0,0.0,0.011672732420265675,0.004510960541665554,0.010090869851410389,0.010090869851410389
CelebDFv3,/root/Datasets/CelebDFv3/CelebDFv3/FAKE/TalkingFace/IP_LAP/id22_0008_test_id07868_Lw-dcrg4BcQ.mp4,TalkingFace/IP_LAP,id22,,0,5.988126754760742,-5.988126754760742,0.0,189.49302673339844,25.0,0.0,0.0,0.007488308474421501,0.0037519815377891064,0.009694441221654415,0.009694441221654415
CelebDFv3,/root/Datasets/CelebDFv3/CelebDFv3/FAKE/TalkingFace/Real3DPortrait/id25_0001_test_id00817_Aw0R9CBKeYY.mp4,TalkingFace/Real3DPortrait,id25,,0,-3.6641414165496826,3.6641414165496826,0.0,187.88121032714844,25.0,1.0,0.984375,0.0,0.0,0.0,0.0
CelebDFv3,/root/Datasets/CelebDFv3/CelebDFv3/FAKE/TalkingFace/SadTalker/id26_0003_test_id02317_V1il-79GsT4.mp4,TalkingFace/SadTalker,id26,,0,-9.426340103149414,9.426340103149414,0.0,402.4716491699219,25.0,0.0,0.0,0.002541955327615142,0.00881180539727211,0.00804841611534357,0.00804841611534357
CelebDFv3,/root/Datasets/CelebDFv3/CelebDFv3/FAKE/FaceReenact/DaGAN/id31_id9_0002.mp4,FaceReenact/DaGAN,id31,id9,0,11.169986724853516,-11.169986724853516,0.0,193.40530395507812,30.0,0.0,0.0,0.014190462417900562,0.008605210110545158,0.015471255406737328,0.015471255406737328
CelebDFv3,/root/Datasets/CelebDFv3/CelebDFv3/FAKE/FaceReenact/FSRT/id56_id58_0009.mp4,FaceReenact/FSRT,id56,id58,0,-6.864142417907715,6.864142417907715,0.0,209.21498107910156,20.0,0.0,0.0,0.018356142565608025,0.009864901192486286,0.011516822502017021,0.011516822502017021
CelebDFv3,/root/Datasets/CelebDFv3/CelebDFv3/FAKE/FaceReenact/HyperReenact/id56_id49_0006.mp4,FaceReenact/HyperReenact,id56,id49,0,-5.926523208618164,5.926523208618164,0.0,133.94888305664062,25.0,0.0,0.0,0.005489514209330082,0.003108736826106906,0.005231326445937157,0.005231326445937157
CelebDFv3,/root/Datasets/CelebDFv3/CelebDFv3/FAKE/FaceReenact/LIA/id8_id7_0008.mp4,FaceReenact/LIA,id8,id7,0,-3.394437789916992,3.394437789916992,0.0,135.8952178955078,30.0,0.0,0.0,0.004120768513530493,0.003617340698838234,0.005079134367406368,0.005079134367406368
CelebDFv3,/root/Datasets/CelebDFv3/CelebDFv3/FAKE/FaceReenact/LivePortrait/id23_id26_0001.mp4,FaceReenact/LivePortrait,id23,id26,0,2.4747354984283447,-2.4747354984283447,0.0,114.72144317626953,30.0,1.0,0.0625,0.007482229731976986,0.004987502470612526,0.0026248344220221043,0.0046651470474898815
CelebDFv3,/root/Datasets/CelebDFv3/CelebDFv3/FAKE/FaceReenact/MCNET/id26_id34_0006.mp4,FaceReenact/MCNET,id26,id34,0,-7.139004707336426,7.139004707336426,0.0,283.0675354003906,30.0,1.0,0.296875,0.016915518790483475,0.011263800784945488,0.012081003747880459,0.012081003747880459
CelebDFv3,/root/Datasets/CelebDFv3/CelebDFv3/FAKE/FaceReenact/TPSMM/id23_id4_0009.mp4,FaceReenact/TPSMM,id23,id4,0,2.8324522972106934,-2.8324522972106934,0.0,137.36219787597656,30.0,0.0,0.0,0.01064804196357727,0.0072940620593726635,0.012519941665232182,0.012519941665232182
CelebDFv3,/root/Datasets/CelebDFv3/CelebDFv3/FAKE/FaceSwap/BlendFace/id56_id55_0001.mp4,FaceSwap/BlendFace,id56,id55,0,0.924850344657898,-0.924850344657898,0.0,160.6095428466797,30.0,0.0,0.0,0.003432345110923052,0.011751462705433369,0.0030663665384054184,0.005491233430802822
CelebDFv3,/root/Datasets/CelebDFv3/CelebDFv3/FAKE/FaceSwap/Celeb-DF-v2/id31_id4_0007.mp4,FaceSwap/Celeb-DF-v2,id31,id4,0,-12.3365478515625,12.3365478515625,0.0,276.0897521972656,30.0,0.0,0.0,0.01872994750738144,0.00412483885884285,0.007501781918108463,0.013509564101696014
CelebDFv3,/root/Datasets/CelebDFv3/CelebDFv3/FAKE/FaceSwap/GHOST/id31_id38_0009.mp4,FaceSwap/GHOST,id31,id38,0,1.842881441116333,-1.842881441116333,0.0,118.23597717285156,30.0,0.0,0.0,0.002041321247816086,0.004114651121199131,0.003057235386222601,0.005505614448338747
CelebDFv3,/root/Datasets/CelebDFv3/CelebDFv3/FAKE/FaceSwap/HifiFace/id23_id25_0002.mp4,FaceSwap/HifiFace,id23,id25,0,-0.3097301125526428,0.3097301125526428,0.0,98.75521087646484,30.0,0.0,0.0,0.008897633291780949,0.011150849051773548,0.003750141244381666,0.006665167398750782
CelebDFv3,/root/Datasets/CelebDFv3/CelebDFv3/FAKE/FaceSwap/InSwapper/id59_id61_0004.mp4,FaceSwap/InSwapper,id59,id61,0,-1.172167181968689,1.172167181968689,0.0,106.45182800292969,30.0,1.0,0.1875,0.00746493972837925,0.02458660863339901,0.008541323244571686,0.015295758843421936
CelebDFv3,/root/Datasets/CelebDFv3/CelebDFv3/FAKE/FaceSwap/MobileFaceSwap/id31_id32_0001.mp4,FaceSwap/MobileFaceSwap,id31,id32,0,8.967355728149414,-8.967355728149414,0.0,149.79452514648438,30.0,0.0,0.0,0.002222756389528513,0.002604712964966893,0.0020019880030304193,0.0036052751820534468
CelebDFv3,/root/Datasets/CelebDFv3/CelebDFv3/FAKE/FaceSwap/SimSwap/id31_id9_0003.mp4,FaceSwap/SimSwap,id31,id9,0,-4.692319869995117,4.692319869995117,0.0,128.1173858642578,30.0,0.0,0.0,0.002698237309232354,0.003329419530928135,0.003401475492864847,0.006125538144260645
CelebDFv3,/root/Datasets/CelebDFv3/CelebDFv3/FAKE/FaceSwap/UniFace/id26_id29_0008.mp4,FaceSwap/UniFace,id26,id29,0,-1.3707592487335205,1.3707592487335205,0.0,186.46331787109375,30.0,0.0,0.0,0.006095754913985729,0.004959294106811285,0.0024339233059436083,0.004432078450918198
CelebDFv3,/root/Datasets/CelebDFv3/CelebDFv3/FAKE/TalkingFace/AniTalker/id11_0000_test_id00081_xjfPXNgzW6o.mp4,TalkingFace/AniTalker,id11,,0,7.934075355529785,-7.934075355529785,0.0,111.20780181884766,25.0,0.0,0.0,0.006097498349845409,0.005082337185740471,0.005002249032258987,0.005002249032258987
CelebDFv3,/root/Datasets/CelebDFv3/CelebDFv3/FAKE/TalkingFace/EDTalk/id11_0008_test_id05124_uPPqcWVd-dg.mp4,TalkingFace/EDTalk,id11,,0,5.079776763916016,-5.079776763916016,0.0,130.254150390625,25.0,0.0,0.0,0.01420391071587801,0.009254980832338333,0.006011431571096182,0.006011431571096182
CelebDFv3,/root/Datasets/CelebDFv3/CelebDFv3/FAKE/TalkingFace/EchoMimic/id51_0006_test_id01460_oxJYG8REHG8.mp4,TalkingFace/EchoMimic,id51,,0,-5.2419328689575195,5.2419328689575195,0.0,169.2515869140625,24.0,0.0,0.0,0.007694806903600693,0.015535123646259308,0.0145271522924304,0.0145271522924304
CelebDFv3,/root/Datasets/CelebDFv3/CelebDFv3/FAKE/TalkingFace/FLOAT/id48_0003_test_id00081_S4aLSTDVi44.mp4,TalkingFace/FLOAT,id48,,0,-2.2248144149780273,2.2248144149780273,0.0,115.67105865478516,25.0,0.0,0.0,0.011104270815849304,0.006034255493432283,0.011397168971598148,0.011397168971598148
CelebDFv3,/root/Datasets/CelebDFv3/CelebDFv3/FAKE/TalkingFace/IP_LAP/id48_0000_test_id00817_EPPT9urr8Ew.mp4,TalkingFace/IP_LAP,id48,,0,-0.1404477059841156,0.1404477059841156,0.0,151.4947052001953,25.0,0.0,0.0,0.01053521130234003,0.004206275101751089,0.008341764099895954,0.008341764099895954
CelebDFv3,/root/Datasets/CelebDFv3/CelebDFv3/FAKE/TalkingFace/Real3DPortrait/id48_0002_test_id01333_gujKn7v2CJg.mp4,TalkingFace/Real3DPortrait,id48,,0,-1.739598274230957,1.739598274230957,0.0,137.54978942871094,25.0,1.0,0.140625,0.007269240915775299,0.005418078042566776,0.011339450255036354,0.011339450255036354
CelebDFv3,/root/Datasets/CelebDFv3/CelebDFv3/FAKE/TalkingFace/SadTalker/id54_0002_test_id06692_V4zhQ3M892E.mp4,TalkingFace/SadTalker,id54,,0,1.8802404403686523,-1.8802404403686523,0.0,147.12892150878906,25.0,0.0,0.0,0.0049180081114172935,0.0038970301393419504,0.003782490035519004,0.003782490035519004
CelebDFv3,/root/Datasets/CelebDFv3/CelebDFv3/FAKE/FaceReenact/DaGAN/id31_id9_0003.mp4,FaceReenact/DaGAN,id31,id9,0,-7.464804649353027,7.464804649353027,0.0,126.89286041259766,30.0,1.0,0.140625,0.02497314289212227,0.005834772251546383,0.021868117153644562,0.021868117153644562
CelebDFv3,/root/Datasets/CelebDFv3/CelebDFv3/FAKE/FaceReenact/FSRT/id31_id20_0001.mp4,FaceReenact/FSRT,id31,id20,0,0.26452067494392395,-0.26452067494392395,0.0,110.17269134521484,20.0,1.0,0.8125,0.004828005563467741,0.007186708506196737,0.0024918473791331053,0.0024918473791331053
CelebDFv3,/root/Datasets/CelebDFv3/CelebDFv3/FAKE/FaceReenact/HyperReenact/id51_id53_0006.mp4,FaceReenact/HyperReenact,id51,id53,0,-10.830289840698242,10.830289840698242,0.0,171.89234924316406,25.0,0.0,0.0,0.0036754172760993242,0.0019923325162380934,0.005961935967206955,0.005961935967206955
CelebDFv3,/root/Datasets/CelebDFv3/CelebDFv3/FAKE/FaceReenact/LIA/id23_id21_0007.mp4,FaceReenact/LIA,id23,id21,0,7.527340888977051,-7.527340888977051,0.0,177.37574768066406,30.0,1.0,0.03125,0.0121581070125103,0.005699041299521923,0.00666057737544179,0.00666057737544179
CelebDFv3,/root/Datasets/CelebDFv3/CelebDFv3/FAKE/FaceReenact/LivePortrait/id48_id42_0004.mp4,FaceReenact/LivePortrait,id48,id42,0,5.333205223083496,-5.333205223083496,0.0,110.88330078125,30.0,1.0,0.21875,0.009373672306537628,0.00655036885291338,0.008555412292480469,0.015277520753443241
CelebDFv3,/root/Datasets/CelebDFv3/CelebDFv3/FAKE/FaceReenact/MCNET/id51_id55_0004.mp4,FaceReenact/MCNET,id51,id55,0,0.9129742383956909,-0.9129742383956909,0.0,123.05778503417969,30.0,1.0,0.28125,0.012874776497483253,0.02311277948319912,0.020751753821969032,0.020751753821969032
CelebDFv3,/root/Datasets/CelebDFv3/CelebDFv3/FAKE/FaceReenact/TPSMM/id26_id37_0004.mp4,FaceReenact/TPSMM,id26,id37,0,3.777956008911133,-3.777956008911133,0.0,132.11070251464844,30.0,0.0,0.0,0.00917219277471304,0.009426422417163849,0.006504761520773172,0.006504761520773172
CelebDFv3,/root/Datasets/CelebDFv3/CelebDFv3/FAKE/FaceSwap/BlendFace/id23_id6_0005.mp4,FaceSwap/BlendFace,id23,id6,0,4.627264022827148,-4.627264022827148,0.0,119.49652099609375,30.0,0.0,0.0,0.0060783447697758675,0.0019985209219157696,0.002811996266245842,0.00575609877705574
CelebDFv3,/root/Datasets/CelebDFv3/CelebDFv3/FAKE/FaceSwap/Celeb-DF-v2/id25_id22_0002.mp4,FaceSwap/Celeb-DF-v2,id25,id22,0,3.389249086380005,-3.389249086380005,0.0,138.62820434570312,30.0,0.0,0.0,0.005556253716349602,0.005050741136074066,0.003616409143432975,0.0065126013942062855
CelebDFv3,/root/Datasets/CelebDFv3/CelebDFv3/FAKE/FaceSwap/GHOST/id26_id27_0008.mp4,FaceSwap/GHOST,id26,id27,0,-1.878364086151123,1.878364086151123,0.0,171.2322235107422,30.0,0.0,0.0,0.00643456494435668,0.004733753390610218,0.0027398141101002693,0.0049890936352312565
CelebDFv3,/root/Datasets/CelebDFv3/CelebDFv3/FAKE/FaceSwap/HifiFace/id23_id4_0009.mp4,FaceSwap/HifiFace,id23,id4,0,-3.401285171508789,3.401285171508789,0.0,150.32315063476562,30.0,0.0,0.0,0.004164857789874077,0.0038520132657140493,0.003608980216085911,0.0047782897017896175
CelebDFv3,/root/Datasets/CelebDFv3/CelebDFv3/FAKE/FaceSwap/InSwapper/id59_id60_0001.mp4,FaceSwap/InSwapper,id59,id60,0,0.9629473686218262,-0.9629473686218262,0.0,248.7928009033203,30.0,0.0,0.0,0.001833723857998848,0.0020234077237546444,0.0024345663841813803,0.004359809216111898
CelebDFv3,/root/Datasets/CelebDFv3/CelebDFv3/FAKE/FaceSwap/MobileFaceSwap/id31_id26_0007.mp4,FaceSwap/MobileFaceSwap,id31,id26,0,-8.44345474243164,8.44345474243164,0.0,259.6455383300781,30.0,0.0,0.0,0.010878721252083778,0.0032381669152528048,0.005923328455537558,0.010667010210454464
CelebDFv3,/root/Datasets/CelebDFv3/CelebDFv3/FAKE/FaceSwap/SimSwap/id31_id20_0008.mp4,FaceSwap/SimSwap,id31,id20,0,-1.9181568622589111,1.9181568622589111,0.0,151.37237548828125,30.0,0.0,0.0,0.004899688996374607,0.00950346514582634,0.00840796623378992,0.015141465701162815
CelebDFv3,/root/Datasets/CelebDFv3/CelebDFv3/FAKE/FaceSwap/UniFace/id31_id6_0005.mp4,FaceSwap/UniFace,id31,id6,0,5.249705791473389,-5.249705791473389,0.0,169.4358673095703,30.0,0.0,0.0,0.004590924363583326,0.004333469085395336,0.0019349724752828479,0.0034845902118831873
CelebDFv3,/root/Datasets/CelebDFv3/CelebDFv3/FAKE/TalkingFace/AniTalker/id51_0003_test_id07802_uR07SccMsXA.mp4,TalkingFace/AniTalker,id51,,0,5.230517864227295,-5.230517864227295,0.0,173.40750122070312,25.0,0.0,0.0,0.008544320240616798,0.004631891846656799,0.006815207190811634,0.006815207190811634
CelebDFv3,/root/Datasets/CelebDFv3/CelebDFv3/FAKE/TalkingFace/EDTalk/id25_0005_test_id06811_Y6PB7tt3VPc.mp4,TalkingFace/EDTalk,id25,,0,7.271334648132324,-7.271334648132324,0.0,116.85333251953125,25.0,0.0,0.0,0.01259274035692215,0.010557937435805798,0.005912435241043568,0.005912435241043568
CelebDFv3,/root/Datasets/CelebDFv3/CelebDFv3/FAKE/TalkingFace/EchoMimic/id8_0001_test_id04656_4MhYXxGH8aU.mp4,TalkingFace/EchoMimic,id8,,0,6.916147232055664,-6.916147232055664,0.0,250.22450256347656,24.0,0.0,0.0,0.004095214884728193,0.004417800810188055,0.005116790998727083,0.005116790998727083
CelebDFv3,/root/Datasets/CelebDFv3/CelebDFv3/FAKE/TalkingFace/FLOAT/id26_0009_test_id01437_uXAe0vbNWeo.mp4,TalkingFace/FLOAT,id26,,0,-7.342416286468506,7.342416286468506,0.0,192.50733947753906,25.0,0.0,0.0,0.014717628248035908,0.009050389751791954,0.010668442584574223,0.010668442584574223
CelebDFv3,/root/Datasets/CelebDFv3/CelebDFv3/FAKE/TalkingFace/IP_LAP/id23_0004_test_id04570_961AefP1-is.mp4,TalkingFace/IP_LAP,id23,,0,-0.9539239406585693,0.9539239406585693,0.0,248.1451873779297,25.0,0.0,0.0,0.03348538279533386,0.013739430345594883,0.014677990227937698,0.014677990227937698
CelebDFv3,/root/Datasets/CelebDFv3/CelebDFv3/FAKE/TalkingFace/Real3DPortrait/id48_0000_test_id06310_MNZMZ6ChMZQ.mp4,TalkingFace/Real3DPortrait,id48,,0,-1.078320860862732,1.078320860862732,0.0,162.395263671875,25.0,0.0,0.0,0.029077086597681046,0.007122785318642855,0.031348105520009995,0.031348105520009995
CelebDFv3,/root/Datasets/CelebDFv3/CelebDFv3/FAKE/TalkingFace/SadTalker/id48_0001_test_id00817_rXXQYz0mm0o.mp4,TalkingFace/SadTalker,id48,,0,-7.080862522125244,7.080862522125244,0.0,115.31649780273438,25.0,0.0,0.0,0.0027446087915450335,0.006492961663752794,0.005058778915554285,0.005058778915554285
CelebDFv3,/root/Datasets/CelebDFv3/CelebDFv3/FAKE/FaceReenact/DaGAN/id26_id38_0002.mp4,FaceReenact/DaGAN,id26,id38,0,3.5882277488708496,-3.5882277488708496,0.0,95.48954010009766,30.0,1.0,0.125,0.023616977035999298,0.006905326619744301,0.01079868245869875,0.01079868245869875
CelebDFv3,/root/Datasets/CelebDFv3/CelebDFv3/FAKE/FaceReenact/FSRT/id23_id19_0002.mp4,FaceReenact/FSRT,id23,id19,0,4.7376251220703125,-4.7376251220703125,0.0,100.07487487792969,20.0,1.0,0.0625,0.012452402152121067,0.009658867493271828,0.020838744938373566,0.020838744938373566
CelebDFv3,/root/Datasets/CelebDFv3/CelebDFv3/FAKE/FaceReenact/HyperReenact/id23_id27_0001.mp4,FaceReenact/HyperReenact,id23,id27,0,1.9810233116149902,-1.9810233116149902,0.0,135.81089782714844,25.0,0.0,0.0,0.003128666430711746,0.002123134909197688,0.004457382019609213,0.004457382019609213
CelebDFv3,/root/Datasets/CelebDFv3/CelebDFv3/FAKE/FaceReenact/LIA/id11_id7_0004.mp4,FaceReenact/LIA,id11,id7,0,-6.547819137573242,6.547819137573242,0.0,240.8705596923828,30.0,0.0,0.0,0.006955078337341547,0.0023562742862850428,0.0046750945039093494,0.0046750945039093494
CelebDFv3,/root/Datasets/CelebDFv3/CelebDFv3/FAKE/FaceReenact/LivePortrait/id23_id16_0004.mp4,FaceReenact/LivePortrait,id23,id16,0,-2.0754873752593994,2.0754873752593994,0.0,217.21304321289062,30.0,0.0,0.0,0.006137400399893522,0.00549848098307848,0.006902731489390135,0.009304882027208805
CelebDFv3,/root/Datasets/CelebDFv3/CelebDFv3/FAKE/FaceReenact/MCNET/id59_id5_0004.mp4,FaceReenact/MCNET,id59,id5,0,-0.21113689243793488,0.21113689243793488,0.0,126.62557983398438,30.0,1.0,0.09375,0.0465756356716156,0.01506168395280838,0.02945028431713581,0.02945028431713581
CelebDFv3,/root/Datasets/CelebDFv3/CelebDFv3/FAKE/FaceReenact/TPSMM/id23_id1_0007.mp4,FaceReenact/TPSMM,id23,id1,0,8.56300163269043,-8.56300163269043,0.0,169.73272705078125,30.0,0.0,0.0,0.0025788801722228527,0.0016061605419963598,0.0040587736293673515,0.0040587736293673515
CelebDFv3,/root/Datasets/CelebDFv3/CelebDFv3/FAKE/FaceSwap/BlendFace/id23_id26_0009.mp4,FaceSwap/BlendFace,id23,id26,0,-0.009090960025787354,0.009090960025787354,0.0,160.8139190673828,30.0,0.0,0.0,0.0039153010584414005,0.00437811529263854,0.0029345762450248003,0.003885379061102867
CelebDFv3,/root/Datasets/CelebDFv3/CelebDFv3/FAKE/FaceSwap/Celeb-DF-v2/id26_id23_0002.mp4,FaceSwap/Celeb-DF-v2,id26,id23,0,6.292998313903809,-6.292998313903809,0.0,96.84407043457031,30.0,0.0,0.0,0.006528922822326422,0.016322053968906403,0.0035191476345062256,0.006322537083178759
CelebDFv3,/root/Datasets/CelebDFv3/CelebDFv3/FAKE/FaceSwap/GHOST/id23_id24_0009.mp4,FaceSwap/GHOST,id23,id24,0,-0.6316929459571838,0.6316929459571838,0.0,134.8856964111328,30.0,0.0,0.0,0.004184519872069359,0.004383595194667578,0.0025289286859333515,0.00334830186329782
CelebDFv3,/root/Datasets/CelebDFv3/CelebDFv3/FAKE/FaceSwap/HifiFace/id54_id49_0001.mp4,FaceSwap/HifiFace,id54,id49,0,-2.275871992111206,2.275871992111206,0.0,162.89808654785156,30.0,0.0,0.0,0.004812580067664385,0.023040052503347397,0.004519858863204718,0.008094139397144318
CelebDFv3,/root/Datasets/CelebDFv3/CelebDFv3/FAKE/FaceSwap/InSwapper/id51_id53_0008.mp4,FaceSwap/InSwapper,id51,id53,0,-1.8136732578277588,1.8136732578277588,0.0,110.60588836669922,30.0,0.0,0.0,0.007188563235104084,0.0058128973469138145,0.00828702375292778,0.01484036073088646
CelebDFv3,/root/Datasets/CelebDFv3/CelebDFv3/FAKE/FaceSwap/MobileFaceSwap/id31_id32_0006.mp4,FaceSwap/MobileFaceSwap,id31,id32,0,4.268620014190674,-4.268620014190674,0.0,207.3109588623047,30.0,1.0,0.046875,0.008089511655271053,0.011891149915754795,0.007029630243778229,0.012659290805459023
CelebDFv3,/root/Datasets/CelebDFv3/CelebDFv3/FAKE/FaceSwap/SimSwap/id51_id54_0004.mp4,FaceSwap/SimSwap,id51,id54,0,-4.148782730102539,4.148782730102539,0.0,108.66346740722656,29.0,1.0,0.234375,0.003436274826526642,0.004741769749671221,0.0014596253167837858,0.002613889519125223
CelebDFv3,/root/Datasets/CelebDFv3/CelebDFv3/FAKE/FaceSwap/UniFace/id23_id20_0002.mp4,FaceSwap/UniFace,id23,id20,0,-0.2503148913383484,0.2503148913383484,0.0,99.11727905273438,30.0,0.0,0.0,0.009499996900558472,0.011165972799062729,0.003438892774283886,0.006111981347203255
CelebDFv3,/root/Datasets/CelebDFv3/CelebDFv3/FAKE/TalkingFace/AniTalker/id59_0002_test_id04232_lcNvUKfW9tY.mp4,TalkingFace/AniTalker,id59,,0,-1.8033981323242188,1.8033981323242188,0.0,178.62977600097656,25.0,0.0,0.0,0.003674072679132223,0.003495138371363282,0.005133113823831081,0.005133113823831081
CelebDFv3,/root/Datasets/CelebDFv3/CelebDFv3/FAKE/TalkingFace/EDTalk/id26_0007_test_id08552_7kf2EfS9G6Q.mp4,TalkingFace/EDTalk,id26,,0,-11.265220642089844,11.265220642089844,0.0,507.9529724121094,25.0,0.0,0.0,0.013874620199203491,0.009933354333043098,0.008039151318371296,0.008039151318371296
CelebDFv3,/root/Datasets/CelebDFv3/CelebDFv3/FAKE/TalkingFace/EchoMimic/id59_0000_test_id04627_IjO3LUCaYLE.mp4,TalkingFace/EchoMimic,id59,,0,6.022951126098633,-6.022951126098633,0.0,115.6807861328125,24.0,0.0,0.0,0.010206898674368858,0.007450265809893608,0.00710958382114768,0.00710958382114768
CelebDFv3,/root/Datasets/CelebDFv3/CelebDFv3/FAKE/TalkingFace/FLOAT/id8_0000_test_id07874_PWsVa_9b3ok.mp4,TalkingFace/FLOAT,id8,,0,-1.2657414674758911,1.2657414674758911,0.0,448.90093994140625,25.0,0.0,0.0,0.021414486691355705,0.012439478188753128,0.018774650990962982,0.018774650990962982
CelebDFv3,/root/Datasets/CelebDFv3/CelebDFv3/FAKE/TalkingFace/IP_LAP/id56_0000_test_id06692_EC9TCRJkBhI.mp4,TalkingFace/IP_LAP,id56,,0,5.600895404815674,-5.600895404815674,0.0,122.16220092773438,25.0,0.0,0.0,0.008061083033680916,0.006910734809935093,0.007689191494137049,0.007689191494137049
CelebDFv3,/root/Datasets/CelebDFv3/CelebDFv3/FAKE/TalkingFace/Real3DPortrait/id11_0008_test_id05124_uPPqcWVd-dg.mp4,TalkingFace/Real3DPortrait,id11,,0,13.205896377563477,-13.205896377563477,0.0,106.45637512207031,25.0,0.0,0.0,0.012318529188632965,0.005187075585126877,0.005912792403250933,0.005912792403250933
CelebDFv3,/root/Datasets/CelebDFv3/CelebDFv3/FAKE/TalkingFace/SadTalker/id23_0003_test_id00061_bdkqfVtDZVY.mp4,TalkingFace/SadTalker,id23,,0,1.9995378255844116,-1.9995378255844116,0.0,119.43524169921875,25.0,0.0,0.0,0.0016929158009588718,0.003904803656041622,0.003045800607651472,0.003045800607651472
CelebDFv3,/root/Datasets/CelebDFv3/CelebDFv3/FAKE/FaceReenact/DaGAN/id26_id32_0001.mp4,FaceReenact/DaGAN,id26,id32,0,4.65317964553833,-4.65317964553833,0.0,149.40237426757812,30.0,0.0,0.0,0.016865408048033714,0.010329771786928177,0.008533990010619164,0.008533990010619164
CelebDFv3,/root/Datasets/CelebDFv3/CelebDFv3/FAKE/FaceReenact/FSRT/id31_id17_0003.mp4,FaceReenact/FSRT,id31,id17,0,-6.586148738861084,6.586148738861084,0.0,142.93191528320312,20.0,0.0,0.0,0.009046043269336224,0.007827727124094963,0.007216236554086208,0.007216236554086208
CelebDFv3,/root/Datasets/CelebDFv3/CelebDFv3/FAKE/FaceReenact/HyperReenact/id25_id23_0005.mp4,FaceReenact/HyperReenact,id25,id23,0,5.404823303222656,-5.404823303222656,0.0,121.22907257080078,25.0,0.0,0.0,0.0036921671126037836,0.001373464590869844,0.004731606692075729,0.004731606692075729
CelebDFv3,/root/Datasets/CelebDFv3/CelebDFv3/FAKE/FaceReenact/LIA/id23_id33_0006.mp4,FaceReenact/LIA,id23,id33,0,10.248336791992188,-10.248336791992188,0.0,165.32843017578125,30.0,0.0,0.0,0.016895150765776634,0.006106287706643343,0.00807138904929161,0.00807138904929161
CelebDFv3,/root/Datasets/CelebDFv3/CelebDFv3/FAKE/FaceReenact/LivePortrait/id31_id37_0005.mp4,FaceReenact/LivePortrait,id31,id37,0,4.2602763175964355,-4.2602763175964355,0.0,146.3018798828125,30.0,0.0,0.0,0.0047141751274466515,0.003242125967517495,0.002498005982488394,0.004498527385294437
CelebDFv3,/root/Datasets/CelebDFv3/CelebDFv3/FAKE/FaceReenact/MCNET/id23_id4_0004.mp4,FaceReenact/MCNET,id23,id4,0,-2.5570003986358643,2.5570003986358643,0.0,217.00003051757812,30.0,1.0,0.015625,0.009204247035086155,0.017816942185163498,0.023965787142515182,0.023965787142515182
CelebDFv3,/root/Datasets/CelebDFv3/CelebDFv3/FAKE/FaceReenact/TPSMM/id31_id32_0006.mp4,FaceReenact/TPSMM,id31,id32,0,-5.533011436462402,5.533011436462402,0.0,172.37860107421875,30.0,1.0,0.03125,0.01279468834400177,0.00941512268036604,0.01001797430217266,0.01001797430217266
CelebDFv3,/root/Datasets/CelebDFv3/CelebDFv3/FAKE/FaceSwap/BlendFace/id31_id21_0005.mp4,FaceSwap/BlendFace,id31,id21,0,5.383610725402832,-5.383610725402832,0.0,120.58316802978516,30.0,0.0,0.0,0.006443082354962826,0.0047322469763457775,0.002938182558864355,0.005291218403726816
CelebDFv3,/root/Datasets/CelebDFv3/CelebDFv3/FAKE/FaceSwap/Celeb-DF-v2/id26_id37_0006.mp4,FaceSwap/Celeb-DF-v2,id26,id37,0,-4.434287071228027,4.434287071228027,0.0,265.52423095703125,30.0,1.0,0.03125,0.01485653966665268,0.004655436147004366,0.005107743665575981,0.009301001206040382
CelebDFv3,/root/Datasets/CelebDFv3/CelebDFv3/FAKE/FaceSwap/GHOST/id48_id45_0008.mp4,FaceSwap/GHOST,id48,id45,0,-8.138041496276855,8.138041496276855,0.0,216.62857055664062,30.0,0.0,0.0,0.00252678245306015,0.002805043011903763,0.0024873949587345123,0.0024774454068392515
CelebDFv3,/root/Datasets/CelebDFv3/CelebDFv3/FAKE/FaceSwap/HifiFace/id23_id0_0003.mp4,FaceSwap/HifiFace,id23,id0,0,-0.6584832668304443,0.6584832668304443,0.0,109.97917938232422,30.0,0.0,0.0,0.003966018091887236,0.0027582705952227116,0.0014762375503778458,0.0026237331330776215
CelebDFv3,/root/Datasets/CelebDFv3/CelebDFv3/FAKE/FaceSwap/InSwapper/id26_id25_0003.mp4,FaceSwap/InSwapper,id26,id25,0,-12.553768157958984,12.553768157958984,0.0,403.1275634765625,30.0,0.0,0.0,0.005973914638161659,0.006380061153322458,0.002077651210129261,0.003732729470357299
CelebDFv3,/root/Datasets/CelebDFv3/CelebDFv3/FAKE/FaceSwap/MobileFaceSwap/id56_id57_0001.mp4,FaceSwap/MobileFaceSwap,id56,id57,0,5.06134557723999,-5.06134557723999,0.0,146.08526611328125,30.0,0.0,0.0,0.003318995237350464,0.00939321331679821,0.0026359932962805033,0.004720523953437805
CelebDFv3,/root/Datasets/CelebDFv3/CelebDFv3/FAKE/FaceSwap/SimSwap/id26_id29_0003.mp4,FaceSwap/SimSwap,id26,id29,0,-7.997629642486572,7.997629642486572,0.0,408.4879150390625,30.0,1.0,0.046875,0.005858461372554302,0.006697286851704121,0.001863769837655127,0.003348468104377389
CelebDFv3,/root/Datasets/CelebDFv3/CelebDFv3/FAKE/FaceSwap/UniFace/id54_id57_0006.mp4,FaceSwap/UniFace,id54,id57,0,-12.602958679199219,12.602958679199219,0.0,222.1502227783203,30.0,0.0,0.0,0.004457135684788227,0.006554793566465378,0.003502964973449707,0.006273092236369848
CelebDFv3,/root/Datasets/CelebDFv3/CelebDFv3/FAKE/TalkingFace/AniTalker/id48_0000_test_id06310_MNZMZ6ChMZQ.mp4,TalkingFace/AniTalker,id48,,0,5.650849342346191,-5.650849342346191,0.0,143.9481658935547,25.0,0.0,0.0,0.006713042035698891,0.003608390223234892,0.006536194588989019,0.006536194588989019
CelebDFv3,/root/Datasets/CelebDFv3/CelebDFv3/FAKE/TalkingFace/EDTalk/id48_0006_test_id08392_AiCBF9JW-d8.mp4,TalkingFace/EDTalk,id48,,0,4.056070804595947,-4.056070804595947,0.0,122.12158203125,25.0,0.0,0.0,0.011018997058272362,0.008702272549271584,0.007811743300408125,0.007811743300408125
CelebDFv3,/root/Datasets/CelebDFv3/CelebDFv3/FAKE/TalkingFace/EchoMimic/id48_0005_test_id04006__bENbO3pwL0.mp4,TalkingFace/EchoMimic,id48,,0,-1.598644495010376,1.598644495010376,0.0,169.4080352783203,24.0,0.0,0.0,0.009182685054838657,0.009573454037308693,0.007729039527475834,0.007729039527475834
CelebDFv3,/root/Datasets/CelebDFv3/CelebDFv3/FAKE/TalkingFace/FLOAT/id11_0000_test_id06913_ihOLv6bL4yA.mp4,TalkingFace/FLOAT,id11,,0,2.9240541458129883,-2.9240541458129883,0.0,108.56005096435547,25.0,0.0,0.0,0.014071906916797161,0.004224371165037155,0.0068855881690979,0.0068855881690979
CelebDFv3,/root/Datasets/CelebDFv3/CelebDFv3/FAKE/TalkingFace/IP_LAP/id8_0002_test_id03524_2DD4Np7SaWw.mp4,TalkingFace/IP_LAP,id8,,0,-1.8240773677825928,1.8240773677825928,0.0,119.01569366455078,25.0,0.0,0.0,0.010453751310706139,0.011282049119472504,0.007532265968620777,0.007532265968620777
CelebDFv3,/root/Datasets/CelebDFv3/CelebDFv3/FAKE/TalkingFace/Real3DPortrait/id25_0009_test_id05124_1HAXGOri_x0.mp4,TalkingFace/Real3DPortrait,id25,,0,-4.609645843505859,4.609645843505859,0.0,145.8760223388672,25.0,0.0,0.0,0.012463509105145931,0.00438948068767786,0.0035410569980740547,0.0035410569980740547
CelebDFv3,/root/Datasets/CelebDFv3/CelebDFv3/FAKE/TalkingFace/SadTalker/id25_0002_test_id07620_fx5jKGlv9Ek.mp4,TalkingFace/SadTalker,id25,,0,2.8889966011047363,-2.8889966011047363,0.0,244.23487854003906,25.0,0.0,0.0,0.0026446098927408457,0.00945302378386259,0.0060703447088599205,0.0060703447088599205
CelebDFv3,/root/Datasets/CelebDFv3/CelebDFv3/FAKE/FaceReenact/DaGAN/id23_id30_0001.mp4,FaceReenact/DaGAN,id23,id30,0,1.744469165802002,-1.744469165802002,0.0,106.55414581298828,30.0,1.0,0.203125,0.017993494868278503,0.0064161717891693115,0.017968321219086647,0.017968321219086647
CelebDFv3,/root/Datasets/CelebDFv3/CelebDFv3/FAKE/FaceReenact/FSRT/id23_id33_0004.mp4,FaceReenact/FSRT,id23,id33,0,0.6841906309127808,-0.6841906309127808,0.0,192.26980590820312,20.0,1.0,0.125,0.011940042488276958,0.007987790741026402,0.011098720133304596,0.011098720133304596
CelebDFv3,/root/Datasets/CelebDFv3/CelebDFv3/FAKE/FaceReenact/HyperReenact/id31_id2_0005.mp4,FaceReenact/HyperReenact,id31,id2,0,1.8196250200271606,-1.8196250200271606,0.0,115.94083404541016,25.0,0.0,0.0,0.04684367775917053,0.004483868833631277,0.006159530021250248,0.006159530021250248
CelebDFv3,/root/Datasets/CelebDFv3/CelebDFv3/FAKE/FaceReenact/LIA/id31_id4_0007.mp4,FaceReenact/LIA,id31,id4,0,-5.33811092376709,5.33811092376709,0.0,316.8811950683594,30.0,1.0,0.0625,0.0415831133723259,0.005588965490460396,0.047240618616342545,0.047240618616342545
CelebDFv3,/root/Datasets/CelebDFv3/CelebDFv3/FAKE/FaceReenact/LivePortrait/id26_id37_0003.mp4,FaceReenact/LivePortrait,id26,id37,0,-10.046995162963867,10.046995162963867,0.0,363.9173583984375,30.0,1.0,0.03125,0.005539898760616779,0.0051816655322909355,0.005006527062505484,0.008994778618216515
CelebDFv3,/root/Datasets/CelebDFv3/CelebDFv3/FAKE/FaceReenact/MCNET/id22_id21_0006.mp4,FaceReenact/MCNET,id22,id21,0,6.290489196777344,-6.290489196777344,0.0,161.0581817626953,30.0,0.0,0.0,0.02039211429655552,0.003855990944430232,0.009517398662865162,0.009517398662865162
CelebDFv3,/root/Datasets/CelebDFv3/CelebDFv3/FAKE/FaceReenact/TPSMM/id26_id30_0006.mp4,FaceReenact/TPSMM,id26,id30,0,-2.401794672012329,2.401794672012329,0.0,226.72032165527344,30.0,1.0,0.0625,0.010905234143137932,0.008060808293521404,0.008015614002943039,0.008015614002943039
CelebDFv3,/root/Datasets/CelebDFv3/CelebDFv3/FAKE/FaceSwap/BlendFace/id23_id0_0008.mp4,FaceSwap/BlendFace,id23,id0,0,-3.3339061737060547,3.3339061737060547,0.0,144.85386657714844,30.0,0.0,0.0,0.0021298059727996588,0.0035233322996646166,0.002863406203687191,0.005023302976042032
CelebDFv3,/root/Datasets/CelebDFv3/CelebDFv3/FAKE/FaceSwap/Celeb-DF-v2/id51_id57_0008.mp4,FaceSwap/Celeb-DF-v2,id51,id57,0,-2.5562994480133057,2.5562994480133057,0.0,105.33344268798828,30.0,0.0,0.0,0.004117644391953945,0.004548951983451843,0.00513668917119503,0.009198757819831371
CelebDFv3,/root/Datasets/CelebDFv3/CelebDFv3/FAKE/FaceSwap/GHOST/id31_id2_0002.mp4,FaceSwap/GHOST,id31,id2,0,4.165940284729004,-4.165940284729004,0.0,148.32855224609375,30.0,0.0,0.0,0.02356439083814621,0.04155166447162628,0.015218515880405903,0.027406226843595505
CelebDFv3,/root/Datasets/CelebDFv3/CelebDFv3/FAKE/FaceSwap/HifiFace/id23_id29_0007.mp4,FaceSwap/HifiFace,id23,id29,0,-1.1721000671386719,1.1721000671386719,0.0,121.62355041503906,30.0,0.0,0.0,0.011104298755526543,0.033039771020412445,0.006079311482608318,0.010664998553693295
CelebDFv3,/root/Datasets/CelebDFv3/CelebDFv3/FAKE/FaceSwap/InSwapper/id22_id24_0009.mp4,FaceSwap/InSwapper,id22,id24,0,3.2360386848449707,-3.2360386848449707,0.0,98.78952026367188,30.0,1.0,0.203125,0.006340994965285063,0.005858474876731634,0.0014991736970841885,0.002664497820660472
CelebDFv3,/root/Datasets/CelebDFv3/CelebDFv3/FAKE/FaceSwap/MobileFaceSwap/id23_id17_0006.mp4,FaceSwap/MobileFaceSwap,id23,id17,0,8.920998573303223,-8.920998573303223,0.0,248.36573791503906,30.0,0.0,0.0,0.006370089016854763,0.0036765383556485176,0.001811539987102151,0.002400290686637163
CelebDFv3,/root/Datasets/CelebDFv3/CelebDFv3/FAKE/FaceSwap/SimSwap/id48_id47_0004.mp4,FaceSwap/SimSwap,id48,id47,0,-1.4800333976745605,1.4800333976745605,0.0,140.99911499023438,30.0,0.0,0.0,0.0025848334189504385,0.002373629482463002,0.002372823655605316,0.004237184766680002
CelebDFv3,/root/Datasets/CelebDFv3/CelebDFv3/FAKE/FaceSwap/UniFace/id48_id42_0001.mp4,FaceSwap/UniFace,id48,id42,0,-5.978065490722656,5.978065490722656,0.0,99.68843841552734,30.0,0.0,0.0,0.004612000193446875,0.005760685540735722,0.0016320981085300446,0.0029144608415663242
CelebDFv3,/root/Datasets/CelebDFv3/CelebDFv3/FAKE/TalkingFace/AniTalker/id54_0007_test_id01298_gWkO0NOMazs.mp4,TalkingFace/AniTalker,id54,,0,-5.344676971435547,5.344676971435547,0.0,153.52784729003906,25.0,0.0,0.0,0.0063340929336845875,0.0056874752044677734,0.005234954878687859,0.005234954878687859
CelebDFv3,/root/Datasets/CelebDFv3/CelebDFv3/FAKE/TalkingFace/EDTalk/id31_0007_test_id04276_j7kziDG61kk.mp4,TalkingFace/EDTalk,id31,,0,2.577594518661499,-2.577594518661499,0.0,265.1400451660156,25.0,0.0,0.0,0.011345203034579754,0.012803729623556137,0.010141536593437195,0.010141536593437195
CelebDFv3,/root/Datasets/CelebDFv3/CelebDFv3/FAKE/TalkingFace/EchoMimic/id26_0004_test_id01333_SwmQTyhzge8.mp4,TalkingFace/EchoMimic,id26,,0,1.5684664249420166,-1.5684664249420166,0.0,154.5068359375,24.0,0.0,0.0,0.0053206742741167545,0.007677576970309019,0.006281515583395958,0.006281515583395958
CelebDFv3,/root/Datasets/CelebDFv3/CelebDFv3/FAKE/TalkingFace/FLOAT/id31_0009_test_id00081_xjfPXNgzW6o.mp4,TalkingFace/FLOAT,id31,,0,4.879497528076172,-4.879497528076172,0.0,141.45184326171875,25.0,0.0,0.0,0.019181273877620697,0.011077827773988247,0.008604482747614384,0.008604482747614384
CelebDFv3,/root/Datasets/CelebDFv3/CelebDFv3/FAKE/TalkingFace/IP_LAP/id8_0003_test_id07620_axaQeZdVOgM.mp4,TalkingFace/IP_LAP,id8,,0,-4.753248691558838,4.753248691558838,0.0,130.35096740722656,25.0,0.0,0.0,0.012976153753697872,0.016388220712542534,0.007676988374441862,0.007676988374441862
CelebDFv3,/root/Datasets/CelebDFv3/CelebDFv3/FAKE/TalkingFace/Real3DPortrait/id22_0000_test_id03839_xtBkY9xYpjA.mp4,TalkingFace/Real3DPortrait,id22,,0,-1.952667236328125,1.952667236328125,0.0,156.55923461914062,25.0,0.0,0.0,0.012397218495607376,0.0049511524848639965,0.010171791538596153,0.010171791538596153
CelebDFv3,/root/Datasets/CelebDFv3/CelebDFv3/FAKE/TalkingFace/SadTalker/id11_0006_test_id04862_i6aGUMQW5jA.mp4,TalkingFace/SadTalker,id11,,0,5.621386528015137,-5.621386528015137,0.0,132.31301879882812,25.0,0.0,0.0,0.003200388979166746,0.0078462865203619,0.005084415897727013,0.005084415897727013
CelebDFv3,/root/Datasets/CelebDFv3/CelebDFv3/FAKE/FaceReenact/DaGAN/id26_id29_0008.mp4,FaceReenact/DaGAN,id26,id29,0,1.385202169418335,-1.385202169418335,0.0,161.24264526367188,30.0,1.0,0.0625,0.009160301648080349,0.010779819451272488,0.010123035870492458,0.010123035870492458
CelebDFv3,/root/Datasets/CelebDFv3/CelebDFv3/FAKE/FaceReenact/FSRT/id23_id9_0004.mp4,FaceReenact/FSRT,id23,id9,0,-0.15433163940906525,0.15433163940906525,0.0,226.33547973632812,20.0,0.0,0.0,0.006507983431220055,0.006045099347829819,0.004189405124634504,0.004189405124634504
CelebDFv3,/root/Datasets/CelebDFv3/CelebDFv3/FAKE/FaceReenact/HyperReenact/id31_id17_0004.mp4,FaceReenact/HyperReenact,id31,id17,0,11.847027778625488,-11.847027778625488,0.0,207.93887329101562,25.0,0.0,0.0,0.006485986057668924,0.004968446679413319,0.0067094238474965096,0.0067094238474965096
CelebDFv3,/root/Datasets/CelebDFv3/CelebDFv3/FAKE/FaceReenact/LIA/id56_id58_0009.mp4,FaceReenact/LIA,id56,id58,0,0.06738868355751038,-0.06738868355751038,0.0,191.07899475097656,29.0,0.0,0.0,0.015418021008372307,0.00894951168447733,0.008498492650687695,0.008498492650687695
CelebDFv3,/root/Datasets/CelebDFv3/CelebDFv3/FAKE/FaceReenact/LivePortrait/id23_id1_0007.mp4,FaceReenact/LivePortrait,id23,id1,0,-7.362967491149902,7.362967491149902,0.0,322.0320739746094,30.0,0.0,0.0,0.001041606068611145,0.000688076950609684,0.0015092830872163177,0.00264775101095438
CelebDFv3,/root/Datasets/CelebDFv3/CelebDFv3/FAKE/FaceReenact/MCNET/id22_id26_0001.mp4,FaceReenact/MCNET,id22,id26,0,2.922328472137451,-2.922328472137451,0.0,105.63735961914062,30.0,1.0,0.0625,0.03169317543506622,0.016896206885576248,0.015354616567492485,0.015354616567492485
CelebDFv3,/root/Datasets/CelebDFv3/CelebDFv3/FAKE/FaceReenact/TPSMM/id25_id19_0007.mp4,FaceReenact/TPSMM,id25,id19,0,-8.374792098999023,8.374792098999023,0.0,262.1665954589844,30.0,1.0,0.015625,0.008305954746901989,0.004487000405788422,0.008459202013909817,0.008459202013909817
CelebDFv3,/root/Datasets/CelebDFv3/CelebDFv3/FAKE/FaceSwap/BlendFace/id22_id21_0005.mp4,FaceSwap/BlendFace,id22,id21,0,4.177401542663574,-4.177401542663574,0.0,109.61100769042969,30.0,0.0,0.0,0.003141919383779168,0.002398245967924595,0.0023167915642261505,0.004117659293115139
CelebDFv3,/root/Datasets/CelebDFv3/CelebDFv3/FAKE/FaceSwap/Celeb-DF-v2/id31_id29_0000.mp4,FaceSwap/Celeb-DF-v2,id31,id29,0,-0.34727588295936584,0.34727588295936584,0.0,125.54248809814453,30.0,0.0,0.0,0.0033550430089235306,0.00627504987642169,0.0030199650209397078,0.005438496358692646
CelebDFv3,/root/Datasets/CelebDFv3/CelebDFv3/FAKE/FaceSwap/GHOST/id48_id45_0002.mp4,FaceSwap/GHOST,id48,id45,0,2.1228976249694824,-2.1228976249694824,0.0,123.10110473632812,30.0,0.0,0.0,0.0028697315137833357,0.003969511482864618,0.0012526464415714145,0.0022368687205016613
CelebDFv3,/root/Datasets/CelebDFv3/CelebDFv3/FAKE/FaceSwap/HifiFace/id22_id24_0005.mp4,FaceSwap/HifiFace,id22,id24,0,-1.6786589622497559,1.6786589622497559,0.0,108.76778411865234,30.0,0.0,0.0,0.0028400046285241842,0.0019071565475314856,0.001721942680887878,0.003060427727177739
CelebDFv3,/root/Datasets/CelebDFv3/CelebDFv3/FAKE/FaceSwap/InSwapper/id8_id4_0007.mp4,FaceSwap/InSwapper,id8,id4,0,0.3872396945953369,-0.3872396945953369,0.0,151.47970581054688,30.0,0.0,0.0,0.010716499760746956,0.0483667328953743,0.0015394544461742043,0.0029003319796174765
CelebDFv3,/root/Datasets/CelebDFv3/CelebDFv3/FAKE/FaceSwap/MobileFaceSwap/id31_id34_0006.mp4,FaceSwap/MobileFaceSwap,id31,id34,0,3.1773171424865723,-3.1773171424865723,0.0,215.44630432128906,30.0,1.0,0.015625,0.004435946699231863,0.010637807659804821,0.002170074265450239,0.003907972946763039
CelebDFv3,/root/Datasets/CelebDFv3/CelebDFv3/FAKE/FaceSwap/SimSwap/id56_id57_0008.mp4,FaceSwap/SimSwap,id56,id57,0,6.782900333404541,-6.782900333404541,0.0,126.32244110107422,30.0,0.0,0.0,0.006968894973397255,0.0034791037905961275,0.0028543926309794188,0.005111631937325001
CelebDFv3,/root/Datasets/CelebDFv3/CelebDFv3/FAKE/FaceSwap/UniFace/id48_id40_0003.mp4,FaceSwap/UniFace,id48,id40,0,0.9309924244880676,-0.9309924244880676,0.0,81.78802490234375,30.0,1.0,0.09375,0.00641637435182929,0.019019916653633118,0.006244932301342487,0.011151663959026337
CelebDFv3,/root/Datasets/CelebDFv3/CelebDFv3/FAKE/TalkingFace/AniTalker/id23_0002_test_id01593_QZPwKUYcJ30.mp4,TalkingFace/AniTalker,id23,,0,5.110777854919434,-5.110777854919434,0.0,128.87124633789062,25.0,0.0,0.0,0.0043534403666853905,0.00456765154376626,0.0040503148920834064,0.0040503148920834064
CelebDFv3,/root/Datasets/CelebDFv3/CelebDFv3/FAKE/TalkingFace/EDTalk/id59_0002_test_id05055_vecDm0cNDVs.mp4,TalkingFace/EDTalk,id59,,0,2.11753511428833,-2.11753511428833,0.0,161.62026977539062,25.0,0.0,0.0,0.009599192067980766,0.011915143579244614,0.006148030050098896,0.006148030050098896
CelebDFv3,/root/Datasets/CelebDFv3/CelebDFv3/FAKE/TalkingFace/EchoMimic/id11_0005_test_id04094_BNAe-NhgItg.mp4,TalkingFace/EchoMimic,id11,,0,-6.08772087097168,6.08772087097168,0.0,141.61337280273438,24.0,0.0,0.0,0.008397442288696766,0.009465426206588745,0.005838099867105484,0.005838099867105484
CelebDFv3,/root/Datasets/CelebDFv3/CelebDFv3/FAKE/TalkingFace/FLOAT/id26_0002_test_id07494_xQ0YMPe-9u8.mp4,TalkingFace/FLOAT,id26,,0,2.245637893676758,-2.245637893676758,0.0,129.6737823486328,25.0,0.0,0.0,0.011326414532959461,0.008824393153190613,0.009637363255023956,0.009637363255023956
CelebDFv3,/root/Datasets/CelebDFv3/CelebDFv3/FAKE/TalkingFace/IP_LAP/id56_0001_test_id01106_mkgP19APekU.mp4,TalkingFace/IP_LAP,id56,,0,4.1909332275390625,-4.1909332275390625,0.0,161.19395446777344,25.0,0.0,0.0,0.009141413494944572,0.005606140475720167,0.00857553817331791,0.00857553817331791
CelebDFv3,/root/Datasets/CelebDFv3/CelebDFv3/FAKE/TalkingFace/Real3DPortrait/id23_0002_test_id01593_NxfyefwggDQ.mp4,TalkingFace/Real3DPortrait,id23,,0,5.310807704925537,-5.310807704925537,0.0,119.6563720703125,25.0,0.0,0.0,0.012089913710951805,0.00498241139575839,0.010366908274590969,0.010366908274590969
CelebDFv3,/root/Datasets/CelebDFv3/CelebDFv3/FAKE/TalkingFace/SadTalker/id31_0002_test_id00812_BDoGOx3Jgbk.mp4,TalkingFace/SadTalker,id31,,0,7.867428302764893,-7.867428302764893,0.0,198.7366485595703,25.0,0.0,0.0,0.006817128509283066,0.0061494894325733185,0.016560303047299385,0.016560303047299385
CelebDFv3,/root/Datasets/CelebDFv3/CelebDFv3/FAKE/FaceReenact/DaGAN/id54_id53_0008.mp4,FaceReenact/DaGAN,id54,id53,0,-6.434346675872803,6.434346675872803,0.0,195.92848205566406,30.0,0.0,0.0,0.006068944465368986,0.003979973029345274,0.005355818197131157,0.005355818197131157
CelebDFv3,/root/Datasets/CelebDFv3/CelebDFv3/FAKE/FaceReenact/FSRT/id23_id28_0001.mp4,FaceReenact/FSRT,id23,id28,0,-0.21975521743297577,0.21975521743297577,0.0,113.6964340209961,20.0,1.0,0.109375,0.0064303395338356495,0.0037665856070816517,0.003673570230603218,0.003673570230603218
CelebDFv3,/root/Datasets/CelebDFv3/CelebDFv3/FAKE/FaceReenact/HyperReenact/id26_id30_0004.mp4,FaceReenact/HyperReenact,id26,id30,0,2.2130959033966064,-2.2130959033966064,0.0,122.55116271972656,25.0,0.0,0.0,0.0034758325200527906,0.0018311940366402268,0.0053055379539728165,0.0053055379539728165
CelebDFv3,/root/Datasets/CelebDFv3/CelebDFv3/FAKE/FaceReenact/LIA/id23_id9_0000.mp4,FaceReenact/LIA,id23,id9,0,6.301044464111328,-6.301044464111328,0.0,143.91563415527344,30.0,1.0,0.0625,0.012948941439390182,0.015066597610712051,0.00830086600035429,0.00830086600035429
CelebDFv3,/root/Datasets/CelebDFv3/CelebDFv3/FAKE/FaceReenact/LivePortrait/id31_id9_0002.mp4,FaceReenact/LivePortrait,id31,id9,0,5.81607723236084,-5.81607723236084,0.0,166.397216796875,30.0,1.0,0.125,0.004267177544534206,0.008200773037970066,0.003244045190513134,0.005842030048370361
CelebDFv3,/root/Datasets/CelebDFv3/CelebDFv3/FAKE/FaceReenact/MCNET/id51_id49_0005.mp4,FaceReenact/MCNET,id51,id49,0,0.7015247941017151,-0.7015247941017151,0.0,193.26486206054688,30.0,1.0,0.03125,0.007784602697938681,0.007459532469511032,0.009191064164042473,0.009191064164042473
CelebDFv3,/root/Datasets/CelebDFv3/CelebDFv3/FAKE/FaceReenact/TPSMM/id26_id30_0003.mp4,FaceReenact/TPSMM,id26,id30,0,4.602292060852051,-4.602292060852051,0.0,255.13723754882812,30.0,0.0,0.0,0.016116905957460403,0.013532133772969246,0.006399382371455431,0.006399382371455431
CelebDFv3,/root/Datasets/CelebDFv3/CelebDFv3/FAKE/FaceSwap/BlendFace/id23_id20_0007.mp4,FaceSwap/BlendFace,id23,id20,0,0.7965422868728638,-0.7965422868728638,0.0,124.4515151977539,30.0,0.0,0.0,0.012003138661384583,0.024271611124277115,0.007258875295519829,0.012734320014715195
CelebDFv3,/root/Datasets/CelebDFv3/CelebDFv3/FAKE/FaceSwap/Celeb-DF-v2/id26_id31_0003.mp4,FaceSwap/Celeb-DF-v2,id26,id31,0,-4.767160892486572,4.767160892486572,0.0,371.46697998046875,30.0,1.0,0.03125,0.00594968069344759,0.006531127728521824,0.0019567119888961315,0.003515448421239853
CelebDFv3,/root/Datasets/CelebDFv3/CelebDFv3/FAKE/FaceSwap/GHOST/id8_id4_0007.mp4,FaceSwap/GHOST,id8,id4,0,-1.6768922805786133,1.6768922805786133,0.0,151.13026428222656,30.0,0.0,0.0,0.011389174498617649,0.05102043226361275,0.002129677915945649,0.0040123132057487965
CelebDFv3,/root/Datasets/CelebDFv3/CelebDFv3/FAKE/FaceSwap/HifiFace/id48_id46_0001.mp4,FaceSwap/HifiFace,id48,id46,0,-4.387949466705322,4.387949466705322,0.0,97.28782653808594,30.0,0.0,0.0,0.004691817797720432,0.006118646822869778,0.002241662936285138,0.004002969246357679
CelebDFv3,/root/Datasets/CelebDFv3/CelebDFv3/FAKE/FaceSwap/InSwapper/id31_id29_0001.mp4,FaceSwap/InSwapper,id31,id29,0,5.226526260375977,-5.226526260375977,0.0,148.8071746826172,30.0,0.0,0.0,0.002329460345208645,0.002674476243555546,0.0019019991159439087,0.0034252097830176353
CelebDFv3,/root/Datasets/CelebDFv3/CelebDFv3/FAKE/FaceSwap/MobileFaceSwap/id48_id40_0003.mp4,FaceSwap/MobileFaceSwap,id48,id40,0,0.207518070936203,-0.207518070936203,0.0,82.0644302368164,30.0,1.0,0.078125,0.0062140836380422115,0.021553657948970795,0.008268219418823719,0.014764679595828056
CelebDFv3,/root/Datasets/CelebDFv3/CelebDFv3/FAKE/FaceSwap/SimSwap/id48_id45_0007.mp4,FaceSwap/SimSwap,id48,id45,0,8.091479301452637,-8.091479301452637,0.0,100.30826568603516,30.0,0.0,0.0,0.0013950300635769963,0.0014873656909912825,0.0014122953871265054,0.0018529314547777176
CelebDFv3,/root/Datasets/CelebDFv3/CelebDFv3/FAKE/FaceSwap/UniFace/id51_id50_0007.mp4,FaceSwap/UniFace,id51,id50,0,-5.282392501831055,5.282392501831055,0.0,165.76820373535156,30.0,0.0,0.0,0.003380469512194395,0.003279105294495821,0.0020026310812681913,0.0035863015800714493
CelebDFv3,/root/Datasets/CelebDFv3/CelebDFv3/FAKE/TalkingFace/AniTalker/id31_0001_test_id09017_fsgr0uLbKVg.mp4,TalkingFace/AniTalker,id31,,0,6.443432331085205,-6.443432331085205,0.0,167.58389282226562,25.0,0.0,0.0,0.007834216579794884,0.005495536141097546,0.007796986494213343,0.007796986494213343
CelebDFv3,/root/Datasets/CelebDFv3/CelebDFv3/FAKE/TalkingFace/EDTalk/id25_0003_test_id01066_7B-KDiAofNk.mp4,TalkingFace/EDTalk,id25,,0,10.37276554107666,-10.37276554107666,0.0,150.41650390625,25.0,0.0,0.0,0.011085479520261288,0.01065609510987997,0.008578089997172356,0.008578089997172356
CelebDFv3,/root/Datasets/CelebDFv3/CelebDFv3/FAKE/TalkingFace/EchoMimic/id11_0009_test_id08149_Ay1xwkYsNAE.mp4,TalkingFace/EchoMimic,id11,,0,2.6317954063415527,-2.6317954063415527,0.0,116.95587921142578,24.0,0.0,0.0,0.007407453842461109,0.010987425222992897,0.006500851828604937,0.006500851828604937
CelebDFv3,/root/Datasets/CelebDFv3/CelebDFv3/FAKE/TalkingFace/FLOAT/id31_0000_test_id03041_qyCz5uttaAA.mp4,TalkingFace/FLOAT,id31,,0,4.703605651855469,-4.703605651855469,0.0,130.78125,25.0,0.0,0.0,0.012537796050310135,0.009417619556188583,0.00855716411024332,0.00855716411024332
CelebDFv3,/root/Datasets/CelebDFv3/CelebDFv3/FAKE/TalkingFace/IP_LAP/id25_0006_test_id03347_iLd-6KT2Y2Q.mp4,TalkingFace/IP_LAP,id25,,0,2.6504976749420166,-2.6504976749420166,0.0,345.8312072753906,25.0,0.0,0.0,0.0028653170447796583,0.004270487930625677,0.004705264698714018,0.004705264698714018
CelebDFv3,/root/Datasets/CelebDFv3/CelebDFv3/FAKE/TalkingFace/Real3DPortrait/id54_0007_test_id01298_gWkO0NOMazs.mp4,TalkingFace/Real3DPortrait,id54,,0,-6.883916854858398,6.883916854858398,0.0,159.9982147216797,25.0,1.0,0.015625,0.01113678328692913,0.005612710025161505,0.0128789022564888,0.0128789022564888
CelebDFv3,/root/Datasets/CelebDFv3/CelebDFv3/FAKE/TalkingFace/SadTalker/id11_0001_test_id01224_rjzQSZ-p8d0.mp4,TalkingFace/SadTalker,id11,,0,-1.6760993003845215,1.6760993003845215,0.0,132.26368713378906,25.0,0.0,0.0,0.0032442098017781973,0.006920362822711468,0.003946848213672638,0.003946848213672638
CelebDFv3,/root/Datasets/CelebDFv3/CelebDFv3/FAKE/FaceReenact/DaGAN/id23_id4_0005.mp4,FaceReenact/DaGAN,id23,id4,0,10.049891471862793,-10.049891471862793,0.0,106.17353057861328,30.0,0.0,0.0,0.013497152365744114,0.014340244233608246,0.008478253148496151,0.008478253148496151
CelebDFv3,/root/Datasets/CelebDFv3/CelebDFv3/FAKE/FaceReenact/FSRT/id25_id21_0002.mp4,FaceReenact/FSRT,id25,id21,0,0.15037250518798828,-0.15037250518798828,0.0,108.01715850830078,20.0,1.0,0.03125,0.012788977473974228,0.02118620090186596,0.009921682067215443,0.009921682067215443
CelebDFv3,/root/Datasets/CelebDFv3/CelebDFv3/FAKE/FaceReenact/HyperReenact/id11_id7_0003.mp4,FaceReenact/HyperReenact,id11,id7,0,-6.561018466949463,6.561018466949463,0.0,178.82489013671875,25.0,0.0,0.0,0.003934670705348253,0.0022567010018974543,0.005781344138085842,0.005781344138085842
CelebDFv3,/root/Datasets/CelebDFv3/CelebDFv3/FAKE/FaceReenact/LIA/id31_id38_0006.mp4,FaceReenact/LIA,id31,id38,0,-3.2072548866271973,3.2072548866271973,0.0,227.8649139404297,30.0,0.0,0.0,0.012194850482046604,0.004181954078376293,0.012047339230775833,0.012047339230775833
CelebDFv3,/root/Datasets/CelebDFv3/CelebDFv3/FAKE/FaceReenact/LivePortrait/id23_id29_0007.mp4,FaceReenact/LivePortrait,id23,id29,0,-4.5705671310424805,4.5705671310424805,0.0,237.90927124023438,30.0,0.0,0.0,0.03387855738401413,0.03651469200849533,0.00913537573069334,0.01602628268301487
CelebDFv3,/root/Datasets/CelebDFv3/CelebDFv3/FAKE/FaceReenact/MCNET/id31_id2_0001.mp4,FaceReenact/MCNET,id31,id2,0,14.248720169067383,-14.248720169067383,0.0,140.941162109375,30.0,0.0,0.0,0.006684175226837397,0.004548975266516209,0.0060263751074671745,0.0060263751074671745
CelebDFv3,/root/Datasets/CelebDFv3/CelebDFv3/FAKE/FaceReenact/TPSMM/id31_id9_0002.mp4,FaceReenact/TPSMM,id31,id9,0,13.305797576904297,-13.305797576904297,0.0,180.7506866455078,30.0,0.0,0.0,0.009764894843101501,0.008996246382594109,0.011453220620751381,0.011453220620751381
CelebDFv3,/root/Datasets/CelebDFv3/CelebDFv3/FAKE/FaceSwap/BlendFace/id26_id32_0006.mp4,FaceSwap/BlendFace,id26,id32,0,-1.9370756149291992,1.9370756149291992,0.0,246.85850524902344,30.0,0.0,0.0,0.016513876616954803,0.005665993317961693,0.005182354710996151,0.009436863474547863
CelebDFv3,/root/Datasets/CelebDFv3/CelebDFv3/FAKE/FaceSwap/Celeb-DF-v2/id51_id55_0000.mp4,FaceSwap/Celeb-DF-v2,id51,id55,0,3.182657480239868,-3.182657480239868,0.0,96.42794799804688,30.0,0.0,0.0,0.008195952512323856,0.004174314439296722,0.0049016582779586315,0.008777865208685398
CelebDFv3,/root/Datasets/CelebDFv3/CelebDFv3/FAKE/FaceSwap/GHOST/id51_id57_0007.mp4,FaceSwap/GHOST,id51,id57,0,0.7642874717712402,-0.7642874717712402,0.0,133.18104553222656,30.0,0.0,0.0,0.002976399613544345,0.0033956938423216343,0.0013023880310356617,0.0023323099594563246
CelebDFv3,/root/Datasets/CelebDFv3/CelebDFv3/FAKE/FaceSwap/HifiFace/id25_id28_0002.mp4,FaceSwap/HifiFace,id25,id28,0,2.3997037410736084,-2.3997037410736084,0.0,139.51612854003906,30.0,0.0,0.0,0.010001788847148418,0.018182246014475822,0.00261785089969635,0.004714350216090679
CelebDFv3,/root/Datasets/CelebDFv3/CelebDFv3/FAKE/FaceSwap/InSwapper/id23_id24_0009.mp4,FaceSwap/InSwapper,id23,id24,0,-0.6306066513061523,0.6306066513061523,0.0,161.44924926757812,30.0,0.0,0.0,0.004143289756029844,0.0045808763243258,0.002973702969029546,0.0039371829479932785
CelebDFv3,/root/Datasets/CelebDFv3/CelebDFv3/FAKE/FaceSwap/MobileFaceSwap/id51_id57_0008.mp4,FaceSwap/MobileFaceSwap,id51,id57,0,-2.493138074874878,2.493138074874878,0.0,100.344970703125,30.0,0.0,0.0,0.003988390322774649,0.006245695054531097,0.005497489124536514,0.009844875894486904
CelebDFv3,/root/Datasets/CelebDFv3/CelebDFv3/FAKE/FaceSwap/SimSwap/id8_id7_0008.mp4,FaceSwap/SimSwap,id8,id7,0,-3.471231460571289,3.471231460571289,0.0,140.26744079589844,30.0,0.0,0.0,0.0019196465145796537,0.0021368442103266716,0.000802238704636693,0.0015114176785573363
CelebDFv3,/root/Datasets/CelebDFv3/CelebDFv3/FAKE/FaceSwap/UniFace/id8_id2_0003.mp4,FaceSwap/UniFace,id8,id2,0,-7.6012043952941895,7.6012043952941895,0.0,148.49755859375,30.0,0.0,0.0,0.0027489319909363985,0.010240964591503143,0.0024549926165491343,0.004625206347554922
CelebDFv3,/root/Datasets/CelebDFv3/CelebDFv3/FAKE/TalkingFace/AniTalker/id59_0007_test_id02317_5moKZXlJTEs.mp4,TalkingFace/AniTalker,id59,,0,1.657965898513794,-1.657965898513794,0.0,127.48304748535156,25.0,0.0,0.0,0.0052446527406573296,0.004023918882012367,0.004625904373824596,0.004625904373824596
CelebDFv3,/root/Datasets/CelebDFv3/CelebDFv3/FAKE/TalkingFace/EDTalk/id23_0002_test_id03347_JbbZ8at5OF8.mp4,TalkingFace/EDTalk,id23,,0,9.67601203918457,-9.67601203918457,0.0,125.28885650634766,25.0,0.0,0.0,0.011223284527659416,0.015096048824489117,0.01257731206715107,0.01257731206715107
CelebDFv3,/root/Datasets/CelebDFv3/CelebDFv3/FAKE/TalkingFace/EchoMimic/id22_0001_test_id02542_gMKSu2wZpAA.mp4,TalkingFace/EchoMimic,id22,,0,8.771239280700684,-8.771239280700684,0.0,127.13947296142578,24.0,0.0,0.0,0.0022249375469982624,0.005441231653094292,0.006098248064517975,0.006098248064517975
CelebDFv3,/root/Datasets/CelebDFv3/CelebDFv3/FAKE/TalkingFace/FLOAT/id31_0007_test_id08456_Kz89r1sNI6k.mp4,TalkingFace/FLOAT,id31,,0,-7.225123405456543,7.225123405456543,0.0,286.5072326660156,25.0,0.0,0.0,0.013316404074430466,0.007716115564107895,0.00727717624977231,0.00727717624977231
CelebDFv3,/root/Datasets/CelebDFv3/CelebDFv3/FAKE/TalkingFace/IP_LAP/id31_0003_test_id04627_IjO3LUCaYLE.mp4,TalkingFace/IP_LAP,id31,,0,-7.44077205657959,7.44077205657959,0.0,134.3152313232422,25.0,0.0,0.0,0.02458953484892845,0.007595311384648085,0.013901665806770325,0.013901665806770325
CelebDFv3,/root/Datasets/CelebDFv3/CelebDFv3/FAKE/TalkingFace/Real3DPortrait/id56_0004_test_id09017_oF8cALd6lU0.mp4,TalkingFace/Real3DPortrait,id56,,0,3.267855167388916,-3.267855167388916,0.0,151.5279541015625,25.0,0.0,0.0,0.01118430681526661,0.004222554620355368,0.008489226922392845,0.008489226922392845
CelebDFv3,/root/Datasets/CelebDFv3/CelebDFv3/FAKE/TalkingFace/SadTalker/id59_0002_test_id03524_Lt7XKpDEmh0.mp4,TalkingFace/SadTalker,id59,,0,-0.5357300043106079,0.5357300043106079,0.0,186.14901733398438,25.0,0.0,0.0,0.002063566818833351,0.008016376756131649,0.004040874075144529,0.004040874075144529
CelebDFv3,/root/Datasets/CelebDFv3/CelebDFv3/FAKE/FaceReenact/DaGAN/id54_id49_0008.mp4,FaceReenact/DaGAN,id54,id49,0,-8.603355407714844,8.603355407714844,0.0,196.75633239746094,30.0,0.0,0.0,0.009702228009700775,0.0076213316060602665,0.005376589950174093,0.005376589950174093
CelebDFv3,/root/Datasets/CelebDFv3/CelebDFv3/FAKE/FaceReenact/FSRT/id23_id21_0007.mp4,FaceReenact/FSRT,id23,id21,0,2.736069440841675,-2.736069440841675,0.0,201.8104705810547,20.0,0.0,0.0,0.014490816742181778,0.0067702713422477245,0.0074918922036886215,0.0074918922036886215
CelebDFv3,/root/Datasets/CelebDFv3/CelebDFv3/FAKE/FaceReenact/HyperReenact/id48_id45_0002.mp4,FaceReenact/HyperReenact,id48,id45,0,2.6613473892211914,-2.6613473892211914,0.0,117.31243896484375,25.0,0.0,0.0,0.003870733082294464,0.002230051439255476,0.0050626229494810104,0.0050626229494810104
CelebDFv3,/root/Datasets/CelebDFv3/CelebDFv3/FAKE/FaceReenact/LIA/id56_id50_0005.mp4,FaceReenact/LIA,id56,id50,0,-1.9125778675079346,1.9125778675079346,0.0,186.7970733642578,29.0,1.0,0.046875,0.022472145035862923,0.006244331132620573,0.006467162631452084,0.006467162631452084
CelebDFv3,/root/Datasets/CelebDFv3/CelebDFv3/FAKE/FaceReenact/LivePortrait/id48_id43_0003.mp4,FaceReenact/LivePortrait,id48,id43,0,-3.143112897872925,3.143112897872925,0.0,91.22221374511719,30.0,0.0,0.0,0.008395208045840263,0.036813218146562576,0.009832952171564102,0.01755884476006031
CelebDFv3,/root/Datasets/CelebDFv3/CelebDFv3/FAKE/FaceReenact/MCNET/id54_id57_0008.mp4,FaceReenact/MCNET,id54,id57,0,-4.9485039710998535,4.9485039710998535,0.0,186.47120666503906,29.829999923706055,0.0,0.0,0.01243037823587656,0.009136763401329517,0.007591819856315851,0.007591819856315851
CelebDFv3,/root/Datasets/CelebDFv3/CelebDFv3/FAKE/FaceReenact/TPSMM/id23_id16_0009.mp4,FaceReenact/TPSMM,id23,id16,0,3.454003095626831,-3.454003095626831,0.0,146.29014587402344,30.0,0.0,0.0,0.014289605431258678,0.007805647328495979,0.006131320260465145,0.006131320260465145
CelebDFv3,/root/Datasets/CelebDFv3/CelebDFv3/FAKE/FaceSwap/BlendFace/id54_id55_0006.mp4,FaceSwap/BlendFace,id54,id55,0,-10.440314292907715,10.440314292907715,0.0,224.597900390625,30.0,0.0,0.0,0.004462799988687038,0.006780286319553852,0.004262218717485666,0.007632759865373373
CelebDFv3,/root/Datasets/CelebDFv3/CelebDFv3/FAKE/FaceSwap/Celeb-DF-v2/id51_id55_0001.mp4,FaceSwap/Celeb-DF-v2,id51,id55,0,-9.968141555786133,9.968141555786133,0.0,275.2335510253906,30.0,1.0,0.046875,0.0038955076597630978,0.00541723845526576,0.00554128410294652,0.009923305362462997
CelebDFv3,/root/Datasets/CelebDFv3/CelebDFv3/FAKE/FaceSwap/GHOST/id31_id33_0009.mp4,FaceSwap/GHOST,id31,id33,0,2.7847843170166016,-2.7847843170166016,0.0,130.13258361816406,30.0,0.0,0.0,0.003982961177825928,0.004208648111671209,0.002403854625299573,0.0043289754539728165
CelebDFv3,/root/Datasets/CelebDFv3/CelebDFv3/FAKE/FaceSwap/HifiFace/id51_id55_0000.mp4,FaceSwap/HifiFace,id51,id55,0,-1.880061149597168,1.880061149597168,0.0,94.77845764160156,30.0,0.0,0.0,0.007315818220376968,0.004126630257815123,0.006350705400109291,0.01137281209230423
CelebDFv3,/root/Datasets/CelebDFv3/CelebDFv3/FAKE/FaceSwap/InSwapper/id23_id30_0000.mp4,FaceSwap/InSwapper,id23,id30,0,6.2436628341674805,-6.2436628341674805,0.0,109.57469177246094,30.0,0.0,0.0,0.0017813348677009344,0.0018782266415655613,0.0009918601717799902,0.0017628439236432314
CelebDFv3,/root/Datasets/CelebDFv3/CelebDFv3/FAKE/FaceSwap/MobileFaceSwap/id31_id32_0008.mp4,FaceSwap/MobileFaceSwap,id31,id32,0,2.569608211517334,-2.569608211517334,0.0,132.05096435546875,30.0,0.0,0.0,0.0034629919100552797,0.009907590225338936,0.0056490483693778515,0.010173075832426548
CelebDFv3,/root/Datasets/CelebDFv3/CelebDFv3/FAKE/FaceSwap/SimSwap/id48_id43_0003.mp4,FaceSwap/SimSwap,id48,id43,0,1.2094388008117676,-1.2094388008117676,0.0,76.41819763183594,30.0,1.0,0.078125,0.005917784292250872,0.03044910915195942,0.013725881464779377,0.024510502815246582
CelebDFv3,/root/Datasets/CelebDFv3/CelebDFv3/FAKE/FaceSwap/UniFace/id26_id27_0008.mp4,FaceSwap/UniFace,id26,id27,0,-2.820265293121338,2.820265293121338,0.0,197.05239868164062,30.0,0.0,0.0,0.006257143337279558,0.004861915018409491,0.002938747638836503,0.005351343657821417
CelebDFv3,/root/Datasets/CelebDFv3/CelebDFv3/FAKE/TalkingFace/AniTalker/id22_0006_test_id04478_qfn8NllQPNY.mp4,TalkingFace/AniTalker,id22,,0,6.572433948516846,-6.572433948516846,0.0,156.07888793945312,25.0,0.0,0.0,0.0068466695956885815,0.003913666121661663,0.00511507224291563,0.00511507224291563
CelebDFv3,/root/Datasets/CelebDFv3/CelebDFv3/FAKE/TalkingFace/EDTalk/id11_0005_test_id02465_PhHBC9xmnUQ.mp4,TalkingFace/EDTalk,id11,,0,-1.2688325643539429,1.2688325643539429,0.0,125.97509765625,25.0,0.0,0.0,0.01018468290567398,0.00883794017136097,0.007673104293644428,0.007673104293644428
CelebDFv3,/root/Datasets/CelebDFv3/CelebDFv3/FAKE/TalkingFace/EchoMimic/id25_0004_test_id01593_tLFWX-IdAwI.mp4,TalkingFace/EchoMimic,id25,,0,1.985229253768921,-1.985229253768921,0.0,116.73888397216797,24.0,0.0,0.0,0.014062520116567612,0.012913963757455349,0.006863926537334919,0.006863926537334919
CelebDFv3,/root/Datasets/CelebDFv3/CelebDFv3/FAKE/TalkingFace/FLOAT/id31_0006_test_id01333_oeu8HplVJz8.mp4,TalkingFace/FLOAT,id31,,0,0.9218423366546631,-0.9218423366546631,0.0,222.17881774902344,25.0,0.0,0.0,0.011677572503685951,0.009111438877880573,0.011055043898522854,0.011055043898522854
CelebDFv3,/root/Datasets/CelebDFv3/CelebDFv3/FAKE/TalkingFace/IP_LAP/id26_0008_test_id01541_SjibtkyrW1A.mp4,TalkingFace/IP_LAP,id26,,0,0.6593649983406067,-0.6593649983406067,0.0,177.26930236816406,25.0,0.0,0.0,0.01378064788877964,0.007875373587012291,0.010613366961479187,0.010613366961479187
CelebDFv3,/root/Datasets/CelebDFv3/CelebDFv3/FAKE/TalkingFace/Real3DPortrait/id8_0001_test_id04656_4MhYXxGH8aU.mp4,TalkingFace/Real3DPortrait,id8,,0,5.481781959533691,-5.481781959533691,0.0,281.2066955566406,25.0,1.0,0.109375,0.010449237190186977,0.006373336538672447,0.005598863121122122,0.005598863121122122
CelebDFv3,/root/Datasets/CelebDFv3/CelebDFv3/FAKE/TalkingFace/SadTalker/id54_0003_test_id02317_B_Tih3Eph2k.mp4,TalkingFace/SadTalker,id54,,0,-5.989896774291992,5.989896774291992,0.0,234.41030883789062,25.0,0.0,0.0,0.003992530517280102,0.005332367494702339,0.00592339551076293,0.00592339551076293
CelebDFv3,/root/Datasets/CelebDFv3/CelebDFv3/FAKE/FaceReenact/DaGAN/id48_id43_0003.mp4,FaceReenact/DaGAN,id48,id43,0,-3.299670696258545,3.299670696258545,0.0,111.6169662475586,30.0,0.0,0.0,0.0066518839448690414,0.009222125634551048,0.005424584727734327,0.005424584727734327
CelebDFv3,/root/Datasets/CelebDFv3/CelebDFv3/FAKE/FaceReenact/FSRT/id23_id1_0003.mp4,FaceReenact/FSRT,id23,id1,0,4.945409774780273,-4.945409774780273,0.0,108.47713470458984,20.0,0.0,0.0,0.01799245923757553,0.00706166448071599,0.0062652709893882275,0.0062652709893882275
CelebDFv3,/root/Datasets/CelebDFv3/CelebDFv3/FAKE/FaceReenact/HyperReenact/id31_id38_0001.mp4,FaceReenact/HyperReenact,id31,id38,0,3.671497106552124,-3.671497106552124,0.0,134.69940185546875,25.0,0.0,0.0,0.004812208004295826,0.001969496253877878,0.005486797541379929,0.005486797541379929
CelebDFv3,/root/Datasets/CelebDFv3/CelebDFv3/FAKE/FaceReenact/LIA/id31_id16_0004.mp4,FaceReenact/LIA,id31,id16,0,2.679241180419922,-2.679241180419922,0.0,167.69332885742188,30.0,1.0,0.015625,0.014232940040528774,0.007200553547590971,0.009063216857612133,0.009063216857612133
CelebDFv3,/root/Datasets/CelebDFv3/CelebDFv3/FAKE/FaceReenact/LivePortrait/id51_id49_0005.mp4,FaceReenact/LivePortrait,id51,id49,0,-11.44969367980957,11.44969367980957,0.0,197.52310180664062,30.0,1.0,0.09375,0.0026380184572190046,0.004817896988242865,0.002860468812286854,0.005122513044625521
CelebDFv3,/root/Datasets/CelebDFv3/CelebDFv3/FAKE/FaceReenact/MCNET/id48_id40_0003.mp4,FaceReenact/MCNET,id48,id40,0,-2.058171510696411,2.058171510696411,0.0,88.78246307373047,30.0,1.0,0.015625,0.011297894641757011,0.00905265286564827,0.006629110313951969,0.006629110313951969
CelebDFv3,/root/Datasets/CelebDFv3/CelebDFv3/FAKE/FaceReenact/TPSMM/id26_id35_0002.mp4,FaceReenact/TPSMM,id26,id35,0,6.925823211669922,-6.925823211669922,0.0,108.61869812011719,30.0,0.0,0.0,0.016711533069610596,0.005617224611341953,0.008252700790762901,0.008252700790762901
CelebDFv3,/root/Datasets/CelebDFv3/CelebDFv3/FAKE/FaceSwap/BlendFace/id23_id26_0001.mp4,FaceSwap/BlendFace,id23,id26,0,6.882359027862549,-6.882359027862549,0.0,130.47752380371094,30.0,0.0,0.0,0.002266776282340288,0.0036903945729136467,0.0016453620046377182,0.0029243200551718473
CelebDFv3,/root/Datasets/CelebDFv3/CelebDFv3/FAKE/FaceSwap/Celeb-DF-v2/id25_id27_0005.mp4,FaceSwap/Celeb-DF-v2,id25,id27,0,5.226773262023926,-5.226773262023926,0.0,84.05793762207031,30.0,0.0,0.0,0.011512920260429382,0.0032577747479081154,0.003811529139056802,0.005656309425830841
CelebDFv3,/root/Datasets/CelebDFv3/CelebDFv3/FAKE/FaceSwap/GHOST/id23_id16_0004.mp4,FaceSwap/GHOST,id23,id16,0,-6.124833583831787,6.124833583831787,0.0,236.28981018066406,30.0,1.0,0.078125,0.014883523806929588,0.010247636586427689,0.009127764031291008,0.01230422593653202
CelebDFv3,/root/Datasets/CelebDFv3/CelebDFv3/FAKE/FaceSwap/HifiFace/id26_id35_0002.mp4,FaceSwap/HifiFace,id26,id35,0,0.6696076393127441,-0.6696076393127441,0.0,98.80998229980469,30.0,1.0,0.015625,0.006237908266484737,0.016817495226860046,0.00408942298963666,0.007347099483013153
CelebDFv3,/root/Datasets/CelebDFv3/CelebDFv3/FAKE/FaceSwap/InSwapper/id23_id26_0009.mp4,FaceSwap/InSwapper,id23,id26,0,-3.3260226249694824,3.3260226249694824,0.0,156.41310119628906,30.0,0.0,0.0,0.004256586544215679,0.004276294261217117,0.0031171373557299376,0.004127089865505695
CelebDFv3,/root/Datasets/CelebDFv3/CelebDFv3/FAKE/FaceSwap/MobileFaceSwap/id26_id3_0006.mp4,FaceSwap/MobileFaceSwap,id26,id3,0,-2.943927764892578,2.943927764892578,0.0,257.7469787597656,30.0,1.0,0.015625,0.01672903075814247,0.004708756692707539,0.004362502600997686,0.007943946868181229
CelebDFv3,/root/Datasets/CelebDFv3/CelebDFv3/FAKE/FaceSwap/SimSwap/id48_id39_0007.mp4,FaceSwap/SimSwap,id48,id39,0,7.657013893127441,-7.657013893127441,0.0,100.86394500732422,30.0,0.0,0.0,0.0015158177120611072,0.001261458732187748,0.001372586004436016,0.0018008328042924404
CelebDFv3,/root/Datasets/CelebDFv3/CelebDFv3/FAKE/FaceSwap/UniFace/id54_id52_0006.mp4,FaceSwap/UniFace,id54,id52,0,-11.878152847290039,11.878152847290039,0.0,216.72715759277344,30.0,0.0,0.0,0.004748189821839333,0.005852814763784409,0.003390396246686578,0.006071504671126604
CelebDFv3,/root/Datasets/CelebDFv3/CelebDFv3/FAKE/TalkingFace/AniTalker/id54_0000_test_id08374_8V4tFXw2UxY.mp4,TalkingFace/AniTalker,id54,,0,-1.8085155487060547,1.8085155487060547,0.0,148.1704864501953,25.0,0.0,0.0,0.004393653944134712,0.0040219612419605255,0.004929590970277786,0.004929590970277786
CelebDFv3,/root/Datasets/CelebDFv3/CelebDFv3/FAKE/TalkingFace/EDTalk/id31_0000_test_id08701_UeUyLqpLz70.mp4,TalkingFace/EDTalk,id31,,0,0.2863185405731201,-0.2863185405731201,0.0,151.4341278076172,25.0,0.0,0.0,0.011665964499115944,0.009940234944224358,0.00540905399248004,0.00540905399248004
CelebDFv3,/root/Datasets/CelebDFv3/CelebDFv3/FAKE/TalkingFace/EchoMimic/id56_0003_test_id04862_GaEmvf_9c3Q.mp4,TalkingFace/EchoMimic,id56,,0,-5.47648811340332,5.47648811340332,0.0,146.29798889160156,24.0,0.0,0.0,0.003831657813861966,0.008498426526784897,0.005966633092612028,0.005966633092612028
CelebDFv3,/root/Datasets/CelebDFv3/CelebDFv3/FAKE/TalkingFace/FLOAT/id54_0005_test_id06104_HSe6gXwgeRs.mp4,TalkingFace/FLOAT,id54,,0,-1.737553596496582,1.737553596496582,0.0,111.17847442626953,25.0,0.0,0.0,0.022591376677155495,0.00908598117530346,0.01258773636072874,0.01258773636072874
CelebDFv3,/root/Datasets/CelebDFv3/CelebDFv3/FAKE/TalkingFace/IP_LAP/id51_0004_test_id08392_V2DQaPnQhBs.mp4,TalkingFace/IP_LAP,id51,,0,-0.3173132836818695,0.3173132836818695,0.0,117.51131439208984,25.0,1.0,0.296875,0.0031160449143499136,0.002973896684125066,0.005106619093567133,0.005106619093567133
CelebDFv3,/root/Datasets/CelebDFv3/CelebDFv3/FAKE/TalkingFace/Real3DPortrait/id11_0001_test_id04478_GZQGZOmFU5U.mp4,TalkingFace/Real3DPortrait,id11,,0,1.6490329504013062,-1.6490329504013062,0.0,137.46875,25.0,0.0,0.0,0.012788873165845871,0.0072066751308739185,0.0070901066064834595,0.0070901066064834595
CelebDFv3,/root/Datasets/CelebDFv3/CelebDFv3/FAKE/TalkingFace/SadTalker/id51_0007_test_id07663_Um4MKhndp_0.mp4,TalkingFace/SadTalker,id51,,0,1.9818511009216309,-1.9818511009216309,0.0,159.7398681640625,25.0,0.0,0.0,0.0011140216374769807,0.0035841490607708693,0.0046217176131904125,0.0046217176131904125
CelebDFv3,/root/Datasets/CelebDFv3/CelebDFv3/FAKE/FaceReenact/DaGAN/id54_id56_0002.mp4,FaceReenact/DaGAN,id54,id56,0,-0.32340413331985474,0.32340413331985474,0.0,138.11636352539062,30.0,1.0,0.015625,0.023914244025945663,0.009363658726215363,0.016322491690516472,0.016322491690516472
CelebDFv3,/root/Datasets/CelebDFv3/CelebDFv3/FAKE/FaceReenact/FSRT/id22_id21_0006.mp4,FaceReenact/FSRT,id22,id21,0,6.9185380935668945,-6.9185380935668945,0.0,165.49795532226562,20.0,0.0,0.0,0.018570447340607643,0.0038439284544438124,0.00673652533441782,0.00673652533441782
CelebDFv3,/root/Datasets/CelebDFv3/CelebDFv3/FAKE/FaceReenact/HyperReenact/id54_id49_0001.mp4,FaceReenact/HyperReenact,id54,id49,0,-3.873546600341797,3.873546600341797,0.0,249.9069366455078,25.0,0.0,0.0,0.0032977259252220392,0.0025913999415934086,0.004957254510372877,0.004957254510372877
CelebDFv3,/root/Datasets/CelebDFv3/CelebDFv3/FAKE/FaceReenact/LIA/id26_id37_0001.mp4,FaceReenact/LIA,id26,id37,0,-0.31726258993148804,0.31726258993148804,0.0,165.60755920410156,30.0,1.0,0.109375,0.016013069078326225,0.0020016049966216087,0.007235517259687185,0.007235517259687185
CelebDFv3,/root/Datasets/CelebDFv3/CelebDFv3/FAKE/FaceReenact/LivePortrait/id23_id33_0002.mp4,FaceReenact/LivePortrait,id23,id33,0,-4.930346488952637,4.930346488952637,0.0,129.76087951660156,30.0,1.0,0.25,0.016347253695130348,0.014797446317970753,0.0028984923847019672,0.005151522345840931
CelebDFv3,/root/Datasets/CelebDFv3/CelebDFv3/FAKE/FaceReenact/MCNET/id23_id9_0008.mp4,FaceReenact/MCNET,id23,id9,0,1.2587072849273682,-1.2587072849273682,0.0,110.65690612792969,30.0,1.0,0.328125,0.018705226480960846,0.0024805243592709303,0.008992042392492294,0.008992042392492294
CelebDFv3,/root/Datasets/CelebDFv3/CelebDFv3/FAKE/FaceReenact/TPSMM/id26_id25_0001.mp4,FaceReenact/TPSMM,id26,id25,0,1.8868812322616577,-1.8868812322616577,0.0,158.04391479492188,30.0,1.0,0.25,0.005240766331553459,0.003363399300724268,0.012830945663154125,0.012830945663154125
CelebDFv3,/root/Datasets/CelebDFv3/CelebDFv3/FAKE/FaceSwap/BlendFace/id48_id47_0002.mp4,FaceSwap/BlendFace,id48,id47,0,-2.751163959503174,2.751163959503174,0.0,115.90127563476562,30.0,0.0,0.0,0.002990709152072668,0.004098588600754738,0.001937654335051775,0.003460097359493375
CelebDFv3,/root/Datasets/CelebDFv3/CelebDFv3/FAKE/FaceSwap/Celeb-DF-v2/id31_id26_0002.mp4,FaceSwap/Celeb-DF-v2,id31,id26,0,4.281558990478516,-4.281558990478516,0.0,158.3192138671875,30.0,0.0,0.0,0.017468685284256935,0.0337224043905735,0.012495958246290684,0.022503314539790154
CelebDFv3,/root/Datasets/CelebDFv3/CelebDFv3/FAKE/FaceSwap/GHOST/id48_id40_0003.mp4,FaceSwap/GHOST,id48,id40,0,3.8667988777160645,-3.8667988777160645,0.0,85.4587173461914,30.0,1.0,0.0625,0.006049774587154388,0.00999047327786684,0.006284324452280998,0.011222007684409618
CelebDFv3,/root/Datasets/CelebDFv3/CelebDFv3/FAKE/FaceSwap/HifiFace/id31_id26_0007.mp4,FaceSwap/HifiFace,id31,id26,0,-11.848259925842285,11.848259925842285,0.0,282.9664306640625,30.0,0.0,0.0,0.011949300765991211,0.003788679139688611,0.0070792147889733315,0.012748586013913155
CelebDFv3,/root/Datasets/CelebDFv3/CelebDFv3/FAKE/FaceSwap/InSwapper/id26_id31_0002.mp4,FaceSwap/InSwapper,id26,id31,0,-0.6941515803337097,0.6941515803337097,0.0,103.81597137451172,30.0,0.0,0.0,0.0063720578327775,0.016745373606681824,0.0035700825974345207,0.006414046976715326
CelebDFv3,/root/Datasets/CelebDFv3/CelebDFv3/FAKE/FaceSwap/MobileFaceSwap/id48_id41_0006.mp4,FaceSwap/MobileFaceSwap,id48,id41,0,1.2366564273834229,-1.2366564273834229,0.0,75.21990203857422,30.0,0.0,0.0,0.004892205353826284,0.03439175337553024,0.00476678553968668,0.006254022009670734
CelebDFv3,/root/Datasets/CelebDFv3/CelebDFv3/FAKE/FaceSwap/SimSwap/id31_id9_0002.mp4,FaceSwap/SimSwap,id31,id9,0,3.826183795928955,-3.826183795928955,0.0,154.9562225341797,30.0,0.0,0.0,0.019211702048778534,0.04261067509651184,0.012190633453428745,0.02195347100496292
CelebDFv3,/root/Datasets/CelebDFv3/CelebDFv3/FAKE/FaceSwap/UniFace/id11_id7_0009.mp4,FaceSwap/UniFace,id11,id7,0,-3.973189353942871,3.973189353942871,0.0,108.91255187988281,30.0,0.0,0.0,0.002334489719942212,0.0026804953813552856,0.0015144766075536609,0.0028775054961442947
CelebDFv3,/root/Datasets/CelebDFv3/CelebDFv3/FAKE/TalkingFace/AniTalker/id59_0008_test_id06104_I5L50wxtK8Q.mp4,TalkingFace/AniTalker,id59,,0,8.07646369934082,-8.07646369934082,0.0,113.72431182861328,25.0,0.0,0.0,0.005487475544214249,0.004163551144301891,0.004404229577630758,0.004404229577630758
CelebDFv3,/root/Datasets/CelebDFv3/CelebDFv3/FAKE/TalkingFace/EDTalk/id11_0009_test_id00817_GAs8WnyFKJM.mp4,TalkingFace/EDTalk,id11,,0,1.839653491973877,-1.839653491973877,0.0,119.24917602539062,25.0,0.0,0.0,0.013758854940533638,0.009444087743759155,0.005523757543414831,0.005523757543414831
CelebDFv3,/root/Datasets/CelebDFv3/CelebDFv3/FAKE/TalkingFace/EchoMimic/id23_0002_test_id07961_Q7QhiPMMMVA.mp4,TalkingFace/EchoMimic,id23,,0,0.04435411095619202,-0.04435411095619202,0.0,132.46823120117188,24.0,0.0,0.0,0.008358870632946491,0.010143077000975609,0.010972182266414165,0.010972182266414165
CelebDFv3,/root/Datasets/CelebDFv3/CelebDFv3/FAKE/TalkingFace/FLOAT/id51_0008_test_id03524_2DD4Np7SaWw.mp4,TalkingFace/FLOAT,id51,,0,-1.866719126701355,1.866719126701355,0.0,126.68888854980469,25.0,0.0,0.0,0.010014987550675869,0.007739970926195383,0.006682131439447403,0.006682131439447403
CelebDFv3,/root/Datasets/CelebDFv3/CelebDFv3/FAKE/TalkingFace/IP_LAP/id48_0006_test_id04094_iuzHh5LLoUo.mp4,TalkingFace/IP_LAP,id48,,0,7.794808387756348,-7.794808387756348,0.0,107.69908905029297,25.0,0.0,0.0,0.007963859476149082,0.00612975936383009,0.006329137831926346,0.006329137831926346
CelebDFv3,/root/Datasets/CelebDFv3/CelebDFv3/FAKE/TalkingFace/Real3DPortrait/id25_0010_test_id01437_TLJh3OC21Ms.mp4,TalkingFace/Real3DPortrait,id25,,0,11.329546928405762,-11.329546928405762,0.0,165.24285888671875,25.0,0.0,0.0,0.012916888110339642,0.004590747877955437,0.007875317707657814,0.007875317707657814
CelebDFv3,/root/Datasets/CelebDFv3/CelebDFv3/FAKE/TalkingFace/SadTalker/id31_0003_test_id02542_cwgUjse_REU.mp4,TalkingFace/SadTalker,id31,,0,-4.110495567321777,4.110495567321777,0.0,143.4735107421875,25.0,0.0,0.0,0.005277710501104593,0.010419793426990509,0.008800774812698364,0.008800774812698364
CelebDFv3,/root/Datasets/CelebDFv3/CelebDFv3/FAKE/FaceReenact/DaGAN/id51_id55_0004.mp4,FaceReenact/DaGAN,id51,id55,0,-1.688767671585083,1.688767671585083,0.0,118.80958557128906,30.0,1.0,0.265625,0.013724647462368011,0.02563861757516861,0.023338790982961655,0.023338790982961655
CelebDFv3,/root/Datasets/CelebDFv3/CelebDFv3/FAKE/FaceReenact/FSRT/id51_id49_0001.mp4,FaceReenact/FSRT,id51,id49,0,-6.561855792999268,6.561855792999268,0.0,196.9437255859375,20.0,1.0,0.03125,0.008808456361293793,0.0040929582901299,0.010858213528990746,0.010858213528990746
CelebDFv3,/root/Datasets/CelebDFv3/CelebDFv3/FAKE/FaceReenact/HyperReenact/id56_id50_0006.mp4,FaceReenact/HyperReenact,id56,id50,0,1.3926323652267456,-1.3926323652267456,0.0,113.87979888916016,25.0,0.0,0.0,0.004001745954155922,0.0031147918198257685,0.0036424293648451567,0.0036424293648451567
CelebDFv3,/root/Datasets/CelebDFv3/CelebDFv3/FAKE/FaceReenact/LIA/id26_id3_0008.mp4,FaceReenact/LIA,id26,id3,0,0.3329782783985138,-0.3329782783985138,0.0,178.9458465576172,30.0,0.0,0.0,0.009204640053212643,0.013597561046481133,0.007902070879936218,0.007902070879936218
CelebDFv3,/root/Datasets/CelebDFv3/CelebDFv3/FAKE/FaceReenact/LivePortrait/id22_id21_0006.mp4,FaceReenact/LivePortrait,id22,id21,0,6.9368181228637695,-6.9368181228637695,0.0,151.61468505859375,30.0,0.0,0.0,0.004481806885451078,0.0020936504006385803,0.002022768370807171,0.003595088142901659
CelebDFv3,/root/Datasets/CelebDFv3/CelebDFv3/FAKE/FaceReenact/MCNET/id31_id16_0005.mp4,FaceReenact/MCNET,id31,id16,0,8.423589706420898,-8.423589706420898,0.0,141.7978057861328,30.0,1.0,0.046875,0.010014507919549942,0.005989267956465483,0.007605693303048611,0.007605693303048611
CelebDFv3,/root/Datasets/CelebDFv3/CelebDFv3/FAKE/FaceReenact/TPSMM/id23_id3_0006.mp4,FaceReenact/TPSMM,id23,id3,0,20.403589248657227,-20.403589248657227,0.0,127.55207061767578,30.0,1.0,0.234375,0.015572051517665386,0.012523667886853218,0.010483822785317898,0.010483822785317898
CelebDFv3,/root/Datasets/CelebDFv3/CelebDFv3/FAKE/FaceSwap/BlendFace/id56_id52_0008.mp4,FaceSwap/BlendFace,id56,id52,0,9.995126724243164,-9.995126724243164,0.0,113.67530822753906,30.0,0.0,0.0,0.005001063458621502,0.002733479952439666,0.002204421442002058,0.003947666846215725
CelebDFv3,/root/Datasets/CelebDFv3/CelebDFv3/FAKE/FaceSwap/Celeb-DF-v2/id56_id58_0005.mp4,FaceSwap/Celeb-DF-v2,id56,id58,0,3.9931766986846924,-3.9931766986846924,0.0,98.2525634765625,29.899993896484375,0.0,0.0,0.001640785252675414,0.003951107617467642,0.0009333984926342964,0.0016715254168957472
CelebDFv3,/root/Datasets/CelebDFv3/CelebDFv3/FAKE/FaceSwap/GHOST/id23_id2_0007.mp4,FaceSwap/GHOST,id23,id2,0,1.521846055984497,-1.521846055984497,0.0,124.16439819335938,30.0,0.0,0.0,0.012015552259981632,0.049037910997867584,0.007514115888625383,0.01318209245800972
CelebDFv3,/root/Datasets/CelebDFv3/CelebDFv3/FAKE/FaceSwap/HifiFace/id31_id35_0002.mp4,FaceSwap/HifiFace,id31,id35,0,4.220107555389404,-4.220107555389404,0.0,153.51400756835938,30.0,0.0,0.0,0.01723124459385872,0.03613262251019478,0.012149573303759098,0.02187952771782875
CelebDFv3,/root/Datasets/CelebDFv3/CelebDFv3/FAKE/FaceSwap/InSwapper/id31_id3_0000.mp4,FaceSwap/InSwapper,id31,id3,0,1.178678035736084,-1.178678035736084,0.0,120.95575714111328,30.0,0.0,0.0,0.0035594827495515347,0.006478835828602314,0.003264371305704117,0.005878634750843048
CelebDFv3,/root/Datasets/CelebDFv3/CelebDFv3/FAKE/FaceSwap/MobileFaceSwap/id23_id20_0001.mp4,FaceSwap/MobileFaceSwap,id23,id20,0,5.763917446136475,-5.763917446136475,0.0,124.06365966796875,30.0,0.0,0.0,0.0022955122403800488,0.0036680148914456367,0.0015094713307917118,0.0026827999390661716
CelebDFv3,/root/Datasets/CelebDFv3/CelebDFv3/FAKE/FaceSwap/SimSwap/id8_id6_0007.mp4,FaceSwap/SimSwap,id8,id6,0,-0.16280484199523926,0.16280484199523926,0.0,158.2210693359375,30.0,0.0,0.0,0.013794544152915478,0.06052494794130325,0.0023362927604466677,0.004401575308293104
CelebDFv3,/root/Datasets/CelebDFv3/CelebDFv3/FAKE/FaceSwap/UniFace/id26_id1_0000.mp4,FaceSwap/UniFace,id26,id1,0,1.472995400428772,-1.472995400428772,0.0,174.84393310546875,30.0,0.0,0.0,0.0020522279664874077,0.0013872658601030707,0.0023069491144269705,0.004144688136875629
CelebDFv3,/root/Datasets/CelebDFv3/CelebDFv3/FAKE/TalkingFace/AniTalker/id22_0000_test_id00926_TOxtKuoggFI.mp4,TalkingFace/AniTalker,id22,,0,2.602811098098755,-2.602811098098755,0.0,143.06753540039062,25.0,0.0,0.0,0.006636633537709713,0.005257795099169016,0.007540282793343067,0.007540282793343067
CelebDFv3,/root/Datasets/CelebDFv3/CelebDFv3/FAKE/TalkingFace/EDTalk/id56_0007_test_id07663_qqRVoQRN1vg.mp4,TalkingFace/EDTalk,id56,,0,-5.641213417053223,5.641213417053223,0.0,320.8016662597656,25.0,0.0,0.0,0.010595637373626232,0.010095609351992607,0.00937066413462162,0.00937066413462162
CelebDFv3,/root/Datasets/CelebDFv3/CelebDFv3/FAKE/TalkingFace/EchoMimic/id56_0004_test_id09017_oF8cALd6lU0.mp4,TalkingFace/EchoMimic,id56,,0,0.14633244276046753,-0.14633244276046753,0.0,130.20606994628906,24.0,0.0,0.0,0.009614890441298485,0.013179614208638668,0.012270262464880943,0.012270262464880943
CelebDFv3,/root/Datasets/CelebDFv3/CelebDFv3/FAKE/TalkingFace/FLOAT/id23_0004_test_id04276_H1Xnb_rtgqY.mp4,TalkingFace/FLOAT,id23,,0,-6.558675765991211,6.558675765991211,0.0,248.20330810546875,25.0,0.0,0.0,0.00828777626156807,0.011680152267217636,0.009407361038029194,0.009407361038029194
CelebDFv3,/root/Datasets/CelebDFv3/CelebDFv3/FAKE/TalkingFace/IP_LAP/id59_0006_test_id08701_yty4X4F1mQY.mp4,TalkingFace/IP_LAP,id59,,0,14.63273811340332,-14.63273811340332,0.0,111.7933120727539,25.0,1.0,0.015625,0.0230551864951849,0.0140492869541049,0.023255497217178345,0.023255497217178345
CelebDFv3,/root/Datasets/CelebDFv3/CelebDFv3/FAKE/TalkingFace/Real3DPortrait/id59_0002_test_id04232_lcNvUKfW9tY.mp4,TalkingFace/Real3DPortrait,id59,,0,-3.3272056579589844,3.3272056579589844,0.0,258.7562255859375,25.0,1.0,1.0,0.0,0.0,0.0,0.0
CelebDFv3,/root/Datasets/CelebDFv3/CelebDFv3/FAKE/TalkingFace/SadTalker/id56_0004_test_id04366_GAE3onT-CHs.mp4,TalkingFace/SadTalker,id56,,0,-1.930353045463562,1.930353045463562,0.0,154.13099670410156,25.0,0.0,0.0,0.0034538256004452705,0.005035082809627056,0.010340099222958088,0.010340099222958088
CelebDFv3,/root/Datasets/CelebDFv3/CelebDFv3/FAKE/FaceReenact/DaGAN/id48_id42_0003.mp4,FaceReenact/DaGAN,id48,id42,0,1.320848822593689,-1.320848822593689,0.0,105.92283630371094,30.0,0.0,0.0,0.019080452620983124,0.004578234627842903,0.011342342011630535,0.011342342011630535
CelebDFv3,/root/Datasets/CelebDFv3/CelebDFv3/FAKE/FaceReenact/FSRT/id26_id0_0000.mp4,FaceReenact/FSRT,id26,id0,0,-1.116532564163208,1.116532564163208,0.0,149.73764038085938,20.0,1.0,0.28125,0.021179337054491043,0.00637031439691782,0.007476340048015118,0.007476340048015118
CelebDFv3,/root/Datasets/CelebDFv3/CelebDFv3/FAKE/FaceReenact/HyperReenact/id31_id16_0004.mp4,FaceReenact/HyperReenact,id31,id16,0,2.102687358856201,-2.102687358856201,0.0,245.4873504638672,25.0,0.0,0.0,0.012922660447657108,0.0036081362050026655,0.011652236804366112,0.011652236804366112
CelebDFv3,/root/Datasets/CelebDFv3/CelebDFv3/FAKE/FaceReenact/LIA/id48_id45_0008.mp4,FaceReenact/LIA,id48,id45,0,-14.496088027954102,14.496088027954102,0.0,239.76856994628906,30.0,0.0,0.0,0.007737640291452408,0.011138328351080418,0.010776247829198837,0.010776247829198837
CelebDFv3,/root/Datasets/CelebDFv3/CelebDFv3/FAKE/FaceReenact/LivePortrait/id26_id1_0004.mp4,FaceReenact/LivePortrait,id26,id1,0,2.3149256706237793,-2.3149256706237793,0.0,138.7658233642578,30.0,0.0,0.0,0.002878767205402255,0.004980950616300106,0.0019918985199183226,0.0035786654334515333
CelebDFv3,/root/Datasets/CelebDFv3/CelebDFv3/FAKE/FaceReenact/MCNET/id25_id21_0008.mp4,FaceReenact/MCNET,id25,id21,0,10.299907684326172,-10.299907684326172,0.0,158.3080291748047,30.0,0.0,0.0,0.029492605477571487,0.015547462739050388,0.010665316134691238,0.010665316134691238
CelebDFv3,/root/Datasets/CelebDFv3/CelebDFv3/FAKE/FaceReenact/TPSMM/id22_id21_0004.mp4,FaceReenact/TPSMM,id22,id21,0,-1.2030534744262695,1.2030534744262695,0.0,172.65933227539062,30.0,0.0,0.0,0.009991394355893135,0.01097811758518219,0.005931022111326456,0.005931022111326456
CelebDFv3,/root/Datasets/CelebDFv3/CelebDFv3/FAKE/FaceSwap/BlendFace/id23_id0_0003.mp4,FaceSwap/BlendFace,id23,id0,0,1.9381041526794434,-1.9381041526794434,0.0,107.56382751464844,30.0,0.0,0.0,0.0038931032177060843,0.0026673588436096907,0.0014737227465957403,0.0026192632503807545
CelebDFv3,/root/Datasets/CelebDFv3/CelebDFv3/FAKE/FaceSwap/Celeb-DF-v2/id23_id31_0000.mp4,FaceSwap/Celeb-DF-v2,id23,id31,0,6.074058532714844,-6.074058532714844,0.0,113.00509643554688,30.0,0.0,0.0,0.0017184567404910922,0.0018671295838430524,0.0009560832986608148,0.0016992574092000723
CelebDFv3,/root/Datasets/CelebDFv3/CelebDFv3/FAKE/FaceSwap/GHOST/id54_id52_0005.mp4,FaceSwap/GHOST,id54,id52,0,1.2202295064926147,-1.2202295064926147,0.0,102.49813842773438,30.0,0.0,0.0,0.015127930790185928,0.003385012736544013,0.003443161491304636,0.0061659966595470905
CelebDFv3,/root/Datasets/CelebDFv3/CelebDFv3/FAKE/FaceSwap/HifiFace/id48_id40_0007.mp4,FaceSwap/HifiFace,id48,id40,0,5.395682334899902,-5.395682334899902,0.0,97.74140167236328,30.0,0.0,0.0,0.0015191045822575688,0.0013531907461583614,0.001383246504701674,0.0018148194067180157
CelebDFv3,/root/Datasets/CelebDFv3/CelebDFv3/FAKE/FaceSwap/InSwapper/id31_id37_0004.mp4,FaceSwap/InSwapper,id31,id37,0,5.286322116851807,-5.286322116851807,0.0,207.92176818847656,30.0,0.0,0.0,0.0051056151278316975,0.0029404042288661003,0.0024595006834715605,0.004429185763001442
CelebDFv3,/root/Datasets/CelebDFv3/CelebDFv3/FAKE/FaceSwap/MobileFaceSwap/id54_id52_0003.mp4,FaceSwap/MobileFaceSwap,id54,id52,0,-4.654600143432617,4.654600143432617,0.0,196.65713500976562,30.0,0.0,0.0,0.001759479520842433,0.010348951444029808,0.0017581963911652565,0.0031485692597925663
CelebDFv3,/root/Datasets/CelebDFv3/CelebDFv3/FAKE/FaceSwap/SimSwap/id51_id53_0007.mp4,FaceSwap/SimSwap,id51,id53,0,0.3647107481956482,-0.3647107481956482,0.0,148.37762451171875,30.0,0.0,0.0,0.0032822838984429836,0.003287694649770856,0.0015909990761429071,0.002849153010174632
CelebDFv3,/root/Datasets/CelebDFv3/CelebDFv3/FAKE/FaceSwap/UniFace/id26_id22_0003.mp4,FaceSwap/UniFace,id26,id22,0,-8.503511428833008,8.503511428833008,0.0,379.68377685546875,30.0,0.0,0.0,0.006181244272738695,0.006540482863783836,0.00237674149684608,0.004270078148692846
CelebDFv3,/root/Datasets/CelebDFv3/CelebDFv3/FAKE/TalkingFace/AniTalker/id11_0003_test_id06209_6oI-FJQS9V0.mp4,TalkingFace/AniTalker,id11,,0,-7.850118637084961,7.850118637084961,0.0,220.01150512695312,25.0,0.0,0.0,0.003933361265808344,0.003131187055259943,0.005765663459897041,0.005765663459897041
CelebDFv3,/root/Datasets/CelebDFv3/CelebDFv3/FAKE/TalkingFace/EDTalk/id25_0000_test_id06209_6oI-FJQS9V0.mp4,TalkingFace/EDTalk,id25,,0,4.277298450469971,-4.277298450469971,0.0,164.23924255371094,25.0,0.0,0.0,0.012137649580836296,0.011254330165684223,0.006836479529738426,0.006836479529738426
CelebDFv3,/root/Datasets/CelebDFv3/CelebDFv3/FAKE/TalkingFace/EchoMimic/id11_0003_test_id02725_37kUrf6RJdw.mp4,TalkingFace/EchoMimic,id11,,0,-15.29664421081543,15.29664421081543,0.0,247.91799926757812,24.0,0.0,0.0,0.007261459715664387,0.008596859872341156,0.0045690531842410564,0.0045690531842410564
CelebDFv3,/root/Datasets/CelebDFv3/CelebDFv3/FAKE/TalkingFace/FLOAT/id25_0004_test_id00926_TOxtKuoggFI.mp4,TalkingFace/FLOAT,id25,,0,-1.8941748142242432,1.8941748142242432,0.0,126.39410400390625,25.0,0.0,0.0,0.016931744292378426,0.007551705930382013,0.007738481275737286,0.007738481275737286
CelebDFv3,/root/Datasets/CelebDFv3/CelebDFv3/FAKE/TalkingFace/IP_LAP/id23_0007_test_id03127_XaxvcU5-eGY.mp4,TalkingFace/IP_LAP,id23,,0,3.271021604537964,-3.271021604537964,0.0,131.28448486328125,25.0,0.0,0.0,0.02110927365720272,0.018488287925720215,0.009033145383000374,0.009033145383000374
CelebDFv3,/root/Datasets/CelebDFv3/CelebDFv3/FAKE/TalkingFace/Real3DPortrait/id54_0005_test_id03178_NLOzCF7vIio.mp4,TalkingFace/Real3DPortrait,id54,,0,3.231624126434326,-3.231624126434326,0.0,126.48860931396484,25.0,0.0,0.0,0.012378797866404057,0.004142386838793755,0.007293398026376963,0.007293398026376963
CelebDFv3,/root/Datasets/CelebDFv3/CelebDFv3/FAKE/TalkingFace/SadTalker/id22_0002_test_id02086_0zkXi4u4Rr0.mp4,TalkingFace/SadTalker,id22,,0,-5.572089195251465,5.572089195251465,0.0,178.6086883544922,25.0,0.0,0.0,0.001476684003137052,0.0025029797106981277,0.003970925230532885,0.003970925230532885
CelebDFv3,/root/Datasets/CelebDFv3/CelebDFv3/FAKE/FaceReenact/DaGAN/id31_id1_0001.mp4,FaceReenact/DaGAN,id31,id1,0,6.625799179077148,-6.625799179077148,0.0,130.5843505859375,30.0,1.0,0.125,0.013174240477383137,0.004175657872110605,0.006299149245023727,0.006299149245023727
CelebDFv3,/root/Datasets/CelebDFv3/CelebDFv3/FAKE/FaceReenact/FSRT/id31_id17_0004.mp4,FaceReenact/FSRT,id31,id17,0,12.475419044494629,-12.475419044494629,0.0,172.0269317626953,20.0,1.0,0.1875,0.008143292739987373,0.007667135447263718,0.005446596536785364,0.005446596536785364
CelebDFv3,/root/Datasets/CelebDFv3/CelebDFv3/FAKE/FaceReenact/HyperReenact/id23_id19_0002.mp4,FaceReenact/HyperReenact,id23,id19,0,8.315664291381836,-8.315664291381836,0.0,115.95072937011719,25.0,0.0,0.0,0.004237743094563484,0.002448604442179203,0.0070530809462070465,0.0070530809462070465
CelebDFv3,/root/Datasets/CelebDFv3/CelebDFv3/FAKE/FaceReenact/LIA/id23_id2_0009.mp4,FaceReenact/LIA,id23,id2,0,2.350045680999756,-2.350045680999756,0.0,162.75552368164062,30.0,0.0,0.0,0.008581483736634254,0.005869118496775627,0.0074005452916026115,0.0074005452916026115
CelebDFv3,/root/Datasets/CelebDFv3/CelebDFv3/FAKE/FaceReenact/LivePortrait/id31_id2_0002.mp4,FaceReenact/LivePortrait,id31,id2,0,4.5662641525268555,-4.5662641525268555,0.0,166.39205932617188,30.0,1.0,0.15625,0.009609142318367958,0.020638247951865196,0.009616870433092117,0.017318516969680786
CelebDFv3,/root/Datasets/CelebDFv3/CelebDFv3/FAKE/FaceReenact/MCNET/id23_id4_0005.mp4,FaceReenact/MCNET,id23,id4,0,11.194249153137207,-11.194249153137207,0.0,104.88343811035156,30.0,0.0,0.0,0.013623185455799103,0.014474069699645042,0.00882665067911148,0.00882665067911148
CelebDFv3,/root/Datasets/CelebDFv3/CelebDFv3/FAKE/FaceReenact/TPSMM/id22_id28_0005.mp4,FaceReenact/TPSMM,id22,id28,0,4.32482385635376,-4.32482385635376,0.0,99.35572052001953,30.0,0.0,0.0,0.008786615915596485,0.008436495438218117,0.006318629253655672,0.006318629253655672
CelebDFv3,/root/Datasets/CelebDFv3/CelebDFv3/FAKE/FaceSwap/BlendFace/id23_id17_0000.mp4,FaceSwap/BlendFace,id23,id17,0,9.09219741821289,-9.09219741821289,0.0,108.38355255126953,30.0,0.0,0.0,0.0017595901153981686,0.0018021841533482075,0.0012527660001069307,0.0022265545558184385
CelebDFv3,/root/Datasets/CelebDFv3/CelebDFv3/FAKE/FaceSwap/Celeb-DF-v2/id59_id61_0007.mp4,FaceSwap/Celeb-DF-v2,id59,id61,0,2.4388675689697266,-2.4388675689697266,0.0,107.62830352783203,30.0,0.0,0.0,0.030216356739401817,0.03270433470606804,0.0031348224729299545,0.005613823886960745
CelebDFv3,/root/Datasets/CelebDFv3/CelebDFv3/FAKE/FaceSwap/GHOST/id23_id9_0006.mp4,FaceSwap/GHOST,id23,id9,0,2.506706714630127,-2.506706714630127,0.0,236.15740966796875,30.0,0.0,0.0,0.008691986091434956,0.003819849109277129,0.002452416578307748,0.003249451983720064
CelebDFv3,/root/Datasets/CelebDFv3/CelebDFv3/FAKE/FaceSwap/HifiFace/id48_id43_0008.mp4,FaceSwap/HifiFace,id48,id43,0,-12.925727844238281,12.925727844238281,0.0,249.848388671875,30.0,0.0,0.0,0.002535578329116106,0.0028014259878546,0.0030423225834965706,0.003030153224244714
CelebDFv3,/root/Datasets/CelebDFv3/CelebDFv3/FAKE/FaceSwap/InSwapper/id31_id20_0008.mp4,FaceSwap/InSwapper,id31,id20,0,-1.6925599575042725,1.6925599575042725,0.0,160.22430419921875,30.0,0.0,0.0,0.004652682691812515,0.010310495272278786,0.006368572823703289,0.011468828655779362
CelebDFv3,/root/Datasets/CelebDFv3/CelebDFv3/FAKE/FaceSwap/MobileFaceSwap/id26_id16_0003.mp4,FaceSwap/MobileFaceSwap,id26,id16,0,-5.504613876342773,5.504613876342773,0.0,374.7375793457031,30.0,0.0,0.0,0.005970939062535763,0.00631455983966589,0.0017082532867789268,0.003069064812734723
CelebDFv3,/root/Datasets/CelebDFv3/CelebDFv3/FAKE/FaceSwap/SimSwap/id31_id34_0004.mp4,FaceSwap/SimSwap,id31,id34,0,6.78786039352417,-6.78786039352417,0.0,226.02243041992188,30.0,0.0,0.0,0.004629835952073336,0.0028214675839990377,0.003234033938497305,0.005824001971632242
CelebDFv3,/root/Datasets/CelebDFv3/CelebDFv3/FAKE/FaceSwap/UniFace/id22_id20_0002.mp4,FaceSwap/UniFace,id22,id20,0,-2.6438093185424805,2.6438093185424805,0.0,121.4790267944336,30.0,0.0,0.0,0.006051225587725639,0.00969281978905201,0.0035577777307480574,0.006323277018964291
CelebDFv3,/root/Datasets/CelebDFv3/CelebDFv3/FAKE/TalkingFace/AniTalker/id48_0006_test_id01298_tAQVEmDyrPs.mp4,TalkingFace/AniTalker,id48,,0,1.500464916229248,-1.500464916229248,0.0,118.88600158691406,25.0,0.0,0.0,0.005406774114817381,0.004824494011700153,0.006037824787199497,0.006037824787199497
CelebDFv3,/root/Datasets/CelebDFv3/CelebDFv3/FAKE/TalkingFace/EDTalk/id8_0005_test_id09017_D8dCOAYteTY.mp4,TalkingFace/EDTalk,id8,,0,1.6023766994476318,-1.6023766994476318,0.0,134.8260955810547,25.0,0.0,0.0,0.010243223048746586,0.010231878608465195,0.00514205964282155,0.00514205964282155
CelebDFv3,/root/Datasets/CelebDFv3/CelebDFv3/FAKE/TalkingFace/EchoMimic/id54_0008_test_id08456_ajf9MieCX4k.mp4,TalkingFace/EchoMimic,id54,,0,-9.045485496520996,9.045485496520996,0.0,234.8427734375,24.0,0.0,0.0,0.006302726920694113,0.01258841436356306,0.006376940757036209,0.006376940757036209
CelebDFv3,/root/Datasets/CelebDFv3/CelebDFv3/FAKE/TalkingFace/FLOAT/id8_0009_test_id02086_UpjWerN0hoE.mp4,TalkingFace/FLOAT,id8,,0,-1.9028116464614868,1.9028116464614868,0.0,117.09781646728516,25.0,0.0,0.0,0.01405046321451664,0.008638978004455566,0.008844753727316856,0.008844753727316856
CelebDFv3,/root/Datasets/CelebDFv3/CelebDFv3/FAKE/TalkingFace/IP_LAP/id22_0008_test_id03347_y_F4aAkN0d8.mp4,TalkingFace/IP_LAP,id22,,0,6.373492240905762,-6.373492240905762,0.0,189.11659240722656,25.0,0.0,0.0,0.007785240188241005,0.006141488440334797,0.008932886645197868,0.008932886645197868
CelebDFv3,/root/Datasets/CelebDFv3/CelebDFv3/FAKE/TalkingFace/Real3DPortrait/id26_0002_test_id05055_6EIN7_SQQDM.mp4,TalkingFace/Real3DPortrait,id26,,0,5.5497870445251465,-5.5497870445251465,0.0,132.8466796875,25.0,0.0,0.0,0.009031102061271667,0.005560403689742088,0.004727089311927557,0.004727089311927557
CelebDFv3,/root/Datasets/CelebDFv3/CelebDFv3/FAKE/TalkingFace/SadTalker/id51_0007_test_id08696_rszCIqLKMBQ.mp4,TalkingFace/SadTalker,id51,,0,1.308858036994934,-1.308858036994934,0.0,151.45726013183594,25.0,0.0,0.0,0.006256525870412588,0.005319619085639715,0.005116038024425507,0.005116038024425507
CelebDFv3,/root/Datasets/CelebDFv3/CelebDFv3/FAKE/FaceReenact/DaGAN/id56_id55_0001.mp4,FaceReenact/DaGAN,id56,id55,0,6.3654913902282715,-6.3654913902282715,0.0,139.18759155273438,30.0,0.0,0.0,0.015040978789329529,0.008591433055698872,0.010278252884745598,0.010278252884745598
CelebDFv3,/root/Datasets/CelebDFv3/CelebDFv3/FAKE/FaceReenact/FSRT/id31_id38_0001.mp4,FaceReenact/FSRT,id31,id38,0,13.056135177612305,-13.056135177612305,0.0,132.8968963623047,20.0,1.0,0.03125,0.014601437374949455,0.006418040953576565,0.01390815805643797,0.01390815805643797
CelebDFv3,/root/Datasets/CelebDFv3/CelebDFv3/FAKE/FaceReenact/HyperReenact/id23_id17_0006.mp4,FaceReenact/HyperReenact,id23,id17,0,11.04704475402832,-11.04704475402832,0.0,173.8302459716797,25.0,0.0,0.0,0.005216007120907307,0.0037885974161326885,0.005754988640546799,0.005754988640546799
CelebDFv3,/root/Datasets/CelebDFv3/CelebDFv3/FAKE/FaceReenact/LIA/id8_id6_0007.mp4,FaceReenact/LIA,id8,id6,0,3.1278622150421143,-3.1278622150421143,0.0,145.02017211914062,30.0,1.0,0.0625,0.016874486580491066,0.005297744181007147,0.011980459094047546,0.011980459094047546
CelebDFv3,/root/Datasets/CelebDFv3/CelebDFv3/FAKE/FaceReenact/LivePortrait/id59_id5_0004.mp4,FaceReenact/LivePortrait,id59,id5,0,-1.2028324604034424,1.2028324604034424,0.0,143.55931091308594,30.0,1.0,0.1875,0.011300892569124699,0.010638197883963585,0.009013909846544266,0.016142066568136215
CelebDFv3,/root/Datasets/CelebDFv3/CelebDFv3/FAKE/FaceReenact/MCNET/id31_id3_0000.mp4,FaceReenact/MCNET,id31,id3,0,3.9920527935028076,-3.9920527935028076,0.0,117.24620056152344,30.0,1.0,0.125,0.010572806932032108,0.015670735388994217,0.010162603110074997,0.010162603110074997
CelebDFv3,/root/Datasets/CelebDFv3/CelebDFv3/FAKE/FaceReenact/TPSMM/id31_id3_0000.mp4,FaceReenact/TPSMM,id31,id3,0,3.1281771659851074,-3.1281771659851074,0.0,122.33311462402344,30.0,1.0,0.09375,0.009584549814462662,0.011700441129505634,0.008480293676257133,0.008480293676257133
CelebDFv3,/root/Datasets/CelebDFv3/CelebDFv3/FAKE/FaceSwap/BlendFace/id23_id0_0007.mp4,FaceSwap/BlendFace,id23,id0,0,3.1755473613739014,-3.1755473613739014,0.0,126.32439422607422,30.0,0.0,0.0,0.01151080708950758,0.022128475829958916,0.006368210539221764,0.011171816848218441
CelebDFv3,/root/Datasets/CelebDFv3/CelebDFv3/FAKE/FaceSwap/Celeb-DF-v2/id51_id50_0002.mp4,FaceSwap/Celeb-DF-v2,id51,id50,0,2.36434006690979,-2.36434006690979,0.0,87.33013153076172,30.0,0.0,0.0,0.004944785498082638,0.010145158506929874,0.003333829576149583,0.00597020611166954
CelebDFv3,/root/Datasets/CelebDFv3/CelebDFv3/FAKE/FaceSwap/GHOST/id54_id53_0001.mp4,FaceSwap/GHOST,id54,id53,0,-2.034250020980835,2.034250020980835,0.0,166.30564880371094,30.0,0.0,0.0,0.004724389407783747,0.023387782275676727,0.004466350190341473,0.00799831748008728
CelebDFv3,/root/Datasets/CelebDFv3/CelebDFv3/FAKE/FaceSwap/HifiFace/id56_id49_0003.mp4,FaceSwap/HifiFace,id56,id49,0,-9.274850845336914,9.274850845336914,0.0,109.00292205810547,30.0,0.0,0.0,0.00441488903015852,0.0029873272869735956,0.003335176268592477,0.005972617771476507
CelebDFv3,/root/Datasets/CelebDFv3/CelebDFv3/FAKE/FaceSwap/InSwapper/id31_id20_0002.mp4,FaceSwap/InSwapper,id31,id20,0,2.685110092163086,-2.685110092163086,0.0,149.0039520263672,30.0,0.0,0.0,0.023760106414556503,0.04743410646915436,0.016378406435251236,0.029495010152459145
CelebDFv3,/root/Datasets/CelebDFv3/CelebDFv3/FAKE/FaceSwap/MobileFaceSwap/id23_id0_0007.mp4,FaceSwap/MobileFaceSwap,id23,id0,0,1.1551365852355957,-1.1551365852355957,0.0,125.15705871582031,30.0,0.0,0.0,0.009617630392313004,0.03852454572916031,0.006626523099839687,0.011624976992607117
CelebDFv3,/root/Datasets/CelebDFv3/CelebDFv3/FAKE/FaceSwap/SimSwap/id26_id28_0004.mp4,FaceSwap/SimSwap,id26,id28,0,2.7231321334838867,-2.7231321334838867,0.0,139.34115600585938,30.0,0.0,0.0,0.0035302937030792236,0.0075516714714467525,0.0024933700915426016,0.004479614086449146
CelebDFv3,/root/Datasets/CelebDFv3/CelebDFv3/FAKE/FaceSwap/UniFace/id23_id35_0005.mp4,FaceSwap/UniFace,id23,id35,0,4.933887004852295,-4.933887004852295,0.0,119.88298797607422,30.0,0.0,0.0,0.006190971937030554,0.002346933353692293,0.0034697894006967545,0.007102589122951031
CelebDFv3,/root/Datasets/CelebDFv3/CelebDFv3/FAKE/TalkingFace/AniTalker/id26_0006_test_id04232_ROWN2ssXek8.mp4,TalkingFace/AniTalker,id26,,0,-4.282293796539307,4.282293796539307,0.0,281.621826171875,25.0,0.0,0.0,0.007694282568991184,0.004725796170532703,0.005333444103598595,0.005333444103598595
CelebDFv3,/root/Datasets/CelebDFv3/CelebDFv3/FAKE/TalkingFace/EDTalk/id23_0007_test_id04295_zjlNcdVhso4.mp4,TalkingFace/EDTalk,id23,,0,9.272315979003906,-9.272315979003906,0.0,176.5076141357422,25.0,0.0,0.0,0.010828424245119095,0.009976252913475037,0.00472088810056448,0.00472088810056448
CelebDFv3,/root/Datasets/CelebDFv3/CelebDFv3/FAKE/TalkingFace/EchoMimic/id23_0001_test_id03862_6W_l9CHyUZg.mp4,TalkingFace/EchoMimic,id23,,0,-1.335712194442749,1.335712194442749,0.0,165.28440856933594,24.0,0.0,0.0,0.006948769558221102,0.008151139132678509,0.004155242815613747,0.004155242815613747
CelebDFv3,/root/Datasets/CelebDFv3/CelebDFv3/FAKE/TalkingFace/FLOAT/id54_0008_test_id08456_ajf9MieCX4k.mp4,TalkingFace/FLOAT,id54,,0,-9.069704055786133,9.069704055786133,0.0,199.5421905517578,25.0,0.0,0.0,0.008666174486279488,0.012371703051030636,0.007577138487249613,0.007577138487249613
CelebDFv3,/root/Datasets/CelebDFv3/CelebDFv3/FAKE/TalkingFace/IP_LAP/id59_0007_test_id07621_50AxdGn25as.mp4,TalkingFace/IP_LAP,id59,,0,2.975386619567871,-2.975386619567871,0.0,123.62596130371094,25.0,0.0,0.0,0.013959011994302273,0.005221393890678883,0.007176724728196859,0.007176724728196859
CelebDFv3,/root/Datasets/CelebDFv3/CelebDFv3/FAKE/TalkingFace/Real3DPortrait/id51_0005_test_id09017_sduESYpj2-I.mp4,TalkingFace/Real3DPortrait,id51,,0,-7.85726261138916,7.85726261138916,0.0,201.4581756591797,25.0,0.0,0.0,0.010448840446770191,0.004614909645169973,0.007583811413496733,0.007583811413496733
CelebDFv3,/root/Datasets/CelebDFv3/CelebDFv3/FAKE/TalkingFace/SadTalker/id11_0003_test_id02725_37kUrf6RJdw.mp4,TalkingFace/SadTalker,id11,,0,-16.775264739990234,16.775264739990234,0.0,237.72872924804688,25.0,0.0,0.0,0.0023175482638180256,0.004567685071378946,0.005117609165608883,0.005117609165608883
CelebDFv3,/root/Datasets/CelebDFv3/CelebDFv3/FAKE/FaceReenact/DaGAN/id11_id7_0003.mp4,FaceReenact/DaGAN,id11,id7,0,-11.469289779663086,11.469289779663086,0.0,179.26260375976562,30.0,0.0,0.0,0.022788872942328453,0.012587522156536579,0.013834238983690739,0.013834238983690739
CelebDFv3,/root/Datasets/CelebDFv3/CelebDFv3/FAKE/FaceReenact/FSRT/id54_id52_0006.mp4,FaceReenact/FSRT,id54,id52,0,-4.26965856552124,4.26965856552124,0.0,149.772705078125,20.0,0.0,0.0,0.00941834133118391,0.0042251343838870525,0.007969571277499199,0.007969571277499199
CelebDFv3,/root/Datasets/CelebDFv3/CelebDFv3/FAKE/FaceReenact/HyperReenact/id22_id26_0005.mp4,FaceReenact/HyperReenact,id22,id26,0,-3.062349796295166,3.062349796295166,0.0,121.92300415039062,25.0,0.0,0.0,0.0016220593824982643,0.0015510491793975234,0.003969463519752026,0.003969463519752026
CelebDFv3,/root/Datasets/CelebDFv3/CelebDFv3/FAKE/FaceReenact/LIA/id31_id9_0003.mp4,FaceReenact/LIA,id31,id9,0,-6.579781532287598,6.579781532287598,0.0,154.7498779296875,30.0,0.0,0.0,0.025121457874774933,0.011196218430995941,0.020213047042489052,0.020213047042489052
CelebDFv3,/root/Datasets/CelebDFv3/CelebDFv3/FAKE/FaceReenact/LivePortrait/id26_id3_0008.mp4,FaceReenact/LivePortrait,id26,id3,0,-1.601670265197754,1.601670265197754,0.0,159.09722900390625,30.0,0.0,0.0,0.0025046649388968945,0.009427975863218307,0.003529228735715151,0.006426586769521236
CelebDFv3,/root/Datasets/CelebDFv3/CelebDFv3/FAKE/FaceReenact/MCNET/id26_id29_0008.mp4,FaceReenact/MCNET,id26,id29,0,1.5214307308197021,-1.5214307308197021,0.0,160.5941619873047,30.0,1.0,0.109375,0.00832099374383688,0.006950625218451023,0.013164764270186424,0.013164764270186424
CelebDFv3,/root/Datasets/CelebDFv3/CelebDFv3/FAKE/FaceReenact/TPSMM/id31_id29_0001.mp4,FaceReenact/TPSMM,id31,id29,0,8.535282135009766,-8.535282135009766,0.0,127.7695541381836,30.0,1.0,0.140625,0.023410895839333534,0.007424565032124519,0.02152976393699646,0.02152976393699646
CelebDFv3,/root/Datasets/CelebDFv3/CelebDFv3/FAKE/FaceSwap/BlendFace/id23_id38_0000.mp4,FaceSwap/BlendFace,id23,id38,0,8.058317184448242,-8.058317184448242,0.0,108.37938690185547,30.0,0.0,0.0,0.001730456599034369,0.0018581254407763481,0.0013034389121457934,0.002316616242751479
CelebDFv3,/root/Datasets/CelebDFv3/CelebDFv3/FAKE/FaceSwap/Celeb-DF-v2/id54_id51_0000.mp4,FaceSwap/Celeb-DF-v2,id54,id51,0,-4.61952543258667,4.61952543258667,0.0,121.16511535644531,30.0,0.0,0.0,0.006640792824327946,0.004977133125066757,0.003898175898939371,0.006980834528803825
CelebDFv3,/root/Datasets/CelebDFv3/CelebDFv3/FAKE/FaceSwap/GHOST/id56_id53_0006.mp4,FaceSwap/GHOST,id56,id53,0,2.411846160888672,-2.411846160888672,0.0,100.5129165649414,30.0,0.0,0.0,0.005778840743005276,0.005115796811878681,0.0022477118764072657,0.004025191534310579
CelebDFv3,/root/Datasets/CelebDFv3/CelebDFv3/FAKE/FaceSwap/HifiFace/id23_id0_0001.mp4,FaceSwap/HifiFace,id23,id0,0,1.3002289533615112,-1.3002289533615112,0.0,123.0486831665039,30.0,0.0,0.0,0.0022804494947195053,0.00353867094963789,0.001496348180808127,0.002659476362168789
CelebDFv3,/root/Datasets/CelebDFv3/CelebDFv3/FAKE/FaceSwap/InSwapper/id51_id57_0000.mp4,FaceSwap/InSwapper,id51,id57,0,6.762261390686035,-6.762261390686035,0.0,100.30488586425781,30.0,0.0,0.0,0.005917840171605349,0.004709162749350071,0.006424921099096537,0.011505715548992157
CelebDFv3,/root/Datasets/CelebDFv3/CelebDFv3/FAKE/FaceSwap/MobileFaceSwap/id8_id1_0003.mp4,FaceSwap/MobileFaceSwap,id8,id1,0,-3.1923470497131348,3.1923470497131348,0.0,141.1937255859375,30.0,0.0,0.0,0.0026410806458443403,0.010243289172649384,0.002676256000995636,0.005042066797614098
CelebDFv3,/root/Datasets/CelebDFv3/CelebDFv3/FAKE/FaceSwap/SimSwap/id31_id3_0000.mp4,FaceSwap/SimSwap,id31,id3,0,2.173910140991211,-2.173910140991211,0.0,125.56704711914062,30.0,0.0,0.0,0.003595042508095503,0.007000958546996117,0.004164183046668768,0.007499058730900288
CelebDFv3,/root/Datasets/CelebDFv3/CelebDFv3/FAKE/FaceSwap/UniFace/id23_id30_0002.mp4,FaceSwap/UniFace,id23,id30,0,-0.9881371855735779,0.9881371855735779,0.0,98.21215057373047,30.0,0.0,0.0,0.009364557452499866,0.011030992493033409,0.0038129922468215227,0.006776872556656599
CelebDFv3,/root/Datasets/CelebDFv3/CelebDFv3/FAKE/TalkingFace/AniTalker/id48_0008_test_id04094_XXOtyg4RxTE.mp4,TalkingFace/AniTalker,id48,,0,-12.545632362365723,12.545632362365723,0.0,241.19354248046875,25.0,0.0,0.0,0.0027396974619477987,0.004398756194859743,0.004829853773117065,0.004829853773117065
CelebDFv3,/root/Datasets/CelebDFv3/CelebDFv3/FAKE/TalkingFace/EDTalk/id48_0005_test_id01618_kzxW2WAFWLI.mp4,TalkingFace/EDTalk,id48,,0,2.4847068786621094,-2.4847068786621094,0.0,163.485595703125,25.0,0.0,0.0,0.010122301056981087,0.010948260314762592,0.007283585611730814,0.007283585611730814
CelebDFv3,/root/Datasets/CelebDFv3/CelebDFv3/FAKE/TalkingFace/EchoMimic/id11_0001_test_id04478_GZQGZOmFU5U.mp4,TalkingFace/EchoMimic,id11,,0,-0.919285237789154,0.919285237789154,0.0,126.03780364990234,24.0,0.0,0.0,0.005254867486655712,0.007892263121902943,0.005096121691167355,0.005096121691167355
CelebDFv3,/root/Datasets/CelebDFv3/CelebDFv3/FAKE/TalkingFace/FLOAT/id25_0002_test_id03969_jDDsg0LLY2Y.mp4,TalkingFace/FLOAT,id25,,0,7.039185523986816,-7.039185523986816,0.0,197.8758544921875,25.0,0.0,0.0,0.016346773132681847,0.013438125140964985,0.01566026173532009,0.01566026173532009
CelebDFv3,/root/Datasets/CelebDFv3/CelebDFv3/FAKE/TalkingFace/IP_LAP/id54_0004_test_id01106_mkgP19APekU.mp4,TalkingFace/IP_LAP,id54,,0,-6.766125679016113,6.766125679016113,0.0,216.6765899658203,25.0,0.0,0.0,0.0034182043746113777,0.00934390164911747,0.00785138364881277,0.00785138364881277
CelebDFv3,/root/Datasets/CelebDFv3/CelebDFv3/FAKE/TalkingFace/Real3DPortrait/id22_0000_test_id00926_TOxtKuoggFI.mp4,TalkingFace/Real3DPortrait,id22,,0,-2.9018349647521973,2.9018349647521973,0.0,157.14454650878906,25.0,0.0,0.0,0.012694991193711758,0.004727764055132866,0.008427955210208893,0.008427955210208893
CelebDFv3,/root/Datasets/CelebDFv3/CelebDFv3/FAKE/TalkingFace/SadTalker/id22_0005_test_id04276_Sgb1KpIJt90.mp4,TalkingFace/SadTalker,id22,,0,2.4162654876708984,-2.4162654876708984,0.0,109.57183837890625,25.0,0.0,0.0,0.003428646130487323,0.0047912891022861,0.0047086672857403755,0.0047086672857403755
CelebDFv3,/root/Datasets/CelebDFv3/CelebDFv3/FAKE/FaceReenact/DaGAN/id26_id0_0000.mp4,FaceReenact/DaGAN,id26,id0,0,5.610039710998535,-5.610039710998535,0.0,136.53675842285156,30.0,1.0,0.265625,0.01845579966902733,0.004994341172277927,0.005548529326915741,0.005548529326915741
CelebDFv3,/root/Datasets/CelebDFv3/CelebDFv3/FAKE/FaceReenact/FSRT/id26_id20_0000.mp4,FaceReenact/FSRT,id26,id20,0,4.989075660705566,-4.989075660705566,0.0,156.33612060546875,20.0,1.0,0.046875,0.015253099612891674,0.01129164732992649,0.013021023012697697,0.013021023012697697
CelebDFv3,/root/Datasets/CelebDFv3/CelebDFv3/FAKE/FaceReenact/HyperReenact/id23_id30_0003.mp4,FaceReenact/HyperReenact,id23,id30,0,2.9135470390319824,-2.9135470390319824,0.0,113.80191802978516,25.0,0.0,0.0,0.004075882490724325,0.004554110579192638,0.0037788881454616785,0.0037788881454616785
CelebDFv3,/root/Datasets/CelebDFv3/CelebDFv3/FAKE/FaceReenact/LIA/id31_id33_0001.mp4,FaceReenact/LIA,id31,id33,0,4.581920623779297,-4.581920623779297,0.0,131.08140563964844,30.0,1.0,0.578125,0.011011181399226189,0.01475583016872406,0.011188920587301254,0.011188920587301254
CelebDFv3,/root/Datasets/CelebDFv3/CelebDFv3/FAKE/FaceReenact/LivePortrait/id22_id28_0002.mp4,FaceReenact/LivePortrait,id22,id28,0,-5.776450157165527,5.776450157165527,0.0,181.19332885742188,30.0,0.0,0.0,0.0035064793191850185,0.004362753592431545,0.00291557633318007,0.005181885324418545
CelebDFv3,/root/Datasets/CelebDFv3/CelebDFv3/FAKE/FaceReenact/MCNET/id54_id52_0006.mp4,FaceReenact/MCNET,id54,id52,0,-2.7174105644226074,2.7174105644226074,0.0,136.43397521972656,29.670000076293945,0.0,0.0,0.009476399049162865,0.0037826315965503454,0.005385217722505331,0.005385217722505331
CelebDFv3,/root/Datasets/CelebDFv3/CelebDFv3/FAKE/FaceReenact/TPSMM/id26_id1_0004.mp4,FaceReenact/TPSMM,id26,id1,0,2.5944766998291016,-2.5944766998291016,0.0,133.35719299316406,30.0,0.0,0.0,0.011061382479965687,0.007023423910140991,0.004228703677654266,0.004228703677654266
CelebDFv3,/root/Datasets/CelebDFv3/CelebDFv3/FAKE/FaceSwap/BlendFace/id22_id26_0001.mp4,FaceSwap/BlendFace,id22,id26,0,6.573248863220215,-6.573248863220215,0.0,104.20525360107422,30.0,0.0,0.0,0.011978675611317158,0.022511957213282585,0.013588132336735725,0.024150336161255836
CelebDFv3,/root/Datasets/CelebDFv3/CelebDFv3/FAKE/FaceSwap/Celeb-DF-v2/id48_id45_0007.mp4,FaceSwap/Celeb-DF-v2,id48,id45,0,4.694525718688965,-4.694525718688965,0.0,96.42210388183594,30.0,0.0,0.0,0.0016640785615891218,0.0013933448353782296,0.001621639123186469,0.002127590589225292
CelebDFv3,/root/Datasets/CelebDFv3/CelebDFv3/FAKE/FaceSwap/GHOST/id23_id20_0001.mp4,FaceSwap/GHOST,id23,id20,0,2.409435749053955,-2.409435749053955,0.0,129.6092529296875,30.0,0.0,0.0,0.002298845909535885,0.003676065243780613,0.0011644611367955804,0.0020696097053587437
CelebDFv3,/root/Datasets/CelebDFv3/CelebDFv3/FAKE/FaceSwap/HifiFace/id26_id6_0006.mp4,FaceSwap/HifiFace,id26,id6,0,-8.140608787536621,8.140608787536621,0.0,261.3992614746094,30.0,1.0,0.03125,0.015436014160513878,0.004668796434998512,0.0051592253148555756,0.009394745342433453
CelebDFv3,/root/Datasets/CelebDFv3/CelebDFv3/FAKE/FaceSwap/InSwapper/id48_id40_0009.mp4,FaceSwap/InSwapper,id48,id40,0,-2.6820459365844727,2.6820459365844727,0.0,124.77538299560547,30.0,0.0,0.0,0.003237441647797823,0.00431480398401618,0.0020766500383615494,0.003713331650942564
CelebDFv3,/root/Datasets/CelebDFv3/CelebDFv3/FAKE/FaceSwap/MobileFaceSwap/id31_id23_0000.mp4,FaceSwap/MobileFaceSwap,id31,id23,0,6.440797805786133,-6.440797805786133,0.0,128.83544921875,30.0,0.0,0.0,0.0034237653017044067,0.00636768713593483,0.0030708909034729004,0.005530206486582756
CelebDFv3,/root/Datasets/CelebDFv3/CelebDFv3/FAKE/FaceSwap/SimSwap/id31_id38_0000.mp4,FaceSwap/SimSwap,id31,id38,0,0.7075359225273132,-0.7075359225273132,0.0,128.1034698486328,30.0,0.0,0.0,0.003597079310566187,0.006865770556032658,0.0038448087871074677,0.0069239139556884766
CelebDFv3,/root/Datasets/CelebDFv3/CelebDFv3/FAKE/FaceSwap/UniFace/id59_id60_0006.mp4,FaceSwap/UniFace,id59,id60,0,0.7833452224731445,-0.7833452224731445,0.0,72.87785339355469,30.0,0.0,0.0,0.032998017966747284,0.014142727479338646,0.013564194552600384,0.024290692061185837
CelebDFv3,/root/Datasets/CelebDFv3/CelebDFv3/FAKE/TalkingFace/AniTalker/id23_0005_test_id07494_XMEIdqio6ic.mp4,TalkingFace/AniTalker,id23,,0,5.252499580383301,-5.252499580383301,0.0,124.44844818115234,25.0,0.0,0.0,0.007434329483658075,0.00438779778778553,0.004451700486242771,0.004451700486242771
CelebDFv3,/root/Datasets/CelebDFv3/CelebDFv3/FAKE/TalkingFace/EDTalk/id11_0000_test_id06913_ihOLv6bL4yA.mp4,TalkingFace/EDTalk,id11,,0,6.573415756225586,-6.573415756225586,0.0,110.12554168701172,25.0,0.0,0.0,0.012674907222390175,0.011108208447694778,0.006419162265956402,0.006419162265956402
CelebDFv3,/root/Datasets/CelebDFv3/CelebDFv3/FAKE/TalkingFace/EchoMimic/id11_0004_test_id08696_ttUSQacqnRA.mp4,TalkingFace/EchoMimic,id11,,0,1.441422700881958,-1.441422700881958,0.0,217.38963317871094,24.0,0.0,0.0,0.007461803033947945,0.00493948208168149,0.0054889339953660965,0.0054889339953660965
CelebDFv3,/root/Datasets/CelebDFv3/CelebDFv3/FAKE/TalkingFace/FLOAT/id23_0002_test_id05850_WNF1CY-Lu3I.mp4,TalkingFace/FLOAT,id23,,0,2.665621757507324,-2.665621757507324,0.0,123.7181396484375,25.0,0.0,0.0,0.010366960428655148,0.007713213562965393,0.008481325581669807,0.008481325581669807
CelebDFv3,/root/Datasets/CelebDFv3/CelebDFv3/FAKE/TalkingFace/IP_LAP/id26_0000_test_id01541_TU5SEgxdqSg.mp4,TalkingFace/IP_LAP,id26,,0,5.1851091384887695,-5.1851091384887695,0.0,164.6562042236328,25.0,0.0,0.0,0.005490254145115614,0.00234160665422678,0.007376397028565407,0.007376397028565407
CelebDFv3,/root/Datasets/CelebDFv3/CelebDFv3/FAKE/TalkingFace/Real3DPortrait/id31_0008_test_id01509_qLxfiUMYgQg.mp4,TalkingFace/Real3DPortrait,id31,,0,3.533524751663208,-3.533524751663208,0.0,171.64471435546875,25.0,0.0,0.0,0.013009109534323215,0.004359997343271971,0.006546027027070522,0.006546027027070522
CelebDFv3,/root/Datasets/CelebDFv3/CelebDFv3/FAKE/TalkingFace/SadTalker/id8_0004_test_id03839_pX7kYiDgFMA.mp4,TalkingFace/SadTalker,id8,,0,-7.231714725494385,7.231714725494385,0.0,318.5546875,25.0,0.0,0.0,0.002298923209309578,0.005196969490498304,0.0032762433402240276,0.0032762433402240276
CelebDFv3,/root/Datasets/CelebDFv3/CelebDFv3/FAKE/FaceReenact/DaGAN/id31_id9_0005.mp4,FaceReenact/DaGAN,id31,id9,0,5.74486780166626,-5.74486780166626,0.0,132.51463317871094,30.0,1.0,0.3125,0.007224879693239927,0.0070251883007586,0.007780395448207855,0.007780395448207855
CelebDFv3,/root/Datasets/CelebDFv3/CelebDFv3/FAKE/FaceReenact/FSRT/id26_id25_0008.mp4,FaceReenact/FSRT,id26,id25,0,-2.232076406478882,2.232076406478882,0.0,161.346923828125,20.0,1.0,0.453125,0.009341452270746231,0.0031865020282566547,0.007684214040637016,0.007684214040637016
CelebDFv3,/root/Datasets/CelebDFv3/CelebDFv3/FAKE/FaceReenact/HyperReenact/id26_id27_0008.mp4,FaceReenact/HyperReenact,id26,id27,0,0.34483104944229126,-0.34483104944229126,0.0,154.64622497558594,25.0,0.0,0.0,0.016858011484146118,0.004875590093433857,0.015089976601302624,0.015089976601302624
CelebDFv3,/root/Datasets/CelebDFv3/CelebDFv3/FAKE/FaceReenact/LIA/id26_id33_0006.mp4,FaceReenact/LIA,id26,id33,0,-4.5932111740112305,4.5932111740112305,0.0,272.46136474609375,30.0,1.0,0.46875,0.02588188461959362,0.009947752580046654,0.03607206419110298,0.03607206419110298
CelebDFv3,/root/Datasets/CelebDFv3/CelebDFv3/FAKE/FaceReenact/LivePortrait/id31_id32_0006.mp4,FaceReenact/LivePortrait,id31,id32,0,-6.281360626220703,6.281360626220703,0.0,402.04925537109375,30.0,1.0,0.375,0.003340440336614847,0.004930626135319471,0.00700712064281106,0.01261875405907631
CelebDFv3,/root/Datasets/CelebDFv3/CelebDFv3/FAKE/FaceReenact/MCNET/id23_id19_0000.mp4,FaceReenact/MCNET,id23,id19,0,4.103995323181152,-4.103995323181152,0.0,112.03022003173828,29.829999923706055,1.0,0.109375,0.017968961969017982,0.011552891694009304,0.011935817077755928,0.011935817077755928
CelebDFv3,/root/Datasets/CelebDFv3/CelebDFv3/FAKE/FaceReenact/TPSMM/id51_id49_0004.mp4,FaceReenact/TPSMM,id51,id49,0,2.8076424598693848,-2.8076424598693848,0.0,115.11734771728516,30.0,1.0,0.34375,0.018920117989182472,0.01961180381476879,0.013696486130356789,0.013696486130356789
CelebDFv3,/root/Datasets/CelebDFv3/CelebDFv3/FAKE/FaceSwap/BlendFace/id59_id60_0007.mp4,FaceSwap/BlendFace,id59,id60,0,2.6162009239196777,-2.6162009239196777,0.0,118.88553619384766,30.0,0.0,0.0,0.00461460929363966,0.002511952305212617,0.0010038246400654316,0.0017976441886276007
CelebDFv3,/root/Datasets/CelebDFv3/CelebDFv3/FAKE/FaceSwap/Celeb-DF-v2/id26_id37_0004.mp4,FaceSwap/Celeb-DF-v2,id26,id37,0,0.4991641342639923,-0.4991641342639923,0.0,131.6887969970703,30.0,0.0,0.0,0.0036653554998338223,0.007732668425887823,0.0020879150833934546,0.0037511689588427544
CelebDFv3,/root/Datasets/CelebDFv3/CelebDFv3/FAKE/FaceSwap/GHOST/id31_id32_0008.mp4,FaceSwap/GHOST,id31,id32,0,3.3164398670196533,-3.3164398670196533,0.0,162.38818359375,30.0,0.0,0.0,0.0044023399241268635,0.010073313489556313,0.00533826882019639,0.009613406844437122
CelebDFv3,/root/Datasets/CelebDFv3/CelebDFv3/FAKE/FaceSwap/HifiFace/id26_id29_0009.mp4,FaceSwap/HifiFace,id26,id29,0,-6.936938285827637,6.936938285827637,0.0,169.2729949951172,30.0,0.0,0.0,0.013101847842335701,0.010074596852064133,0.005892133805900812,0.010729344561696053
CelebDFv3,/root/Datasets/CelebDFv3/CelebDFv3/FAKE/FaceSwap/InSwapper/id48_id47_0002.mp4,FaceSwap/InSwapper,id48,id47,0,-4.040830612182617,4.040830612182617,0.0,119.03392791748047,30.0,0.0,0.0,0.002963094972074032,0.004061912186443806,0.0013931754510849714,0.0024878133554011583
CelebDFv3,/root/Datasets/CelebDFv3/CelebDFv3/FAKE/FaceSwap/MobileFaceSwap/id31_id35_0006.mp4,FaceSwap/MobileFaceSwap,id31,id35,0,-0.2299988865852356,0.2299988865852356,0.0,219.56703186035156,30.0,1.0,0.03125,0.004428576678037643,0.010822529904544353,0.0035646480973809958,0.0064193871803581715
CelebDFv3,/root/Datasets/CelebDFv3/CelebDFv3/FAKE/FaceSwap/SimSwap/id59_id60_0007.mp4,FaceSwap/SimSwap,id59,id60,0,2.65576171875,-2.65576171875,0.0,104.46879577636719,30.0,0.0,0.0,0.026512758806347847,0.028187457472085953,0.0022024817299097776,0.0039441934786736965
CelebDFv3,/root/Datasets/CelebDFv3/CelebDFv3/FAKE/FaceSwap/UniFace/id26_id37_0000.mp4,FaceSwap/UniFace,id26,id37,0,0.40385901927948,-0.40385901927948,0.0,176.9940185546875,30.0,0.0,0.0,0.001994071062654257,0.001635391847230494,0.0021170831751078367,0.003803573315963149
CelebDFv3,/root/Datasets/CelebDFv3/CelebDFv3/FAKE/TalkingFace/AniTalker/id59_0004_test_id04232_AB9fk1MH2rA.mp4,TalkingFace/AniTalker,id59,,0,4.420558929443359,-4.420558929443359,0.0,166.24049377441406,25.0,0.0,0.0,0.006456050090491772,0.007556295953691006,0.004182352218776941,0.004182352218776941
CelebDFv3,/root/Datasets/CelebDFv3/CelebDFv3/FAKE/TalkingFace/EDTalk/id23_0008_test_id06811_Y6PB7tt3VPc.mp4,TalkingFace/EDTalk,id23,,0,0.2941839098930359,-0.2941839098930359,0.0,135.17503356933594,25.0,0.0,0.0,0.011620988138020039,0.010950456373393536,0.010430972091853619,0.010430972091853619
CelebDFv3,/root/Datasets/CelebDFv3/CelebDFv3/FAKE/TalkingFace/EchoMimic/id31_0003_test_id02542_cwgUjse_REU.mp4,TalkingFace/EchoMimic,id31,,0,-11.151468276977539,11.151468276977539,0.0,179.9681854248047,24.0,0.0,0.0,0.01700463518500328,0.011142736300826073,0.014288251288235188,0.014288251288235188
CelebDFv3,/root/Datasets/CelebDFv3/CelebDFv3/FAKE/TalkingFace/FLOAT/id54_0006_test_id01567_vpFlNPO9OGM.mp4,TalkingFace/FLOAT,id54,,0,-0.09201130270957947,0.09201130270957947,0.0,135.86387634277344,25.0,0.0,0.0,0.010231396183371544,0.007909350097179413,0.004689432680606842,0.004689432680606842
CelebDFv3,/root/Datasets/CelebDFv3/CelebDFv3/FAKE/TalkingFace/IP_LAP/id11_0008_test_id05124_uPPqcWVd-dg.mp4,TalkingFace/IP_LAP,id11,,0,7.9467997550964355,-7.9467997550964355,0.0,100.68260955810547,25.0,0.0,0.0,0.011423605494201183,0.01687030866742134,0.006480701267719269,0.006480701267719269
CelebDFv3,/root/Datasets/CelebDFv3/CelebDFv3/FAKE/TalkingFace/Real3DPortrait/id23_0004_test_id07961_DM8nW7joT3A.mp4,TalkingFace/Real3DPortrait,id23,,0,-3.9225876331329346,3.9225876331329346,0.0,245.13589477539062,25.0,0.0,0.0,0.011738605797290802,0.0049844468012452126,0.0044980524107813835,0.0044980524107813835
CelebDFv3,/root/Datasets/CelebDFv3/CelebDFv3/FAKE/TalkingFace/SadTalker/id26_0007_test_id05124_1HAXGOri_x0.mp4,TalkingFace/SadTalker,id26,,0,-10.360135078430176,10.360135078430176,0.0,450.1304626464844,25.0,0.0,0.0,0.0028891845140606165,0.006949383765459061,0.007040256634354591,0.00750960735604167
CelebDFv3,/root/Datasets/CelebDFv3/CelebDFv3/FAKE/FaceReenact/DaGAN/id23_id2_0000.mp4,FaceReenact/DaGAN,id23,id2,0,6.236395359039307,-6.236395359039307,0.0,126.11502075195312,30.0,0.0,0.0,0.004146261606365442,0.0033303704112768173,0.0062465486116707325,0.0062465486116707325
CelebDFv3,/root/Datasets/CelebDFv3/CelebDFv3/FAKE/FaceReenact/FSRT/id48_id45_0002.mp4,FaceReenact/FSRT,id48,id45,0,3.4040188789367676,-3.4040188789367676,0.0,111.09801483154297,20.0,1.0,0.109375,0.012286157347261906,0.007733904756605625,0.018744321539998055,0.018744321539998055
CelebDFv3,/root/Datasets/CelebDFv3/CelebDFv3/FAKE/FaceReenact/HyperReenact/id25_id27_0004.mp4,FaceReenact/HyperReenact,id25,id27,0,4.9563069343566895,-4.9563069343566895,0.0,101.15425872802734,25.0,0.0,0.0,0.010730251669883728,0.0044717066921293736,0.01404490601271391,0.01404490601271391
CelebDFv3,/root/Datasets/CelebDFv3/CelebDFv3/FAKE/FaceReenact/LIA/id56_id52_0001.mp4,FaceReenact/LIA,id56,id52,0,6.398573875427246,-6.398573875427246,0.0,118.80534362792969,30.0,1.0,0.171875,0.020816847681999207,0.016996188089251518,0.006416182965040207,0.006416182965040207
CelebDFv3,/root/Datasets/CelebDFv3/CelebDFv3/FAKE/FaceReenact/LivePortrait/id51_id54_0005.mp4,FaceReenact/LivePortrait,id51,id54,0,-12.077131271362305,12.077131271362305,0.0,194.919677734375,30.0,0.0,0.0,0.0020205029286444187,0.00297683198004961,0.0023385044187307358,0.0041877818293869495
CelebDFv3,/root/Datasets/CelebDFv3/CelebDFv3/FAKE/FaceReenact/MCNET/id26_id16_0003.mp4,FaceReenact/MCNET,id26,id16,0,-7.1872029304504395,7.1872029304504395,0.0,360.50689697265625,30.0,0.0,0.0,0.018219945952296257,0.002965493593364954,0.010215223766863346,0.010215223766863346
CelebDFv3,/root/Datasets/CelebDFv3/CelebDFv3/FAKE/FaceReenact/TPSMM/id31_id2_0005.mp4,FaceReenact/TPSMM,id31,id2,0,5.958795547485352,-5.958795547485352,0.0,138.8107147216797,30.0,0.0,0.0,0.006041918881237507,0.004262043163180351,0.006967954803258181,0.006967954803258181
CelebDFv3,/root/Datasets/CelebDFv3/CelebDFv3/FAKE/FaceSwap/BlendFace/id23_id0_0006.mp4,FaceSwap/BlendFace,id23,id0,0,8.984198570251465,-8.984198570251465,0.0,259.7577819824219,30.0,0.0,0.0,0.006085830740630627,0.00364323821850121,0.002228278899565339,0.0029524697456508875
CelebDFv3,/root/Datasets/CelebDFv3/CelebDFv3/FAKE/FaceSwap/Celeb-DF-v2/id51_id58_0001.mp4,FaceSwap/Celeb-DF-v2,id51,id58,0,-8.611801147460938,8.611801147460938,0.0,272.8077392578125,30.0,1.0,0.046875,0.003800163744017482,0.005557754077017307,0.005453888792544603,0.009766796603798866
CelebDFv3,/root/Datasets/CelebDFv3/CelebDFv3/FAKE/FaceSwap/GHOST/id54_id50_0004.mp4,FaceSwap/GHOST,id54,id50,0,-4.745882987976074,4.745882987976074,0.0,199.7595672607422,30.0,0.0,0.0,0.0023180036805570126,0.018592046573758125,0.010794688016176224,0.0193310733884573
CelebDFv3,/root/Datasets/CelebDFv3/CelebDFv3/FAKE/FaceSwap/HifiFace/id51_id55_0004.mp4,FaceSwap/HifiFace,id51,id55,0,-1.8843083381652832,1.8843083381652832,0.0,93.0286865234375,29.0,1.0,0.171875,0.011177032254636288,0.017458345741033554,0.009864642284810543,0.017665551975369453
CelebDFv3,/root/Datasets/CelebDFv3/CelebDFv3/FAKE/FaceSwap/InSwapper/id23_id2_0007.mp4,FaceSwap/InSwapper,id23,id2,0,0.5147997736930847,-0.5147997736930847,0.0,138.05203247070312,30.0,0.0,0.0,0.011202068999409676,0.04082774370908737,0.005674178712069988,0.009954270906746387
CelebDFv3,/root/Datasets/CelebDFv3/CelebDFv3/FAKE/FaceSwap/MobileFaceSwap/id54_id51_0003.mp4,FaceSwap/MobileFaceSwap,id54,id51,0,-4.690630912780762,4.690630912780762,0.0,207.6726531982422,30.0,0.0,0.0,0.0018138668965548277,0.010219813324511051,0.0019076366443186998,0.0034161857329308987
CelebDFv3,/root/Datasets/CelebDFv3/CelebDFv3/FAKE/FaceSwap/SimSwap/id26_id22_0003.mp4,FaceSwap/SimSwap,id26,id22,0,-5.535770893096924,5.535770893096924,0.0,376.27764892578125,30.0,0.0,0.0,0.0061420295387506485,0.006704563740640879,0.0019915979355573654,0.0035781250335276127
CelebDFv3,/root/Datasets/CelebDFv3/CelebDFv3/FAKE/FaceSwap/UniFace/id23_id24_0009.mp4,FaceSwap/UniFace,id23,id24,0,-0.536736786365509,0.536736786365509,0.0,159.18649291992188,30.0,0.0,0.0,0.004226671531796455,0.004460540134459734,0.0031096513848751783,0.004117178730666637
CelebDFv3,/root/Datasets/CelebDFv3/CelebDFv3/FAKE/TalkingFace/AniTalker/id54_0009_test_id01989_t3crub0ikyc.mp4,TalkingFace/AniTalker,id54,,0,5.8162760734558105,-5.8162760734558105,0.0,125.19629669189453,25.0,0.0,0.0,0.004830920137465,0.005025235936045647,0.004783168435096741,0.004783168435096741
CelebDFv3,/root/Datasets/CelebDFv3/CelebDFv3/FAKE/TalkingFace/EDTalk/id23_0006_test_id09017_W9dkqIcvdBg.mp4,TalkingFace/EDTalk,id23,,0,14.736213684082031,-14.736213684082031,0.0,186.97312927246094,25.0,0.0,0.0,0.010724606923758984,0.012089325115084648,0.006578640080988407,0.006578640080988407
CelebDFv3,/root/Datasets/CelebDFv3/CelebDFv3/FAKE/TalkingFace/EchoMimic/id11_0005_test_id02317_B_Tih3Eph2k.mp4,TalkingFace/EchoMimic,id11,,0,-5.775992393493652,5.775992393493652,0.0,139.1739044189453,24.0,0.0,0.0,0.010342482477426529,0.008026466704905033,0.00917729176580906,0.00917729176580906
CelebDFv3,/root/Datasets/CelebDFv3/CelebDFv3/FAKE/TalkingFace/FLOAT/id54_0007_test_id01298_gWkO0NOMazs.mp4,TalkingFace/FLOAT,id54,,0,-3.4570369720458984,3.4570369720458984,0.0,146.75291442871094,25.0,0.0,0.0,0.008059591986238956,0.01071755401790142,0.008475103415548801,0.008475103415548801
CelebDFv3,/root/Datasets/CelebDFv3/CelebDFv3/FAKE/TalkingFace/IP_LAP/id48_0007_test_id04094_BExUTQV-HpQ.mp4,TalkingFace/IP_LAP,id48,,0,8.307052612304688,-8.307052612304688,0.0,102.54430389404297,25.0,0.0,0.0,0.005020675715059042,0.004147235304117203,0.0053920866921544075,0.0053920866921544075
CelebDFv3,/root/Datasets/CelebDFv3/CelebDFv3/FAKE/TalkingFace/Real3DPortrait/id54_0000_test_id08374_8V4tFXw2UxY.mp4,TalkingFace/Real3DPortrait,id54,,0,-0.1102585643529892,0.1102585643529892,0.0,148.72715759277344,25.0,0.0,0.0,0.008823039941489697,0.003918481990695,0.006143026519566774,0.006143026519566774
CelebDFv3,/root/Datasets/CelebDFv3/CelebDFv3/FAKE/TalkingFace/SadTalker/id59_0008_test_id05055__PvDDInENOI.mp4,TalkingFace/SadTalker,id59,,0,9.523219108581543,-9.523219108581543,0.0,119.59091186523438,25.0,0.0,0.0,0.002583782421424985,0.0035456253681331873,0.0038103957194834948,0.004064422100782394
CelebDFv3,/root/Datasets/CelebDFv3/CelebDFv3/FAKE/FaceReenact/DaGAN/id48_id45_0008.mp4,FaceReenact/DaGAN,id48,id45,0,-17.080305099487305,17.080305099487305,0.0,231.80661010742188,30.0,0.0,0.0,0.007463773712515831,0.010188516229391098,0.009554975666105747,0.009554975666105747
CelebDFv3,/root/Datasets/CelebDFv3/CelebDFv3/FAKE/FaceReenact/FSRT/id56_id55_0003.mp4,FaceReenact/FSRT,id56,id55,0,2.8336944580078125,-2.8336944580078125,0.0,96.6687240600586,20.0,0.0,0.0,0.010700556449592113,0.015513698570430279,0.014741763472557068,0.014741763472557068
CelebDFv3,/root/Datasets/CelebDFv3/CelebDFv3/FAKE/FaceReenact/HyperReenact/id51_id58_0002.mp4,FaceReenact/HyperReenact,id51,id58,0,-3.324159622192383,3.324159622192383,0.0,129.67745971679688,25.0,0.0,0.0,0.0054529462940990925,0.0020136991515755653,0.009552660398185253,0.009552660398185253
CelebDFv3,/root/Datasets/CelebDFv3/CelebDFv3/FAKE/FaceReenact/LIA/id54_id52_0001.mp4,FaceReenact/LIA,id54,id52,0,-4.7242021560668945,4.7242021560668945,0.0,224.33644104003906,30.0,1.0,0.15625,0.02339049242436886,0.019185734912753105,0.0070825847797095776,0.0070825847797095776
CelebDFv3,/root/Datasets/CelebDFv3/CelebDFv3/FAKE/FaceReenact/LivePortrait/id23_id25_0002.mp4,FaceReenact/LivePortrait,id23,id25,0,-0.7924586534500122,0.7924586534500122,0.0,100.3863754272461,30.0,0.0,0.0,0.006173084024339914,0.009027763269841671,0.005744654685258865,0.010210038162767887
CelebDFv3,/root/Datasets/CelebDFv3/CelebDFv3/FAKE/FaceReenact/MCNET/id8_id1_0003.mp4,FaceReenact/MCNET,id8,id1,0,-5.34697961807251,5.34697961807251,0.0,120.43035125732422,30.0,1.0,0.015625,0.01360598485916853,0.006378503516316414,0.010728362947702408,0.010728362947702408
CelebDFv3,/root/Datasets/CelebDFv3/CelebDFv3/FAKE/FaceReenact/TPSMM/id48_id45_0003.mp4,FaceReenact/TPSMM,id48,id45,0,-3.308819532394409,3.308819532394409,0.0,120.76939392089844,30.0,0.0,0.0,0.004865784198045731,0.005192290525883436,0.00802518054842949,0.00802518054842949
CelebDFv3,/root/Datasets/CelebDFv3/CelebDFv3/FAKE/FaceSwap/BlendFace/id23_id28_0000.mp4,FaceSwap/BlendFace,id23,id28,0,10.974363327026367,-10.974363327026367,0.0,108.61360168457031,30.0,0.0,0.0,0.001652544247917831,0.0020276205614209175,0.0009054371039383113,0.0016092433361336589
CelebDFv3,/root/Datasets/CelebDFv3/CelebDFv3/FAKE/FaceSwap/Celeb-DF-v2/id31_id17_0000.mp4,FaceSwap/Celeb-DF-v2,id31,id17,0,-1.1782243251800537,1.1782243251800537,0.0,127.70012664794922,30.0,0.0,0.0,0.0033764378167688847,0.006543201394379139,0.003585783066228032,0.006457448471337557
CelebDFv3,/root/Datasets/CelebDFv3/CelebDFv3/FAKE/FaceSwap/GHOST/id51_id49_0001.mp4,FaceSwap/GHOST,id51,id49,0,-12.02698802947998,12.02698802947998,0.0,277.0989990234375,30.0,1.0,0.046875,0.0036754668690264225,0.005952553357928991,0.004776017274707556,0.008552868850529194
CelebDFv3,/root/Datasets/CelebDFv3/CelebDFv3/FAKE/FaceSwap/HifiFace/id54_id55_0008.mp4,FaceSwap/HifiFace,id54,id55,0,-6.83267068862915,6.83267068862915,0.0,206.1568603515625,30.0,0.0,0.0,0.002079259604215622,0.0031335060484707355,0.001607817248441279,0.002879271050915122
CelebDFv3,/root/Datasets/CelebDFv3/CelebDFv3/FAKE/FaceSwap/InSwapper/id56_id50_0005.mp4,FaceSwap/InSwapper,id56,id50,0,-0.049175798892974854,0.049175798892974854,0.0,103.57437896728516,29.899993896484375,0.0,0.0,0.0016624493291601539,0.0038597628008574247,0.0011192145757377148,0.00200428394600749
CelebDFv3,/root/Datasets/CelebDFv3/CelebDFv3/FAKE/FaceSwap/MobileFaceSwap/id26_id37_0008.mp4,FaceSwap/MobileFaceSwap,id26,id37,0,0.219233900308609,-0.219233900308609,0.0,167.09950256347656,30.0,0.0,0.0,0.005962356925010681,0.004746173042804003,0.0023677386343479156,0.004311558790504932
CelebDFv3,/root/Datasets/CelebDFv3/CelebDFv3/FAKE/FaceSwap/SimSwap/id31_id26_0006.mp4,FaceSwap/SimSwap,id31,id26,0,-4.0157952308654785,4.0157952308654785,0.0,229.3374786376953,30.0,1.0,0.015625,0.004914485849440098,0.010739542543888092,0.0040382822044193745,0.007272330112755299
CelebDFv3,/root/Datasets/CelebDFv3/CelebDFv3/FAKE/FaceSwap/UniFace/id48_id39_0008.mp4,FaceSwap/UniFace,id48,id39,0,-11.864805221557617,11.864805221557617,0.0,236.7255401611328,30.0,0.0,0.0,0.002637919271364808,0.0027267017867416143,0.00254751811735332,0.002537327818572521
CelebDFv3,/root/Datasets/CelebDFv3/CelebDFv3/FAKE/TalkingFace/AniTalker/id22_0005_test_id05459_smpeQd0vnD8.mp4,TalkingFace/AniTalker,id22,,0,3.704646348953247,-3.704646348953247,0.0,113.88072967529297,25.0,0.0,0.0,0.005646524950861931,0.0024844054132699966,0.004757240414619446,0.004757240414619446
CelebDFv3,/root/Datasets/CelebDFv3/CelebDFv3/FAKE/TalkingFace/EDTalk/id11_0010_test_id05459_wq3Z0I944wU.mp4,TalkingFace/EDTalk,id11,,0,0.5875619649887085,-0.5875619649887085,0.0,150.49429321289062,25.0,0.0,0.0,0.01134996023029089,0.012023932300508022,0.006221225019544363,0.006221225019544363
CelebDFv3,/root/Datasets/CelebDFv3/CelebDFv3/FAKE/TalkingFace/EchoMimic/id56_0009_test_id06104_I5L50wxtK8Q.mp4,TalkingFace/EchoMimic,id56,,0,-6.200193405151367,6.200193405151367,0.0,240.99444580078125,24.0,0.0,0.0,0.007171311881393194,0.008879048749804497,0.008230405859649181,0.008230405859649181
CelebDFv3,/root/Datasets/CelebDFv3/CelebDFv3/FAKE/TalkingFace/FLOAT/id11_0000_test_id04006__bENbO3pwL0.mp4,TalkingFace/FLOAT,id11,,0,2.3711066246032715,-2.3711066246032715,0.0,109.56261444091797,25.0,0.0,0.0,0.013470359146595001,0.007492724806070328,0.005883776117116213,0.005883776117116213
CelebDFv3,/root/Datasets/CelebDFv3/CelebDFv3/FAKE/TalkingFace/IP_LAP/id54_0003_test_id01822_jmFGgwXCuW0.mp4,TalkingFace/IP_LAP,id54,,0,-7.191695213317871,7.191695213317871,0.0,223.57066345214844,25.0,0.0,0.0,0.004336156416684389,0.008026458323001862,0.005658772308379412,0.005658772308379412
CelebDFv3,/root/Datasets/CelebDFv3/CelebDFv3/FAKE/TalkingFace/Real3DPortrait/id54_0003_test_id03524_NDFq9szuzN0.mp4,TalkingFace/Real3DPortrait,id54,,0,-8.571900367736816,8.571900367736816,0.0,248.0558319091797,25.0,0.0,0.0,0.009302880614995956,0.005167392082512379,0.004772874526679516,0.004772874526679516
CelebDFv3,/root/Datasets/CelebDFv3/CelebDFv3/FAKE/TalkingFace/SadTalker/id56_0000_test_id05015_k_TJD7DmraQ.mp4,TalkingFace/SadTalker,id56,,0,4.640484809875488,-4.640484809875488,0.0,125.7468490600586,25.0,0.0,0.0,0.002530995523557067,0.0065957121551036835,0.009517005644738674,0.009517005644738674
CelebDFv3,/root/Datasets/CelebDFv3/CelebDFv3/FAKE/FaceReenact/DaGAN/id23_id9_0000.mp4,FaceReenact/DaGAN,id23,id9,0,9.463730812072754,-9.463730812072754,0.0,120.12020874023438,30.0,0.0,0.0,0.010973474010825157,0.005350057501345873,0.004619034938514233,0.004619034938514233
CelebDFv3,/root/Datasets/CelebDFv3/CelebDFv3/FAKE/FaceReenact/FSRT/id31_id20_0003.mp4,FaceReenact/FSRT,id31,id20,0,-7.955898284912109,7.955898284912109,0.0,143.44349670410156,20.0,0.0,0.0,0.0065368907526135445,0.011812771670520306,0.009511690586805344,0.009511690586805344
CelebDFv3,/root/Datasets/CelebDFv3/CelebDFv3/FAKE/FaceReenact/HyperReenact/id31_id38_0004.mp4,FaceReenact/HyperReenact,id31,id38,0,4.945687770843506,-4.945687770843506,0.0,248.62884521484375,25.0,0.0,0.0,0.010572537779808044,0.003085526404902339,0.007171326782554388,0.007171326782554388
CelebDFv3,/root/Datasets/CelebDFv3/CelebDFv3/FAKE/FaceReenact/LIA/id22_id24_0005.mp4,FaceReenact/LIA,id22,id24,0,4.91331148147583,-4.91331148147583,0.0,107.0692367553711,30.0,0.0,0.0,0.005973979365080595,0.010440719313919544,0.008474665693938732,0.008474665693938732
CelebDFv3,/root/Datasets/CelebDFv3/CelebDFv3/FAKE/FaceReenact/LivePortrait/id26_id3_0003.mp4,FaceReenact/LivePortrait,id26,id3,0,-10.747989654541016,10.747989654541016,0.0,400.9958190917969,30.0,0.0,0.0,0.001901635667309165,0.003744018031284213,0.0021841488778591156,0.0039240638725459576
CelebDFv3,/root/Datasets/CelebDFv3/CelebDFv3/FAKE/FaceReenact/MCNET/id25_id28_0002.mp4,FaceReenact/MCNET,id25,id28,0,3.7767138481140137,-3.7767138481140137,0.0,124.44398498535156,30.0,0.0,0.0,0.00692756799980998,0.006763997487723827,0.006184645462781191,0.006184645462781191
CelebDFv3,/root/Datasets/CelebDFv3/CelebDFv3/FAKE/FaceReenact/TPSMM/id48_id42_0004.mp4,FaceReenact/TPSMM,id48,id42,0,2.0952296257019043,-2.0952296257019043,0.0,131.21023559570312,30.0,0.0,0.0,0.012894731014966965,0.011463786475360394,0.008343301713466644,0.008343301713466644
CelebDFv3,/root/Datasets/CelebDFv3/CelebDFv3/FAKE/FaceSwap/BlendFace/id31_id33_0006.mp4,FaceSwap/BlendFace,id31,id33,0,-0.5147257447242737,0.5147257447242737,0.0,222.63327026367188,30.0,1.0,0.03125,0.004861493594944477,0.010672841221094131,0.0027940119616687298,0.005031588952988386
CelebDFv3,/root/Datasets/CelebDFv3/CelebDFv3/FAKE/FaceSwap/Celeb-DF-v2/id31_id26_0007.mp4,FaceSwap/Celeb-DF-v2,id31,id26,0,-12.014286041259766,12.014286041259766,0.0,275.3601379394531,30.0,0.0,0.0,0.012596108950674534,0.003401055233553052,0.008750778622925282,0.0157588180154562
CelebDFv3,/root/Datasets/CelebDFv3/CelebDFv3/FAKE/FaceSwap/GHOST/id48_id42_0003.mp4,FaceSwap/GHOST,id48,id42,0,2.3668341636657715,-2.3668341636657715,0.0,78.1815185546875,30.0,1.0,0.078125,0.009060204029083252,0.02751145511865616,0.016390061005949974,0.029267963021993637
CelebDFv3,/root/Datasets/CelebDFv3/CelebDFv3/FAKE/FaceSwap/HifiFace/id25_id22_0002.mp4,FaceSwap/HifiFace,id25,id22,0,2.343477249145508,-2.343477249145508,0.0,133.36209106445312,30.0,0.0,0.0,0.005730864591896534,0.005253237672150135,0.003135253442451358,0.005646113306283951
CelebDFv3,/root/Datasets/CelebDFv3/CelebDFv3/FAKE/FaceSwap/InSwapper/id23_id34_0000.mp4,FaceSwap/InSwapper,id23,id34,0,4.697290420532227,-4.697290420532227,0.0,107.32039642333984,30.0,0.0,0.0,0.001957628643140197,0.0019576940685510635,0.0012766760773956776,0.002269050572067499
CelebDFv3,/root/Datasets/CelebDFv3/CelebDFv3/FAKE/FaceSwap/MobileFaceSwap/id54_id49_0009.mp4,FaceSwap/MobileFaceSwap,id54,id49,0,2.696542739868164,-2.696542739868164,0.0,103.63032531738281,30.0,0.0,0.0,0.01170505490154028,0.01006282214075327,0.002590009244158864,0.00463817548006773
CelebDFv3,/root/Datasets/CelebDFv3/CelebDFv3/FAKE/FaceSwap/SimSwap/id23_id34_0000.mp4,FaceSwap/SimSwap,id23,id34,0,6.255156517028809,-6.255156517028809,0.0,115.98130798339844,30.0,0.0,0.0,0.0017917872173711658,0.002095908625051379,0.0010002602357417345,0.0017777732573449612
CelebDFv3,/root/Datasets/CelebDFv3/CelebDFv3/FAKE/FaceSwap/UniFace/id51_id55_0006.mp4,FaceSwap/UniFace,id51,id55,0,-6.559177875518799,6.559177875518799,0.0,155.15724182128906,29.900009155273438,0.0,0.0,0.002423770958557725,0.023626580834388733,0.003355433000251651,0.006008892320096493
CelebDFv3,/root/Datasets/CelebDFv3/CelebDFv3/FAKE/TalkingFace/AniTalker/id23_0000_test_id01541_H1G3yUV598w.mp4,TalkingFace/AniTalker,id23,,0,11.349124908447266,-11.349124908447266,0.0,130.05860900878906,25.0,0.0,0.0,0.007325640879571438,0.005656739231199026,0.005289939232170582,0.005289939232170582
CelebDFv3,/root/Datasets/CelebDFv3/CelebDFv3/FAKE/TalkingFace/EDTalk/id48_0004_test_id01509_XmSD0fC9gX4.mp4,TalkingFace/EDTalk,id48,,0,4.546686172485352,-4.546686172485352,0.0,141.8299102783203,25.0,0.0,0.0,0.011940697208046913,0.008223663084208965,0.00599129730835557,0.00599129730835557
CelebDFv3,/root/Datasets/CelebDFv3/CelebDFv3/FAKE/TalkingFace/EchoMimic/id54_0001_test_id03978_cLsHB_wl6DE.mp4,TalkingFace/EchoMimic,id54,,0,-3.9353272914886475,3.9353272914886475,0.0,206.66146850585938,24.0,0.0,0.0,0.004434285219758749,0.009179290384054184,0.00556225748732686,0.00556225748732686
CelebDFv3,/root/Datasets/CelebDFv3/CelebDFv3/FAKE/TalkingFace/FLOAT/id23_0003_test_id04030_LbbwMkj_5cE.mp4,TalkingFace/FLOAT,id23,,0,0.9102720022201538,-0.9102720022201538,0.0,108.05355072021484,25.0,0.0,0.0,0.009591201320290565,0.007614308036863804,0.0043493094854056835,0.0043493094854056835
CelebDFv3,/root/Datasets/CelebDFv3/CelebDFv3/FAKE/TalkingFace/IP_LAP/id23_0000_test_id07802_aUfv9KTIO2E.mp4,TalkingFace/IP_LAP,id23,,0,5.908076286315918,-5.908076286315918,0.0,110.151611328125,25.0,0.0,0.0,0.01212537381798029,0.00499213021248579,0.007394852116703987,0.007394852116703987
CelebDFv3,/root/Datasets/CelebDFv3/CelebDFv3/FAKE/TalkingFace/Real3DPortrait/id25_0003_test_id07620_1OEnUjSVBcE.mp4,TalkingFace/Real3DPortrait,id25,,0,12.628286361694336,-12.628286361694336,0.0,174.5157928466797,25.0,0.0,0.0,0.009777603670954704,0.006128682754933834,0.005924595985561609,0.005924595985561609
CelebDFv3,/root/Datasets/CelebDFv3/CelebDFv3/FAKE/TalkingFace/SadTalker/id11_0009_test_id08149_Ay1xwkYsNAE.mp4,TalkingFace/SadTalker,id11,,0,-0.8422752618789673,0.8422752618789673,0.0,117.96078491210938,25.0,0.0,0.0,0.0018610487459227443,0.004842644557356834,0.0037687967997044325,0.0037687967997044325
CelebDFv3,/root/Datasets/CelebDFv3/CelebDFv3/FAKE/FaceReenact/DaGAN/id31_id20_0003.mp4,FaceReenact/DaGAN,id31,id20,0,-8.618090629577637,8.618090629577637,0.0,146.01451110839844,30.0,0.0,0.0,0.007543402723968029,0.012834662571549416,0.010651852004230022,0.010651852004230022
CelebDFv3,/root/Datasets/CelebDFv3/CelebDFv3/FAKE/FaceReenact/FSRT/id23_id9_0002.mp4,FaceReenact/FSRT,id23,id9,0,4.296545028686523,-4.296545028686523,0.0,120.98787689208984,20.0,0.0,0.0,0.010378913953900337,0.008519996888935566,0.008442286401987076,0.008442286401987076
CelebDFv3,/root/Datasets/CelebDFv3/CelebDFv3/FAKE/FaceReenact/HyperReenact/id23_id9_0006.mp4,FaceReenact/HyperReenact,id23,id9,0,-4.252272605895996,4.252272605895996,0.0,250.36032104492188,25.0,0.0,0.0,0.003953889012336731,0.005360612645745277,0.00675022741779685,0.00675022741779685
CelebDFv3,/root/Datasets/CelebDFv3/CelebDFv3/FAKE/FaceReenact/LIA/id23_id9_0004.mp4,FaceReenact/LIA,id23,id9,0,-8.701425552368164,8.701425552368164,0.0,259.1979675292969,30.0,0.0,0.0,0.011648394167423248,0.008446227759122849,0.010066818445920944,0.010066818445920944
CelebDFv3,/root/Datasets/CelebDFv3/CelebDFv3/FAKE/FaceReenact/LivePortrait/id26_id0_0000.mp4,FaceReenact/LivePortrait,id26,id0,0,-2.680708169937134,2.680708169937134,0.0,152.80548095703125,30.0,1.0,0.578125,0.001662427093833685,0.0011963766301050782,0.002055143006145954,0.003692291211336851
CelebDFv3,/root/Datasets/CelebDFv3/CelebDFv3/FAKE/FaceReenact/MCNET/id22_id28_0009.mp4,FaceReenact/MCNET,id22,id28,0,4.669231414794922,-4.669231414794922,0.0,134.19692993164062,30.0,0.0,0.0,0.005190251860767603,0.002607517410069704,0.007769457530230284,0.007769457530230284
CelebDFv3,/root/Datasets/CelebDFv3/CelebDFv3/FAKE/FaceReenact/TPSMM/id56_id58_0006.mp4,FaceReenact/TPSMM,id56,id58,0,6.608070373535156,-6.608070373535156,0.0,115.64070892333984,30.0,0.0,0.0,0.01082802563905716,0.008168582804501057,0.010382176376879215,0.010382176376879215
CelebDFv3,/root/Datasets/CelebDFv3/CelebDFv3/FAKE/FaceSwap/BlendFace/id56_id58_0001.mp4,FaceSwap/BlendFace,id56,id58,0,2.5203657150268555,-2.5203657150268555,0.0,158.21524047851562,30.0,0.0,0.0,0.003256875555962324,0.010846594348549843,0.0032989992760121822,0.005907831713557243
CelebDFv3,/root/Datasets/CelebDFv3/CelebDFv3/FAKE/FaceSwap/Celeb-DF-v2/id48_id42_0005.mp4,FaceSwap/Celeb-DF-v2,id48,id42,0,-2.652862787246704,2.652862787246704,0.0,150.34622192382812,30.0,0.0,0.0,0.0011013715993613005,0.001999356085434556,0.0009471495286561549,0.0016913383733481169
CelebDFv3,/root/Datasets/CelebDFv3/CelebDFv3/FAKE/FaceSwap/GHOST/id23_id3_0006.mp4,FaceSwap/GHOST,id23,id3,0,6.915329933166504,-6.915329933166504,0.0,251.11029052734375,30.0,0.0,0.0,0.006397645454853773,0.0035745715722441673,0.0024771105963736773,0.0032821716740727425
CelebDFv3,/root/Datasets/CelebDFv3/CelebDFv3/FAKE/FaceSwap/HifiFace/id26_id29_0004.mp4,FaceSwap/HifiFace,id26,id29,0,2.3838753700256348,-2.3838753700256348,0.0,127.84330749511719,30.0,0.0,0.0,0.0034533615689724684,0.00805674772709608,0.002863865112885833,0.005145248491317034
CelebDFv3,/root/Datasets/CelebDFv3/CelebDFv3/FAKE/FaceSwap/InSwapper/id26_id6_0002.mp4,FaceSwap/InSwapper,id26,id6,0,2.210979461669922,-2.210979461669922,0.0,100.1180191040039,30.0,0.0,0.0,0.006880789063870907,0.016629060730338097,0.0038279611617326736,0.006877353880554438
CelebDFv3,/root/Datasets/CelebDFv3/CelebDFv3/FAKE/FaceSwap/MobileFaceSwap/id26_id1_0000.mp4,FaceSwap/MobileFaceSwap,id26,id1,0,7.648021221160889,-7.648021221160889,0.0,177.1912841796875,30.0,0.0,0.0,0.0019687132444232702,0.0018601350020617247,0.0022618817165493965,0.004063719883561134
CelebDFv3,/root/Datasets/CelebDFv3/CelebDFv3/FAKE/FaceSwap/SimSwap/id8_id3_0002.mp4,FaceSwap/SimSwap,id8,id3,0,-1.895684003829956,1.895684003829956,0.0,102.70150756835938,30.0,0.0,0.0,0.0025388572830706835,0.006014304235577583,0.002977216150611639,0.005609076004475355
CelebDFv3,/root/Datasets/CelebDFv3/CelebDFv3/FAKE/FaceSwap/UniFace/id26_id6_0002.mp4,FaceSwap/UniFace,id26,id6,0,0.3631651997566223,-0.3631651997566223,0.0,99.28433227539062,30.0,0.0,0.0,0.006928694900125265,0.01722855493426323,0.0037636221386492252,0.00676176231354475
CelebDFv3,/root/Datasets/CelebDFv3/CelebDFv3/FAKE/TalkingFace/AniTalker/id51_0008_test_id04657_WdJ_DuU0ack.mp4,TalkingFace/AniTalker,id51,,0,1.348129153251648,-1.348129153251648,0.0,128.54135131835938,25.0,0.0,0.0,0.006051070988178253,0.005551456473767757,0.005395779851824045,0.005395779851824045
CelebDFv3,/root/Datasets/CelebDFv3/CelebDFv3/FAKE/TalkingFace/EDTalk/id51_0007_test_id07663_Um4MKhndp_0.mp4,TalkingFace/EDTalk,id51,,0,-4.520565986633301,4.520565986633301,0.0,191.62026977539062,25.0,0.0,0.0,0.010807947255671024,0.01102446112781763,0.007409154903143644,0.007409154903143644
CelebDFv3,/root/Datasets/CelebDFv3/CelebDFv3/FAKE/TalkingFace/EchoMimic/id11_0009_test_id01106_kk4eYuQIvDo.mp4,TalkingFace/EchoMimic,id11,,0,1.6939523220062256,-1.6939523220062256,0.0,118.03868865966797,24.0,0.0,0.0,0.008074105717241764,0.006812719162553549,0.005147829651832581,0.005147829651832581
CelebDFv3,/root/Datasets/CelebDFv3/CelebDFv3/FAKE/TalkingFace/FLOAT/id54_0009_test_id03862_MbKTN9ENeFQ.mp4,TalkingFace/FLOAT,id54,,0,4.338677883148193,-4.338677883148193,0.0,125.43840789794922,25.0,0.0,0.0,0.013234080746769905,0.007159358821809292,0.00793231651186943,0.00793231651186943
CelebDFv3,/root/Datasets/CelebDFv3/CelebDFv3/FAKE/TalkingFace/IP_LAP/id26_0004_test_id02465_PhHBC9xmnUQ.mp4,TalkingFace/IP_LAP,id26,,0,2.1853017807006836,-2.1853017807006836,0.0,136.00209045410156,25.0,0.0,0.0,0.00921329203993082,0.015575525350868702,0.0042153517715632915,0.0042153517715632915
CelebDFv3,/root/Datasets/CelebDFv3/CelebDFv3/FAKE/TalkingFace/Real3DPortrait/id25_0003_test_id06811_szilQ-DsQIo.mp4,TalkingFace/Real3DPortrait,id25,,0,12.544941902160645,-12.544941902160645,0.0,175.98138427734375,25.0,0.0,0.0,0.011856218799948692,0.006048769690096378,0.008113767951726913,0.008113767951726913
CelebDFv3,/root/Datasets/CelebDFv3/CelebDFv3/FAKE/TalkingFace/SadTalker/id54_0008_test_id00017_Nd3m-TBtp6A.mp4,TalkingFace/SadTalker,id54,,0,-6.935845375061035,6.935845375061035,0.0,195.83230590820312,25.0,0.0,0.0,0.0019130087457597256,0.004758105613291264,0.0038781706243753433,0.0038781706243753433
CelebDFv3,/root/Datasets/CelebDFv3/CelebDFv3/FAKE/FaceReenact/DaGAN/id8_id4_0007.mp4,FaceReenact/DaGAN,id8,id4,0,8.11594295501709,-8.11594295501709,0.0,156.7167510986328,30.0,0.0,0.0,0.013194290921092033,0.00724474061280489,0.007857239805161953,0.007857239805161953
CelebDFv3,/root/Datasets/CelebDFv3/CelebDFv3/FAKE/FaceReenact/FSRT/id48_id44_0003.mp4,FaceReenact/FSRT,id48,id44,0,-1.180579662322998,1.180579662322998,0.0,115.63054656982422,20.0,0.0,0.0,0.0058759478852152824,0.004248449578881264,0.0054058535024523735,0.0054058535024523735
CelebDFv3,/root/Datasets/CelebDFv3/CelebDFv3/FAKE/FaceReenact/HyperReenact/id54_id58_0004.mp4,FaceReenact/HyperReenact,id54,id58,0,-5.931669235229492,5.931669235229492,0.0,169.30349731445312,25.0,0.0,0.0,0.019010107964277267,0.0037498758174479008,0.011758808046579361,0.011758808046579361
CelebDFv3,/root/Datasets/CelebDFv3/CelebDFv3/FAKE/FaceReenact/LIA/id23_id30_0003.mp4,FaceReenact/LIA,id23,id30,0,4.579040050506592,-4.579040050506592,0.0,134.60952758789062,30.0,0.0,0.0,0.012663395144045353,0.014656427316367626,0.012138857506215572,0.012138857506215572
CelebDFv3,/root/Datasets/CelebDFv3/CelebDFv3/FAKE/FaceReenact/LivePortrait/id23_id16_0007.mp4,FaceReenact/LivePortrait,id23,id16,0,-5.035729885101318,5.035729885101318,0.0,296.90338134765625,30.0,0.0,0.0,0.0015987225342541933,0.004173601046204567,0.0019731081556528807,0.0034614442847669125
CelebDFv3,/root/Datasets/CelebDFv3/CelebDFv3/FAKE/FaceReenact/MCNET/id22_id28_0002.mp4,FaceReenact/MCNET,id22,id28,0,7.52491569519043,-7.52491569519043,0.0,115.66680908203125,30.0,0.0,0.0,0.008404350839555264,0.0077379257418215275,0.005752918776124716,0.005752918776124716
CelebDFv3,/root/Datasets/CelebDFv3/CelebDFv3/FAKE/FaceReenact/TPSMM/id51_id54_0005.mp4,FaceReenact/TPSMM,id51,id54,0,-7.130466461181641,7.130466461181641,0.0,196.8787078857422,30.0,0.0,0.0,0.00812049861997366,0.006110218819230795,0.0051323589868843555,0.0051323589868843555
CelebDFv3,/root/Datasets/CelebDFv3/CelebDFv3/FAKE/FaceSwap/BlendFace/id54_id52_0001.mp4,FaceSwap/BlendFace,id54,id52,0,-2.2461235523223877,2.2461235523223877,0.0,167.3026123046875,30.0,0.0,0.0,0.004753614775836468,0.022633101791143417,0.004511558450758457,0.008079275488853455
CelebDFv3,/root/Datasets/CelebDFv3/CelebDFv3/FAKE/FaceSwap/Celeb-DF-v2/id31_id37_0007.mp4,FaceSwap/Celeb-DF-v2,id31,id37,0,-13.025899887084961,13.025899887084961,0.0,275.5304870605469,30.0,0.0,0.0,0.020096272230148315,0.005261554848402739,0.0105610815808177,0.01901889592409134
CelebDFv3,/root/Datasets/CelebDFv3/CelebDFv3/FAKE/FaceSwap/GHOST/id23_id29_0007.mp4,FaceSwap/GHOST,id23,id29,0,-1.3217586278915405,1.3217586278915405,0.0,130.43096923828125,30.0,0.0,0.0,0.011329194530844688,0.03097236156463623,0.006084752734750509,0.010674545541405678
CelebDFv3,/root/Datasets/CelebDFv3/CelebDFv3/FAKE/FaceSwap/HifiFace/id23_id4_0004.mp4,FaceSwap/HifiFace,id23,id4,0,-6.656942367553711,6.656942367553711,0.0,246.04769897460938,30.0,1.0,0.015625,0.020400872454047203,0.012746255844831467,0.01150842197239399,0.015513353981077671
CelebDFv3,/root/Datasets/CelebDFv3/CelebDFv3/FAKE/FaceSwap/InSwapper/id56_id58_0006.mp4,FaceSwap/InSwapper,id56,id58,0,3.068437099456787,-3.068437099456787,0.0,106.3374252319336,30.0,0.0,0.0,0.006447857711464167,0.0050024003721773624,0.0018592014675959945,0.003329448401927948
CelebDFv3,/root/Datasets/CelebDFv3/CelebDFv3/FAKE/FaceSwap/MobileFaceSwap/id23_id31_0002.mp4,FaceSwap/MobileFaceSwap,id23,id31,0,4.691065788269043,-4.691065788269043,0.0,101.06840515136719,30.0,1.0,0.015625,0.00844387337565422,0.011091221123933792,0.0035843634977936745,0.0063705286011099815
CelebDFv3,/root/Datasets/CelebDFv3/CelebDFv3/FAKE/FaceSwap/SimSwap/id31_id33_0005.mp4,FaceSwap/SimSwap,id31,id33,0,4.788481712341309,-4.788481712341309,0.0,142.79046630859375,30.0,0.0,0.0,0.005312048830091953,0.004475626163184643,0.0026032584719359875,0.004688072018325329
CelebDFv3,/root/Datasets/CelebDFv3/CelebDFv3/FAKE/FaceSwap/UniFace/id31_id35_0001.mp4,FaceSwap/UniFace,id31,id35,0,3.658750295639038,-3.658750295639038,0.0,149.3769989013672,30.0,0.0,0.0,0.0024426616728305817,0.002847799099981785,0.0026219054125249386,0.0047216517850756645
CelebDFv3,/root/Datasets/CelebDFv3/CelebDFv3/FAKE/TalkingFace/AniTalker/id22_0007_test_id01822_zYv_noZ6yqw.mp4,TalkingFace/AniTalker,id22,,0,-11.910470008850098,11.910470008850098,0.0,443.9083557128906,25.0,0.0,0.0,0.005879953503608704,0.0039047100581228733,0.005346910562366247,0.005346910562366247
CelebDFv3,/root/Datasets/CelebDFv3/CelebDFv3/FAKE/TalkingFace/EDTalk/id31_0007_test_id02465_BfzqhbsRhuE.mp4,TalkingFace/EDTalk,id31,,0,3.0498642921447754,-3.0498642921447754,0.0,263.7937927246094,25.0,0.0,0.0,0.013648191466927528,0.01032097265124321,0.008989269845187664,0.008989269845187664
CelebDFv3,/root/Datasets/CelebDFv3/CelebDFv3/FAKE/TalkingFace/EchoMimic/id8_0006_test_id01298_xv4IT9v17l4.mp4,TalkingFace/EchoMimic,id8,,0,-4.173155784606934,4.173155784606934,0.0,130.29649353027344,24.0,0.0,0.0,0.008899159729480743,0.00882933009415865,0.00688445009291172,0.00688445009291172
CelebDFv3,/root/Datasets/CelebDFv3/CelebDFv3/FAKE/TalkingFace/FLOAT/id11_0007_test_id02576_vNPd7HDp1uM.mp4,TalkingFace/FLOAT,id11,,0,-12.369568824768066,12.369568824768066,0.0,154.45570373535156,25.0,0.0,0.0,0.01225438341498375,0.005577702075242996,0.007694500498473644,0.007694500498473644
CelebDFv3,/root/Datasets/CelebDFv3/CelebDFv3/FAKE/TalkingFace/IP_LAP/id31_0009_test_id03839_C_MwvSBvUy8.mp4,TalkingFace/IP_LAP,id31,,0,1.4661753177642822,-1.4661753177642822,0.0,128.5085906982422,25.0,1.0,0.03125,0.026660213246941566,0.008613345213234425,0.011257762089371681,0.011257762089371681
CelebDFv3,/root/Datasets/CelebDFv3/CelebDFv3/FAKE/TalkingFace/Real3DPortrait/id26_0002_test_id00017_Nd3m-TBtp6A.mp4,TalkingFace/Real3DPortrait,id26,,0,5.6398515701293945,-5.6398515701293945,0.0,134.42332458496094,25.0,0.0,0.0,0.011845853179693222,0.005446634255349636,0.004624591208994389,0.004624591208994389
CelebDFv3,/root/Datasets/CelebDFv3/CelebDFv3/FAKE/TalkingFace/SadTalker/id59_0006_test_id04657_dn4XY5c6mEw.mp4,TalkingFace/SadTalker,id59,,0,7.421683311462402,-7.421683311462402,0.0,117.42695617675781,25.0,0.0,0.0,0.0014885816490277648,0.007881583645939827,0.004586030729115009,0.004586030729115009
CelebDFv3,/root/Datasets/CelebDFv3/CelebDFv3/FAKE/FaceReenact/DaGAN/id23_id3_0003.mp4,FaceReenact/DaGAN,id23,id3,0,3.6987404823303223,-3.6987404823303223,0.0,114.44750213623047,30.0,0.0,0.0,0.013117327354848385,0.010879195295274258,0.005780329462140799,0.005780329462140799
CelebDFv3,/root/Datasets/CelebDFv3/CelebDFv3/FAKE/FaceReenact/FSRT/id26_id32_0006.mp4,FaceReenact/FSRT,id26,id32,0,-10.788677215576172,10.788677215576172,0.0,298.5579528808594,20.0,1.0,0.4375,0.008097777143120766,0.009271419607102871,0.008961409330368042,0.008961409330368042
CelebDFv3,/root/Datasets/CelebDFv3/CelebDFv3/FAKE/FaceReenact/HyperReenact/id54_id49_0009.mp4,FaceReenact/HyperReenact,id54,id49,0,2.146662712097168,-2.146662712097168,0.0,131.96343994140625,25.0,0.0,0.0,0.0044458298943936825,0.0023994045332074165,0.00658803666010499,0.00658803666010499
CelebDFv3,/root/Datasets/CelebDFv3/CelebDFv3/FAKE/FaceReenact/LIA/id25_id22_0002.mp4,FaceReenact/LIA,id25,id22,0,-0.9175669550895691,0.9175669550895691,0.0,144.5185546875,30.0,1.0,0.015625,0.01788792572915554,0.007866809144616127,0.006310651078820229,0.006310651078820229
CelebDFv3,/root/Datasets/CelebDFv3/CelebDFv3/FAKE/FaceReenact/LivePortrait/id31_id20_0008.mp4,FaceReenact/LivePortrait,id31,id20,0,0.7143054008483887,-0.7143054008483887,0.0,150.7516632080078,30.0,0.0,0.0,0.007167764939367771,0.006661692168563604,0.009033331647515297,0.016267653554677963
CelebDFv3,/root/Datasets/CelebDFv3/CelebDFv3/FAKE/FaceReenact/MCNET/id8_id3_0002.mp4,FaceReenact/MCNET,id8,id3,0,-3.4427356719970703,3.4427356719970703,0.0,115.2957763671875,30.0,0.0,0.0,0.02841167338192463,0.014398531056940556,0.008366127498447895,0.008366127498447895
CelebDFv3,/root/Datasets/CelebDFv3/CelebDFv3/FAKE/FaceReenact/TPSMM/id54_id50_0004.mp4,FaceReenact/TPSMM,id54,id50,0,-5.59757661819458,5.59757661819458,0.0,210.1977996826172,30.0,1.0,0.046875,0.0180826336145401,0.005544891580939293,0.01222629752010107,0.01222629752010107
CelebDFv3,/root/Datasets/CelebDFv3/CelebDFv3/FAKE/FaceSwap/BlendFace/id56_id58_0000.mp4,FaceSwap/BlendFace,id56,id58,0,0.4596720337867737,-0.4596720337867737,0.0,121.98770904541016,30.0,0.0,0.0,0.0032161367125809193,0.004627581685781479,0.0020887888967990875,0.003740592859685421
CelebDFv3,/root/Datasets/CelebDFv3/CelebDFv3/FAKE/FaceSwap/Celeb-DF-v2/id54_id49_0001.mp4,FaceSwap/Celeb-DF-v2,id54,id49,0,-0.2864713966846466,0.2864713966846466,0.0,161.0262908935547,30.0,0.0,0.0,0.006572022568434477,0.02104314975440502,0.004266506992280483,0.007640440482646227
CelebDFv3,/root/Datasets/CelebDFv3/CelebDFv3/FAKE/FaceSwap/GHOST/id26_id29_0004.mp4,FaceSwap/GHOST,id26,id29,0,1.4198049306869507,-1.4198049306869507,0.0,135.36099243164062,30.0,0.0,0.0,0.0034892456606030464,0.007797800004482269,0.0030001166742295027,0.005390039645135403
CelebDFv3,/root/Datasets/CelebDFv3/CelebDFv3/FAKE/FaceSwap/HifiFace/id26_id29_0003.mp4,FaceSwap/HifiFace,id26,id29,0,-8.862768173217773,8.862768173217773,0.0,389.87799072265625,30.0,0.0,0.0,0.006034523248672485,0.007089641876518726,0.0035372828133404255,0.006355118006467819
CelebDFv3,/root/Datasets/CelebDFv3/CelebDFv3/FAKE/FaceSwap/InSwapper/id26_id28_0002.mp4,FaceSwap/InSwapper,id26,id28,0,-1.5030832290649414,1.5030832290649414,0.0,101.59888458251953,30.0,1.0,0.015625,0.006118562072515488,0.0163485836237669,0.003523347433656454,0.006330081261694431
CelebDFv3,/root/Datasets/CelebDFv3/CelebDFv3/FAKE/FaceSwap/MobileFaceSwap/id23_id2_0007.mp4,FaceSwap/MobileFaceSwap,id23,id2,0,0.26165568828582764,-0.26165568828582764,0.0,118.93363189697266,30.0,0.0,0.0,0.011070171371102333,0.03869100660085678,0.0054922401905059814,0.009635094553232193
CelebDFv3,/root/Datasets/CelebDFv3/CelebDFv3/FAKE/FaceSwap/SimSwap/id31_id6_0006.mp4,FaceSwap/SimSwap,id31,id6,0,-5.085984230041504,5.085984230041504,0.0,229.85276794433594,30.0,1.0,0.03125,0.004863405600190163,0.010994714684784412,0.0038798588793724775,0.006987033877521753
CelebDFv3,/root/Datasets/CelebDFv3/CelebDFv3/FAKE/FaceSwap/UniFace/id26_id24_0001.mp4,FaceSwap/UniFace,id26,id24,0,0.8920233249664307,-0.8920233249664307,0.0,125.17012023925781,30.0,1.0,0.03125,0.014161484315991402,0.01027786172926426,0.0034019898157566786,0.006112049333751202
CelebDFv3,/root/Datasets/CelebDFv3/CelebDFv3/FAKE/TalkingFace/AniTalker/id11_0005_test_id02317_B_Tih3Eph2k.mp4,TalkingFace/AniTalker,id11,,0,-0.0090140700340271,0.0090140700340271,0.0,138.06199645996094,25.0,0.0,0.0,0.004114917013794184,0.00605785520747304,0.006368623115122318,0.006368623115122318
CelebDFv3,/root/Datasets/CelebDFv3/CelebDFv3/FAKE/TalkingFace/EDTalk/id59_0005_test_id01593__gyaAyVi6SA.mp4,TalkingFace/EDTalk,id59,,0,0.36038655042648315,-0.36038655042648315,0.0,143.0511474609375,25.0,0.0,0.0,0.010949457995593548,0.007989771664142609,0.007636737078428268,0.007636737078428268
CelebDFv3,/root/Datasets/CelebDFv3/CelebDFv3/FAKE/TalkingFace/EchoMimic/id59_0004_test_id04232_AB9fk1MH2rA.mp4,TalkingFace/EchoMimic,id59,,0,0.6008621454238892,-0.6008621454238892,0.0,193.1809539794922,24.0,0.0,0.0,0.005322847981005907,0.014258221723139286,0.0059159621596336365,0.0059159621596336365
CelebDFv3,/root/Datasets/CelebDFv3/CelebDFv3/FAKE/TalkingFace/FLOAT/id54_0000_test_id01593_Clw9yg6Jd34.mp4,TalkingFace/FLOAT,id54,,0,-2.6910507678985596,2.6910507678985596,0.0,144.04258728027344,25.0,0.0,0.0,0.011295445263385773,0.00860725436359644,0.011759811080992222,0.011759811080992222
CelebDFv3,/root/Datasets/CelebDFv3/CelebDFv3/FAKE/TalkingFace/IP_LAP/id31_0009_test_id00926_TOxtKuoggFI.mp4,TalkingFace/IP_LAP,id31,,0,2.591860771179199,-2.591860771179199,0.0,126.88317108154297,25.0,0.0,0.0,0.0301365964114666,0.004855730105191469,0.006203569937497377,0.006203569937497377
CelebDFv3,/root/Datasets/CelebDFv3/CelebDFv3/FAKE/TalkingFace/Real3DPortrait/id59_0003_test_id03347__NVxlFSjV0I.mp4,TalkingFace/Real3DPortrait,id59,,0,-3.030221939086914,3.030221939086914,0.0,341.10211181640625,25.0,0.0,0.0,0.010191062465310097,0.004484558943659067,0.008274940773844719,0.008274940773844719
CelebDFv3,/root/Datasets/CelebDFv3/CelebDFv3/FAKE/TalkingFace/SadTalker/id23_0007_test_id03127_XaxvcU5-eGY.mp4,TalkingFace/SadTalker,id23,,0,2.9511067867279053,-2.9511067867279053,0.0,324.4440612792969,25.0,0.0,0.0,0.0024906795006245375,0.010900311172008514,0.007234430871903896,0.006808876059949398
CelebDFv3,/root/Datasets/CelebDFv3/CelebDFv3/FAKE/FaceReenact/DaGAN/id51_id54_0005.mp4,FaceReenact/DaGAN,id51,id54,0,-7.991952896118164,7.991952896118164,0.0,199.34774780273438,30.0,0.0,0.0,0.0062200590036809444,0.004895419348031282,0.008679433725774288,0.008679433725774288
CelebDFv3,/root/Datasets/CelebDFv3/CelebDFv3/FAKE/FaceReenact/FSRT/id23_id31_0002.mp4,FaceReenact/FSRT,id23,id31,0,5.648351192474365,-5.648351192474365,0.0,111.02156829833984,20.0,1.0,0.0625,0.005159682594239712,0.002697621239349246,0.007556282449513674,0.007556282449513674
CelebDFv3,/root/Datasets/CelebDFv3/CelebDFv3/FAKE/FaceReenact/HyperReenact/id23_id9_0002.mp4,FaceReenact/HyperReenact,id23,id9,0,5.8294854164123535,-5.8294854164123535,0.0,116.17137145996094,25.0,0.0,0.0,0.0033910940401256084,0.00267196586355567,0.005632132291793823,0.005632132291793823
CelebDFv3,/root/Datasets/CelebDFv3/CelebDFv3/FAKE/FaceReenact/LIA/id23_id27_0007.mp4,FaceReenact/LIA,id23,id27,0,3.978717565536499,-3.978717565536499,0.0,178.11058044433594,30.0,0.0,0.0,0.01658077910542488,0.010851158760488033,0.008506180718541145,0.008506180718541145
CelebDFv3,/root/Datasets/CelebDFv3/CelebDFv3/FAKE/FaceReenact/LivePortrait/id31_id23_0000.mp4,FaceReenact/LivePortrait,id31,id23,0,2.6493983268737793,-2.6493983268737793,0.0,107.46544647216797,30.0,1.0,0.234375,0.003011587541550398,0.0014502102276310325,0.002165750600397587,0.0039001863915473223
CelebDFv3,/root/Datasets/CelebDFv3/CelebDFv3/FAKE/FaceReenact/MCNET/id25_id22_0003.mp4,FaceReenact/MCNET,id25,id22,0,1.0024685859680176,-1.0024685859680176,0.0,199.14212036132812,30.0,1.0,0.265625,0.015381919220089912,0.006084758322685957,0.02027902938425541,0.02027902938425541
CelebDFv3,/root/Datasets/CelebDFv3/CelebDFv3/FAKE/FaceReenact/TPSMM/id23_id19_0009.mp4,FaceReenact/TPSMM,id23,id19,0,4.697555065155029,-4.697555065155029,0.0,136.42010498046875,30.0,1.0,0.015625,0.011891497299075127,0.006079161074012518,0.009777514263987541,0.009777514263987541
CelebDFv3,/root/Datasets/CelebDFv3/CelebDFv3/FAKE/FaceSwap/BlendFace/id31_id29_0009.mp4,FaceSwap/BlendFace,id31,id29,0,4.7627973556518555,-4.7627973556518555,0.0,133.11839294433594,30.0,0.0,0.0,0.0023644319735467434,0.004600199870765209,0.0025291957426816225,0.004554695915430784
CelebDFv3,/root/Datasets/CelebDFv3/CelebDFv3/FAKE/FaceSwap/Celeb-DF-v2/id23_id30_0000.mp4,FaceSwap/Celeb-DF-v2,id23,id30,0,3.8068971633911133,-3.8068971633911133,0.0,110.10086059570312,30.0,0.0,0.0,0.001734345220029354,0.0019831317476928234,0.001310321968048811,0.002328849397599697
CelebDFv3,/root/Datasets/CelebDFv3/CelebDFv3/FAKE/FaceSwap/GHOST/id51_id53_0008.mp4,FaceSwap/GHOST,id51,id53,0,-1.6207491159439087,1.6207491159439087,0.0,105.60116577148438,30.0,0.0,0.0,0.004050920717418194,0.004576855804771185,0.004960744641721249,0.008883676491677761
CelebDFv3,/root/Datasets/CelebDFv3/CelebDFv3/FAKE/FaceSwap/HifiFace/id26_id9_0008.mp4,FaceSwap/HifiFace,id26,id9,0,0.2538186311721802,-0.2538186311721802,0.0,176.0585479736328,30.0,0.0,0.0,0.005900608841329813,0.005011353641748428,0.0033427472226321697,0.006087011191993952
CelebDFv3,/root/Datasets/CelebDFv3/CelebDFv3/FAKE/FaceSwap/InSwapper/id51_id54_0005.mp4,FaceSwap/InSwapper,id51,id54,0,-13.926994323730469,13.926994323730469,0.0,168.0374755859375,30.0,0.0,0.0,0.009126604534685612,0.013774399645626545,0.0027379649691283703,0.004903134424239397
CelebDFv3,/root/Datasets/CelebDFv3/CelebDFv3/FAKE/FaceSwap/MobileFaceSwap/id23_id24_0002.mp4,FaceSwap/MobileFaceSwap,id23,id24,0,4.708183288574219,-4.708183288574219,0.0,103.86920166015625,30.0,0.0,0.0,0.009135205298662186,0.011213524267077446,0.0034717395901679993,0.006170359905809164
CelebDFv3,/root/Datasets/CelebDFv3/CelebDFv3/FAKE/FaceSwap/SimSwap/id26_id3_0008.mp4,FaceSwap/SimSwap,id26,id3,0,-2.0969953536987305,2.0969953536987305,0.0,172.1798858642578,30.0,0.0,0.0,0.006019097287207842,0.005162419285625219,0.0024707727134227753,0.004499180242419243
CelebDFv3,/root/Datasets/CelebDFv3/CelebDFv3/FAKE/FaceSwap/UniFace/id8_id7_0008.mp4,FaceSwap/UniFace,id8,id7,0,-4.937621116638184,4.937621116638184,0.0,138.87860107421875,30.0,0.0,0.0,0.002192293992266059,0.0024658225011080503,0.0009231629082933068,0.001739238970912993
CelebDFv3,/root/Datasets/CelebDFv3/CelebDFv3/FAKE/TalkingFace/AniTalker/id54_0005_test_id03862_QAjCTPnQTOY.mp4,TalkingFace/AniTalker,id54,,0,-2.814880609512329,2.814880609512329,0.0,122.49854278564453,25.0,0.0,0.0,0.011558539234101772,0.007752727251499891,0.007731834892183542,0.007731834892183542
CelebDFv3,/root/Datasets/CelebDFv3/CelebDFv3/FAKE/TalkingFace/EDTalk/id54_0007_test_id06484_4K-ops4JwUA.mp4,TalkingFace/EDTalk,id54,,0,-3.166382074356079,3.166382074356079,0.0,133.42271423339844,25.0,0.0,0.0,0.011211889795958996,0.011523259803652763,0.01040779147297144,0.01040779147297144
CelebDFv3,/root/Datasets/CelebDFv3/CelebDFv3/FAKE/TalkingFace/EchoMimic/id56_0001_test_id05055_9wdCne17C3Y.mp4,TalkingFace/EchoMimic,id56,,0,5.189037322998047,-5.189037322998047,0.0,162.00997924804688,24.0,0.0,0.0,0.006901177577674389,0.007345100864768028,0.004010011907666922,0.004010011907666922
CelebDFv3,/root/Datasets/CelebDFv3/CelebDFv3/FAKE/TalkingFace/FLOAT/id48_0009_test_id08374_8V4tFXw2UxY.mp4,TalkingFace/FLOAT,id48,,0,1.9899567365646362,-1.9899567365646362,0.0,120.54136657714844,25.0,0.0,0.0,0.010377233847975731,0.008555841632187366,0.007022170349955559,0.007022170349955559
CelebDFv3,/root/Datasets/CelebDFv3/CelebDFv3/FAKE/TalkingFace/IP_LAP/id31_0007_test_id05459_7UxF1t_taDk.mp4,TalkingFace/IP_LAP,id31,,0,0.360699862241745,-0.360699862241745,0.0,258.48333740234375,25.0,1.0,0.234375,0.05557685345411301,0.006996843032538891,0.07845831662416458,0.07845831662416458
CelebDFv3,/root/Datasets/CelebDFv3/CelebDFv3/FAKE/TalkingFace/Real3DPortrait/id11_0010_test_id09017_I5fFZuGVAvs.mp4,TalkingFace/Real3DPortrait,id11,,0,7.432985305786133,-7.432985305786133,0.0,129.7926025390625,25.0,0.0,0.0,0.009649671614170074,0.004899062681943178,0.004561371169984341,0.004561371169984341
CelebDFv3,/root/Datasets/CelebDFv3/CelebDFv3/FAKE/TalkingFace/SadTalker/id59_0007_test_id04657_yqkK6MUhXgk.mp4,TalkingFace/SadTalker,id59,,0,3.3843612670898438,-3.3843612670898438,0.0,121.8157730102539,25.0,0.0,0.0,0.0027625916991382837,0.0029076174832880497,0.006145616993308067,0.006555324885994196
CelebDFv3,/root/Datasets/CelebDFv3/CelebDFv3/FAKE/FaceReenact/DaGAN/id31_id35_0000.mp4,FaceReenact/DaGAN,id31,id35,0,0.9313490390777588,-0.9313490390777588,0.0,100.74651336669922,30.0,0.0,0.0,0.013508090749382973,0.013333788141608238,0.011369500309228897,0.011369500309228897
CelebDFv3,/root/Datasets/CelebDFv3/CelebDFv3/FAKE/FaceReenact/FSRT/id48_id47_0008.mp4,FaceReenact/FSRT,id48,id47,0,-12.955543518066406,12.955543518066406,0.0,233.589111328125,20.0,0.0,0.0,0.009437660686671734,0.006333955563604832,0.007024599239230156,0.007024599239230156
CelebDFv3,/root/Datasets/CelebDFv3/CelebDFv3/FAKE/FaceReenact/HyperReenact/id23_id20_0001.mp4,FaceReenact/HyperReenact,id23,id20,0,1.0823085308074951,-1.0823085308074951,0.0,123.99806213378906,25.0,0.0,0.0,0.005953088402748108,0.0035792451817542315,0.008199164643883705,0.008199164643883705
CelebDFv3,/root/Datasets/CelebDFv3/CelebDFv3/FAKE/FaceReenact/LIA/id51_id58_0000.mp4,FaceReenact/LIA,id51,id58,0,-1.1043505668640137,1.1043505668640137,0.0,100.76730346679688,30.0,0.0,0.0,0.022845445200800896,0.008671490475535393,0.014576802961528301,0.014576802961528301
CelebDFv3,/root/Datasets/CelebDFv3/CelebDFv3/FAKE/FaceReenact/LivePortrait/id23_id27_0006.mp4,FaceReenact/LivePortrait,id23,id27,0,10.758623123168945,-10.758623123168945,0.0,230.88819885253906,30.0,1.0,0.015625,0.00819157063961029,0.005030801985412836,0.0035816377494484186,0.00474567012861371
CelebDFv3,/root/Datasets/CelebDFv3/CelebDFv3/FAKE/FaceReenact/MCNET/id8_id9_0003.mp4,FaceReenact/MCNET,id8,id9,0,0.36873501539230347,-0.36873501539230347,0.0,121.68504333496094,30.0,0.0,0.0,0.00711187394335866,0.006219382397830486,0.006779232062399387,0.006779232062399387
CelebDFv3,/root/Datasets/CelebDFv3/CelebDFv3/FAKE/FaceReenact/TPSMM/id23_id27_0001.mp4,FaceReenact/TPSMM,id23,id27,0,3.2788844108581543,-3.2788844108581543,0.0,142.51116943359375,30.0,0.0,0.0,0.007193357218056917,0.007133432663977146,0.004290872253477573,0.004290872253477573
CelebDFv3,/root/Datasets/CelebDFv3/CelebDFv3/FAKE/FaceSwap/BlendFace/id26_id25_0003.mp4,FaceSwap/BlendFace,id26,id25,0,-11.863069534301758,11.863069534301758,0.0,404.9593811035156,30.0,0.0,0.0,0.005972824990749359,0.006837653461843729,0.0018033108208328485,0.0032398467883467674
CelebDFv3,/root/Datasets/CelebDFv3/CelebDFv3/FAKE/FaceSwap/Celeb-DF-v2/id59_id5_0008.mp4,FaceSwap/Celeb-DF-v2,id59,id5,0,7.947174072265625,-7.947174072265625,0.0,109.63890075683594,30.0,0.0,0.0,0.0013578282669186592,0.00089115125592798,0.0015396414091810584,0.0027571821119636297
CelebDFv3,/root/Datasets/CelebDFv3/CelebDFv3/FAKE/FaceSwap/GHOST/id31_id26_0007.mp4,FaceSwap/GHOST,id31,id26,0,-11.427323341369629,11.427323341369629,0.0,281.35540771484375,30.0,0.0,0.0,0.011796286329627037,0.0038978210650384426,0.004888530354946852,0.00880349799990654
CelebDFv3,/root/Datasets/CelebDFv3/CelebDFv3/FAKE/FaceSwap/HifiFace/id31_id33_0000.mp4,FaceSwap/HifiFace,id31,id33,0,3.9511427879333496,-3.9511427879333496,0.0,119.68224334716797,30.0,0.0,0.0,0.00360396527685225,0.006746239494532347,0.0038816151209175587,0.0069901966489851475
CelebDFv3,/root/Datasets/CelebDFv3/CelebDFv3/FAKE/FaceSwap/InSwapper/id51_id58_0002.mp4,FaceSwap/InSwapper,id51,id58,0,2.087818145751953,-2.087818145751953,0.0,81.37847137451172,30.0,0.0,0.0,0.006852239836007357,0.01618143543601036,0.004124423488974571,0.0073859975673258305
CelebDFv3,/root/Datasets/CelebDFv3/CelebDFv3/FAKE/FaceSwap/MobileFaceSwap/id11_id7_0003.mp4,FaceSwap/MobileFaceSwap,id11,id7,0,-9.784492492675781,9.784492492675781,0.0,212.025390625,30.0,0.0,0.0,0.0029181865975260735,0.005378691479563713,0.0020272890105843544,0.0038518491201102734
CelebDFv3,/root/Datasets/CelebDFv3/CelebDFv3/FAKE/FaceSwap/SimSwap/id23_id0_0006.mp4,FaceSwap/SimSwap,id23,id0,0,8.470958709716797,-8.470958709716797,0.0,263.16510009765625,30.0,0.0,0.0,0.006061837077140808,0.0035323321353644133,0.0019512830767780542,0.002585449954494834
CelebDFv3,/root/Datasets/CelebDFv3/CelebDFv3/FAKE/FaceSwap/UniFace/id56_id52_0001.mp4,FaceSwap/UniFace,id56,id52,0,-1.3558686971664429,1.3558686971664429,0.0,158.39239501953125,30.0,0.0,0.0,0.003373702522367239,0.008457573130726814,0.002643822692334652,0.004734544083476067
CelebDFv3,/root/Datasets/CelebDFv3/CelebDFv3/FAKE/TalkingFace/AniTalker/id31_0009_test_id09017_rINrNM431yc.mp4,TalkingFace/AniTalker,id31,,0,2.15399432182312,-2.15399432182312,0.0,160.12179565429688,25.0,0.0,0.0,0.005393444560468197,0.006905555259436369,0.005936980713158846,0.005936980713158846
CelebDFv3,/root/Datasets/CelebDFv3/CelebDFv3/FAKE/TalkingFace/EDTalk/id23_0001_test_id07961_Q7QhiPMMMVA.mp4,TalkingFace/EDTalk,id23,,0,3.0735421180725098,-3.0735421180725098,0.0,139.3922882080078,25.0,0.0,0.0,0.012295495718717575,0.011579254642128944,0.007609482388943434,0.007609482388943434
CelebDFv3,/root/Datasets/CelebDFv3/CelebDFv3/FAKE/TalkingFace/EchoMimic/id51_0002_test_id03862_znMGUBKuVsI.mp4,TalkingFace/EchoMimic,id51,,0,5.069703578948975,-5.069703578948975,0.0,126.51216888427734,24.0,0.0,0.0,0.0036340532824397087,0.006032515317201614,0.00597285246476531,0.00597285246476531
CelebDFv3,/root/Datasets/CelebDFv3/CelebDFv3/FAKE/TalkingFace/FLOAT/id59_0006_test_id04657_dn4XY5c6mEw.mp4,TalkingFace/FLOAT,id59,,0,6.597970008850098,-6.597970008850098,0.0,113.02425384521484,25.0,0.0,0.0,0.011032556183636189,0.010362622328102589,0.007188813760876656,0.007188813760876656
CelebDFv3,/root/Datasets/CelebDFv3/CelebDFv3/FAKE/TalkingFace/IP_LAP/id8_0006_test_id04657__k6cgeecD88.mp4,TalkingFace/IP_LAP,id8,,0,-0.6571798324584961,0.6571798324584961,0.0,123.73356628417969,25.0,0.0,0.0,0.007995974272489548,0.018610788509249687,0.011342703364789486,0.011342703364789486
CelebDFv3,/root/Datasets/CelebDFv3/CelebDFv3/FAKE/TalkingFace/Real3DPortrait/id31_0006_test_id05654_lgnVNGGeF7E.mp4,TalkingFace/Real3DPortrait,id31,,0,-2.830878257751465,2.830878257751465,0.0,212.62051391601562,25.0,1.0,0.28125,0.006638067774474621,0.004164755344390869,0.013527372851967812,0.013527372851967812
CelebDFv3,/root/Datasets/CelebDFv3/CelebDFv3/FAKE/TalkingFace/SadTalker/id11_0007_test_id05055_g-9k9_PcxVY.mp4,TalkingFace/SadTalker,id11,,0,-14.687301635742188,14.687301635742188,0.0,153.1404266357422,25.0,0.0,0.0,0.004569666460156441,0.010638665407896042,0.008705449290573597,0.008705449290573597
CelebDFv3,/root/Datasets/CelebDFv3/CelebDFv3/FAKE/FaceReenact/DaGAN/id23_id19_0002.mp4,FaceReenact/DaGAN,id23,id19,0,2.3098652362823486,-2.3098652362823486,0.0,98.48384857177734,30.0,1.0,0.109375,0.011139550246298313,0.00914597138762474,0.013561445288360119,0.013561445288360119
CelebDFv3,/root/Datasets/CelebDFv3/CelebDFv3/FAKE/FaceReenact/FSRT/id31_id32_0001.mp4,FaceReenact/FSRT,id31,id32,0,6.982814788818359,-6.982814788818359,0.0,134.89186096191406,20.0,0.0,0.0,0.01993432641029358,0.013006515800952911,0.007761404849588871,0.007761404849588871
CelebDFv3,/root/Datasets/CelebDFv3/CelebDFv3/FAKE/FaceReenact/HyperReenact/id54_id49_0008.mp4,FaceReenact/HyperReenact,id54,id49,0,-2.4858641624450684,2.4858641624450684,0.0,191.96058654785156,25.0,0.0,0.0,0.004219138994812965,0.001780877122655511,0.004337293561547995,0.004337293561547995
CelebDFv3,/root/Datasets/CelebDFv3/CelebDFv3/FAKE/FaceReenact/LIA/id31_id33_0006.mp4,FaceReenact/LIA,id31,id33,0,-0.2804860472679138,0.2804860472679138,0.0,174.75454711914062,30.0,0.0,0.0,0.016559768468141556,0.00551223661750555,0.009803489781916142,0.009803489781916142
CelebDFv3,/root/Datasets/CelebDFv3/CelebDFv3/FAKE/FaceReenact/LivePortrait/id31_id33_0009.mp4,FaceReenact/LivePortrait,id31,id33,0,-0.4068591296672821,0.4068591296672821,0.0,142.2036590576172,30.0,1.0,0.0625,0.0063099609687924385,0.011999362148344517,0.006776908412575722,0.012204178608953953
CelebDFv3,/root/Datasets/CelebDFv3/CelebDFv3/FAKE/FaceReenact/MCNET/id26_id33_0006.mp4,FaceReenact/MCNET,id26,id33,0,-7.715429782867432,7.715429782867432,0.0,276.0251770019531,30.0,1.0,0.421875,0.00980282761156559,0.007672571111470461,0.012185424566268921,0.012185424566268921
CelebDFv3,/root/Datasets/CelebDFv3/CelebDFv3/FAKE/FaceReenact/TPSMM/id11_id7_0006.mp4,FaceReenact/TPSMM,id11,id7,0,4.539825439453125,-4.539825439453125,0.0,107.33934783935547,30.0,0.0,0.0,0.045942164957523346,0.013876091688871384,0.01787724532186985,0.01787724532186985
CelebDFv3,/root/Datasets/CelebDFv3/CelebDFv3/FAKE/FaceSwap/BlendFace/id48_id45_0005.mp4,FaceSwap/BlendFace,id48,id45,0,3.2946276664733887,-3.2946276664733887,0.0,150.5142822265625,30.0,0.0,0.0,0.0009538572048768401,0.002041249768808484,0.0011076692026108503,0.001977980602532625
CelebDFv3,/root/Datasets/CelebDFv3/CelebDFv3/FAKE/FaceSwap/Celeb-DF-v2/id23_id25_0006.mp4,FaceSwap/Celeb-DF-v2,id23,id25,0,3.583878993988037,-3.583878993988037,0.0,249.5130157470703,30.0,0.0,0.0,0.008010483346879482,0.003322717035189271,0.003134957980364561,0.004153819289058447
CelebDFv3,/root/Datasets/CelebDFv3/CelebDFv3/FAKE/FaceSwap/GHOST/id31_id6_0005.mp4,FaceSwap/GHOST,id31,id6,0,8.506928443908691,-8.506928443908691,0.0,144.71702575683594,30.0,0.0,0.0,0.005313985515385866,0.0044087814167141914,0.0036602579057216644,0.006591566372662783
CelebDFv3,/root/Datasets/CelebDFv3/CelebDFv3/FAKE/FaceSwap/HifiFace/id23_id1_0002.mp4,FaceSwap/HifiFace,id23,id1,0,1.5956602096557617,-1.5956602096557617,0.0,97.61173248291016,30.0,0.0,0.0,0.008984577842056751,0.011453158222138882,0.004174282308667898,0.007418998051434755
CelebDFv3,/root/Datasets/CelebDFv3/CelebDFv3/FAKE/FaceSwap/InSwapper/id23_id20_0007.mp4,FaceSwap/InSwapper,id23,id20,0,-1.1269137859344482,1.1269137859344482,0.0,131.95416259765625,30.0,0.0,0.0,0.010477002710103989,0.024633808061480522,0.00535139674320817,0.009388010948896408
CelebDFv3,/root/Datasets/CelebDFv3/CelebDFv3/FAKE/FaceSwap/MobileFaceSwap/id23_id29_0007.mp4,FaceSwap/MobileFaceSwap,id23,id29,0,1.1341397762298584,-1.1341397762298584,0.0,128.89292907714844,30.0,0.0,0.0,0.00964360125362873,0.0357305146753788,0.005377711728215218,0.009434174746274948
CelebDFv3,/root/Datasets/CelebDFv3/CelebDFv3/FAKE/FaceSwap/SimSwap/id26_id37_0003.mp4,FaceSwap/SimSwap,id26,id37,0,-6.333841323852539,6.333841323852539,0.0,389.5509948730469,30.0,0.0,0.0,0.006017995998263359,0.006503941956907511,0.0018139710882678628,0.0032589989714324474
CelebDFv3,/root/Datasets/CelebDFv3/CelebDFv3/FAKE/FaceSwap/UniFace/id23_id27_0001.mp4,FaceSwap/UniFace,id23,id27,0,-0.4688027501106262,0.4688027501106262,0.0,136.28482055664062,30.0,0.0,0.0,0.002220951719209552,0.0034232905600219965,0.0018523113103583455,0.0032921331003308296
CelebDFv3,/root/Datasets/CelebDFv3/CelebDFv3/FAKE/TalkingFace/AniTalker/id31_0003_test_id01333_gujKn7v2CJg.mp4,TalkingFace/AniTalker,id31,,0,-4.962134838104248,4.962134838104248,0.0,148.83456420898438,25.0,0.0,0.0,0.0058261314406991005,0.009535870514810085,0.013830681331455708,0.013830681331455708
CelebDFv3,/root/Datasets/CelebDFv3/CelebDFv3/FAKE/TalkingFace/EDTalk/id11_0005_test_id05654_6UV8K4t_6Xw.mp4,TalkingFace/EDTalk,id11,,0,-0.8329704999923706,0.8329704999923706,0.0,128.0985107421875,25.0,0.0,0.0,0.014231335371732712,0.00839117169380188,0.007221002131700516,0.007221002131700516
CelebDFv3,/root/Datasets/CelebDFv3/CelebDFv3/FAKE/TalkingFace/EchoMimic/id11_0000_test_id08696_w3hl-OW_TVI.mp4,TalkingFace/EchoMimic,id11,,0,5.752801895141602,-5.752801895141602,0.0,111.40303802490234,24.0,0.0,0.0,0.012144096195697784,0.010503249242901802,0.005353706888854504,0.005353706888854504
CelebDFv3,/root/Datasets/CelebDFv3/CelebDFv3/FAKE/TalkingFace/FLOAT/id48_0003_test_id02542_gMKSu2wZpAA.mp4,TalkingFace/FLOAT,id48,,0,-3.475513219833374,3.475513219833374,0.0,113.83377838134766,25.0,0.0,0.0,0.014925509691238403,0.005021960474550724,0.014874625019729137,0.014874625019729137
CelebDFv3,/root/Datasets/CelebDFv3/CelebDFv3/FAKE/TalkingFace/IP_LAP/id59_0005_test_id08392_V2DQaPnQhBs.mp4,TalkingFace/IP_LAP,id59,,0,5.23708963394165,-5.23708963394165,0.0,119.51297760009766,25.0,0.0,0.0,0.008806626312434673,0.0036517521366477013,0.005097703542560339,0.005097703542560339
CelebDFv3,/root/Datasets/CelebDFv3/CelebDFv3/FAKE/TalkingFace/Real3DPortrait/id23_0006_test_id02542_X1EwhLOXzpM.mp4,TalkingFace/Real3DPortrait,id23,,0,20.69184112548828,-20.69184112548828,0.0,153.99227905273438,25.0,0.0,0.0,0.009475651197135448,0.005378905218094587,0.005652339197695255,0.005652339197695255
CelebDFv3,/root/Datasets/CelebDFv3/CelebDFv3/FAKE/TalkingFace/SadTalker/id25_0007_test_id00926_daYw42Tsdgs.mp4,TalkingFace/SadTalker,id25,,0,-11.000353813171387,11.000353813171387,0.0,228.46340942382812,25.0,0.0,0.0,0.0019257155945524573,0.0072284541092813015,0.004332480486482382,0.004332480486482382
CelebDFv3,/root/Datasets/CelebDFv3/CelebDFv3/FAKE/FaceReenact/DaGAN/id22_id25_0006.mp4,FaceReenact/DaGAN,id22,id25,0,1.9507287740707397,-1.9507287740707397,0.0,164.54653930664062,30.0,0.0,0.0,0.002196419984102249,0.00475260429084301,0.005328754894435406,0.005328754894435406
CelebDFv3,/root/Datasets/CelebDFv3/CelebDFv3/FAKE/FaceReenact/FSRT/id23_id30_0000.mp4,FaceReenact/FSRT,id23,id30,0,10.764242172241211,-10.764242172241211,0.0,115.44332885742188,20.0,1.0,0.0625,0.014362399466335773,0.0071150013245642185,0.0071746245957911015,0.0071746245957911015
CelebDFv3,/root/Datasets/CelebDFv3/CelebDFv3/FAKE/FaceReenact/HyperReenact/id23_id2_0006.mp4,FaceReenact/HyperReenact,id23,id2,0,0.4276387095451355,-0.4276387095451355,0.0,263.796875,25.0,0.0,0.0,0.006785627454519272,0.002948744222521782,0.006313451565802097,0.006313451565802097
CelebDFv3,/root/Datasets/CelebDFv3/CelebDFv3/FAKE/FaceReenact/LIA/id23_id22_0009.mp4,FaceReenact/LIA,id23,id22,0,2.3878870010375977,-2.3878870010375977,0.0,154.04652404785156,30.0,1.0,0.046875,0.018808875232934952,0.01750938594341278,0.02739395573735237,0.02739395573735237
CelebDFv3,/root/Datasets/CelebDFv3/CelebDFv3/FAKE/FaceReenact/LivePortrait/id23_id3_0002.mp4,FaceReenact/LivePortrait,id23,id3,0,2.4319064617156982,-2.4319064617156982,0.0,93.59883880615234,30.0,1.0,0.015625,0.015420139767229557,0.01913590542972088,0.017194349318742752,0.030559705570340157
CelebDFv3,/root/Datasets/CelebDFv3/CelebDFv3/FAKE/FaceReenact/MCNET/id23_id30_0003.mp4,FaceReenact/MCNET,id23,id30,0,6.4135637283325195,-6.4135637283325195,0.0,107.60334014892578,30.0,0.0,0.0,0.017176983878016472,0.015144686214625835,0.006508748512715101,0.006508748512715101
CelebDFv3,/root/Datasets/CelebDFv3/CelebDFv3/FAKE/FaceReenact/TPSMM/id56_id57_0001.mp4,FaceReenact/TPSMM,id56,id57,0,5.034650802612305,-5.034650802612305,0.0,133.89013671875,30.0,0.0,0.0,0.015069490298628807,0.006425025407224894,0.007691788487136364,0.007691788487136364
CelebDFv3,/root/Datasets/CelebDFv3/CelebDFv3/FAKE/FaceSwap/BlendFace/id22_id23_0006.mp4,FaceSwap/BlendFace,id22,id23,0,5.01256799697876,-5.01256799697876,0.0,154.3049774169922,30.0,0.0,0.0,0.0031060604378581047,0.0031872079707682133,0.0013848838862031698,0.0024613693822175264
CelebDFv3,/root/Datasets/CelebDFv3/CelebDFv3/FAKE/FaceSwap/Celeb-DF-v2/id26_id3_0002.mp4,FaceSwap/Celeb-DF-v2,id26,id3,0,4.000425338745117,-4.000425338745117,0.0,93.793212890625,30.0,0.0,0.0,0.006353562697768211,0.016272449865937233,0.0034484639763832092,0.006195545196533203
CelebDFv3,/root/Datasets/CelebDFv3/CelebDFv3/FAKE/FaceSwap/GHOST/id51_id58_0004.mp4,FaceSwap/GHOST,id51,id58,0,0.743910551071167,-0.743910551071167,0.0,99.85122680664062,29.0,1.0,0.15625,0.007707665674388409,0.012687166221439838,0.005685414187610149,0.010181411169469357
CelebDFv3,/root/Datasets/CelebDFv3/CelebDFv3/FAKE/FaceSwap/HifiFace/id26_id32_0001.mp4,FaceSwap/HifiFace,id26,id32,0,2.515725612640381,-2.515725612640381,0.0,122.27761840820312,30.0,1.0,0.046875,0.019360411912202835,0.016018126159906387,0.004152833018451929,0.007461021654307842
CelebDFv3,/root/Datasets/CelebDFv3/CelebDFv3/FAKE/FaceSwap/InSwapper/id23_id29_0006.mp4,FaceSwap/InSwapper,id23,id29,0,4.553051471710205,-4.553051471710205,0.0,254.9051055908203,30.0,0.0,0.0,0.00839992705732584,0.0035480139777064323,0.0034450525417923927,0.004564695060253143
CelebDFv3,/root/Datasets/CelebDFv3/CelebDFv3/FAKE/FaceSwap/MobileFaceSwap/id26_id29_0009.mp4,FaceSwap/MobileFaceSwap,id26,id29,0,-6.102290153503418,6.102290153503418,0.0,172.08126831054688,30.0,0.0,0.0,0.012844021432101727,0.010337723419070244,0.005186190828680992,0.009443849325180054
CelebDFv3,/root/Datasets/CelebDFv3/CelebDFv3/FAKE/FaceSwap/SimSwap/id54_id56_0008.mp4,FaceSwap/SimSwap,id54,id56,0,-3.7218217849731445,3.7218217849731445,0.0,192.38467407226562,30.0,0.0,0.0,0.0020179622806608677,0.0034416979178786278,0.0019510792335495353,0.0034939832985401154
CelebDFv3,/root/Datasets/CelebDFv3/CelebDFv3/FAKE/FaceSwap/UniFace/id23_id33_0002.mp4,FaceSwap/UniFace,id23,id33,0,0.8220686912536621,-0.8220686912536621,0.0,98.24922943115234,30.0,0.0,0.0,0.008965970017015934,0.011249671690165997,0.004707513377070427,0.008366714231669903
CelebDFv3,/root/Datasets/CelebDFv3/CelebDFv3/FAKE/TalkingFace/AniTalker/id25_0002_test_id03524_cxnnKLQYemo.mp4,TalkingFace/AniTalker,id25,,0,9.508003234863281,-9.508003234863281,0.0,184.89410400390625,25.0,0.0,0.0,0.0036155814304947853,0.0035827145911753178,0.005169525742530823,0.005169525742530823
CelebDFv3,/root/Datasets/CelebDFv3/CelebDFv3/FAKE/TalkingFace/EDTalk/id51_0005_test_id01509_I6T7sh7T2lU.mp4,TalkingFace/EDTalk,id51,,0,-2.871535539627075,2.871535539627075,0.0,153.98350524902344,25.0,0.0,0.0,0.010655553080141544,0.008953214623034,0.007276393473148346,0.007276393473148346
CelebDFv3,/root/Datasets/CelebDFv3/CelebDFv3/FAKE/TalkingFace/EchoMimic/id8_0007_test_id00562_6J0PC3tcSh8.mp4,TalkingFace/EchoMimic,id8,,0,4.777657508850098,-4.777657508850098,0.0,159.1187286376953,24.0,0.0,0.0,0.0014808919513598084,0.003791233291849494,0.005246689543128014,0.005246689543128014
CelebDFv3,/root/Datasets/CelebDFv3/CelebDFv3/FAKE/TalkingFace/FLOAT/id25_0002_test_id03524_cxnnKLQYemo.mp4,TalkingFace/FLOAT,id25,,0,7.276249408721924,-7.276249408721924,0.0,200.79129028320312,25.0,0.0,0.0,0.014277859590947628,0.008068296127021313,0.01120739709585905,0.01120739709585905
CelebDFv3,/root/Datasets/CelebDFv3/CelebDFv3/FAKE/TalkingFace/IP_LAP/id26_0000_test_id01593_Clw9yg6Jd34.mp4,TalkingFace/IP_LAP,id26,,0,5.413763046264648,-5.413763046264648,0.0,164.65725708007812,25.0,0.0,0.0,0.0036931862123310566,0.0018827874446287751,0.0052255308255553246,0.0052255308255553246
CelebDFv3,/root/Datasets/CelebDFv3/CelebDFv3/FAKE/TalkingFace/Real3DPortrait/id23_0005_test_id06310_MNZMZ6ChMZQ.mp4,TalkingFace/Real3DPortrait,id23,,0,8.6819429397583,-8.6819429397583,0.0,121.98011016845703,25.0,0.0,0.0,0.012449163012206554,0.00695456750690937,0.006389417685568333,0.006389417685568333
CelebDFv3,/root/Datasets/CelebDFv3/CelebDFv3/FAKE/TalkingFace/SadTalker/id56_0002_test_id08696_1GdGZIP2kb4.mp4,TalkingFace/SadTalker,id56,,0,3.0485668182373047,-3.0485668182373047,0.0,125.53570556640625,25.0,0.0,0.0,0.0025652116164565086,0.005622080527245998,0.005716537591069937,0.005716537591069937
CelebDFv3,/root/Datasets/CelebDFv3/CelebDFv3/FAKE/FaceReenact/DaGAN/id31_id38_0009.mp4,FaceReenact/DaGAN,id31,id38,0,-0.05140271782875061,0.05140271782875061,0.0,139.2449951171875,30.0,0.0,0.0,0.03765018656849861,0.01563696563243866,0.03929010033607483,0.03929010033607483
CelebDFv3,/root/Datasets/CelebDFv3/CelebDFv3/FAKE/FaceReenact/FSRT/id56_id57_0008.mp4,FaceReenact/FSRT,id56,id57,0,11.674246788024902,-11.674246788024902,0.0,112.77491760253906,20.0,0.0,0.0,0.011137965135276318,0.006988276727497578,0.007332534529268742,0.007332534529268742
CelebDFv3,/root/Datasets/CelebDFv3/CelebDFv3/FAKE/FaceReenact/HyperReenact/id56_id55_0001.mp4,FaceReenact/HyperReenact,id56,id55,0,4.575545310974121,-4.575545310974121,0.0,165.61727905273438,25.0,0.0,0.0,0.004612680058926344,0.0022889352403581142,0.004387160297483206,0.004387160297483206
CelebDFv3,/root/Datasets/CelebDFv3/CelebDFv3/FAKE/FaceReenact/LIA/id31_id1_0007.mp4,FaceReenact/LIA,id31,id1,0,-6.778802394866943,6.778802394866943,0.0,338.9477233886719,30.0,1.0,0.640625,0.033546559512615204,0.0027585853822529316,0.0372341126203537,0.0372341126203537
CelebDFv3,/root/Datasets/CelebDFv3/CelebDFv3/FAKE/FaceReenact/LivePortrait/id25_id28_0002.mp4,FaceReenact/LivePortrait,id25,id28,0,1.5120621919631958,-1.5120621919631958,0.0,236.63755798339844,30.0,0.0,0.0,0.0025577787309885025,0.003371789352968335,0.0021318502258509398,0.003839137265458703
CelebDFv3,/root/Datasets/CelebDFv3/CelebDFv3/FAKE/FaceReenact/MCNET/id26_id29_0004.mp4,FaceReenact/MCNET,id26,id29,0,1.8769240379333496,-1.8769240379333496,0.0,122.49784088134766,30.0,0.0,0.0,0.013069802895188332,0.008095817640423775,0.007896372117102146,0.007896372117102146
CelebDFv3,/root/Datasets/CelebDFv3/CelebDFv3/FAKE/FaceReenact/TPSMM/id8_id3_0002.mp4,FaceReenact/TPSMM,id8,id3,0,-3.5697109699249268,3.5697109699249268,0.0,110.98060607910156,30.0,0.0,0.0,0.025587180629372597,0.013177610002458096,0.007686201483011246,0.007686201483011246
CelebDFv3,/root/Datasets/CelebDFv3/CelebDFv3/FAKE/FaceSwap/BlendFace/id26_id17_0006.mp4,FaceSwap/BlendFace,id26,id17,0,-4.349082946777344,4.349082946777344,0.0,259.0312194824219,30.0,1.0,0.03125,0.014944793656468391,0.005042554344981909,0.00357591244392097,0.006511596031486988
CelebDFv3,/root/Datasets/CelebDFv3/CelebDFv3/FAKE/FaceSwap/Celeb-DF-v2/id31_id33_0004.mp4,FaceSwap/Celeb-DF-v2,id31,id33,0,5.246623516082764,-5.246623516082764,0.0,201.66920471191406,30.0,0.0,0.0,0.004938970319926739,0.0031714553479105234,0.0021790312603116035,0.003924102988094091
CelebDFv3,/root/Datasets/CelebDFv3/CelebDFv3/FAKE/FaceSwap/GHOST/id25_id28_0005.mp4,FaceSwap/GHOST,id25,id28,0,0.9593387842178345,-0.9593387842178345,0.0,87.64957427978516,30.0,0.0,0.0,0.011818885803222656,0.0034141181968152523,0.0028665349818766117,0.004253937862813473
CelebDFv3,/root/Datasets/CelebDFv3/CelebDFv3/FAKE/FaceSwap/HifiFace/id26_id32_0006.mp4,FaceSwap/HifiFace,id26,id32,0,-7.170124530792236,7.170124530792236,0.0,264.1531066894531,30.0,1.0,0.0625,0.01530899666249752,0.004786765202879906,0.006224541924893856,0.011334646493196487
CelebDFv3,/root/Datasets/CelebDFv3/CelebDFv3/FAKE/FaceSwap/InSwapper/id31_id33_0009.mp4,FaceSwap/InSwapper,id31,id33,0,3.089813232421875,-3.089813232421875,0.0,141.8480224609375,30.0,0.0,0.0,0.006394353695213795,0.005481187254190445,0.004316721111536026,0.007773756980895996
CelebDFv3,/root/Datasets/CelebDFv3/CelebDFv3/FAKE/FaceSwap/MobileFaceSwap/id48_id47_0008.mp4,FaceSwap/MobileFaceSwap,id48,id47,0,-8.885848999023438,8.885848999023438,0.0,211.46206665039062,30.0,0.0,0.0,0.002665712032467127,0.0025633294135332108,0.002044025342911482,0.0020358492620289326
CelebDFv3,/root/Datasets/CelebDFv3/CelebDFv3/FAKE/FaceSwap/SimSwap/id11_id7_0009.mp4,FaceSwap/SimSwap,id11,id7,0,3.7918739318847656,-3.7918739318847656,0.0,105.021484375,30.0,0.0,0.0,0.002159776631742716,0.002791734877973795,0.0009548288653604686,0.00181417481508106
CelebDFv3,/root/Datasets/CelebDFv3/CelebDFv3/FAKE/FaceSwap/UniFace/id23_id28_0006.mp4,FaceSwap/UniFace,id23,id28,0,7.731290817260742,-7.731290817260742,0.0,261.506103515625,30.0,0.0,0.0,0.00626706937327981,0.0033775130286812782,0.001938155386596918,0.002568056108430028
CelebDFv3,/root/Datasets/CelebDFv3/CelebDFv3/FAKE/TalkingFace/AniTalker/id25_0009_test_id05124_1HAXGOri_x0.mp4,TalkingFace/AniTalker,id25,,0,-6.066052436828613,6.066052436828613,0.0,153.5289764404297,25.0,0.0,0.0,0.0039436230435967445,0.005348990671336651,0.004707389511168003,0.004707389511168003
CelebDFv3,/root/Datasets/CelebDFv3/CelebDFv3/FAKE/TalkingFace/EDTalk/id51_0009_test_id04094_XXOtyg4RxTE.mp4,TalkingFace/EDTalk,id51,,0,-2.264040946960449,2.264040946960449,0.0,139.4317169189453,25.0,0.0,0.0,0.009400526061654091,0.009595837444067001,0.005201277323067188,0.005201277323067188
CelebDFv3,/root/Datasets/CelebDFv3/CelebDFv3/FAKE/TalkingFace/EchoMimic/id22_0003_test_id02317_YCBadU0v3AE.mp4,TalkingFace/EchoMimic,id22,,0,-3.705639362335205,3.705639362335205,0.0,274.8557434082031,24.0,0.0,0.0,0.010628650896251202,0.010682109743356705,0.009532899595797062,0.009532899595797062
CelebDFv3,/root/Datasets/CelebDFv3/CelebDFv3/FAKE/TalkingFace/FLOAT/id22_0009_test_id00562_0Zh6t-f8MsY.mp4,TalkingFace/FLOAT,id22,,0,-0.9895784854888916,0.9895784854888916,0.0,126.445068359375,25.0,0.0,0.0,0.01574971154332161,0.007367212790995836,0.006900452077388763,0.006900452077388763
CelebDFv3,/root/Datasets/CelebDFv3/CelebDFv3/FAKE/TalkingFace/IP_LAP/id48_0005_test_id04006__bENbO3pwL0.mp4,TalkingFace/IP_LAP,id48,,0,0.09806723147630692,-0.09806723147630692,0.0,151.3641815185547,25.0,0.0,0.0,0.005237576086074114,0.003949682228267193,0.00480810459703207,0.00480810459703207
CelebDFv3,/root/Datasets/CelebDFv3/CelebDFv3/FAKE/TalkingFace/Real3DPortrait/id54_0008_test_id08456_ajf9MieCX4k.mp4,TalkingFace/Real3DPortrait,id54,,0,-2.964611053466797,2.964611053466797,0.0,197.48947143554688,25.0,0.0,0.0,0.011607718653976917,0.004504094831645489,0.0036697580944746733,0.0036697580944746733
CelebDFv3,/root/Datasets/CelebDFv3/CelebDFv3/FAKE/TalkingFace/SadTalker/id8_0002_test_id03524_2DD4Np7SaWw.mp4,TalkingFace/SadTalker,id8,,0,-6.228158950805664,6.228158950805664,0.0,131.02818298339844,25.0,0.0,0.0,0.0020469119772315025,0.0073905205354094505,0.004572365432977676,0.004572365432977676
CelebDFv3,/root/Datasets/CelebDFv3/CelebDFv3/FAKE/FaceReenact/DaGAN/id23_id27_0006.mp4,FaceReenact/DaGAN,id23,id27,0,12.765775680541992,-12.765775680541992,0.0,153.4074249267578,30.0,0.0,0.0,0.014693321660161018,0.011402349919080734,0.00947531871497631,0.00947531871497631
CelebDFv3,/root/Datasets/CelebDFv3/CelebDFv3/FAKE/FaceReenact/FSRT/id26_id17_0006.mp4,FaceReenact/FSRT,id26,id17,0,-8.344033241271973,8.344033241271973,0.0,279.7033996582031,20.0,1.0,0.03125,0.03235442191362381,0.014617376960814,0.015450994484126568,0.015450994484126568
CelebDFv3,/root/Datasets/CelebDFv3/CelebDFv3/FAKE/FaceReenact/HyperReenact/id26_id32_0006.mp4,FaceReenact/HyperReenact,id26,id32,0,-2.0748674869537354,2.0748674869537354,0.0,170.42129516601562,25.0,0.0,0.0,0.005748407915234566,0.0061869234777987,0.009341813623905182,0.009341813623905182
CelebDFv3,/root/Datasets/CelebDFv3/CelebDFv3/FAKE/FaceReenact/LIA/id51_id58_0004.mp4,FaceReenact/LIA,id51,id58,0,2.233879804611206,-2.233879804611206,0.0,120.46703338623047,30.0,1.0,0.15625,0.03067752905189991,0.03029017522931099,0.024458538740873337,0.024458538740873337
CelebDFv3,/root/Datasets/CelebDFv3/CelebDFv3/FAKE/FaceReenact/LivePortrait/id48_id47_0002.mp4,FaceReenact/LivePortrait,id48,id47,0,-2.6830053329467773,2.6830053329467773,0.0,96.40687561035156,30.0,1.0,0.21875,0.003795116674154997,0.00982308853417635,0.004230380989611149,0.00755425076931715
CelebDFv3,/root/Datasets/CelebDFv3/CelebDFv3/FAKE/FaceReenact/MCNET/id26_id25_0004.mp4,FaceReenact/MCNET,id26,id25,0,-0.42421919107437134,0.42421919107437134,0.0,132.9686737060547,30.0,0.0,0.0,0.01583310030400753,0.00881409551948309,0.0059486497193574905,0.0059486497193574905
CelebDFv3,/root/Datasets/CelebDFv3/CelebDFv3/FAKE/FaceReenact/TPSMM/id31_id20_0002.mp4,FaceReenact/TPSMM,id31,id20,0,10.372657775878906,-10.372657775878906,0.0,156.59934997558594,30.0,1.0,0.1875,0.024352621287107468,0.011387435719370842,0.03367435559630394,0.03367435559630394
CelebDFv3,/root/Datasets/CelebDFv3/CelebDFv3/FAKE/FaceSwap/BlendFace/id56_id49_0006.mp4,FaceSwap/BlendFace,id56,id49,0,4.456475257873535,-4.456475257873535,0.0,103.08724975585938,30.0,0.0,0.0,0.004189535975456238,0.00501009589061141,0.0019127553096041083,0.0034253522753715515
CelebDFv3,/root/Datasets/CelebDFv3/CelebDFv3/FAKE/FaceSwap/Celeb-DF-v2/id56_id54_0005.mp4,FaceSwap/Celeb-DF-v2,id56,id54,0,3.154995918273926,-3.154995918273926,0.0,99.26174926757812,29.899993896484375,0.0,0.0,0.0016706724418327212,0.0036099939607083797,0.0009952791733667254,0.001782340812496841
CelebDFv3,/root/Datasets/CelebDFv3/CelebDFv3/FAKE/FaceSwap/GHOST/id22_id23_0006.mp4,FaceSwap/GHOST,id22,id23,0,1.6737185716629028,-1.6737185716629028,0.0,158.74948120117188,30.0,0.0,0.0,0.0031659435480833054,0.003153130179271102,0.0018018296686932445,0.0032024115789681673
CelebDFv3,/root/Datasets/CelebDFv3/CelebDFv3/FAKE/FaceSwap/HifiFace/id11_id7_0000.mp4,FaceSwap/HifiFace,id11,id7,0,-2.565412998199463,2.565412998199463,0.0,77.8045654296875,30.0,1.0,0.15625,0.0034954925067722797,0.003811125410720706,0.004357322119176388,0.0039215898141264915
CelebDFv3,/root/Datasets/CelebDFv3/CelebDFv3/FAKE/FaceSwap/InSwapper/id23_id20_0002.mp4,FaceSwap/InSwapper,id23,id20,0,1.5983645915985107,-1.5983645915985107,0.0,95.5972671508789,30.0,0.0,0.0,0.009326465427875519,0.011213398538529873,0.004014050588011742,0.007134216371923685
CelebDFv3,/root/Datasets/CelebDFv3/CelebDFv3/FAKE/FaceSwap/MobileFaceSwap/id26_id17_0000.mp4,FaceSwap/MobileFaceSwap,id26,id17,0,3.5440876483917236,-3.5440876483917236,0.0,184.501708984375,30.0,0.0,0.0,0.0021857765968889,0.00159082084428519,0.0024452675133943558,0.004393192008137703
CelebDFv3,/root/Datasets/CelebDFv3/CelebDFv3/FAKE/FaceSwap/SimSwap/id54_id57_0006.mp4,FaceSwap/SimSwap,id54,id57,0,-6.299059867858887,6.299059867858887,0.0,204.884033203125,30.0,0.0,0.0,0.005062413401901722,0.009081517346203327,0.003942454233765602,0.007060127332806587
CelebDFv3,/root/Datasets/CelebDFv3/CelebDFv3/FAKE/FaceSwap/UniFace/id31_id29_0001.mp4,FaceSwap/UniFace,id31,id29,0,6.113574981689453,-6.113574981689453,0.0,151.65480041503906,30.0,0.0,0.0,0.0024178544990718365,0.0033289159182459116,0.0017440853407606483,0.003140831831842661
CelebDFv3,/root/Datasets/CelebDFv3/CelebDFv3/FAKE/TalkingFace/AniTalker/id51_0001_test_id08149_d9B3S3Lm208.mp4,TalkingFace/AniTalker,id51,,0,-6.357569217681885,6.357569217681885,0.0,191.1638641357422,25.0,0.0,0.0,0.00641949288547039,0.004676473792642355,0.00628031138330698,0.00628031138330698
CelebDFv3,/root/Datasets/CelebDFv3/CelebDFv3/FAKE/TalkingFace/EDTalk/id54_0002_test_id08149_d9B3S3Lm208.mp4,TalkingFace/EDTalk,id54,,0,1.1331403255462646,-1.1331403255462646,0.0,141.76116943359375,25.0,0.0,0.0,0.011152812279760838,0.009750047698616982,0.0048590837977826595,0.0048590837977826595
CelebDFv3,/root/Datasets/CelebDFv3/CelebDFv3/FAKE/TalkingFace/EchoMimic/id22_0006_test_id04478_qfn8NllQPNY.mp4,TalkingFace/EchoMimic,id22,,0,6.50047492980957,-6.50047492980957,0.0,151.7828369140625,24.0,0.0,0.0,0.006075894460082054,0.012973729521036148,0.006684059277176857,0.006684059277176857
CelebDFv3,/root/Datasets/CelebDFv3/CelebDFv3/FAKE/TalkingFace/FLOAT/id54_0006_test_id01228_JML4qGlGgJQ.mp4,TalkingFace/FLOAT,id54,,0,-2.350761651992798,2.350761651992798,0.0,148.60418701171875,25.0,0.0,0.0,0.014034164138138294,0.00958315096795559,0.005933437962085009,0.005933437962085009
CelebDFv3,/root/Datasets/CelebDFv3/CelebDFv3/FAKE/TalkingFace/IP_LAP/id22_0001_test_id04657_LIpH4pzgzJ8.mp4,TalkingFace/IP_LAP,id22,,0,3.6506924629211426,-3.6506924629211426,0.0,126.72209930419922,25.0,0.0,0.0,0.005191745236515999,0.006727198138833046,0.005541875492781401,0.005541875492781401
CelebDFv3,/root/Datasets/CelebDFv3/CelebDFv3/FAKE/TalkingFace/Real3DPortrait/id25_0000_test_id02286_cp_LOv6mdJA.mp4,TalkingFace/Real3DPortrait,id25,,0,-1.7165265083312988,1.7165265083312988,0.0,166.13775634765625,25.0,0.0,0.0,0.011645419523119926,0.006800562608987093,0.01874517649412155,0.01874517649412155
CelebDFv3,/root/Datasets/CelebDFv3/CelebDFv3/FAKE/TalkingFace/SadTalker/id48_0005_test_id08374_p-HisCd2lIg.mp4,TalkingFace/SadTalker,id48,,0,-2.0045180320739746,2.0045180320739746,0.0,148.2633514404297,25.0,0.0,0.0,0.0034182025119662285,0.0045979926362633705,0.0058175986632704735,0.0058175986632704735
CelebDFv3,/root/Datasets/CelebDFv3/CelebDFv3/FAKE/FaceReenact/DaGAN/id26_id37_0000.mp4,FaceReenact/DaGAN,id26,id37,0,9.281257629394531,-9.281257629394531,0.0,151.78013610839844,30.0,0.0,0.0,0.007436337415128946,0.008361108601093292,0.011565852910280228,0.011565852910280228
CelebDFv3,/root/Datasets/CelebDFv3/CelebDFv3/FAKE/FaceReenact/FSRT/id31_id34_0009.mp4,FaceReenact/FSRT,id31,id34,0,0.759890615940094,-0.759890615940094,0.0,134.36097717285156,20.0,1.0,0.234375,0.027492262423038483,0.009061337448656559,0.009216113947331905,0.009216113947331905
CelebDFv3,/root/Datasets/CelebDFv3/CelebDFv3/FAKE/FaceReenact/HyperReenact/id31_id35_0007.mp4,FaceReenact/HyperReenact,id31,id35,0,-6.809817314147949,6.809817314147949,0.0,257.7789001464844,25.0,0.0,0.0,0.00422960240393877,0.0025516690220683813,0.005660315975546837,0.005660315975546837
CelebDFv3,/root/Datasets/CelebDFv3/CelebDFv3/FAKE/FaceReenact/LIA/id8_id5_0008.mp4,FaceReenact/LIA,id8,id5,0,-2.394958972930908,2.394958972930908,0.0,141.0814666748047,30.0,0.0,0.0,0.013781223446130753,0.006356106139719486,0.006629049777984619,0.006629049777984619
CelebDFv3,/root/Datasets/CelebDFv3/CelebDFv3/FAKE/FaceReenact/LivePortrait/id31_id32_0001.mp4,FaceReenact/LivePortrait,id31,id32,0,7.4771528244018555,-7.4771528244018555,0.0,134.04696655273438,30.0,0.0,0.0,0.004463932942599058,0.00394108472391963,0.00222165253944695,0.0040008570067584515
CelebDFv3,/root/Datasets/CelebDFv3/CelebDFv3/FAKE/FaceReenact/MCNET/id31_id26_0007.mp4,FaceReenact/MCNET,id31,id26,0,-1.938903570175171,1.938903570175171,0.0,216.1221923828125,30.0,1.0,0.0625,0.03782523795962334,0.016423240303993225,0.038466475903987885,0.038466475903987885
CelebDFv3,/root/Datasets/CelebDFv3/CelebDFv3/FAKE/FaceReenact/TPSMM/id25_id26_0004.mp4,FaceReenact/TPSMM,id25,id26,0,5.633642196655273,-5.633642196655273,0.0,116.96243286132812,30.0,0.0,0.0,0.007732930593192577,0.008975627832114697,0.007276959251612425,0.007276959251612425
CelebDFv3,/root/Datasets/CelebDFv3/CelebDFv3/FAKE/FaceSwap/BlendFace/id56_id58_0009.mp4,FaceSwap/BlendFace,id56,id58,0,-4.382922172546387,4.382922172546387,0.0,176.421630859375,30.0,0.0,0.0,0.012604191899299622,0.0018946066265925765,0.0026356445159763098,0.004719898570328951
CelebDFv3,/root/Datasets/CelebDFv3/CelebDFv3/FAKE/FaceSwap/Celeb-DF-v2/id26_id4_0004.mp4,FaceSwap/Celeb-DF-v2,id26,id4,0,-1.904112458229065,1.904112458229065,0.0,131.1669464111328,30.0,0.0,0.0,0.003901388728991151,0.007703050505369902,0.0025756917893886566,0.004627513699233532
CelebDFv3,/root/Datasets/CelebDFv3/CelebDFv3/FAKE/FaceSwap/GHOST/id25_id19_0007.mp4,FaceSwap/GHOST,id25,id19,0,-9.674781799316406,9.674781799316406,0.0,195.8233184814453,30.0,0.0,0.0,0.007568288594484329,0.00478171044960618,0.0045982119627296925,0.006179996766149998
CelebDFv3,/root/Datasets/CelebDFv3/CelebDFv3/FAKE/FaceSwap/HifiFace/id48_id39_0008.mp4,FaceSwap/HifiFace,id48,id39,0,-13.287267684936523,13.287267684936523,0.0,252.77978515625,30.0,0.0,0.0,0.0025733064394444227,0.002813120139762759,0.0021366754081100225,0.0021281286608427763
CelebDFv3,/root/Datasets/CelebDFv3/CelebDFv3/FAKE/FaceSwap/InSwapper/id31_id32_0006.mp4,FaceSwap/InSwapper,id31,id32,0,5.073500633239746,-5.073500633239746,0.0,235.50160217285156,30.0,1.0,0.046875,0.00427201809361577,0.010597893968224525,0.003396875225007534,0.0061172544956207275
CelebDFv3,/root/Datasets/CelebDFv3/CelebDFv3/FAKE/FaceSwap/MobileFaceSwap/id26_id35_0008.mp4,FaceSwap/MobileFaceSwap,id26,id35,0,0.5875470638275146,-0.5875470638275146,0.0,160.63565063476562,30.0,0.0,0.0,0.006187871098518372,0.004888823255896568,0.0030472276266664267,0.005548881366848946
CelebDFv3,/root/Datasets/CelebDFv3/CelebDFv3/FAKE/FaceSwap/SimSwap/id23_id0_0008.mp4,FaceSwap/SimSwap,id23,id0,0,-3.087153434753418,3.087153434753418,0.0,139.5030059814453,30.0,0.0,0.0,0.002301818458363414,0.003408509772270918,0.0030645341612398624,0.00537614431232214
CelebDFv3,/root/Datasets/CelebDFv3/CelebDFv3/FAKE/FaceSwap/UniFace/id26_id2_0005.mp4,FaceSwap/UniFace,id26,id2,0,-9.592175483703613,9.592175483703613,0.0,232.3442840576172,30.0,0.0,0.0,0.0018798605306074023,0.0025478778406977654,0.0035800135228782892,0.0039727576076984406
CelebDFv3,/root/Datasets/CelebDFv3/CelebDFv3/FAKE/TalkingFace/AniTalker/id54_0002_test_id09017_Kd4_VMFbdeo.mp4,TalkingFace/AniTalker,id54,,0,2.3052878379821777,-2.3052878379821777,0.0,148.15171813964844,25.0,0.0,0.0,0.006825449876487255,0.007498754654079676,0.006657884456217289,0.006657884456217289
CelebDFv3,/root/Datasets/CelebDFv3/CelebDFv3/FAKE/TalkingFace/EDTalk/id31_0009_test_id09017_rINrNM431yc.mp4,TalkingFace/EDTalk,id31,,0,-0.5620514750480652,0.5620514750480652,0.0,177.908447265625,25.0,0.0,0.0,0.012736774981021881,0.012062923982739449,0.0096689872443676,0.0096689872443676
CelebDFv3,/root/Datasets/CelebDFv3/CelebDFv3/FAKE/TalkingFace/EchoMimic/id26_0009_test_id05124_fRhAX7v_R6A.mp4,TalkingFace/EchoMimic,id26,,0,-3.085094928741455,3.085094928741455,0.0,202.9708251953125,24.0,0.0,0.0,0.008933703415095806,0.01341024786233902,0.010968136601150036,0.010968136601150036
CelebDFv3,/root/Datasets/CelebDFv3/CelebDFv3/FAKE/TalkingFace/FLOAT/id26_0003_test_id02317_quWGoFFkGr0.mp4,TalkingFace/FLOAT,id26,,0,-4.38247013092041,4.38247013092041,0.0,379.2583312988281,25.0,0.0,0.0,0.009559590369462967,0.005480834282934666,0.0038257159758359194,0.0038257159758359194
CelebDFv3,/root/Datasets/CelebDFv3/CelebDFv3/FAKE/TalkingFace/IP_LAP/id25_0006_test_id07802_MtoFAMWjUxM.mp4,TalkingFace/IP_LAP,id25,,0,1.5633718967437744,-1.5633718967437744,0.0,346.1186828613281,25.0,0.0,0.0,0.0021907140035182238,0.005501444451510906,0.0038385046645998955,0.0038385046645998955
CelebDFv3,/root/Datasets/CelebDFv3/CelebDFv3/FAKE/TalkingFace/Real3DPortrait/id11_0009_test_id08149_Ay1xwkYsNAE.mp4,TalkingFace/Real3DPortrait,id11,,0,7.960363388061523,-7.960363388061523,0.0,117.52374267578125,25.0,0.0,0.0,0.009484486654400826,0.005577506497502327,0.0040976000018417835,0.0040976000018417835
CelebDFv3,/root/Datasets/CelebDFv3/CelebDFv3/FAKE/TalkingFace/SadTalker/id59_0001_test_id05459_3TI6dVmEwzw.mp4,TalkingFace/SadTalker,id59,,0,4.306173801422119,-4.306173801422119,0.0,284.8434143066406,25.0,0.0,0.0,0.001464152242988348,0.002183300442993641,0.0034378808923065662,0.0034378808923065662
CelebDFv3,/root/Datasets/CelebDFv3/CelebDFv3/FAKE/FaceReenact/DaGAN/id26_id1_0004.mp4,FaceReenact/DaGAN,id26,id1,0,2.240281581878662,-2.240281581878662,0.0,138.6448516845703,30.0,0.0,0.0,0.008839583024382591,0.005478331819176674,0.0030508912168443203,0.0030508912168443203
CelebDFv3,/root/Datasets/CelebDFv3/CelebDFv3/FAKE/FaceReenact/FSRT/id51_id58_0004.mp4,FaceReenact/FSRT,id51,id58,0,3.3170957565307617,-3.3170957565307617,0.0,140.09678649902344,20.0,0.0,0.0,0.0059837051667273045,0.004864409565925598,0.004033572971820831,0.004033572971820831
CelebDFv3,/root/Datasets/CelebDFv3/CelebDFv3/FAKE/FaceReenact/HyperReenact/id22_id20_0002.mp4,FaceReenact/HyperReenact,id22,id20,0,6.774100303649902,-6.774100303649902,0.0,112.00523376464844,25.0,0.0,0.0,0.015059174969792366,0.004325281362980604,0.008123151957988739,0.008123151957988739
CelebDFv3,/root/Datasets/CelebDFv3/CelebDFv3/FAKE/FaceReenact/LIA/id26_id37_0003.mp4,FaceReenact/LIA,id26,id37,0,-1.8607369661331177,1.8607369661331177,0.0,301.712158203125,30.0,0.0,0.0,0.020783571526408195,0.01068287342786789,0.013501925393939018,0.013501925393939018
CelebDFv3,/root/Datasets/CelebDFv3/CelebDFv3/FAKE/FaceReenact/LivePortrait/id31_id35_0002.mp4,FaceReenact/LivePortrait,id31,id35,0,4.525967597961426,-4.525967597961426,0.0,144.1541290283203,30.0,1.0,0.0625,0.016094481572508812,0.04764758050441742,0.02693968452513218,0.04851426184177399
CelebDFv3,/root/Datasets/CelebDFv3/CelebDFv3/FAKE/FaceReenact/MCNET/id26_id0_0000.mp4,FaceReenact/MCNET,id26,id0,0,6.205737113952637,-6.205737113952637,0.0,137.67578125,30.0,1.0,0.265625,0.01886659488081932,0.005309297237545252,0.005338371731340885,0.005338371731340885
CelebDFv3,/root/Datasets/CelebDFv3/CelebDFv3/FAKE/FaceReenact/TPSMM/id56_id49_0006.mp4,FaceReenact/TPSMM,id56,id49,0,2.833897829055786,-2.833897829055786,0.0,98.34143829345703,30.0,0.0,0.0,0.05621714890003204,0.06632020324468613,0.04579326510429382,0.04579326510429382
CelebDFv3,/root/Datasets/CelebDFv3/CelebDFv3/FAKE/FaceSwap/BlendFace/id8_id3_0002.mp4,FaceSwap/BlendFace,id8,id3,0,-2.9336485862731934,2.9336485862731934,0.0,105.97544860839844,30.0,0.0,0.0,0.002421934623271227,0.013161375187337399,0.004678118973970413,0.008813575841486454
CelebDFv3,/root/Datasets/CelebDFv3/CelebDFv3/FAKE/FaceSwap/Celeb-DF-v2/id23_id24_0004.mp4,FaceSwap/Celeb-DF-v2,id23,id24,0,-2.4749021530151367,2.4749021530151367,0.0,234.3474884033203,30.0,1.0,0.03125,0.016424182802438736,0.01139307115226984,0.010483783669769764,0.014132141135632992
CelebDFv3,/root/Datasets/CelebDFv3/CelebDFv3/FAKE/FaceSwap/GHOST/id23_id35_0005.mp4,FaceSwap/GHOST,id23,id35,0,3.9279847145080566,-3.9279847145080566,0.0,125.8586654663086,30.0,0.0,0.0,0.006141352001577616,0.0022475416772067547,0.0020035263150930405,0.004101178143173456
CelebDFv3,/root/Datasets/CelebDFv3/CelebDFv3/FAKE/FaceSwap/HifiFace/id48_id44_0000.mp4,FaceSwap/HifiFace,id48,id44,0,-5.508053779602051,5.508053779602051,0.0,180.85633850097656,30.0,0.0,0.0,0.002403269987553358,0.00339650921523571,0.0018075578846037388,0.003227782202884555
CelebDFv3,/root/Datasets/CelebDFv3/CelebDFv3/FAKE/FaceSwap/InSwapper/id23_id30_0006.mp4,FaceSwap/InSwapper,id23,id30,0,7.012792587280273,-7.012792587280273,0.0,259.8134460449219,30.0,0.0,0.0,0.006339212879538536,0.0036800913512706757,0.0020916906651109457,0.002771490253508091
CelebDFv3,/root/Datasets/CelebDFv3/CelebDFv3/FAKE/FaceSwap/MobileFaceSwap/id51_id56_0005.mp4,FaceSwap/MobileFaceSwap,id51,id56,0,-5.649303436279297,5.649303436279297,0.0,162.08767700195312,30.0,0.0,0.0,0.010786381550133228,0.021084677428007126,0.002277220133692026,0.004078033845871687
CelebDFv3,/root/Datasets/CelebDFv3/CelebDFv3/FAKE/FaceSwap/SimSwap/id11_id7_0003.mp4,FaceSwap/SimSwap,id11,id7,0,-11.55578899383545,11.55578899383545,0.0,226.90631103515625,30.0,0.0,0.0,0.002797821070998907,0.005329473875463009,0.002010831842198968,0.003820580430328846
CelebDFv3,/root/Datasets/CelebDFv3/CelebDFv3/FAKE/FaceSwap/UniFace/id48_id42_0003.mp4,FaceSwap/UniFace,id48,id42,0,0.09200155735015869,-0.09200155735015869,0.0,74.6873779296875,30.0,1.0,0.0625,0.005413949955254793,0.024123691022396088,0.01098035741597414,0.0196077823638916
CelebDFv3,/root/Datasets/CelebDFv3/CelebDFv3/FAKE/TalkingFace/AniTalker/id26_0007_test_id05124_1HAXGOri_x0.mp4,TalkingFace/AniTalker,id26,,0,-7.642825126647949,7.642825126647949,0.0,455.1560363769531,25.0,0.0,0.0,0.0035479667130857706,0.0039796410128474236,0.00500100152567029,0.00500100152567029
CelebDFv3,/root/Datasets/CelebDFv3/CelebDFv3/FAKE/TalkingFace/EDTalk/id8_0003_test_id00081_jO5DSKhhcqQ.mp4,TalkingFace/EDTalk,id8,,0,0.019520089030265808,-0.019520089030265808,0.0,124.3128433227539,25.0,0.0,0.0,0.011724105104804039,0.010946963913738728,0.006542872171849012,0.006542872171849012
CelebDFv3,/root/Datasets/CelebDFv3/CelebDFv3/FAKE/TalkingFace/EchoMimic/id51_0009_test_id08701_cTjRf4YfAHg.mp4,TalkingFace/EchoMimic,id51,,0,-1.7808794975280762,1.7808794975280762,0.0,144.90072631835938,24.0,0.0,0.0,0.009488188661634922,0.010830734856426716,0.007983234710991383,0.007983234710991383
CelebDFv3,/root/Datasets/CelebDFv3/CelebDFv3/FAKE/TalkingFace/FLOAT/id23_0007_test_id04295_zjlNcdVhso4.mp4,TalkingFace/FLOAT,id23,,0,3.915969133377075,-3.915969133377075,0.0,204.42079162597656,25.0,0.0,0.0,0.014324115589261055,0.006974734365940094,0.005944786127656698,0.005944786127656698
CelebDFv3,/root/Datasets/CelebDFv3/CelebDFv3/FAKE/TalkingFace/IP_LAP/id59_0004_test_id07494_ebeMtxwdAVc.mp4,TalkingFace/IP_LAP,id59,,0,0.9724540114402771,-0.9724540114402771,0.0,148.2510223388672,25.0,0.0,0.0,0.01578867807984352,0.005273297894746065,0.006704216357320547,0.006704216357320547
CelebDFv3,/root/Datasets/CelebDFv3/CelebDFv3/FAKE/TalkingFace/Real3DPortrait/id8_0008_test_id02548_RoMUUfqkYF4.mp4,TalkingFace/Real3DPortrait,id8,,0,0.20761489868164062,-0.20761489868164062,0.0,162.15469360351562,25.0,0.0,0.0,0.013160412199795246,0.004302297718822956,0.006429839413613081,0.006429839413613081
CelebDFv3,/root/Datasets/CelebDFv3/CelebDFv3/FAKE/TalkingFace/SadTalker/id48_0009_test_id01041_Ry0R8LwJEYU.mp4,TalkingFace/SadTalker,id48,,0,0.5673481225967407,-0.5673481225967407,0.0,117.21034240722656,25.0,0.0,0.0,0.0025335175450891256,0.009315969422459602,0.006301796063780785,0.006301796063780785
CelebDFv3,/root/Datasets/CelebDFv3/CelebDFv3/FAKE/FaceReenact/DaGAN/id26_id37_0001.mp4,FaceReenact/DaGAN,id26,id37,0,3.1743862628936768,-3.1743862628936768,0.0,153.66204833984375,30.0,1.0,0.09375,0.019586211070418358,0.002541943686082959,0.012372437864542007,0.012372437864542007
CelebDFv3,/root/Datasets/CelebDFv3/CelebDFv3/FAKE/FaceReenact/FSRT/id22_id23_0006.mp4,FaceReenact/FSRT,id22,id23,0,2.726069927215576,-2.726069927215576,0.0,158.90591430664062,20.0,0.0,0.0,0.01805761083960533,0.007473960053175688,0.0056576780043542385,0.0056576780043542385
CelebDFv3,/root/Datasets/CelebDFv3/CelebDFv3/FAKE/FaceReenact/HyperReenact/id54_id53_0008.mp4,FaceReenact/HyperReenact,id54,id53,0,-5.160342216491699,5.160342216491699,0.0,189.10635375976562,25.0,0.0,0.0,0.0027853092178702354,0.0016606909921392798,0.004443019162863493,0.004443019162863493
CelebDFv3,/root/Datasets/CelebDFv3/CelebDFv3/FAKE/FaceReenact/LIA/id31_id34_0009.mp4,FaceReenact/LIA,id31,id34,0,-2.154151678085327,2.154151678085327,0.0,194.89462280273438,30.0,1.0,0.015625,0.029699599370360374,0.009878665208816528,0.013943478465080261,0.013943478465080261
CelebDFv3,/root/Datasets/CelebDFv3/CelebDFv3/FAKE/FaceReenact/LivePortrait/id54_id55_0008.mp4,FaceReenact/LivePortrait,id54,id55,0,-9.330193519592285,9.330193519592285,0.0,169.71099853515625,30.0,0.0,0.0,0.009097623638808727,0.004823655821382999,0.0025403632316738367,0.004549269564449787
CelebDFv3,/root/Datasets/CelebDFv3/CelebDFv3/FAKE/FaceReenact/MCNET/id31_id20_0003.mp4,FaceReenact/MCNET,id31,id20,0,-8.379369735717773,8.379369735717773,0.0,147.80848693847656,30.0,0.0,0.0,0.007480584550648928,0.013236355036497116,0.009146799333393574,0.009146799333393574
CelebDFv3,/root/Datasets/CelebDFv3/CelebDFv3/FAKE/FaceReenact/TPSMM/id31_id21_0002.mp4,FaceReenact/TPSMM,id31,id21,0,12.054014205932617,-12.054014205932617,0.0,179.89627075195312,30.0,0.0,0.0,0.008797906339168549,0.01734745129942894,0.012620046734809875,0.012620046734809875
CelebDFv3,/root/Datasets/CelebDFv3/CelebDFv3/FAKE/FaceSwap/BlendFace/id51_id56_0005.mp4,FaceSwap/BlendFace,id51,id56,0,-0.9780145287513733,0.9780145287513733,0.0,150.67506408691406,30.0,0.0,0.0,0.012423543259501457,0.032311759889125824,0.0030958685092628,0.005544065963476896
CelebDFv3,/root/Datasets/CelebDFv3/CelebDFv3/FAKE/FaceSwap/Celeb-DF-v2/id23_id20_0003.mp4,FaceSwap/Celeb-DF-v2,id23,id20,0,-0.6010494828224182,0.6010494828224182,0.0,112.80587005615234,30.0,0.0,0.0,0.0039709145203232765,0.0026788832619786263,0.0012535188579931855,0.0022278924006968737
CelebDFv3,/root/Datasets/CelebDFv3/CelebDFv3/FAKE/FaceSwap/GHOST/id31_id6_0000.mp4,FaceSwap/GHOST,id31,id6,0,4.598821640014648,-4.598821640014648,0.0,129.80230712890625,30.0,0.0,0.0,0.0034960417542606592,0.0066486625000834465,0.002832279074937105,0.0051005021668970585
CelebDFv3,/root/Datasets/CelebDFv3/CelebDFv3/FAKE/FaceSwap/HifiFace/id22_id21_0006.mp4,FaceSwap/HifiFace,id22,id21,0,4.724425315856934,-4.724425315856934,0.0,147.0476531982422,30.0,0.0,0.0,0.0030071416404098272,0.003019151743501425,0.001571894041262567,0.0027937444392591715
CelebDFv3,/root/Datasets/CelebDFv3/CelebDFv3/FAKE/FaceSwap/InSwapper/id23_id32_0007.mp4,FaceSwap/InSwapper,id23,id32,0,2.1077816486358643,-2.1077816486358643,0.0,130.0109405517578,30.0,0.0,0.0,0.010694378055632114,0.028569664806127548,0.006803452502936125,0.011935366317629814
CelebDFv3,/root/Datasets/CelebDFv3/CelebDFv3/FAKE/FaceSwap/MobileFaceSwap/id26_id38_0002.mp4,FaceSwap/MobileFaceSwap,id26,id38,0,4.404088973999023,-4.404088973999023,0.0,96.60035705566406,30.0,1.0,0.015625,0.006936738267540932,0.018860455602407455,0.008909991942346096,0.01600778102874756
CelebDFv3,/root/Datasets/CelebDFv3/CelebDFv3/FAKE/FaceSwap/SimSwap/id31_id2_0005.mp4,FaceSwap/SimSwap,id31,id2,0,3.8036983013153076,-3.8036983013153076,0.0,137.79356384277344,30.0,0.0,0.0,0.005578383803367615,0.00428817979991436,0.0026181694120168686,0.004714923910796642
CelebDFv3,/root/Datasets/CelebDFv3/CelebDFv3/FAKE/FaceSwap/UniFace/id22_id28_0009.mp4,FaceSwap/UniFace,id22,id28,0,-1.7510732412338257,1.7510732412338257,0.0,124.84126281738281,30.0,1.0,0.171875,0.006894836667925119,0.007178931031376123,0.0028098770417273045,0.004994025453925133
CelebDFv3,/root/Datasets/CelebDFv3/CelebDFv3/FAKE/TalkingFace/AniTalker/id59_0009_test_id08374_nrw4btrElp8.mp4,TalkingFace/AniTalker,id59,,0,8.393670082092285,-8.393670082092285,0.0,182.5687713623047,25.0,0.0,0.0,0.005450141616165638,0.005555987358093262,0.0037625988479703665,0.0037625988479703665
CelebDFv3,/root/Datasets/CelebDFv3/CelebDFv3/FAKE/TalkingFace/EDTalk/id51_0008_test_id03524_2DD4Np7SaWw.mp4,TalkingFace/EDTalk,id51,,0,2.691242218017578,-2.691242218017578,0.0,129.69094848632812,25.0,0.0,0.0,0.012355657294392586,0.009292582049965858,0.005057836417108774,0.005057836417108774
CelebDFv3,/root/Datasets/CelebDFv3/CelebDFv3/FAKE/TalkingFace/EchoMimic/id25_0002_test_id03969_jDDsg0LLY2Y.mp4,TalkingFace/EchoMimic,id25,,0,-1.2536861896514893,1.2536861896514893,0.0,236.999755859375,24.0,0.0,0.0,0.008400149643421173,0.011699751019477844,0.009020358324050903,0.009020358324050903
CelebDFv3,/root/Datasets/CelebDFv3/CelebDFv3/FAKE/TalkingFace/FLOAT/id22_0002_test_id05124_fRhAX7v_R6A.mp4,TalkingFace/FLOAT,id22,,0,-1.0107066631317139,1.0107066631317139,0.0,166.63729858398438,25.0,0.0,0.0,0.010331363417208195,0.005769213195890188,0.00593184307217598,0.00593184307217598
CelebDFv3,/root/Datasets/CelebDFv3/CelebDFv3/FAKE/TalkingFace/IP_LAP/id51_0001_test_id08149_d9B3S3Lm208.mp4,TalkingFace/IP_LAP,id51,,0,-3.7693064212799072,3.7693064212799072,0.0,222.1287841796875,25.0,0.0,0.0,0.014420447871088982,0.006719666998833418,0.012096148915588856,0.012096148915588856
CelebDFv3,/root/Datasets/CelebDFv3/CelebDFv3/FAKE/TalkingFace/Real3DPortrait/id22_0008_test_id03347_y_F4aAkN0d8.mp4,TalkingFace/Real3DPortrait,id22,,0,2.102546215057373,-2.102546215057373,0.0,231.28892517089844,25.0,1.0,0.109375,0.010125297121703625,0.004389667417854071,0.007808174006640911,0.007808174006640911
CelebDFv3,/root/Datasets/CelebDFv3/CelebDFv3/FAKE/TalkingFace/SadTalker/id8_0009_test_id07414_hhYGsoX_H3g.mp4,TalkingFace/SadTalker,id8,,0,-4.584134578704834,4.584134578704834,0.0,148.7879180908203,25.0,0.0,0.0,0.002772383391857147,0.004685996100306511,0.005002049263566732,0.005002049263566732
CelebDFv3,/root/Datasets/CelebDFv3/CelebDFv3/FAKE/FaceReenact/DaGAN/id51_id54_0002.mp4,FaceReenact/DaGAN,id51,id54,0,8.434123992919922,-8.434123992919922,0.0,109.07300567626953,30.0,0.0,0.0,0.011632494628429413,0.016466788947582245,0.0078124706633389,0.0078124706633389
CelebDFv3,/root/Datasets/CelebDFv3/CelebDFv3/FAKE/FaceReenact/FSRT/id56_id57_0001.mp4,FaceReenact/FSRT,id56,id57,0,2.9302725791931152,-2.9302725791931152,0.0,139.87673950195312,20.0,0.0,0.0,0.014026843942701817,0.006084538530558348,0.00737376743927598,0.00737376743927598
CelebDFv3,/root/Datasets/CelebDFv3/CelebDFv3/FAKE/FaceReenact/HyperReenact/id48_id44_0003.mp4,FaceReenact/HyperReenact,id48,id44,0,-3.331681251525879,3.331681251525879,0.0,118.02948760986328,25.0,0.0,0.0,0.0038399922195822,0.0031491457484662533,0.006886681076139212,0.006886681076139212
CelebDFv3,/root/Datasets/CelebDFv3/CelebDFv3/FAKE/FaceReenact/LIA/id54_id56_0008.mp4,FaceReenact/LIA,id54,id56,0,-1.8579633235931396,1.8579633235931396,0.0,185.9828338623047,30.0,0.0,0.0,0.00935983844101429,0.004252735525369644,0.007108681835234165,0.007108681835234165
CelebDFv3,/root/Datasets/CelebDFv3/CelebDFv3/FAKE/FaceReenact/LivePortrait/id56_id50_0002.mp4,FaceReenact/LivePortrait,id56,id50,0,-1.5628752708435059,1.5628752708435059,0.0,121.55718994140625,30.0,0.0,0.0,0.0018789388705044985,0.0011701895855367184,0.00131570128723979,0.0023561513517051935
CelebDFv3,/root/Datasets/CelebDFv3/CelebDFv3/FAKE/FaceReenact/MCNET/id56_id53_0006.mp4,FaceReenact/MCNET,id56,id53,0,5.1033830642700195,-5.1033830642700195,0.0,104.91764068603516,30.0,0.0,0.0,0.007216094993054867,0.006212787702679634,0.005271545611321926,0.005271545611321926
CelebDFv3,/root/Datasets/CelebDFv3/CelebDFv3/FAKE/FaceReenact/TPSMM/id56_id58_0000.mp4,FaceReenact/TPSMM,id56,id58,0,9.26280403137207,-9.26280403137207,0.0,107.84236145019531,30.0,0.0,0.0,0.008814539760351181,0.00746297650039196,0.010008092038333416,0.010008092038333416
CelebDFv3,/root/Datasets/CelebDFv3/CelebDFv3/FAKE/FaceSwap/BlendFace/id54_id56_0002.mp4,FaceSwap/BlendFace,id54,id56,0,-0.6405521631240845,0.6405521631240845,0.0,140.7042694091797,30.0,0.0,0.0,0.0024934266693890095,0.0046371594071388245,0.0014126880560070276,0.0025298346299678087
CelebDFv3,/root/Datasets/CelebDFv3/CelebDFv3/FAKE/FaceSwap/Celeb-DF-v2/id23_id19_0007.mp4,FaceSwap/Celeb-DF-v2,id23,id19,0,-1.4547797441482544,1.4547797441482544,0.0,130.60113525390625,30.0,0.0,0.0,0.010808627121150494,0.02408360317349434,0.005482276901602745,0.00961761549115181
CelebDFv3,/root/Datasets/CelebDFv3/CelebDFv3/FAKE/FaceSwap/GHOST/id26_id35_0001.mp4,FaceSwap/GHOST,id26,id35,0,0.9866655468940735,-0.9866655468940735,0.0,132.10226440429688,30.0,0.0,0.0,0.01372300460934639,0.010604257695376873,0.0027008382603526115,0.0048523531295359135
CelebDFv3,/root/Datasets/CelebDFv3/CelebDFv3/FAKE/FaceSwap/HifiFace/id31_id20_0001.mp4,FaceSwap/HifiFace,id31,id20,0,5.967597007751465,-5.967597007751465,0.0,153.33099365234375,30.0,0.0,0.0,0.002178528346121311,0.0027934634126722813,0.002004879293963313,0.0036104819737374783
CelebDFv3,/root/Datasets/CelebDFv3/CelebDFv3/FAKE/FaceSwap/InSwapper/id26_id28_0003.mp4,FaceSwap/InSwapper,id26,id28,0,-6.51164436340332,6.51164436340332,0.0,387.62628173828125,30.0,0.0,0.0,0.005671806167811155,0.006259641610085964,0.0017416495829820633,0.003129065502434969
CelebDFv3,/root/Datasets/CelebDFv3/CelebDFv3/FAKE/FaceSwap/MobileFaceSwap/id31_id28_0007.mp4,FaceSwap/MobileFaceSwap,id31,id28,0,-7.140695095062256,7.140695095062256,0.0,241.2641143798828,30.0,0.0,0.0,0.010255921632051468,0.0032908536959439516,0.0039589013904333115,0.007129377219825983
CelebDFv3,/root/Datasets/CelebDFv3/CelebDFv3/FAKE/FaceSwap/SimSwap/id26_id33_0006.mp4,FaceSwap/SimSwap,id26,id33,0,-5.01030969619751,5.01030969619751,0.0,268.2596130371094,30.0,1.0,0.015625,0.01490258052945137,0.009880287572741508,0.01301690936088562,0.023703278973698616
CelebDFv3,/root/Datasets/CelebDFv3/CelebDFv3/FAKE/FaceSwap/UniFace/id26_id21_0004.mp4,FaceSwap/UniFace,id26,id21,0,0.5183207392692566,-0.5183207392692566,0.0,134.26295471191406,30.0,0.0,0.0,0.0035756994038820267,0.007396098226308823,0.002067399676889181,0.0037143114022910595
CelebDFv3,/root/Datasets/CelebDFv3/CelebDFv3/FAKE/TalkingFace/AniTalker/id23_0006_test_id02057_QZYXK4dWZoY.mp4,TalkingFace/AniTalker,id23,,0,23.253639221191406,-23.253639221191406,0.0,172.17848205566406,25.0,0.0,0.0,0.006093759089708328,0.00667359447106719,0.004240076988935471,0.004240076988935471
CelebDFv3,/root/Datasets/CelebDFv3/CelebDFv3/FAKE/TalkingFace/EDTalk/id26_0007_test_id05124_1HAXGOri_x0.mp4,TalkingFace/EDTalk,id26,,0,-10.67609977722168,10.67609977722168,0.0,496.51611328125,25.0,0.0,0.0,0.011481653898954391,0.009948895312845707,0.006834506522864103,0.006834506522864103
CelebDFv3,/root/Datasets/CelebDFv3/CelebDFv3/FAKE/TalkingFace/EchoMimic/id25_0009_test_id02465_mzyWUVgjQn0.mp4,TalkingFace/EchoMimic,id25,,0,-8.515944480895996,8.515944480895996,0.0,160.78990173339844,24.0,0.0,0.0,0.00516814598813653,0.005647414363920689,0.005865132436156273,0.005865132436156273
CelebDFv3,/root/Datasets/CelebDFv3/CelebDFv3/FAKE/TalkingFace/FLOAT/id51_0008_test_id02548_RoMUUfqkYF4.mp4,TalkingFace/FLOAT,id51,,0,-0.6390600204467773,0.6390600204467773,0.0,127.78462219238281,25.0,0.0,0.0,0.010899055749177933,0.011592138558626175,0.006719657685607672,0.006719657685607672
CelebDFv3,/root/Datasets/CelebDFv3/CelebDFv3/FAKE/TalkingFace/IP_LAP/id25_0001_test_id04232_AB9fk1MH2rA.mp4,TalkingFace/IP_LAP,id25,,0,7.594107627868652,-7.594107627868652,0.0,156.82913208007812,25.0,1.0,0.046875,0.008954149670898914,0.006041823886334896,0.011134199798107147,0.011134199798107147
CelebDFv3,/root/Datasets/CelebDFv3/CelebDFv3/FAKE/TalkingFace/Real3DPortrait/id22_0002_test_id07354_3Vnq2AKOm5I.mp4,TalkingFace/Real3DPortrait,id22,,0,6.351656913757324,-6.351656913757324,0.0,131.70916748046875,25.0,0.0,0.0,0.012068266980350018,0.0062228115275502205,0.010708869434893131,0.010708869434893131
CelebDFv3,/root/Datasets/CelebDFv3/CelebDFv3/FAKE/TalkingFace/SadTalker/id11_0004_test_id08696_FUGi6S_tSJY.mp4,TalkingFace/SadTalker,id11,,0,1.163724422454834,-1.163724422454834,0.0,200.55857849121094,25.0,0.0,0.0,0.0016380117740482092,0.0021741886157542467,0.003776224097236991,0.003554093185812235
CelebDFv3,/root/Datasets/CelebDFv3/CelebDFv3/FAKE/FaceReenact/DaGAN/id31_id16_0004.mp4,FaceReenact/DaGAN,id31,id16,0,6.125630855560303,-6.125630855560303,0.0,144.78741455078125,30.0,1.0,0.5,0.011429070495069027,0.0037831347435712814,0.008668841794133186,0.008668841794133186
CelebDFv3,/root/Datasets/CelebDFv3/CelebDFv3/FAKE/FaceReenact/FSRT/id22_id21_0005.mp4,FaceReenact/FSRT,id22,id21,0,-0.854496955871582,0.854496955871582,0.0,98.15705871582031,20.0,1.0,0.078125,0.009980088099837303,0.013014945201575756,0.006308926269412041,0.006308926269412041
CelebDFv3,/root/Datasets/CelebDFv3/CelebDFv3/FAKE/FaceReenact/HyperReenact/id31_id29_0009.mp4,FaceReenact/HyperReenact,id31,id29,0,2.073232650756836,-2.073232650756836,0.0,131.47116088867188,25.0,0.0,0.0,0.011484554968774319,0.004217860754579306,0.009370249696075916,0.009370249696075916
CelebDFv3,/root/Datasets/CelebDFv3/CelebDFv3/FAKE/FaceReenact/LIA/id11_id7_0009.mp4,FaceReenact/LIA,id11,id7,0,0.3811590373516083,-0.3811590373516083,0.0,113.18914794921875,30.0,0.0,0.0,0.008880375884473324,0.007196126040071249,0.005571739748120308,0.005571739748120308
CelebDFv3,/root/Datasets/CelebDFv3/CelebDFv3/FAKE/FaceReenact/LivePortrait/id31_id28_0007.mp4,FaceReenact/LivePortrait,id31,id28,0,-21.13040542602539,21.13040542602539,0.0,483.2564392089844,30.0,0.0,0.0,0.029849259182810783,0.01572468876838684,0.015494023449718952,0.027902372181415558
CelebDFv3,/root/Datasets/CelebDFv3/CelebDFv3/FAKE/FaceReenact/MCNET/id23_id21_0007.mp4,FaceReenact/MCNET,id23,id21,0,-0.1490330696105957,0.1490330696105957,0.0,195.36741638183594,30.0,0.0,0.0,0.014585413970053196,0.0060656871646642685,0.0059388140216469765,0.0059388140216469765
CelebDFv3,/root/Datasets/CelebDFv3/CelebDFv3/FAKE/FaceReenact/TPSMM/id8_id6_0007.mp4,FaceReenact/TPSMM,id8,id6,0,8.098548889160156,-8.098548889160156,0.0,154.6685333251953,30.0,0.0,0.0,0.02112257480621338,0.004951333161443472,0.007079910486936569,0.007079910486936569
CelebDFv3,/root/Datasets/CelebDFv3/CelebDFv3/FAKE/FaceSwap/BlendFace/id23_id19_0009.mp4,FaceSwap/BlendFace,id23,id19,0,-1.400820255279541,1.400820255279541,0.0,159.87985229492188,30.0,0.0,0.0,0.0038040115032345057,0.0040070791728794575,0.004063035361468792,0.005379458889365196
CelebDFv3,/root/Datasets/CelebDFv3/CelebDFv3/FAKE/FaceSwap/Celeb-DF-v2/id23_id32_0006.mp4,FaceSwap/Celeb-DF-v2,id23,id32,0,7.45777702331543,-7.45777702331543,0.0,253.6128387451172,30.0,0.0,0.0,0.006432768423110247,0.003540641162544489,0.0021371294278651476,0.0028316962998360395
CelebDFv3,/root/Datasets/CelebDFv3/CelebDFv3/FAKE/FaceSwap/GHOST/id25_id21_0008.mp4,FaceSwap/GHOST,id25,id21,0,4.287530899047852,-4.287530899047852,0.0,162.7671356201172,30.0,0.0,0.0,0.006934968754649162,0.0022288840264081955,0.0035494829062372446,0.004770504776388407
CelebDFv3,/root/Datasets/CelebDFv3/CelebDFv3/FAKE/FaceSwap/HifiFace/id23_id30_0003.mp4,FaceSwap/HifiFace,id23,id30,0,-1.2196913957595825,1.2196913957595825,0.0,108.38211059570312,30.0,0.0,0.0,0.003904554760083556,0.0026301888283342123,0.0015778933884575963,0.002804407151415944
CelebDFv3,/root/Datasets/CelebDFv3/CelebDFv3/FAKE/FaceSwap/InSwapper/id23_id4_0007.mp4,FaceSwap/InSwapper,id23,id4,0,-1.5056233406066895,1.5056233406066895,0.0,133.57485961914062,30.0,0.0,0.0,0.010934412479400635,0.03431225195527077,0.0053779748268425465,0.009434636682271957
CelebDFv3,/root/Datasets/CelebDFv3/CelebDFv3/FAKE/FaceSwap/MobileFaceSwap/id23_id25_0007.mp4,FaceSwap/MobileFaceSwap,id23,id25,0,0.82173752784729,-0.82173752784729,0.0,123.89832305908203,30.0,0.0,0.0,0.009988779202103615,0.030511749908328056,0.005246248561888933,0.009203548543155193
CelebDFv3,/root/Datasets/CelebDFv3/CelebDFv3/FAKE/FaceSwap/SimSwap/id22_id23_0001.mp4,FaceSwap/SimSwap,id22,id23,0,4.504546165466309,-4.504546165466309,0.0,112.17899322509766,30.0,0.0,0.0,0.011682489886879921,0.021983541548252106,0.015262065455317497,0.027125434949994087
CelebDFv3,/root/Datasets/CelebDFv3/CelebDFv3/FAKE/FaceSwap/UniFace/id51_id49_0001.mp4,FaceSwap/UniFace,id51,id49,0,-13.479841232299805,13.479841232299805,0.0,274.93548583984375,30.0,1.0,0.09375,0.0038517042994499207,0.005818579345941544,0.0028795269317924976,0.0051566422916948795
CelebDFv3,/root/Datasets/CelebDFv3/CelebDFv3/FAKE/TalkingFace/AniTalker/id56_0003_test_id07868_G6yM82HVOKI.mp4,TalkingFace/AniTalker,id56,,0,-3.0797173976898193,3.0797173976898193,0.0,126.68008422851562,25.0,0.0,0.0,0.004760353360325098,0.003765600733458996,0.004756875801831484,0.004756875801831484
CelebDFv3,/root/Datasets/CelebDFv3/CelebDFv3/FAKE/TalkingFace/EDTalk/id22_0003_test_id02317_YCBadU0v3AE.mp4,TalkingFace/EDTalk,id22,,0,-1.9977872371673584,1.9977872371673584,0.0,200.01229858398438,25.0,0.0,0.0,0.011651737615466118,0.00982709415256977,0.007980131544172764,0.007980131544172764
CelebDFv3,/root/Datasets/CelebDFv3/CelebDFv3/FAKE/TalkingFace/EchoMimic/id8_0002_test_id03524_2DD4Np7SaWw.mp4,TalkingFace/EchoMimic,id8,,0,0.4263657331466675,-0.4263657331466675,0.0,156.17234802246094,24.0,0.0,0.0,0.010288801975548267,0.007236293517053127,0.009062327444553375,0.009062327444553375
CelebDFv3,/root/Datasets/CelebDFv3/CelebDFv3/FAKE/TalkingFace/FLOAT/id56_0004_test_id08374_nrw4btrElp8.mp4,TalkingFace/FLOAT,id56,,0,3.903872013092041,-3.903872013092041,0.0,117.6707763671875,25.0,0.0,0.0,0.010379629209637642,0.006492788903415203,0.010751938447356224,0.010751938447356224
CelebDFv3,/root/Datasets/CelebDFv3/CelebDFv3/FAKE/TalkingFace/IP_LAP/id23_0005_test_id06310_MNZMZ6ChMZQ.mp4,TalkingFace/IP_LAP,id23,,0,12.23907470703125,-12.23907470703125,0.0,113.36929321289062,25.0,0.0,0.0,0.009793728590011597,0.004179728217422962,0.00747310183942318,0.00747310183942318
CelebDFv3,/root/Datasets/CelebDFv3/CelebDFv3/FAKE/TalkingFace/Real3DPortrait/id54_0007_test_id05055_HU7kokWzb4M.mp4,TalkingFace/Real3DPortrait,id54,,0,-6.499269485473633,6.499269485473633,0.0,160.06118774414062,25.0,1.0,0.03125,0.009822842665016651,0.005379908252507448,0.013410830870270729,0.013410830870270729
CelebDFv3,/root/Datasets/CelebDFv3/CelebDFv3/FAKE/TalkingFace/SadTalker/id23_0007_test_id04295_1fSjOItVYVg.mp4,TalkingFace/SadTalker,id23,,0,2.887474536895752,-2.887474536895752,0.0,320.67919921875,25.0,0.0,0.0,0.0019501475617289543,0.00591057725250721,0.006956192664802074,0.0065470049157738686
CelebDFv3,/root/Datasets/CelebDFv3/CelebDFv3/FAKE/FaceReenact/DaGAN/id23_id30_0006.mp4,FaceReenact/DaGAN,id23,id30,0,11.805671691894531,-11.805671691894531,0.0,107.85780334472656,30.0,1.0,0.234375,0.019271183758974075,0.010446340776979923,0.008288144133985043,0.008288144133985043
CelebDFv3,/root/Datasets/CelebDFv3/CelebDFv3/FAKE/FaceReenact/FSRT/id54_id51_0006.mp4,FaceReenact/FSRT,id54,id51,0,-5.48375129699707,5.48375129699707,0.0,175.37559509277344,20.0,1.0,0.0625,0.014584741555154324,0.010272068902850151,0.012826645746827126,0.012826645746827126
