dataset,path,method,target_id,donor_id,label_real,anomaly_score,predictive_mean,predictive_std,embedding_norm,fps,face_any_miss,face_miss_fraction,center_x_jitter,center_y_jitter,width_jitter,height_jitter
CelebDFv3,/root/Datasets/CelebDFv3/CelebDFv3/REAL/Real_WEB/id11_0000.mp4,real/Real_WEB,id11,,1,-1.958309531211853,1.958309531211853,0.0,80.18683624267578,30.0,1.0,0.171875,0.0036049899645149708,0.0032778107561171055,0.0036051743663847446,0.0032446568366140127
CelebDFv3,/root/Datasets/CelebDFv3/CelebDFv3/REAL/Real_WEB/id11_0001.mp4,real/Real_WEB,id11,,1,-3.0227837562561035,3.0227837562561035,0.0,124.65945434570312,30.0,0.0,0.0,0.0018774664495140314,0.004125622566789389,0.00217396579682827,0.004078359808772802
CelebDFv3,/root/Datasets/CelebDFv3/CelebDFv3/REAL/Real_WEB/id11_0002.mp4,real/Real_WEB,id11,,1,-2.6112494468688965,2.6112494468688965,0.0,102.36068725585938,30.0,0.0,0.0,0.0034965272061526775,0.003571773413568735,0.0019384012557566166,0.0037449912633746862
CelebDFv3,/root/Datasets/CelebDFv3/CelebDFv3/REAL/Real_WEB/id11_0003.mp4,real/Real_WEB,id11,,1,-3.449439525604248,3.449439525604248,0.0,160.27110290527344,30.0,0.0,0.0,0.0029725320637226105,0.0053577427752316,0.002715419977903366,0.005159297958016396
CelebDFv3,/root/Datasets/CelebDFv3/CelebDFv3/REAL/Real_WEB/id11_0004.mp4,real/Real_WEB,id11,,1,2.4681687355041504,-2.4681687355041504,0.0,132.2876739501953,30.0,1.0,0.109375,0.0013047992251813412,0.0021275177132338285,0.0012370327021926641,0.00235036201775074
CelebDFv3,/root/Datasets/CelebDFv3/CelebDFv3/REAL/Real_WEB/id11_0005.mp4,real/Real_WEB,id11,,1,-6.162409782409668,6.162409782409668,0.0,126.64990997314453,30.0,0.0,0.0,0.004915846511721611,0.008622178807854652,0.0021134614944458008,0.004015576560050249
CelebDFv3,/root/Datasets/CelebDFv3/CelebDFv3/REAL/Real_WEB/id11_0006.mp4,real/Real_WEB,id11,,1,-0.8009033203125,0.8009033203125,0.0,117.63890838623047,30.0,0.0,0.0,0.0025651436299085617,0.007275477983057499,0.002174573950469494,0.004131691064685583
CelebDFv3,/root/Datasets/CelebDFv3/CelebDFv3/REAL/Real_WEB/id11_0007.mp4,real/Real_WEB,id11,,1,-6.432243347167969,6.432243347167969,0.0,106.99103546142578,30.0,0.0,0.0,0.005318992305546999,0.021021172404289246,0.010252312757074833,0.01947939209640026
CelebDFv3,/root/Datasets/CelebDFv3/CelebDFv3/REAL/Real_WEB/id11_0008.mp4,real/Real_WEB,id11,,1,-1.2528992891311646,1.2528992891311646,0.0,118.46968078613281,30.0,0.0,0.0,0.013133992440998554,0.06439084559679031,0.03941633924841881,0.07489104568958282
CelebDFv3,/root/Datasets/CelebDFv3/CelebDFv3/REAL/Real_WEB/id11_0009.mp4,real/Real_WEB,id11,,1,-4.243978500366211,4.243978500366211,0.0,106.2683334350586,30.0,0.0,0.0,0.00226307800039649,0.00283466256223619,0.0014639711007475853,0.0027815450448542833
CelebDFv3,/root/Datasets/CelebDFv3/CelebDFv3/REAL/Real_WEB/id11_0010.mp4,real/Real_WEB,id11,,1,-2.744513988494873,2.744513988494873,0.0,79.9448471069336,30.0,0.0,0.0,0.007890661247074604,0.006005513481795788,0.002705232473090291,0.004198521375656128
CelebDFv3,/root/Datasets/CelebDFv3/CelebDFv3/REAL/Real_WEB/id22_0000.mp4,real/Real_WEB,id22,,1,-1.929614782333374,1.929614782333374,0.0,134.55984497070312,30.0,1.0,0.234375,0.005235231015831232,0.004875297658145428,0.00801982544362545,0.014253723435103893
CelebDFv3,/root/Datasets/CelebDFv3/CelebDFv3/REAL/Real_WEB/id22_0001.mp4,real/Real_WEB,id22,,1,0.09022347629070282,-0.09022347629070282,0.0,99.69361877441406,30.0,0.0,0.0,0.011806374415755272,0.022429708391427994,0.01428293902426958,0.02538522705435753
CelebDFv3,/root/Datasets/CelebDFv3/CelebDFv3/REAL/Real_WEB/id22_0002.mp4,real/Real_WEB,id22,,1,-2.3817262649536133,2.3817262649536133,0.0,105.50965118408203,30.0,0.0,0.0,0.006113848648965359,0.009676529094576836,0.004161377903074026,0.007396062836050987
CelebDFv3,/root/Datasets/CelebDFv3/CelebDFv3/REAL/Real_WEB/id22_0003.mp4,real/Real_WEB,id22,,1,0.649706244468689,-0.649706244468689,0.0,225.64437866210938,30.0,1.0,0.21875,0.007133771199733019,0.008614007383584976,0.011132773011922836,0.019786398857831955
CelebDFv3,/root/Datasets/CelebDFv3/CelebDFv3/REAL/Real_WEB/id22_0004.mp4,real/Real_WEB,id22,,1,-0.4346187114715576,0.4346187114715576,0.0,131.2242431640625,30.0,0.0,0.0,0.003082035342231393,0.0018385718576610088,0.0012213850859552622,0.0021707811392843723
CelebDFv3,/root/Datasets/CelebDFv3/CelebDFv3/REAL/Real_WEB/id22_0005.mp4,real/Real_WEB,id22,,1,-4.749844551086426,4.749844551086426,0.0,125.15353393554688,30.0,0.0,0.0,0.0029057643841952085,0.002022148808464408,0.0018205669475719333,0.0032357140444219112
CelebDFv3,/root/Datasets/CelebDFv3/CelebDFv3/REAL/Real_WEB/id22_0006.mp4,real/Real_WEB,id22,,1,3.143869400024414,-3.143869400024414,0.0,128.64752197265625,30.0,0.0,0.0,0.0032212529331445694,0.0028154815081506968,0.001596701331436634,0.0028378351125866175
CelebDFv3,/root/Datasets/CelebDFv3/CelebDFv3/REAL/Real_WEB/id22_0007.mp4,real/Real_WEB,id22,,1,-9.805805206298828,9.805805206298828,0.0,248.8199005126953,30.0,0.0,0.0,0.003470740746706724,0.005154136568307877,0.0031744607258588076,0.005642004311084747
CelebDFv3,/root/Datasets/CelebDFv3/CelebDFv3/REAL/Real_WEB/id22_0008.mp4,real/Real_WEB,id22,,1,-0.149176687002182,0.149176687002182,0.0,249.3162078857422,30.0,0.0,0.0,0.0039450982585549355,0.003841858357191086,0.005394735373556614,0.009588121436536312
CelebDFv3,/root/Datasets/CelebDFv3/CelebDFv3/REAL/Real_WEB/id22_0009.mp4,real/Real_WEB,id22,,1,-1.0475269556045532,1.0475269556045532,0.0,102.18914031982422,30.0,1.0,0.1875,0.006219503469765186,0.005701655521988869,0.0024990204256027937,0.004441536962985992
CelebDFv3,/root/Datasets/CelebDFv3/CelebDFv3/REAL/Real_WEB/id23_0000.mp4,real/Real_WEB,id23,,1,-0.969427764415741,0.969427764415741,0.0,104.28910064697266,30.0,0.0,0.0,0.0018584603676572442,0.0018581601325422525,0.001341304974630475,0.00238391594029963
CelebDFv3,/root/Datasets/CelebDFv3/CelebDFv3/REAL/Real_WEB/id23_0001.mp4,real/Real_WEB,id23,,1,0.19436568021774292,-0.19436568021774292,0.0,110.11045837402344,30.0,0.0,0.0,0.00233871815726161,0.003544032108038664,0.0019240407273173332,0.0034196185879409313
CelebDFv3,/root/Datasets/CelebDFv3/CelebDFv3/REAL/Real_WEB/id23_0002.mp4,real/Real_WEB,id23,,1,-4.419299125671387,4.419299125671387,0.0,97.6858139038086,30.0,0.0,0.0,0.009692392311990261,0.01133728213608265,0.004167539067566395,0.007407011929899454
CelebDFv3,/root/Datasets/CelebDFv3/CelebDFv3/REAL/Real_WEB/id23_0003.mp4,real/Real_WEB,id23,,1,-5.373944282531738,5.373944282531738,0.0,108.27845764160156,30.0,0.0,0.0,0.003980288282036781,0.0026290661189705133,0.0016337638953700662,0.0029037061613053083
CelebDFv3,/root/Datasets/CelebDFv3/CelebDFv3/REAL/Real_WEB/id23_0004.mp4,real/Real_WEB,id23,,1,0.012080550193786621,-0.012080550193786621,0.0,136.31838989257812,30.0,1.0,0.03125,0.01625899039208889,0.011382975615561008,0.009203820489346981,0.012406749650835991
CelebDFv3,/root/Datasets/CelebDFv3/CelebDFv3/REAL/Real_WEB/id23_0005.mp4,real/Real_WEB,id23,,1,1.8937311172485352,-1.8937311172485352,0.0,103.59850311279297,30.0,0.0,0.0,0.006384034175425768,0.0021856145467609167,0.0029601301066577435,0.006059326231479645
CelebDFv3,/root/Datasets/CelebDFv3/CelebDFv3/REAL/Real_WEB/id23_0006.mp4,real/Real_WEB,id23,,1,2.066795587539673,-2.066795587539673,0.0,133.88221740722656,30.0,0.0,0.0,0.006280488800257444,0.003612361615523696,0.001978053944185376,0.0026209214702248573
CelebDFv3,/root/Datasets/CelebDFv3/CelebDFv3/REAL/Real_WEB/id23_0007.mp4,real/Real_WEB,id23,,1,-2.437832832336426,2.437832832336426,0.0,150.62399291992188,30.0,0.0,0.0,0.010921236127614975,0.03321206942200661,0.007046002894639969,0.012360876426100731
CelebDFv3,/root/Datasets/CelebDFv3/CelebDFv3/REAL/Real_WEB/id23_0008.mp4,real/Real_WEB,id23,,1,-3.118575096130371,3.118575096130371,0.0,120.76834106445312,30.0,0.0,0.0,0.0020384197123348713,0.003524760715663433,0.003351923543959856,0.005880314391106367
CelebDFv3,/root/Datasets/CelebDFv3/CelebDFv3/REAL/Real_WEB/id23_0009.mp4,real/Real_WEB,id23,,1,3.723405361175537,-3.723405361175537,0.0,108.21917724609375,30.0,0.0,0.0,0.004020704887807369,0.003872363828122616,0.0030953327659517527,0.004098220728337765
CelebDFv3,/root/Datasets/CelebDFv3/CelebDFv3/REAL/Real_WEB/id25_0000.mp4,real/Real_WEB,id25,,1,-1.9853339195251465,1.9853339195251465,0.0,164.48753356933594,30.0,1.0,0.078125,0.052845973521471024,0.04660625010728836,0.029826341196894646,0.05371268466114998
CelebDFv3,/root/Datasets/CelebDFv3/CelebDFv3/REAL/Real_WEB/id25_0001.mp4,real/Real_WEB,id25,,1,1.6389700174331665,-1.6389700174331665,0.0,163.0467529296875,30.0,1.0,0.09375,0.0018040335271507502,0.0014504462014883757,0.0018834199290722609,0.0033917520195245743
CelebDFv3,/root/Datasets/CelebDFv3/CelebDFv3/REAL/Real_WEB/id25_0002.mp4,real/Real_WEB,id25,,1,-3.6596927642822266,3.6596927642822266,0.0,91.53411102294922,30.0,0.0,0.0,0.010991215705871582,0.021525593474507332,0.0029517828952521086,0.005315710790455341
CelebDFv3,/root/Datasets/CelebDFv3/CelebDFv3/REAL/Real_WEB/id25_0003.mp4,real/Real_WEB,id25,,1,-6.930304527282715,6.930304527282715,0.0,167.22679138183594,30.0,0.0,0.0,0.008363372646272182,0.00735466880723834,0.0024400283582508564,0.004394118674099445
CelebDFv3,/root/Datasets/CelebDFv3/CelebDFv3/REAL/Real_WEB/id25_0004.mp4,real/Real_WEB,id25,,1,-6.133726119995117,6.133726119995117,0.0,113.929443359375,30.0,0.0,0.0,0.008481038734316826,0.007353072054684162,0.00397363118827343,0.007155903615057468
CelebDFv3,/root/Datasets/CelebDFv3/CelebDFv3/REAL/Real_WEB/id25_0005.mp4,real/Real_WEB,id25,,1,-2.6106467247009277,2.6106467247009277,0.0,87.09432220458984,30.0,0.0,0.0,0.012417718768119812,0.0032836743630468845,0.003930745180696249,0.005833225790411234
CelebDFv3,/root/Datasets/CelebDFv3/CelebDFv3/REAL/Real_WEB/id25_0006.mp4,real/Real_WEB,id25,,1,3.50294828414917,-3.50294828414917,0.0,420.4622497558594,30.0,0.0,0.0,0.0007794636185280979,0.0024083065800368786,0.002245142124593258,0.00426996685564518
CelebDFv3,/root/Datasets/CelebDFv3/CelebDFv3/REAL/Real_WEB/id25_0007.mp4,real/Real_WEB,id25,,1,-0.9010668992996216,0.9010668992996216,0.0,155.39523315429688,30.0,0.0,0.0,0.007938369177281857,0.005146270152181387,0.004173599649220705,0.005609317682683468
CelebDFv3,/root/Datasets/CelebDFv3/CelebDFv3/REAL/Real_WEB/id25_0008.mp4,real/Real_WEB,id25,,1,-0.3633989095687866,0.3633989095687866,0.0,108.19417572021484,30.0,0.0,0.0,0.006907373666763306,0.0021268553100526333,0.003165797097608447,0.004254831466823816
CelebDFv3,/root/Datasets/CelebDFv3/CelebDFv3/REAL/Real_WEB/id25_0009.mp4,real/Real_WEB,id25,,1,-6.291075706481934,6.291075706481934,0.0,111.26709747314453,30.0,0.0,0.0,0.006066794041544199,0.007017860654741526,0.004611865151673555,0.006198346149176359
CelebDFv3,/root/Datasets/CelebDFv3/CelebDFv3/REAL/Real_WEB/id25_0010.mp4,real/Real_WEB,id25,,1,-0.3651537001132965,0.3651537001132965,0.0,188.9346923828125,30.0,0.0,0.0,0.006439133081585169,0.005059600342065096,0.0027103598695248365,0.004869460128247738
CelebDFv3,/root/Datasets/CelebDFv3/CelebDFv3/REAL/Real_WEB/id26_0000.mp4,real/Real_WEB,id26,,1,1.932173728942871,-1.932173728942871,0.0,157.68861389160156,30.0,0.0,0.0,0.0019509728299453855,0.0013449415564537048,0.0019900340121239424,0.003575315233319998
CelebDFv3,/root/Datasets/CelebDFv3/CelebDFv3/REAL/Real_WEB/id26_0001.mp4,real/Real_WEB,id26,,1,-0.6827844977378845,0.6827844977378845,0.0,110.06642150878906,30.0,1.0,0.015625,0.014047441072762012,0.010445027612149715,0.0027169613167643547,0.004881320055574179
CelebDFv3,/root/Datasets/CelebDFv3/CelebDFv3/REAL/Real_WEB/id26_0002.mp4,real/Real_WEB,id26,,1,0.4966210424900055,-0.4966210424900055,0.0,87.3317642211914,30.0,0.0,0.0,0.006345377303659916,0.016757292672991753,0.0035625617019832134,0.006400534883141518
CelebDFv3,/root/Datasets/CelebDFv3/CelebDFv3/REAL/Real_WEB/id26_0003.mp4,real/Real_WEB,id26,,1,-2.275803565979004,2.275803565979004,0.0,354.4420471191406,30.0,0.0,0.0,0.005963705945760012,0.006327537354081869,0.001824910519644618,0.003278652671724558
CelebDFv3,/root/Datasets/CelebDFv3/CelebDFv3/REAL/Real_WEB/id26_0004.mp4,real/Real_WEB,id26,,1,-4.441694736480713,4.441694736480713,0.0,105.66133880615234,30.0,0.0,0.0,0.003558640368282795,0.007831280119717121,0.0025404375046491623,0.0045641763135790825
CelebDFv3,/root/Datasets/CelebDFv3/CelebDFv3/REAL/Real_WEB/id26_0005.mp4,real/Real_WEB,id26,,1,-8.968345642089844,8.968345642089844,0.0,303.80419921875,30.0,0.0,0.0,0.0018404863076284528,0.002386960666626692,0.0036266972310841084,0.0040245624259114265
CelebDFv3,/root/Datasets/CelebDFv3/CelebDFv3/REAL/Real_WEB/id26_0006.mp4,real/Real_WEB,id26,,1,-2.098720073699951,2.098720073699951,0.0,254.5603485107422,30.0,1.0,0.03125,0.015160752460360527,0.004993599373847246,0.004999713506549597,0.009104281663894653
CelebDFv3,/root/Datasets/CelebDFv3/CelebDFv3/REAL/Real_WEB/id26_0007.mp4,real/Real_WEB,id26,,1,-3.161320924758911,3.161320924758911,0.0,279.82421875,30.0,0.0,0.0,0.011339138261973858,0.009804985485970974,0.007413470186293125,0.013499638065695763
CelebDFv3,/root/Datasets/CelebDFv3/CelebDFv3/REAL/Real_WEB/id26_0008.mp4,real/Real_WEB,id26,,1,-2.2426583766937256,2.2426583766937256,0.0,124.31168365478516,30.0,0.0,0.0,0.005860624834895134,0.005330619402229786,0.002724594436585903,0.004961379338055849
CelebDFv3,/root/Datasets/CelebDFv3/CelebDFv3/REAL/Real_WEB/id26_0009.mp4,real/Real_WEB,id26,,1,1.9928711652755737,-1.9928711652755737,0.0,182.33624267578125,30.0,0.0,0.0,0.012630823999643326,0.009983590804040432,0.004793503787368536,0.008728781715035439
CelebDFv3,/root/Datasets/CelebDFv3/CelebDFv3/REAL/Real_WEB/id31_0000.mp4,real/Real_WEB,id31,,1,-2.1275129318237305,2.1275129318237305,0.0,114.96754455566406,30.0,0.0,0.0,0.0031713848002254963,0.006415517069399357,0.0035147820599377155,0.006329585798084736
CelebDFv3,/root/Datasets/CelebDFv3/CelebDFv3/REAL/Real_WEB/id31_0001.mp4,real/Real_WEB,id31,,1,-0.7847800254821777,0.7847800254821777,0.0,156.3236541748047,30.0,0.0,0.0,0.0020866510458290577,0.0025664442218840122,0.0020800475031137466,0.003745848312973976
CelebDFv3,/root/Datasets/CelebDFv3/CelebDFv3/REAL/Real_WEB/id31_0002.mp4,real/Real_WEB,id31,,1,4.022031784057617,-4.022031784057617,0.0,153.8031463623047,30.0,0.0,0.0,0.017986243590712547,0.039481937885284424,0.01255712565034628,0.022613465785980225
CelebDFv3,/root/Datasets/CelebDFv3/CelebDFv3/REAL/Real_WEB/id31_0003.mp4,real/Real_WEB,id31,,1,-6.855799674987793,6.855799674987793,0.0,112.6616439819336,30.0,0.0,0.0,0.0030814677011221647,0.003327379934489727,0.003441219450905919,0.006197112146764994
CelebDFv3,/root/Datasets/CelebDFv3/CelebDFv3/REAL/Real_WEB/id31_0004.mp4,real/Real_WEB,id31,,1,-1.8260550498962402,1.8260550498962402,0.0,170.56787109375,30.0,0.0,0.0,0.00495549151673913,0.003141730558127165,0.0026762341149151325,0.004819489549845457
CelebDFv3,/root/Datasets/CelebDFv3/CelebDFv3/REAL/Real_WEB/id31_0005.mp4,real/Real_WEB,id31,,1,-0.25583988428115845,0.25583988428115845,0.0,124.80303192138672,30.0,0.0,0.0,0.005757579114288092,0.004598923027515411,0.002075968310236931,0.0037385020405054092
CelebDFv3,/root/Datasets/CelebDFv3/CelebDFv3/REAL/Real_WEB/id31_0006.mp4,real/Real_WEB,id31,,1,-12.368602752685547,12.368602752685547,0.0,228.31301879882812,30.0,0.0,0.0,0.004724281374365091,0.010299013927578926,0.0039488933980464935,0.007111354265362024
CelebDFv3,/root/Datasets/CelebDFv3/CelebDFv3/REAL/Real_WEB/id31_0007.mp4,real/Real_WEB,id31,,1,-12.164953231811523,12.164953231811523,0.0,331.74908447265625,30.0,1.0,0.046875,0.017916571348905563,0.004014269914478064,0.006148376036435366,0.01107228733599186
CelebDFv3,/root/Datasets/CelebDFv3/CelebDFv3/REAL/Real_WEB/id31_0008.mp4,real/Real_WEB,id31,,1,-1.69730806350708,1.69730806350708,0.0,113.5024642944336,30.0,0.0,0.0,0.0038921707309782505,0.00957823358476162,0.005923830904066563,0.010667914524674416
CelebDFv3,/root/Datasets/CelebDFv3/CelebDFv3/REAL/Real_WEB/id31_0009.mp4,real/Real_WEB,id31,,1,0.051532819867134094,-0.051532819867134094,0.0,94.01829528808594,30.0,0.0,0.0,0.003877178765833378,0.005008061416447163,0.002761454088613391,0.004972958005964756
CelebDFv3,/root/Datasets/CelebDFv3/CelebDFv3/REAL/Real_WEB/id48_0000.mp4,real/Real_WEB,id48,,1,-8.142448425292969,8.142448425292969,0.0,161.96340942382812,30.0,0.0,0.0,0.002242709044367075,0.003272673115134239,0.001776154269464314,0.0031717042438685894
CelebDFv3,/root/Datasets/CelebDFv3/CelebDFv3/REAL/Real_WEB/id48_0001.mp4,real/Real_WEB,id48,,1,-6.068763256072998,6.068763256072998,0.0,90.80034637451172,30.0,0.0,0.0,0.0044506508857011795,0.005988788325339556,0.0025475258007645607,0.004549152683466673
CelebDFv3,/root/Datasets/CelebDFv3/CelebDFv3/REAL/Real_WEB/id48_0002.mp4,real/Real_WEB,id48,,1,-0.3231905698776245,0.3231905698776245,0.0,107.89482116699219,30.0,0.0,0.0,0.0029395469464361668,0.004119029268622398,0.002198305679485202,0.003925545606762171
CelebDFv3,/root/Datasets/CelebDFv3/CelebDFv3/REAL/Real_WEB/id48_0003.mp4,real/Real_WEB,id48,,1,-2.3422160148620605,2.3422160148620605,0.0,96.33744812011719,30.0,1.0,0.09375,0.005545245949178934,0.01906595379114151,0.008532772772014141,0.015237093903124332
CelebDFv3,/root/Datasets/CelebDFv3/CelebDFv3/REAL/Real_WEB/id48_0004.mp4,real/Real_WEB,id48,,1,0.09196177124977112,-0.09196177124977112,0.0,120.8768539428711,30.0,0.0,0.0,0.005566037259995937,0.002604698296636343,0.004289492033421993,0.0076598068699240685
CelebDFv3,/root/Datasets/CelebDFv3/CelebDFv3/REAL/Real_WEB/id48_0005.mp4,real/Real_WEB,id48,,1,-1.0607622861862183,1.0607622861862183,0.0,133.3009796142578,30.0,0.0,0.0,0.0011217703577131033,0.0016223957063630223,0.0009343598503619432,0.0016684997826814651
CelebDFv3,/root/Datasets/CelebDFv3/CelebDFv3/REAL/Real_WEB/id48_0006.mp4,real/Real_WEB,id48,,1,0.7710152864456177,-0.7710152864456177,0.0,78.30724334716797,30.0,0.0,0.0,0.00464877113699913,0.036887697875499725,0.005875595845282078,0.007708781864494085
CelebDFv3,/root/Datasets/CelebDFv3/CelebDFv3/REAL/Real_WEB/id48_0007.mp4,real/Real_WEB,id48,,1,0.96799635887146,-0.96799635887146,0.0,102.8516845703125,30.0,0.0,0.0,0.0014884565025568008,0.0013671817723661661,0.0014761239290237427,0.0019366747001186013
CelebDFv3,/root/Datasets/CelebDFv3/CelebDFv3/REAL/Real_WEB/id48_0008.mp4,real/Real_WEB,id48,,1,-3.7157998085021973,3.7157998085021973,0.0,137.1405029296875,30.0,0.0,0.0,0.00259688263759017,0.0028447480872273445,0.002960976678878069,0.002949133049696684
CelebDFv3,/root/Datasets/CelebDFv3/CelebDFv3/REAL/Real_WEB/id48_0009.mp4,real/Real_WEB,id48,,1,-0.30966687202453613,0.30966687202453613,0.0,110.73519897460938,30.0,0.0,0.0,0.0033827878069132566,0.00481755007058382,0.002451715525239706,0.004383999854326248
CelebDFv3,/root/Datasets/CelebDFv3/CelebDFv3/REAL/Real_WEB/id51_0000.mp4,real/Real_WEB,id51,,1,-1.29091477394104,1.29091477394104,0.0,92.96986389160156,30.0,0.0,0.0,0.006209916435182095,0.004093490540981293,0.004113247152417898,0.007365982048213482
CelebDFv3,/root/Datasets/CelebDFv3/CelebDFv3/REAL/Real_WEB/id51_0001.mp4,real/Real_WEB,id51,,1,-16.87066078186035,16.87066078186035,0.0,369.279052734375,30.0,1.0,0.046875,0.0038563101552426815,0.005505674052983522,0.004656773526221514,0.008339326828718185
CelebDFv3,/root/Datasets/CelebDFv3/CelebDFv3/REAL/Real_WEB/id51_0002.mp4,real/Real_WEB,id51,,1,-2.9694995880126953,2.9694995880126953,0.0,71.10368347167969,30.0,0.0,0.0,0.004997434560209513,0.010783445090055466,0.003276756266131997,0.005867998581379652
CelebDFv3,/root/Datasets/CelebDFv3/CelebDFv3/REAL/Real_WEB/id51_0003.mp4,real/Real_WEB,id51,,1,-3.720072031021118,3.720072031021118,0.0,146.8347930908203,30.0,1.0,0.015625,0.011741346679627895,0.011397418566048145,0.008017145097255707,0.014357063919305801
CelebDFv3,/root/Datasets/CelebDFv3/CelebDFv3/REAL/Real_WEB/id51_0004.mp4,real/Real_WEB,id51,,1,-4.2303032875061035,4.2303032875061035,0.0,98.33201599121094,29.00000762939453,1.0,0.21875,0.006886713206768036,0.010102746076881886,0.005105001851916313,0.009142013266682625
CelebDFv3,/root/Datasets/CelebDFv3/CelebDFv3/REAL/Real_WEB/id51_0005.mp4,real/Real_WEB,id51,,1,-5.596261978149414,5.596261978149414,0.0,136.36410522460938,30.0,0.0,0.0,0.008940959349274635,0.013514675199985504,0.002269590273499489,0.0040643708780407906
CelebDFv3,/root/Datasets/CelebDFv3/CelebDFv3/REAL/Real_WEB/id51_0006.mp4,real/Real_WEB,id51,,1,-1.3899006843566895,1.3899006843566895,0.0,134.3432159423828,29.900009155273438,0.0,0.0,0.0022699092514812946,0.031118987128138542,0.003753843018785119,0.006722363643348217
CelebDFv3,/root/Datasets/CelebDFv3/CelebDFv3/REAL/Real_WEB/id51_0007.mp4,real/Real_WEB,id51,,1,-5.667747497558594,5.667747497558594,0.0,124.50159454345703,30.0,0.0,0.0,0.0032550469040870667,0.0033302525989711285,0.001980185741558671,0.003546107094734907
CelebDFv3,/root/Datasets/CelebDFv3/CelebDFv3/REAL/Real_WEB/id51_0008.mp4,real/Real_WEB,id51,,1,-5.18918514251709,5.18918514251709,0.0,100.409912109375,30.0,0.0,0.0,0.004328075796365738,0.0018611416453495622,0.0039153811521828175,0.007011644542217255
CelebDFv3,/root/Datasets/CelebDFv3/CelebDFv3/REAL/Real_WEB/id51_0009.mp4,real/Real_WEB,id51,,1,-5.7428998947143555,5.7428998947143555,0.0,80.93131256103516,30.0,0.0,0.0,0.006920502055436373,0.005380420014262199,0.0035811630077660084,0.0064131286926567554
CelebDFv3,/root/Datasets/CelebDFv3/CelebDFv3/REAL/Real_WEB/id54_0000.mp4,real/Real_WEB,id54,,1,-6.57954216003418,6.57954216003418,0.0,110.82501983642578,30.0,0.0,0.0,0.007588505744934082,0.00469650374725461,0.0047318520955741405,0.008473777212202549
CelebDFv3,/root/Datasets/CelebDFv3/CelebDFv3/REAL/Real_WEB/id54_0001.mp4,real/Real_WEB,id54,,1,1.997110366821289,-1.997110366821289,0.0,133.33169555664062,30.0,0.0,0.0,0.006531701888889074,0.021096820011734962,0.004159393720328808,0.007448622025549412
CelebDFv3,/root/Datasets/CelebDFv3/CelebDFv3/REAL/Real_WEB/id54_0002.mp4,real/Real_WEB,id54,,1,1.8451327085494995,-1.8451327085494995,0.0,125.36746215820312,30.0,0.0,0.0,0.002535449340939522,0.0046923342160880566,0.0011213006218895316,0.0020080197136849165
CelebDFv3,/root/Datasets/CelebDFv3/CelebDFv3/REAL/Real_WEB/id54_0003.mp4,real/Real_WEB,id54,,1,1.113561749458313,-1.113561749458313,0.0,147.81163024902344,30.0,0.0,0.0,0.002051600720733404,0.010122410953044891,0.0018131474498659372,0.003246975364163518
CelebDFv3,/root/Datasets/CelebDFv3/CelebDFv3/REAL/Real_WEB/id54_0004.mp4,real/Real_WEB,id54,,1,-2.9596784114837646,2.9596784114837646,0.0,181.44468688964844,30.0,0.0,0.0,0.002113216556608677,0.018301978707313538,0.010482070036232471,0.01877123862504959
CelebDFv3,/root/Datasets/CelebDFv3/CelebDFv3/REAL/Real_WEB/id54_0005.mp4,real/Real_WEB,id54,,1,-4.701830863952637,4.701830863952637,0.0,86.6395034790039,30.0,0.0,0.0,0.015287580899894238,0.004218461457639933,0.004518804606050253,0.008092252537608147
CelebDFv3,/root/Datasets/CelebDFv3/CelebDFv3/REAL/Real_WEB/id54_0006.mp4,real/Real_WEB,id54,,1,-4.048100471496582,4.048100471496582,0.0,176.4138641357422,30.0,1.0,0.015625,0.0043045468628406525,0.006652453914284706,0.003986254800111055,0.007138565182685852
CelebDFv3,/root/Datasets/CelebDFv3/CelebDFv3/REAL/Real_WEB/id54_0007.mp4,real/Real_WEB,id54,,1,-0.2609160542488098,0.2609160542488098,0.0,137.6638946533203,30.0,0.0,0.0,0.00402330607175827,0.004099615383893251,0.0024728840216994286,0.00442842859774828
CelebDFv3,/root/Datasets/CelebDFv3/CelebDFv3/REAL/Real_WEB/id54_0008.mp4,real/Real_WEB,id54,,1,-4.587575912475586,4.587575912475586,0.0,119.91787719726562,30.0,0.0,0.0,0.002065761713311076,0.003254185663536191,0.0023143410217016935,0.004144510719925165
CelebDFv3,/root/Datasets/CelebDFv3/CelebDFv3/REAL/Real_WEB/id54_0009.mp4,real/Real_WEB,id54,,1,-2.081226348876953,2.081226348876953,0.0,94.83444213867188,30.0,0.0,0.0,0.01350165344774723,0.013430946506559849,0.0025277752429246902,0.0045267269015312195
CelebDFv3,/root/Datasets/CelebDFv3/CelebDFv3/REAL/Real_WEB/id56_0000.mp4,real/Real_WEB,id56,,1,-2.4820399284362793,2.4820399284362793,0.0,91.90357208251953,30.0,0.0,0.0,0.003669480327516794,0.00489399116486311,0.0021553444676101208,0.0038597804959863424
CelebDFv3,/root/Datasets/CelebDFv3/CelebDFv3/REAL/Real_WEB/id56_0001.mp4,real/Real_WEB,id56,,1,-1.118394136428833,1.118394136428833,0.0,106.82186889648438,30.0,0.0,0.0,0.0032524026464670897,0.00971809308975935,0.002731846645474434,0.004892177414149046
CelebDFv3,/root/Datasets/CelebDFv3/CelebDFv3/REAL/Real_WEB/id56_0002.mp4,real/Real_WEB,id56,,1,-2.751275062561035,2.751275062561035,0.0,94.525634765625,30.0,0.0,0.0,0.007462000008672476,0.004447353072464466,0.0034121538046747446,0.006110467482358217
CelebDFv3,/root/Datasets/CelebDFv3/CelebDFv3/REAL/Real_WEB/id56_0003.mp4,real/Real_WEB,id56,,1,-4.954135894775391,4.954135894775391,0.0,78.8128433227539,30.0,0.0,0.0,0.004301737062633038,0.00319648627191782,0.0025092260912060738,0.004493509419262409
CelebDFv3,/root/Datasets/CelebDFv3/CelebDFv3/REAL/Real_WEB/id56_0004.mp4,real/Real_WEB,id56,,1,-3.5350637435913086,3.5350637435913086,0.0,119.6612777709961,30.0,1.0,0.015625,0.00471281073987484,0.029692308977246284,0.0035709007643163204,0.006394750904291868
CelebDFv3,/root/Datasets/CelebDFv3/CelebDFv3/REAL/Real_WEB/id56_0005.mp4,real/Real_WEB,id56,,1,-3.075730323791504,3.075730323791504,0.0,92.52320098876953,29.899993896484375,0.0,0.0,0.0016736923716962337,0.0037772769574075937,0.001187778078019619,0.0021270669531077147
CelebDFv3,/root/Datasets/CelebDFv3/CelebDFv3/REAL/Real_WEB/id56_0006.mp4,real/Real_WEB,id56,,1,-1.4283552169799805,1.4283552169799805,0.0,83.26451110839844,30.0,0.0,0.0,0.007511264178901911,0.005261785816401243,0.002290983684360981,0.0041026826947927475
CelebDFv3,/root/Datasets/CelebDFv3/CelebDFv3/REAL/Real_WEB/id56_0007.mp4,real/Real_WEB,id56,,1,-4.652584552764893,4.652584552764893,0.0,355.5453186035156,29.00001335144043,0.0,0.0,0.00683727627620101,0.012518700212240219,0.005668105091899633,0.010150414891541004
CelebDFv3,/root/Datasets/CelebDFv3/CelebDFv3/REAL/Real_WEB/id56_0008.mp4,real/Real_WEB,id56,,1,-0.7132030725479126,0.7132030725479126,0.0,92.73033905029297,30.0,0.0,0.0,0.004493227694183588,0.0028334110975265503,0.002144921338185668,0.0038411146961152554
CelebDFv3,/root/Datasets/CelebDFv3/CelebDFv3/REAL/Real_WEB/id56_0009.mp4,real/Real_WEB,id56,,1,1.8399956226348877,-1.8399956226348877,0.0,132.878173828125,30.0,0.0,0.0,0.011491640470921993,0.0019130716100335121,0.0030909981578588486,0.00553534459322691
CelebDFv3,/root/Datasets/CelebDFv3/CelebDFv3/REAL/Real_WEB/id59_0000.mp4,real/Real_WEB,id59,,1,-0.8368154168128967,0.8368154168128967,0.0,80.86236572265625,30.0,1.0,0.03125,0.014286061748862267,0.01704542152583599,0.009451034478843212,0.016924867406487465
CelebDFv3,/root/Datasets/CelebDFv3/CelebDFv3/REAL/Real_WEB/id59_0001.mp4,real/Real_WEB,id59,,1,2.473268508911133,-2.473268508911133,0.0,307.47625732421875,30.0,0.0,0.0,0.0017741743940860033,0.0017694738926365972,0.002141549251973629,0.003835075767710805
CelebDFv3,/root/Datasets/CelebDFv3/CelebDFv3/REAL/Real_WEB/id59_0002.mp4,real/Real_WEB,id59,,1,-1.73250150680542,1.73250150680542,0.0,241.58213806152344,30.0,1.0,0.453125,0.007710593752563,0.011069250293076038,0.00256461463868618,0.004592698998749256
CelebDFv3,/root/Datasets/CelebDFv3/CelebDFv3/REAL/Real_WEB/id59_0003.mp4,real/Real_WEB,id59,,1,-3.0032427310943604,3.0032427310943604,0.0,312.9039001464844,30.0,1.0,0.125,0.011848949827253819,0.007384336553514004,0.010770394466817379,0.01928756758570671
CelebDFv3,/root/Datasets/CelebDFv3/CelebDFv3/REAL/Real_WEB/id59_0004.mp4,real/Real_WEB,id59,,1,-5.032573223114014,5.032573223114014,0.0,167.32252502441406,30.0,0.0,0.0,0.0057001677341759205,0.011422794312238693,0.0022531014401465654,0.004034842364490032
CelebDFv3,/root/Datasets/CelebDFv3/CelebDFv3/REAL/Real_WEB/id59_0005.mp4,real/Real_WEB,id59,,1,-4.321441650390625,4.321441650390625,0.0,80.93690490722656,30.0,0.0,0.0,0.00427696667611599,0.05678234249353409,0.002293391851708293,0.004106994718313217
CelebDFv3,/root/Datasets/CelebDFv3/CelebDFv3/REAL/Real_WEB/id59_0006.mp4,real/Real_WEB,id59,,1,2.2374231815338135,-2.2374231815338135,0.0,77.10398864746094,30.0,0.0,0.0,0.022221915423870087,0.013099455274641514,0.013913755305111408,0.02491668239235878
CelebDFv3,/root/Datasets/CelebDFv3/CelebDFv3/REAL/Real_WEB/id59_0007.mp4,real/Real_WEB,id59,,1,-0.678625226020813,0.678625226020813,0.0,101.25347900390625,30.0,0.0,0.0,0.030061453580856323,0.032515399158000946,0.0027951663359999657,0.005005569197237492
CelebDFv3,/root/Datasets/CelebDFv3/CelebDFv3/REAL/Real_WEB/id59_0008.mp4,real/Real_WEB,id59,,1,4.45219087600708,-4.45219087600708,0.0,110.1396484375,30.0,0.0,0.0,0.0013033474097028375,0.0009221009095199406,0.0012398967519402504,0.0022204010747373104
CelebDFv3,/root/Datasets/CelebDFv3/CelebDFv3/REAL/Real_WEB/id59_0009.mp4,real/Real_WEB,id59,,1,-0.9727702140808105,0.9727702140808105,0.0,165.6185760498047,30.0,0.0,0.0,0.010944060981273651,0.018350018188357353,0.005634453147649765,0.010090149939060211
CelebDFv3,/root/Datasets/CelebDFv3/CelebDFv3/REAL/Real_WEB/id8_0000.mp4,real/Real_WEB,id8,,1,-2.3452162742614746,2.3452162742614746,0.0,521.0055541992188,30.0,0.0,0.0,0.0020685363560914993,0.005792779382318258,0.0025295442901551723,0.004765661433339119
CelebDFv3,/root/Datasets/CelebDFv3/CelebDFv3/REAL/Real_WEB/id8_0001.mp4,real/Real_WEB,id8,,1,-2.6684441566467285,2.6684441566467285,0.0,169.18649291992188,30.0,0.0,0.0,0.0026386319659650326,0.004901805426925421,0.001294705900363624,0.0024392257910221815
CelebDFv3,/root/Datasets/CelebDFv3/CelebDFv3/REAL/Real_WEB/id8_0002.mp4,real/Real_WEB,id8,,1,-2.0483388900756836,2.0483388900756836,0.0,122.29774475097656,30.0,1.0,0.015625,0.0022099073976278305,0.012543978169560432,0.0034242477267980576,0.006451282184571028
CelebDFv3,/root/Datasets/CelebDFv3/CelebDFv3/REAL/Real_WEB/id8_0003.mp4,real/Real_WEB,id8,,1,-10.777688980102539,10.777688980102539,0.0,155.73817443847656,30.0,0.0,0.0,0.002356624696403742,0.009946313686668873,0.002552896970883012,0.004809658043086529
CelebDFv3,/root/Datasets/CelebDFv3/CelebDFv3/REAL/Real_WEB/id8_0004.mp4,real/Real_WEB,id8,,1,-8.920631408691406,8.920631408691406,0.0,335.49432373046875,30.0,0.0,0.0,0.004360857419669628,0.005928938277065754,0.002119780983775854,0.003993667662143707
CelebDFv3,/root/Datasets/CelebDFv3/CelebDFv3/REAL/Real_WEB/id8_0005.mp4,real/Real_WEB,id8,,1,-4.878931045532227,4.878931045532227,0.0,114.60590362548828,30.0,0.0,0.0,0.026045098900794983,0.016940349712967873,0.02389412187039852,0.04501652717590332
CelebDFv3,/root/Datasets/CelebDFv3/CelebDFv3/REAL/Real_WEB/id8_0006.mp4,real/Real_WEB,id8,,1,-8.195174217224121,8.195174217224121,0.0,174.48890686035156,30.0,0.0,0.0,0.002841393696144223,0.007582240272313356,0.003863472957164049,0.007278783246874809
CelebDFv3,/root/Datasets/CelebDFv3/CelebDFv3/REAL/Real_WEB/id8_0007.mp4,real/Real_WEB,id8,,1,-2.5772786140441895,2.5772786140441895,0.0,184.69496154785156,30.0,0.0,0.0,0.012418843805789948,0.055467426776885986,0.0015847126487642527,0.0029855985194444656
CelebDFv3,/root/Datasets/CelebDFv3/CelebDFv3/REAL/Real_WEB/id8_0008.mp4,real/Real_WEB,id8,,1,-5.112979412078857,5.112979412078857,0.0,126.73334503173828,30.0,0.0,0.0,0.001997246639803052,0.002669720910489559,0.0010882216738536954,0.0020502095576375723
CelebDFv3,/root/Datasets/CelebDFv3/CelebDFv3/REAL/Real_WEB/id8_0009.mp4,real/Real_WEB,id8,,1,-2.3465754985809326,2.3465754985809326,0.0,96.40963745117188,30.0,1.0,0.046875,0.0083971181884408,0.008610034361481667,0.003121070796623826,0.005880097858607769
CelebDFv3,/root/Datasets/CelebDFv3/CelebDFv3/REAL/Real_YouTube/00004.mp4,real/Real_YouTube,youtube_00004,,1,-5.467802047729492,5.467802047729492,0.0,135.5516357421875,30.0,0.0,0.0,0.005617513787001371,0.009059427306056023,0.0016041893977671862,0.0028618737123906612
CelebDFv3,/root/Datasets/CelebDFv3/CelebDFv3/REAL/Real_YouTube/00012.mp4,real/Real_YouTube,youtube_00012,,1,-1.6212823390960693,1.6212823390960693,0.0,148.97215270996094,30.0,1.0,0.03125,0.01042456179857254,0.011408958584070206,0.004861592315137386,0.008673080243170261
CelebDFv3,/root/Datasets/CelebDFv3/CelebDFv3/REAL/Real_YouTube/00020.mp4,real/Real_YouTube,youtube_00020,,1,-12.01772403717041,12.01772403717041,0.0,262.190673828125,30.0,0.0,0.0,0.002029502298682928,0.006905544549226761,0.0021303286775946617,0.0038005062378942966
CelebDFv3,/root/Datasets/CelebDFv3/CelebDFv3/REAL/Real_YouTube/00022.mp4,real/Real_YouTube,youtube_00022,,1,-10.315694808959961,10.315694808959961,0.0,161.31027221679688,30.0,0.0,0.0,0.0031647286377847195,0.005222717300057411,0.0021492554806172848,0.003834271803498268
CelebDFv3,/root/Datasets/CelebDFv3/CelebDFv3/REAL/Real_YouTube/00042.mp4,real/Real_YouTube,youtube_00042,,1,-4.276358604431152,4.276358604431152,0.0,134.14271545410156,30.0,0.0,0.0,0.008692344650626183,0.0067110005766153336,0.005348565988242626,0.00954184215515852
CelebDFv3,/root/Datasets/CelebDFv3/CelebDFv3/REAL/Real_YouTube/00051.mp4,real/Real_YouTube,youtube_00051,,1,-7.5011796951293945,7.5011796951293945,0.0,166.4942169189453,30.0,0.0,0.0,0.0029335878789424896,0.005337268114089966,0.0015154702123254538,0.0027035989332944155
CelebDFv3,/root/Datasets/CelebDFv3/CelebDFv3/REAL/Real_YouTube/00052.mp4,real/Real_YouTube,youtube_00052,,1,-4.662221908569336,4.662221908569336,0.0,244.43980407714844,30.0,0.0,0.0,0.006374209653586149,0.005172062665224075,0.001868255902081728,0.003332968568429351
CelebDFv3,/root/Datasets/CelebDFv3/CelebDFv3/REAL/Real_YouTube/00053.mp4,real/Real_YouTube,youtube_00053,,1,-7.714743137359619,7.714743137359619,0.0,116.56819915771484,30.0,1.0,0.078125,0.011774957180023193,0.017501909285783768,0.009691487066447735,0.01721208170056343
CelebDFv3,/root/Datasets/CelebDFv3/CelebDFv3/REAL/Real_YouTube/00055.mp4,real/Real_YouTube,youtube_00055,,1,-0.5038320422172546,0.5038320422172546,0.0,187.18576049804688,30.0,0.0,0.0,0.006605044007301331,0.003015863476321101,0.0028768922202289104,0.005109360441565514
CelebDFv3,/root/Datasets/CelebDFv3/CelebDFv3/REAL/Real_YouTube/00060.mp4,real/Real_YouTube,youtube_00060,,1,-3.056844472885132,3.056844472885132,0.0,224.36953735351562,30.0,0.0,0.0,0.005882790312170982,0.004674952477216721,0.003070215694606304,0.0054772645235061646
CelebDFv3,/root/Datasets/CelebDFv3/CelebDFv3/REAL/Real_YouTube/00066.mp4,real/Real_YouTube,youtube_00066,,1,-1.9475667476654053,1.9475667476654053,0.0,420.2239685058594,30.0,0.0,0.0,0.0006394843803718686,0.0012062041787430644,0.0013995966874063015,0.002496880479156971
CelebDFv3,/root/Datasets/CelebDFv3/CelebDFv3/REAL/Real_YouTube/00076.mp4,real/Real_YouTube,youtube_00076,,1,-3.6593785285949707,3.6593785285949707,0.0,117.95710754394531,30.0,0.0,0.0,0.012167923152446747,0.015163443982601166,0.0042182039469480515,0.007491530850529671
CelebDFv3,/root/Datasets/CelebDFv3/CelebDFv3/REAL/Real_YouTube/00081.mp4,real/Real_YouTube,youtube_00081,,1,-3.0235934257507324,3.0235934257507324,0.0,91.41706848144531,30.0,0.0,0.0,0.00419464660808444,0.020347721874713898,0.0039648571982979774,0.0070733060128986835
CelebDFv3,/root/Datasets/CelebDFv3/CelebDFv3/REAL/Real_YouTube/00083.mp4,real/Real_YouTube,youtube_00083,,1,-4.334672927856445,4.334672927856445,0.0,296.387451171875,30.0,0.0,0.0,0.0037089823745191097,0.005437958054244518,0.003324344754219055,0.005904036574065685
CelebDFv3,/root/Datasets/CelebDFv3/CelebDFv3/REAL/Real_YouTube/00091.mp4,real/Real_YouTube,youtube_00091,,1,-11.543750762939453,11.543750762939453,0.0,332.0040283203125,30.0,0.0,0.0,0.001000768505036831,0.0018486847402527928,0.0012844615848734975,0.00229147938080132
CelebDFv3,/root/Datasets/CelebDFv3/CelebDFv3/REAL/Real_YouTube/00113.mp4,real/Real_YouTube,youtube_00113,,1,-4.349406719207764,4.349406719207764,0.0,361.81976318359375,30.0,0.0,0.0,0.0037388347554951906,0.0034251012839376926,0.0031849155202507973,0.005681890062987804
CelebDFv3,/root/Datasets/CelebDFv3/CelebDFv3/REAL/Real_YouTube/00115.mp4,real/Real_YouTube,youtube_00115,,1,-5.0095624923706055,5.0095624923706055,0.0,135.4403533935547,30.0,0.0,0.0,0.005980919115245342,0.00744810001924634,0.003445478156208992,0.006146732252091169
CelebDFv3,/root/Datasets/CelebDFv3/CelebDFv3/REAL/Real_YouTube/00117.mp4,real/Real_YouTube,youtube_00117,,1,-5.1180596351623535,5.1180596351623535,0.0,157.21299743652344,30.0,0.0,0.0,0.011509846895933151,0.011204451322555542,0.005155107006430626,0.009196710772812366
CelebDFv3,/root/Datasets/CelebDFv3/CelebDFv3/REAL/Real_YouTube/00124.mp4,real/Real_YouTube,youtube_00124,,1,-0.9685521721839905,0.9685521721839905,0.0,494.9667663574219,30.0,1.0,0.203125,0.01475356612354517,0.038435887545347214,0.017651721835136414,0.03149067237973213
CelebDFv3,/root/Datasets/CelebDFv3/CelebDFv3/REAL/Real_YouTube/00134.mp4,real/Real_YouTube,youtube_00134,,1,0.2701190412044525,-0.2701190412044525,0.0,211.33909606933594,30.0,0.0,0.0,0.002057089935988188,0.011112838052213192,0.00451307650655508,0.008051328361034393
CelebDFv3,/root/Datasets/CelebDFv3/CelebDFv3/REAL/Real_YouTube/00135.mp4,real/Real_YouTube,youtube_00135,,1,-2.795905590057373,2.795905590057373,0.0,154.08489990234375,30.0,0.0,0.0,0.00639119790866971,0.020082863047719002,0.006277246866375208,0.011198608204722404
CelebDFv3,/root/Datasets/CelebDFv3/CelebDFv3/REAL/Real_YouTube/00155.mp4,real/Real_YouTube,youtube_00155,,1,-6.021350860595703,6.021350860595703,0.0,219.9865264892578,30.0,1.0,0.03125,0.017683569341897964,0.017426280304789543,0.018745381385087967,0.033441755920648575
CelebDFv3,/root/Datasets/CelebDFv3/CelebDFv3/REAL/Real_YouTube/00157.mp4,real/Real_YouTube,youtube_00157,,1,-11.739428520202637,11.739428520202637,0.0,352.398681640625,30.0,1.0,0.03125,0.0021175299771130085,0.0032660469878464937,0.0031853951513767242,0.005682745482772589
CelebDFv3,/root/Datasets/CelebDFv3/CelebDFv3/REAL/Real_YouTube/00170.mp4,real/Real_YouTube,youtube_00170,,1,-4.843401908874512,4.843401908874512,0.0,328.08062744140625,30.0,1.0,0.015625,0.0028144242241978645,0.0014364152448251843,0.0031233690679073334,0.005547103006392717
CelebDFv3,/root/Datasets/CelebDFv3/CelebDFv3/REAL/Real_YouTube/00176.mp4,real/Real_YouTube,youtube_00176,,1,1.1602370738983154,-1.1602370738983154,0.0,456.99285888671875,30.0,0.0,0.0,0.002976552117615938,0.005191434640437365,0.0016385484486818314,0.002923170104622841
CelebDFv3,/root/Datasets/CelebDFv3/CelebDFv3/REAL/Real_YouTube/00199.mp4,real/Real_YouTube,youtube_00199,,1,-7.1731157302856445,7.1731157302856445,0.0,223.07574462890625,30.0,0.0,0.0,0.011063450947403908,0.02653420716524124,0.017019232735037804,0.030362309888005257
CelebDFv3,/root/Datasets/CelebDFv3/CelebDFv3/REAL/Real_YouTube/00215.mp4,real/Real_YouTube,youtube_00215,,1,1.1255848407745361,-1.1255848407745361,0.0,110.68183898925781,30.0,0.0,0.0,0.005200620740652084,0.005143907852470875,0.0042810882441699505,0.007637462113052607
CelebDFv3,/root/Datasets/CelebDFv3/CelebDFv3/REAL/Real_YouTube/00220.mp4,real/Real_YouTube,youtube_00220,,1,-7.612163543701172,7.612163543701172,0.0,277.31298828125,30.0,0.0,0.0,0.030582008883357048,0.0075265392661094666,0.005455540493130684,0.00973268412053585
CelebDFv3,/root/Datasets/CelebDFv3/CelebDFv3/REAL/Real_YouTube/00223.mp4,real/Real_YouTube,youtube_00223,,1,-4.685662269592285,4.685662269592285,0.0,125.28095245361328,30.0,0.0,0.0,0.013844762928783894,0.004244388081133366,0.010605620220303535,0.018835581839084625
CelebDFv3,/root/Datasets/CelebDFv3/CelebDFv3/REAL/Real_YouTube/00228.mp4,real/Real_YouTube,youtube_00228,,1,-11.834959983825684,11.834959983825684,0.0,358.57025146484375,30.0,0.0,0.0,0.002113817958161235,0.004848120734095573,0.0020715822465717793,0.0036957026459276676
CelebDFv3,/root/Datasets/CelebDFv3/CelebDFv3/REAL/Real_YouTube/00242.mp4,real/Real_YouTube,youtube_00242,,1,-8.426616668701172,8.426616668701172,0.0,104.78652954101562,30.0,0.0,0.0,0.01579955592751503,0.013986136764287949,0.005938512273132801,0.010594304651021957
CelebDFv3,/root/Datasets/CelebDFv3/CelebDFv3/REAL/Real_YouTube/00243.mp4,real/Real_YouTube,youtube_00243,,1,-7.875420570373535,7.875420570373535,0.0,169.48045349121094,30.0,0.0,0.0,0.0037680105306208134,0.00695346063002944,0.003660790156573057,0.006530849728733301
CelebDFv3,/root/Datasets/CelebDFv3/CelebDFv3/REAL/Real_YouTube/00249.mp4,real/Real_YouTube,youtube_00249,,1,-8.523428916931152,8.523428916931152,0.0,319.03790283203125,30.0,0.0,0.0,0.004207770340144634,0.013355382718145847,0.002977243857458234,0.005287584848701954
CelebDFv3,/root/Datasets/CelebDFv3/CelebDFv3/REAL/Real_YouTube/00250.mp4,real/Real_YouTube,youtube_00250,,1,-4.401986122131348,4.401986122131348,0.0,209.78436279296875,30.0,0.0,0.0,0.012765364721417427,0.009591292589902878,0.01062401756644249,0.018881775438785553
CelebDFv3,/root/Datasets/CelebDFv3/CelebDFv3/REAL/Real_YouTube/00268.mp4,real/Real_YouTube,youtube_00268,,1,0.04919860512018204,-0.04919860512018204,0.0,108.9879150390625,30.0,0.0,0.0,0.002354657044634223,0.0023578396067023277,0.003586318576708436,0.004791321698576212
CelebDFv3,/root/Datasets/CelebDFv3/CelebDFv3/REAL/Real_YouTube/00270.mp4,real/Real_YouTube,youtube_00270,,1,-5.783198833465576,5.783198833465576,0.0,316.3266296386719,30.0,0.0,0.0,0.006942730862647295,0.003921604249626398,0.0030447845347225666,0.005467655137181282
CelebDFv3,/root/Datasets/CelebDFv3/CelebDFv3/REAL/Real_YouTube/00273.mp4,real/Real_YouTube,youtube_00273,,1,-0.13322138786315918,0.13322138786315918,0.0,161.2117462158203,30.0,0.0,0.0,0.012525498867034912,0.08424856513738632,0.0047279600985348225,0.008490209467709064
CelebDFv3,/root/Datasets/CelebDFv3/CelebDFv3/REAL/Real_YouTube/00284.mp4,real/Real_YouTube,youtube_00284,,1,-2.869415760040283,2.869415760040283,0.0,81.50656127929688,30.0,1.0,0.015625,0.03332590311765671,0.03021712601184845,0.006279090419411659,0.011244564317166805
CelebDFv3,/root/Datasets/CelebDFv3/CelebDFv3/REAL/Real_YouTube/00287.mp4,real/Real_YouTube,youtube_00287,,1,-0.651151716709137,0.651151716709137,0.0,131.8501739501953,30.0,0.0,0.0,0.004890966694802046,0.007828566245734692,0.0030947341583669186,0.00554203474894166
CelebDFv3,/root/Datasets/CelebDFv3/CelebDFv3/REAL/Real_YouTube/00290.mp4,real/Real_YouTube,youtube_00290,,1,-5.050590515136719,5.050590515136719,0.0,225.89312744140625,30.0,0.0,0.0,0.0016801488818600774,0.0029615499079227448,0.003142809495329857,0.005628127139061689
CelebDFv3,/root/Datasets/CelebDFv3/CelebDFv3/REAL/Real_YouTube/00291.mp4,real/Real_YouTube,youtube_00291,,1,-11.426346778869629,11.426346778869629,0.0,428.4906311035156,29.700000762939453,0.0,0.0,0.021364830434322357,0.02196929231286049,0.01521328091621399,0.02724386192858219
CelebDFv3,/root/Datasets/CelebDFv3/CelebDFv3/REAL/Real_YouTube/00292.mp4,real/Real_YouTube,youtube_00292,,1,-3.1720902919769287,3.1720902919769287,0.0,159.0677490234375,30.0,0.0,0.0,0.0016326187178492546,0.0015011653304100037,0.0012361042900010943,0.0022136091720312834
CelebDFv3,/root/Datasets/CelebDFv3/CelebDFv3/FAKE/FaceReenact/DaGAN/id31_id3_0000.mp4,FaceReenact/DaGAN,id31,id3,0,0.15928035974502563,-0.15928035974502563,0.0,105.963623046875,30.0,1.0,0.125,0.01082784403115511,0.014315648935735226,0.00769786024466157,0.00769786024466157
CelebDFv3,/root/Datasets/CelebDFv3/CelebDFv3/FAKE/FaceReenact/FSRT/id31_id34_0002.mp4,FaceReenact/FSRT,id31,id34,0,-0.9887621402740479,0.9887621402740479,0.0,118.00853729248047,20.0,0.0,0.0,0.020409556105732918,0.013772846199572086,0.03285417705774307,0.03285417705774307
CelebDFv3,/root/Datasets/CelebDFv3/CelebDFv3/FAKE/FaceReenact/HyperReenact/id48_id46_0001.mp4,FaceReenact/HyperReenact,id48,id46,0,-3.972459077835083,3.972459077835083,0.0,102.99239349365234,25.0,0.0,0.0,0.002414712682366371,0.0024968874640762806,0.004619601648300886,0.004619601648300886
CelebDFv3,/root/Datasets/CelebDFv3/CelebDFv3/FAKE/FaceReenact/LIA/id8_id0_0008.mp4,FaceReenact/LIA,id8,id0,0,1.9817501306533813,-1.9817501306533813,0.0,115.66506958007812,30.0,0.0,0.0,0.011441677808761597,0.010820743627846241,0.005842954386025667,0.005842954386025667
CelebDFv3,/root/Datasets/CelebDFv3/CelebDFv3/FAKE/FaceReenact/LivePortrait/id31_id38_0006.mp4,FaceReenact/LivePortrait,id31,id38,0,-15.23021411895752,15.23021411895752,0.0,252.64743041992188,30.0,1.0,0.015625,0.004295007325708866,0.0027862228453159332,0.0028529586270451546,0.005137743428349495
CelebDFv3,/root/Datasets/CelebDFv3/CelebDFv3/FAKE/FaceReenact/MCNET/id23_id3_0006.mp4,FaceReenact/MCNET,id23,id3,0,10.846240997314453,-10.846240997314453,0.0,85.0483627319336,30.0,1.0,0.25,0.01759892702102661,0.014338311739265919,0.0086046839132905,0.0086046839132905
CelebDFv3,/root/Datasets/CelebDFv3/CelebDFv3/FAKE/FaceReenact/TPSMM/id23_id31_0002.mp4,FaceReenact/TPSMM,id23,id31,0,-1.4879344701766968,1.4879344701766968,0.0,103.55032348632812,30.0,1.0,0.046875,0.012014523148536682,0.002856970066204667,0.016417121514678,0.016417121514678
CelebDFv3,/root/Datasets/CelebDFv3/CelebDFv3/FAKE/FaceSwap/BlendFace/id31_id29_0001.mp4,FaceSwap/BlendFace,id31,id29,0,3.3622517585754395,-3.3622517585754395,0.0,151.71864318847656,30.0,0.0,0.0,0.0023659381549805403,0.00285728950984776,0.0016927715623751283,0.0030484236776828766
CelebDFv3,/root/Datasets/CelebDFv3/CelebDFv3/FAKE/FaceSwap/Celeb-DF-v2/id26_id17_0005.mp4,FaceSwap/Celeb-DF-v2,id26,id17,0,-7.257173538208008,7.257173538208008,0.0,298.6412048339844,30.0,0.0,0.0,0.0021838305983692408,0.002038057893514633,0.0031484474893659353,0.003493847092613578
CelebDFv3,/root/Datasets/CelebDFv3/CelebDFv3/FAKE/FaceSwap/GHOST/id31_id3_0000.mp4,FaceSwap/GHOST,id31,id3,0,0.3560735583305359,-0.3560735583305359,0.0,120.5519790649414,30.0,0.0,0.0,0.0036088163033127785,0.006655602715909481,0.003058011643588543,0.0055070118978619576
CelebDFv3,/root/Datasets/CelebDFv3/CelebDFv3/FAKE/FaceSwap/HifiFace/id31_id33_0009.mp4,FaceSwap/HifiFace,id31,id33,0,1.498317003250122,-1.498317003250122,0.0,98.43995666503906,30.0,0.0,0.0,0.005096685606986284,0.005051967687904835,0.0028596720658242702,0.005149833392351866
CelebDFv3,/root/Datasets/CelebDFv3/CelebDFv3/FAKE/FaceSwap/InSwapper/id26_id2_0005.mp4,FaceSwap/InSwapper,id26,id2,0,-9.55417251586914,9.55417251586914,0.0,297.007568359375,30.0,0.0,0.0,0.003800536971539259,0.008642233908176422,0.0042974092066287994,0.004768854938447475
CelebDFv3,/root/Datasets/CelebDFv3/CelebDFv3/FAKE/FaceSwap/MobileFaceSwap/id54_id57_0008.mp4,FaceSwap/MobileFaceSwap,id54,id57,0,-2.0556998252868652,2.0556998252868652,0.0,115.99413299560547,30.0,0.0,0.0,0.001976095139980316,0.003452054690569639,0.0014377040788531303,0.002574633341282606
CelebDFv3,/root/Datasets/CelebDFv3/CelebDFv3/FAKE/FaceSwap/SimSwap/id23_id26_0009.mp4,FaceSwap/SimSwap,id23,id26,0,4.219515800476074,-4.219515800476074,0.0,106.43949127197266,30.0,0.0,0.0,0.0040228888392448425,0.003956751897931099,0.0031415268313139677,0.0041593811474740505
CelebDFv3,/root/Datasets/CelebDFv3/CelebDFv3/FAKE/FaceSwap/UniFace/id31_id9_0003.mp4,FaceSwap/UniFace,id31,id9,0,-5.486623764038086,5.486623764038086,0.0,111.39422607421875,30.0,0.0,0.0,0.0030188236851245165,0.0031092825811356306,0.003184166271239519,0.00573419826105237
CelebDFv3,/root/Datasets/CelebDFv3/CelebDFv3/FAKE/TalkingFace/AniTalker/id31_0008_test_id04536_OYH-6uGB6jI.mp4,TalkingFace/AniTalker,id31,,0,2.0530967712402344,-2.0530967712402344,0.0,119.04882049560547,25.0,0.0,0.0,0.006786080542951822,0.005604494828730822,0.0053332168608903885,0.0053332168608903885
CelebDFv3,/root/Datasets/CelebDFv3/CelebDFv3/FAKE/TalkingFace/EDTalk/id8_0001_test_id01989_t3crub0ikyc.mp4,TalkingFace/EDTalk,id8,,0,4.387198448181152,-4.387198448181152,0.0,270.45135498046875,25.0,0.0,0.0,0.011852696537971497,0.00861482322216034,0.006450701970607042,0.006450701970607042
CelebDFv3,/root/Datasets/CelebDFv3/CelebDFv3/FAKE/TalkingFace/EchoMimic/id48_0000_test_id00817_EPPT9urr8Ew.mp4,TalkingFace/EchoMimic,id48,,0,-0.11128991842269897,0.11128991842269897,0.0,126.25666046142578,24.0,0.0,0.0,0.00925648957490921,0.012095661833882332,0.008263380266726017,0.008263380266726017
CelebDFv3,/root/Datasets/CelebDFv3/CelebDFv3/FAKE/TalkingFace/FLOAT/id56_0002_test_id01822_jmFGgwXCuW0.mp4,TalkingFace/FLOAT,id56,,0,-1.1451911926269531,1.1451911926269531,0.0,92.32494354248047,25.0,0.0,0.0,0.022102903574705124,0.009507331997156143,0.008719238452613354,0.008719238452613354
CelebDFv3,/root/Datasets/CelebDFv3/CelebDFv3/FAKE/TalkingFace/IP_LAP/id11_0000_test_id00081_xjfPXNgzW6o.mp4,TalkingFace/IP_LAP,id11,,0,2.782290458679199,-2.782290458679199,0.0,101.0849380493164,25.0,1.0,0.015625,0.007102202158421278,0.006969684734940529,0.007253836840391159,0.007253836840391159
CelebDFv3,/root/Datasets/CelebDFv3/CelebDFv3/FAKE/TalkingFace/Real3DPortrait/id51_0000_test_id03862__FGtg4jkcME.mp4,TalkingFace/Real3DPortrait,id51,,0,6.365434646606445,-6.365434646606445,0.0,112.17581939697266,25.0,0.0,0.0,0.025198817253112793,0.009543785825371742,0.015629326924681664,0.015629326924681664
CelebDFv3,/root/Datasets/CelebDFv3/CelebDFv3/FAKE/TalkingFace/SadTalker/id11_0000_test_id08696_w3hl-OW_TVI.mp4,TalkingFace/SadTalker,id11,,0,0.2628016173839569,-0.2628016173839569,0.0,108.28101348876953,25.0,0.0,0.0,0.0017900275997817516,0.004583440721035004,0.004432023037225008,0.004432023037225008
CelebDFv3,/root/Datasets/CelebDFv3/CelebDFv3/FAKE/FaceReenact/DaGAN/id23_id0_0003.mp4,FaceReenact/DaGAN,id23,id0,0,-1.264709234237671,1.264709234237671,0.0,91.56410217285156,30.0,0.0,0.0,0.014562160708010197,0.008367296308279037,0.007977843284606934,0.007977843284606934
CelebDFv3,/root/Datasets/CelebDFv3/CelebDFv3/FAKE/FaceReenact/FSRT/id51_id54_0006.mp4,FaceReenact/FSRT,id51,id54,0,1.1679154634475708,-1.1679154634475708,0.0,114.49873352050781,20.0,0.0,0.0,0.014586448669433594,0.01125476323068142,0.014570553787052631,0.014570553787052631
CelebDFv3,/root/Datasets/CelebDFv3/CelebDFv3/FAKE/FaceReenact/HyperReenact/id31_id20_0001.mp4,FaceReenact/HyperReenact,id31,id20,0,-2.7199952602386475,2.7199952602386475,0.0,135.5744171142578,25.0,0.0,0.0,0.007240235339850187,0.00528859393671155,0.007896257564425468,0.007896257564425468
CelebDFv3,/root/Datasets/CelebDFv3/CelebDFv3/FAKE/FaceReenact/LIA/id26_id35_0001.mp4,FaceReenact/LIA,id26,id35,0,3.797241449356079,-3.797241449356079,0.0,139.18133544921875,30.0,1.0,0.265625,0.012282795272767544,0.011330015026032925,0.021901119500398636,0.021901119500398636
CelebDFv3,/root/Datasets/CelebDFv3/CelebDFv3/FAKE/FaceReenact/LivePortrait/id8_id6_0007.mp4,FaceReenact/LivePortrait,id8,id6,0,-4.854357719421387,4.854357719421387,0.0,149.90391540527344,30.0,0.0,0.0,0.00239527877420187,0.0012770297471433878,0.000977870193310082,0.0018423076253384352
CelebDFv3,/root/Datasets/CelebDFv3/CelebDFv3/FAKE/FaceReenact/MCNET/id51_id55_0000.mp4,FaceReenact/MCNET,id51,id55,0,2.943136692047119,-2.943136692047119,0.0,95.6049575805664,30.0,1.0,0.046875,0.04181228205561638,0.005855694878846407,0.023659925907850266,0.023659925907850266
CelebDFv3,/root/Datasets/CelebDFv3/CelebDFv3/FAKE/FaceReenact/TPSMM/id23_id24_0009.mp4,FaceReenact/TPSMM,id23,id24,0,5.781798839569092,-5.781798839569092,0.0,99.5218734741211,30.0,0.0,0.0,0.006184262223541737,0.005559779703617096,0.005012506619095802,0.005012506619095802
CelebDFv3,/root/Datasets/CelebDFv3/CelebDFv3/FAKE/FaceSwap/BlendFace/id51_id53_0007.mp4,FaceSwap/BlendFace,id51,id53,0,-1.541750431060791,1.541750431060791,0.0,116.86554718017578,30.0,0.0,0.0,0.003218834986910224,0.0035004462115466595,0.001916172681376338,0.003431472461670637
CelebDFv3,/root/Datasets/CelebDFv3/CelebDFv3/FAKE/FaceSwap/Celeb-DF-v2/id31_id23_0002.mp4,FaceSwap/Celeb-DF-v2,id31,id23,0,4.173736572265625,-4.173736572265625,0.0,152.9360809326172,30.0,0.0,0.0,0.021700548008084297,0.046202804893255234,0.014246415346860886,0.02565561980009079
CelebDFv3,/root/Datasets/CelebDFv3/CelebDFv3/FAKE/FaceSwap/GHOST/id26_id6_0006.mp4,FaceSwap/GHOST,id26,id6,0,-1.5335350036621094,1.5335350036621094,0.0,216.6667022705078,30.0,0.0,0.0,0.016399312764406204,0.005708168726414442,0.0040380703285336494,0.007353166583925486
CelebDFv3,/root/Datasets/CelebDFv3/CelebDFv3/FAKE/FaceSwap/HifiFace/id48_id44_0003.mp4,FaceSwap/HifiFace,id48,id44,0,-2.7235379219055176,2.7235379219055176,0.0,95.04293060302734,30.0,1.0,0.09375,0.005553733091801405,0.01846553571522236,0.009894671849906445,0.017669057473540306
CelebDFv3,/root/Datasets/CelebDFv3/CelebDFv3/FAKE/FaceSwap/InSwapper/id23_id6_0005.mp4,FaceSwap/InSwapper,id23,id6,0,2.0706584453582764,-2.0706584453582764,0.0,101.26475524902344,30.0,0.0,0.0,0.006346559152007103,0.0022351532243192196,0.002871134551241994,0.005877154879271984
CelebDFv3,/root/Datasets/CelebDFv3/CelebDFv3/FAKE/FaceSwap/MobileFaceSwap/id31_id9_0003.mp4,FaceSwap/MobileFaceSwap,id31,id9,0,-4.0171613693237305,4.0171613693237305,0.0,110.13909149169922,30.0,0.0,0.0,0.0029188301414251328,0.003166874870657921,0.002935840981081128,0.005287001375108957
CelebDFv3,/root/Datasets/CelebDFv3/CelebDFv3/FAKE/FaceSwap/SimSwap/id25_id21_0002.mp4,FaceSwap/SimSwap,id25,id21,0,1.2355605363845825,-1.2355605363845825,0.0,89.87381744384766,30.0,0.0,0.0,0.010125208646059036,0.019730981439352036,0.003341887379065156,0.0060182297602295876
CelebDFv3,/root/Datasets/CelebDFv3/CelebDFv3/FAKE/FaceSwap/UniFace/id26_id3_0006.mp4,FaceSwap/UniFace,id26,id3,0,-0.9173077344894409,0.9173077344894409,0.0,238.84483337402344,30.0,1.0,0.046875,0.016553813591599464,0.004628511145710945,0.005796333309262991,0.010554894804954529
CelebDFv3,/root/Datasets/CelebDFv3/CelebDFv3/FAKE/TalkingFace/AniTalker/id54_0006_test_id01567_vpFlNPO9OGM.mp4,TalkingFace/AniTalker,id54,,0,-0.24257677793502808,0.24257677793502808,0.0,116.7145767211914,25.0,0.0,0.0,0.008000096306204796,0.007061203941702843,0.00462702801451087,0.00462702801451087
CelebDFv3,/root/Datasets/CelebDFv3/CelebDFv3/FAKE/TalkingFace/EDTalk/id59_0001_test_id01224_6YEhQLxmUz0.mp4,TalkingFace/EDTalk,id59,,0,0.4052674174308777,-0.4052674174308777,0.0,280.5234069824219,25.0,0.0,0.0,0.015281320549547672,0.01076480746269226,0.006740775424987078,0.006740775424987078
CelebDFv3,/root/Datasets/CelebDFv3/CelebDFv3/FAKE/TalkingFace/EchoMimic/id8_0001_test_id03862_gyM9p53LGZs.mp4,TalkingFace/EchoMimic,id8,,0,-3.8540263175964355,3.8540263175964355,0.0,163.20523071289062,24.0,0.0,0.0,0.0033369073644280434,0.011464875191450119,0.006082647480070591,0.006082647480070591
CelebDFv3,/root/Datasets/CelebDFv3/CelebDFv3/FAKE/TalkingFace/FLOAT/id59_0006_test_id08701_yty4X4F1mQY.mp4,TalkingFace/FLOAT,id59,,0,5.308424472808838,-5.308424472808838,0.0,99.53787994384766,25.0,0.0,0.0,0.01957225240767002,0.016252081841230392,0.007119933143258095,0.007119933143258095
CelebDFv3,/root/Datasets/CelebDFv3/CelebDFv3/FAKE/TalkingFace/IP_LAP/id25_0008_test_id05654_kf8VbORusoE.mp4,TalkingFace/IP_LAP,id25,,0,2.309276580810547,-2.309276580810547,0.0,104.31737518310547,25.0,0.0,0.0,0.010488307103514671,0.004463477060198784,0.008410830050706863,0.008410830050706863
CelebDFv3,/root/Datasets/CelebDFv3/CelebDFv3/FAKE/TalkingFace/Real3DPortrait/id25_0006_test_id03978_ywSqMWAhPPY.mp4,TalkingFace/Real3DPortrait,id25,,0,13.897926330566406,-13.897926330566406,0.0,313.9785461425781,25.0,1.0,0.15625,0.02573402039706707,0.020899081602692604,0.03896145895123482,0.03896145895123482
CelebDFv3,/root/Datasets/CelebDFv3/CelebDFv3/FAKE/TalkingFace/SadTalker/id31_0008_test_id01509_qLxfiUMYgQg.mp4,TalkingFace/SadTalker,id31,,0,-0.7967628836631775,0.7967628836631775,0.0,124.14303588867188,25.0,0.0,0.0,0.004698322154581547,0.005339019000530243,0.011827336624264717,0.011827336624264717
CelebDFv3,/root/Datasets/CelebDFv3/CelebDFv3/FAKE/FaceReenact/DaGAN/id31_id37_0005.mp4,FaceReenact/DaGAN,id31,id37,0,-0.3728986978530884,0.3728986978530884,0.0,118.06291198730469,30.0,1.0,0.03125,0.005794234108179808,0.0051328581757843494,0.007353002671152353,0.007353002671152353
CelebDFv3,/root/Datasets/CelebDFv3/CelebDFv3/FAKE/FaceReenact/FSRT/id31_id9_0002.mp4,FaceReenact/FSRT,id31,id9,0,-1.233066201210022,1.233066201210022,0.0,126.13572692871094,20.0,0.0,0.0,0.00976062286645174,0.008878067135810852,0.012846686877310276,0.012846686877310276
CelebDFv3,/root/Datasets/CelebDFv3/CelebDFv3/FAKE/FaceReenact/HyperReenact/id23_id33_0002.mp4,FaceReenact/HyperReenact,id23,id33,0,-0.961917519569397,0.961917519569397,0.0,115.44925689697266,25.0,0.0,0.0,0.0031769571360200644,0.002113908529281616,0.005149470642209053,0.005149470642209053
CelebDFv3,/root/Datasets/CelebDFv3/CelebDFv3/FAKE/FaceReenact/LIA/id31_id26_0000.mp4,FaceReenact/LIA,id31,id26,0,-3.737846612930298,3.737846612930298,0.0,118.60955047607422,30.0,0.0,0.0,0.005441466812044382,0.0028804547619074583,0.008221561089158058,0.008221561089158058
CelebDFv3,/root/Datasets/CelebDFv3/CelebDFv3/FAKE/FaceReenact/LivePortrait/id23_id29_0001.mp4,FaceReenact/LivePortrait,id23,id29,0,-2.1176552772521973,2.1176552772521973,0.0,88.145263671875,30.0,1.0,0.171875,0.006233340594917536,0.017858225852251053,0.002522361697629094,0.004483021330088377
CelebDFv3,/root/Datasets/CelebDFv3/CelebDFv3/FAKE/FaceReenact/MCNET/id25_id19_0003.mp4,FaceReenact/MCNET,id25,id19,0,7.85532808303833,-7.85532808303833,0.0,128.27783203125,29.670000076293945,0.0,0.0,0.0044251191429793835,0.004787109326571226,0.00692136911675334,0.00692136911675334
CelebDFv3,/root/Datasets/CelebDFv3/CelebDFv3/FAKE/FaceReenact/TPSMM/id23_id22_0000.mp4,FaceReenact/TPSMM,id23,id22,0,4.263142108917236,-4.263142108917236,0.0,115.88020324707031,30.0,0.0,0.0,0.02226586453616619,0.007000862620770931,0.013554718345403671,0.013554718345403671
CelebDFv3,/root/Datasets/CelebDFv3/CelebDFv3/FAKE/FaceSwap/BlendFace/id26_id29_0009.mp4,FaceSwap/BlendFace,id26,id29,0,2.71451473236084,-2.71451473236084,0.0,184.17088317871094,30.0,0.0,0.0,0.012803986668586731,0.008966873399913311,0.004835085477679968,0.0088045010343194
CelebDFv3,/root/Datasets/CelebDFv3/CelebDFv3/FAKE/FaceSwap/Celeb-DF-v2/id31_id37_0004.mp4,FaceSwap/Celeb-DF-v2,id31,id37,0,0.5276672840118408,-0.5276672840118408,0.0,162.53118896484375,30.0,0.0,0.0,0.004967494867742062,0.003005762817338109,0.002046932466328144,0.0036862134002149105
CelebDFv3,/root/Datasets/CelebDFv3/CelebDFv3/FAKE/FaceSwap/GHOST/id23_id30_0006.mp4,FaceSwap/GHOST,id23,id30,0,4.064126968383789,-4.064126968383789,0.0,127.52151489257812,30.0,0.0,0.0,0.006328984163701534,0.003436696482822299,0.0022002081386744976,0.0029152757488191128
CelebDFv3,/root/Datasets/CelebDFv3/CelebDFv3/FAKE/FaceSwap/HifiFace/id54_id52_0001.mp4,FaceSwap/HifiFace,id54,id52,0,2.1183080673217773,-2.1183080673217773,0.0,133.09840393066406,30.0,0.0,0.0,0.004870565142482519,0.022917188704013824,0.004487963393330574,0.008037022314965725
CelebDFv3,/root/Datasets/CelebDFv3/CelebDFv3/FAKE/FaceSwap/InSwapper/id23_id34_0009.mp4,FaceSwap/InSwapper,id23,id34,0,3.3560056686401367,-3.3560056686401367,0.0,106.75424194335938,30.0,0.0,0.0,0.004109869245439768,0.004534322302788496,0.002958114957436919,0.003916543908417225
CelebDFv3,/root/Datasets/CelebDFv3/CelebDFv3/FAKE/FaceSwap/MobileFaceSwap/id23_id3_0002.mp4,FaceSwap/MobileFaceSwap,id23,id3,0,-2.299797534942627,2.299797534942627,0.0,99.10731506347656,30.0,0.0,0.0,0.00890088640153408,0.010985898785293102,0.0032489635050296783,0.005774419289082289
CelebDFv3,/root/Datasets/CelebDFv3/CelebDFv3/FAKE/FaceSwap/SimSwap/id51_id57_0007.mp4,FaceSwap/SimSwap,id51,id57,0,-3.093475341796875,3.093475341796875,0.0,129.43002319335938,30.0,0.0,0.0,0.0033548015635460615,0.003466859692707658,0.0019348617643117905,0.0034649407025426626
CelebDFv3,/root/Datasets/CelebDFv3/CelebDFv3/FAKE/FaceSwap/UniFace/id31_id28_0004.mp4,FaceSwap/UniFace,id31,id28,0,0.10214334726333618,-0.10214334726333618,0.0,166.37319946289062,30.0,0.0,0.0,0.0050417035818099976,0.0032867337577044964,0.0022137516643851995,0.003986629191786051
CelebDFv3,/root/Datasets/CelebDFv3/CelebDFv3/FAKE/TalkingFace/AniTalker/id31_0003_test_id04295_1fSjOItVYVg.mp4,TalkingFace/AniTalker,id31,,0,-4.182619094848633,4.182619094848633,0.0,138.07830810546875,25.0,0.0,0.0,0.006357278674840927,0.005245288833975792,0.006076404359191656,0.006076404359191656
CelebDFv3,/root/Datasets/CelebDFv3/CelebDFv3/FAKE/TalkingFace/EDTalk/id51_0000_test_id05124_69HB1cXEoac.mp4,TalkingFace/EDTalk,id51,,0,-1.943834900856018,1.943834900856018,0.0,97.49532318115234,25.0,0.0,0.0,0.01995626650750637,0.015117231756448746,0.012605494819581509,0.012605494819581509
CelebDFv3,/root/Datasets/CelebDFv3/CelebDFv3/FAKE/TalkingFace/EchoMimic/id54_0000_test_id08374_8V4tFXw2UxY.mp4,TalkingFace/EchoMimic,id54,,0,-3.0640649795532227,3.0640649795532227,0.0,117.95045471191406,24.0,0.0,0.0,0.006335698999464512,0.006381910294294357,0.00574744027107954,0.00574744027107954
CelebDFv3,/root/Datasets/CelebDFv3/CelebDFv3/FAKE/TalkingFace/FLOAT/id48_0002_test_id07414_hhYGsoX_H3g.mp4,TalkingFace/FLOAT,id48,,0,1.503420352935791,-1.503420352935791,0.0,106.71520233154297,25.0,0.0,0.0,0.011618904769420624,0.006160699762403965,0.010225828737020493,0.010225828737020493
CelebDFv3,/root/Datasets/CelebDFv3/CelebDFv3/FAKE/TalkingFace/IP_LAP/id8_0007_test_id05816_7jt8zGB27QQ.mp4,TalkingFace/IP_LAP,id8,,0,0.3920689821243286,-0.3920689821243286,0.0,132.19723510742188,25.0,0.0,0.0,0.016051139682531357,0.015857048332691193,0.008846848271787167,0.008846848271787167
CelebDFv3,/root/Datasets/CelebDFv3/CelebDFv3/FAKE/TalkingFace/Real3DPortrait/id23_0009_test_id07802_MtoFAMWjUxM.mp4,TalkingFace/Real3DPortrait,id23,,0,1.5290777683258057,-1.5290777683258057,0.0,144.27447509765625,25.0,1.0,0.140625,0.012267470359802246,0.009708715602755547,0.017251744866371155,0.017251744866371155
CelebDFv3,/root/Datasets/CelebDFv3/CelebDFv3/FAKE/TalkingFace/SadTalker/id56_0007_test_id07868_Lw-dcrg4BcQ.mp4,TalkingFace/SadTalker,id56,,0,-5.632779121398926,5.632779121398926,0.0,515.5408935546875,25.0,0.0,0.0,0.006040693260729313,0.007133819162845612,0.010035376995801926,0.010035376995801926
CelebDFv3,/root/Datasets/CelebDFv3/CelebDFv3/FAKE/FaceReenact/DaGAN/id54_id57_0006.mp4,FaceReenact/DaGAN,id54,id57,0,-1.540307879447937,1.540307879447937,0.0,119.48511505126953,29.920000076293945,0.0,0.0,0.004387557972222567,0.006913688499480486,0.005707879550755024,0.005707879550755024
CelebDFv3,/root/Datasets/CelebDFv3/CelebDFv3/FAKE/FaceReenact/FSRT/id31_id29_0007.mp4,FaceReenact/FSRT,id31,id29,0,4.971999168395996,-4.971999168395996,0.0,209.50497436523438,20.0,1.0,0.015625,0.01621590182185173,0.013125411234796047,0.009552809409797192,0.009552809409797192
CelebDFv3,/root/Datasets/CelebDFv3/CelebDFv3/FAKE/FaceReenact/HyperReenact/id23_id9_0000.mp4,FaceReenact/HyperReenact,id23,id9,0,6.567614555358887,-6.567614555358887,0.0,146.87355041503906,25.0,0.0,0.0,0.004778306465595961,0.002530581783503294,0.0044599538668990135,0.0044599538668990135
CelebDFv3,/root/Datasets/CelebDFv3/CelebDFv3/FAKE/FaceReenact/LIA/id23_id24_0002.mp4,FaceReenact/LIA,id23,id24,0,0.9461072683334351,-0.9461072683334351,0.0,96.10636901855469,30.0,1.0,0.3125,0.012512478046119213,0.007816408760845661,0.015682382509112358,0.015682382509112358
CelebDFv3,/root/Datasets/CelebDFv3/CelebDFv3/FAKE/FaceReenact/LivePortrait/id56_id58_0000.mp4,FaceReenact/LivePortrait,id56,id58,0,0.8541229367256165,-0.8541229367256165,0.0,100.36827087402344,30.0,0.0,0.0,0.001887036021798849,0.0022101474460214376,0.0019751060754060745,0.003537009935826063
CelebDFv3,/root/Datasets/CelebDFv3/CelebDFv3/FAKE/FaceReenact/MCNET/id54_id52_0003.mp4,FaceReenact/MCNET,id54,id52,0,5.397904396057129,-5.397904396057129,0.0,153.1326904296875,30.0,0.0,0.0,0.013349737972021103,0.007517154328525066,0.00837734155356884,0.00837734155356884
CelebDFv3,/root/Datasets/CelebDFv3/CelebDFv3/FAKE/FaceReenact/TPSMM/id31_id16_0005.mp4,FaceReenact/TPSMM,id31,id16,0,1.2938144207000732,-1.2938144207000732,0.0,112.46066284179688,30.0,1.0,0.015625,0.0105577502399683,0.005679852329194546,0.006398494355380535,0.006398494355380535
CelebDFv3,/root/Datasets/CelebDFv3/CelebDFv3/FAKE/FaceSwap/BlendFace/id31_id38_0001.mp4,FaceSwap/BlendFace,id31,id38,0,4.72083854675293,-4.72083854675293,0.0,145.95521545410156,30.0,0.0,0.0,0.002260116394609213,0.0030692904256284237,0.002117019146680832,0.0038124287966638803
CelebDFv3,/root/Datasets/CelebDFv3/CelebDFv3/FAKE/FaceSwap/Celeb-DF-v2/id56_id49_0007.mp4,FaceSwap/Celeb-DF-v2,id56,id49,0,-6.846464157104492,6.846464157104492,0.0,359.666015625,29.00001335144043,0.0,0.0,0.007239744998514652,0.006469100713729858,0.0034566677641123533,0.006190183572471142
CelebDFv3,/root/Datasets/CelebDFv3/CelebDFv3/FAKE/FaceSwap/GHOST/id59_id60_0000.mp4,FaceSwap/GHOST,id59,id60,0,-1.5184721946716309,1.5184721946716309,0.0,83.11644744873047,30.0,1.0,0.03125,0.011187506839632988,0.017272047698497772,0.006235659122467041,0.011166786774992943
CelebDFv3,/root/Datasets/CelebDFv3/CelebDFv3/FAKE/FaceSwap/HifiFace/id26_id25_0001.mp4,FaceSwap/HifiFace,id26,id25,0,0.25460270047187805,-0.25460270047187805,0.0,106.69894409179688,30.0,1.0,0.03125,0.01983422040939331,0.016089685261249542,0.00463307136669755,0.008323823101818562
CelebDFv3,/root/Datasets/CelebDFv3/CelebDFv3/FAKE/FaceSwap/InSwapper/id23_id25_0002.mp4,FaceSwap/InSwapper,id23,id25,0,-3.293874502182007,3.293874502182007,0.0,97.07174682617188,30.0,0.0,0.0,0.009940707124769688,0.011169802397489548,0.003624318167567253,0.0064415400847792625
CelebDFv3,/root/Datasets/CelebDFv3/CelebDFv3/FAKE/FaceSwap/MobileFaceSwap/id25_id27_0005.mp4,FaceSwap/MobileFaceSwap,id25,id27,0,1.3014752864837646,-1.3014752864837646,0.0,88.07862854003906,30.0,0.0,0.0,0.012311466038227081,0.003331729443743825,0.004226085729897022,0.006271510850638151
CelebDFv3,/root/Datasets/CelebDFv3/CelebDFv3/FAKE/FaceSwap/SimSwap/id26_id30_0003.mp4,FaceSwap/SimSwap,id26,id30,0,0.8582615256309509,-0.8582615256309509,0.0,357.55078125,30.0,1.0,0.015625,0.005880093201994896,0.006445565260946751,0.00179823930375278,0.003230735193938017
CelebDFv3,/root/Datasets/CelebDFv3/CelebDFv3/FAKE/FaceSwap/UniFace/id31_id33_0001.mp4,FaceSwap/UniFace,id31,id33,0,-1.340565800666809,1.340565800666809,0.0,140.52301025390625,30.0,0.0,0.0,0.0022032372653484344,0.002730829641222954,0.0018305283738300204,0.003296502400189638
CelebDFv3,/root/Datasets/CelebDFv3/CelebDFv3/FAKE/TalkingFace/AniTalker/id23_0000_test_id07802_aUfv9KTIO2E.mp4,TalkingFace/AniTalker,id23,,0,5.272860527038574,-5.272860527038574,0.0,120.65458679199219,25.0,0.0,0.0,0.006286426447331905,0.004360579419881105,0.004569049458950758,0.004569049458950758
CelebDFv3,/root/Datasets/CelebDFv3/CelebDFv3/FAKE/TalkingFace/EDTalk/id48_0005_test_id01460_t0i-doPmN9c.mp4,TalkingFace/EDTalk,id48,,0,-5.157699108123779,5.157699108123779,0.0,128.2601776123047,25.0,0.0,0.0,0.011083888821303844,0.008404538966715336,0.008829770609736443,0.008829770609736443
CelebDFv3,/root/Datasets/CelebDFv3/CelebDFv3/FAKE/TalkingFace/EchoMimic/id23_0002_test_id03347_JbbZ8at5OF8.mp4,TalkingFace/EchoMimic,id23,,0,-4.1697540283203125,4.1697540283203125,0.0,128.81101989746094,24.0,0.0,0.0,0.014210703782737255,0.012046875432133675,0.009884770959615707,0.009884770959615707
CelebDFv3,/root/Datasets/CelebDFv3/CelebDFv3/FAKE/TalkingFace/FLOAT/id11_0001_test_id04478_GZQGZOmFU5U.mp4,TalkingFace/FLOAT,id11,,0,-2.0897092819213867,2.0897092819213867,0.0,125.94377899169922,25.0,0.0,0.0,0.01141850184649229,0.007686440832912922,0.0063167838379740715,0.0063167838379740715
CelebDFv3,/root/Datasets/CelebDFv3/CelebDFv3/FAKE/TalkingFace/IP_LAP/id22_0008_test_id04478_nhLuGj0vGb8.mp4,TalkingFace/IP_LAP,id22,,0,3.0795300006866455,-3.0795300006866455,0.0,193.45196533203125,25.0,0.0,0.0,0.0067707751877605915,0.003749097930267453,0.007698062341660261,0.007698062341660261
CelebDFv3,/root/Datasets/CelebDFv3/CelebDFv3/FAKE/TalkingFace/Real3DPortrait/id11_0005_test_id04094_BNAe-NhgItg.mp4,TalkingFace/Real3DPortrait,id11,,0,-2.144169807434082,2.144169807434082,0.0,135.26844787597656,25.0,0.0,0.0,0.009212573990225792,0.004498537164181471,0.006004633381962776,0.006004633381962776
CelebDFv3,/root/Datasets/CelebDFv3/CelebDFv3/FAKE/TalkingFace/SadTalker/id48_0001_test_id01509_asrGhE2enzQ.mp4,TalkingFace/SadTalker,id48,,0,-5.910357475280762,5.910357475280762,0.0,105.97528076171875,25.0,0.0,0.0,0.0019854556303471327,0.005796018522232771,0.005282862111926079,0.005282862111926079
CelebDFv3,/root/Datasets/CelebDFv3/CelebDFv3/FAKE/FaceReenact/DaGAN/id23_id29_0006.mp4,FaceReenact/DaGAN,id23,id29,0,8.693086624145508,-8.693086624145508,0.0,105.12899780273438,30.0,0.0,0.0,0.01115951407700777,0.009472846984863281,0.005116409622132778,0.005116409622132778
CelebDFv3,/root/Datasets/CelebDFv3/CelebDFv3/FAKE/FaceReenact/FSRT/id23_id38_0001.mp4,FaceReenact/FSRT,id23,id38,0,4.419429779052734,-4.419429779052734,0.0,100.38983917236328,20.0,0.0,0.0,0.01607847772538662,0.006365658715367317,0.010498948395252228,0.010498948395252228
CelebDFv3,/root/Datasets/CelebDFv3/CelebDFv3/FAKE/FaceReenact/HyperReenact/id8_id0_0003.mp4,FaceReenact/HyperReenact,id8,id0,0,-4.2214765548706055,4.2214765548706055,0.0,153.67068481445312,25.0,1.0,0.109375,0.003383333794772625,0.00514389481395483,0.008952517062425613,0.008952517062425613
CelebDFv3,/root/Datasets/CelebDFv3/CelebDFv3/FAKE/FaceReenact/LIA/id23_id19_0002.mp4,FaceReenact/LIA,id23,id19,0,-0.44306349754333496,0.44306349754333496,0.0,101.5040512084961,30.0,1.0,0.125,0.016342513263225555,0.00821741670370102,0.02081284672021866,0.02081284672021866
CelebDFv3,/root/Datasets/CelebDFv3/CelebDFv3/FAKE/FaceReenact/LivePortrait/id56_id58_0006.mp4,FaceReenact/LivePortrait,id56,id58,0,-0.6248903274536133,0.6248903274536133,0.0,99.79803466796875,30.0,0.0,0.0,0.0016135466285049915,0.0030689348932355642,0.0011553154326975346,0.0020689330995082855
CelebDFv3,/root/Datasets/CelebDFv3/CelebDFv3/FAKE/FaceReenact/MCNET/id56_id52_0001.mp4,FaceReenact/MCNET,id56,id52,0,5.802263259887695,-5.802263259887695,0.0,68.1066665649414,30.0,1.0,0.109375,0.03392917662858963,0.02534770593047142,0.022392213344573975,0.022392213344573975
CelebDFv3,/root/Datasets/CelebDFv3/CelebDFv3/FAKE/FaceReenact/TPSMM/id23_id29_0001.mp4,FaceReenact/TPSMM,id23,id29,0,1.0335878133773804,-1.0335878133773804,0.0,79.57758331298828,30.0,1.0,0.140625,0.02017374522984028,0.007558654062449932,0.013812437653541565,0.013812437653541565
CelebDFv3,/root/Datasets/CelebDFv3/CelebDFv3/FAKE/FaceSwap/BlendFace/id56_id57_0001.mp4,FaceSwap/BlendFace,id56,id57,0,-0.32639259099960327,0.32639259099960327,0.0,109.63858795166016,30.0,0.0,0.0,0.0032511644531041384,0.009188555181026459,0.0027692303992807865,0.004959124140441418
CelebDFv3,/root/Datasets/CelebDFv3/CelebDFv3/FAKE/FaceSwap/Celeb-DF-v2/id31_id23_0009.mp4,FaceSwap/Celeb-DF-v2,id31,id23,0,1.7306336164474487,-1.7306336164474487,0.0,100.41403198242188,30.0,0.0,0.0,0.0022453488782048225,0.0038235895335674286,0.0022339890711009502,0.004023073706775904
CelebDFv3,/root/Datasets/CelebDFv3/CelebDFv3/FAKE/FaceSwap/GHOST/id31_id35_0001.mp4,FaceSwap/GHOST,id31,id35,0,1.44035005569458,-1.44035005569458,0.0,163.55374145507812,30.0,0.0,0.0,0.002466208767145872,0.003053239779546857,0.002385474741458893,0.004295876249670982
CelebDFv3,/root/Datasets/CelebDFv3/CelebDFv3/FAKE/FaceSwap/HifiFace/id23_id28_0000.mp4,FaceSwap/HifiFace,id23,id28,0,0.3619495630264282,-0.3619495630264282,0.0,98.03911590576172,30.0,0.0,0.0,0.002772832289338112,0.002255234867334366,0.0024993286933749914,0.004442083649337292
CelebDFv3,/root/Datasets/CelebDFv3/CelebDFv3/FAKE/FaceSwap/InSwapper/id31_id6_0000.mp4,FaceSwap/InSwapper,id31,id6,0,-1.2448077201843262,1.2448077201843262,0.0,112.90318298339844,30.0,0.0,0.0,0.003524585859850049,0.006372247822582722,0.002850015414878726,0.005132442805916071
CelebDFv3,/root/Datasets/CelebDFv3/CelebDFv3/FAKE/FaceSwap/MobileFaceSwap/id11_id7_0000.mp4,FaceSwap/MobileFaceSwap,id11,id7,0,-0.7010276317596436,0.7010276317596436,0.0,84.58287048339844,30.0,1.0,0.15625,0.0034953979775309563,0.003676762804389,0.003813538234680891,0.0034321839921176434
CelebDFv3,/root/Datasets/CelebDFv3/CelebDFv3/FAKE/FaceSwap/SimSwap/id48_id39_0008.mp4,FaceSwap/SimSwap,id48,id39,0,-1.1671581268310547,1.1671581268310547,0.0,132.56314086914062,30.0,0.0,0.0,0.002551571000367403,0.002384507330134511,0.001965451519936323,0.0019575897604227066
CelebDFv3,/root/Datasets/CelebDFv3/CelebDFv3/FAKE/FaceSwap/UniFace/id23_id4_0009.mp4,FaceSwap/UniFace,id23,id4,0,2.74747896194458,-2.74747896194458,0.0,108.58815002441406,30.0,0.0,0.0,0.0040290383622050285,0.004215240944176912,0.0035941782407462597,0.004758691880851984
CelebDFv3,/root/Datasets/CelebDFv3/CelebDFv3/FAKE/TalkingFace/AniTalker/id59_0005_test_id07354_bUpF2d4H3x8.mp4,TalkingFace/AniTalker,id59,,0,1.1676363945007324,-1.1676363945007324,0.0,111.55050659179688,25.0,0.0,0.0,0.004696507938206196,0.0021395564544945955,0.003795310854911804,0.003795310854911804
CelebDFv3,/root/Datasets/CelebDFv3/CelebDFv3/FAKE/TalkingFace/EDTalk/id54_0008_test_id04253_Hfwc0GtiEWs.mp4,TalkingFace/EDTalk,id54,,0,0.7899179458618164,-0.7899179458618164,0.0,120.62848663330078,25.0,0.0,0.0,0.013186716474592686,0.010564098134636879,0.007958386093378067,0.007958386093378067
CelebDFv3,/root/Datasets/CelebDFv3/CelebDFv3/FAKE/TalkingFace/EchoMimic/id31_0005_test_id07620_l63wBe6oNrw.mp4,TalkingFace/EchoMimic,id31,,0,2.948350429534912,-2.948350429534912,0.0,165.48667907714844,24.0,0.0,0.0,0.005951680243015289,0.00698050856590271,0.006459895055741072,0.006459895055741072
CelebDFv3,/root/Datasets/CelebDFv3/CelebDFv3/FAKE/TalkingFace/FLOAT/id22_0008_test_id07396_6bbb_NOpqGY.mp4,TalkingFace/FLOAT,id22,,0,4.080898284912109,-4.080898284912109,0.0,156.49169921875,25.0,0.0,0.0,0.015266994014382362,0.014846757054328918,0.006980727426707745,0.006980727426707745
CelebDFv3,/root/Datasets/CelebDFv3/CelebDFv3/FAKE/TalkingFace/IP_LAP/id25_0008_test_id04656_XYhEWblIfto.mp4,TalkingFace/IP_LAP,id25,,0,2.633700370788574,-2.633700370788574,0.0,101.92245483398438,25.0,0.0,0.0,0.013854781165719032,0.011361608281731606,0.007386383600533009,0.007386383600533009
CelebDFv3,/root/Datasets/CelebDFv3/CelebDFv3/FAKE/TalkingFace/Real3DPortrait/id56_0008_test_id05124_ksBpd5sIcA4.mp4,TalkingFace/Real3DPortrait,id56,,0,9.444208145141602,-9.444208145141602,0.0,108.22517395019531,25.0,0.0,0.0,0.010915440507233143,0.004184894263744354,0.006931924261152744,0.006931924261152744
CelebDFv3,/root/Datasets/CelebDFv3/CelebDFv3/FAKE/TalkingFace/SadTalker/id56_0009_test_id06104_I5L50wxtK8Q.mp4,TalkingFace/SadTalker,id56,,0,9.462496757507324,-9.462496757507324,0.0,138.159423828125,25.0,0.0,0.0,0.002699689008295536,0.0043564774096012115,0.00865403562784195,0.00865403562784195
CelebDFv3,/root/Datasets/CelebDFv3/CelebDFv3/FAKE/FaceReenact/DaGAN/id26_id28_0004.mp4,FaceReenact/DaGAN,id26,id28,0,-1.554375410079956,1.554375410079956,0.0,105.08747100830078,30.0,0.0,0.0,0.006353226490318775,0.005008681211620569,0.0042002638801932335,0.0042002638801932335
CelebDFv3,/root/Datasets/CelebDFv3/CelebDFv3/FAKE/FaceReenact/FSRT/id26_id3_0003.mp4,FaceReenact/FSRT,id26,id3,0,2.3003435134887695,-2.3003435134887695,0.0,334.2238464355469,20.0,0.0,0.0,0.013101700693368912,0.010456832125782967,0.005383117590099573,0.005383117590099573
CelebDFv3,/root/Datasets/CelebDFv3/CelebDFv3/FAKE/FaceReenact/HyperReenact/id26_id17_0006.mp4,FaceReenact/HyperReenact,id26,id17,0,1.8130662441253662,-1.8130662441253662,0.0,156.7406463623047,25.0,0.0,0.0,0.005316543392837048,0.005628655664622784,0.005761016625910997,0.005761016625910997
CelebDFv3,/root/Datasets/CelebDFv3/CelebDFv3/FAKE/FaceReenact/LIA/id23_id38_0000.mp4,FaceReenact/LIA,id23,id38,0,4.6163716316223145,-4.6163716316223145,0.0,98.69788360595703,30.0,1.0,0.25,0.010311837308108807,0.003005632432177663,0.003210555762052536,0.003210555762052536
CelebDFv3,/root/Datasets/CelebDFv3/CelebDFv3/FAKE/FaceReenact/LivePortrait/id48_id46_0009.mp4,FaceReenact/LivePortrait,id48,id46,0,-0.8070924878120422,0.8070924878120422,0.0,108.8741226196289,30.0,0.0,0.0,0.0030014158692210913,0.0037870407104492188,0.0022722575813531876,0.004063104745000601
CelebDFv3,/root/Datasets/CelebDFv3/CelebDFv3/FAKE/FaceReenact/MCNET/id23_id25_0007.mp4,FaceReenact/MCNET,id23,id25,0,5.753547668457031,-5.753547668457031,0.0,99.67135620117188,30.0,1.0,0.15625,0.010573159903287888,0.006237401627004147,0.008003585040569305,0.008003585040569305
CelebDFv3,/root/Datasets/CelebDFv3/CelebDFv3/FAKE/FaceReenact/TPSMM/id23_id24_0002.mp4,FaceReenact/TPSMM,id23,id24,0,2.048579216003418,-2.048579216003418,0.0,88.88365173339844,30.0,0.0,0.0,0.020397409796714783,0.004540256690233946,0.0200312752276659,0.0200312752276659
CelebDFv3,/root/Datasets/CelebDFv3/CelebDFv3/FAKE/FaceSwap/BlendFace/id51_id55_0006.mp4,FaceSwap/BlendFace,id51,id55,0,-2.9390926361083984,2.9390926361083984,0.0,140.72462463378906,29.900009155273438,0.0,0.0,0.002535096136853099,0.024095356464385986,0.003538652556017041,0.006337000988423824
CelebDFv3,/root/Datasets/CelebDFv3/CelebDFv3/FAKE/FaceSwap/Celeb-DF-v2/id23_id29_0001.mp4,FaceSwap/Celeb-DF-v2,id23,id29,0,-0.16205812990665436,0.16205812990665436,0.0,108.72058868408203,30.0,0.0,0.0,0.002255332190543413,0.0036207614466547966,0.0014071300392970443,0.002500907750800252
CelebDFv3,/root/Datasets/CelebDFv3/CelebDFv3/FAKE/FaceSwap/GHOST/id56_id58_0001.mp4,FaceSwap/GHOST,id56,id58,0,1.102846622467041,-1.102846622467041,0.0,101.92964935302734,30.0,0.0,0.0,0.0033418273087590933,0.009925151243805885,0.002476201392710209,0.004434369038790464
CelebDFv3,/root/Datasets/CelebDFv3/CelebDFv3/FAKE/FaceSwap/HifiFace/id23_id28_0006.mp4,FaceSwap/HifiFace,id23,id28,0,2.4230780601501465,-2.4230780601501465,0.0,129.76527404785156,30.0,0.0,0.0,0.00632981164380908,0.0035070725716650486,0.0019634533673524857,0.0026015760377049446
CelebDFv3,/root/Datasets/CelebDFv3/CelebDFv3/FAKE/FaceSwap/InSwapper/id48_id40_0003.mp4,FaceSwap/InSwapper,id48,id40,0,-3.5899977684020996,3.5899977684020996,0.0,91.32012939453125,30.0,1.0,0.078125,0.006457519251853228,0.02816803753376007,0.013250966556370258,0.023662440478801727
CelebDFv3,/root/Datasets/CelebDFv3/CelebDFv3/FAKE/FaceSwap/MobileFaceSwap/id22_id28_0005.mp4,FaceSwap/MobileFaceSwap,id22,id28,0,-1.4022905826568604,1.4022905826568604,0.0,126.12271881103516,30.0,0.0,0.0,0.0026770958211272955,0.0020614422392100096,0.0013247617753222585,0.002354513620957732
CelebDFv3,/root/Datasets/CelebDFv3/CelebDFv3/FAKE/FaceSwap/SimSwap/id11_id7_0008.mp4,FaceSwap/SimSwap,id11,id7,0,-0.7578192949295044,0.7578192949295044,0.0,94.66905975341797,30.0,0.0,0.0,0.009940466843545437,0.04800548404455185,0.029894277453422546,0.05679912865161896
CelebDFv3,/root/Datasets/CelebDFv3/CelebDFv3/FAKE/FaceSwap/UniFace/id25_id23_0005.mp4,FaceSwap/UniFace,id25,id23,0,-0.3453236222267151,0.3453236222267151,0.0,85.8907241821289,30.0,0.0,0.0,0.012160266749560833,0.0034600833896547556,0.0044563524425029755,0.0066132270731031895
CelebDFv3,/root/Datasets/CelebDFv3/CelebDFv3/FAKE/TalkingFace/AniTalker/id31_0004_test_id06310_ZOOU1l7bMxc.mp4,TalkingFace/AniTalker,id31,,0,3.178541421890259,-3.178541421890259,0.0,205.7806854248047,25.0,0.0,0.0,0.006386006250977516,0.005800670012831688,0.005513457115739584,0.005513457115739584
CelebDFv3,/root/Datasets/CelebDFv3/CelebDFv3/FAKE/TalkingFace/EDTalk/id26_0005_test_id01000_yCKyUiCDAWQ.mp4,TalkingFace/EDTalk,id26,,0,2.581392526626587,-2.581392526626587,0.0,219.97433471679688,25.0,0.0,0.0,0.012118867598474026,0.011602779850363731,0.004765617661178112,0.004765617661178112
CelebDFv3,/root/Datasets/CelebDFv3/CelebDFv3/FAKE/TalkingFace/EchoMimic/id23_0003_test_id01822_8-_EsFkEThc.mp4,TalkingFace/EchoMimic,id23,,0,-2.699751377105713,2.699751377105713,0.0,117.42713928222656,24.0,0.0,0.0,0.0046562268398702145,0.0038946939166635275,0.003148913150653243,0.003148913150653243
CelebDFv3,/root/Datasets/CelebDFv3/CelebDFv3/FAKE/TalkingFace/FLOAT/id56_0000_test_id06692_EC9TCRJkBhI.mp4,TalkingFace/FLOAT,id56,,0,0.20788566768169403,-0.20788566768169403,0.0,100.03971862792969,25.0,0.0,0.0,0.012613160535693169,0.011383427307009697,0.008781850337982178,0.008781850337982178
CelebDFv3,/root/Datasets/CelebDFv3/CelebDFv3/FAKE/TalkingFace/IP_LAP/id23_0006_test_id09017_W9dkqIcvdBg.mp4,TalkingFace/IP_LAP,id23,,0,6.538945198059082,-6.538945198059082,0.0,121.30652618408203,25.0,0.0,0.0,0.021783098578453064,0.009812742471694946,0.006548319477587938,0.006548319477587938
CelebDFv3,/root/Datasets/CelebDFv3/CelebDFv3/FAKE/TalkingFace/Real3DPortrait/id56_0003_test_id04862_GaEmvf_9c3Q.mp4,TalkingFace/Real3DPortrait,id56,,0,-1.7430883646011353,1.7430883646011353,0.0,93.96561431884766,25.0,0.0,0.0,0.013233469799160957,0.003925628028810024,0.0040386272594332695,0.0040386272594332695
CelebDFv3,/root/Datasets/CelebDFv3/CelebDFv3/FAKE/TalkingFace/SadTalker/id56_0008_test_id05124_ksBpd5sIcA4.mp4,TalkingFace/SadTalker,id56,,0,0.6733841896057129,-0.6733841896057129,0.0,112.11006164550781,25.0,0.0,0.0,0.002415448660030961,0.0040128170512616634,0.004760333336889744,0.004760333336889744
CelebDFv3,/root/Datasets/CelebDFv3/CelebDFv3/FAKE/FaceReenact/DaGAN/id23_id19_0000.mp4,FaceReenact/DaGAN,id23,id19,0,1.1861696243286133,-1.1861696243286133,0.0,106.29048156738281,29.829999923706055,1.0,0.078125,0.01671692356467247,0.010940233245491982,0.010613368824124336,0.010613368824124336
CelebDFv3,/root/Datasets/CelebDFv3/CelebDFv3/FAKE/FaceReenact/FSRT/id22_id25_0006.mp4,FaceReenact/FSRT,id22,id25,0,7.757882595062256,-7.757882595062256,0.0,133.96522521972656,20.0,0.0,0.0,0.0021900839637964964,0.0043152086436748505,0.004413517192006111,0.004413517192006111
CelebDFv3,/root/Datasets/CelebDFv3/CelebDFv3/FAKE/FaceReenact/HyperReenact/id31_id29_0000.mp4,FaceReenact/HyperReenact,id31,id29,0,-4.904947280883789,4.904947280883789,0.0,118.77587127685547,25.0,0.0,0.0,0.0046453396789729595,0.004479528404772282,0.0071534812450408936,0.0071534812450408936
CelebDFv3,/root/Datasets/CelebDFv3/CelebDFv3/FAKE/FaceReenact/LIA/id22_id24_0003.mp4,FaceReenact/LIA,id22,id24,0,4.449277877807617,-4.449277877807617,0.0,207.28414916992188,30.0,1.0,0.125,0.011190291494131088,0.009457938373088837,0.015689965337514877,0.015689965337514877
CelebDFv3,/root/Datasets/CelebDFv3/CelebDFv3/FAKE/FaceReenact/LivePortrait/id54_id53_0001.mp4,FaceReenact/LivePortrait,id54,id53,0,1.4544882774353027,-1.4544882774353027,0.0,248.5327606201172,30.0,0.0,0.0,0.00045245938235893846,0.0005796481273137033,0.00036749435821548104,0.0006581071065738797
CelebDFv3,/root/Datasets/CelebDFv3/CelebDFv3/FAKE/FaceReenact/MCNET/id23_id2_0005.mp4,FaceReenact/MCNET,id23,id2,0,6.3022918701171875,-6.3022918701171875,0.0,92.98482513427734,30.0,0.0,0.0,0.006271757651120424,0.005441552959382534,0.004493028856813908,0.004493028856813908
CelebDFv3,/root/Datasets/CelebDFv3/CelebDFv3/FAKE/FaceReenact/TPSMM/id31_id4_0001.mp4,FaceReenact/TPSMM,id31,id4,0,4.49639368057251,-4.49639368057251,0.0,127.57001495361328,30.0,0.0,0.0,0.021758396178483963,0.007023290731012821,0.008873743005096912,0.008873743005096912
CelebDFv3,/root/Datasets/CelebDFv3/CelebDFv3/FAKE/FaceSwap/BlendFace/id51_id49_0004.mp4,FaceSwap/BlendFace,id51,id49,0,-5.055483818054199,5.055483818054199,0.0,104.3394546508789,29.0,1.0,0.1875,0.007324586156755686,0.0116396714001894,0.005820044316351414,0.010422506369650364
CelebDFv3,/root/Datasets/CelebDFv3/CelebDFv3/FAKE/FaceSwap/Celeb-DF-v2/id51_id56_0002.mp4,FaceSwap/Celeb-DF-v2,id51,id56,0,-3.5272345542907715,3.5272345542907715,0.0,74.512939453125,30.0,0.0,0.0,0.004982303362339735,0.009972543455660343,0.0035317654255777597,0.0063246674835681915
CelebDFv3,/root/Datasets/CelebDFv3/CelebDFv3/FAKE/FaceSwap/GHOST/id56_id52_0001.mp4,FaceSwap/GHOST,id56,id52,0,-2.6341915130615234,2.6341915130615234,0.0,106.87501525878906,30.0,0.0,0.0,0.004586433991789818,0.010248156264424324,0.003240891033783555,0.00580377085134387
CelebDFv3,/root/Datasets/CelebDFv3/CelebDFv3/FAKE/FaceSwap/HifiFace/id25_id26_0004.mp4,FaceSwap/HifiFace,id25,id26,0,-4.208738803863525,4.208738803863525,0.0,112.91423034667969,30.0,0.0,0.0,0.008099764585494995,0.007382131181657314,0.004084195476025343,0.007355013396590948
CelebDFv3,/root/Datasets/CelebDFv3/CelebDFv3/FAKE/FaceSwap/InSwapper/id26_id34_0003.mp4,FaceSwap/InSwapper,id26,id34,0,0.5705180168151855,-0.5705180168151855,0.0,346.8659362792969,30.0,0.0,0.0,0.006187021732330322,0.006276261061429977,0.0019283222500234842,0.0034644431434571743
CelebDFv3,/root/Datasets/CelebDFv3/CelebDFv3/FAKE/FaceSwap/MobileFaceSwap/id23_id29_0002.mp4,FaceSwap/MobileFaceSwap,id23,id29,0,-1.7018530368804932,1.7018530368804932,0.0,99.26949310302734,30.0,0.0,0.0,0.009745180606842041,0.011035310104489326,0.004151121247559786,0.007377833127975464
CelebDFv3,/root/Datasets/CelebDFv3/CelebDFv3/FAKE/FaceSwap/SimSwap/id23_id27_0000.mp4,FaceSwap/SimSwap,id23,id27,0,3.017118453979492,-3.017118453979492,0.0,106.51778411865234,30.0,0.0,0.0,0.0016921708593145013,0.001853046240285039,0.0011458462104201317,0.002036524936556816
CelebDFv3,/root/Datasets/CelebDFv3/CelebDFv3/FAKE/FaceSwap/UniFace/id25_id20_0005.mp4,FaceSwap/UniFace,id25,id20,0,-0.007707178592681885,0.007707178592681885,0.0,84.66658020019531,30.0,0.0,0.0,0.012178327888250351,0.0032269954681396484,0.004202844109386206,0.006237019784748554
CelebDFv3,/root/Datasets/CelebDFv3/CelebDFv3/FAKE/TalkingFace/AniTalker/id59_0003_test_id03347__NVxlFSjV0I.mp4,TalkingFace/AniTalker,id59,,0,3.0160269737243652,-3.0160269737243652,0.0,290.4599914550781,25.0,0.0,0.0,0.009354003705084324,0.006061832886189222,0.0033588798251003027,0.0033588798251003027
CelebDFv3,/root/Datasets/CelebDFv3/CelebDFv3/FAKE/TalkingFace/EDTalk/id56_0004_test_id09017_oF8cALd6lU0.mp4,TalkingFace/EDTalk,id56,,0,1.6373662948608398,-1.6373662948608398,0.0,96.23876953125,25.0,0.0,0.0,0.010396253317594528,0.009104574099183083,0.006752784363925457,0.006752784363925457
CelebDFv3,/root/Datasets/CelebDFv3/CelebDFv3/FAKE/TalkingFace/EchoMimic/id31_0007_test_id03978_ywSqMWAhPPY.mp4,TalkingFace/EchoMimic,id31,,0,-7.968981742858887,7.968981742858887,0.0,338.3292236328125,24.0,0.0,0.0,0.011094841174781322,0.007783080451190472,0.012264654040336609,0.012264654040336609
CelebDFv3,/root/Datasets/CelebDFv3/CelebDFv3/FAKE/TalkingFace/FLOAT/id59_0000_test_id04627_IjO3LUCaYLE.mp4,TalkingFace/FLOAT,id59,,0,2.218611001968384,-2.218611001968384,0.0,109.67503356933594,25.0,0.0,0.0,0.0077040232717990875,0.010757075622677803,0.007377432659268379,0.007377432659268379
CelebDFv3,/root/Datasets/CelebDFv3/CelebDFv3/FAKE/TalkingFace/IP_LAP/id59_0004_test_id04232_AB9fk1MH2rA.mp4,TalkingFace/IP_LAP,id59,,0,-9.709847450256348,9.709847450256348,0.0,228.05332946777344,25.0,0.0,0.0,0.019535930827260017,0.007177033461630344,0.00681865680962801,0.00681865680962801
CelebDFv3,/root/Datasets/CelebDFv3/CelebDFv3/FAKE/TalkingFace/Real3DPortrait/id31_0006_test_id05015_dlb6GaUPRuk.mp4,TalkingFace/Real3DPortrait,id31,,0,-2.304413318634033,2.304413318634033,0.0,187.6491241455078,25.0,1.0,0.40625,0.0068621947430074215,0.003594218986108899,0.009292290546000004,0.009292290546000004
CelebDFv3,/root/Datasets/CelebDFv3/CelebDFv3/FAKE/TalkingFace/SadTalker/id31_0003_test_id01333_gujKn7v2CJg.mp4,TalkingFace/SadTalker,id31,,0,-4.167261123657227,4.167261123657227,0.0,133.05624389648438,25.0,0.0,0.0,0.0022375695407390594,0.008676066063344479,0.010775049217045307,0.010775049217045307
CelebDFv3,/root/Datasets/CelebDFv3/CelebDFv3/FAKE/FaceReenact/DaGAN/id56_id50_0002.mp4,FaceReenact/DaGAN,id56,id50,0,-2.202749013900757,2.202749013900757,0.0,100.18111419677734,30.0,0.0,0.0,0.007308390457183123,0.0019367205677554011,0.005629944149404764,0.005629944149404764
CelebDFv3,/root/Datasets/CelebDFv3/CelebDFv3/FAKE/FaceReenact/FSRT/id11_id7_0000.mp4,FaceReenact/FSRT,id11,id7,0,4.546135425567627,-4.546135425567627,0.0,93.73404693603516,20.0,1.0,0.03125,0.012588913552463055,0.004809524863958359,0.008130492642521858,0.008130492642521858
CelebDFv3,/root/Datasets/CelebDFv3/CelebDFv3/FAKE/FaceReenact/HyperReenact/id23_id26_0009.mp4,FaceReenact/HyperReenact,id23,id26,0,2.9630839824676514,-2.9630839824676514,0.0,109.55128479003906,25.0,0.0,0.0,0.006877534091472626,0.003496771678328514,0.005978728178888559,0.005978728178888559
CelebDFv3,/root/Datasets/CelebDFv3/CelebDFv3/FAKE/FaceReenact/LIA/id23_id24_0009.mp4,FaceReenact/LIA,id23,id24,0,6.301592826843262,-6.301592826843262,0.0,116.51451873779297,30.0,0.0,0.0,0.00782360415905714,0.00642014155164361,0.010414013639092445,0.010414013639092445
CelebDFv3,/root/Datasets/CelebDFv3/CelebDFv3/FAKE/FaceReenact/LivePortrait/id51_id49_0004.mp4,FaceReenact/LivePortrait,id51,id49,0,-2.5365636348724365,2.5365636348724365,0.0,87.3384780883789,30.0,1.0,0.515625,0.007875479757785797,0.014527097344398499,0.008805540390312672,0.01576891541481018
CelebDFv3,/root/Datasets/CelebDFv3/CelebDFv3/FAKE/FaceReenact/MCNET/id59_id60_0007.mp4,FaceReenact/MCNET,id59,id60,0,-1.9465899467468262,1.9465899467468262,0.0,109.70912170410156,30.0,1.0,0.109375,0.021942265331745148,0.01683683693408966,0.022784559056162834,0.022784559056162834
CelebDFv3,/root/Datasets/CelebDFv3/CelebDFv3/FAKE/FaceReenact/TPSMM/id54_id49_0009.mp4,FaceReenact/TPSMM,id54,id49,0,5.300018310546875,-5.300018310546875,0.0,87.6009292602539,30.0,1.0,0.078125,0.006802965886890888,0.004287483636289835,0.006615830585360527,0.006615830585360527
CelebDFv3,/root/Datasets/CelebDFv3/CelebDFv3/FAKE/FaceSwap/BlendFace/id31_id6_0004.mp4,FaceSwap/BlendFace,id31,id6,0,2.1295690536499023,-2.1295690536499023,0.0,160.8032989501953,30.0,0.0,0.0,0.004981665872037411,0.0032154980581253767,0.0019840500317513943,0.0035729710943996906
CelebDFv3,/root/Datasets/CelebDFv3/CelebDFv3/FAKE/FaceSwap/Celeb-DF-v2/id26_id6_0006.mp4,FaceSwap/Celeb-DF-v2,id26,id6,0,0.507507860660553,-0.507507860660553,0.0,235.0871124267578,30.0,1.0,0.03125,0.015325766056776047,0.004941513296216726,0.004892868455499411,0.008909719064831734
CelebDFv3,/root/Datasets/CelebDFv3/CelebDFv3/FAKE/FaceSwap/GHOST/id31_id23_0000.mp4,FaceSwap/GHOST,id31,id23,0,1.1095136404037476,-1.1095136404037476,0.0,124.29037475585938,30.0,0.0,0.0,0.0034002589527517557,0.006526649929583073,0.002783416537567973,0.0050125084817409515
CelebDFv3,/root/Datasets/CelebDFv3/CelebDFv3/FAKE/FaceSwap/HifiFace/id48_id45_0002.mp4,FaceSwap/HifiFace,id48,id45,0,-0.025517970323562622,0.025517970323562622,0.0,108.3374252319336,30.0,0.0,0.0,0.002781424205750227,0.0042639439925551414,0.0020046343561261892,0.003579704323783517
CelebDFv3,/root/Datasets/CelebDFv3/CelebDFv3/FAKE/FaceSwap/InSwapper/id8_id2_0003.mp4,FaceSwap/InSwapper,id8,id2,0,-4.1647114753723145,4.1647114753723145,0.0,134.720947265625,30.0,0.0,0.0,0.0026604286395013332,0.010111507959663868,0.0026284095365554094,0.004951923619955778
CelebDFv3,/root/Datasets/CelebDFv3/CelebDFv3/FAKE/FaceSwap/MobileFaceSwap/id31_id28_0004.mp4,FaceSwap/MobileFaceSwap,id31,id28,0,0.19067078828811646,-0.19067078828811646,0.0,171.78639221191406,30.0,0.0,0.0,0.005083159543573856,0.0030715882312506437,0.0027073181699961424,0.004875467158854008
CelebDFv3,/root/Datasets/CelebDFv3/CelebDFv3/FAKE/FaceSwap/SimSwap/id56_id58_0000.mp4,FaceSwap/SimSwap,id56,id58,0,-0.3000640273094177,0.3000640273094177,0.0,90.43347930908203,30.0,0.0,0.0,0.002814331790432334,0.004802027717232704,0.0022447567898780107,0.004019899293780327
CelebDFv3,/root/Datasets/CelebDFv3/CelebDFv3/FAKE/FaceSwap/UniFace/id23_id1_0002.mp4,FaceSwap/UniFace,id23,id1,0,-3.8483333587646484,3.8483333587646484,0.0,98.33482360839844,30.0,0.0,0.0,0.009082674980163574,0.011064551770687103,0.0036183802876621485,0.006430987734347582
CelebDFv3,/root/Datasets/CelebDFv3/CelebDFv3/FAKE/TalkingFace/AniTalker/id11_0005_test_id02465_PhHBC9xmnUQ.mp4,TalkingFace/AniTalker,id11,,0,-4.123851299285889,4.123851299285889,0.0,129.2295379638672,25.0,0.0,0.0,0.0034257739316672087,0.0023485952988266945,0.00616371538490057,0.00616371538490057
CelebDFv3,/root/Datasets/CelebDFv3/CelebDFv3/FAKE/TalkingFace/EDTalk/id26_0004_test_id01333_SwmQTyhzge8.mp4,TalkingFace/EDTalk,id26,,0,-0.7187868356704712,0.7187868356704712,0.0,107.92902374267578,25.0,0.0,0.0,0.009913098067045212,0.009895841591060162,0.005874789785593748,0.005874789785593748
CelebDFv3,/root/Datasets/CelebDFv3/CelebDFv3/FAKE/TalkingFace/EchoMimic/id48_0008_test_id06913_CFoP6f5lk7M.mp4,TalkingFace/EchoMimic,id48,,0,-6.950712203979492,6.950712203979492,0.0,185.52137756347656,24.0,0.0,0.0,0.007760611362755299,0.01104914303869009,0.009448015131056309,0.009448015131056309
CelebDFv3,/root/Datasets/CelebDFv3/CelebDFv3/FAKE/TalkingFace/FLOAT/id11_0001_test_id04950_XJS6SLQuCNM.mp4,TalkingFace/FLOAT,id11,,0,-0.9714891910552979,0.9714891910552979,0.0,122.31503295898438,25.0,0.0,0.0,0.00914701260626316,0.008600523695349693,0.006942347623407841,0.006942347623407841
CelebDFv3,/root/Datasets/CelebDFv3/CelebDFv3/FAKE/TalkingFace/IP_LAP/id59_0004_test_id01509_asrGhE2enzQ.mp4,TalkingFace/IP_LAP,id59,,0,-8.296405792236328,8.296405792236328,0.0,192.0687255859375,25.0,0.0,0.0,0.014008201658725739,0.00858496967703104,0.006645841058343649,0.006645841058343649
CelebDFv3,/root/Datasets/CelebDFv3/CelebDFv3/FAKE/TalkingFace/Real3DPortrait/id54_0008_test_id01437_p9H07e_p8go.mp4,TalkingFace/Real3DPortrait,id54,,0,5.777825355529785,-5.777825355529785,0.0,123.36471557617188,25.0,0.0,0.0,0.011699068360030651,0.005522892344743013,0.004272367339581251,0.004272367339581251
CelebDFv3,/root/Datasets/CelebDFv3/CelebDFv3/FAKE/TalkingFace/SadTalker/id22_0003_test_id07414_CXf8FTugLiM.mp4,TalkingFace/SadTalker,id22,,0,0.14692342281341553,-0.14692342281341553,0.0,192.7640838623047,25.0,1.0,0.75,0.001985926181077957,0.0023265876807272434,0.004604764748364687,0.004604764748364687
CelebDFv3,/root/Datasets/CelebDFv3/CelebDFv3/FAKE/FaceReenact/DaGAN/id51_id50_0007.mp4,FaceReenact/DaGAN,id51,id50,0,-2.1752982139587402,2.1752982139587402,0.0,128.95677185058594,30.0,0.0,0.0,0.007463415153324604,0.004963180050253868,0.00719838123768568,0.00719838123768568
CelebDFv3,/root/Datasets/CelebDFv3/CelebDFv3/FAKE/FaceReenact/FSRT/id51_id58_0002.mp4,FaceReenact/FSRT,id51,id58,0,4.195215225219727,-4.195215225219727,0.0,98.34030151367188,20.0,0.0,0.0,0.010414759628474712,0.007049856707453728,0.009142492897808552,0.009142492897808552
CelebDFv3,/root/Datasets/CelebDFv3/CelebDFv3/FAKE/FaceReenact/HyperReenact/id8_id7_0008.mp4,FaceReenact/HyperReenact,id8,id7,0,0.46138501167297363,-0.46138501167297363,0.0,191.45191955566406,25.0,0.0,0.0,0.004498137626796961,0.0027759706135839224,0.008374247699975967,0.008374247699975967
CelebDFv3,/root/Datasets/CelebDFv3/CelebDFv3/FAKE/FaceReenact/LIA/id26_id28_0002.mp4,FaceReenact/LIA,id26,id28,0,2.37119197845459,-2.37119197845459,0.0,98.80636596679688,30.0,1.0,0.046875,0.007557588629424572,0.007570907473564148,0.008823076263070107,0.008823076263070107
CelebDFv3,/root/Datasets/CelebDFv3/CelebDFv3/FAKE/FaceReenact/LivePortrait/id23_id2_0006.mp4,FaceReenact/LivePortrait,id23,id2,0,3.7993733882904053,-3.7993733882904053,0.0,128.7111358642578,30.0,1.0,0.09375,0.008697589859366417,0.0029116994701325893,0.004934975877404213,0.0065388428047299385
CelebDFv3,/root/Datasets/CelebDFv3/CelebDFv3/FAKE/FaceReenact/MCNET/id23_id1_0007.mp4,FaceReenact/MCNET,id23,id1,0,9.947195053100586,-9.947195053100586,0.0,172.43629455566406,30.0,0.0,0.0,0.002417027484625578,0.001080247457139194,0.003248602617532015,0.003248602617532015
CelebDFv3,/root/Datasets/CelebDFv3/CelebDFv3/FAKE/FaceReenact/TPSMM/id51_id57_0007.mp4,FaceReenact/TPSMM,id51,id57,0,-1.536423683166504,1.536423683166504,0.0,121.33364868164062,30.0,0.0,0.0,0.003910563886165619,0.005640397313982248,0.004276042804121971,0.004276042804121971
CelebDFv3,/root/Datasets/CelebDFv3/CelebDFv3/FAKE/FaceSwap/BlendFace/id51_id50_0008.mp4,FaceSwap/BlendFace,id51,id50,0,-1.8876863718032837,1.8876863718032837,0.0,100.62950897216797,30.0,0.0,0.0,0.00374752189964056,0.006203935481607914,0.004097433760762215,0.007337664719671011
CelebDFv3,/root/Datasets/CelebDFv3/CelebDFv3/FAKE/FaceSwap/Celeb-DF-v2/id31_id38_0001.mp4,FaceSwap/Celeb-DF-v2,id31,id38,0,1.877343773841858,-1.877343773841858,0.0,158.87242126464844,30.0,0.0,0.0,0.0022878183517605066,0.002474036067724228,0.0020825101528316736,0.003750282572582364
CelebDFv3,/root/Datasets/CelebDFv3/CelebDFv3/FAKE/FaceSwap/GHOST/id56_id54_0008.mp4,FaceSwap/GHOST,id56,id54,0,0.2256505787372589,-0.2256505787372589,0.0,101.39228820800781,30.0,1.0,0.015625,0.004146878141909838,0.0027973256073892117,0.0017961366102099419,0.0032165125012397766
CelebDFv3,/root/Datasets/CelebDFv3/CelebDFv3/FAKE/FaceSwap/HifiFace/id54_id58_0004.mp4,FaceSwap/HifiFace,id54,id58,0,-2.038602828979492,2.038602828979492,0.0,175.12356567382812,30.0,0.0,0.0,0.0018876270623877645,0.018613826483488083,0.009667184203863144,0.017311941832304
CelebDFv3,/root/Datasets/CelebDFv3/CelebDFv3/FAKE/FaceSwap/InSwapper/id31_id30_0005.mp4,FaceSwap/InSwapper,id31,id30,0,0.6207748651504517,-0.6207748651504517,0.0,136.77761840820312,30.0,0.0,0.0,0.0048737237229943275,0.007569499313831329,0.0033494369126856327,0.006031824741512537
CelebDFv3,/root/Datasets/CelebDFv3/CelebDFv3/FAKE/FaceSwap/MobileFaceSwap/id48_id40_0009.mp4,FaceSwap/MobileFaceSwap,id48,id40,0,0.4883935749530792,-0.4883935749530792,0.0,116.54098510742188,30.0,0.0,0.0,0.0031849518418312073,0.004458304028958082,0.002024887828156352,0.003620774019509554
CelebDFv3,/root/Datasets/CelebDFv3/CelebDFv3/FAKE/FaceSwap/SimSwap/id25_id22_0002.mp4,FaceSwap/SimSwap,id25,id22,0,0.4582279324531555,-0.4582279324531555,0.0,87.28382110595703,30.0,0.0,0.0,0.00577890407294035,0.005062535405158997,0.0031854768749326468,0.005736558232456446
CelebDFv3,/root/Datasets/CelebDFv3/CelebDFv3/FAKE/FaceSwap/UniFace/id56_id57_0008.mp4,FaceSwap/UniFace,id56,id57,0,0.6102654337882996,-0.6102654337882996,0.0,93.55331420898438,30.0,0.0,0.0,0.007554514799267054,0.003740954212844372,0.0033920533023774624,0.006074472330510616
CelebDFv3,/root/Datasets/CelebDFv3/CelebDFv3/FAKE/TalkingFace/AniTalker/id51_0001_test_id00812_Ypl15Alz_-I.mp4,TalkingFace/AniTalker,id51,,0,-1.5261950492858887,1.5261950492858887,0.0,148.69773864746094,25.0,0.0,0.0,0.006549779325723648,0.006050536409020424,0.005119255278259516,0.005119255278259516
CelebDFv3,/root/Datasets/CelebDFv3/CelebDFv3/FAKE/TalkingFace/EDTalk/id56_0009_test_id01437_LgnNNq3sfPY.mp4,TalkingFace/EDTalk,id56,,0,6.134559631347656,-6.134559631347656,0.0,126.520751953125,25.0,0.0,0.0,0.011553292162716389,0.010781757533550262,0.009413093328475952,0.009413093328475952
CelebDFv3,/root/Datasets/CelebDFv3/CelebDFv3/FAKE/TalkingFace/EchoMimic/id8_0005_test_id07802_XUhS4zwprEk.mp4,TalkingFace/EchoMimic,id8,,0,-3.0005931854248047,3.0005931854248047,0.0,122.60932922363281,24.0,0.0,0.0,0.011336083523929119,0.00752048846334219,0.00670989602804184,0.00670989602804184
CelebDFv3,/root/Datasets/CelebDFv3/CelebDFv3/FAKE/TalkingFace/FLOAT/id25_0009_test_id06310_yv5n45E1Db0.mp4,TalkingFace/FLOAT,id25,,0,-5.433787822723389,5.433787822723389,0.0,124.63815307617188,25.0,0.0,0.0,0.007272032089531422,0.006549537181854248,0.007585092913359404,0.007585092913359404
CelebDFv3,/root/Datasets/CelebDFv3/CelebDFv3/FAKE/TalkingFace/IP_LAP/id56_0009_test_id02548_bA26ZD1a5tU.mp4,TalkingFace/IP_LAP,id56,,0,6.763491630554199,-6.763491630554199,0.0,115.99284362792969,25.0,0.0,0.0,0.007500643841922283,0.005701075773686171,0.006235094740986824,0.006235094740986824
CelebDFv3,/root/Datasets/CelebDFv3/CelebDFv3/FAKE/TalkingFace/Real3DPortrait/id26_0004_test_id02317_ElfR3P4Rrmk.mp4,TalkingFace/Real3DPortrait,id26,,0,-2.870722532272339,2.870722532272339,0.0,114.70685577392578,25.0,0.0,0.0,0.012474135495722294,0.004011507146060467,0.004547417629510164,0.004547417629510164
CelebDFv3,/root/Datasets/CelebDFv3/CelebDFv3/FAKE/TalkingFace/SadTalker/id59_0009_test_id03980_DLgfEilskfc.mp4,TalkingFace/SadTalker,id59,,0,2.4663853645324707,-2.4663853645324707,0.0,195.47402954101562,25.0,0.0,0.0,0.0015772436745464802,0.003409363329410553,0.003522059414535761,0.003522059414535761
CelebDFv3,/root/Datasets/CelebDFv3/CelebDFv3/FAKE/FaceReenact/DaGAN/id31_id35_0001.mp4,FaceReenact/DaGAN,id31,id35,0,-0.7661036252975464,0.7661036252975464,0.0,123.88225555419922,30.0,1.0,0.109375,0.009540827944874763,0.007836061529815197,0.006426091305911541,0.006426091305911541
CelebDFv3,/root/Datasets/CelebDFv3/CelebDFv3/FAKE/FaceReenact/FSRT/id23_id3_0009.mp4,FaceReenact/FSRT,id23,id3,0,6.34806489944458,-6.34806489944458,0.0,91.38394165039062,20.0,0.0,0.0,0.012553554028272629,0.007402011658996344,0.010287283919751644,0.010287283919751644
CelebDFv3,/root/Datasets/CelebDFv3/CelebDFv3/FAKE/FaceReenact/HyperReenact/id23_id2_0000.mp4,FaceReenact/HyperReenact,id23,id2,0,7.12671422958374,-7.12671422958374,0.0,146.7411651611328,25.0,0.0,0.0,0.006419425830245018,0.002594742923974991,0.006472710985690355,0.006472710985690355
CelebDFv3,/root/Datasets/CelebDFv3/CelebDFv3/FAKE/FaceReenact/LIA/id48_id42_0003.mp4,FaceReenact/LIA,id48,id42,0,-1.9168970584869385,1.9168970584869385,0.0,107.8704833984375,30.0,0.0,0.0,0.01979692280292511,0.004542761016637087,0.012110549956560135,0.012110549956560135
CelebDFv3,/root/Datasets/CelebDFv3/CelebDFv3/FAKE/FaceReenact/LivePortrait/id48_id45_0002.mp4,FaceReenact/LivePortrait,id48,id45,0,-0.04119470715522766,0.04119470715522766,0.0,104.14263153076172,30.0,0.0,0.0,0.044578779488801956,0.012060284614562988,0.008758424781262875,0.01564004272222519
CelebDFv3,/root/Datasets/CelebDFv3/CelebDFv3/FAKE/FaceReenact/MCNET/id31_id34_0002.mp4,FaceReenact/MCNET,id31,id34,0,0.9891493916511536,-0.9891493916511536,0.0,107.76892852783203,30.0,1.0,0.03125,0.023742180317640305,0.01480894535779953,0.03672559931874275,0.03672559931874275
CelebDFv3,/root/Datasets/CelebDFv3/CelebDFv3/FAKE/FaceReenact/TPSMM/id31_id32_0008.mp4,FaceReenact/TPSMM,id31,id32,0,3.598423480987549,-3.598423480987549,0.0,101.69328308105469,30.0,0.0,0.0,0.007303785067051649,0.006077333819121122,0.004619373939931393,0.004619373939931393
CelebDFv3,/root/Datasets/CelebDFv3/CelebDFv3/FAKE/FaceSwap/BlendFace/id56_id52_0002.mp4,FaceSwap/BlendFace,id56,id52,0,0.5565884113311768,-0.5565884113311768,0.0,97.81975555419922,30.0,0.0,0.0,0.006813116371631622,0.004520896356552839,0.003935402259230614,0.007047497667372227
CelebDFv3,/root/Datasets/CelebDFv3/CelebDFv3/FAKE/FaceSwap/Celeb-DF-v2/id59_id5_0002.mp4,FaceSwap/Celeb-DF-v2,id59,id5,0,-3.231840133666992,3.231840133666992,0.0,261.7542419433594,30.0,1.0,0.515625,0.007137000560760498,0.010485971346497536,0.0015248910058289766,0.0027307672426104546
CelebDFv3,/root/Datasets/CelebDFv3/CelebDFv3/FAKE/FaceSwap/GHOST/id31_id32_0006.mp4,FaceSwap/GHOST,id31,id32,0,-5.95229434967041,5.95229434967041,0.0,208.43170166015625,30.0,0.0,0.0,0.00472773564979434,0.010799928568303585,0.00399019056931138,0.007185724563896656
CelebDFv3,/root/Datasets/CelebDFv3/CelebDFv3/FAKE/FaceSwap/HifiFace/id54_id49_0008.mp4,FaceSwap/HifiFace,id54,id49,0,-2.2636451721191406,2.2636451721191406,0.0,124.5734634399414,30.0,0.0,0.0,0.002079390687867999,0.003227047622203827,0.0018908982165157795,0.003386210883036256
CelebDFv3,/root/Datasets/CelebDFv3/CelebDFv3/FAKE/FaceSwap/InSwapper/id23_id27_0001.mp4,FaceSwap/InSwapper,id23,id27,0,3.4724109172821045,-3.4724109172821045,0.0,115.66708374023438,30.0,0.0,0.0,0.0021485150791704655,0.0034552004653960466,0.0014243017649278045,0.002531427191570401
CelebDFv3,/root/Datasets/CelebDFv3/CelebDFv3/FAKE/FaceSwap/MobileFaceSwap/id48_id47_0002.mp4,FaceSwap/MobileFaceSwap,id48,id47,0,1.0047376155853271,-1.0047376155853271,0.0,113.45903015136719,30.0,0.0,0.0,0.0030503785237669945,0.004067458212375641,0.001921304501593113,0.003430900862440467
CelebDFv3,/root/Datasets/CelebDFv3/CelebDFv3/FAKE/FaceSwap/SimSwap/id56_id52_0002.mp4,FaceSwap/SimSwap,id56,id52,0,-0.21170967817306519,0.21170967817306519,0.0,98.90585327148438,30.0,0.0,0.0,0.006989932153373957,0.004408464301377535,0.003541827667504549,0.006342687644064426
CelebDFv3,/root/Datasets/CelebDFv3/CelebDFv3/FAKE/FaceSwap/UniFace/id31_id34_0006.mp4,FaceSwap/UniFace,id31,id34,0,-10.477441787719727,10.477441787719727,0.0,220.4428253173828,30.0,0.0,0.0,0.0046858717687428,0.010400855913758278,0.0028974455781280994,0.005217857658863068
CelebDFv3,/root/Datasets/CelebDFv3/CelebDFv3/FAKE/TalkingFace/AniTalker/id56_0002_test_id01822_jmFGgwXCuW0.mp4,TalkingFace/AniTalker,id56,,0,-1.023571491241455,1.023571491241455,0.0,105.87606811523438,25.0,0.0,0.0,0.005430849734693766,0.003978714346885681,0.005899040028452873,0.005899040028452873
CelebDFv3,/root/Datasets/CelebDFv3/CelebDFv3/FAKE/TalkingFace/EDTalk/id8_0009_test_id02086_UpjWerN0hoE.mp4,TalkingFace/EDTalk,id8,,0,0.038357168436050415,-0.038357168436050415,0.0,123.68706512451172,25.0,0.0,0.0,0.012735328637063503,0.013258562423288822,0.006757961120456457,0.006757961120456457
CelebDFv3,/root/Datasets/CelebDFv3/CelebDFv3/FAKE/TalkingFace/EchoMimic/id56_0007_test_id05055_W9QdEnAskic.mp4,TalkingFace/EchoMimic,id56,,0,-0.9944853782653809,0.9944853782653809,0.0,448.4906311035156,24.0,0.0,0.0,0.01978193037211895,0.010958384722471237,0.012552552856504917,0.012552552856504917
CelebDFv3,/root/Datasets/CelebDFv3/CelebDFv3/FAKE/TalkingFace/FLOAT/id25_0000_test_id05850_WCsUJ380ww8.mp4,TalkingFace/FLOAT,id25,,0,-1.2375197410583496,1.2375197410583496,0.0,144.3241729736328,25.0,0.0,0.0,0.007574222516268492,0.006435881368815899,0.009251358918845654,0.009251358918845654
CelebDFv3,/root/Datasets/CelebDFv3/CelebDFv3/FAKE/TalkingFace/IP_LAP/id8_0006_test_id07494_dEl7dYObxfA.mp4,TalkingFace/IP_LAP,id8,,0,-0.464164674282074,0.464164674282074,0.0,129.62986755371094,25.0,0.0,0.0,0.007740729488432407,0.013938814401626587,0.00989003200083971,0.00989003200083971
CelebDFv3,/root/Datasets/CelebDFv3/CelebDFv3/FAKE/TalkingFace/Real3DPortrait/id56_0003_test_id07868_G6yM82HVOKI.mp4,TalkingFace/Real3DPortrait,id56,,0,-2.3532769680023193,2.3532769680023193,0.0,98.52466583251953,25.0,0.0,0.0,0.01252076867967844,0.004526852630078793,0.003124166512861848,0.003124166512861848
CelebDFv3,/root/Datasets/CelebDFv3/CelebDFv3/FAKE/TalkingFace/SadTalker/id56_0007_test_id08456_MFbZdyuSE3E.mp4,TalkingFace/SadTalker,id56,,0,-4.887336254119873,4.887336254119873,0.0,541.1303100585938,25.0,0.0,0.0,0.008069881238043308,0.00599952507764101,0.009090954437851906,0.009090954437851906
CelebDFv3,/root/Datasets/CelebDFv3/CelebDFv3/FAKE/FaceReenact/DaGAN/id56_id52_0001.mp4,FaceReenact/DaGAN,id56,id52,0,4.799469947814941,-4.799469947814941,0.0,68.42391967773438,30.0,1.0,0.078125,0.03690335899591446,0.024019546806812286,0.03261798620223999,0.03261798620223999
CelebDFv3,/root/Datasets/CelebDFv3/CelebDFv3/FAKE/FaceReenact/FSRT/id48_id47_0004.mp4,FaceReenact/FSRT,id48,id47,0,6.565621376037598,-6.565621376037598,0.0,129.77984619140625,20.0,0.0,0.0,0.007371630519628525,0.0025535780005156994,0.004894796758890152,0.004894796758890152
CelebDFv3,/root/Datasets/CelebDFv3/CelebDFv3/FAKE/FaceReenact/HyperReenact/id23_id3_0006.mp4,FaceReenact/HyperReenact,id23,id3,0,6.085713863372803,-6.085713863372803,0.0,105.25189971923828,25.0,0.0,0.0,0.010594852268695831,0.006327311508357525,0.00543206138536334,0.00543206138536334
CelebDFv3,/root/Datasets/CelebDFv3/CelebDFv3/FAKE/FaceReenact/LIA/id31_id34_0004.mp4,FaceReenact/LIA,id31,id34,0,4.3859639167785645,-4.3859639167785645,0.0,164.62481689453125,30.0,0.0,0.0,0.015148051083087921,0.009079685434699059,0.008289896883070469,0.008289896883070469
CelebDFv3,/root/Datasets/CelebDFv3/CelebDFv3/FAKE/FaceReenact/LivePortrait/id31_id33_0001.mp4,FaceReenact/LivePortrait,id31,id33,0,-5.4249725341796875,5.4249725341796875,0.0,122.585693359375,30.0,1.0,0.8125,0.001646926160901785,0.0006765013094991446,0.0008228070801123977,0.0014817500486969948
CelebDFv3,/root/Datasets/CelebDFv3/CelebDFv3/FAKE/FaceReenact/MCNET/id51_id57_0008.mp4,FaceReenact/MCNET,id51,id57,0,-0.6843896508216858,0.6843896508216858,0.0,106.78412628173828,29.829999923706055,0.0,0.0,0.010479781776666641,0.0064962999895215034,0.007275513373315334,0.007275513373315334
CelebDFv3,/root/Datasets/CelebDFv3/CelebDFv3/FAKE/FaceReenact/TPSMM/id23_id2_0009.mp4,FaceReenact/TPSMM,id23,id2,0,7.161182403564453,-7.161182403564453,0.0,96.644775390625,30.0,0.0,0.0,0.010129201225936413,0.006214543711394072,0.009549979120492935,0.009549979120492935
CelebDFv3,/root/Datasets/CelebDFv3/CelebDFv3/FAKE/FaceSwap/BlendFace/id31_id20_0008.mp4,FaceSwap/BlendFace,id31,id20,0,-1.8637580871582031,1.8637580871582031,0.0,115.23799133300781,30.0,0.0,0.0,0.00531456433236599,0.010702683590352535,0.007259073667228222,0.013072485104203224
CelebDFv3,/root/Datasets/CelebDFv3/CelebDFv3/FAKE/FaceSwap/Celeb-DF-v2/id51_id54_0002.mp4,FaceSwap/Celeb-DF-v2,id51,id54,0,-4.612992286682129,4.612992286682129,0.0,76.45992279052734,30.0,0.0,0.0,0.005042550154030323,0.009989164769649506,0.0035151024349033833,0.006294827908277512
CelebDFv3,/root/Datasets/CelebDFv3/CelebDFv3/FAKE/FaceSwap/GHOST/id23_id2_0009.mp4,FaceSwap/GHOST,id23,id2,0,2.5026168823242188,-2.5026168823242188,0.0,109.88916778564453,30.0,0.0,0.0,0.004393585026264191,0.004588760435581207,0.0027609358076006174,0.0036554790567606688
CelebDFv3,/root/Datasets/CelebDFv3/CelebDFv3/FAKE/FaceSwap/HifiFace/id31_id3_0005.mp4,FaceSwap/HifiFace,id31,id3,0,-0.6730742454528809,0.6730742454528809,0.0,129.2298583984375,30.0,0.0,0.0,0.005146394949406385,0.00455628614872694,0.0021921100560575724,0.003947656136006117
CelebDFv3,/root/Datasets/CelebDFv3/CelebDFv3/FAKE/FaceSwap/InSwapper/id48_id39_0002.mp4,FaceSwap/InSwapper,id48,id39,0,1.2491068840026855,-1.2491068840026855,0.0,106.86297607421875,30.0,0.0,0.0,0.0028593135066330433,0.004449944943189621,0.0018702188972383738,0.0033396766521036625
CelebDFv3,/root/Datasets/CelebDFv3/CelebDFv3/FAKE/FaceSwap/MobileFaceSwap/id23_id19_0000.mp4,FaceSwap/MobileFaceSwap,id23,id19,0,2.921365261077881,-2.921365261077881,0.0,108.10673522949219,30.0,0.0,0.0,0.001708320458419621,0.0020799848716706038,0.0010882809292525053,0.001934213563799858
CelebDFv3,/root/Datasets/CelebDFv3/CelebDFv3/FAKE/FaceSwap/SimSwap/id23_id3_0003.mp4,FaceSwap/SimSwap,id23,id3,0,-3.8512067794799805,3.8512067794799805,0.0,108.22817993164062,30.0,0.0,0.0,0.0038289690855890512,0.0029251978266984224,0.001692925114184618,0.003008854342624545
CelebDFv3,/root/Datasets/CelebDFv3/CelebDFv3/FAKE/FaceSwap/UniFace/id23_id9_0006.mp4,FaceSwap/UniFace,id23,id9,0,1.0722445249557495,-1.0722445249557495,0.0,132.53836059570312,30.0,0.0,0.0,0.006043743807822466,0.0034676948562264442,0.0024446940515190363,0.003239219542592764
CelebDFv3,/root/Datasets/CelebDFv3/CelebDFv3/FAKE/TalkingFace/AniTalker/id48_0009_test_id08374_8V4tFXw2UxY.mp4,TalkingFace/AniTalker,id48,,0,1.110729694366455,-1.110729694366455,0.0,122.34982299804688,25.0,0.0,0.0,0.0035297481808811426,0.004656504839658737,0.008030222728848457,0.008030222728848457
CelebDFv3,/root/Datasets/CelebDFv3/CelebDFv3/FAKE/TalkingFace/EDTalk/id59_0004_test_id07494_ebeMtxwdAVc.mp4,TalkingFace/EDTalk,id59,,0,8.86645221710205,-8.86645221710205,0.0,253.46925354003906,25.0,0.0,0.0,0.013560009188950062,0.009976438246667385,0.005321419797837734,0.005321419797837734
CelebDFv3,/root/Datasets/CelebDFv3/CelebDFv3/FAKE/TalkingFace/EchoMimic/id25_0008_test_id08696_MnjuyAG_DCg.mp4,TalkingFace/EchoMimic,id25,,0,0.0938185304403305,-0.0938185304403305,0.0,107.23316955566406,24.0,0.0,0.0,0.00521610165014863,0.008119691163301468,0.0069601871073246,0.0069601871073246
CelebDFv3,/root/Datasets/CelebDFv3/CelebDFv3/FAKE/TalkingFace/FLOAT/id51_0006_test_id02685_WRyNA6xW_T0.mp4,TalkingFace/FLOAT,id51,,0,-2.4276256561279297,2.4276256561279297,0.0,121.60564422607422,25.0,0.0,0.0,0.01912803016602993,0.009879783727228642,0.010709693655371666,0.010709693655371666
CelebDFv3,/root/Datasets/CelebDFv3/CelebDFv3/FAKE/TalkingFace/IP_LAP/id51_0001_test_id01460_oxJYG8REHG8.mp4,TalkingFace/IP_LAP,id51,,0,-4.9696760177612305,4.9696760177612305,0.0,271.6614685058594,25.0,0.0,0.0,0.011921889148652554,0.011808880604803562,0.011197368614375591,0.011197368614375591
CelebDFv3,/root/Datasets/CelebDFv3/CelebDFv3/FAKE/TalkingFace/Real3DPortrait/id11_0004_test_id04862_i6aGUMQW5jA.mp4,TalkingFace/Real3DPortrait,id11,,0,6.441446304321289,-6.441446304321289,0.0,163.41497802734375,25.0,0.0,0.0,0.012747152708470821,0.005576397757977247,0.004321891814470291,0.004321891814470291
CelebDFv3,/root/Datasets/CelebDFv3/CelebDFv3/FAKE/TalkingFace/SadTalker/id59_0004_test_id01509_asrGhE2enzQ.mp4,TalkingFace/SadTalker,id59,,0,-6.926362991333008,6.926362991333008,0.0,375.0972900390625,25.0,0.0,0.0,0.004052901174873114,0.007033948786556721,0.008096309378743172,0.008096309378743172
CelebDFv3,/root/Datasets/CelebDFv3/CelebDFv3/FAKE/FaceReenact/DaGAN/id51_id57_0007.mp4,FaceReenact/DaGAN,id51,id57,0,-2.0547256469726562,2.0547256469726562,0.0,129.1156463623047,30.0,0.0,0.0,0.0037643341347575188,0.005758917424827814,0.004815822467207909,0.004815822467207909
CelebDFv3,/root/Datasets/CelebDFv3/CelebDFv3/FAKE/FaceReenact/FSRT/id26_id29_0003.mp4,FaceReenact/FSRT,id26,id29,0,3.075627088546753,-3.075627088546753,0.0,232.64883422851562,20.0,0.0,0.0,0.008271380327641964,0.0076680839993059635,0.006945413071662188,0.006945413071662188
CelebDFv3,/root/Datasets/CelebDFv3/CelebDFv3/FAKE/FaceReenact/HyperReenact/id23_id25_0002.mp4,FaceReenact/HyperReenact,id23,id25,0,1.5258194208145142,-1.5258194208145142,0.0,106.95191192626953,25.0,0.0,0.0,0.0052879126742482185,0.004257306922227144,0.0074056414887309074,0.0074056414887309074
CelebDFv3,/root/Datasets/CelebDFv3/CelebDFv3/FAKE/FaceReenact/LIA/id31_id37_0005.mp4,FaceReenact/LIA,id31,id37,0,1.5018441677093506,-1.5018441677093506,0.0,162.11134338378906,30.0,1.0,0.71875,0.001787964254617691,0.002021677326411009,0.003767148358747363,0.003767148358747363
CelebDFv3,/root/Datasets/CelebDFv3/CelebDFv3/FAKE/FaceReenact/LivePortrait/id23_id28_0000.mp4,FaceReenact/LivePortrait,id23,id28,0,1.4820411205291748,-1.4820411205291748,0.0,120.6068344116211,30.0,1.0,0.078125,0.004338780418038368,0.007442472968250513,0.001997034065425396,0.003549350192770362
CelebDFv3,/root/Datasets/CelebDFv3/CelebDFv3/FAKE/FaceReenact/MCNET/id48_id46_0009.mp4,FaceReenact/MCNET,id48,id46,0,0.07641720026731491,-0.07641720026731491,0.0,104.4454116821289,30.0,0.0,0.0,0.017786459997296333,0.010438958182930946,0.009497157298028469,0.009497157298028469
CelebDFv3,/root/Datasets/CelebDFv3/CelebDFv3/FAKE/FaceReenact/TPSMM/id56_id50_0002.mp4,FaceReenact/TPSMM,id56,id50,0,-1.1029776334762573,1.1029776334762573,0.0,96.65507507324219,30.0,0.0,0.0,0.007933313958346844,0.0020782609935849905,0.004613125696778297,0.004613125696778297
CelebDFv3,/root/Datasets/CelebDFv3/CelebDFv3/FAKE/FaceSwap/BlendFace/id56_id49_0003.mp4,FaceSwap/BlendFace,id56,id49,0,-2.5906379222869873,2.5906379222869873,0.0,79.26895904541016,30.0,0.0,0.0,0.004394169431179762,0.0029524134006351233,0.003472657408565283,0.006218817550688982
CelebDFv3,/root/Datasets/CelebDFv3/CelebDFv3/FAKE/FaceSwap/Celeb-DF-v2/id31_id34_0009.mp4,FaceSwap/Celeb-DF-v2,id31,id34,0,1.619291067123413,-1.619291067123413,0.0,103.48133850097656,30.0,0.0,0.0,0.0038671810179948807,0.004409974906593561,0.003628287697210908,0.006533992942422628
CelebDFv3,/root/Datasets/CelebDFv3/CelebDFv3/FAKE/FaceSwap/GHOST/id22_id24_0005.mp4,FaceSwap/GHOST,id22,id24,0,-4.247824668884277,4.247824668884277,0.0,125.30789184570312,30.0,0.0,0.0,0.002698593307286501,0.0021028881892561913,0.0015959196025505662,0.0028364453464746475
CelebDFv3,/root/Datasets/CelebDFv3/CelebDFv3/FAKE/FaceSwap/HifiFace/id11_id7_0009.mp4,FaceSwap/HifiFace,id11,id7,0,-3.9453773498535156,3.9453773498535156,0.0,104.67999267578125,30.0,0.0,0.0,0.002400783123448491,0.002912124153226614,0.0009932222310453653,0.0018871224019676447
CelebDFv3,/root/Datasets/CelebDFv3/CelebDFv3/FAKE/FaceSwap/InSwapper/id48_id41_0006.mp4,FaceSwap/InSwapper,id48,id41,0,1.456874132156372,-1.456874132156372,0.0,82.05313873291016,30.0,0.0,0.0,0.004627256654202938,0.03565371409058571,0.005976568907499313,0.007841259241104126
CelebDFv3,/root/Datasets/CelebDFv3/CelebDFv3/FAKE/FaceSwap/MobileFaceSwap/id22_id25_0003.mp4,FaceSwap/MobileFaceSwap,id22,id25,0,0.029290437698364258,-0.029290437698364258,0.0,197.4693145751953,30.0,1.0,0.3125,0.034111086279153824,0.023570287972688675,0.017386872321367264,0.030901875346899033
CelebDFv3,/root/Datasets/CelebDFv3/CelebDFv3/FAKE/FaceSwap/SimSwap/id54_id55_0006.mp4,FaceSwap/SimSwap,id54,id55,0,-3.525528907775879,3.525528907775879,0.0,176.42428588867188,30.0,1.0,0.015625,0.004296168684959412,0.006857220083475113,0.004473191220313311,0.008010568097233772
CelebDFv3,/root/Datasets/CelebDFv3/CelebDFv3/FAKE/FaceSwap/UniFace/id56_id58_0006.mp4,FaceSwap/UniFace,id56,id58,0,1.3366907835006714,-1.3366907835006714,0.0,88.02926635742188,30.0,0.0,0.0,0.003754471195861697,0.004635377321392298,0.0020666110794991255,0.003700876608490944
CelebDFv3,/root/Datasets/CelebDFv3/CelebDFv3/FAKE/TalkingFace/AniTalker/id56_0004_test_id04232__k0hgacT2zc.mp4,TalkingFace/AniTalker,id56,,0,0.5457445383071899,-0.5457445383071899,0.0,109.05284118652344,25.0,0.0,0.0,0.004317246377468109,0.004333846736699343,0.004993214271962643,0.004993214271962643
CelebDFv3,/root/Datasets/CelebDFv3/CelebDFv3/FAKE/TalkingFace/EDTalk/id48_0006_test_id06104_Q5NV5PQuYQQ.mp4,TalkingFace/EDTalk,id48,,0,3.123823881149292,-3.123823881149292,0.0,100.42256164550781,25.0,0.0,0.0,0.011765738017857075,0.011102292686700821,0.009205425158143044,0.009205425158143044
CelebDFv3,/root/Datasets/CelebDFv3/CelebDFv3/FAKE/TalkingFace/EchoMimic/id22_0008_test_id07396_6bbb_NOpqGY.mp4,TalkingFace/EchoMimic,id22,,0,5.772538185119629,-5.772538185119629,0.0,193.11936950683594,24.0,0.0,0.0,0.007507340982556343,0.008146882057189941,0.0062657929956912994,0.0062657929956912994
CelebDFv3,/root/Datasets/CelebDFv3/CelebDFv3/FAKE/TalkingFace/FLOAT/id22_0008_test_id04478_nhLuGj0vGb8.mp4,TalkingFace/FLOAT,id22,,0,0.9578595757484436,-0.9578595757484436,0.0,190.76063537597656,25.0,0.0,0.0,0.009621591307222843,0.006994160357862711,0.008139554411172867,0.008139554411172867
CelebDFv3,/root/Datasets/CelebDFv3/CelebDFv3/FAKE/TalkingFace/IP_LAP/id54_0000_test_id01593_Clw9yg6Jd34.mp4,TalkingFace/IP_LAP,id54,,0,-1.3248746395111084,1.3248746395111084,0.0,108.37374877929688,25.0,0.0,0.0,0.013490392826497555,0.010180003009736538,0.007561228238046169,0.007561228238046169
CelebDFv3,/root/Datasets/CelebDFv3/CelebDFv3/FAKE/TalkingFace/Real3DPortrait/id22_0009_test_id01000_yCKyUiCDAWQ.mp4,TalkingFace/Real3DPortrait,id22,,0,2.765556812286377,-2.765556812286377,0.0,110.30242156982422,25.0,0.0,0.0,0.009565483778715134,0.005709313787519932,0.007581944111734629,0.007581944111734629
CelebDFv3,/root/Datasets/CelebDFv3/CelebDFv3/FAKE/TalkingFace/SadTalker/id31_0002_test_id05015_wFizOLE3-qM.mp4,TalkingFace/SadTalker,id31,,0,-5.793708324432373,5.793708324432373,0.0,127.64042663574219,25.0,0.0,0.0,0.003718234831467271,0.00787866860628128,0.012601370923221111,0.012601370923221111
CelebDFv3,/root/Datasets/CelebDFv3/CelebDFv3/FAKE/FaceReenact/DaGAN/id23_id25_0002.mp4,FaceReenact/DaGAN,id23,id25,0,0.7053271532058716,-0.7053271532058716,0.0,80.10369873046875,30.0,1.0,0.203125,0.018716230988502502,0.011208680458366871,0.016313880681991577,0.016313880681991577
CelebDFv3,/root/Datasets/CelebDFv3/CelebDFv3/FAKE/FaceReenact/FSRT/id22_id23_0001.mp4,FaceReenact/FSRT,id22,id23,0,-0.2315627634525299,0.2315627634525299,0.0,111.3071517944336,20.0,0.0,0.0,0.008031732402741909,0.007110820151865482,0.007393623236566782,0.007393623236566782
CelebDFv3,/root/Datasets/CelebDFv3/CelebDFv3/FAKE/FaceReenact/HyperReenact/id23_id33_0006.mp4,FaceReenact/HyperReenact,id23,id33,0,3.721527099609375,-3.721527099609375,0.0,125.84452819824219,25.0,0.0,0.0,0.0036635021679103374,0.0037295566871762276,0.006264732219278812,0.006264732219278812
CelebDFv3,/root/Datasets/CelebDFv3/CelebDFv3/FAKE/FaceReenact/LIA/id51_id57_0007.mp4,FaceReenact/LIA,id51,id57,0,0.45087099075317383,-0.45087099075317383,0.0,144.4790802001953,30.0,0.0,0.0,0.00333306472748518,0.005300580058246851,0.004180705174803734,0.004180705174803734
CelebDFv3,/root/Datasets/CelebDFv3/CelebDFv3/FAKE/FaceReenact/LivePortrait/id31_id20_0002.mp4,FaceReenact/LivePortrait,id31,id20,0,2.6862568855285645,-2.6862568855285645,0.0,120.4748764038086,30.0,1.0,0.09375,0.017226511612534523,0.049171097576618195,0.014409122988581657,0.02594863250851631
CelebDFv3,/root/Datasets/CelebDFv3/CelebDFv3/FAKE/FaceReenact/MCNET/id23_id34_0009.mp4,FaceReenact/MCNET,id23,id34,0,1.844050407409668,-1.844050407409668,0.0,101.65522003173828,30.0,1.0,0.140625,0.026599429547786713,0.010961857624351978,0.015655092895030975,0.015655092895030975
CelebDFv3,/root/Datasets/CelebDFv3/CelebDFv3/FAKE/FaceReenact/TPSMM/id31_id20_0001.mp4,FaceReenact/TPSMM,id31,id20,0,-0.49433571100234985,0.49433571100234985,0.0,115.82141876220703,30.0,1.0,0.796875,0.007295058574527502,0.005917608272284269,0.0021295209880918264,0.0021295209880918264
CelebDFv3,/root/Datasets/CelebDFv3/CelebDFv3/FAKE/FaceSwap/BlendFace/id51_id58_0000.mp4,FaceSwap/BlendFace,id51,id58,0,3.406136989593506,-3.406136989593506,0.0,82.23527526855469,30.0,0.0,0.0,0.006965812761336565,0.005053359549492598,0.0038688445929437876,0.0069283065386116505
CelebDFv3,/root/Datasets/CelebDFv3/CelebDFv3/FAKE/FaceSwap/Celeb-DF-v2/id31_id26_0004.mp4,FaceSwap/Celeb-DF-v2,id31,id26,0,-0.5181429386138916,0.5181429386138916,0.0,168.071044921875,30.0,0.0,0.0,0.004896232392638922,0.0033249598927795887,0.002588781528174877,0.00466200103983283
CelebDFv3,/root/Datasets/CelebDFv3/CelebDFv3/FAKE/FaceSwap/GHOST/id51_id58_0002.mp4,FaceSwap/GHOST,id51,id58,0,-0.46233057975769043,0.46233057975769043,0.0,66.59918212890625,30.0,0.0,0.0,0.006068091839551926,0.016318539157509804,0.004025998525321484,0.007209737319499254
CelebDFv3,/root/Datasets/CelebDFv3/CelebDFv3/FAKE/FaceSwap/HifiFace/id25_id23_0005.mp4,FaceSwap/HifiFace,id25,id23,0,-1.3018510341644287,1.3018510341644287,0.0,87.45840454101562,30.0,0.0,0.0,0.011955656111240387,0.0033094172831624746,0.004042752552777529,0.005999444518238306
CelebDFv3,/root/Datasets/CelebDFv3/CelebDFv3/FAKE/FaceSwap/InSwapper/id31_id1_0001.mp4,FaceSwap/InSwapper,id31,id1,0,0.11326271295547485,-0.11326271295547485,0.0,153.86338806152344,30.0,0.0,0.0,0.0022053762804716825,0.0028332769870758057,0.0022177917417138815,0.00399390421807766
CelebDFv3,/root/Datasets/CelebDFv3/CelebDFv3/FAKE/FaceSwap/MobileFaceSwap/id56_id58_0001.mp4,FaceSwap/MobileFaceSwap,id56,id58,0,1.4402642250061035,-1.4402642250061035,0.0,104.71087646484375,30.0,0.0,0.0,0.0033570886589586735,0.009470982477068901,0.002728017047047615,0.0048853191547095776
CelebDFv3,/root/Datasets/CelebDFv3/CelebDFv3/FAKE/FaceSwap/SimSwap/id26_id2_0009.mp4,FaceSwap/SimSwap,id26,id2,0,5.621753692626953,-5.621753692626953,0.0,185.25624084472656,30.0,0.0,0.0,0.01298036053776741,0.009352094493806362,0.00424384418874979,0.007727873977273703
CelebDFv3,/root/Datasets/CelebDFv3/CelebDFv3/FAKE/FaceSwap/UniFace/id31_id28_0007.mp4,FaceSwap/UniFace,id31,id28,0,-11.227807998657227,11.227807998657227,0.0,280.3111877441406,30.0,0.0,0.0,0.013674071058630943,0.003627896774560213,0.00681967381387949,0.01228119246661663
CelebDFv3,/root/Datasets/CelebDFv3/CelebDFv3/FAKE/TalkingFace/AniTalker/id31_0002_test_id00812_BDoGOx3Jgbk.mp4,TalkingFace/AniTalker,id31,,0,-0.363696813583374,0.363696813583374,0.0,114.22786712646484,25.0,0.0,0.0,0.00454236613586545,0.004103439394384623,0.010627503506839275,0.010627503506839275
CelebDFv3,/root/Datasets/CelebDFv3/CelebDFv3/FAKE/TalkingFace/EDTalk/id22_0001_test_id01298_tAQVEmDyrPs.mp4,TalkingFace/EDTalk,id22,,0,3.003413677215576,-3.003413677215576,0.0,118.74070739746094,25.0,0.0,0.0,0.014805960468947887,0.010122616775333881,0.005761482287198305,0.005761482287198305
CelebDFv3,/root/Datasets/CelebDFv3/CelebDFv3/FAKE/TalkingFace/EchoMimic/id8_0007_test_id01618_L0HQTlH8k7A.mp4,TalkingFace/EchoMimic,id8,,0,-4.638934135437012,4.638934135437012,0.0,159.99868774414062,24.0,0.0,0.0,0.0019227787852287292,0.0023530584294348955,0.0056575289927423,0.0056575289927423
CelebDFv3,/root/Datasets/CelebDFv3/CelebDFv3/FAKE/TalkingFace/FLOAT/id56_0006_test_id01333_D8Pv2f28x3Q.mp4,TalkingFace/FLOAT,id56,,0,1.3672757148742676,-1.3672757148742676,0.0,97.9466323852539,25.0,0.0,0.0,0.015294631943106651,0.010283980518579483,0.00964216236025095,0.00964216236025095
CelebDFv3,/root/Datasets/CelebDFv3/CelebDFv3/FAKE/TalkingFace/IP_LAP/id11_0001_test_id04478_Rk34ptLauAE.mp4,TalkingFace/IP_LAP,id11,,0,-1.0159631967544556,1.0159631967544556,0.0,122.96604919433594,25.0,0.0,0.0,0.010655781254172325,0.016320785507559776,0.008924383670091629,0.008924383670091629
CelebDFv3,/root/Datasets/CelebDFv3/CelebDFv3/FAKE/TalkingFace/Real3DPortrait/id26_0007_test_id08552_7kf2EfS9G6Q.mp4,TalkingFace/Real3DPortrait,id26,,0,0.8629504442214966,-0.8629504442214966,0.0,295.2513427734375,25.0,0.0,0.0,0.013389677740633488,0.005840691737830639,0.007459075655788183,0.007459075655788183
CelebDFv3,/root/Datasets/CelebDFv3/CelebDFv3/FAKE/TalkingFace/SadTalker/id48_0009_test_id07961_l3Xn426T1IE.mp4,TalkingFace/SadTalker,id48,,0,1.0117838382720947,-1.0117838382720947,0.0,122.05722045898438,25.0,0.0,0.0,0.0013880382757633924,0.0025024814531207085,0.0047990852035582066,0.0047990852035582066
CelebDFv3,/root/Datasets/CelebDFv3/CelebDFv3/FAKE/FaceReenact/DaGAN/id31_id21_0005.mp4,FaceReenact/DaGAN,id31,id21,0,-0.4240860939025879,0.4240860939025879,0.0,115.28116607666016,30.0,1.0,0.15625,0.01560080423951149,0.013281666673719883,0.021460257470607758,0.021460257470607758
CelebDFv3,/root/Datasets/CelebDFv3/CelebDFv3/FAKE/FaceReenact/FSRT/id23_id25_0002.mp4,FaceReenact/FSRT,id23,id25,0,2.442678451538086,-2.442678451538086,0.0,86.32439422607422,20.0,1.0,0.21875,0.014165729284286499,0.011161204427480698,0.0114220529794693,0.0114220529794693
CelebDFv3,/root/Datasets/CelebDFv3/CelebDFv3/FAKE/FaceReenact/HyperReenact/id59_id60_0007.mp4,FaceReenact/HyperReenact,id59,id60,0,-0.7364798784255981,0.7364798784255981,0.0,121.76343536376953,25.0,0.0,0.0,0.008754905313253403,0.005880600307136774,0.00846545584499836,0.00846545584499836
CelebDFv3,/root/Datasets/CelebDFv3/CelebDFv3/FAKE/FaceReenact/LIA/id48_id43_0008.mp4,FaceReenact/LIA,id48,id43,0,-0.21629902720451355,0.21629902720451355,0.0,128.6249542236328,30.0,1.0,0.171875,0.01144448947161436,0.007180716376751661,0.01258927583694458,0.01258927583694458
CelebDFv3,/root/Datasets/CelebDFv3/CelebDFv3/FAKE/FaceReenact/LivePortrait/id48_id45_0005.mp4,FaceReenact/LivePortrait,id48,id45,0,-2.3049511909484863,2.3049511909484863,0.0,124.18049621582031,30.0,0.0,0.0,0.0015406589955091476,0.0022701460402458906,0.0012873299419879913,0.002298803301528096
CelebDFv3,/root/Datasets/CelebDFv3/CelebDFv3/FAKE/FaceReenact/MCNET/id26_id3_0008.mp4,FaceReenact/MCNET,id26,id3,0,1.4245548248291016,-1.4245548248291016,0.0,119.92951965332031,30.0,0.0,0.0,0.012773239985108376,0.020025238394737244,0.0060837347991764545,0.0060837347991764545
CelebDFv3,/root/Datasets/CelebDFv3/CelebDFv3/FAKE/FaceReenact/TPSMM/id31_id35_0000.mp4,FaceReenact/TPSMM,id31,id35,0,-1.583070158958435,1.583070158958435,0.0,95.9577865600586,30.0,0.0,0.0,0.011782737448811531,0.010415657423436642,0.01048324629664421,0.01048324629664421
CelebDFv3,/root/Datasets/CelebDFv3/CelebDFv3/FAKE/FaceSwap/BlendFace/id48_id39_0007.mp4,FaceSwap/BlendFace,id48,id39,0,3.489820957183838,-3.489820957183838,0.0,101.54277038574219,30.0,0.0,0.0,0.003503578482195735,0.0033134352415800095,0.0055118766613304615,0.007231582887470722
CelebDFv3,/root/Datasets/CelebDFv3/CelebDFv3/FAKE/FaceSwap/Celeb-DF-v2/id48_id40_0009.mp4,FaceSwap/Celeb-DF-v2,id48,id40,0,1.889923095703125,-1.889923095703125,0.0,111.1688461303711,30.0,0.0,0.0,0.0032220068387687206,0.004604215268045664,0.002521722111850977,0.004509180784225464
CelebDFv3,/root/Datasets/CelebDFv3/CelebDFv3/FAKE/FaceSwap/GHOST/id48_id46_0007.mp4,FaceSwap/GHOST,id48,id46,0,0.7135647535324097,-0.7135647535324097,0.0,104.12947082519531,30.0,0.0,0.0,0.001471321564167738,0.0013279435224831104,0.0013557537458837032,0.0017787488177418709
CelebDFv3,/root/Datasets/CelebDFv3/CelebDFv3/FAKE/FaceSwap/HifiFace/id23_id4_0007.mp4,FaceSwap/HifiFace,id23,id4,0,-1.266798734664917,1.266798734664917,0.0,149.16371154785156,30.0,0.0,0.0,0.011388587765395641,0.02630149945616722,0.004995985887944698,0.008764509111642838
CelebDFv3,/root/Datasets/CelebDFv3/CelebDFv3/FAKE/FaceSwap/InSwapper/id26_id33_0001.mp4,FaceSwap/InSwapper,id26,id33,0,1.0259523391723633,-1.0259523391723633,0.0,111.861083984375,30.0,1.0,0.03125,0.01972566917538643,0.016319334506988525,0.004182289354503155,0.0075139435939490795
CelebDFv3,/root/Datasets/CelebDFv3/CelebDFv3/FAKE/FaceSwap/MobileFaceSwap/id23_id30_0009.mp4,FaceSwap/MobileFaceSwap,id23,id30,0,5.8063859939575195,-5.8063859939575195,0.0,106.7048110961914,30.0,0.0,0.0,0.004241864196956158,0.004180387128144503,0.0029458031058311462,0.003900243202224374
CelebDFv3,/root/Datasets/CelebDFv3/CelebDFv3/FAKE/FaceSwap/SimSwap/id23_id27_0006.mp4,FaceSwap/SimSwap,id23,id27,0,2.8264284133911133,-2.8264284133911133,0.0,129.30746459960938,30.0,0.0,0.0,0.006139804609119892,0.0036378547083586454,0.001602365169674158,0.0021231339778751135
CelebDFv3,/root/Datasets/CelebDFv3/CelebDFv3/FAKE/FaceSwap/UniFace/id56_id58_0002.mp4,FaceSwap/UniFace,id56,id58,0,-0.7914531230926514,0.7914531230926514,0.0,94.75015258789062,30.0,0.0,0.0,0.007427383214235306,0.00420271186158061,0.003550073364749551,0.0063574532978236675
CelebDFv3,/root/Datasets/CelebDFv3/CelebDFv3/FAKE/TalkingFace/AniTalker/id59_0006_test_id00817_UOTRcRmKHPQ.mp4,TalkingFace/AniTalker,id59,,0,6.67533016204834,-6.67533016204834,0.0,107.0080337524414,25.0,0.0,0.0,0.003651687875390053,0.004461128730326891,0.004925885703414679,0.004925885703414679
CelebDFv3,/root/Datasets/CelebDFv3/CelebDFv3/FAKE/TalkingFace/EDTalk/id23_0002_test_id01593_NxfyefwggDQ.mp4,TalkingFace/EDTalk,id23,,0,2.272001266479492,-2.272001266479492,0.0,106.7356948852539,25.0,0.0,0.0,0.011391270905733109,0.009734402410686016,0.010386954993009567,0.010386954993009567
CelebDFv3,/root/Datasets/CelebDFv3/CelebDFv3/FAKE/TalkingFace/EchoMimic/id51_0008_test_id04657_WdJ_DuU0ack.mp4,TalkingFace/EchoMimic,id51,,0,-5.164850234985352,5.164850234985352,0.0,115.47260284423828,24.0,0.0,0.0,0.0024686800315976143,0.006707629654556513,0.004296786151826382,0.004296786151826382
CelebDFv3,/root/Datasets/CelebDFv3/CelebDFv3/FAKE/TalkingFace/FLOAT/id51_0005_test_id08701_IF-okJTentA.mp4,TalkingFace/FLOAT,id51,,0,-3.8139591217041016,3.8139591217041016,0.0,148.37745666503906,25.0,0.0,0.0,0.011881742626428604,0.018652454018592834,0.011979542672634125,0.011979542672634125
CelebDFv3,/root/Datasets/CelebDFv3/CelebDFv3/FAKE/TalkingFace/IP_LAP/id51_0006_test_id02685_WRyNA6xW_T0.mp4,TalkingFace/IP_LAP,id51,,0,0.08396664261817932,-0.08396664261817932,0.0,119.27271270751953,25.0,0.0,0.0,0.018134118989109993,0.013282154686748981,0.013519247062504292,0.013519247062504292
CelebDFv3,/root/Datasets/CelebDFv3/CelebDFv3/FAKE/TalkingFace/Real3DPortrait/id56_0004_test_id04366_GAE3onT-CHs.mp4,TalkingFace/Real3DPortrait,id56,,0,5.543971538543701,-5.543971538543701,0.0,140.6415557861328,25.0,0.0,0.0,0.010688168928027153,0.005906690843403339,0.008934849873185158,0.008934849873185158
CelebDFv3,/root/Datasets/CelebDFv3/CelebDFv3/FAKE/TalkingFace/SadTalker/id22_0001_test_id01106_R0NC1aAEl4w.mp4,TalkingFace/SadTalker,id22,,0,4.8035173416137695,-4.8035173416137695,0.0,105.28024291992188,25.0,0.0,0.0,0.0024301749654114246,0.010598979890346527,0.005933939479291439,0.005933939479291439
CelebDFv3,/root/Datasets/CelebDFv3/CelebDFv3/FAKE/FaceReenact/DaGAN/id31_id33_0000.mp4,FaceReenact/DaGAN,id31,id33,0,1.3456594944000244,-1.3456594944000244,0.0,84.31656646728516,30.0,1.0,0.265625,0.024727096781134605,0.01644502580165863,0.018131116405129433,0.018131116405129433
CelebDFv3,/root/Datasets/CelebDFv3/CelebDFv3/FAKE/FaceReenact/FSRT/id56_id58_0002.mp4,FaceReenact/FSRT,id56,id58,0,1.3940188884735107,-1.3940188884735107,0.0,93.77867126464844,20.0,0.0,0.0,0.010798194445669651,0.0077982875518500805,0.005938549060374498,0.005938549060374498
CelebDFv3,/root/Datasets/CelebDFv3/CelebDFv3/FAKE/FaceReenact/HyperReenact/id31_id4_0001.mp4,FaceReenact/HyperReenact,id31,id4,0,0.3674677014350891,-0.3674677014350891,0.0,116.84474182128906,25.0,0.0,0.0,0.00619418453425169,0.004772590938955545,0.009034162387251854,0.009034162387251854
CelebDFv3,/root/Datasets/CelebDFv3/CelebDFv3/FAKE/FaceReenact/LIA/id22_id21_0005.mp4,FaceReenact/LIA,id22,id21,0,-1.7386445999145508,1.7386445999145508,0.0,120.12848663330078,30.0,0.0,0.0,0.0118551729246974,0.010171100497245789,0.005979187786579132,0.005979187786579132
CelebDFv3,/root/Datasets/CelebDFv3/CelebDFv3/FAKE/FaceReenact/LivePortrait/id54_id51_0003.mp4,FaceReenact/LivePortrait,id54,id51,0,-1.372962236404419,1.372962236404419,0.0,168.59756469726562,30.0,1.0,0.09375,0.004968447145074606,0.03614110127091408,0.003625696524977684,0.006492879241704941
CelebDFv3,/root/Datasets/CelebDFv3/CelebDFv3/FAKE/FaceReenact/MCNET/id23_id25_0002.mp4,FaceReenact/MCNET,id23,id25,0,1.204329013824463,-1.204329013824463,0.0,89.91635131835938,30.0,1.0,0.1875,0.017821142449975014,0.010920408181846142,0.01495310477912426,0.01495310477912426
CelebDFv3,/root/Datasets/CelebDFv3/CelebDFv3/FAKE/FaceReenact/TPSMM/id31_id3_0005.mp4,FaceReenact/TPSMM,id31,id3,0,-0.5485830307006836,0.5485830307006836,0.0,113.16641998291016,30.0,1.0,0.03125,0.014701113104820251,0.015876060351729393,0.010395428165793419,0.010395428165793419
CelebDFv3,/root/Datasets/CelebDFv3/CelebDFv3/FAKE/FaceSwap/BlendFace/id26_id35_0002.mp4,FaceSwap/BlendFace,id26,id35,0,2.2007274627685547,-2.2007274627685547,0.0,88.48532104492188,30.0,1.0,0.015625,0.006366283167153597,0.01677510514855385,0.00339930085465312,0.006107218097895384
CelebDFv3,/root/Datasets/CelebDFv3/CelebDFv3/FAKE/FaceSwap/Celeb-DF-v2/id25_id27_0008.mp4,FaceSwap/Celeb-DF-v2,id25,id27,0,2.83085298538208,-2.83085298538208,0.0,109.24266815185547,30.0,1.0,0.03125,0.006183066871017218,0.0022337932605296373,0.0033321562223136425,0.00447841826826334
CelebDFv3,/root/Datasets/CelebDFv3/CelebDFv3/FAKE/FaceSwap/GHOST/id56_id55_0001.mp4,FaceSwap/GHOST,id56,id55,0,-2.3458893299102783,2.3458893299102783,0.0,111.41658782958984,30.0,0.0,0.0,0.004801000002771616,0.010520929470658302,0.0033906963653862476,0.0060720425099134445
CelebDFv3,/root/Datasets/CelebDFv3/CelebDFv3/FAKE/FaceSwap/HifiFace/id54_id51_0003.mp4,FaceSwap/HifiFace,id54,id51,0,2.911561965942383,-2.911561965942383,0.0,159.0702667236328,30.0,0.0,0.0,0.0019806541968137026,0.010268526151776314,0.0023264503106474876,0.004166195634752512
CelebDFv3,/root/Datasets/CelebDFv3/CelebDFv3/FAKE/FaceSwap/InSwapper/id26_id2_0009.mp4,FaceSwap/InSwapper,id26,id2,0,4.031340599060059,-4.031340599060059,0.0,183.78781127929688,30.0,0.0,0.0,0.012667729519307613,0.009560519829392433,0.0038875704631209373,0.007079112809151411
CelebDFv3,/root/Datasets/CelebDFv3/CelebDFv3/FAKE/FaceSwap/MobileFaceSwap/id23_id30_0002.mp4,FaceSwap/MobileFaceSwap,id23,id30,0,-2.4929933547973633,2.4929933547973633,0.0,100.25206756591797,30.0,0.0,0.0,0.009228875860571861,0.010882649570703506,0.003494297619909048,0.006210453808307648
CelebDFv3,/root/Datasets/CelebDFv3/CelebDFv3/FAKE/FaceSwap/SimSwap/id48_id40_0001.mp4,FaceSwap/SimSwap,id48,id40,0,-4.571040630340576,4.571040630340576,0.0,90.26691436767578,30.0,0.0,0.0,0.004456706345081329,0.0056102583184838295,0.0021930658258497715,0.003916189074516296
CelebDFv3,/root/Datasets/CelebDFv3/CelebDFv3/FAKE/FaceSwap/UniFace/id25_id21_0008.mp4,FaceSwap/UniFace,id25,id21,0,0.8801204562187195,-0.8801204562187195,0.0,108.01514434814453,30.0,0.0,0.0,0.006677443627268076,0.002065773122012615,0.002369111869484186,0.003184086410328746
CelebDFv3,/root/Datasets/CelebDFv3/CelebDFv3/FAKE/TalkingFace/AniTalker/id51_0008_test_id01106_q01vvmTSJ9I.mp4,TalkingFace/AniTalker,id51,,0,-3.6396169662475586,3.6396169662475586,0.0,115.44229888916016,25.0,0.0,0.0,0.006279172841459513,0.00529348012059927,0.0059988354332745075,0.0059988354332745075
CelebDFv3,/root/Datasets/CelebDFv3/CelebDFv3/FAKE/TalkingFace/EDTalk/id26_0001_test_id03524_T8R_BWJi2KI.mp4,TalkingFace/EDTalk,id26,,0,3.6189465522766113,-3.6189465522766113,0.0,156.3485565185547,25.0,0.0,0.0,0.012508650310337543,0.009643285535275936,0.006173362024128437,0.006173362024128437
CelebDFv3,/root/Datasets/CelebDFv3/CelebDFv3/FAKE/TalkingFace/EchoMimic/id23_0000_test_id01509_6wp2Lht90Fw.mp4,TalkingFace/EchoMimic,id23,,0,4.1635332107543945,-4.1635332107543945,0.0,122.934814453125,24.0,0.0,0.0,0.0005837934440933168,0.0006568276439793408,0.0017973537323996425,0.0017973537323996425
CelebDFv3,/root/Datasets/CelebDFv3/CelebDFv3/FAKE/TalkingFace/FLOAT/id25_0007_test_id00812_uCF5yBvYa9k.mp4,TalkingFace/FLOAT,id25,,0,-1.0947755575180054,1.0947755575180054,0.0,145.03346252441406,25.0,0.0,0.0,0.013353899121284485,0.0064641693606972694,0.004746649879962206,0.004746649879962206
CelebDFv3,/root/Datasets/CelebDFv3/CelebDFv3/FAKE/TalkingFace/IP_LAP/id8_0004_test_id06816_9-ZbztA8Lh8.mp4,TalkingFace/IP_LAP,id8,,0,-6.519481658935547,6.519481658935547,0.0,328.7628479003906,25.0,0.0,0.0,0.013617248274385929,0.011427919380366802,0.00718280952423811,0.00718280952423811
CelebDFv3,/root/Datasets/CelebDFv3/CelebDFv3/FAKE/TalkingFace/Real3DPortrait/id31_0008_test_id04536_OYH-6uGB6jI.mp4,TalkingFace/Real3DPortrait,id31,,0,2.6777772903442383,-2.6777772903442383,0.0,125.29109954833984,25.0,0.0,0.0,0.011132221668958664,0.005307067185640335,0.005834290757775307,0.005834290757775307
CelebDFv3,/root/Datasets/CelebDFv3/CelebDFv3/FAKE/TalkingFace/SadTalker/id31_0006_test_id05654_lgnVNGGeF7E.mp4,TalkingFace/SadTalker,id31,,0,-13.943901062011719,13.943901062011719,0.0,246.36874389648438,25.0,0.0,0.0,0.0027813613414764404,0.004309314303100109,0.00807995442301035,0.00807995442301035
CelebDFv3,/root/Datasets/CelebDFv3/CelebDFv3/FAKE/FaceReenact/DaGAN/id31_id33_0009.mp4,FaceReenact/DaGAN,id31,id33,0,4.478509426116943,-4.478509426116943,0.0,104.95658874511719,30.0,1.0,0.015625,0.03983001038432121,0.007456768769770861,0.01838994026184082,0.01838994026184082
CelebDFv3,/root/Datasets/CelebDFv3/CelebDFv3/FAKE/FaceReenact/FSRT/id51_id49_0004.mp4,FaceReenact/FSRT,id51,id49,0,-0.08139917254447937,0.08139917254447937,0.0,96.3519058227539,20.0,1.0,0.296875,0.012188198044896126,0.008024652488529682,0.006172550842165947,0.006172550842165947
CelebDFv3,/root/Datasets/CelebDFv3/CelebDFv3/FAKE/FaceReenact/HyperReenact/id48_id44_0000.mp4,FaceReenact/HyperReenact,id48,id44,0,-0.860234260559082,0.860234260559082,0.0,128.33457946777344,25.0,0.0,0.0,0.005055662244558334,0.002312373835593462,0.005984914023429155,0.005984914023429155
CelebDFv3,/root/Datasets/CelebDFv3/CelebDFv3/FAKE/FaceReenact/LIA/id31_id16_0005.mp4,FaceReenact/LIA,id31,id16,0,1.2608376741409302,-1.2608376741409302,0.0,165.467041015625,30.0,1.0,0.46875,0.018683359026908875,0.010660827159881592,0.02562950924038887,0.02562950924038887
CelebDFv3,/root/Datasets/CelebDFv3/CelebDFv3/FAKE/FaceReenact/LivePortrait/id56_id54_0001.mp4,FaceReenact/LivePortrait,id56,id54,0,2.635043144226074,-2.635043144226074,0.0,117.11832427978516,30.0,1.0,0.140625,0.002106259809806943,0.007184672635048628,0.0028962288051843643,0.005186552181839943
CelebDFv3,/root/Datasets/CelebDFv3/CelebDFv3/FAKE/FaceReenact/MCNET/id23_id2_0006.mp4,FaceReenact/MCNET,id23,id2,0,7.1362409591674805,-7.1362409591674805,0.0,99.97270965576172,30.0,1.0,0.015625,0.01898808404803276,0.010485194623470306,0.008999173529446125,0.008999173529446125
CelebDFv3,/root/Datasets/CelebDFv3/CelebDFv3/FAKE/FaceReenact/TPSMM/id23_id31_0007.mp4,FaceReenact/TPSMM,id23,id31,0,7.296928882598877,-7.296928882598877,0.0,148.18812561035156,30.0,0.0,0.0,0.008691778406500816,0.0062429048120975494,0.0056957039050757885,0.0056957039050757885
CelebDFv3,/root/Datasets/CelebDFv3/CelebDFv3/FAKE/FaceSwap/BlendFace/id31_id34_0006.mp4,FaceSwap/BlendFace,id31,id34,0,-6.236451148986816,6.236451148986816,0.0,214.7653350830078,30.0,1.0,0.03125,0.004646509885787964,0.010516033507883549,0.0024516121484339237,0.00441497890278697
CelebDFv3,/root/Datasets/CelebDFv3/CelebDFv3/FAKE/FaceSwap/Celeb-DF-v2/id56_id57_0002.mp4,FaceSwap/Celeb-DF-v2,id56,id57,0,-1.8365793228149414,1.8365793228149414,0.0,94.2421646118164,30.0,0.0,0.0,0.006992809008806944,0.004333687014877796,0.003345774719491601,0.005991595797240734
CelebDFv3,/root/Datasets/CelebDFv3/CelebDFv3/FAKE/FaceSwap/GHOST/id23_id26_0001.mp4,FaceSwap/GHOST,id23,id26,0,3.5371527671813965,-3.5371527671813965,0.0,98.4242172241211,30.0,0.0,0.0,0.0023175664246082306,0.0034748753532767296,0.001989000476896763,0.0035350718535482883
CelebDFv3,/root/Datasets/CelebDFv3/CelebDFv3/FAKE/FaceSwap/HifiFace/id31_id1_0001.mp4,FaceSwap/HifiFace,id31,id1,0,1.8063372373580933,-1.8063372373580933,0.0,150.79867553710938,30.0,0.0,0.0,0.0024213744327425957,0.0026709497906267643,0.00208109593950212,0.0037477363366633654
CelebDFv3,/root/Datasets/CelebDFv3/CelebDFv3/FAKE/FaceSwap/InSwapper/id54_id55_0008.mp4,FaceSwap/InSwapper,id54,id55,0,-4.724940299987793,4.724940299987793,0.0,121.22793579101562,30.0,0.0,0.0,0.0020291374530643225,0.00315183331258595,0.0018124468624591827,0.0032457206398248672
CelebDFv3,/root/Datasets/CelebDFv3/CelebDFv3/FAKE/FaceSwap/MobileFaceSwap/id23_id22_0009.mp4,FaceSwap/MobileFaceSwap,id23,id22,0,5.796571731567383,-5.796571731567383,0.0,103.15620422363281,30.0,0.0,0.0,0.004112346097826958,0.004158603958785534,0.0035164295695722103,0.004655752796679735
CelebDFv3,/root/Datasets/CelebDFv3/CelebDFv3/FAKE/FaceSwap/SimSwap/id31_id29_0000.mp4,FaceSwap/SimSwap,id31,id29,0,0.14361318945884705,-0.14361318945884705,0.0,118.76385498046875,30.0,0.0,0.0,0.0038109691813588142,0.007072771899402142,0.0034845939371734858,0.006275222636759281
CelebDFv3,/root/Datasets/CelebDFv3/CelebDFv3/FAKE/FaceSwap/UniFace/id23_id3_0009.mp4,FaceSwap/UniFace,id23,id3,0,4.090099811553955,-4.090099811553955,0.0,106.51234436035156,30.0,0.0,0.0,0.0038832954596728086,0.004579090978950262,0.0031712171621620655,0.004198691342025995
CelebDFv3,/root/Datasets/CelebDFv3/CelebDFv3/FAKE/TalkingFace/AniTalker/id8_0008_test_id01460_oxJYG8REHG8.mp4,TalkingFace/AniTalker,id8,,0,-4.326807975769043,4.326807975769043,0.0,152.74913024902344,25.0,0.0,0.0,0.005183433648198843,0.0035627223551273346,0.004616755060851574,0.004616755060851574
CelebDFv3,/root/Datasets/CelebDFv3/CelebDFv3/FAKE/TalkingFace/EDTalk/id23_0005_test_id01228_555V_nuzxtA.mp4,TalkingFace/EDTalk,id23,,0,5.866324424743652,-5.866324424743652,0.0,115.8995132446289,25.0,0.0,0.0,0.012921061366796494,0.010977903380990028,0.006540082860738039,0.006540082860738039
CelebDFv3,/root/Datasets/CelebDFv3/CelebDFv3/FAKE/TalkingFace/EchoMimic/id31_0006_test_id05055_Z0DjeR0jKFs.mp4,TalkingFace/EchoMimic,id31,,0,-11.40705394744873,11.40705394744873,0.0,212.9167938232422,24.0,0.0,0.0,0.00969686172902584,0.012385223060846329,0.010626927018165588,0.010626927018165588
CelebDFv3,/root/Datasets/CelebDFv3/CelebDFv3/FAKE/TalkingFace/FLOAT/id25_0003_test_id08374_rOOlBgksuAY.mp4,TalkingFace/FLOAT,id25,,0,-0.3610330820083618,0.3610330820083618,0.0,175.67547607421875,25.0,0.0,0.0,0.009006706066429615,0.006711318623274565,0.007552242837846279,0.007552242837846279
CelebDFv3,/root/Datasets/CelebDFv3/CelebDFv3/FAKE/TalkingFace/IP_LAP/id59_0001_test_id05459_3TI6dVmEwzw.mp4,TalkingFace/IP_LAP,id59,,0,4.605126857757568,-4.605126857757568,0.0,292.95013427734375,25.0,0.0,0.0,0.013735300861299038,0.004826377611607313,0.00519159808754921,0.00519159808754921
CelebDFv3,/root/Datasets/CelebDFv3/CelebDFv3/FAKE/TalkingFace/Real3DPortrait/id26_0001_test_id03789_KMozTvI2He0.mp4,TalkingFace/Real3DPortrait,id26,,0,5.085099697113037,-5.085099697113037,0.0,128.2392120361328,25.0,0.0,0.0,0.013060245662927628,0.004775294568389654,0.004542561247944832,0.004542561247944832
CelebDFv3,/root/Datasets/CelebDFv3/CelebDFv3/FAKE/TalkingFace/SadTalker/id26_0007_test_id05055_9wdCne17C3Y.mp4,TalkingFace/SadTalker,id26,,0,1.4558911323547363,-1.4558911323547363,0.0,272.8895568847656,25.0,0.0,0.0,0.004201306961476803,0.013712793588638306,0.007093607448041439,0.007566514890640974
CelebDFv3,/root/Datasets/CelebDFv3/CelebDFv3/FAKE/FaceReenact/DaGAN/id23_id25_0007.mp4,FaceReenact/DaGAN,id23,id25,0,4.516168594360352,-4.516168594360352,0.0,95.78575897216797,30.0,1.0,0.15625,0.010733968578279018,0.0065264347940683365,0.010187276639044285,0.010187276639044285
CelebDFv3,/root/Datasets/CelebDFv3/CelebDFv3/FAKE/FaceReenact/FSRT/id11_id7_0009.mp4,FaceReenact/FSRT,id11,id7,0,-0.8547143936157227,0.8547143936157227,0.0,109.49705505371094,20.0,0.0,0.0,0.007652096450328827,0.006386761553585529,0.006058189552277327,0.006058189552277327
CelebDFv3,/root/Datasets/CelebDFv3/CelebDFv3/FAKE/FaceReenact/HyperReenact/id11_id7_0008.mp4,FaceReenact/HyperReenact,id11,id7,0,0.7506415843963623,-0.7506415843963623,0.0,116.9378890991211,25.0,0.0,0.0,0.00444111367687583,0.0030203047208487988,0.007470663636922836,0.007470663636922836
CelebDFv3,/root/Datasets/CelebDFv3/CelebDFv3/FAKE/FaceReenact/LIA/id54_id57_0006.mp4,FaceReenact/LIA,id54,id57,0,-2.2528276443481445,2.2528276443481445,0.0,201.31072998046875,29.0,0.0,0.0,0.0064073470421135426,0.007584220729768276,0.010001197457313538,0.010001197457313538
CelebDFv3,/root/Datasets/CelebDFv3/CelebDFv3/FAKE/FaceReenact/LivePortrait/id23_id22_0009.mp4,FaceReenact/LivePortrait,id23,id22,0,-3.9190621376037598,3.9190621376037598,0.0,143.0638427734375,30.0,1.0,0.375,0.0026659953873604536,0.0025924118235707283,0.003496362827718258,0.004629184026271105
CelebDFv3,/root/Datasets/CelebDFv3/CelebDFv3/FAKE/FaceReenact/MCNET/id48_id44_0000.mp4,FaceReenact/MCNET,id48,id44,0,-2.327932357788086,2.327932357788086,0.0,135.86203002929688,30.0,0.0,0.0,0.01025717705488205,0.015263413079082966,0.008200574666261673,0.008200574666261673
CelebDFv3,/root/Datasets/CelebDFv3/CelebDFv3/FAKE/FaceReenact/TPSMM/id23_id22_0009.mp4,FaceReenact/TPSMM,id23,id22,0,4.281431198120117,-4.281431198120117,0.0,101.25946807861328,30.0,0.0,0.0,0.022622719407081604,0.016881590709090233,0.019913218915462494,0.019913218915462494
CelebDFv3,/root/Datasets/CelebDFv3/CelebDFv3/FAKE/FaceSwap/BlendFace/id26_id29_0008.mp4,FaceSwap/BlendFace,id26,id29,0,-2.1833364963531494,2.1833364963531494,0.0,123.70553588867188,30.0,0.0,0.0,0.006306888069957495,0.005286634899675846,0.004879383835941553,0.008885164745151997
CelebDFv3,/root/Datasets/CelebDFv3/CelebDFv3/FAKE/FaceSwap/Celeb-DF-v2/id23_id29_0006.mp4,FaceSwap/Celeb-DF-v2,id23,id29,0,2.042053699493408,-2.042053699493408,0.0,133.40396118164062,30.0,0.0,0.0,0.006461065262556076,0.0037715365178883076,0.0017910730093717575,0.002373171504586935
CelebDFv3,/root/Datasets/CelebDFv3/CelebDFv3/FAKE/FaceSwap/GHOST/id26_id24_0001.mp4,FaceSwap/GHOST,id26,id24,0,1.5874897241592407,-1.5874897241592407,0.0,97.54192352294922,30.0,0.0,0.0,0.00893891416490078,0.005188430659472942,0.002354111522436142,0.004229420330375433
CelebDFv3,/root/Datasets/CelebDFv3/CelebDFv3/FAKE/FaceSwap/HifiFace/id31_id2_0005.mp4,FaceSwap/HifiFace,id31,id2,0,0.33604711294174194,-0.33604711294174194,0.0,130.2144012451172,30.0,0.0,0.0,0.005240207072347403,0.004127883818000555,0.0020431249868124723,0.0036793563049286604
CelebDFv3,/root/Datasets/CelebDFv3/CelebDFv3/FAKE/FaceSwap/InSwapper/id23_id29_0005.mp4,FaceSwap/InSwapper,id23,id29,0,2.1965556144714355,-2.1965556144714355,0.0,100.92286682128906,30.0,0.0,0.0,0.006178314331918955,0.002271821489557624,0.0035741368774324656,0.0073161860927939415
CelebDFv3,/root/Datasets/CelebDFv3/CelebDFv3/FAKE/FaceSwap/MobileFaceSwap/id23_id38_0001.mp4,FaceSwap/MobileFaceSwap,id23,id38,0,2.8498382568359375,-2.8498382568359375,0.0,99.79572296142578,30.0,0.0,0.0,0.004005515482276678,0.01337308157235384,0.011492559686303139,0.02042585238814354
CelebDFv3,/root/Datasets/CelebDFv3/CelebDFv3/FAKE/FaceSwap/SimSwap/id25_id23_0005.mp4,FaceSwap/SimSwap,id25,id23,0,0.026196837425231934,-0.026196837425231934,0.0,87.69005584716797,30.0,0.0,0.0,0.01205864641815424,0.0034367255866527557,0.004694357048720121,0.006966426502913237
CelebDFv3,/root/Datasets/CelebDFv3/CelebDFv3/FAKE/FaceSwap/UniFace/id51_id55_0004.mp4,FaceSwap/UniFace,id51,id55,0,-8.168807029724121,8.168807029724121,0.0,102.0212631225586,29.0,1.0,0.21875,0.003417908912524581,0.0047926511615514755,0.0024718705099076033,0.004426613450050354
CelebDFv3,/root/Datasets/CelebDFv3/CelebDFv3/FAKE/TalkingFace/AniTalker/id48_0001_test_id04295_GLhfd-vlEOM.mp4,TalkingFace/AniTalker,id48,,0,-2.531907081604004,2.531907081604004,0.0,108.42961883544922,25.0,0.0,0.0,0.0040200273506343365,0.002462421776726842,0.0038600193802267313,0.0038600193802267313
CelebDFv3,/root/Datasets/CelebDFv3/CelebDFv3/FAKE/TalkingFace/EDTalk/id11_0010_test_id04656_6N_AmGKcdZo.mp4,TalkingFace/EDTalk,id11,,0,-0.022879675030708313,0.022879675030708313,0.0,112.79174041748047,25.0,0.0,0.0,0.01192760095000267,0.013260310515761375,0.0077088987454771996,0.0077088987454771996
CelebDFv3,/root/Datasets/CelebDFv3/CelebDFv3/FAKE/TalkingFace/EchoMimic/id22_0006_test_id03030_wcPmp1C6XeU.mp4,TalkingFace/EchoMimic,id22,,0,4.153252601623535,-4.153252601623535,0.0,125.7573471069336,24.0,0.0,0.0,0.005840717814862728,0.010210514068603516,0.006648843642324209,0.006648843642324209
CelebDFv3,/root/Datasets/CelebDFv3/CelebDFv3/FAKE/TalkingFace/FLOAT/id8_0006_test_id01298_xv4IT9v17l4.mp4,TalkingFace/FLOAT,id8,,0,-6.730474948883057,6.730474948883057,0.0,133.32533264160156,25.0,0.0,0.0,0.011486266739666462,0.009286969900131226,0.008540332317352295,0.008540332317352295
CelebDFv3,/root/Datasets/CelebDFv3/CelebDFv3/FAKE/TalkingFace/IP_LAP/id59_0009_test_id08374_nrw4btrElp8.mp4,TalkingFace/IP_LAP,id59,,0,-0.5161421298980713,0.5161421298980713,0.0,153.02871704101562,25.0,1.0,0.03125,0.019828325137495995,0.014787734486162663,0.009549806825816631,0.009549806825816631
CelebDFv3,/root/Datasets/CelebDFv3/CelebDFv3/FAKE/TalkingFace/Real3DPortrait/id31_0000_test_id00081_OP-1HtS2Jmo.mp4,TalkingFace/Real3DPortrait,id31,,0,-2.3213186264038086,2.3213186264038086,0.0,120.5943832397461,25.0,1.0,0.03125,0.012639985419809818,0.006030452903360128,0.012835425324738026,0.012835425324738026
CelebDFv3,/root/Datasets/CelebDFv3/CelebDFv3/FAKE/TalkingFace/SadTalker/id51_0003_test_id01228_ITBk58yOpCM.mp4,TalkingFace/SadTalker,id51,,0,-2.577197551727295,2.577197551727295,0.0,248.3175506591797,25.0,0.0,0.0,0.0028991783037781715,0.00913233682513237,0.01091895904392004,0.010276666842401028
CelebDFv3,/root/Datasets/CelebDFv3/CelebDFv3/FAKE/FaceReenact/DaGAN/id23_id1_0002.mp4,FaceReenact/DaGAN,id23,id1,0,-1.5028727054595947,1.5028727054595947,0.0,116.93283081054688,30.0,0.0,0.0,0.008528105914592743,0.003702531335875392,0.007528671994805336,0.007528671994805336
CelebDFv3,/root/Datasets/CelebDFv3/CelebDFv3/FAKE/FaceReenact/FSRT/id23_id30_0002.mp4,FaceReenact/FSRT,id23,id30,0,0.4438892602920532,-0.4438892602920532,0.0,94.92695617675781,20.0,0.0,0.0,0.0160442553460598,0.007052409928292036,0.00801214762032032,0.00801214762032032
CelebDFv3,/root/Datasets/CelebDFv3/CelebDFv3/FAKE/FaceReenact/HyperReenact/id51_id56_0005.mp4,FaceReenact/HyperReenact,id51,id56,0,-1.2792603969573975,1.2792603969573975,0.0,158.4530029296875,25.0,0.0,0.0,0.004106819164007902,0.0025011433754116297,0.007611362263560295,0.007611362263560295
CelebDFv3,/root/Datasets/CelebDFv3/CelebDFv3/FAKE/FaceReenact/LIA/id51_id49_0001.mp4,FaceReenact/LIA,id51,id49,0,-0.6019036173820496,0.6019036173820496,0.0,210.88926696777344,30.0,0.0,0.0,0.011060455814003944,0.0051829940639436245,0.0075143128633499146,0.0075143128633499146
CelebDFv3,/root/Datasets/CelebDFv3/CelebDFv3/FAKE/FaceReenact/LivePortrait/id48_id45_0008.mp4,FaceReenact/LivePortrait,id48,id45,0,-4.73679780960083,4.73679780960083,0.0,136.63685607910156,30.0,0.0,0.0,0.0032237847335636616,0.004832541104406118,0.0037807319313287735,0.0037656091153621674
CelebDFv3,/root/Datasets/CelebDFv3/CelebDFv3/FAKE/FaceReenact/MCNET/id23_id0_0008.mp4,FaceReenact/MCNET,id23,id0,0,0.4210958480834961,-0.4210958480834961,0.0,87.0696792602539,30.0,1.0,0.296875,0.012632764875888824,0.009380802512168884,0.008375966921448708,0.008375966921448708
CelebDFv3,/root/Datasets/CelebDFv3/CelebDFv3/FAKE/FaceReenact/TPSMM/id26_id6_0006.mp4,FaceReenact/TPSMM,id26,id6,0,1.845952033996582,-1.845952033996582,0.0,237.65805053710938,30.0,1.0,0.28125,0.01573283039033413,0.010996568948030472,0.018813638016581535,0.018813638016581535
CelebDFv3,/root/Datasets/CelebDFv3/CelebDFv3/FAKE/FaceSwap/BlendFace/id31_id32_0001.mp4,FaceSwap/BlendFace,id31,id32,0,4.909392356872559,-4.909392356872559,0.0,145.52655029296875,30.0,0.0,0.0,0.001967446180060506,0.0030381339602172375,0.0017953936476260424,0.003233229974284768
CelebDFv3,/root/Datasets/CelebDFv3/CelebDFv3/FAKE/FaceSwap/Celeb-DF-v2/id56_id49_0000.mp4,FaceSwap/Celeb-DF-v2,id56,id49,0,-2.7492573261260986,2.7492573261260986,0.0,90.48222351074219,30.0,0.0,0.0,0.0033362451940774918,0.005002615973353386,0.002544957445934415,0.00455749686807394
CelebDFv3,/root/Datasets/CelebDFv3/CelebDFv3/FAKE/FaceSwap/GHOST/id51_id53_0006.mp4,FaceSwap/GHOST,id51,id53,0,0.6359106302261353,-0.6359106302261353,0.0,135.6817169189453,29.900009155273438,0.0,0.0,0.002544901566579938,0.02390269935131073,0.003556390991434455,0.006368767004460096
CelebDFv3,/root/Datasets/CelebDFv3/CelebDFv3/FAKE/FaceSwap/HifiFace/id51_id49_0005.mp4,FaceSwap/HifiFace,id51,id49,0,-4.068991184234619,4.068991184234619,0.0,130.29568481445312,30.0,0.0,0.0,0.010762629099190235,0.02165723778307438,0.0025797176640480757,0.004619745537638664
CelebDFv3,/root/Datasets/CelebDFv3/CelebDFv3/FAKE/FaceSwap/InSwapper/id31_id29_0000.mp4,FaceSwap/InSwapper,id31,id29,0,-2.059950351715088,2.059950351715088,0.0,118.48609161376953,30.0,0.0,0.0,0.0036490517668426037,0.00689023919403553,0.0032467443961650133,0.005846891086548567
CelebDFv3,/root/Datasets/CelebDFv3/CelebDFv3/FAKE/FaceSwap/MobileFaceSwap/id48_id42_0003.mp4,FaceSwap/MobileFaceSwap,id48,id42,0,-2.898961067199707,2.898961067199707,0.0,97.52978515625,30.0,1.0,0.09375,0.007751103490591049,0.02343623898923397,0.015171635895967484,0.027092207223176956
CelebDFv3,/root/Datasets/CelebDFv3/CelebDFv3/FAKE/FaceSwap/SimSwap/id48_id47_0008.mp4,FaceSwap/SimSwap,id48,id47,0,-1.3708220720291138,1.3708220720291138,0.0,127.70922088623047,30.0,0.0,0.0,0.002701429883018136,0.0025711706839501858,0.0023301520850509405,0.0023208316415548325
CelebDFv3,/root/Datasets/CelebDFv3/CelebDFv3/FAKE/FaceSwap/UniFace/id23_id34_0000.mp4,FaceSwap/UniFace,id23,id34,0,0.7168272733688354,-0.7168272733688354,0.0,105.06456756591797,30.0,0.0,0.0,0.0016227600863203406,0.0018227673135697842,0.0010304891038686037,0.0018314995104447007
CelebDFv3,/root/Datasets/CelebDFv3/CelebDFv3/FAKE/TalkingFace/AniTalker/id22_0001_test_id01106_R0NC1aAEl4w.mp4,TalkingFace/AniTalker,id22,,0,3.8833115100860596,-3.8833115100860596,0.0,109.85901641845703,25.0,0.0,0.0,0.005441639106720686,0.005101474933326244,0.003985399380326271,0.003985399380326271
CelebDFv3,/root/Datasets/CelebDFv3/CelebDFv3/FAKE/TalkingFace/EDTalk/id51_0001_test_id02465_TbOsi8GikfM.mp4,TalkingFace/EDTalk,id51,,0,1.0795202255249023,-1.0795202255249023,0.0,154.56675720214844,25.0,0.0,0.0,0.013997122645378113,0.008954957127571106,0.007248894777148962,0.007248894777148962
CelebDFv3,/root/Datasets/CelebDFv3/CelebDFv3/FAKE/TalkingFace/EchoMimic/id25_0003_test_id06811_szilQ-DsQIo.mp4,TalkingFace/EchoMimic,id25,,0,3.3224618434906006,-3.3224618434906006,0.0,184.8725128173828,24.0,0.0,0.0,0.013676144182682037,0.007776293903589249,0.007460893131792545,0.007460893131792545
CelebDFv3,/root/Datasets/CelebDFv3/CelebDFv3/FAKE/TalkingFace/FLOAT/id23_0003_test_id05055_n6FlxBOgOy4.mp4,TalkingFace/FLOAT,id23,,0,-1.1922770738601685,1.1922770738601685,0.0,105.68539428710938,25.0,0.0,0.0,0.013988050632178783,0.007066411431878805,0.007971229963004589,0.007971229963004589
CelebDFv3,/root/Datasets/CelebDFv3/CelebDFv3/FAKE/TalkingFace/IP_LAP/id31_0002_test_id00562_9LAZqHI80BY.mp4,TalkingFace/IP_LAP,id31,,0,-1.0299725532531738,1.0299725532531738,0.0,110.37456512451172,25.0,1.0,0.03125,0.04375423863530159,0.005268190987408161,0.05253222584724426,0.05253222584724426
CelebDFv3,/root/Datasets/CelebDFv3/CelebDFv3/FAKE/TalkingFace/Real3DPortrait/id25_0001_test_id02576_5dQTvY26piw.mp4,TalkingFace/Real3DPortrait,id25,,0,1.989562749862671,-1.989562749862671,0.0,152.0099639892578,25.0,1.0,0.984375,0.0,0.0,0.0,0.0
CelebDFv3,/root/Datasets/CelebDFv3/CelebDFv3/FAKE/TalkingFace/SadTalker/id25_0005_test_id01822_jmFGgwXCuW0.mp4,TalkingFace/SadTalker,id25,,0,2.090308904647827,-2.090308904647827,0.0,114.75535583496094,25.0,0.0,0.0,0.0026142827700823545,0.007672252599149942,0.0051596262492239475,0.0051596262492239475
CelebDFv3,/root/Datasets/CelebDFv3/CelebDFv3/FAKE/FaceReenact/DaGAN/id59_id5_0004.mp4,FaceReenact/DaGAN,id59,id5,0,-2.020313262939453,2.020313262939453,0.0,197.8891143798828,30.0,1.0,0.03125,0.03845665603876114,0.017663296312093735,0.0146015090867877,0.0146015090867877
CelebDFv3,/root/Datasets/CelebDFv3/CelebDFv3/FAKE/FaceReenact/FSRT/id51_id50_0008.mp4,FaceReenact/FSRT,id51,id50,0,-2.906217098236084,2.906217098236084,0.0,105.36304473876953,20.0,0.0,0.0,0.009058709256350994,0.007861034013330936,0.015450969338417053,0.015450969338417053
CelebDFv3,/root/Datasets/CelebDFv3/CelebDFv3/FAKE/FaceReenact/HyperReenact/id26_id29_0008.mp4,FaceReenact/HyperReenact,id26,id29,0,-0.73447585105896,0.73447585105896,0.0,132.531494140625,25.0,0.0,0.0,0.003547506406903267,0.003127619158476591,0.007264927960932255,0.007264927960932255
CelebDFv3,/root/Datasets/CelebDFv3/CelebDFv3/FAKE/FaceReenact/LIA/id26_id0_0000.mp4,FaceReenact/LIA,id26,id0,0,4.544099807739258,-4.544099807739258,0.0,124.30402374267578,30.0,1.0,0.53125,0.008998787961900234,0.0016437734011560678,0.007766379043459892,0.007766379043459892
CelebDFv3,/root/Datasets/CelebDFv3/CelebDFv3/FAKE/FaceReenact/LivePortrait/id56_id54_0008.mp4,FaceReenact/LivePortrait,id56,id54,0,-2.306547164916992,2.306547164916992,0.0,113.78042602539062,30.0,0.0,0.0,0.0019542386289685965,0.0020121950656175613,0.0024149599485099316,0.004324698355048895
CelebDFv3,/root/Datasets/CelebDFv3/CelebDFv3/FAKE/FaceReenact/MCNET/id26_id30_0003.mp4,FaceReenact/MCNET,id26,id30,0,8.100191116333008,-8.100191116333008,0.0,225.17494201660156,30.0,0.0,0.0,0.016260618343949318,0.014028463512659073,0.009326550178229809,0.009326550178229809
CelebDFv3,/root/Datasets/CelebDFv3/CelebDFv3/FAKE/FaceReenact/TPSMM/id23_id29_0002.mp4,FaceReenact/TPSMM,id23,id29,0,1.1163756847381592,-1.1163756847381592,0.0,84.56481170654297,30.0,1.0,0.453125,0.012943956069648266,0.007901150733232498,0.013606260530650616,0.013606260530650616
CelebDFv3,/root/Datasets/CelebDFv3/CelebDFv3/FAKE/FaceSwap/BlendFace/id31_id26_0007.mp4,FaceSwap/BlendFace,id31,id26,0,-6.47769832611084,6.47769832611084,0.0,245.4263458251953,30.0,0.0,0.0,0.008799314498901367,0.003593423403799534,0.008224982768297195,0.01481193769723177
CelebDFv3,/root/Datasets/CelebDFv3/CelebDFv3/FAKE/FaceSwap/Celeb-DF-v2/id23_id24_0007.mp4,FaceSwap/Celeb-DF-v2,id23,id24,0,-0.6244961023330688,0.6244961023330688,0.0,147.2386932373047,30.0,0.0,0.0,0.010709497146308422,0.027754707261919975,0.005311085842549801,0.009317293763160706
CelebDFv3,/root/Datasets/CelebDFv3/CelebDFv3/FAKE/FaceSwap/GHOST/id23_id4_0007.mp4,FaceSwap/GHOST,id23,id4,0,-1.716249942779541,1.716249942779541,0.0,144.56402587890625,30.0,0.0,0.0,0.0117810582742095,0.03492286056280136,0.006505817174911499,0.011413222178816795
CelebDFv3,/root/Datasets/CelebDFv3/CelebDFv3/FAKE/FaceSwap/HifiFace/id23_id27_0006.mp4,FaceSwap/HifiFace,id23,id27,0,2.043966770172119,-2.043966770172119,0.0,122.32579803466797,30.0,0.0,0.0,0.010028806515038013,0.0036547149065881968,0.004368199966847897,0.005787863861769438
CelebDFv3,/root/Datasets/CelebDFv3/CelebDFv3/FAKE/FaceSwap/InSwapper/id56_id57_0008.mp4,FaceSwap/InSwapper,id56,id57,0,1.890329122543335,-1.890329122543335,0.0,96.79161071777344,30.0,0.0,0.0,0.00479760579764843,0.003109011799097061,0.002056344412267208,0.0036824916023761034
CelebDFv3,/root/Datasets/CelebDFv3/CelebDFv3/FAKE/FaceSwap/MobileFaceSwap/id26_id33_0006.mp4,FaceSwap/MobileFaceSwap,id26,id33,0,0.5306605100631714,-0.5306605100631714,0.0,248.40989685058594,30.0,1.0,0.03125,0.014673992991447449,0.00504119461402297,0.004727974068373442,0.008609455078840256
CelebDFv3,/root/Datasets/CelebDFv3/CelebDFv3/FAKE/FaceSwap/SimSwap/id56_id55_0001.mp4,FaceSwap/SimSwap,id56,id55,0,-1.3765976428985596,1.3765976428985596,0.0,114.00740814208984,30.0,0.0,0.0,0.003624207805842161,0.009682223200798035,0.0026521659456193447,0.004749485291540623
CelebDFv3,/root/Datasets/CelebDFv3/CelebDFv3/FAKE/FaceSwap/UniFace/id31_id34_0004.mp4,FaceSwap/UniFace,id31,id34,0,2.026435375213623,-2.026435375213623,0.0,165.74609375,30.0,0.0,0.0,0.0050278399139642715,0.003176082856953144,0.002275427570566535,0.0040976982563734055
CelebDFv3,/root/Datasets/CelebDFv3/CelebDFv3/FAKE/TalkingFace/AniTalker/id26_0004_test_id05654_veGIQ7p2ZSk.mp4,TalkingFace/AniTalker,id26,,0,-2.8056411743164062,2.8056411743164062,0.0,113.822265625,25.0,0.0,0.0,0.009820345789194107,0.005034741945564747,0.0057617854326963425,0.0057617854326963425
CelebDFv3,/root/Datasets/CelebDFv3/CelebDFv3/FAKE/TalkingFace/EDTalk/id25_0007_test_id00926_daYw42Tsdgs.mp4,TalkingFace/EDTalk,id25,,0,2.3623833656311035,-2.3623833656311035,0.0,165.0941619873047,25.0,0.0,0.0,0.011525633744895458,0.009280625730752945,0.0058463397435843945,0.0058463397435843945
CelebDFv3,/root/Datasets/CelebDFv3/CelebDFv3/FAKE/TalkingFace/EchoMimic/id11_0004_test_id05015_cveAkY4KXUk.mp4,TalkingFace/EchoMimic,id11,,0,6.796083450317383,-6.796083450317383,0.0,165.60365295410156,24.0,0.0,0.0,0.005540694575756788,0.00562177412211895,0.004523162264376879,0.004523162264376879
CelebDFv3,/root/Datasets/CelebDFv3/CelebDFv3/FAKE/TalkingFace/FLOAT/id25_0005_test_id01106_6SFpvp42pMA.mp4,TalkingFace/FLOAT,id25,,0,2.052029609680176,-2.052029609680176,0.0,101.72252655029297,25.0,0.0,0.0,0.01644906960427761,0.01417586114257574,0.008336475118994713,0.008336475118994713
CelebDFv3,/root/Datasets/CelebDFv3/CelebDFv3/FAKE/TalkingFace/IP_LAP/id23_0006_test_id02057_QZYXK4dWZoY.mp4,TalkingFace/IP_LAP,id23,,0,7.628670692443848,-7.628670692443848,0.0,115.55131530761719,25.0,0.0,0.0,0.018755869939923286,0.008187292143702507,0.00867295078933239,0.00867295078933239
CelebDFv3,/root/Datasets/CelebDFv3/CelebDFv3/FAKE/TalkingFace/Real3DPortrait/id22_0004_test_id02576_bY-XT2wrs10.mp4,TalkingFace/Real3DPortrait,id22,,0,7.85433292388916,-7.85433292388916,0.0,135.8735809326172,25.0,0.0,0.0,0.011310790665447712,0.006337918806821108,0.0050007663667202,0.0050007663667202
CelebDFv3,/root/Datasets/CelebDFv3/CelebDFv3/FAKE/TalkingFace/SadTalker/id59_0007_test_id07621_50AxdGn25as.mp4,TalkingFace/SadTalker,id59,,0,-2.276904582977295,2.276904582977295,0.0,112.79427337646484,25.0,0.0,0.0,0.002887801732867956,0.005074046552181244,0.005778137594461441,0.006163346581161022
CelebDFv3,/root/Datasets/CelebDFv3/CelebDFv3/FAKE/FaceReenact/DaGAN/id8_id1_0003.mp4,FaceReenact/DaGAN,id8,id1,0,-6.880927085876465,6.880927085876465,0.0,103.41158294677734,30.0,1.0,0.03125,0.012092591263353825,0.005558667704463005,0.006608744617551565,0.006608744617551565
CelebDFv3,/root/Datasets/CelebDFv3/CelebDFv3/FAKE/FaceReenact/FSRT/id59_id61_0004.mp4,FaceReenact/FSRT,id59,id61,0,2.256368398666382,-2.256368398666382,0.0,234.051025390625,20.0,0.0,0.0,0.007867872714996338,0.010697162710130215,0.0053739771246910095,0.0053739771246910095
CelebDFv3,/root/Datasets/CelebDFv3/CelebDFv3/FAKE/FaceReenact/HyperReenact/id23_id16_0007.mp4,FaceReenact/HyperReenact,id23,id16,0,-2.6682376861572266,2.6682376861572266,0.0,118.7938232421875,25.0,0.0,0.0,0.00166259182151407,0.0018142652697861195,0.0031031433027237654,0.0031031433027237654
CelebDFv3,/root/Datasets/CelebDFv3/CelebDFv3/FAKE/FaceReenact/LIA/id23_id30_0009.mp4,FaceReenact/LIA,id23,id30,0,4.296652317047119,-4.296652317047119,0.0,136.3392791748047,30.0,0.0,0.0,0.006946824491024017,0.003102799179032445,0.006812017410993576,0.006812017410993576
CelebDFv3,/root/Datasets/CelebDFv3/CelebDFv3/FAKE/FaceReenact/LivePortrait/id11_id7_0003.mp4,FaceReenact/LivePortrait,id11,id7,0,-7.7433929443359375,7.7433929443359375,0.0,141.02313232421875,30.0,0.0,0.0,0.006035680882632732,0.011225727386772633,0.0053503126837313175,0.010165594518184662
CelebDFv3,/root/Datasets/CelebDFv3/CelebDFv3/FAKE/FaceReenact/MCNET/id11_id7_0004.mp4,FaceReenact/MCNET,id11,id7,0,8.712236404418945,-8.712236404418945,0.0,149.0845184326172,30.0,0.0,0.0,0.0075974659994244576,0.002951899077743292,0.00551970861852169,0.00551970861852169
CelebDFv3,/root/Datasets/CelebDFv3/CelebDFv3/FAKE/FaceReenact/TPSMM/id11_id7_0003.mp4,FaceReenact/TPSMM,id11,id7,0,-0.6208710074424744,0.6208710074424744,0.0,120.03486633300781,30.0,0.0,0.0,0.02005656436085701,0.01052031945437193,0.013456126675009727,0.013456126675009727
CelebDFv3,/root/Datasets/CelebDFv3/CelebDFv3/FAKE/FaceSwap/BlendFace/id25_id19_0003.mp4,FaceSwap/BlendFace,id25,id19,0,-2.8855161666870117,2.8855161666870117,0.0,156.80563354492188,30.0,0.0,0.0,0.008057933300733566,0.007497195620089769,0.002997333649545908,0.005397740285843611
CelebDFv3,/root/Datasets/CelebDFv3/CelebDFv3/FAKE/FaceSwap/Celeb-DF-v2/id48_id43_0008.mp4,FaceSwap/Celeb-DF-v2,id48,id43,0,-10.471904754638672,10.471904754638672,0.0,165.29391479492188,30.0,0.0,0.0,0.0025331000797450542,0.0028752461075782776,0.002906645415350795,0.002895018784329295
CelebDFv3,/root/Datasets/CelebDFv3/CelebDFv3/FAKE/FaceSwap/GHOST/id56_id58_0006.mp4,FaceSwap/GHOST,id56,id58,0,2.0216684341430664,-2.0216684341430664,0.0,75.64107513427734,30.0,0.0,0.0,0.0066724177449941635,0.005367671139538288,0.002002015011385083,0.0035851988941431046
CelebDFv3,/root/Datasets/CelebDFv3/CelebDFv3/FAKE/FaceSwap/HifiFace/id23_id17_0000.mp4,FaceSwap/HifiFace,id23,id17,0,-0.050409287214279175,0.050409287214279175,0.0,101.7573013305664,30.0,0.0,0.0,0.001850478700362146,0.0019333276432007551,0.0012776623480021954,0.002270803088322282
CelebDFv3,/root/Datasets/CelebDFv3/CelebDFv3/FAKE/FaceSwap/InSwapper/id25_id20_0005.mp4,FaceSwap/InSwapper,id25,id20,0,-1.3974214792251587,1.3974214792251587,0.0,85.65680694580078,30.0,0.0,0.0,0.012318141758441925,0.003110415069386363,0.004870743025094271,0.007228182628750801
CelebDFv3,/root/Datasets/CelebDFv3/CelebDFv3/FAKE/FaceSwap/MobileFaceSwap/id26_id37_0000.mp4,FaceSwap/MobileFaceSwap,id26,id37,0,4.357721328735352,-4.357721328735352,0.0,158.39669799804688,30.0,0.0,0.0,0.0023396380711346865,0.0015297412173822522,0.00233044708147645,0.004186904989182949
CelebDFv3,/root/Datasets/CelebDFv3/CelebDFv3/FAKE/FaceSwap/SimSwap/id25_id23_0000.mp4,FaceSwap/SimSwap,id25,id23,0,-0.8951557278633118,0.8951557278633118,0.0,144.44688415527344,30.0,0.0,0.0,0.0241487268358469,0.02332475781440735,0.010382568463683128,0.01869742013514042
CelebDFv3,/root/Datasets/CelebDFv3/CelebDFv3/FAKE/FaceSwap/UniFace/id11_id7_0000.mp4,FaceSwap/UniFace,id11,id7,0,-3.4508299827575684,3.4508299827575684,0.0,82.26075744628906,30.0,1.0,0.15625,0.0037119751796126366,0.003451218130066991,0.003656951244920492,0.003291256260126829
CelebDFv3,/root/Datasets/CelebDFv3/CelebDFv3/FAKE/TalkingFace/AniTalker/id59_0004_test_id05015_0SsJwWGC0c4.mp4,TalkingFace/AniTalker,id59,,0,8.216496467590332,-8.216496467590332,0.0,242.0109100341797,25.0,0.0,0.0,0.007585443556308746,0.005444439128041267,0.005797675810754299,0.005797675810754299
CelebDFv3,/root/Datasets/CelebDFv3/CelebDFv3/FAKE/TalkingFace/EDTalk/id22_0001_test_id06484_oG2N7E2Pu60.mp4,TalkingFace/EDTalk,id22,,0,2.803388833999634,-2.803388833999634,0.0,116.40108489990234,25.0,0.0,0.0,0.014083641581237316,0.009548451751470566,0.007141824811697006,0.007141824811697006
CelebDFv3,/root/Datasets/CelebDFv3/CelebDFv3/FAKE/TalkingFace/EchoMimic/id54_0006_test_id01567_vpFlNPO9OGM.mp4,TalkingFace/EchoMimic,id54,,0,-1.71378493309021,1.71378493309021,0.0,162.3850555419922,24.0,0.0,0.0,0.0075531089678406715,0.00841063354164362,0.007256464567035437,0.007256464567035437
CelebDFv3,/root/Datasets/CelebDFv3/CelebDFv3/FAKE/TalkingFace/FLOAT/id25_0007_test_id01618_KHeRiXKiYZ8.mp4,TalkingFace/FLOAT,id25,,0,0.6357544660568237,-0.6357544660568237,0.0,144.12864685058594,25.0,0.0,0.0,0.010130009613931179,0.012375972233712673,0.005848496221005917,0.005848496221005917
CelebDFv3,/root/Datasets/CelebDFv3/CelebDFv3/FAKE/TalkingFace/IP_LAP/id25_0008_test_id05459_jOXc0BOahKg.mp4,TalkingFace/IP_LAP,id25,,0,3.667271137237549,-3.667271137237549,0.0,101.15657806396484,25.0,1.0,0.03125,0.024873020127415657,0.006330094300210476,0.018784353509545326,0.018784353509545326
CelebDFv3,/root/Datasets/CelebDFv3/CelebDFv3/FAKE/TalkingFace/Real3DPortrait/id54_0000_test_id08701_tGxy4pUX9Ak.mp4,TalkingFace/Real3DPortrait,id54,,0,-1.9337469339370728,1.9337469339370728,0.0,126.75454711914062,25.0,0.0,0.0,0.008574970066547394,0.005543552339076996,0.008460687473416328,0.008460687473416328
CelebDFv3,/root/Datasets/CelebDFv3/CelebDFv3/FAKE/TalkingFace/SadTalker/id56_0001_test_id01106_mkgP19APekU.mp4,TalkingFace/SadTalker,id56,,0,0.9085614681243896,-0.9085614681243896,0.0,111.3622055053711,25.0,0.0,0.0,0.002885273192077875,0.008942265063524246,0.007609518710523844,0.007609518710523844
CelebDFv3,/root/Datasets/CelebDFv3/CelebDFv3/FAKE/FaceReenact/DaGAN/id31_id34_0006.mp4,FaceReenact/DaGAN,id31,id34,0,-5.580514907836914,5.580514907836914,0.0,166.57083129882812,30.0,1.0,0.03125,0.0348234549164772,0.017425475642085075,0.02655903622508049,0.02655903622508049
CelebDFv3,/root/Datasets/CelebDFv3/CelebDFv3/FAKE/FaceReenact/FSRT/id8_id0_0003.mp4,FaceReenact/FSRT,id8,id0,0,-3.9808473587036133,3.9808473587036133,0.0,121.8021469116211,20.0,0.0,0.0,0.01204611174762249,0.00680861622095108,0.005364836193621159,0.005364836193621159
CelebDFv3,/root/Datasets/CelebDFv3/CelebDFv3/FAKE/FaceReenact/HyperReenact/id26_id3_0008.mp4,FaceReenact/HyperReenact,id26,id3,0,-3.4409592151641846,3.4409592151641846,0.0,128.3661651611328,25.0,0.0,0.0,0.0031776661053299904,0.0022422249894589186,0.00512974988669157,0.00512974988669157
CelebDFv3,/root/Datasets/CelebDFv3/CelebDFv3/FAKE/FaceReenact/LIA/id31_id1_0001.mp4,FaceReenact/LIA,id31,id1,0,3.6748883724212646,-3.6748883724212646,0.0,117.16654205322266,30.0,1.0,0.171875,0.013090117834508419,0.003623506985604763,0.010687579400837421,0.010687579400837421
CelebDFv3,/root/Datasets/CelebDFv3/CelebDFv3/FAKE/FaceReenact/LivePortrait/id31_id35_0007.mp4,FaceReenact/LivePortrait,id31,id35,0,-4.905581474304199,4.905581474304199,0.0,292.9267578125,30.0,0.0,0.0,0.02340729348361492,0.010159499011933804,0.014328776858747005,0.02580394223332405
CelebDFv3,/root/Datasets/CelebDFv3/CelebDFv3/FAKE/FaceReenact/MCNET/id22_id24_0009.mp4,FaceReenact/MCNET,id22,id24,0,-0.5709958076477051,0.5709958076477051,0.0,117.20220184326172,30.0,1.0,0.125,0.0063492716290056705,0.005954831838607788,0.006131359841674566,0.006131359841674566
CelebDFv3,/root/Datasets/CelebDFv3/CelebDFv3/FAKE/FaceReenact/TPSMM/id51_id54_0002.mp4,FaceReenact/TPSMM,id51,id54,0,2.6417250633239746,-2.6417250633239746,0.0,94.73344421386719,30.0,0.0,0.0,0.011623064056038857,0.016090460121631622,0.008001601323485374,0.008001601323485374
CelebDFv3,/root/Datasets/CelebDFv3/CelebDFv3/FAKE/FaceSwap/BlendFace/id26_id30_0001.mp4,FaceSwap/BlendFace,id26,id30,0,1.6671397686004639,-1.6671397686004639,0.0,100.81333923339844,30.0,0.0,0.0,0.0196171123534441,0.016854997724294662,0.004292219877243042,0.0077114468440413475
CelebDFv3,/root/Datasets/CelebDFv3/CelebDFv3/FAKE/FaceSwap/Celeb-DF-v2/id31_id1_0002.mp4,FaceSwap/Celeb-DF-v2,id31,id1,0,3.0024495124816895,-3.0024495124816895,0.0,159.59799194335938,30.0,0.0,0.0,0.019596124067902565,0.03997344896197319,0.014482621103525162,0.026080992072820663
CelebDFv3,/root/Datasets/CelebDFv3/CelebDFv3/FAKE/FaceSwap/GHOST/id31_id32_0001.mp4,FaceSwap/GHOST,id31,id32,0,3.099888801574707,-3.099888801574707,0.0,154.06439208984375,30.0,0.0,0.0,0.0023127796594053507,0.0028151299338787794,0.0025199437513947487,0.004538034088909626
CelebDFv3,/root/Datasets/CelebDFv3/CelebDFv3/FAKE/FaceSwap/HifiFace/id31_id37_0002.mp4,FaceSwap/HifiFace,id31,id37,0,2.6686902046203613,-2.6686902046203613,0.0,136.51864624023438,30.0,0.0,0.0,0.0207226425409317,0.044147685170173645,0.01412193663418293,0.025431456044316292
CelebDFv3,/root/Datasets/CelebDFv3/CelebDFv3/FAKE/FaceSwap/InSwapper/id22_id21_0002.mp4,FaceSwap/InSwapper,id22,id21,0,-0.9437377452850342,0.9437377452850342,0.0,104.44410705566406,30.0,0.0,0.0,0.006083940155804157,0.009434517472982407,0.003872940316796303,0.006883419118821621
CelebDFv3,/root/Datasets/CelebDFv3/CelebDFv3/FAKE/FaceSwap/MobileFaceSwap/id23_id28_0001.mp4,FaceSwap/MobileFaceSwap,id23,id28,0,3.804248809814453,-3.804248809814453,0.0,104.8371810913086,30.0,0.0,0.0,0.002393594942986965,0.003622162388637662,0.0019451341358944774,0.003457108046859503
CelebDFv3,/root/Datasets/CelebDFv3/CelebDFv3/FAKE/FaceSwap/SimSwap/id31_id29_0007.mp4,FaceSwap/SimSwap,id31,id29,0,-13.618143081665039,13.618143081665039,0.0,401.2165222167969,30.0,1.0,0.3125,0.04331555217504501,0.012979044578969479,0.02613329514861107,0.04706207662820816
CelebDFv3,/root/Datasets/CelebDFv3/CelebDFv3/FAKE/FaceSwap/UniFace/id23_id3_0002.mp4,FaceSwap/UniFace,id23,id3,0,-4.543359279632568,4.543359279632568,0.0,98.38825225830078,30.0,0.0,0.0,0.009395101107656956,0.010951737873256207,0.004328967072069645,0.007693920284509659
CelebDFv3,/root/Datasets/CelebDFv3/CelebDFv3/FAKE/TalkingFace/AniTalker/id31_0002_test_id05015_wFizOLE3-qM.mp4,TalkingFace/AniTalker,id31,,0,-1.3469247817993164,1.3469247817993164,0.0,115.93465423583984,25.0,0.0,0.0,0.006220309529453516,0.004520885180681944,0.010924454778432846,0.010924454778432846
CelebDFv3,/root/Datasets/CelebDFv3/CelebDFv3/FAKE/TalkingFace/EDTalk/id59_0004_test_id01509_asrGhE2enzQ.mp4,TalkingFace/EDTalk,id59,,0,9.219488143920898,-9.219488143920898,0.0,258.98834228515625,25.0,0.0,0.0,0.013033859431743622,0.014700537547469139,0.007352054119110107,0.007352054119110107
CelebDFv3,/root/Datasets/CelebDFv3/CelebDFv3/FAKE/TalkingFace/EchoMimic/id25_0004_test_id01509_I6T7sh7T2lU.mp4,TalkingFace/EchoMimic,id25,,0,-3.789994955062866,3.789994955062866,0.0,126.56009674072266,24.0,0.0,0.0,0.008915400132536888,0.008224891498684883,0.006960702128708363,0.006960702128708363
CelebDFv3,/root/Datasets/CelebDFv3/CelebDFv3/FAKE/TalkingFace/FLOAT/id48_0006_test_id04094_iuzHh5LLoUo.mp4,TalkingFace/FLOAT,id48,,0,2.770059585571289,-2.770059585571289,0.0,95.93830108642578,25.0,0.0,0.0,0.015562931075692177,0.010124320164322853,0.01005119550973177,0.01005119550973177
CelebDFv3,/root/Datasets/CelebDFv3/CelebDFv3/FAKE/TalkingFace/IP_LAP/id56_0003_test_id07868_G6yM82HVOKI.mp4,TalkingFace/IP_LAP,id56,,0,0.23158162832260132,-0.23158162832260132,0.0,84.8957290649414,25.0,0.0,0.0,0.020345304161310196,0.010063324123620987,0.00818729493767023,0.00818729493767023
CelebDFv3,/root/Datasets/CelebDFv3/CelebDFv3/FAKE/TalkingFace/Real3DPortrait/id26_0003_test_id04657_noCOJeNKpOM.mp4,TalkingFace/Real3DPortrait,id26,,0,3.3409154415130615,-3.3409154415130615,0.0,336.46246337890625,25.0,0.0,0.0,0.012059182859957218,0.005440312437713146,0.005146732088178396,0.005146732088178396
CelebDFv3,/root/Datasets/CelebDFv3/CelebDFv3/FAKE/TalkingFace/SadTalker/id25_0006_test_id03347_iLd-6KT2Y2Q.mp4,TalkingFace/SadTalker,id25,,0,2.8004467487335205,-2.8004467487335205,0.0,395.2644348144531,25.0,0.0,0.0,0.002898586681112647,0.0061669545248150826,0.007126425858587027,0.007126425858587027
CelebDFv3,/root/Datasets/CelebDFv3/CelebDFv3/FAKE/FaceReenact/DaGAN/id26_id0_0001.mp4,FaceReenact/DaGAN,id26,id0,0,1.3228604793548584,-1.3228604793548584,0.0,105.97698211669922,30.0,1.0,0.21875,0.019021213054656982,0.01423836499452591,0.012442350387573242,0.012442350387573242
CelebDFv3,/root/Datasets/CelebDFv3/CelebDFv3/FAKE/FaceReenact/FSRT/id23_id29_0001.mp4,FaceReenact/FSRT,id23,id29,0,0.2754722833633423,-0.2754722833633423,0.0,71.60997009277344,20.0,1.0,0.046875,0.022402875125408173,0.0086749866604805,0.013045252300798893,0.013045252300798893
CelebDFv3,/root/Datasets/CelebDFv3/CelebDFv3/FAKE/FaceReenact/HyperReenact/id26_id25_0001.mp4,FaceReenact/HyperReenact,id26,id25,0,2.371584415435791,-2.371584415435791,0.0,99.67963409423828,25.0,0.0,0.0,0.004263957031071186,0.002719174139201641,0.008538838475942612,0.008538838475942612
CelebDFv3,/root/Datasets/CelebDFv3/CelebDFv3/FAKE/FaceReenact/LIA/id23_id30_0006.mp4,FaceReenact/LIA,id23,id30,0,9.72233772277832,-9.72233772277832,0.0,94.65679168701172,30.0,0.0,0.0,0.014846744015812874,0.009926991537213326,0.009731139987707138,0.009731139987707138
CelebDFv3,/root/Datasets/CelebDFv3/CelebDFv3/FAKE/FaceReenact/LivePortrait/id26_id2_0009.mp4,FaceReenact/LivePortrait,id26,id2,0,-1.2135893106460571,1.2135893106460571,0.0,153.73414611816406,30.0,1.0,0.390625,0.0036219744943082333,0.0036405911669135094,0.003559306263923645,0.006481356918811798
CelebDFv3,/root/Datasets/CelebDFv3/CelebDFv3/FAKE/FaceReenact/MCNET/id8_id7_0008.mp4,FaceReenact/MCNET,id8,id7,0,-4.642799377441406,4.642799377441406,0.0,125.42203521728516,30.0,0.0,0.0,0.004905772861093283,0.0019475447479635477,0.0046997517347335815,0.0046997517347335815
CelebDFv3,/root/Datasets/CelebDFv3/CelebDFv3/FAKE/FaceReenact/TPSMM/id31_id33_0005.mp4,FaceReenact/TPSMM,id31,id33,0,-1.1776480674743652,1.1776480674743652,0.0,108.24417877197266,30.0,1.0,0.125,0.046504341065883636,0.011287962086498737,0.04239187389612198,0.04239187389612198
CelebDFv3,/root/Datasets/CelebDFv3/CelebDFv3/FAKE/FaceSwap/BlendFace/id31_id35_0007.mp4,FaceSwap/BlendFace,id31,id35,0,-15.136041641235352,15.136041641235352,0.0,357.0712585449219,30.0,1.0,0.0625,0.022120654582977295,0.0034033835399895906,0.02373681403696537,0.04274638742208481
CelebDFv3,/root/Datasets/CelebDFv3/CelebDFv3/FAKE/FaceSwap/Celeb-DF-v2/id11_id7_0002.mp4,FaceSwap/Celeb-DF-v2,id11,id7,0,-2.8184638023376465,2.8184638023376465,0.0,107.27803802490234,30.0,0.0,0.0,0.0034373756498098373,0.003268836298957467,0.0019686513114720583,0.003803434781730175
CelebDFv3,/root/Datasets/CelebDFv3/CelebDFv3/FAKE/FaceSwap/GHOST/id31_id35_0006.mp4,FaceSwap/GHOST,id31,id35,0,-10.998579025268555,10.998579025268555,0.0,226.1154327392578,30.0,0.0,0.0,0.004856944549828768,0.010721099562942982,0.004084327723830938,0.007355251349508762
CelebDFv3,/root/Datasets/CelebDFv3/CelebDFv3/FAKE/FaceSwap/HifiFace/id23_id19_0009.mp4,FaceSwap/HifiFace,id23,id19,0,5.219192981719971,-5.219192981719971,0.0,105.3924789428711,30.0,0.0,0.0,0.004104450810700655,0.0039016627706587315,0.003680518828332424,0.004873006604611874
CelebDFv3,/root/Datasets/CelebDFv3/CelebDFv3/FAKE/FaceSwap/InSwapper/id26_id37_0000.mp4,FaceSwap/InSwapper,id26,id37,0,1.1774892807006836,-1.1774892807006836,0.0,156.8295135498047,30.0,0.0,0.0,0.0022874141577631235,0.0015247177798300982,0.0020092716440558434,0.0036098777782171965
CelebDFv3,/root/Datasets/CelebDFv3/CelebDFv3/FAKE/FaceSwap/MobileFaceSwap/id31_id2_0001.mp4,FaceSwap/MobileFaceSwap,id31,id2,0,2.732931613922119,-2.732931613922119,0.0,157.10076904296875,30.0,0.0,0.0,0.002354135736823082,0.0027712639421224594,0.0019028856186196208,0.003426807001233101
CelebDFv3,/root/Datasets/CelebDFv3/CelebDFv3/FAKE/FaceSwap/SimSwap/id25_id28_0002.mp4,FaceSwap/SimSwap,id25,id28,0,1.4130754470825195,-1.4130754470825195,0.0,88.34974670410156,30.0,0.0,0.0,0.010930339805781841,0.02266860380768776,0.0026993744540959597,0.004861161112785339
CelebDFv3,/root/Datasets/CelebDFv3/CelebDFv3/FAKE/FaceSwap/UniFace/id23_id32_0007.mp4,FaceSwap/UniFace,id23,id32,0,-2.102208375930786,2.102208375930786,0.0,143.19064331054688,30.0,0.0,0.0,0.011660285294055939,0.023869050666689873,0.005981903523206711,0.010494114831089973
CelebDFv3,/root/Datasets/CelebDFv3/CelebDFv3/FAKE/TalkingFace/AniTalker/id22_0005_test_id05714_wFGNufaMbDY.mp4,TalkingFace/AniTalker,id22,,0,-2.612605571746826,2.612605571746826,0.0,133.9761962890625,25.0,0.0,0.0,0.0034353414084762335,0.002485661767423153,0.004062483087182045,0.004062483087182045
CelebDFv3,/root/Datasets/CelebDFv3/CelebDFv3/FAKE/TalkingFace/EDTalk/id11_0007_test_id00081_OP-1HtS2Jmo.mp4,TalkingFace/EDTalk,id11,,0,-3.6834969520568848,3.6834969520568848,0.0,108.64286804199219,25.0,0.0,0.0,0.011220232583582401,0.009104814380407333,0.009421695955097675,0.009421695955097675
CelebDFv3,/root/Datasets/CelebDFv3/CelebDFv3/FAKE/TalkingFace/EchoMimic/id11_0008_test_id05124_uPPqcWVd-dg.mp4,TalkingFace/EchoMimic,id11,,0,2.0634846687316895,-2.0634846687316895,0.0,110.94481658935547,24.0,0.0,0.0,0.008816749788820744,0.00714587839320302,0.008807073347270489,0.008807073347270489
CelebDFv3,/root/Datasets/CelebDFv3/CelebDFv3/FAKE/TalkingFace/FLOAT/id8_0001_test_id00926_KV8f4Uucosc.mp4,TalkingFace/FLOAT,id8,,0,-5.456214427947998,5.456214427947998,0.0,160.1827392578125,25.0,0.0,0.0,0.016326354816555977,0.009910047054290771,0.009685639292001724,0.009685639292001724
CelebDFv3,/root/Datasets/CelebDFv3/CelebDFv3/FAKE/TalkingFace/IP_LAP/id59_0004_test_id05015_0SsJwWGC0c4.mp4,TalkingFace/IP_LAP,id59,,0,-9.715359687805176,9.715359687805176,0.0,215.5175018310547,25.0,0.0,0.0,0.022438570857048035,0.009129634127020836,0.0052459402941167355,0.0052459402941167355
CelebDFv3,/root/Datasets/CelebDFv3/CelebDFv3/FAKE/TalkingFace/Real3DPortrait/id8_0003_test_id04627_IjO3LUCaYLE.mp4,TalkingFace/Real3DPortrait,id8,,0,-0.6525911092758179,0.6525911092758179,0.0,145.66943359375,25.0,1.0,0.015625,0.01202242262661457,0.005957415793091059,0.00781045388430357,0.00781045388430357
CelebDFv3,/root/Datasets/CelebDFv3/CelebDFv3/FAKE/TalkingFace/SadTalker/id11_0006_test_id01509_XmSD0fC9gX4.mp4,TalkingFace/SadTalker,id11,,0,1.4676121473312378,-1.4676121473312378,0.0,122.73139190673828,25.0,0.0,0.0,0.003999456763267517,0.007138965651392937,0.007854923605918884,0.007854923605918884
CelebDFv3,/root/Datasets/CelebDFv3/CelebDFv3/FAKE/FaceReenact/DaGAN/id26_id30_0000.mp4,FaceReenact/DaGAN,id26,id30,0,2.456657886505127,-2.456657886505127,0.0,129.7033233642578,30.0,1.0,0.03125,0.020643049851059914,0.01104923989623785,0.01352910976856947,0.01352910976856947
CelebDFv3,/root/Datasets/CelebDFv3/CelebDFv3/FAKE/FaceReenact/FSRT/id31_id38_0006.mp4,FaceReenact/FSRT,id31,id38,0,-1.9009904861450195,1.9009904861450195,0.0,155.6593017578125,20.0,0.0,0.0,0.007832236588001251,0.0046715568751096725,0.005707274656742811,0.005707274656742811
CelebDFv3,/root/Datasets/CelebDFv3/CelebDFv3/FAKE/FaceReenact/HyperReenact/id48_id39_0007.mp4,FaceReenact/HyperReenact,id48,id39,0,-1.8324793577194214,1.8324793577194214,0.0,121.7125473022461,25.0,0.0,0.0,0.0031196181662380695,0.002975465962663293,0.0060669113881886005,0.0060669113881886005
CelebDFv3,/root/Datasets/CelebDFv3/CelebDFv3/FAKE/FaceReenact/LIA/id56_id58_0002.mp4,FaceReenact/LIA,id56,id58,0,1.344509243965149,-1.344509243965149,0.0,93.3483657836914,30.0,0.0,0.0,0.009702331386506557,0.007482729386538267,0.008319647051393986,0.008319647051393986
CelebDFv3,/root/Datasets/CelebDFv3/CelebDFv3/FAKE/FaceReenact/LivePortrait/id23_id32_0007.mp4,FaceReenact/LivePortrait,id23,id32,0,0.4162082374095917,-0.4162082374095917,0.0,282.3245544433594,30.0,0.0,0.0,0.0018839521799236536,0.00685664638876915,0.002721558790653944,0.004774458706378937
CelebDFv3,/root/Datasets/CelebDFv3/CelebDFv3/FAKE/FaceReenact/MCNET/id23_id27_0000.mp4,FaceReenact/MCNET,id23,id27,0,-0.5994167923927307,0.5994167923927307,0.0,121.98143768310547,30.0,0.0,0.0,0.021522531285881996,0.010494190268218517,0.007815449498593807,0.007815449498593807
CelebDFv3,/root/Datasets/CelebDFv3/CelebDFv3/FAKE/FaceReenact/TPSMM/id23_id33_0004.mp4,FaceReenact/TPSMM,id23,id33,0,1.48270845413208,-1.48270845413208,0.0,106.9771728515625,30.0,1.0,0.109375,0.016475968062877655,0.0074266064912080765,0.012886302545666695,0.012886302545666695
CelebDFv3,/root/Datasets/CelebDFv3/CelebDFv3/FAKE/FaceSwap/BlendFace/id23_id24_0009.mp4,FaceSwap/BlendFace,id23,id24,0,6.021470069885254,-6.021470069885254,0.0,105.96443939208984,30.0,0.0,0.0,0.004250281490385532,0.004263589158654213,0.002965714782476425,0.003926606383174658
CelebDFv3,/root/Datasets/CelebDFv3/CelebDFv3/FAKE/FaceSwap/Celeb-DF-v2/id31_id2_0005.mp4,FaceSwap/Celeb-DF-v2,id31,id2,0,0.04966825246810913,-0.04966825246810913,0.0,120.74288940429688,30.0,0.0,0.0,0.005822385661303997,0.004267184995114803,0.002106758998706937,0.0037939518224447966
CelebDFv3,/root/Datasets/CelebDFv3/CelebDFv3/FAKE/FaceSwap/GHOST/id23_id17_0006.mp4,FaceSwap/GHOST,id23,id17,0,1.7887930870056152,-1.7887930870056152,0.0,129.23838806152344,30.0,0.0,0.0,0.006148109678179026,0.0036631454713642597,0.0022275776136666536,0.0029515402857214212
CelebDFv3,/root/Datasets/CelebDFv3/CelebDFv3/FAKE/FaceSwap/HifiFace/id25_id22_0003.mp4,FaceSwap/HifiFace,id25,id22,0,-2.4310145378112793,2.4310145378112793,0.0,152.47601318359375,30.0,0.0,0.0,0.008363532833755016,0.00766138406470418,0.0023403759114444256,0.004214659798890352
CelebDFv3,/root/Datasets/CelebDFv3/CelebDFv3/FAKE/FaceSwap/InSwapper/id26_id17_0000.mp4,FaceSwap/InSwapper,id26,id17,0,-1.6062655448913574,1.6062655448913574,0.0,160.02369689941406,30.0,0.0,0.0,0.0021992470137774944,0.0013723004376515746,0.002430291147902608,0.004366286098957062
CelebDFv3,/root/Datasets/CelebDFv3/CelebDFv3/FAKE/FaceSwap/MobileFaceSwap/id31_id30_0005.mp4,FaceSwap/MobileFaceSwap,id31,id30,0,3.066882610321045,-3.066882610321045,0.0,119.36481475830078,30.0,0.0,0.0,0.005016736686229706,0.0044484855607151985,0.001898103510029614,0.0034181950613856316
CelebDFv3,/root/Datasets/CelebDFv3/CelebDFv3/FAKE/FaceSwap/SimSwap/id23_id16_0009.mp4,FaceSwap/SimSwap,id23,id16,0,4.22816276550293,-4.22816276550293,0.0,111.8929214477539,30.0,0.0,0.0,0.004385789856314659,0.004424440674483776,0.0033726952970027924,0.004465449135750532
CelebDFv3,/root/Datasets/CelebDFv3/CelebDFv3/FAKE/FaceSwap/UniFace/id23_id6_0005.mp4,FaceSwap/UniFace,id23,id6,0,2.2891807556152344,-2.2891807556152344,0.0,103.75442504882812,30.0,0.0,0.0,0.006456449627876282,0.0021907035261392593,0.0035021344665437937,0.007168798707425594
CelebDFv3,/root/Datasets/CelebDFv3/CelebDFv3/FAKE/TalkingFace/AniTalker/id31_0007_test_id05459_7UxF1t_taDk.mp4,TalkingFace/AniTalker,id31,,0,6.938982009887695,-6.938982009887695,0.0,208.72999572753906,25.0,0.0,0.0,0.003851487534120679,0.003969172947108746,0.004694254137575626,0.004694254137575626
CelebDFv3,/root/Datasets/CelebDFv3/CelebDFv3/FAKE/TalkingFace/EDTalk/id59_0008_test_id07494_ebeMtxwdAVc.mp4,TalkingFace/EDTalk,id59,,0,1.2066168785095215,-1.2066168785095215,0.0,106.45103454589844,25.0,0.0,0.0,0.012084532529115677,0.00948561355471611,0.005376520566642284,0.005376520566642284
CelebDFv3,/root/Datasets/CelebDFv3/CelebDFv3/FAKE/TalkingFace/EchoMimic/id25_0002_test_id03030_eq4Q6pmablc.mp4,TalkingFace/EchoMimic,id25,,0,-3.240872383117676,3.240872383117676,0.0,137.12818908691406,24.0,0.0,0.0,0.007620558608323336,0.01088513620197773,0.00715182488784194,0.00715182488784194
CelebDFv3,/root/Datasets/CelebDFv3/CelebDFv3/FAKE/TalkingFace/FLOAT/id11_0008_test_id07802_qmTmtDbel1M.mp4,TalkingFace/FLOAT,id11,,0,1.8036177158355713,-1.8036177158355713,0.0,100.46373748779297,25.0,0.0,0.0,0.0176162701100111,0.007722566835582256,0.008321579545736313,0.008321579545736313
CelebDFv3,/root/Datasets/CelebDFv3/CelebDFv3/FAKE/TalkingFace/IP_LAP/id51_0000_test_id03178_O13kGQ2rTE8.mp4,TalkingFace/IP_LAP,id51,,0,1.9556937217712402,-1.9556937217712402,0.0,85.75302124023438,25.0,0.0,0.0,0.042496368288993835,0.011268128640949726,0.015357851050794125,0.015357851050794125
CelebDFv3,/root/Datasets/CelebDFv3/CelebDFv3/FAKE/TalkingFace/Real3DPortrait/id8_0007_test_id05176_zTGzM2koGAQ.mp4,TalkingFace/Real3DPortrait,id8,,0,4.402406215667725,-4.402406215667725,0.0,150.95623779296875,25.0,0.0,0.0,0.0062104882672429085,0.0054733892902731895,0.005084353033453226,0.005084353033453226
CelebDFv3,/root/Datasets/CelebDFv3/CelebDFv3/FAKE/TalkingFace/SadTalker/id48_0001_test_id05055_cZZMU1w_HO4.mp4,TalkingFace/SadTalker,id48,,0,-6.265863418579102,6.265863418579102,0.0,107.93071746826172,25.0,0.0,0.0,0.001834843191318214,0.007108157966285944,0.004683083854615688,0.004683083854615688
CelebDFv3,/root/Datasets/CelebDFv3/CelebDFv3/FAKE/FaceReenact/DaGAN/id48_id41_0006.mp4,FaceReenact/DaGAN,id48,id41,0,2.880162477493286,-2.880162477493286,0.0,103.95964050292969,30.0,1.0,0.078125,0.004564783535897732,0.0025073871947824955,0.007797929458320141,0.007797929458320141
CelebDFv3,/root/Datasets/CelebDFv3/CelebDFv3/FAKE/FaceReenact/FSRT/id23_id9_0009.mp4,FaceReenact/FSRT,id23,id9,0,6.165443420410156,-6.165443420410156,0.0,86.0528793334961,20.0,0.0,0.0,0.016398997977375984,0.012977702543139458,0.020763292908668518,0.020763292908668518
CelebDFv3,/root/Datasets/CelebDFv3/CelebDFv3/FAKE/FaceReenact/HyperReenact/id31_id9_0003.mp4,FaceReenact/HyperReenact,id31,id9,0,-3.8626413345336914,3.8626413345336914,0.0,126.81509399414062,25.0,0.0,0.0,0.0037690107710659504,0.0022801272571086884,0.006484720855951309,0.006484720855951309
CelebDFv3,/root/Datasets/CelebDFv3/CelebDFv3/FAKE/FaceReenact/LIA/id26_id16_0003.mp4,FaceReenact/LIA,id26,id16,0,2.903249740600586,-2.903249740600586,0.0,226.26600646972656,30.0,1.0,0.125,0.015297519974410534,0.003214452415704727,0.013344639912247658,0.013344639912247658
CelebDFv3,/root/Datasets/CelebDFv3/CelebDFv3/FAKE/FaceReenact/LivePortrait/id26_id38_0002.mp4,FaceReenact/LivePortrait,id26,id38,0,-0.35593727231025696,0.35593727231025696,0.0,79.39274597167969,30.0,1.0,0.0625,0.018944045528769493,0.017017722129821777,0.017267869785428047,0.031023629009723663
CelebDFv3,/root/Datasets/CelebDFv3/CelebDFv3/FAKE/FaceReenact/MCNET/id23_id6_0005.mp4,FaceReenact/MCNET,id23,id6,0,4.8815999031066895,-4.8815999031066895,0.0,87.1948013305664,30.0,0.0,0.0,0.012690624222159386,0.013888133689761162,0.005948282778263092,0.005948282778263092
CelebDFv3,/root/Datasets/CelebDFv3/CelebDFv3/FAKE/FaceReenact/TPSMM/id51_id58_0004.mp4,FaceReenact/TPSMM,id51,id58,0,0.5142059922218323,-0.5142059922218323,0.0,103.19332122802734,30.0,1.0,0.109375,0.007343337405472994,0.0076119559817016125,0.004347446374595165,0.004347446374595165
CelebDFv3,/root/Datasets/CelebDFv3/CelebDFv3/FAKE/FaceSwap/BlendFace/id26_id31_0008.mp4,FaceSwap/BlendFace,id26,id31,0,-2.972532272338867,2.972532272338867,0.0,120.81876373291016,30.0,0.0,0.0,0.0063142962753772736,0.004798639100044966,0.003402367699891329,0.006195577792823315
CelebDFv3,/root/Datasets/CelebDFv3/CelebDFv3/FAKE/FaceSwap/Celeb-DF-v2/id25_id20_0002.mp4,FaceSwap/Celeb-DF-v2,id25,id20,0,0.3187989592552185,-0.3187989592552185,0.0,85.8472671508789,30.0,0.0,0.0,0.01036141812801361,0.020840594545006752,0.0031137687619775534,0.005607422906905413
CelebDFv3,/root/Datasets/CelebDFv3/CelebDFv3/FAKE/FaceSwap/GHOST/id22_id21_0004.mp4,FaceSwap/GHOST,id22,id21,0,-0.14282894134521484,0.14282894134521484,0.0,125.84371185302734,30.0,0.0,0.0,0.0030240672640502453,0.001993018202483654,0.0012536259600892663,0.002228083088994026
CelebDFv3,/root/Datasets/CelebDFv3/CelebDFv3/FAKE/FaceSwap/HifiFace/id26_id28_0004.mp4,FaceSwap/HifiFace,id26,id28,0,-3.9082698822021484,3.9082698822021484,0.0,105.27418518066406,30.0,0.0,0.0,0.0036748640704900026,0.007347533479332924,0.0023502791300415993,0.004222535062581301
CelebDFv3,/root/Datasets/CelebDFv3/CelebDFv3/FAKE/FaceSwap/InSwapper/id51_id50_0007.mp4,FaceSwap/InSwapper,id51,id50,0,-5.221263885498047,5.221263885498047,0.0,131.74057006835938,30.0,0.0,0.0,0.0033393423072993755,0.0033045990858227015,0.0017054437194019556,0.003054100088775158
CelebDFv3,/root/Datasets/CelebDFv3/CelebDFv3/FAKE/FaceSwap/MobileFaceSwap/id31_id1_0007.mp4,FaceSwap/MobileFaceSwap,id31,id1,0,-8.865507125854492,8.865507125854492,0.0,260.9438171386719,30.0,0.0,0.0,0.00931194331496954,0.003497661557048559,0.004471911583095789,0.008053231053054333
CelebDFv3,/root/Datasets/CelebDFv3/CelebDFv3/FAKE/FaceSwap/SimSwap/id51_id57_0008.mp4,FaceSwap/SimSwap,id51,id57,0,-3.8745930194854736,3.8745930194854736,0.0,95.72197723388672,30.0,0.0,0.0,0.0039013333152979612,0.004683895967900753,0.0048217009752988815,0.008634677156805992
CelebDFv3,/root/Datasets/CelebDFv3/CelebDFv3/FAKE/FaceSwap/UniFace/id31_id3_0000.mp4,FaceSwap/UniFace,id31,id3,0,-2.869645833969116,2.869645833969116,0.0,115.53412628173828,30.0,0.0,0.0,0.0033830516040325165,0.006682165898382664,0.0025975345633924007,0.00467776320874691
CelebDFv3,/root/Datasets/CelebDFv3/CelebDFv3/FAKE/TalkingFace/AniTalker/id59_0009_test_id01541_dEmuPb4A7do.mp4,TalkingFace/AniTalker,id59,,0,7.745903968811035,-7.745903968811035,0.0,181.4505615234375,25.0,0.0,0.0,0.0049496847204864025,0.0030198334716260433,0.004284776281565428,0.004284776281565428
CelebDFv3,/root/Datasets/CelebDFv3/CelebDFv3/FAKE/TalkingFace/EDTalk/id51_0005_test_id04478_c0nsCu5jxLk.mp4,TalkingFace/EDTalk,id51,,0,-0.5128977298736572,0.5128977298736572,0.0,115.11701202392578,25.0,0.0,0.0,0.00974215753376484,0.00964138563722372,0.007003136444836855,0.007003136444836855
CelebDFv3,/root/Datasets/CelebDFv3/CelebDFv3/FAKE/TalkingFace/EchoMimic/id56_0000_test_id04862_oKjLVc6gbbo.mp4,TalkingFace/EchoMimic,id56,,0,2.219712018966675,-2.219712018966675,0.0,109.31819152832031,24.0,0.0,0.0,0.004872789140790701,0.008283331990242004,0.006639505736529827,0.006639505736529827
CelebDFv3,/root/Datasets/CelebDFv3/CelebDFv3/FAKE/TalkingFace/FLOAT/id31_0007_test_id05459_7UxF1t_taDk.mp4,TalkingFace/FLOAT,id31,,0,-6.868979454040527,6.868979454040527,0.0,308.96453857421875,25.0,0.0,0.0,0.023807693272829056,0.0067984177730977535,0.014870813116431236,0.014870813116431236
CelebDFv3,/root/Datasets/CelebDFv3/CelebDFv3/FAKE/TalkingFace/IP_LAP/id22_0001_test_id01298_tAQVEmDyrPs.mp4,TalkingFace/IP_LAP,id22,,0,0.2541239857673645,-0.2541239857673645,0.0,119.1511459350586,25.0,0.0,0.0,0.005523580126464367,0.00882407370954752,0.005303824320435524,0.005303824320435524
CelebDFv3,/root/Datasets/CelebDFv3/CelebDFv3/FAKE/TalkingFace/Real3DPortrait/id59_0006_test_id04657_dn4XY5c6mEw.mp4,TalkingFace/Real3DPortrait,id59,,0,9.801604270935059,-9.801604270935059,0.0,108.70309448242188,25.0,0.0,0.0,0.013844882138073444,0.004518631845712662,0.005777440965175629,0.005777440965175629
CelebDFv3,/root/Datasets/CelebDFv3/CelebDFv3/FAKE/TalkingFace/SadTalker/id31_0004_test_id07426_s747isSlMFU.mp4,TalkingFace/SadTalker,id31,,0,5.30273962020874,-5.30273962020874,0.0,179.62155151367188,25.0,0.0,0.0,0.003439099993556738,0.004516586195677519,0.003920078277587891,0.003920078277587891
CelebDFv3,/root/Datasets/CelebDFv3/CelebDFv3/FAKE/FaceReenact/DaGAN/id51_id58_0008.mp4,FaceReenact/DaGAN,id51,id58,0,-4.586027145385742,4.586027145385742,0.0,114.33711242675781,30.0,0.0,0.0,0.006244146265089512,0.0049277436919510365,0.006625776644796133,0.006625776644796133
CelebDFv3,/root/Datasets/CelebDFv3/CelebDFv3/FAKE/FaceReenact/FSRT/id8_id2_0003.mp4,FaceReenact/FSRT,id8,id2,0,-0.9142253994941711,0.9142253994941711,0.0,105.43962097167969,20.0,1.0,0.03125,0.008247682824730873,0.0053254179656505585,0.011229844763875008,0.011229844763875008
CelebDFv3,/root/Datasets/CelebDFv3/CelebDFv3/FAKE/FaceReenact/HyperReenact/id22_id21_0004.mp4,FaceReenact/HyperReenact,id22,id21,0,-1.1276663541793823,1.1276663541793823,0.0,109.93589782714844,25.0,0.0,0.0,0.0024408665485680103,0.0015431983629241586,0.0027126530185341835,0.0027126530185341835
CelebDFv3,/root/Datasets/CelebDFv3/CelebDFv3/FAKE/FaceReenact/LIA/id31_id37_0007.mp4,FaceReenact/LIA,id31,id37,0,-13.697088241577148,13.697088241577148,0.0,357.5129699707031,30.0,1.0,0.0625,0.008051476441323757,0.008828302845358849,0.012620702385902405,0.012620702385902405
CelebDFv3,/root/Datasets/CelebDFv3/CelebDFv3/FAKE/FaceReenact/LivePortrait/id23_id31_0002.mp4,FaceReenact/LivePortrait,id23,id31,0,-3.4259352684020996,3.4259352684020996,0.0,110.18756866455078,30.0,0.0,0.0,0.002675628988072276,0.001573254237882793,0.0031782882288098335,0.005648806691169739
CelebDFv3,/root/Datasets/CelebDFv3/CelebDFv3/FAKE/FaceReenact/MCNET/id25_id21_0002.mp4,FaceReenact/MCNET,id25,id21,0,-0.39625006914138794,0.39625006914138794,0.0,92.16190338134766,30.0,1.0,0.03125,0.012213854119181633,0.02082708850502968,0.01065274141728878,0.01065274141728878
CelebDFv3,/root/Datasets/CelebDFv3/CelebDFv3/FAKE/FaceReenact/TPSMM/id56_id52_0005.mp4,FaceReenact/TPSMM,id56,id52,0,0.8359438180923462,-0.8359438180923462,0.0,86.39884948730469,30.0,0.0,0.0,0.022355208173394203,0.010007607750594616,0.008289589546620846,0.008289589546620846
CelebDFv3,/root/Datasets/CelebDFv3/CelebDFv3/FAKE/FaceSwap/BlendFace/id25_id26_0004.mp4,FaceSwap/BlendFace,id25,id26,0,-2.683962345123291,2.683962345123291,0.0,113.55035400390625,30.0,0.0,0.0,0.008176932111382484,0.007353389635682106,0.003259452525526285,0.00586977694183588
CelebDFv3,/root/Datasets/CelebDFv3/CelebDFv3/FAKE/FaceSwap/Celeb-DF-v2/id54_id57_0001.mp4,FaceSwap/Celeb-DF-v2,id54,id57,0,4.379807949066162,-4.379807949066162,0.0,123.74311828613281,30.0,0.0,0.0,0.006517695263028145,0.021009130403399467,0.0045190369710326195,0.008092668838799
CelebDFv3,/root/Datasets/CelebDFv3/CelebDFv3/FAKE/FaceSwap/GHOST/id48_id47_0002.mp4,FaceSwap/GHOST,id48,id47,0,1.3911831378936768,-1.3911831378936768,0.0,112.52581024169922,30.0,0.0,0.0,0.002928599016740918,0.003788253292441368,0.0013869397807866335,0.002476678229868412
CelebDFv3,/root/Datasets/CelebDFv3/CelebDFv3/FAKE/FaceSwap/HifiFace/id23_id0_0008.mp4,FaceSwap/HifiFace,id23,id0,0,-1.922457218170166,1.922457218170166,0.0,119.69036102294922,30.0,0.0,0.0,0.0022227964363992214,0.003343909978866577,0.0038099605590105057,0.00668385298922658
CelebDFv3,/root/Datasets/CelebDFv3/CelebDFv3/FAKE/FaceSwap/InSwapper/id56_id52_0005.mp4,FaceSwap/InSwapper,id56,id52,0,-3.460439682006836,3.460439682006836,0.0,95.61083984375,29.899993896484375,0.0,0.0,0.0017082584090530872,0.0038100623060017824,0.0009605908999219537,0.0017202213639393449
CelebDFv3,/root/Datasets/CelebDFv3/CelebDFv3/FAKE/FaceSwap/MobileFaceSwap/id31_id6_0005.mp4,FaceSwap/MobileFaceSwap,id31,id6,0,4.516155242919922,-4.516155242919922,0.0,120.12664794921875,30.0,0.0,0.0,0.004751896485686302,0.007562730461359024,0.002800221089273691,0.005042770877480507
CelebDFv3,/root/Datasets/CelebDFv3/CelebDFv3/FAKE/FaceSwap/SimSwap/id26_id38_0002.mp4,FaceSwap/SimSwap,id26,id38,0,3.592278480529785,-3.592278480529785,0.0,87.80935668945312,30.0,1.0,0.0625,0.005125402472913265,0.01623661071062088,0.003631435101851821,0.006524274125695229
CelebDFv3,/root/Datasets/CelebDFv3/CelebDFv3/FAKE/FaceSwap/UniFace/id59_id61_0004.mp4,FaceSwap/UniFace,id59,id61,0,-5.640769958496094,5.640769958496094,0.0,162.23329162597656,30.0,0.0,0.0,0.006268840748816729,0.01622382551431656,0.008154302835464478,0.014602684415876865
CelebDFv3,/root/Datasets/CelebDFv3/CelebDFv3/FAKE/TalkingFace/AniTalker/id56_0006_test_id02057_3Ugj7nq-mlg.mp4,TalkingFace/AniTalker,id56,,0,-0.0520763099193573,0.0520763099193573,0.0,105.25604248046875,25.0,0.0,0.0,0.004564864560961723,0.0028765012975782156,0.004246414639055729,0.004246414639055729
CelebDFv3,/root/Datasets/CelebDFv3/CelebDFv3/FAKE/TalkingFace/EDTalk/id25_0010_test_id04862_4r-u7YAGLoA.mp4,TalkingFace/EDTalk,id25,,0,5.091312408447266,-5.091312408447266,0.0,161.60733032226562,25.0,0.0,0.0,0.011640678159892559,0.009044908918440342,0.005377014167606831,0.005377014167606831
CelebDFv3,/root/Datasets/CelebDFv3/CelebDFv3/FAKE/TalkingFace/EchoMimic/id51_0002_test_id01541_mDoT5mpo_2c.mp4,TalkingFace/EchoMimic,id51,,0,-2.771975040435791,2.771975040435791,0.0,105.28865814208984,24.0,0.0,0.0,0.003962518181651831,0.009315155446529388,0.007831493392586708,0.007831493392586708
CelebDFv3,/root/Datasets/CelebDFv3/CelebDFv3/FAKE/TalkingFace/FLOAT/id25_0010_test_id07426_1KNFfOFEhyI.mp4,TalkingFace/FLOAT,id25,,0,3.3941164016723633,-3.3941164016723633,0.0,164.9855499267578,25.0,0.0,0.0,0.007409871555864811,0.005433360114693642,0.005475278478115797,0.005475278478115797
CelebDFv3,/root/Datasets/CelebDFv3/CelebDFv3/FAKE/TalkingFace/IP_LAP/id54_0000_test_id08374_8V4tFXw2UxY.mp4,TalkingFace/IP_LAP,id54,,0,-1.2676522731781006,1.2676522731781006,0.0,115.6252670288086,25.0,0.0,0.0,0.023373115807771683,0.007385021075606346,0.012377346865832806,0.012377346865832806
CelebDFv3,/root/Datasets/CelebDFv3/CelebDFv3/FAKE/TalkingFace/Real3DPortrait/id22_0008_test_id01593_sU-ejsiL4Fc.mp4,TalkingFace/Real3DPortrait,id22,,0,-0.12152808904647827,0.12152808904647827,0.0,232.7236785888672,25.0,1.0,0.0625,0.015975452959537506,0.005036113318055868,0.008201772347092628,0.008201772347092628
CelebDFv3,/root/Datasets/CelebDFv3/CelebDFv3/FAKE/TalkingFace/SadTalker/id11_0010_test_id04656_6N_AmGKcdZo.mp4,TalkingFace/SadTalker,id11,,0,-1.2956628799438477,1.2956628799438477,0.0,111.33363342285156,25.0,0.0,0.0,0.002514615887776017,0.0026236223056912422,0.00449530640617013,0.005137492902576923
CelebDFv3,/root/Datasets/CelebDFv3/CelebDFv3/FAKE/FaceReenact/DaGAN/id23_id30_0000.mp4,FaceReenact/DaGAN,id23,id30,0,3.756901264190674,-3.756901264190674,0.0,108.64906311035156,30.0,1.0,0.078125,0.015934087336063385,0.006854621693491936,0.005688108969479799,0.005688108969479799
CelebDFv3,/root/Datasets/CelebDFv3/CelebDFv3/FAKE/FaceReenact/FSRT/id56_id49_0006.mp4,FaceReenact/FSRT,id56,id49,0,0.4721683859825134,-0.4721683859825134,0.0,82.56355285644531,20.0,0.0,0.0,0.02484508603811264,0.013121000491082668,0.01078875083476305,0.01078875083476305
CelebDFv3,/root/Datasets/CelebDFv3/CelebDFv3/FAKE/FaceReenact/HyperReenact/id59_id60_0000.mp4,FaceReenact/HyperReenact,id59,id60,0,0.05889323353767395,-0.05889323353767395,0.0,103.31522369384766,25.0,0.0,0.0,0.015403940342366695,0.0039674509316682816,0.008594861254096031,0.008594861254096031
CelebDFv3,/root/Datasets/CelebDFv3/CelebDFv3/FAKE/FaceReenact/LIA/id23_id34_0009.mp4,FaceReenact/LIA,id23,id34,0,5.458295822143555,-5.458295822143555,0.0,88.7630386352539,30.0,1.0,0.203125,0.016864458099007607,0.006551235448569059,0.018569840118288994,0.018569840118288994
CelebDFv3,/root/Datasets/CelebDFv3/CelebDFv3/FAKE/FaceReenact/LivePortrait/id26_id17_0004.mp4,FaceReenact/LivePortrait,id26,id17,0,-1.998808741569519,1.998808741569519,0.0,117.2732925415039,30.0,0.0,0.0,0.01030527800321579,0.0062528131529688835,0.006369815208017826,0.011444075033068657
CelebDFv3,/root/Datasets/CelebDFv3/CelebDFv3/FAKE/FaceReenact/MCNET/id22_id28_0005.mp4,FaceReenact/MCNET,id22,id28,0,1.2442445755004883,-1.2442445755004883,0.0,106.44837951660156,30.0,0.0,0.0,0.012693068012595177,0.01011593360453844,0.012368672527372837,0.012368672527372837
CelebDFv3,/root/Datasets/CelebDFv3/CelebDFv3/FAKE/FaceReenact/TPSMM/id23_id26_0000.mp4,FaceReenact/TPSMM,id23,id26,0,3.9671711921691895,-3.9671711921691895,0.0,120.82264709472656,30.0,0.0,0.0,0.0056227585300803185,0.00157592399045825,0.002028755145147443,0.002028755145147443
CelebDFv3,/root/Datasets/CelebDFv3/CelebDFv3/FAKE/FaceSwap/BlendFace/id25_id20_0005.mp4,FaceSwap/BlendFace,id25,id20,0,2.088425636291504,-2.088425636291504,0.0,80.29341888427734,30.0,0.0,0.0,0.012097621336579323,0.0030642065685242414,0.005854942835867405,0.008688734844326973
CelebDFv3,/root/Datasets/CelebDFv3/CelebDFv3/FAKE/FaceSwap/Celeb-DF-v2/id8_id6_0008.mp4,FaceSwap/Celeb-DF-v2,id8,id6,0,-2.6653313636779785,2.6653313636779785,0.0,114.70599365234375,30.0,0.0,0.0,0.0021923398599028587,0.0025148214772343636,0.0009456768166273832,0.0017854379257187247
CelebDFv3,/root/Datasets/CelebDFv3/CelebDFv3/FAKE/FaceSwap/GHOST/id31_id34_0004.mp4,FaceSwap/GHOST,id31,id34,0,3.551907539367676,-3.551907539367676,0.0,168.54263305664062,30.0,0.0,0.0,0.004813169129192829,0.0030278863850980997,0.002833477221429348,0.00510266050696373
CelebDFv3,/root/Datasets/CelebDFv3/CelebDFv3/FAKE/FaceSwap/HifiFace/id56_id57_0009.mp4,FaceSwap/HifiFace,id56,id57,0,2.1024537086486816,-2.1024537086486816,0.0,115.24861145019531,30.0,0.0,0.0,0.005141459405422211,0.0020218626596033573,0.00171668769326061,0.003074235748499632
CelebDFv3,/root/Datasets/CelebDFv3/CelebDFv3/FAKE/FaceSwap/InSwapper/id23_id31_0002.mp4,FaceSwap/InSwapper,id23,id31,0,-3.857499599456787,3.857499599456787,0.0,96.4583969116211,30.0,0.0,0.0,0.008639300242066383,0.011212927289307117,0.0052503966726362705,0.009331588633358479
CelebDFv3,/root/Datasets/CelebDFv3/CelebDFv3/FAKE/FaceSwap/MobileFaceSwap/id31_id37_0005.mp4,FaceSwap/MobileFaceSwap,id31,id37,0,3.5647389888763428,-3.5647389888763428,0.0,116.85955047607422,30.0,0.0,0.0,0.005530369468033314,0.003937194123864174,0.0018984132912009954,0.0034187529236078262
CelebDFv3,/root/Datasets/CelebDFv3/CelebDFv3/FAKE/FaceSwap/SimSwap/id54_id52_0006.mp4,FaceSwap/SimSwap,id54,id52,0,-1.2439613342285156,1.2439613342285156,0.0,163.9272003173828,30.0,1.0,0.015625,0.00419991509988904,0.006630668882280588,0.003907459322363138,0.006997458171099424
CelebDFv3,/root/Datasets/CelebDFv3/CelebDFv3/FAKE/FaceSwap/UniFace/id25_id19_0007.mp4,FaceSwap/UniFace,id25,id19,0,-0.7423122525215149,0.7423122525215149,0.0,158.2834014892578,30.0,0.0,0.0,0.007856925949454308,0.004946982953697443,0.00449588056653738,0.006042463704943657
CelebDFv3,/root/Datasets/CelebDFv3/CelebDFv3/FAKE/TalkingFace/AniTalker/id22_0005_test_id02465_mzyWUVgjQn0.mp4,TalkingFace/AniTalker,id22,,0,-3.465743064880371,3.465743064880371,0.0,136.13754272460938,25.0,0.0,0.0,0.004574203863739967,0.003910406958311796,0.0035617880057543516,0.0035617880057543516
CelebDFv3,/root/Datasets/CelebDFv3/CelebDFv3/FAKE/TalkingFace/EDTalk/id48_0001_test_id02057_wZC3dqygHUE.mp4,TalkingFace/EDTalk,id48,,0,1.6022146940231323,-1.6022146940231323,0.0,93.70633697509766,25.0,0.0,0.0,0.010151240974664688,0.010658455081284046,0.00535608222708106,0.00535608222708106
CelebDFv3,/root/Datasets/CelebDFv3/CelebDFv3/FAKE/TalkingFace/EchoMimic/id26_0001_test_id03524_T8R_BWJi2KI.mp4,TalkingFace/EchoMimic,id26,,0,4.3866376876831055,-4.3866376876831055,0.0,191.40098571777344,24.0,0.0,0.0,0.002574258018285036,0.009418155997991562,0.004696711897850037,0.004696711897850037
CelebDFv3,/root/Datasets/CelebDFv3/CelebDFv3/FAKE/TalkingFace/FLOAT/id23_0005_test_id06310_MNZMZ6ChMZQ.mp4,TalkingFace/FLOAT,id23,,0,2.1240196228027344,-2.1240196228027344,0.0,105.4771499633789,25.0,0.0,0.0,0.006820863578468561,0.007035040762275457,0.004860580898821354,0.004860580898821354
CelebDFv3,/root/Datasets/CelebDFv3/CelebDFv3/FAKE/TalkingFace/IP_LAP/id22_0006_test_id02317_V1il-79GsT4.mp4,TalkingFace/IP_LAP,id22,,0,4.469386100769043,-4.469386100769043,0.0,122.13557434082031,25.0,0.0,0.0,0.00930242333561182,0.004968547262251377,0.004634370561689138,0.004634370561689138
CelebDFv3,/root/Datasets/CelebDFv3/CelebDFv3/FAKE/TalkingFace/Real3DPortrait/id54_0006_test_id01228_JML4qGlGgJQ.mp4,TalkingFace/Real3DPortrait,id54,,0,-2.3212668895721436,2.3212668895721436,0.0,181.17613220214844,25.0,0.0,0.0,0.012454810552299023,0.004846677184104919,0.012506225146353245,0.012506225146353245
CelebDFv3,/root/Datasets/CelebDFv3/CelebDFv3/FAKE/TalkingFace/SadTalker/id51_0004_test_id03347__NVxlFSjV0I.mp4,TalkingFace/SadTalker,id51,,0,-6.024880409240723,6.024880409240723,0.0,163.54232788085938,25.0,1.0,1.0,0.0,0.0,0.0,0.0
CelebDFv3,/root/Datasets/CelebDFv3/CelebDFv3/FAKE/FaceReenact/DaGAN/id22_id28_0005.mp4,FaceReenact/DaGAN,id22,id28,0,1.301574468612671,-1.301574468612671,0.0,106.82874298095703,30.0,0.0,0.0,0.01232599001377821,0.010071538388729095,0.010817460715770721,0.010817460715770721
CelebDFv3,/root/Datasets/CelebDFv3/CelebDFv3/FAKE/FaceReenact/FSRT/id31_id33_0006.mp4,FaceReenact/FSRT,id31,id33,0,-7.655902862548828,7.655902862548828,0.0,193.48912048339844,20.0,1.0,0.15625,0.015409030020236969,0.0055866180919110775,0.007610959000885487,0.007610959000885487
CelebDFv3,/root/Datasets/CelebDFv3/CelebDFv3/FAKE/FaceReenact/HyperReenact/id56_id50_0005.mp4,FaceReenact/HyperReenact,id56,id50,0,-2.22695255279541,2.22695255279541,0.0,85.72576141357422,25.0,0.0,0.0,0.013183305971324444,0.0036726915277540684,0.009202640503644943,0.009202640503644943
CelebDFv3,/root/Datasets/CelebDFv3/CelebDFv3/FAKE/FaceReenact/LIA/id23_id1_0003.mp4,FaceReenact/LIA,id23,id1,0,0.4874812364578247,-0.4874812364578247,0.0,100.31356048583984,30.0,0.0,0.0,0.015128744766116142,0.00571249658241868,0.006000446621328592,0.006000446621328592
CelebDFv3,/root/Datasets/CelebDFv3/CelebDFv3/FAKE/FaceReenact/LivePortrait/id48_id40_0007.mp4,FaceReenact/LivePortrait,id48,id40,0,-1.1467143297195435,1.1467143297195435,0.0,115.12979125976562,30.0,0.0,0.0,0.0012408291222527623,0.00259663094766438,0.001287913299165666,0.001689742086455226
CelebDFv3,/root/Datasets/CelebDFv3/CelebDFv3/FAKE/FaceReenact/MCNET/id56_id52_0008.mp4,FaceReenact/MCNET,id56,id52,0,3.998729705810547,-3.998729705810547,0.0,104.09831237792969,30.0,0.0,0.0,0.007257333490997553,0.00434470409527421,0.007458567153662443,0.007458567153662443
CelebDFv3,/root/Datasets/CelebDFv3/CelebDFv3/FAKE/FaceReenact/TPSMM/id56_id58_0002.mp4,FaceReenact/TPSMM,id56,id58,0,0.9591735005378723,-0.9591735005378723,0.0,88.3322525024414,30.0,0.0,0.0,0.011185671202838421,0.008126919157803059,0.0043646120466291904,0.0043646120466291904
CelebDFv3,/root/Datasets/CelebDFv3/CelebDFv3/FAKE/FaceSwap/BlendFace/id23_id22_0000.mp4,FaceSwap/BlendFace,id23,id22,0,2.0172877311706543,-2.0172877311706543,0.0,99.71430206298828,30.0,0.0,0.0,0.0017645704792812467,0.0021415669471025467,0.001526711625047028,0.002713440917432308
CelebDFv3,/root/Datasets/CelebDFv3/CelebDFv3/FAKE/FaceSwap/Celeb-DF-v2/id51_id57_0001.mp4,FaceSwap/Celeb-DF-v2,id51,id57,0,-14.044679641723633,14.044679641723633,0.0,370.7860107421875,30.0,1.0,0.046875,0.0038228267803788185,0.0053762649185955524,0.004501011222600937,0.008060387335717678
CelebDFv3,/root/Datasets/CelebDFv3/CelebDFv3/FAKE/FaceSwap/GHOST/id48_id39_0002.mp4,FaceSwap/GHOST,id48,id39,0,1.3749268054962158,-1.3749268054962158,0.0,113.97930908203125,30.0,0.0,0.0,0.0030154965352267027,0.003980068489909172,0.0013483809307217598,0.002407823456451297
CelebDFv3,/root/Datasets/CelebDFv3/CelebDFv3/FAKE/FaceSwap/HifiFace/id8_id9_0003.mp4,FaceSwap/HifiFace,id8,id9,0,-6.071149826049805,6.071149826049805,0.0,134.3738555908203,30.0,0.0,0.0,0.00237179733812809,0.010321928188204765,0.0027039567939937115,0.005094253923743963
CelebDFv3,/root/Datasets/CelebDFv3/CelebDFv3/FAKE/FaceSwap/InSwapper/id54_id50_0004.mp4,FaceSwap/InSwapper,id54,id50,0,-3.7815380096435547,3.7815380096435547,0.0,178.6020965576172,30.0,0.0,0.0,0.0019898326136171818,0.018721675500273705,0.011366713792085648,0.020355451852083206
CelebDFv3,/root/Datasets/CelebDFv3/CelebDFv3/FAKE/FaceSwap/MobileFaceSwap/id23_id0_0006.mp4,FaceSwap/MobileFaceSwap,id23,id0,0,3.5223584175109863,-3.5223584175109863,0.0,130.70310974121094,30.0,0.0,0.0,0.006091078277677298,0.003566674655303359,0.0015327847795560956,0.002030939795076847
CelebDFv3,/root/Datasets/CelebDFv3/CelebDFv3/FAKE/FaceSwap/SimSwap/id51_id49_0005.mp4,FaceSwap/SimSwap,id51,id49,0,-1.8647292852401733,1.8647292852401733,0.0,138.5672149658203,30.0,0.0,0.0,0.010800067335367203,0.021409474313259125,0.002579568885266781,0.0046194796450436115
CelebDFv3,/root/Datasets/CelebDFv3/CelebDFv3/FAKE/FaceSwap/UniFace/id11_id7_0008.mp4,FaceSwap/UniFace,id11,id7,0,-1.090895652770996,1.090895652770996,0.0,99.77864837646484,30.0,0.0,0.0,0.010562822222709656,0.05545603856444359,0.035937074571847916,0.06828043609857559
CelebDFv3,/root/Datasets/CelebDFv3/CelebDFv3/FAKE/TalkingFace/AniTalker/id8_0005_test_id03978_ywSqMWAhPPY.mp4,TalkingFace/AniTalker,id8,,0,-2.780269145965576,2.780269145965576,0.0,128.56582641601562,25.0,0.0,0.0,0.006338786333799362,0.005842235404998064,0.00434416439384222,0.00434416439384222
CelebDFv3,/root/Datasets/CelebDFv3/CelebDFv3/FAKE/TalkingFace/EDTalk/id51_0001_test_id00812_Ypl15Alz_-I.mp4,TalkingFace/EDTalk,id51,,0,0.1585797667503357,-0.1585797667503357,0.0,147.99691772460938,25.0,0.0,0.0,0.01316092163324356,0.01271177176386118,0.0077477674931287766,0.0077477674931287766
CelebDFv3,/root/Datasets/CelebDFv3/CelebDFv3/FAKE/TalkingFace/EchoMimic/id56_0006_test_id07494_HxLolmovgAs.mp4,TalkingFace/EchoMimic,id56,,0,-0.2110562026500702,0.2110562026500702,0.0,119.81805419921875,24.0,0.0,0.0,0.009165818803012371,0.007293155416846275,0.005249726120382547,0.005249726120382547
CelebDFv3,/root/Datasets/CelebDFv3/CelebDFv3/FAKE/TalkingFace/FLOAT/id59_0005_test_id04295_4SPw-Qb6qH4.mp4,TalkingFace/FLOAT,id59,,0,-1.7036744356155396,1.7036744356155396,0.0,115.16655731201172,25.0,0.0,0.0,0.008711783215403557,0.0035559344105422497,0.00535272853448987,0.00535272853448987
CelebDFv3,/root/Datasets/CelebDFv3/CelebDFv3/FAKE/TalkingFace/IP_LAP/id31_0008_test_id08374_8V4tFXw2UxY.mp4,TalkingFace/IP_LAP,id31,,0,5.3076934814453125,-5.3076934814453125,0.0,106.77677154541016,25.0,0.0,0.0,0.014009612612426281,0.01292860135436058,0.017849726602435112,0.017849726602435112
CelebDFv3,/root/Datasets/CelebDFv3/CelebDFv3/FAKE/TalkingFace/Real3DPortrait/id25_0007_test_id00812_uCF5yBvYa9k.mp4,TalkingFace/Real3DPortrait,id25,,0,5.882373809814453,-5.882373809814453,0.0,176.43141174316406,25.0,0.0,0.0,0.009606266394257545,0.006537457462400198,0.009601746685802937,0.009601746685802937
CelebDFv3,/root/Datasets/CelebDFv3/CelebDFv3/FAKE/TalkingFace/SadTalker/id48_0007_test_id07961_464OHFffwjI.mp4,TalkingFace/SadTalker,id48,,0,-0.47653377056121826,0.47653377056121826,0.0,122.59732055664062,25.0,0.0,0.0,0.0023895364720374346,0.00638166256248951,0.005685347598046064,0.005685347598046064
CelebDFv3,/root/Datasets/CelebDFv3/CelebDFv3/FAKE/FaceReenact/DaGAN/id56_id58_0002.mp4,FaceReenact/DaGAN,id56,id58,0,0.16139762103557587,-0.16139762103557587,0.0,91.1625747680664,30.0,0.0,0.0,0.012003934010863304,0.00844088476151228,0.004589017014950514,0.004589017014950514
CelebDFv3,/root/Datasets/CelebDFv3/CelebDFv3/FAKE/FaceReenact/FSRT/id23_id34_0009.mp4,FaceReenact/FSRT,id23,id34,0,2.1011910438537598,-2.1011910438537598,0.0,98.40587615966797,20.0,1.0,0.125,0.026632055640220642,0.011774903163313866,0.016807278618216515,0.016807278618216515
CelebDFv3,/root/Datasets/CelebDFv3/CelebDFv3/FAKE/FaceReenact/HyperReenact/id25_id21_0008.mp4,FaceReenact/HyperReenact,id25,id21,0,1.928053855895996,-1.928053855895996,0.0,120.93534088134766,25.0,0.0,0.0,0.007293092552572489,0.0034443370532244444,0.005893518216907978,0.005893518216907978
CelebDFv3,/root/Datasets/CelebDFv3/CelebDFv3/FAKE/FaceReenact/LIA/id48_id45_0003.mp4,FaceReenact/LIA,id48,id45,0,-2.8137638568878174,2.8137638568878174,0.0,113.56932830810547,30.0,0.0,0.0,0.004063033498823643,0.004246708936989307,0.004502162802964449,0.004502162802964449
CelebDFv3,/root/Datasets/CelebDFv3/CelebDFv3/FAKE/FaceReenact/LivePortrait/id23_id2_0005.mp4,FaceReenact/LivePortrait,id23,id2,0,-2.376654624938965,2.376654624938965,0.0,99.42744445800781,30.0,1.0,0.015625,0.0026323480997234583,0.005183369852602482,0.0030773943290114403,0.006299364380538464
CelebDFv3,/root/Datasets/CelebDFv3/CelebDFv3/FAKE/FaceReenact/MCNET/id51_id57_0007.mp4,FaceReenact/MCNET,id51,id57,0,-1.9185656309127808,1.9185656309127808,0.0,127.65071105957031,30.0,0.0,0.0,0.0033481630962342024,0.005454890429973602,0.005160249769687653,0.005160249769687653
CelebDFv3,/root/Datasets/CelebDFv3/CelebDFv3/FAKE/FaceReenact/TPSMM/id51_id55_0004.mp4,FaceReenact/TPSMM,id51,id55,0,-1.7297813892364502,1.7297813892364502,0.0,99.74459075927734,30.0,1.0,0.1875,0.013862545602023602,0.0218573696911335,0.023099876940250397,0.023099876940250397
CelebDFv3,/root/Datasets/CelebDFv3/CelebDFv3/FAKE/FaceSwap/BlendFace/id51_id53_0008.mp4,FaceSwap/BlendFace,id51,id53,0,-1.08484947681427,1.08484947681427,0.0,99.48531341552734,30.0,0.0,0.0,0.004043690860271454,0.004518916364759207,0.004406485706567764,0.007891112938523293
CelebDFv3,/root/Datasets/CelebDFv3/CelebDFv3/FAKE/FaceSwap/Celeb-DF-v2/id22_id28_0006.mp4,FaceSwap/Celeb-DF-v2,id22,id28,0,5.387303352355957,-5.387303352355957,0.0,133.04916381835938,30.0,0.0,0.0,0.0030716294422745705,0.0030439444817602634,0.0015295593766495585,0.0027185024227946997
CelebDFv3,/root/Datasets/CelebDFv3/CelebDFv3/FAKE/FaceSwap/GHOST/id22_id28_0009.mp4,FaceSwap/GHOST,id22,id28,0,-0.647795557975769,0.647795557975769,0.0,105.54421997070312,30.0,1.0,0.1875,0.006908901501446962,0.005710207391530275,0.0025622358079999685,0.0045538898557424545
CelebDFv3,/root/Datasets/CelebDFv3/CelebDFv3/FAKE/FaceSwap/HifiFace/id31_id23_0000.mp4,FaceSwap/HifiFace,id31,id23,0,0.6077055931091309,-0.6077055931091309,0.0,118.81635284423828,30.0,0.0,0.0,0.0032935943454504013,0.0069582220166921616,0.004301206208765507,0.007745816837996244
CelebDFv3,/root/Datasets/CelebDFv3/CelebDFv3/FAKE/FaceSwap/InSwapper/id23_id38_0001.mp4,FaceSwap/InSwapper,id23,id38,0,1.1770694255828857,-1.1770694255828857,0.0,109.84253692626953,30.0,0.0,0.0,0.003824243787676096,0.012958674691617489,0.012066115625202656,0.02144523896276951
CelebDFv3,/root/Datasets/CelebDFv3/CelebDFv3/FAKE/FaceSwap/MobileFaceSwap/id51_id49_0005.mp4,FaceSwap/MobileFaceSwap,id51,id49,0,-2.857464075088501,2.857464075088501,0.0,136.78543090820312,30.0,0.0,0.0,0.010764991864562035,0.02135222777724266,0.002603782806545496,0.004662841092795134
CelebDFv3,/root/Datasets/CelebDFv3/CelebDFv3/FAKE/FaceSwap/SimSwap/id23_id3_0002.mp4,FaceSwap/SimSwap,id23,id3,0,-2.090139865875244,2.090139865875244,0.0,98.20393371582031,30.0,0.0,0.0,0.009863272309303284,0.011078800074756145,0.004634290933609009,0.008236576803028584
CelebDFv3,/root/Datasets/CelebDFv3/CelebDFv3/FAKE/FaceSwap/UniFace/id8_id3_0008.mp4,FaceSwap/UniFace,id8,id3,0,-1.8169697523117065,1.8169697523117065,0.0,123.11687469482422,30.0,0.0,0.0,0.00218789535574615,0.0027174525894224644,0.0009719633380882442,0.0018311790190637112
CelebDFv3,/root/Datasets/CelebDFv3/CelebDFv3/FAKE/TalkingFace/AniTalker/id51_0006_test_id01892_aYQNf2Z8dGI.mp4,TalkingFace/AniTalker,id51,,0,-0.1646866351366043,0.1646866351366043,0.0,127.13712310791016,25.0,0.0,0.0,0.006591207347810268,0.002982556354254484,0.006416210439056158,0.006416210439056158
CelebDFv3,/root/Datasets/CelebDFv3/CelebDFv3/FAKE/TalkingFace/EDTalk/id56_0006_test_id07494_HxLolmovgAs.mp4,TalkingFace/EDTalk,id56,,0,0.41282668709754944,-0.41282668709754944,0.0,114.85177612304688,25.0,0.0,0.0,0.011709360405802727,0.009849791415035725,0.007000267505645752,0.007000267505645752
CelebDFv3,/root/Datasets/CelebDFv3/CelebDFv3/FAKE/TalkingFace/EchoMimic/id25_0001_test_id02576_5dQTvY26piw.mp4,TalkingFace/EchoMimic,id25,,0,3.5989255905151367,-3.5989255905151367,0.0,140.7821502685547,24.0,0.0,0.0,0.008765773847699165,0.007286311127245426,0.00833001360297203,0.00833001360297203
CelebDFv3,/root/Datasets/CelebDFv3/CelebDFv3/FAKE/TalkingFace/FLOAT/id26_0003_test_id05015_dlb6GaUPRuk.mp4,TalkingFace/FLOAT,id26,,0,-4.327834129333496,4.327834129333496,0.0,337.0545349121094,25.0,0.0,0.0,0.013792765326797962,0.006040516309440136,0.00677542993798852,0.00677542993798852
CelebDFv3,/root/Datasets/CelebDFv3/CelebDFv3/FAKE/TalkingFace/IP_LAP/id25_0009_test_id03980_Ze_9iDKT9ZI.mp4,TalkingFace/IP_LAP,id25,,0,-5.474892616271973,5.474892616271973,0.0,114.87133026123047,25.0,0.0,0.0,0.009133275598287582,0.007028955966234207,0.006311752367764711,0.006311752367764711
CelebDFv3,/root/Datasets/CelebDFv3/CelebDFv3/FAKE/TalkingFace/Real3DPortrait/id25_0009_test_id03980_Ze_9iDKT9ZI.mp4,TalkingFace/Real3DPortrait,id25,,0,-6.368185043334961,6.368185043334961,0.0,120.36761474609375,25.0,0.0,0.0,0.012884966097772121,0.004143944010138512,0.004358920734375715,0.004358920734375715
CelebDFv3,/root/Datasets/CelebDFv3/CelebDFv3/FAKE/TalkingFace/SadTalker/id59_0006_test_id06913_CFoP6f5lk7M.mp4,TalkingFace/SadTalker,id59,,0,6.216093063354492,-6.216093063354492,0.0,108.35447692871094,25.0,0.0,0.0,0.002272744197398424,0.010070033371448517,0.0059511056169867516,0.0059511056169867516
CelebDFv3,/root/Datasets/CelebDFv3/CelebDFv3/FAKE/FaceReenact/DaGAN/id23_id22_0000.mp4,FaceReenact/DaGAN,id23,id22,0,4.679997444152832,-4.679997444152832,0.0,122.23225402832031,30.0,0.0,0.0,0.014303752221167088,0.005586186423897743,0.007362143602222204,0.007362143602222204
CelebDFv3,/root/Datasets/CelebDFv3/CelebDFv3/FAKE/FaceReenact/FSRT/id26_id22_0003.mp4,FaceReenact/FSRT,id26,id22,0,0.42203032970428467,-0.42203032970428467,0.0,290.67010498046875,20.0,1.0,0.0625,0.01708078384399414,0.009015110321342945,0.008963216096162796,0.008963216096162796
CelebDFv3,/root/Datasets/CelebDFv3/CelebDFv3/FAKE/FaceReenact/HyperReenact/id23_id20_0002.mp4,FaceReenact/HyperReenact,id23,id20,0,2.000471353530884,-2.000471353530884,0.0,105.64747619628906,25.0,0.0,0.0,0.013681897893548012,0.004630932584404945,0.010357777588069439,0.010357777588069439
CelebDFv3,/root/Datasets/CelebDFv3/CelebDFv3/FAKE/FaceReenact/LIA/id51_id49_0004.mp4,FaceReenact/LIA,id51,id49,0,-0.8668646812438965,0.8668646812438965,0.0,92.41251373291016,30.0,1.0,0.546875,0.015542227774858475,0.016796614974737167,0.01725975051522255,0.01725975051522255
CelebDFv3,/root/Datasets/CelebDFv3/CelebDFv3/FAKE/FaceReenact/LivePortrait/id48_id44_0003.mp4,FaceReenact/LivePortrait,id48,id44,0,5.276289939880371,-5.276289939880371,0.0,126.4773178100586,30.0,0.0,0.0,0.0023396762553602457,0.006418552249670029,0.0037821359001100063,0.006753814406692982
CelebDFv3,/root/Datasets/CelebDFv3/CelebDFv3/FAKE/FaceReenact/MCNET/id23_id20_0007.mp4,FaceReenact/MCNET,id23,id20,0,4.450107574462891,-4.450107574462891,0.0,163.72079467773438,30.0,0.0,0.0,0.02099529281258583,0.011385422199964523,0.008139342069625854,0.008139342069625854
CelebDFv3,/root/Datasets/CelebDFv3/CelebDFv3/FAKE/FaceReenact/TPSMM/id23_id32_0009.mp4,FaceReenact/TPSMM,id23,id32,0,4.24868106842041,-4.24868106842041,0.0,123.31322479248047,30.0,0.0,0.0,0.004239251371473074,0.002316118683665991,0.00768196489661932,0.00768196489661932
CelebDFv3,/root/Datasets/CelebDFv3/CelebDFv3/FAKE/FaceSwap/BlendFace/id26_id17_0004.mp4,FaceSwap/BlendFace,id26,id17,0,-3.138029098510742,3.138029098510742,0.0,103.76141357421875,30.0,0.0,0.0,0.0035348471719771624,0.008209064602851868,0.0029355871956795454,0.005274105817079544
CelebDFv3,/root/Datasets/CelebDFv3/CelebDFv3/FAKE/FaceSwap/Celeb-DF-v2/id26_id9_0006.mp4,FaceSwap/Celeb-DF-v2,id26,id9,0,-2.0340676307678223,2.0340676307678223,0.0,252.84634399414062,30.0,1.0,0.046875,0.014745527878403664,0.005023163743317127,0.0044275796972215176,0.008062447421252728
CelebDFv3,/root/Datasets/CelebDFv3/CelebDFv3/FAKE/FaceSwap/GHOST/id22_id21_0005.mp4,FaceSwap/GHOST,id22,id21,0,-2.8773880004882812,2.8773880004882812,0.0,126.32662200927734,30.0,0.0,0.0,0.0027364734560251236,0.0021890795323997736,0.001610373379662633,0.0028621340170502663
CelebDFv3,/root/Datasets/CelebDFv3/CelebDFv3/FAKE/FaceSwap/HifiFace/id48_id42_0004.mp4,FaceSwap/HifiFace,id48,id42,0,0.9901200532913208,-0.9901200532913208,0.0,126.4154281616211,30.0,0.0,0.0,0.0033707721158862114,0.002311648102477193,0.003567672800272703,0.006370844319462776
CelebDFv3,/root/Datasets/CelebDFv3/CelebDFv3/FAKE/FaceSwap/InSwapper/id56_id55_0001.mp4,FaceSwap/InSwapper,id56,id55,0,-1.9809155464172363,1.9809155464172363,0.0,116.4152603149414,30.0,0.0,0.0,0.0032884518150240183,0.009893362410366535,0.0031514065340161324,0.005643523298203945
CelebDFv3,/root/Datasets/CelebDFv3/CelebDFv3/FAKE/FaceSwap/MobileFaceSwap/id26_id34_0006.mp4,FaceSwap/MobileFaceSwap,id26,id34,0,1.0018374919891357,-1.0018374919891357,0.0,251.02828979492188,30.0,0.0,0.0,0.015922801569104195,0.011602118611335754,0.013300316408276558,0.02421935275197029
CelebDFv3,/root/Datasets/CelebDFv3/CelebDFv3/FAKE/FaceSwap/SimSwap/id56_id55_0008.mp4,FaceSwap/SimSwap,id56,id55,0,1.0773544311523438,-1.0773544311523438,0.0,95.36124420166016,30.0,1.0,0.015625,0.005856315605342388,0.0031664336565881968,0.0030784280970692635,0.005512833595275879
CelebDFv3,/root/Datasets/CelebDFv3/CelebDFv3/FAKE/FaceSwap/UniFace/id26_id30_0000.mp4,FaceSwap/UniFace,id26,id30,0,3.4799046516418457,-3.4799046516418457,0.0,153.20730590820312,30.0,0.0,0.0,0.0017102457350119948,0.0015059871366247535,0.002315651625394821,0.004160323180258274
CelebDFv3,/root/Datasets/CelebDFv3/CelebDFv3/FAKE/TalkingFace/AniTalker/id51_0009_test_id01333_vWcj1WDDeL8.mp4,TalkingFace/AniTalker,id51,,0,-5.4499945640563965,5.4499945640563965,0.0,97.93834686279297,25.0,0.0,0.0,0.003949838224798441,0.00465417979285121,0.00462310528382659,0.00462310528382659
CelebDFv3,/root/Datasets/CelebDFv3/CelebDFv3/FAKE/TalkingFace/EDTalk/id51_0004_test_id04253_goriueKsSfQ.mp4,TalkingFace/EDTalk,id51,,0,1.7595171928405762,-1.7595171928405762,0.0,114.02263641357422,25.0,0.0,0.0,0.013904780149459839,0.00857812725007534,0.005279881879687309,0.005279881879687309
CelebDFv3,/root/Datasets/CelebDFv3/CelebDFv3/FAKE/TalkingFace/EchoMimic/id11_0006_test_id04862_i6aGUMQW5jA.mp4,TalkingFace/EchoMimic,id11,,0,0.11626037955284119,-0.11626037955284119,0.0,129.9522247314453,24.0,0.0,0.0,0.006334894802421331,0.005219231825321913,0.0068514966405928135,0.0068514966405928135
CelebDFv3,/root/Datasets/CelebDFv3/CelebDFv3/FAKE/TalkingFace/FLOAT/id56_0004_test_id04232__k0hgacT2zc.mp4,TalkingFace/FLOAT,id56,,0,-0.8472828269004822,0.8472828269004822,0.0,111.89811706542969,25.0,0.0,0.0,0.008645694702863693,0.0066840555518865585,0.007481199223548174,0.007481199223548174
CelebDFv3,/root/Datasets/CelebDFv3/CelebDFv3/FAKE/TalkingFace/IP_LAP/id25_0007_test_id00812_uCF5yBvYa9k.mp4,TalkingFace/IP_LAP,id25,,0,5.033750057220459,-5.033750057220459,0.0,140.30691528320312,25.0,1.0,0.03125,0.014777915552258492,0.008848176337778568,0.0075338464230299,0.0075338464230299
CelebDFv3,/root/Datasets/CelebDFv3/CelebDFv3/FAKE/TalkingFace/Real3DPortrait/id22_0007_test_id07802_w51pvh-_Tao.mp4,TalkingFace/Real3DPortrait,id22,,0,-8.336857795715332,8.336857795715332,0.0,248.99813842773438,25.0,0.0,0.0,0.016282953321933746,0.004403299186378717,0.007484350353479385,0.007484350353479385
CelebDFv3,/root/Datasets/CelebDFv3/CelebDFv3/FAKE/TalkingFace/SadTalker/id26_0004_test_id02317_ElfR3P4Rrmk.mp4,TalkingFace/SadTalker,id26,,0,-1.3852736949920654,1.3852736949920654,0.0,107.29113006591797,25.0,0.0,0.0,0.0031109172850847244,0.005262934137135744,0.005181852262467146,0.005181852262467146
CelebDFv3,/root/Datasets/CelebDFv3/CelebDFv3/FAKE/FaceReenact/DaGAN/id48_id45_0005.mp4,FaceReenact/DaGAN,id48,id45,0,-0.18791472911834717,0.18791472911834717,0.0,120.30274200439453,30.0,0.0,0.0,0.011188708245754242,0.005675826221704483,0.005164863541722298,0.005164863541722298
CelebDFv3,/root/Datasets/CelebDFv3/CelebDFv3/FAKE/FaceReenact/FSRT/id23_id19_0009.mp4,FaceReenact/FSRT,id23,id19,0,3.632627487182617,-3.632627487182617,0.0,106.35574340820312,20.0,1.0,0.09375,0.011126499623060226,0.00522310147061944,0.0050518265925347805,0.0050518265925347805
CelebDFv3,/root/Datasets/CelebDFv3/CelebDFv3/FAKE/FaceReenact/HyperReenact/id23_id30_0006.mp4,FaceReenact/HyperReenact,id23,id30,0,5.986103057861328,-5.986103057861328,0.0,103.72625732421875,25.0,1.0,0.015625,0.005875118542462587,0.004580609500408173,0.006483070552349091,0.006483070552349091
CelebDFv3,/root/Datasets/CelebDFv3/CelebDFv3/FAKE/FaceReenact/LIA/id48_id44_0000.mp4,FaceReenact/LIA,id48,id44,0,0.4415075182914734,-0.4415075182914734,0.0,97.96113586425781,30.0,0.0,0.0,0.009123469702899456,0.0140044204890728,0.008101248182356358,0.008101248182356358
CelebDFv3,/root/Datasets/CelebDFv3/CelebDFv3/FAKE/FaceReenact/LivePortrait/id56_id57_0009.mp4,FaceReenact/LivePortrait,id56,id57,0,-0.6933394074440002,0.6933394074440002,0.0,85.10940551757812,29.0,0.0,0.0,0.012835962697863579,0.005606141407042742,0.003658103523775935,0.006550913210958242
CelebDFv3,/root/Datasets/CelebDFv3/CelebDFv3/FAKE/FaceReenact/MCNET/id23_id24_0009.mp4,FaceReenact/MCNET,id23,id24,0,5.717370986938477,-5.717370986938477,0.0,100.30905151367188,30.0,0.0,0.0,0.006600061897188425,0.00682024285197258,0.006239072419703007,0.006239072419703007
CelebDFv3,/root/Datasets/CelebDFv3/CelebDFv3/FAKE/FaceReenact/TPSMM/id48_id45_0005.mp4,FaceReenact/TPSMM,id48,id45,0,-0.12440875172615051,0.12440875172615051,0.0,112.87532043457031,30.0,0.0,0.0,0.010811416432261467,0.005529513116925955,0.0052380068227648735,0.0052380068227648735
CelebDFv3,/root/Datasets/CelebDFv3/CelebDFv3/FAKE/FaceSwap/BlendFace/id23_id3_0006.mp4,FaceSwap/BlendFace,id23,id3,0,2.4220468997955322,-2.4220468997955322,0.0,129.13368225097656,30.0,0.0,0.0,0.00634880131110549,0.0035557341761887074,0.0025263973511755466,0.0033474767114967108
CelebDFv3,/root/Datasets/CelebDFv3/CelebDFv3/FAKE/FaceSwap/Celeb-DF-v2/id22_id26_0001.mp4,FaceSwap/Celeb-DF-v2,id22,id26,0,-0.33980339765548706,0.33980339765548706,0.0,99.36429595947266,30.0,0.0,0.0,0.011712129227817059,0.022427592426538467,0.013991422019898891,0.02486710622906685
CelebDFv3,/root/Datasets/CelebDFv3/CelebDFv3/FAKE/FaceSwap/GHOST/id22_id26_0005.mp4,FaceSwap/GHOST,id22,id26,0,-3.2765445709228516,3.2765445709228516,0.0,128.1915283203125,30.0,0.0,0.0,0.002595974365249276,0.0020612594671547413,0.0017991121858358383,0.0031975817400962114
CelebDFv3,/root/Datasets/CelebDFv3/CelebDFv3/FAKE/FaceSwap/HifiFace/id22_id27_0005.mp4,FaceSwap/HifiFace,id22,id27,0,-2.4579944610595703,2.4579944610595703,0.0,123.90459442138672,30.0,0.0,0.0,0.0027997747529298067,0.001989979762583971,0.0016815064009279013,0.002988560125231743
CelebDFv3,/root/Datasets/CelebDFv3/CelebDFv3/FAKE/FaceSwap/InSwapper/id31_id9_0005.mp4,FaceSwap/InSwapper,id31,id9,0,0.8932983875274658,-0.8932983875274658,0.0,139.91845703125,30.0,0.0,0.0,0.005356725305318832,0.004327085800468922,0.00246192398481071,0.004433549474924803
CelebDFv3,/root/Datasets/CelebDFv3/CelebDFv3/FAKE/FaceSwap/MobileFaceSwap/id23_id9_0000.mp4,FaceSwap/MobileFaceSwap,id23,id9,0,1.3860111236572266,-1.3860111236572266,0.0,106.94649505615234,30.0,0.0,0.0,0.001762892003171146,0.002089666435495019,0.0011077746748924255,0.0019688596948981285
CelebDFv3,/root/Datasets/CelebDFv3/CelebDFv3/FAKE/FaceSwap/SimSwap/id51_id58_0008.mp4,FaceSwap/SimSwap,id51,id58,0,-3.587993621826172,3.587993621826172,0.0,94.33708190917969,30.0,0.0,0.0,0.004447356332093477,0.0059882779605686665,0.005664796102792025,0.0101444898173213
CelebDFv3,/root/Datasets/CelebDFv3/CelebDFv3/FAKE/FaceSwap/UniFace/id51_id54_0002.mp4,FaceSwap/UniFace,id51,id54,0,-3.7318196296691895,3.7318196296691895,0.0,66.78387451171875,30.0,0.0,0.0,0.0062520066276192665,0.016636358574032784,0.004192339722067118,0.007507620379328728
CelebDFv3,/root/Datasets/CelebDFv3/CelebDFv3/FAKE/TalkingFace/AniTalker/id59_0006_test_id08701_yty4X4F1mQY.mp4,TalkingFace/AniTalker,id59,,0,5.374245643615723,-5.374245643615723,0.0,105.00450134277344,25.0,0.0,0.0,0.004287439398467541,0.006964631844311953,0.007288545370101929,0.007288545370101929
CelebDFv3,/root/Datasets/CelebDFv3/CelebDFv3/FAKE/TalkingFace/EDTalk/id25_0006_test_id07802_MtoFAMWjUxM.mp4,TalkingFace/EDTalk,id25,,0,7.521283149719238,-7.521283149719238,0.0,326.3623352050781,25.0,0.0,0.0,0.011790133081376553,0.011527400463819504,0.0049300421960651875,0.0049300421960651875
CelebDFv3,/root/Datasets/CelebDFv3/CelebDFv3/FAKE/TalkingFace/EchoMimic/id22_0002_test_id02086_0zkXi4u4Rr0.mp4,TalkingFace/EchoMimic,id22,,0,1.0359370708465576,-1.0359370708465576,0.0,147.76194763183594,24.0,0.0,0.0,0.009760435670614243,0.008013962768018246,0.005287699401378632,0.005287699401378632
CelebDFv3,/root/Datasets/CelebDFv3/CelebDFv3/FAKE/TalkingFace/FLOAT/id54_0007_test_id01333_D9Eylmbz4Ik.mp4,TalkingFace/FLOAT,id54,,0,-2.3924736976623535,2.3924736976623535,0.0,130.69229125976562,25.0,0.0,0.0,0.011932998895645142,0.016041293740272522,0.012305492535233498,0.012305492535233498
CelebDFv3,/root/Datasets/CelebDFv3/CelebDFv3/FAKE/TalkingFace/IP_LAP/id31_0001_test_id09017_fsgr0uLbKVg.mp4,TalkingFace/IP_LAP,id31,,0,1.705970048904419,-1.705970048904419,0.0,137.0693359375,25.0,0.0,0.0,0.004870612174272537,0.003719390369951725,0.00556749664247036,0.00556749664247036
CelebDFv3,/root/Datasets/CelebDFv3/CelebDFv3/FAKE/TalkingFace/Real3DPortrait/id56_0009_test_id06104_I5L50wxtK8Q.mp4,TalkingFace/Real3DPortrait,id56,,0,7.76113748550415,-7.76113748550415,0.0,115.78980255126953,25.0,0.0,0.0,0.011618290096521378,0.005781406536698341,0.007692554499953985,0.007692554499953985
CelebDFv3,/root/Datasets/CelebDFv3/CelebDFv3/FAKE/TalkingFace/SadTalker/id23_0007_test_id01593_xYSFA0pJBl0.mp4,TalkingFace/SadTalker,id23,,0,4.505397796630859,-4.505397796630859,0.0,413.3442077636719,25.0,0.0,0.0,0.0018743827240541577,0.004849531222134829,0.005576740950345993,0.005248697474598885
CelebDFv3,/root/Datasets/CelebDFv3/CelebDFv3/FAKE/FaceReenact/DaGAN/id31_id17_0005.mp4,FaceReenact/DaGAN,id31,id17,0,-2.569613456726074,2.569613456726074,0.0,118.77859497070312,30.0,0.0,0.0,0.011000283062458038,0.010015043430030346,0.007677494082599878,0.007677494082599878
CelebDFv3,/root/Datasets/CelebDFv3/CelebDFv3/FAKE/FaceReenact/FSRT/id26_id30_0004.mp4,FaceReenact/FSRT,id26,id30,0,-1.2291113138198853,1.2291113138198853,0.0,102.8025131225586,20.0,0.0,0.0,0.011134946718811989,0.011410409584641457,0.006078737787902355,0.006078737787902355
CelebDFv3,/root/Datasets/CelebDFv3/CelebDFv3/FAKE/FaceReenact/HyperReenact/id31_id37_0004.mp4,FaceReenact/HyperReenact,id31,id37,0,3.6831140518188477,-3.6831140518188477,0.0,180.92398071289062,25.0,0.0,0.0,0.002816575113683939,0.0019319683779031038,0.007180222775787115,0.007180222775787115
CelebDFv3,/root/Datasets/CelebDFv3/CelebDFv3/FAKE/FaceReenact/LIA/id25_id21_0002.mp4,FaceReenact/LIA,id25,id21,0,0.054081499576568604,-0.054081499576568604,0.0,101.93904113769531,30.0,0.0,0.0,0.010728215798735619,0.017324000597000122,0.00917954370379448,0.00917954370379448
CelebDFv3,/root/Datasets/CelebDFv3/CelebDFv3/FAKE/FaceReenact/LivePortrait/id22_id20_0002.mp4,FaceReenact/LivePortrait,id22,id20,0,-1.7157273292541504,1.7157273292541504,0.0,131.90866088867188,30.0,0.0,0.0,0.006378067657351494,0.005002492107450962,0.0036128803621977568,0.006421211175620556
CelebDFv3,/root/Datasets/CelebDFv3/CelebDFv3/FAKE/FaceReenact/MCNET/id23_id30_0009.mp4,FaceReenact/MCNET,id23,id30,0,6.738560676574707,-6.738560676574707,0.0,117.17487335205078,30.0,0.0,0.0,0.00729690957814455,0.002537096617743373,0.006221718154847622,0.006221718154847622
CelebDFv3,/root/Datasets/CelebDFv3/CelebDFv3/FAKE/FaceReenact/TPSMM/id22_id26_0005.mp4,FaceReenact/TPSMM,id22,id26,0,-5.583396911621094,5.583396911621094,0.0,119.21793365478516,30.0,0.0,0.0,0.0033494457602500916,0.0033900365233421326,0.002503432799130678,0.002503432799130678
CelebDFv3,/root/Datasets/CelebDFv3/CelebDFv3/FAKE/FaceSwap/BlendFace/id26_id37_0003.mp4,FaceSwap/BlendFace,id26,id37,0,-0.3647603988647461,0.3647603988647461,0.0,333.32696533203125,30.0,0.0,0.0,0.006049005314707756,0.006721234880387783,0.0025354071985930204,0.004555138293653727
CelebDFv3,/root/Datasets/CelebDFv3/CelebDFv3/FAKE/FaceSwap/Celeb-DF-v2/id54_id49_0009.mp4,FaceSwap/Celeb-DF-v2,id54,id49,0,-1.4583510160446167,1.4583510160446167,0.0,92.47588348388672,30.0,0.0,0.0,0.015954462811350822,0.01547752320766449,0.002257827902212739,0.004043306689709425
CelebDFv3,/root/Datasets/CelebDFv3/CelebDFv3/FAKE/FaceSwap/GHOST/id26_id28_0002.mp4,FaceSwap/GHOST,id26,id28,0,1.0686280727386475,-1.0686280727386475,0.0,90.6711654663086,30.0,0.0,0.0,0.006138419266790152,0.01670513115823269,0.0035228626802563667,0.0063292114064097404
CelebDFv3,/root/Datasets/CelebDFv3/CelebDFv3/FAKE/FaceSwap/HifiFace/id56_id50_0002.mp4,FaceSwap/HifiFace,id56,id50,0,-2.5433616638183594,2.5433616638183594,0.0,101.36182403564453,30.0,0.0,0.0,0.006915190257132053,0.0042769573628902435,0.0033461502753198147,0.005992268677800894
CelebDFv3,/root/Datasets/CelebDFv3/CelebDFv3/FAKE/FaceSwap/InSwapper/id11_id7_0008.mp4,FaceSwap/InSwapper,id11,id7,0,-1.9148129224777222,1.9148129224777222,0.0,113.77484893798828,30.0,0.0,0.0,0.01351266447454691,0.06308884173631668,0.03986838459968567,0.07574993371963501
CelebDFv3,/root/Datasets/CelebDFv3/CelebDFv3/FAKE/FaceSwap/MobileFaceSwap/id51_id50_0007.mp4,FaceSwap/MobileFaceSwap,id51,id50,0,-3.144583225250244,3.144583225250244,0.0,125.70671081542969,30.0,0.0,0.0,0.003232837887480855,0.0033492357470095158,0.0014791383873671293,0.002648833440616727
CelebDFv3,/root/Datasets/CelebDFv3/CelebDFv3/FAKE/FaceSwap/SimSwap/id23_id2_0005.mp4,FaceSwap/SimSwap,id23,id2,0,4.484188079833984,-4.484188079833984,0.0,107.6091079711914,30.0,0.0,0.0,0.006309295538812876,0.0022486282978206873,0.0025869018863886595,0.0052953362464904785
CelebDFv3,/root/Datasets/CelebDFv3/CelebDFv3/FAKE/FaceSwap/UniFace/id31_id21_0002.mp4,FaceSwap/UniFace,id31,id21,0,2.580976963043213,-2.580976963043213,0.0,143.12417602539062,30.0,0.0,0.0,0.024106085300445557,0.04913683235645294,0.016611982136964798,0.029915645718574524
CelebDFv3,/root/Datasets/CelebDFv3/CelebDFv3/FAKE/TalkingFace/AniTalker/id11_0001_test_id04478_Rk34ptLauAE.mp4,TalkingFace/AniTalker,id11,,0,-1.145166039466858,1.145166039466858,0.0,131.45970153808594,25.0,0.0,0.0,0.005506763234734535,0.005149421282112598,0.006015837658196688,0.006015837658196688
CelebDFv3,/root/Datasets/CelebDFv3/CelebDFv3/FAKE/TalkingFace/EDTalk/id23_0006_test_id06104_D84wde8JJ_k.mp4,TalkingFace/EDTalk,id23,,0,11.257894515991211,-11.257894515991211,0.0,118.48140716552734,25.0,0.0,0.0,0.011276663281023502,0.011598857119679451,0.007549681700766087,0.007549681700766087
CelebDFv3,/root/Datasets/CelebDFv3/CelebDFv3/FAKE/TalkingFace/EchoMimic/id56_0009_test_id01437_LgnNNq3sfPY.mp4,TalkingFace/EchoMimic,id56,,0,5.052579402923584,-5.052579402923584,0.0,153.7488555908203,24.0,0.0,0.0,0.007402891293168068,0.012198444455862045,0.009714677929878235,0.009714677929878235
CelebDFv3,/root/Datasets/CelebDFv3/CelebDFv3/FAKE/TalkingFace/FLOAT/id22_0000_test_id00419_we1bS7x83WQ.mp4,TalkingFace/FLOAT,id22,,0,0.2833719253540039,-0.2833719253540039,0.0,133.09786987304688,25.0,0.0,0.0,0.010649723000824451,0.009138254448771477,0.0137441735714674,0.0137441735714674
CelebDFv3,/root/Datasets/CelebDFv3/CelebDFv3/FAKE/TalkingFace/IP_LAP/id25_0006_test_id04862_S-gP56qMDiI.mp4,TalkingFace/IP_LAP,id25,,0,14.393796920776367,-14.393796920776367,0.0,330.2865905761719,25.0,0.0,0.0,0.003295822301879525,0.0039246524684131145,0.005618206225335598,0.005618206225335598
CelebDFv3,/root/Datasets/CelebDFv3/CelebDFv3/FAKE/TalkingFace/Real3DPortrait/id25_0006_test_id03347_iLd-6KT2Y2Q.mp4,TalkingFace/Real3DPortrait,id25,,0,14.177955627441406,-14.177955627441406,0.0,310.956787109375,25.0,1.0,0.25,0.008095182478427887,0.006516773719340563,0.008382543921470642,0.008382543921470642
CelebDFv3,/root/Datasets/CelebDFv3/CelebDFv3/FAKE/TalkingFace/SadTalker/id23_0008_test_id06811_Y6PB7tt3VPc.mp4,TalkingFace/SadTalker,id23,,0,-0.6977236270904541,0.6977236270904541,0.0,123.95629119873047,25.0,0.0,0.0,0.0023783128708601,0.007095388136804104,0.008082596585154533,0.008082596585154533
CelebDFv3,/root/Datasets/CelebDFv3/CelebDFv3/FAKE/FaceReenact/DaGAN/id51_id56_0005.mp4,FaceReenact/DaGAN,id51,id56,0,-1.9202699661254883,1.9202699661254883,0.0,144.69891357421875,29.920000076293945,0.0,0.0,0.006729975808411837,0.00905691646039486,0.008053119294345379,0.008053119294345379
CelebDFv3,/root/Datasets/CelebDFv3/CelebDFv3/FAKE/FaceReenact/FSRT/id26_id33_0001.mp4,FaceReenact/FSRT,id26,id33,0,1.2825278043746948,-1.2825278043746948,0.0,101.14671325683594,20.0,1.0,0.140625,0.029233915731310844,0.023875927552580833,0.010315103456377983,0.010315103456377983
CelebDFv3,/root/Datasets/CelebDFv3/CelebDFv3/FAKE/FaceReenact/HyperReenact/id25_id22_0002.mp4,FaceReenact/HyperReenact,id25,id22,0,1.8835161924362183,-1.8835161924362183,0.0,89.15884399414062,25.0,0.0,0.0,0.007263052277266979,0.003640386974439025,0.005991294514387846,0.005991294514387846
CelebDFv3,/root/Datasets/CelebDFv3/CelebDFv3/FAKE/FaceReenact/LIA/id31_id35_0006.mp4,FaceReenact/LIA,id31,id35,0,-9.833742141723633,9.833742141723633,0.0,231.5759735107422,30.0,1.0,0.140625,0.015625830739736557,0.008763385005295277,0.005210908129811287,0.005210908129811287
CelebDFv3,/root/Datasets/CelebDFv3/CelebDFv3/FAKE/FaceReenact/LivePortrait/id26_id20_0000.mp4,FaceReenact/LivePortrait,id26,id20,0,0.08356845378875732,-0.08356845378875732,0.0,140.6464385986328,30.0,1.0,0.515625,0.0038693740498274565,0.016407502815127373,0.010265248827636242,0.018442651256918907
CelebDFv3,/root/Datasets/CelebDFv3/CelebDFv3/FAKE/FaceReenact/MCNET/id23_id38_0001.mp4,FaceReenact/MCNET,id23,id38,0,3.6665353775024414,-3.6665353775024414,0.0,108.24209594726562,30.0,0.0,0.0,0.01705976575613022,0.006772709544748068,0.013277877122163773,0.013277877122163773
CelebDFv3,/root/Datasets/CelebDFv3/CelebDFv3/FAKE/FaceReenact/TPSMM/id23_id9_0006.mp4,FaceReenact/TPSMM,id23,id9,0,6.54833984375,-6.54833984375,0.0,119.85066223144531,30.0,0.0,0.0,0.013973983936011791,0.010851482860744,0.006298127118498087,0.006298127118498087
CelebDFv3,/root/Datasets/CelebDFv3/CelebDFv3/FAKE/FaceSwap/BlendFace/id23_id20_0001.mp4,FaceSwap/BlendFace,id23,id20,0,4.219396114349365,-4.219396114349365,0.0,109.99385070800781,30.0,0.0,0.0,0.0021648176480084658,0.003941121511161327,0.0015439387643709779,0.0027440593112260103
CelebDFv3,/root/Datasets/CelebDFv3/CelebDFv3/FAKE/FaceSwap/Celeb-DF-v2/id56_id58_0000.mp4,FaceSwap/Celeb-DF-v2,id56,id58,0,-1.6719186305999756,1.6719186305999756,0.0,91.22869873046875,30.0,0.0,0.0,0.003552054986357689,0.0047732144594192505,0.001957386266440153,0.0035052779130637646
CelebDFv3,/root/Datasets/CelebDFv3/CelebDFv3/FAKE/FaceSwap/GHOST/id11_id7_0009.mp4,FaceSwap/GHOST,id11,id7,0,-2.297077178955078,2.297077178955078,0.0,106.9675521850586,30.0,0.0,0.0,0.002274750266224146,0.0028478498570621014,0.0009068695362657309,0.0017230521189048886
CelebDFv3,/root/Datasets/CelebDFv3/CelebDFv3/FAKE/FaceSwap/HifiFace/id26_id28_0002.mp4,FaceSwap/HifiFace,id26,id28,0,0.34936851263046265,-0.34936851263046265,0.0,88.2268295288086,30.0,1.0,0.015625,0.006198990624397993,0.016500048339366913,0.003827461041510105,0.006876455619931221
CelebDFv3,/root/Datasets/CelebDFv3/CelebDFv3/FAKE/FaceSwap/InSwapper/id23_id35_0005.mp4,FaceSwap/InSwapper,id23,id35,0,1.6863088607788086,-1.6863088607788086,0.0,102.1504135131836,30.0,0.0,0.0,0.00633449200540781,0.0024976483546197414,0.003897386137396097,0.007977870292961597
CelebDFv3,/root/Datasets/CelebDFv3/CelebDFv3/FAKE/FaceSwap/MobileFaceSwap/id31_id38_0001.mp4,FaceSwap/MobileFaceSwap,id31,id38,0,3.2183496952056885,-3.2183496952056885,0.0,157.23716735839844,30.0,0.0,0.0,0.0022756264079362154,0.002790038473904133,0.0018218886107206345,0.0032809434924274683
CelebDFv3,/root/Datasets/CelebDFv3/CelebDFv3/FAKE/FaceSwap/SimSwap/id25_id20_0003.mp4,FaceSwap/SimSwap,id25,id20,0,-2.5988409519195557,2.5988409519195557,0.0,160.7728271484375,30.0,0.0,0.0,0.008570162579417229,0.00717172073200345,0.0024278892669826746,0.0043722582049667835
CelebDFv3,/root/Datasets/CelebDFv3/CelebDFv3/FAKE/FaceSwap/UniFace/id31_id33_0005.mp4,FaceSwap/UniFace,id31,id33,0,-1.9989145994186401,1.9989145994186401,0.0,141.0946807861328,30.0,0.0,0.0,0.004754781723022461,0.004417826421558857,0.0022769474890083075,0.004100434947758913
CelebDFv3,/root/Datasets/CelebDFv3/CelebDFv3/FAKE/TalkingFace/AniTalker/id48_0007_test_id06209_HXpylMleqDk.mp4,TalkingFace/AniTalker,id48,,0,-1.6451102495193481,1.6451102495193481,0.0,123.78788757324219,25.0,0.0,0.0,0.004524461925029755,0.0032635810784995556,0.005649274680763483,0.005649274680763483
CelebDFv3,/root/Datasets/CelebDFv3/CelebDFv3/FAKE/TalkingFace/EDTalk/id25_0004_test_id01509_I6T7sh7T2lU.mp4,TalkingFace/EDTalk,id25,,0,-0.4553755223751068,0.4553755223751068,0.0,118.39795684814453,25.0,0.0,0.0,0.01153695210814476,0.0097772516310215,0.0045295171439647675,0.0045295171439647675
CelebDFv3,/root/Datasets/CelebDFv3/CelebDFv3/FAKE/TalkingFace/EchoMimic/id23_0001_test_id04478_nhLuGj0vGb8.mp4,TalkingFace/EchoMimic,id23,,0,1.3687655925750732,-1.3687655925750732,0.0,129.072265625,24.0,0.0,0.0,0.010634510777890682,0.008925966918468475,0.0056867534294724464,0.0056867534294724464
CelebDFv3,/root/Datasets/CelebDFv3/CelebDFv3/FAKE/TalkingFace/FLOAT/id26_0005_test_id09017_oF8cALd6lU0.mp4,TalkingFace/FLOAT,id26,,0,-2.015465497970581,2.015465497970581,0.0,233.94003295898438,25.0,0.0,0.0,0.022160235792398453,0.01092914305627346,0.010006715543568134,0.010006715543568134
CelebDFv3,/root/Datasets/CelebDFv3/CelebDFv3/FAKE/TalkingFace/IP_LAP/id48_0003_test_id02542_gMKSu2wZpAA.mp4,TalkingFace/IP_LAP,id48,,0,0.04753260314464569,-0.04753260314464569,0.0,96.90409088134766,25.0,0.0,0.0,0.017005518078804016,0.006757506635040045,0.011917167343199253,0.011917167343199253
CelebDFv3,/root/Datasets/CelebDFv3/CelebDFv3/FAKE/TalkingFace/Real3DPortrait/id59_0002_test_id05055_vecDm0cNDVs.mp4,TalkingFace/Real3DPortrait,id59,,0,4.102479934692383,-4.102479934692383,0.0,383.740234375,25.0,1.0,1.0,0.0,0.0,0.0,0.0
CelebDFv3,/root/Datasets/CelebDFv3/CelebDFv3/FAKE/TalkingFace/SadTalker/id22_0007_test_id01822_zYv_noZ6yqw.mp4,TalkingFace/SadTalker,id22,,0,-6.526072025299072,6.526072025299072,0.0,238.17987060546875,25.0,0.0,0.0,0.0035912347957491875,0.0070665511302649975,0.004746869206428528,0.004746869206428528
CelebDFv3,/root/Datasets/CelebDFv3/CelebDFv3/FAKE/FaceReenact/DaGAN/id26_id1_0000.mp4,FaceReenact/DaGAN,id26,id1,0,4.63101863861084,-4.63101863861084,0.0,136.1592559814453,30.0,0.0,0.0,0.01333506777882576,0.0030965793412178755,0.012542957440018654,0.012542957440018654
CelebDFv3,/root/Datasets/CelebDFv3/CelebDFv3/FAKE/FaceReenact/FSRT/id56_id54_0001.mp4,FaceReenact/FSRT,id56,id54,0,2.610482931137085,-2.610482931137085,0.0,88.78377532958984,20.0,0.0,0.0,0.015472211875021458,0.01835104450583458,0.014233732596039772,0.014233732596039772
CelebDFv3,/root/Datasets/CelebDFv3/CelebDFv3/FAKE/FaceReenact/HyperReenact/id31_id20_0003.mp4,FaceReenact/HyperReenact,id31,id20,0,-5.508365631103516,5.508365631103516,0.0,120.49105072021484,25.0,0.0,0.0,0.003087276592850685,0.0018507897621020675,0.006619656924158335,0.006619656924158335
CelebDFv3,/root/Datasets/CelebDFv3/CelebDFv3/FAKE/FaceReenact/LIA/id31_id38_0004.mp4,FaceReenact/LIA,id31,id38,0,-2.7752294540405273,2.7752294540405273,0.0,242.5594482421875,30.0,0.0,0.0,0.01328328624367714,0.005273809190839529,0.004730279557406902,0.004730279557406902
CelebDFv3,/root/Datasets/CelebDFv3/CelebDFv3/FAKE/FaceReenact/LivePortrait/id31_id29_0000.mp4,FaceReenact/LivePortrait,id31,id29,0,-0.5979665517807007,0.5979665517807007,0.0,102.65483093261719,30.0,0.0,0.0,0.004465673118829727,0.00377670768648386,0.0022046188823878765,0.0039701820351183414
CelebDFv3,/root/Datasets/CelebDFv3/CelebDFv3/FAKE/FaceReenact/MCNET/id56_id52_0002.mp4,FaceReenact/MCNET,id56,id52,0,1.3034123182296753,-1.3034123182296753,0.0,80.084228515625,30.0,1.0,0.09375,0.009110957384109497,0.005096038803458214,0.005524564068764448,0.005524564068764448
CelebDFv3,/root/Datasets/CelebDFv3/CelebDFv3/FAKE/FaceReenact/TPSMM/id31_id26_0000.mp4,FaceReenact/TPSMM,id31,id26,0,-2.384222984313965,2.384222984313965,0.0,118.26580810546875,30.0,0.0,0.0,0.006066549569368362,0.0021917568519711494,0.008112728595733643,0.008112728595733643
CelebDFv3,/root/Datasets/CelebDFv3/CelebDFv3/FAKE/FaceSwap/BlendFace/id31_id6_0005.mp4,FaceSwap/BlendFace,id31,id6,0,3.6446290016174316,-3.6446290016174316,0.0,116.79602813720703,30.0,0.0,0.0,0.004928262904286385,0.004625341854989529,0.00256029749289155,0.004610705189406872
CelebDFv3,/root/Datasets/CelebDFv3/CelebDFv3/FAKE/FaceSwap/Celeb-DF-v2/id51_id54_0009.mp4,FaceSwap/Celeb-DF-v2,id51,id54,0,-6.081684112548828,6.081684112548828,0.0,81.63340759277344,30.0,0.0,0.0,0.007576643489301205,0.004693896509706974,0.0035230889916419983,0.006309129763394594
CelebDFv3,/root/Datasets/CelebDFv3/CelebDFv3/FAKE/FaceSwap/GHOST/id26_id31_0008.mp4,FaceSwap/GHOST,id26,id31,0,-6.3091020584106445,6.3091020584106445,0.0,114.96805572509766,30.0,0.0,0.0,0.006715255789458752,0.004737684968858957,0.002747549908235669,0.005003180354833603
CelebDFv3,/root/Datasets/CelebDFv3/CelebDFv3/FAKE/FaceSwap/HifiFace/id26_id27_0008.mp4,FaceSwap/HifiFace,id26,id27,0,-0.7638570666313171,0.7638570666313171,0.0,123.720703125,30.0,0.0,0.0,0.006241125985980034,0.00476393848657608,0.0026768126990646124,0.004874370526522398
CelebDFv3,/root/Datasets/CelebDFv3/CelebDFv3/FAKE/FaceSwap/InSwapper/id23_id4_0009.mp4,FaceSwap/InSwapper,id23,id4,0,5.070431232452393,-5.070431232452393,0.0,106.1071548461914,30.0,0.0,0.0,0.004303177818655968,0.004233758896589279,0.002717014169320464,0.003597326809540391
CelebDFv3,/root/Datasets/CelebDFv3/CelebDFv3/FAKE/FaceSwap/MobileFaceSwap/id48_id40_0001.mp4,FaceSwap/MobileFaceSwap,id48,id40,0,-6.17073917388916,6.17073917388916,0.0,93.54898071289062,30.0,0.0,0.0,0.004503102041780949,0.005709975026547909,0.002467281650751829,0.004405860789120197
CelebDFv3,/root/Datasets/CelebDFv3/CelebDFv3/FAKE/FaceSwap/SimSwap/id31_id34_0009.mp4,FaceSwap/SimSwap,id31,id34,0,0.8570713996887207,-0.8570713996887207,0.0,100.34675598144531,30.0,1.0,0.015625,0.0028241088148206472,0.004304319154471159,0.004348298069089651,0.007830620743334293
CelebDFv3,/root/Datasets/CelebDFv3/CelebDFv3/FAKE/FaceSwap/UniFace/id23_id25_0002.mp4,FaceSwap/UniFace,id23,id25,0,-4.477245807647705,4.477245807647705,0.0,98.86223602294922,30.0,0.0,0.0,0.009473543614149094,0.011244382709264755,0.003184797940775752,0.005660376511514187
CelebDFv3,/root/Datasets/CelebDFv3/CelebDFv3/FAKE/TalkingFace/AniTalker/id26_0007_test_id01106_q01vvmTSJ9I.mp4,TalkingFace/AniTalker,id26,,0,-2.996615171432495,2.996615171432495,0.0,278.1787414550781,25.0,0.0,0.0,0.0062848241068422794,0.006871049292385578,0.007500955834984779,0.007500955834984779
CelebDFv3,/root/Datasets/CelebDFv3/CelebDFv3/FAKE/TalkingFace/EDTalk/id48_0003_test_id04627_IjO3LUCaYLE.mp4,TalkingFace/EDTalk,id48,,0,-1.7846380472183228,1.7846380472183228,0.0,103.86940002441406,25.0,0.0,0.0,0.011292809620499611,0.009527931921184063,0.00846872664988041,0.00846872664988041
CelebDFv3,/root/Datasets/CelebDFv3/CelebDFv3/FAKE/TalkingFace/EchoMimic/id26_0000_test_id01460_9-RADuWsPHI.mp4,TalkingFace/EchoMimic,id26,,0,4.755636692047119,-4.755636692047119,0.0,147.5938720703125,24.0,0.0,0.0,0.004642255138605833,0.009584191255271435,0.005392174236476421,0.005392174236476421
CelebDFv3,/root/Datasets/CelebDFv3/CelebDFv3/FAKE/TalkingFace/FLOAT/id48_0005_test_id03862_CzGa5PRwiaY.mp4,TalkingFace/FLOAT,id48,,0,-2.665250301361084,2.665250301361084,0.0,129.65968322753906,25.0,0.0,0.0,0.018430162221193314,0.006559606641530991,0.0062295920215547085,0.0062295920215547085
CelebDFv3,/root/Datasets/CelebDFv3/CelebDFv3/FAKE/TalkingFace/IP_LAP/id48_0002_test_id01333_gujKn7v2CJg.mp4,TalkingFace/IP_LAP,id48,,0,1.4654114246368408,-1.4654114246368408,0.0,108.73909759521484,25.0,0.0,0.0,0.005965333431959152,0.004744932521134615,0.007014274597167969,0.007014274597167969
CelebDFv3,/root/Datasets/CelebDFv3/CelebDFv3/FAKE/TalkingFace/Real3DPortrait/id25_0004_test_id02685_byOnPiS1aKc.mp4,TalkingFace/Real3DPortrait,id25,,0,2.536860942840576,-2.536860942840576,0.0,125.61521911621094,25.0,0.0,0.0,0.011025374755263329,0.00684658158570528,0.008320323191583157,0.008320323191583157
CelebDFv3,/root/Datasets/CelebDFv3/CelebDFv3/FAKE/TalkingFace/SadTalker/id56_0000_test_id06692_EC9TCRJkBhI.mp4,TalkingFace/SadTalker,id56,,0,-0.09527663886547089,0.09527663886547089,0.0,109.56055450439453,25.0,1.0,0.0625,0.0028453601989895105,0.005098334047943354,0.007166620343923569,0.007166620343923569
CelebDFv3,/root/Datasets/CelebDFv3/CelebDFv3/FAKE/FaceReenact/DaGAN/id31_id38_0004.mp4,FaceReenact/DaGAN,id31,id38,0,1.0061380863189697,-1.0061380863189697,0.0,163.3878936767578,30.0,1.0,0.03125,0.014680571854114532,0.003715761937201023,0.012143190950155258,0.012143190950155258
CelebDFv3,/root/Datasets/CelebDFv3/CelebDFv3/FAKE/FaceReenact/FSRT/id11_id7_0004.mp4,FaceReenact/FSRT,id11,id7,0,8.551800727844238,-8.551800727844238,0.0,142.74037170410156,20.0,0.0,0.0,0.007084867917001247,0.0027410327456891537,0.007018147502094507,0.007018147502094507
CelebDFv3,/root/Datasets/CelebDFv3/CelebDFv3/FAKE/FaceReenact/HyperReenact/id25_id28_0002.mp4,FaceReenact/HyperReenact,id25,id28,0,-2.364508628845215,2.364508628845215,0.0,89.72977447509766,25.0,1.0,0.703125,0.002252869540825486,0.0008587351767346263,0.005294016562402248,0.005294016562402248
CelebDFv3,/root/Datasets/CelebDFv3/CelebDFv3/FAKE/FaceReenact/LIA/id54_id55_0008.mp4,FaceReenact/LIA,id54,id55,0,2.574927806854248,-2.574927806854248,0.0,104.87960052490234,30.0,0.0,0.0,0.013890490867197514,0.0045867543667554855,0.0072226072661578655,0.0072226072661578655
CelebDFv3,/root/Datasets/CelebDFv3/CelebDFv3/FAKE/FaceReenact/LivePortrait/id51_id57_0008.mp4,FaceReenact/LivePortrait,id51,id57,0,-7.5291595458984375,7.5291595458984375,0.0,112.0605239868164,29.0,0.0,0.0,0.0021861440036445856,0.0027973372489213943,0.001724964240565896,0.00308905728161335
CelebDFv3,/root/Datasets/CelebDFv3/CelebDFv3/FAKE/FaceReenact/MCNET/id23_id9_0009.mp4,FaceReenact/MCNET,id23,id9,0,5.442207336425781,-5.442207336425781,0.0,86.62440490722656,30.0,1.0,0.015625,0.012229183688759804,0.02084343135356903,0.029084011912345886,0.029084011912345886
CelebDFv3,/root/Datasets/CelebDFv3/CelebDFv3/FAKE/FaceReenact/TPSMM/id23_id2_0007.mp4,FaceReenact/TPSMM,id23,id2,0,5.659074783325195,-5.659074783325195,0.0,131.32229614257812,30.0,1.0,0.015625,0.008639954961836338,0.006628300063312054,0.005241748411208391,0.005241748411208391
CelebDFv3,/root/Datasets/CelebDFv3/CelebDFv3/FAKE/FaceSwap/BlendFace/id8_id7_0008.mp4,FaceSwap/BlendFace,id8,id7,0,-2.1996071338653564,2.1996071338653564,0.0,124.96101379394531,30.0,0.0,0.0,0.002387620974332094,0.0028357496485114098,0.0008868521545082331,0.0016708294861018658
CelebDFv3,/root/Datasets/CelebDFv3/CelebDFv3/FAKE/FaceSwap/Celeb-DF-v2/id23_id28_0003.mp4,FaceSwap/Celeb-DF-v2,id23,id28,0,-5.449452877044678,5.449452877044678,0.0,110.68244934082031,30.0,0.0,0.0,0.003972272388637066,0.002640615915879607,0.001401010318659246,0.002490030834451318
CelebDFv3,/root/Datasets/CelebDFv3/CelebDFv3/FAKE/FaceSwap/GHOST/id26_id0_0001.mp4,FaceSwap/GHOST,id26,id0,0,1.6650266647338867,-1.6650266647338867,0.0,97.8122787475586,30.0,0.0,0.0,0.008743105456233025,0.005361604504287243,0.001822113525122404,0.0032736274879425764
CelebDFv3,/root/Datasets/CelebDFv3/CelebDFv3/FAKE/FaceSwap/HifiFace/id56_id57_0001.mp4,FaceSwap/HifiFace,id56,id57,0,0.2833397686481476,-0.2833397686481476,0.0,106.3040542602539,30.0,0.0,0.0,0.003302276134490967,0.009368396364152431,0.0027398730162531137,0.004906550515443087
CelebDFv3,/root/Datasets/CelebDFv3/CelebDFv3/FAKE/FaceSwap/InSwapper/id31_id34_0004.mp4,FaceSwap/InSwapper,id31,id34,0,1.7969547510147095,-1.7969547510147095,0.0,167.15821838378906,30.0,0.0,0.0,0.004718180745840073,0.0029968558810651302,0.0022950831335037947,0.004133094567805529
CelebDFv3,/root/Datasets/CelebDFv3/CelebDFv3/FAKE/FaceSwap/MobileFaceSwap/id23_id34_0009.mp4,FaceSwap/MobileFaceSwap,id23,id34,0,5.943239212036133,-5.943239212036133,0.0,107.39816284179688,30.0,0.0,0.0,0.003899109549820423,0.004046508576720953,0.0028122139628976583,0.003723371308296919
CelebDFv3,/root/Datasets/CelebDFv3/CelebDFv3/FAKE/FaceSwap/SimSwap/id25_id28_0005.mp4,FaceSwap/SimSwap,id25,id28,0,-0.1731477975845337,0.1731477975845337,0.0,87.25823974609375,30.0,0.0,0.0,0.011768762022256851,0.002972371643409133,0.0033901056740432978,0.005030916538089514
CelebDFv3,/root/Datasets/CelebDFv3/CelebDFv3/FAKE/FaceSwap/UniFace/id48_id45_0004.mp4,FaceSwap/UniFace,id48,id45,0,0.6939753293991089,-0.6939753293991089,0.0,132.1414031982422,30.0,0.0,0.0,0.0023633968085050583,0.00257645221427083,0.0018381545087322593,0.003282418940216303
CelebDFv3,/root/Datasets/CelebDFv3/CelebDFv3/FAKE/TalkingFace/AniTalker/id23_0006_test_id06104_D84wde8JJ_k.mp4,TalkingFace/AniTalker,id23,,0,9.65363883972168,-9.65363883972168,0.0,121.14158630371094,25.0,0.0,0.0,0.006537923589348793,0.005716069135814905,0.005570919252932072,0.005570919252932072
CelebDFv3,/root/Datasets/CelebDFv3/CelebDFv3/FAKE/TalkingFace/EDTalk/id22_0009_test_id00562_0Zh6t-f8MsY.mp4,TalkingFace/EDTalk,id22,,0,-2.117903232574463,2.117903232574463,0.0,113.12984466552734,25.0,0.0,0.0,0.011509057134389877,0.012497063726186752,0.008623475208878517,0.008623475208878517
CelebDFv3,/root/Datasets/CelebDFv3/CelebDFv3/FAKE/TalkingFace/EchoMimic/id25_0004_test_id02685_byOnPiS1aKc.mp4,TalkingFace/EchoMimic,id25,,0,-4.115610122680664,4.115610122680664,0.0,124.5643539428711,24.0,0.0,0.0,0.012468558736145496,0.009890321642160416,0.007185086607933044,0.007185086607933044
CelebDFv3,/root/Datasets/CelebDFv3/CelebDFv3/FAKE/TalkingFace/FLOAT/id48_0006_test_id08392_AiCBF9JW-d8.mp4,TalkingFace/FLOAT,id48,,0,3.7832796573638916,-3.7832796573638916,0.0,100.11730194091797,25.0,0.0,0.0,0.012557165697216988,0.010300926864147186,0.008711094968020916,0.008711094968020916
CelebDFv3,/root/Datasets/CelebDFv3/CelebDFv3/FAKE/TalkingFace/IP_LAP/id56_0008_test_id08696_B8nZX3w62Fg.mp4,TalkingFace/IP_LAP,id56,,0,2.4486193656921387,-2.4486193656921387,0.0,94.49962615966797,25.0,1.0,0.046875,0.018202926963567734,0.007221558131277561,0.007737753912806511,0.007737753912806511
CelebDFv3,/root/Datasets/CelebDFv3/CelebDFv3/FAKE/TalkingFace/Real3DPortrait/id23_0003_test_id05055_n6FlxBOgOy4.mp4,TalkingFace/Real3DPortrait,id23,,0,-2.0549979209899902,2.0549979209899902,0.0,114.80596160888672,25.0,0.0,0.0,0.013209311291575432,0.006600910797715187,0.004006119444966316,0.004006119444966316
CelebDFv3,/root/Datasets/CelebDFv3/CelebDFv3/FAKE/TalkingFace/SadTalker/id54_0001_test_id03978_cLsHB_wl6DE.mp4,TalkingFace/SadTalker,id54,,0,-9.562257766723633,9.562257766723633,0.0,209.3350372314453,25.0,1.0,0.03125,0.002495008520781994,0.004189591854810715,0.006466404534876347,0.006466404534876347
CelebDFv3,/root/Datasets/CelebDFv3/CelebDFv3/FAKE/FaceReenact/DaGAN/id23_id29_0002.mp4,FaceReenact/DaGAN,id23,id29,0,0.6671059727668762,-0.6671059727668762,0.0,77.53167724609375,30.0,1.0,0.5625,0.013909788802266121,0.00938718393445015,0.024214787408709526,0.024214787408709526
CelebDFv3,/root/Datasets/CelebDFv3/CelebDFv3/FAKE/FaceReenact/FSRT/id59_id5_0004.mp4,FaceReenact/FSRT,id59,id5,0,-2.4238667488098145,2.4238667488098145,0.0,188.9078369140625,20.0,1.0,0.359375,0.024933496490120888,0.007106832694262266,0.005914904177188873,0.005914904177188873
CelebDFv3,/root/Datasets/CelebDFv3/CelebDFv3/FAKE/FaceReenact/HyperReenact/id26_id34_0006.mp4,FaceReenact/HyperReenact,id26,id34,0,-1.2392444610595703,1.2392444610595703,0.0,153.94369506835938,25.0,0.0,0.0,0.01582087017595768,0.0060109226033091545,0.011396312154829502,0.011396312154829502
CelebDFv3,/root/Datasets/CelebDFv3/CelebDFv3/FAKE/FaceReenact/LIA/id31_id2_0001.mp4,FaceReenact/LIA,id31,id2,0,3.593514919281006,-3.593514919281006,0.0,132.76434326171875,30.0,0.0,0.0,0.007373182103037834,0.0030036931857466698,0.004288183059543371,0.004288183059543371
CelebDFv3,/root/Datasets/CelebDFv3/CelebDFv3/FAKE/FaceReenact/LivePortrait/id11_id7_0000.mp4,FaceReenact/LivePortrait,id11,id7,0,0.12431085109710693,-0.12431085109710693,0.0,82.81211853027344,30.0,0.0,0.0,0.01936972327530384,0.004926531575620174,0.010743726044893265,0.009669353254139423
CelebDFv3,/root/Datasets/CelebDFv3/CelebDFv3/FAKE/FaceReenact/MCNET/id48_id45_0002.mp4,FaceReenact/MCNET,id48,id45,0,0.49244993925094604,-0.49244993925094604,0.0,93.6120834350586,30.0,1.0,0.109375,0.0157447699457407,0.016384324058890343,0.03215610235929489,0.03215610235929489
CelebDFv3,/root/Datasets/CelebDFv3/CelebDFv3/FAKE/FaceReenact/TPSMM/id26_id30_0004.mp4,FaceReenact/TPSMM,id26,id30,0,-0.5398163795471191,0.5398163795471191,0.0,102.57006072998047,30.0,0.0,0.0,0.014498730190098286,0.013854234479367733,0.006895528640598059,0.006895528640598059
CelebDFv3,/root/Datasets/CelebDFv3/CelebDFv3/FAKE/FaceSwap/BlendFace/id26_id20_0000.mp4,FaceSwap/BlendFace,id26,id20,0,2.922605276107788,-2.922605276107788,0.0,158.1630859375,30.0,0.0,0.0,0.002008741023018956,0.0014323615469038486,0.0020699233282357454,0.003718845546245575
CelebDFv3,/root/Datasets/CelebDFv3/CelebDFv3/FAKE/FaceSwap/Celeb-DF-v2/id54_id53_0001.mp4,FaceSwap/Celeb-DF-v2,id54,id53,0,2.123767852783203,-2.123767852783203,0.0,129.0183868408203,30.0,0.0,0.0,0.006489557214081287,0.02095489203929901,0.00428936118260026,0.007681366056203842
CelebDFv3,/root/Datasets/CelebDFv3/CelebDFv3/FAKE/FaceSwap/GHOST/id48_id43_0008.mp4,FaceSwap/GHOST,id48,id43,0,-0.9226973056793213,0.9226973056793213,0.0,123.14006805419922,30.0,0.0,0.0,0.002467953134328127,0.0026531219482421875,0.002605471992865205,0.0025950500275939703
CelebDFv3,/root/Datasets/CelebDFv3/CelebDFv3/FAKE/FaceSwap/HifiFace/id23_id32_0007.mp4,FaceSwap/HifiFace,id23,id32,0,-0.901650071144104,0.901650071144104,0.0,145.3924102783203,30.0,0.0,0.0,0.010664711706340313,0.032831888645887375,0.005418858490884304,0.009506359696388245
CelebDFv3,/root/Datasets/CelebDFv3/CelebDFv3/FAKE/FaceSwap/InSwapper/id25_id28_0005.mp4,FaceSwap/InSwapper,id25,id28,0,-1.577035665512085,1.577035665512085,0.0,87.87734985351562,30.0,0.0,0.0,0.012267916463315487,0.003387554083019495,0.003970081452280283,0.005891600623726845
CelebDFv3,/root/Datasets/CelebDFv3/CelebDFv3/FAKE/FaceSwap/MobileFaceSwap/id51_id55_0000.mp4,FaceSwap/MobileFaceSwap,id51,id55,0,-1.7619764804840088,1.7619764804840088,0.0,95.07963562011719,30.0,0.0,0.0,0.007733128033578396,0.004142874851822853,0.006240381393581629,0.011175242252647877
CelebDFv3,/root/Datasets/CelebDFv3/CelebDFv3/FAKE/FaceSwap/SimSwap/id26_id29_0008.mp4,FaceSwap/SimSwap,id26,id29,0,-0.16541025042533875,0.16541025042533875,0.0,115.05170440673828,30.0,0.0,0.0,0.006372032221406698,0.005095542408525944,0.0034327630419284105,0.006250925362110138
CelebDFv3,/root/Datasets/CelebDFv3/CelebDFv3/FAKE/FaceSwap/UniFace/id31_id20_0002.mp4,FaceSwap/UniFace,id31,id20,0,1.675573468208313,-1.675573468208313,0.0,136.04965209960938,30.0,0.0,0.0,0.02139996364712715,0.04502319544553757,0.015105540864169598,0.027202775701880455
CelebDFv3,/root/Datasets/CelebDFv3/CelebDFv3/FAKE/TalkingFace/AniTalker/id59_0009_test_id03862_yHtRhESo9Q0.mp4,TalkingFace/AniTalker,id59,,0,7.061919212341309,-7.061919212341309,0.0,193.37557983398438,25.0,0.0,0.0,0.005744332913309336,0.0067107281647622585,0.00402793288230896,0.00402793288230896
CelebDFv3,/root/Datasets/CelebDFv3/CelebDFv3/FAKE/TalkingFace/EDTalk/id48_0007_test_id06209_HXpylMleqDk.mp4,TalkingFace/EDTalk,id48,,0,0.23702730238437653,-0.23702730238437653,0.0,113.62249755859375,25.0,0.0,0.0,0.015205209143459797,0.010565201751887798,0.009698198176920414,0.009698198176920414
CelebDFv3,/root/Datasets/CelebDFv3/CelebDFv3/FAKE/TalkingFace/EchoMimic/id51_0000_test_id03862__FGtg4jkcME.mp4,TalkingFace/EchoMimic,id51,,0,0.2631233036518097,-0.2631233036518097,0.0,93.93331909179688,24.0,0.0,0.0,0.04583802819252014,0.005544315557926893,0.012654471211135387,0.012654471211135387
CelebDFv3,/root/Datasets/CelebDFv3/CelebDFv3/FAKE/TalkingFace/FLOAT/id11_0005_test_id04094_BNAe-NhgItg.mp4,TalkingFace/FLOAT,id11,,0,-5.7280168533325195,5.7280168533325195,0.0,128.51844787597656,25.0,0.0,0.0,0.005952860228717327,0.005885748192667961,0.00540672242641449,0.00540672242641449
CelebDFv3,/root/Datasets/CelebDFv3/CelebDFv3/FAKE/TalkingFace/IP_LAP/id48_0009_test_id07961_l3Xn426T1IE.mp4,TalkingFace/IP_LAP,id48,,0,1.612874984741211,-1.612874984741211,0.0,118.41026306152344,25.0,0.0,0.0,0.012066523544490337,0.007631785701960325,0.007280456833541393,0.007280456833541393
CelebDFv3,/root/Datasets/CelebDFv3/CelebDFv3/FAKE/TalkingFace/Real3DPortrait/id59_0001_test_id08149_Ay1xwkYsNAE.mp4,TalkingFace/Real3DPortrait,id59,,0,-1.7715744972229004,1.7715744972229004,0.0,289.656005859375,25.0,1.0,0.578125,0.0035086676944047213,0.004215691704303026,0.00730758486315608,0.00730758486315608
CelebDFv3,/root/Datasets/CelebDFv3/CelebDFv3/FAKE/TalkingFace/SadTalker/id48_0001_test_id02057_wZC3dqygHUE.mp4,TalkingFace/SadTalker,id48,,0,-5.223851680755615,5.223851680755615,0.0,109.171630859375,25.0,0.0,0.0,0.001769535825587809,0.00515583623200655,0.00504968361929059,0.00504968361929059
CelebDFv3,/root/Datasets/CelebDFv3/CelebDFv3/FAKE/FaceReenact/DaGAN/id11_id7_0002.mp4,FaceReenact/DaGAN,id11,id7,0,1.427734613418579,-1.427734613418579,0.0,99.18960571289062,30.0,0.0,0.0,0.0055824266746640205,0.004348160699009895,0.006731532514095306,0.006731532514095306
CelebDFv3,/root/Datasets/CelebDFv3/CelebDFv3/FAKE/FaceReenact/FSRT/id23_id1_0002.mp4,FaceReenact/FSRT,id23,id1,0,-0.11069101095199585,0.11069101095199585,0.0,117.7673568725586,20.0,0.0,0.0,0.007151478435844183,0.0035069251898676157,0.007912378758192062,0.007912378758192062
CelebDFv3,/root/Datasets/CelebDFv3/CelebDFv3/FAKE/FaceReenact/HyperReenact/id26_id1_0004.mp4,FaceReenact/HyperReenact,id26,id1,0,-2.73783016204834,2.73783016204834,0.0,108.54003143310547,25.0,0.0,0.0,0.002863669767975807,0.00320321973413229,0.0034308459144085646,0.0034308459144085646
CelebDFv3,/root/Datasets/CelebDFv3/CelebDFv3/FAKE/FaceReenact/LIA/id48_id45_0007.mp4,FaceReenact/LIA,id48,id45,0,4.414770126342773,-4.414770126342773,0.0,102.46731567382812,30.0,1.0,0.046875,0.0070199198089540005,0.008629027754068375,0.008967931382358074,0.008967931382358074
CelebDFv3,/root/Datasets/CelebDFv3/CelebDFv3/FAKE/FaceReenact/LivePortrait/id23_id22_0002.mp4,FaceReenact/LivePortrait,id23,id22,0,-3.3071398735046387,3.3071398735046387,0.0,114.1601791381836,30.0,0.0,0.0,0.004459185525774956,0.004430401138961315,0.003108392935246229,0.0055245812982320786
CelebDFv3,/root/Datasets/CelebDFv3/CelebDFv3/FAKE/FaceReenact/MCNET/id25_id23_0000.mp4,FaceReenact/MCNET,id25,id23,0,4.668053150177002,-4.668053150177002,0.0,131.91554260253906,30.0,0.0,0.0,0.0066171614453196526,0.004960930440574884,0.006517683155834675,0.006517683155834675
CelebDFv3,/root/Datasets/CelebDFv3/CelebDFv3/FAKE/FaceReenact/TPSMM/id56_id58_0009.mp4,FaceReenact/TPSMM,id56,id58,0,2.637601375579834,-2.637601375579834,0.0,127.4896011352539,29.829999923706055,0.0,0.0,0.01701175794005394,0.008978680707514286,0.013558107428252697,0.013558107428252697
CelebDFv3,/root/Datasets/CelebDFv3/CelebDFv3/FAKE/FaceSwap/BlendFace/id31_id33_0000.mp4,FaceSwap/BlendFace,id31,id33,0,-0.5428874492645264,0.5428874492645264,0.0,123.28064727783203,30.0,0.0,0.0,0.0037655713967978954,0.007180423475801945,0.0053336648270487785,0.00960511714220047
CelebDFv3,/root/Datasets/CelebDFv3/CelebDFv3/FAKE/FaceSwap/Celeb-DF-v2/id54_id53_0005.mp4,FaceSwap/Celeb-DF-v2,id54,id53,0,-2.7752909660339355,2.7752909660339355,0.0,87.24365234375,30.0,0.0,0.0,0.01756836660206318,0.003432932309806347,0.004606266971677542,0.008248879574239254
CelebDFv3,/root/Datasets/CelebDFv3/CelebDFv3/FAKE/FaceSwap/GHOST/id51_id54_0005.mp4,FaceSwap/GHOST,id51,id54,0,-3.104348659515381,3.104348659515381,0.0,141.19044494628906,30.0,0.0,0.0,0.008847988210618496,0.013586263172328472,0.0031605784315615892,0.005659948103129864
CelebDFv3,/root/Datasets/CelebDFv3/CelebDFv3/FAKE/FaceSwap/HifiFace/id56_id58_0006.mp4,FaceSwap/HifiFace,id56,id58,0,0.4173247516155243,-0.4173247516155243,0.0,80.0679702758789,30.0,0.0,0.0,0.008365537039935589,0.0048093232326209545,0.0020468863658607006,0.0036655538715422153
CelebDFv3,/root/Datasets/CelebDFv3/CelebDFv3/FAKE/FaceSwap/InSwapper/id48_id46_0005.mp4,FaceSwap/InSwapper,id48,id46,0,-0.5454460382461548,0.5454460382461548,0.0,135.4634552001953,30.0,0.0,0.0,0.0011280553881078959,0.0018938251305371523,0.0010464598890393972,0.001868678256869316
CelebDFv3,/root/Datasets/CelebDFv3/CelebDFv3/FAKE/FaceSwap/MobileFaceSwap/id26_id30_0003.mp4,FaceSwap/MobileFaceSwap,id26,id30,0,1.2746086120605469,-1.2746086120605469,0.0,336.719970703125,30.0,1.0,0.046875,0.005705776624381542,0.006688869092613459,0.0018004412995651364,0.003234690986573696
CelebDFv3,/root/Datasets/CelebDFv3/CelebDFv3/FAKE/FaceSwap/SimSwap/id54_id49_0009.mp4,FaceSwap/SimSwap,id54,id49,0,-0.9248420000076294,0.9248420000076294,0.0,106.39130401611328,30.0,0.0,0.0,0.0042688846588134766,0.00691999401897192,0.002002184046432376,0.0035855011083185673
CelebDFv3,/root/Datasets/CelebDFv3/CelebDFv3/FAKE/FaceSwap/UniFace/id48_id45_0007.mp4,FaceSwap/UniFace,id48,id45,0,1.8022210597991943,-1.8022210597991943,0.0,102.45634460449219,30.0,0.0,0.0,0.0014417181955650449,0.0012572674313560128,0.0010020480258390307,0.0013146869605407119
CelebDFv3,/root/Datasets/CelebDFv3/CelebDFv3/FAKE/TalkingFace/AniTalker/id48_0000_test_id02577_nA7mv5my4uk.mp4,TalkingFace/AniTalker,id48,,0,2.761782646179199,-2.761782646179199,0.0,112.29170227050781,25.0,0.0,0.0,0.009489879012107849,0.004276292398571968,0.005664627533406019,0.005664627533406019
CelebDFv3,/root/Datasets/CelebDFv3/CelebDFv3/FAKE/TalkingFace/EDTalk/id26_0009_test_id01541_9OzhfBaZ1Bc.mp4,TalkingFace/EDTalk,id26,,0,3.4127185344696045,-3.4127185344696045,0.0,146.2478790283203,25.0,0.0,0.0,0.009029378183186054,0.00875044148415327,0.0068042948842048645,0.0068042948842048645
CelebDFv3,/root/Datasets/CelebDFv3/CelebDFv3/FAKE/TalkingFace/EchoMimic/id59_0005_test_id04295_4SPw-Qb6qH4.mp4,TalkingFace/EchoMimic,id59,,0,-0.7190308570861816,0.7190308570861816,0.0,122.64559173583984,24.0,0.0,0.0,0.004777226597070694,0.004029087256640196,0.005748675670474768,0.005748675670474768
CelebDFv3,/root/Datasets/CelebDFv3/CelebDFv3/FAKE/TalkingFace/FLOAT/id51_0005_test_id09017_sduESYpj2-I.mp4,TalkingFace/FLOAT,id51,,0,-3.9131128787994385,3.9131128787994385,0.0,150.36756896972656,25.0,0.0,0.0,0.013910099864006042,0.009858546778559685,0.010958319529891014,0.010958319529891014
CelebDFv3,/root/Datasets/CelebDFv3/CelebDFv3/FAKE/TalkingFace/IP_LAP/id26_0006_test_id03127_HKow2vRfqzA.mp4,TalkingFace/IP_LAP,id26,,0,1.8147079944610596,-1.8147079944610596,0.0,257.38983154296875,25.0,1.0,0.046875,0.034006375819444656,0.00945161934942007,0.015801485627889633,0.015801485627889633
CelebDFv3,/root/Datasets/CelebDFv3/CelebDFv3/FAKE/TalkingFace/Real3DPortrait/id51_0003_test_id01228_ITBk58yOpCM.mp4,TalkingFace/Real3DPortrait,id51,,0,-4.125359535217285,4.125359535217285,0.0,252.17709350585938,25.0,0.0,0.0,0.010484667494893074,0.006113419309258461,0.006739512551575899,0.006739512551575899
CelebDFv3,/root/Datasets/CelebDFv3/CelebDFv3/FAKE/TalkingFace/SadTalker/id31_0008_test_id03862_olt0RNbtFxM.mp4,TalkingFace/SadTalker,id31,,0,-0.2718774974346161,0.2718774974346161,0.0,126.3709716796875,25.0,0.0,0.0,0.0022339667193591595,0.004715480376034975,0.006314417347311974,0.006314417347311974
CelebDFv3,/root/Datasets/CelebDFv3/CelebDFv3/FAKE/FaceReenact/DaGAN/id22_id23_0006.mp4,FaceReenact/DaGAN,id22,id23,0,2.508484125137329,-2.508484125137329,0.0,128.63150024414062,30.0,0.0,0.0,0.019245188683271408,0.008131270296871662,0.006360797677189112,0.006360797677189112
CelebDFv3,/root/Datasets/CelebDFv3/CelebDFv3/FAKE/FaceReenact/FSRT/id26_id34_0003.mp4,FaceReenact/FSRT,id26,id34,0,2.96921443939209,-2.96921443939209,0.0,252.67523193359375,20.0,1.0,0.234375,0.010232431814074516,0.02908366173505783,0.02022254280745983,0.02022254280745983
CelebDFv3,/root/Datasets/CelebDFv3/CelebDFv3/FAKE/FaceReenact/HyperReenact/id56_id53_0006.mp4,FaceReenact/HyperReenact,id56,id53,0,-2.4032857418060303,2.4032857418060303,0.0,105.89229583740234,25.0,0.0,0.0,0.0028082686476409435,0.0019139301730319858,0.005112656857818365,0.005112656857818365
CelebDFv3,/root/Datasets/CelebDFv3/CelebDFv3/FAKE/FaceReenact/LIA/id23_id16_0007.mp4,FaceReenact/LIA,id23,id16,0,7.67302942276001,-7.67302942276001,0.0,208.3655548095703,30.0,0.0,0.0,0.004592757672071457,0.007997442968189716,0.004498722031712532,0.004498722031712532
CelebDFv3,/root/Datasets/CelebDFv3/CelebDFv3/FAKE/FaceReenact/LivePortrait/id23_id0_0006.mp4,FaceReenact/LivePortrait,id23,id0,0,11.084600448608398,-11.084600448608398,0.0,119.02764892578125,30.0,0.0,0.0,0.0007482565706595778,0.0016595050692558289,0.0009613783331587911,0.001273826346732676
CelebDFv3,/root/Datasets/CelebDFv3/CelebDFv3/FAKE/FaceReenact/MCNET/id59_id5_0000.mp4,FaceReenact/MCNET,id59,id5,0,3.542971611022949,-3.542971611022949,0.0,101.89879608154297,30.0,0.0,0.0,0.019499989226460457,0.01313059963285923,0.007361680269241333,0.007361680269241333
CelebDFv3,/root/Datasets/CelebDFv3/CelebDFv3/FAKE/FaceReenact/TPSMM/id26_id1_0000.mp4,FaceReenact/TPSMM,id26,id1,0,4.658713340759277,-4.658713340759277,0.0,137.22540283203125,30.0,1.0,0.09375,0.01442995760589838,0.0035724590998142958,0.01549914013594389,0.01549914013594389
CelebDFv3,/root/Datasets/CelebDFv3/CelebDFv3/FAKE/FaceSwap/BlendFace/id23_id30_0001.mp4,FaceSwap/BlendFace,id23,id30,0,1.5708519220352173,-1.5708519220352173,0.0,111.79277038574219,30.0,0.0,0.0,0.0022057814057916403,0.0033621268812566996,0.0015043471939861774,0.0026736927684396505
CelebDFv3,/root/Datasets/CelebDFv3/CelebDFv3/FAKE/FaceSwap/Celeb-DF-v2/id48_id45_0004.mp4,FaceSwap/Celeb-DF-v2,id48,id45,0,1.7870606184005737,-1.7870606184005737,0.0,125.46910095214844,30.0,0.0,0.0,0.003779021557420492,0.002433586632832885,0.003299947828054428,0.005892763379961252
CelebDFv3,/root/Datasets/CelebDFv3/CelebDFv3/FAKE/FaceSwap/GHOST/id23_id0_0008.mp4,FaceSwap/GHOST,id23,id0,0,-4.5282979011535645,4.5282979011535645,0.0,118.87769317626953,30.0,0.0,0.0,0.0022721062414348125,0.003264340106397867,0.0026955888606607914,0.004728899337351322
CelebDFv3,/root/Datasets/CelebDFv3/CelebDFv3/FAKE/FaceSwap/HifiFace/id23_id2_0005.mp4,FaceSwap/HifiFace,id23,id2,0,2.2881979942321777,-2.2881979942321777,0.0,103.15296173095703,30.0,0.0,0.0,0.006432829424738884,0.002077136654406786,0.0027620806358754635,0.0056539238430559635
CelebDFv3,/root/Datasets/CelebDFv3/CelebDFv3/FAKE/FaceSwap/InSwapper/id31_id35_0006.mp4,FaceSwap/InSwapper,id31,id35,0,-12.485815048217773,12.485815048217773,0.0,222.69032287597656,30.0,0.0,0.0,0.0047552031464874744,0.010679633356630802,0.0038424059748649597,0.0069195874966681
CelebDFv3,/root/Datasets/CelebDFv3/CelebDFv3/FAKE/FaceSwap/MobileFaceSwap/id54_id57_0006.mp4,FaceSwap/MobileFaceSwap,id54,id57,0,-1.2592661380767822,1.2592661380767822,0.0,171.90110778808594,30.0,0.0,0.0,0.0044895317405462265,0.006871502846479416,0.0034422781318426132,0.006164414808154106
CelebDFv3,/root/Datasets/CelebDFv3/CelebDFv3/FAKE/FaceSwap/SimSwap/id8_id1_0003.mp4,FaceSwap/SimSwap,id8,id1,0,-5.022040843963623,5.022040843963623,0.0,131.0290069580078,30.0,0.0,0.0,0.0026353891007602215,0.009884730912744999,0.0025629838928580284,0.004828662145882845
CelebDFv3,/root/Datasets/CelebDFv3/CelebDFv3/FAKE/FaceSwap/UniFace/id31_id16_0007.mp4,FaceSwap/UniFace,id31,id16,0,-11.079614639282227,11.079614639282227,0.0,261.76580810546875,30.0,0.0,0.0,0.009130359627306461,0.0036419846583157778,0.004425256513059139,0.007969212718307972
CelebDFv3,/root/Datasets/CelebDFv3/CelebDFv3/FAKE/TalkingFace/AniTalker/id22_0003_test_id02548_RoMUUfqkYF4.mp4,TalkingFace/AniTalker,id22,,0,10.92623519897461,-10.92623519897461,0.0,191.58941650390625,25.0,0.0,0.0,0.008019352331757545,0.008587882854044437,0.005177726969122887,0.005177726969122887
CelebDFv3,/root/Datasets/CelebDFv3/CelebDFv3/FAKE/TalkingFace/EDTalk/id31_0008_test_id03862_olt0RNbtFxM.mp4,TalkingFace/EDTalk,id31,,0,1.0034412145614624,-1.0034412145614624,0.0,113.27371215820312,25.0,0.0,0.0,0.00905283447355032,0.012998642399907112,0.007301414385437965,0.007301414385437965
CelebDFv3,/root/Datasets/CelebDFv3/CelebDFv3/FAKE/TalkingFace/EchoMimic/id54_0007_test_id01298_gWkO0NOMazs.mp4,TalkingFace/EchoMimic,id54,,0,-0.2957279682159424,0.2957279682159424,0.0,141.3246612548828,24.0,0.0,0.0,0.0080766836181283,0.018658753484487534,0.007078120950609446,0.007078120950609446
CelebDFv3,/root/Datasets/CelebDFv3/CelebDFv3/FAKE/TalkingFace/FLOAT/id8_0008_test_id01460_oxJYG8REHG8.mp4,TalkingFace/FLOAT,id8,,0,-8.094392776489258,8.094392776489258,0.0,124.61392211914062,25.0,0.0,0.0,0.014649571850895882,0.009838210418820381,0.008888568729162216,0.008888568729162216
CelebDFv3,/root/Datasets/CelebDFv3/CelebDFv3/FAKE/TalkingFace/IP_LAP/id26_0001_test_id04276_qavM_wuPxtI.mp4,TalkingFace/IP_LAP,id26,,0,1.76702082157135,-1.76702082157135,0.0,122.78026580810547,25.0,0.0,0.0,0.04300912097096443,0.024799631908535957,0.005239888094365597,0.005239888094365597
CelebDFv3,/root/Datasets/CelebDFv3/CelebDFv3/FAKE/TalkingFace/Real3DPortrait/id59_0009_test_id03862_yHtRhESo9Q0.mp4,TalkingFace/Real3DPortrait,id59,,0,4.029148578643799,-4.029148578643799,0.0,284.7436218261719,25.0,1.0,0.09375,0.009139678440988064,0.00528230145573616,0.007042880170047283,0.007042880170047283
CelebDFv3,/root/Datasets/CelebDFv3/CelebDFv3/FAKE/TalkingFace/SadTalker/id51_0004_test_id01618_gdW26NMVO2g.mp4,TalkingFace/SadTalker,id51,,0,-6.497948169708252,6.497948169708252,0.0,153.62876892089844,25.0,1.0,0.984375,0.0,0.0,0.0,0.0
CelebDFv3,/root/Datasets/CelebDFv3/CelebDFv3/FAKE/FaceReenact/DaGAN/id23_id27_0000.mp4,FaceReenact/DaGAN,id23,id27,0,-0.8168606162071228,0.8168606162071228,0.0,115.6747817993164,30.0,1.0,0.046875,0.021611139178276062,0.011546856723725796,0.011131024919450283,0.011131024919450283
CelebDFv3,/root/Datasets/CelebDFv3/CelebDFv3/FAKE/FaceReenact/FSRT/id48_id43_0008.mp4,FaceReenact/FSRT,id48,id43,0,0.9759297370910645,-0.9759297370910645,0.0,107.26382446289062,20.0,1.0,0.390625,0.008984866552054882,0.00852553267031908,0.008127898909151554,0.008127898909151554
CelebDFv3,/root/Datasets/CelebDFv3/CelebDFv3/FAKE/FaceReenact/HyperReenact/id31_id1_0000.mp4,FaceReenact/HyperReenact,id31,id1,0,-2.2623419761657715,2.2623419761657715,0.0,106.28488159179688,25.0,0.0,0.0,0.009671302512288094,0.003270441200584173,0.009655240923166275,0.009655240923166275
CelebDFv3,/root/Datasets/CelebDFv3/CelebDFv3/FAKE/FaceReenact/LIA/id31_id38_0009.mp4,FaceReenact/LIA,id31,id38,0,1.7958240509033203,-1.7958240509033203,0.0,140.10130310058594,30.0,1.0,0.109375,0.01538792997598648,0.011076617985963821,0.010262400843203068,0.010262400843203068
CelebDFv3,/root/Datasets/CelebDFv3/CelebDFv3/FAKE/FaceReenact/LivePortrait/id26_id32_0001.mp4,FaceReenact/LivePortrait,id26,id32,0,2.2829737663269043,-2.2829737663269043,0.0,130.54676818847656,30.0,0.0,0.0,0.0034637984354048967,0.00250643165782094,0.001303664525039494,0.002342177089303732
CelebDFv3,/root/Datasets/CelebDFv3/CelebDFv3/FAKE/FaceReenact/MCNET/id22_id20_0002.mp4,FaceReenact/MCNET,id22,id20,0,2.3640239238739014,-2.3640239238739014,0.0,86.5900650024414,30.0,0.0,0.0,0.02450091950595379,0.009248371236026287,0.00739131448790431,0.00739131448790431
CelebDFv3,/root/Datasets/CelebDFv3/CelebDFv3/FAKE/FaceReenact/TPSMM/id54_id52_0005.mp4,FaceReenact/TPSMM,id54,id52,0,3.045316696166992,-3.045316696166992,0.0,86.2818603515625,30.0,1.0,0.0625,0.017549078911542892,0.010901101864874363,0.011383959092199802,0.011383959092199802
CelebDFv3,/root/Datasets/CelebDFv3/CelebDFv3/FAKE/FaceSwap/BlendFace/id8_id0_0008.mp4,FaceSwap/BlendFace,id8,id0,0,-0.9855190515518188,0.9855190515518188,0.0,122.15560150146484,30.0,0.0,0.0,0.0023125908337533474,0.002876792335882783,0.0010677170939743519,0.002011578995734453
CelebDFv3,/root/Datasets/CelebDFv3/CelebDFv3/FAKE/FaceSwap/Celeb-DF-v2/id51_id50_0000.mp4,FaceSwap/Celeb-DF-v2,id51,id50,0,-0.21916985511779785,0.21916985511779785,0.0,95.48465728759766,30.0,0.0,0.0,0.008191421627998352,0.004315357189625502,0.005742975976318121,0.010284493677318096
CelebDFv3,/root/Datasets/CelebDFv3/CelebDFv3/FAKE/FaceSwap/GHOST/id26_id38_0002.mp4,FaceSwap/GHOST,id26,id38,0,2.613955020904541,-2.613955020904541,0.0,90.0959243774414,30.0,0.0,0.0,0.006305459421128035,0.01641489937901497,0.0036103148013353348,0.006486328784376383
CelebDFv3,/root/Datasets/CelebDFv3/CelebDFv3/FAKE/FaceSwap/HifiFace/id56_id49_0006.mp4,FaceSwap/HifiFace,id56,id49,0,-0.2596402168273926,0.2596402168273926,0.0,86.0848159790039,30.0,0.0,0.0,0.0077223642729222775,0.005282195284962654,0.0020117112435400486,0.0036025624722242355
CelebDFv3,/root/Datasets/CelebDFv3/CelebDFv3/FAKE/FaceSwap/InSwapper/id23_id3_0006.mp4,FaceSwap/InSwapper,id23,id3,0,0.642575740814209,-0.642575740814209,0.0,133.35540771484375,30.0,0.0,0.0,0.0061375233344733715,0.0037691097240895033,0.0021146938670426607,0.0028019696474075317
CelebDFv3,/root/Datasets/CelebDFv3/CelebDFv3/FAKE/FaceSwap/MobileFaceSwap/id26_id37_0001.mp4,FaceSwap/MobileFaceSwap,id26,id37,0,2.9300334453582764,-2.9300334453582764,0.0,95.1937255859375,30.0,1.0,0.03125,0.014054141007363796,0.01026941742748022,0.0032397471368312836,0.005820562597364187
CelebDFv3,/root/Datasets/CelebDFv3/CelebDFv3/FAKE/FaceSwap/SimSwap/id26_id34_0006.mp4,FaceSwap/SimSwap,id26,id34,0,1.1504510641098022,-1.1504510641098022,0.0,261.4531555175781,30.0,1.0,0.03125,0.015503248199820518,0.004807247314602137,0.0037055304273962975,0.006747625768184662
CelebDFv3,/root/Datasets/CelebDFv3/CelebDFv3/FAKE/FaceSwap/UniFace/id56_id55_0001.mp4,FaceSwap/UniFace,id56,id55,0,-2.1803805828094482,2.1803805828094482,0.0,115.29798126220703,30.0,0.0,0.0,0.003232954302802682,0.009463238529860973,0.0023128334432840347,0.004141810350120068
CelebDFv3,/root/Datasets/CelebDFv3/CelebDFv3/FAKE/TalkingFace/AniTalker/id8_0002_test_id00817_EPPT9urr8Ew.mp4,TalkingFace/AniTalker,id8,,0,-1.4890443086624146,1.4890443086624146,0.0,127.08324432373047,25.0,0.0,0.0,0.007455772254616022,0.006684564985334873,0.004219636786729097,0.004219636786729097
CelebDFv3,/root/Datasets/CelebDFv3/CelebDFv3/FAKE/TalkingFace/EDTalk/id25_0001_test_id00866_4wuP1StGqIA.mp4,TalkingFace/EDTalk,id25,,0,4.127668380737305,-4.127668380737305,0.0,133.50892639160156,25.0,0.0,0.0,0.014355344697833061,0.014947054907679558,0.00595682580024004,0.00595682580024004
CelebDFv3,/root/Datasets/CelebDFv3/CelebDFv3/FAKE/TalkingFace/EchoMimic/id26_0008_test_id02181_hIvctbfcBx8.mp4,TalkingFace/EchoMimic,id26,,0,0.0719975084066391,-0.0719975084066391,0.0,124.90438079833984,24.0,0.0,0.0,0.008035048842430115,0.007547589018940926,0.00857031811028719,0.00857031811028719
CelebDFv3,/root/Datasets/CelebDFv3/CelebDFv3/FAKE/TalkingFace/FLOAT/id31_0005_test_id03677_m2KRRpGumDo.mp4,TalkingFace/FLOAT,id31,,0,2.265231132507324,-2.265231132507324,0.0,122.67000579833984,25.0,0.0,0.0,0.01630662940442562,0.01000102236866951,0.0073436652310192585,0.0073436652310192585
CelebDFv3,/root/Datasets/CelebDFv3/CelebDFv3/FAKE/TalkingFace/IP_LAP/id59_0002_test_id03677_qPImh22zcl0.mp4,TalkingFace/IP_LAP,id59,,0,-0.008249282836914062,0.008249282836914062,0.0,300.7636413574219,25.0,1.0,0.640625,0.02525223419070244,0.002447094302624464,0.006807757541537285,0.006807757541537285
CelebDFv3,/root/Datasets/CelebDFv3/CelebDFv3/FAKE/TalkingFace/Real3DPortrait/id54_0006_test_id07961_464OHFffwjI.mp4,TalkingFace/Real3DPortrait,id54,,0,-2.6510353088378906,2.6510353088378906,0.0,180.1685791015625,25.0,0.0,0.0,0.01278916746377945,0.004565883427858353,0.012060836888849735,0.012060836888849735
CelebDFv3,/root/Datasets/CelebDFv3/CelebDFv3/FAKE/TalkingFace/SadTalker/id26_0005_test_id09017_oF8cALd6lU0.mp4,TalkingFace/SadTalker,id26,,0,-3.7942545413970947,3.7942545413970947,0.0,281.91717529296875,25.0,0.0,0.0,0.0032327035441994667,0.0061366260051727295,0.007493186742067337,0.007493186742067337
CelebDFv3,/root/Datasets/CelebDFv3/CelebDFv3/FAKE/FaceReenact/DaGAN/id31_id2_0005.mp4,FaceReenact/DaGAN,id31,id2,0,0.6552947759628296,-0.6552947759628296,0.0,115.82869720458984,30.0,0.0,0.0,0.00864088349044323,0.005981265101581812,0.009849367663264275,0.009849367663264275
CelebDFv3,/root/Datasets/CelebDFv3/CelebDFv3/FAKE/FaceReenact/FSRT/id26_id25_0003.mp4,FaceReenact/FSRT,id26,id25,0,-3.9914960861206055,3.9914960861206055,0.0,350.3183898925781,20.0,0.0,0.0,0.01601650007069111,0.0116348247975111,0.008616859093308449,0.008616859093308449
CelebDFv3,/root/Datasets/CelebDFv3/CelebDFv3/FAKE/FaceReenact/HyperReenact/id25_id26_0004.mp4,FaceReenact/HyperReenact,id25,id26,0,1.861464500427246,-1.861464500427246,0.0,132.5093231201172,25.0,0.0,0.0,0.0031919507309794426,0.0026275936979800463,0.003911121282726526,0.003911121282726526
CelebDFv3,/root/Datasets/CelebDFv3/CelebDFv3/FAKE/FaceReenact/LIA/id26_id25_0004.mp4,FaceReenact/LIA,id26,id25,0,-0.7727163434028625,0.7727163434028625,0.0,98.71076202392578,30.0,1.0,0.1875,0.017675749957561493,0.011200479231774807,0.006858584936708212,0.006858584936708212
CelebDFv3,/root/Datasets/CelebDFv3/CelebDFv3/FAKE/FaceReenact/LivePortrait/id26_id35_0002.mp4,FaceReenact/LivePortrait,id26,id35,0,-2.3687891960144043,2.3687891960144043,0.0,94.51898956298828,30.0,0.0,0.0,0.0056108105927705765,0.0055146897211670876,0.003672525752335787,0.006598097272217274
CelebDFv3,/root/Datasets/CelebDFv3/CelebDFv3/FAKE/FaceReenact/MCNET/id54_id49_0008.mp4,FaceReenact/MCNET,id54,id49,0,0.8637791275978088,-0.8637791275978088,0.0,116.0000991821289,30.0,0.0,0.0,0.009897919371724129,0.007929347455501556,0.0050105927512049675,0.0050105927512049675
CelebDFv3,/root/Datasets/CelebDFv3/CelebDFv3/FAKE/FaceReenact/TPSMM/id51_id57_0008.mp4,FaceReenact/TPSMM,id51,id57,0,-1.253145694732666,1.253145694732666,0.0,105.36539459228516,29.829999923706055,0.0,0.0,0.01079455018043518,0.007529541850090027,0.0067167445085942745,0.0067167445085942745
CelebDFv3,/root/Datasets/CelebDFv3/CelebDFv3/FAKE/FaceSwap/BlendFace/id23_id4_0007.mp4,FaceSwap/BlendFace,id23,id4,0,-0.2568534314632416,0.2568534314632416,0.0,138.69943237304688,30.0,0.0,0.0,0.012441137805581093,0.027866382151842117,0.006319989915937185,0.011087223887443542
CelebDFv3,/root/Datasets/CelebDFv3/CelebDFv3/FAKE/FaceSwap/Celeb-DF-v2/id25_id23_0002.mp4,FaceSwap/Celeb-DF-v2,id25,id23,0,-0.7067177891731262,0.7067177891731262,0.0,87.35670471191406,30.0,0.0,0.0,0.010752812959253788,0.020136337727308273,0.0030253350269049406,0.0054481662809848785
CelebDFv3,/root/Datasets/CelebDFv3/CelebDFv3/FAKE/FaceSwap/GHOST/id31_id9_0005.mp4,FaceSwap/GHOST,id31,id9,0,2.6593689918518066,-2.6593689918518066,0.0,116.50070190429688,30.0,0.0,0.0,0.004782291129231453,0.004403524566441774,0.003325052559375763,0.005987911950796843
CelebDFv3,/root/Datasets/CelebDFv3/CelebDFv3/FAKE/FaceSwap/HifiFace/id8_id0_0008.mp4,FaceSwap/HifiFace,id8,id0,0,-1.6764583587646484,1.6764583587646484,0.0,124.77406311035156,30.0,0.0,0.0,0.002426726743578911,0.0025664474815130234,0.0009500334272161126,0.0017898629885166883
CelebDFv3,/root/Datasets/CelebDFv3/CelebDFv3/FAKE/FaceSwap/InSwapper/id31_id21_0001.mp4,FaceSwap/InSwapper,id31,id21,0,0.3653389811515808,-0.3653389811515808,0.0,152.76071166992188,30.0,0.0,0.0,0.0022663965355604887,0.0026537454687058926,0.0017563157016411424,0.0031628566794097424
CelebDFv3,/root/Datasets/CelebDFv3/CelebDFv3/FAKE/FaceSwap/MobileFaceSwap/id26_id32_0001.mp4,FaceSwap/MobileFaceSwap,id26,id32,0,3.219061851501465,-3.219061851501465,0.0,93.1968765258789,30.0,1.0,0.0625,0.01891595497727394,0.015583429485559464,0.004041303414851427,0.0072606466710567474
CelebDFv3,/root/Datasets/CelebDFv3/CelebDFv3/FAKE/FaceSwap/SimSwap/id23_id3_0009.mp4,FaceSwap/SimSwap,id23,id3,0,3.934622287750244,-3.934622287750244,0.0,108.50347900390625,30.0,0.0,0.0,0.004512528423219919,0.00413697212934494,0.0033039147965610027,0.004374383017420769
CelebDFv3,/root/Datasets/CelebDFv3/CelebDFv3/FAKE/FaceSwap/UniFace/id26_id30_0002.mp4,FaceSwap/UniFace,id26,id30,0,1.8498005867004395,-1.8498005867004395,0.0,86.19325256347656,30.0,0.0,0.0,0.007045541889965534,0.017100850120186806,0.003409238765016198,0.0061250729486346245
CelebDFv3,/root/Datasets/CelebDFv3/CelebDFv3/FAKE/TalkingFace/AniTalker/id31_0000_test_id03041_qyCz5uttaAA.mp4,TalkingFace/AniTalker,id31,,0,4.734729766845703,-4.734729766845703,0.0,109.0168685913086,25.0,0.0,0.0,0.0098334401845932,0.005372590851038694,0.00600857101380825,0.00600857101380825
CelebDFv3,/root/Datasets/CelebDFv3/CelebDFv3/FAKE/TalkingFace/EDTalk/id22_0005_test_id05714_wFGNufaMbDY.mp4,TalkingFace/EDTalk,id22,,0,1.2637128829956055,-1.2637128829956055,0.0,117.18110656738281,25.0,0.0,0.0,0.01447993703186512,0.00977515708655119,0.0054964651353657246,0.0054964651353657246
CelebDFv3,/root/Datasets/CelebDFv3/CelebDFv3/FAKE/TalkingFace/EchoMimic/id23_0008_test_id06811_Y6PB7tt3VPc.mp4,TalkingFace/EchoMimic,id23,,0,-1.8240678310394287,1.8240678310394287,0.0,118.47698211669922,24.0,0.0,0.0,0.008551524952054024,0.008854368701577187,0.007416373584419489,0.007416373584419489
CelebDFv3,/root/Datasets/CelebDFv3/CelebDFv3/FAKE/TalkingFace/FLOAT/id23_0008_test_id05124_uPPqcWVd-dg.mp4,TalkingFace/FLOAT,id23,,0,-1.963788628578186,1.963788628578186,0.0,118.94161987304688,25.0,0.0,0.0,0.007622995413839817,0.007985252887010574,0.014465318992733955,0.014465318992733955
CelebDFv3,/root/Datasets/CelebDFv3/CelebDFv3/FAKE/TalkingFace/IP_LAP/id8_0005_test_id07802_XUhS4zwprEk.mp4,TalkingFace/IP_LAP,id8,,0,-4.492583274841309,4.492583274841309,0.0,124.60679626464844,25.0,0.0,0.0,0.011890675872564316,0.01022018026560545,0.01891082338988781,0.01891082338988781
CelebDFv3,/root/Datasets/CelebDFv3/CelebDFv3/FAKE/TalkingFace/Real3DPortrait/id59_0003_test_id01066_0n-7JunX4kg.mp4,TalkingFace/Real3DPortrait,id59,,0,-0.8303841948509216,0.8303841948509216,0.0,350.4872131347656,25.0,0.0,0.0,0.009561958722770214,0.00394110381603241,0.008874519728124142,0.008874519728124142
CelebDFv3,/root/Datasets/CelebDFv3/CelebDFv3/FAKE/TalkingFace/SadTalker/id56_0001_test_id01333_X8REn1clroY.mp4,TalkingFace/SadTalker,id56,,0,0.5439295768737793,-0.5439295768737793,0.0,109.45701599121094,25.0,0.0,0.0,0.0024005258455872536,0.006878443527966738,0.011748488061130047,0.011748488061130047
CelebDFv3,/root/Datasets/CelebDFv3/CelebDFv3/FAKE/FaceReenact/DaGAN/id26_id35_0001.mp4,FaceReenact/DaGAN,id26,id35,0,3.433029890060425,-3.433029890060425,0.0,177.58204650878906,30.0,1.0,0.078125,0.006948980502784252,0.006993778515607119,0.009702160023152828,0.009702160023152828
CelebDFv3,/root/Datasets/CelebDFv3/CelebDFv3/FAKE/FaceReenact/FSRT/id22_id26_0001.mp4,FaceReenact/FSRT,id22,id26,0,2.316335916519165,-2.316335916519165,0.0,75.7130126953125,20.0,1.0,0.046875,0.029957350343465805,0.01812542974948883,0.015261664986610413,0.015261664986610413
CelebDFv3,/root/Datasets/CelebDFv3/CelebDFv3/FAKE/FaceReenact/HyperReenact/id56_id58_0002.mp4,FaceReenact/HyperReenact,id56,id58,0,-0.2709910571575165,0.2709910571575165,0.0,93.89283752441406,25.0,0.0,0.0,0.004956994671374559,0.002007819712162018,0.006686306558549404,0.006686306558549404
CelebDFv3,/root/Datasets/CelebDFv3/CelebDFv3/FAKE/FaceReenact/LIA/id59_id60_0000.mp4,FaceReenact/LIA,id59,id60,0,1.7111672163009644,-1.7111672163009644,0.0,90.5407943725586,30.0,1.0,0.046875,0.03448815271258354,0.014092877507209778,0.016461549326777458,0.016461549326777458
CelebDFv3,/root/Datasets/CelebDFv3/CelebDFv3/FAKE/FaceReenact/LivePortrait/id26_id30_0006.mp4,FaceReenact/LivePortrait,id26,id30,0,-1.038062572479248,1.038062572479248,0.0,225.2078857421875,30.0,0.0,0.0,0.007474149577319622,0.006582625675946474,0.003700094996020198,0.006737727206200361
CelebDFv3,/root/Datasets/CelebDFv3/CelebDFv3/FAKE/FaceReenact/MCNET/id23_id9_0004.mp4,FaceReenact/MCNET,id23,id9,0,-1.7677701711654663,1.7677701711654663,0.0,135.51124572753906,30.0,0.0,0.0,0.008131093345582485,0.006490021478384733,0.00714538898319006,0.00714538898319006
CelebDFv3,/root/Datasets/CelebDFv3/CelebDFv3/FAKE/FaceReenact/TPSMM/id23_id19_0000.mp4,FaceReenact/TPSMM,id23,id19,0,0.8410476446151733,-0.8410476446151733,0.0,102.25603485107422,29.829999923706055,0.0,0.0,0.02172880247235298,0.016085529699921608,0.01389107946306467,0.01389107946306467
CelebDFv3,/root/Datasets/CelebDFv3/CelebDFv3/FAKE/FaceSwap/BlendFace/id22_id28_0005.mp4,FaceSwap/BlendFace,id22,id28,0,-1.4100277423858643,1.4100277423858643,0.0,125.75595092773438,30.0,0.0,0.0,0.0030069623608142138,0.0021680109202861786,0.0017033517360687256,0.0030273853335529566
CelebDFv3,/root/Datasets/CelebDFv3/CelebDFv3/FAKE/FaceSwap/Celeb-DF-v2/id31_id2_0007.mp4,FaceSwap/Celeb-DF-v2,id31,id2,0,-10.41030216217041,10.41030216217041,0.0,304.7471008300781,30.0,1.0,0.015625,0.01822603866457939,0.004114273935556412,0.008241319097578526,0.014841358177363873
CelebDFv3,/root/Datasets/CelebDFv3/CelebDFv3/FAKE/FaceSwap/GHOST/id23_id38_0000.mp4,FaceSwap/GHOST,id23,id38,0,-0.2262049913406372,0.2262049913406372,0.0,105.85923767089844,30.0,0.0,0.0,0.0017419623909518123,0.00196092389523983,0.001046632998622954,0.0018601923948153853
CelebDFv3,/root/Datasets/CelebDFv3/CelebDFv3/FAKE/FaceSwap/HifiFace/id31_id37_0005.mp4,FaceSwap/HifiFace,id31,id37,0,0.6980312466621399,-0.6980312466621399,0.0,126.73979187011719,30.0,0.0,0.0,0.005621079355478287,0.0040471525862813,0.0019855129066854715,0.0035756060387939215
CelebDFv3,/root/Datasets/CelebDFv3/CelebDFv3/FAKE/FaceSwap/InSwapper/id54_id52_0006.mp4,FaceSwap/InSwapper,id54,id52,0,-4.216699600219727,4.216699600219727,0.0,169.21018981933594,30.0,1.0,0.03125,0.00428154319524765,0.007130397018045187,0.003555183531716466,0.0063666049391031265
CelebDFv3,/root/Datasets/CelebDFv3/CelebDFv3/FAKE/FaceSwap/MobileFaceSwap/id23_id4_0005.mp4,FaceSwap/MobileFaceSwap,id23,id4,0,3.3076422214508057,-3.3076422214508057,0.0,105.02989959716797,30.0,0.0,0.0,0.006128976587206125,0.0022941906936466694,0.004019113257527351,0.00822704378515482
CelebDFv3,/root/Datasets/CelebDFv3/CelebDFv3/FAKE/FaceSwap/SimSwap/id54_id53_0000.mp4,FaceSwap/SimSwap,id54,id53,0,-2.1942338943481445,2.1942338943481445,0.0,114.44312286376953,30.0,0.0,0.0,0.008413373492658138,0.004649909678846598,0.0037712454795837402,0.006753527093678713
CelebDFv3,/root/Datasets/CelebDFv3/CelebDFv3/FAKE/FaceSwap/UniFace/id8_id2_0007.mp4,FaceSwap/UniFace,id8,id2,0,-0.7305142879486084,0.7305142879486084,0.0,179.71551513671875,30.0,0.0,0.0,0.012584543786942959,0.052653178572654724,0.0023640079889446497,0.004453791305422783
CelebDFv3,/root/Datasets/CelebDFv3/CelebDFv3/FAKE/TalkingFace/AniTalker/id56_0004_test_id04366_GAE3onT-CHs.mp4,TalkingFace/AniTalker,id56,,0,0.15443404018878937,-0.15443404018878937,0.0,109.30046081542969,25.0,0.0,0.0,0.005443659611046314,0.003516895230859518,0.003924619872123003,0.003924619872123003
CelebDFv3,/root/Datasets/CelebDFv3/CelebDFv3/FAKE/TalkingFace/EDTalk/id51_0005_test_id09017_sduESYpj2-I.mp4,TalkingFace/EDTalk,id51,,0,-0.9902788400650024,0.9902788400650024,0.0,109.56100463867188,25.0,0.0,0.0,0.011208257637917995,0.01057223230600357,0.010577596724033356,0.010577596724033356
CelebDFv3,/root/Datasets/CelebDFv3/CelebDFv3/FAKE/TalkingFace/EchoMimic/id23_0004_test_id07961_DM8nW7joT3A.mp4,TalkingFace/EchoMimic,id23,,0,0.0044463276863098145,-0.0044463276863098145,0.0,158.78370666503906,24.0,0.0,0.0,0.010389165952801704,0.011273003183305264,0.007361251395195723,0.007361251395195723
CelebDFv3,/root/Datasets/CelebDFv3/CelebDFv3/FAKE/TalkingFace/FLOAT/id25_0002_test_id07620_fx5jKGlv9Ek.mp4,TalkingFace/FLOAT,id25,,0,-2.011593818664551,2.011593818664551,0.0,131.17214965820312,25.0,0.0,0.0,0.01892196573317051,0.012167897075414658,0.011743608862161636,0.011743608862161636
CelebDFv3,/root/Datasets/CelebDFv3/CelebDFv3/FAKE/TalkingFace/IP_LAP/id22_0003_test_id02317_YCBadU0v3AE.mp4,TalkingFace/IP_LAP,id22,,0,1.6370407342910767,-1.6370407342910767,0.0,219.8954315185547,25.0,1.0,0.296875,0.01888922229409218,0.007967120036482811,0.015347223728895187,0.015347223728895187
CelebDFv3,/root/Datasets/CelebDFv3/CelebDFv3/FAKE/TalkingFace/Real3DPortrait/id26_0008_test_id01541_SjibtkyrW1A.mp4,TalkingFace/Real3DPortrait,id26,,0,3.3204598426818848,-3.3204598426818848,0.0,120.96353912353516,25.0,0.0,0.0,0.013771683908998966,0.0051908912137150764,0.006215169560164213,0.006215169560164213
CelebDFv3,/root/Datasets/CelebDFv3/CelebDFv3/FAKE/TalkingFace/SadTalker/id26_0004_test_id05654_veGIQ7p2ZSk.mp4,TalkingFace/SadTalker,id26,,0,-1.4452784061431885,1.4452784061431885,0.0,107.35249328613281,25.0,0.0,0.0,0.0021278823260217905,0.004258201457560062,0.004826775752007961,0.004826775752007961
CelebDFv3,/root/Datasets/CelebDFv3/CelebDFv3/FAKE/FaceReenact/DaGAN/id48_id40_0009.mp4,FaceReenact/DaGAN,id48,id40,0,0.5293338298797607,-0.5293338298797607,0.0,111.69965362548828,30.0,0.0,0.0,0.012773657217621803,0.00640239380300045,0.0077124228700995445,0.0077124228700995445
CelebDFv3,/root/Datasets/CelebDFv3/CelebDFv3/FAKE/FaceReenact/FSRT/id31_id20_0002.mp4,FaceReenact/FSRT,id31,id20,0,-0.9026132822036743,0.9026132822036743,0.0,118.23005676269531,20.0,1.0,0.15625,0.02399611286818981,0.009559834375977516,0.03085249476134777,0.03085249476134777
CelebDFv3,/root/Datasets/CelebDFv3/CelebDFv3/FAKE/FaceReenact/HyperReenact/id56_id54_0008.mp4,FaceReenact/HyperReenact,id56,id54,0,-2.268479347229004,2.268479347229004,0.0,117.20082092285156,25.0,0.0,0.0,0.004694127477705479,0.0023468893487006426,0.0052529205568134785,0.0052529205568134785
CelebDFv3,/root/Datasets/CelebDFv3/CelebDFv3/FAKE/FaceReenact/LIA/id48_id43_0001.mp4,FaceReenact/LIA,id48,id43,0,-1.7094900608062744,1.7094900608062744,0.0,96.30121612548828,30.0,0.0,0.0,0.01618048921227455,0.004468651954084635,0.005987110082060099,0.005987110082060099
CelebDFv3,/root/Datasets/CelebDFv3/CelebDFv3/FAKE/FaceReenact/LivePortrait/id26_id29_0008.mp4,FaceReenact/LivePortrait,id26,id29,0,-2.2472667694091797,2.2472667694091797,0.0,112.09065246582031,30.0,1.0,0.0625,0.003906665835529566,0.004151631146669388,0.0044025639072060585,0.00801689550280571
CelebDFv3,/root/Datasets/CelebDFv3/CelebDFv3/FAKE/FaceReenact/MCNET/id54_id53_0008.mp4,FaceReenact/MCNET,id54,id53,0,-0.36780431866645813,0.36780431866645813,0.0,118.45930480957031,30.0,0.0,0.0,0.005643957760185003,0.004553190898150206,0.0054540252313017845,0.0054540252313017845
CelebDFv3,/root/Datasets/CelebDFv3/CelebDFv3/FAKE/FaceReenact/TPSMM/id23_id27_0006.mp4,FaceReenact/TPSMM,id23,id27,0,8.083181381225586,-8.083181381225586,0.0,99.4036636352539,30.0,0.0,0.0,0.013656947761774063,0.010551408864557743,0.010597867891192436,0.010597867891192436
CelebDFv3,/root/Datasets/CelebDFv3/CelebDFv3/FAKE/FaceSwap/BlendFace/id48_id41_0006.mp4,FaceSwap/BlendFace,id48,id41,0,0.9125156402587891,-0.9125156402587891,0.0,83.03902435302734,30.0,0.0,0.0,0.0043479581363499165,0.0397334098815918,0.005371135659515858,0.007046930026262999
CelebDFv3,/root/Datasets/CelebDFv3/CelebDFv3/FAKE/FaceSwap/Celeb-DF-v2/id23_id17_0000.mp4,FaceSwap/Celeb-DF-v2,id23,id17,0,-0.6600437164306641,0.6600437164306641,0.0,103.55062866210938,30.0,0.0,0.0,0.0018645968521013856,0.0020906266290694475,0.0015954752452671528,0.0028356555849313736
CelebDFv3,/root/Datasets/CelebDFv3/CelebDFv3/FAKE/FaceSwap/GHOST/id59_id60_0007.mp4,FaceSwap/GHOST,id59,id60,0,-0.9081811904907227,0.9081811904907227,0.0,122.90351867675781,30.0,0.0,0.0,0.004393899813294411,0.002294225851073861,0.0017495047068223357,0.003133004065603018
CelebDFv3,/root/Datasets/CelebDFv3/CelebDFv3/FAKE/FaceSwap/HifiFace/id26_id30_0003.mp4,FaceSwap/HifiFace,id26,id30,0,0.4161025285720825,-0.4161025285720825,0.0,339.0509948730469,30.0,1.0,0.015625,0.005752515979111195,0.00654260441660881,0.0020666851196438074,0.0037130273412913084
CelebDFv3,/root/Datasets/CelebDFv3/CelebDFv3/FAKE/FaceSwap/InSwapper/id31_id17_0004.mp4,FaceSwap/InSwapper,id31,id17,0,-0.9177690744400024,0.9177690744400024,0.0,164.4228973388672,30.0,0.0,0.0,0.004935773089528084,0.0031758577097207308,0.002527495613321662,0.0045516337268054485
CelebDFv3,/root/Datasets/CelebDFv3/CelebDFv3/FAKE/FaceSwap/MobileFaceSwap/id23_id30_0001.mp4,FaceSwap/MobileFaceSwap,id23,id30,0,2.5170371532440186,-2.5170371532440186,0.0,104.00128936767578,30.0,0.0,0.0,0.0038356021977961063,0.013817905448377132,0.011128903366625309,0.019779520109295845
CelebDFv3,/root/Datasets/CelebDFv3/CelebDFv3/FAKE/FaceSwap/SimSwap/id26_id2_0005.mp4,FaceSwap/SimSwap,id26,id2,0,-7.896132469177246,7.896132469177246,0.0,302.72869873046875,30.0,0.0,0.0,0.0031706299632787704,0.006024180445820093,0.0038713128305971622,0.004296013619750738
CelebDFv3,/root/Datasets/CelebDFv3/CelebDFv3/FAKE/FaceSwap/UniFace/id23_id22_0002.mp4,FaceSwap/UniFace,id23,id22,0,-4.864307403564453,4.864307403564453,0.0,95.74629974365234,30.0,0.0,0.0,0.00985790602862835,0.011056799441576004,0.006446347571909428,0.011457164771854877
CelebDFv3,/root/Datasets/CelebDFv3/CelebDFv3/FAKE/TalkingFace/AniTalker/id31_0001_test_id03839_pX7kYiDgFMA.mp4,TalkingFace/AniTalker,id31,,0,3.2068068981170654,-3.2068068981170654,0.0,167.34068298339844,25.0,0.0,0.0,0.007135389372706413,0.0034069144167006016,0.006370554678142071,0.006370554678142071
CelebDFv3,/root/Datasets/CelebDFv3/CelebDFv3/FAKE/TalkingFace/EDTalk/id56_0001_test_id01106_mkgP19APekU.mp4,TalkingFace/EDTalk,id56,,0,1.807990550994873,-1.807990550994873,0.0,103.59325408935547,25.0,0.0,0.0,0.014558954164385796,0.012959827668964863,0.006329020019620657,0.006329020019620657
CelebDFv3,/root/Datasets/CelebDFv3/CelebDFv3/FAKE/TalkingFace/EchoMimic/id26_0009_test_id01224_0MbJ83_n8G0.mp4,TalkingFace/EchoMimic,id26,,0,1.0022552013397217,-1.0022552013397217,0.0,211.2989044189453,24.0,0.0,0.0,0.010217576287686825,0.007651130668818951,0.011187861673533916,0.011187861673533916
CelebDFv3,/root/Datasets/CelebDFv3/CelebDFv3/FAKE/TalkingFace/FLOAT/id25_0009_test_id05124_1HAXGOri_x0.mp4,TalkingFace/FLOAT,id25,,0,-4.808506965637207,4.808506965637207,0.0,123.98414611816406,25.0,0.0,0.0,0.011600366793572903,0.010429566726088524,0.009529836475849152,0.009529836475849152
CelebDFv3,/root/Datasets/CelebDFv3/CelebDFv3/FAKE/TalkingFace/IP_LAP/id25_0002_test_id03524_cxnnKLQYemo.mp4,TalkingFace/IP_LAP,id25,,0,3.5102548599243164,-3.5102548599243164,0.0,77.47130584716797,25.0,0.0,0.0,0.02103131078183651,0.021623875945806503,0.007521611638367176,0.007521611638367176
CelebDFv3,/root/Datasets/CelebDFv3/CelebDFv3/FAKE/TalkingFace/Real3DPortrait/id26_0005_test_id09017_oF8cALd6lU0.mp4,TalkingFace/Real3DPortrait,id26,,0,-5.477564811706543,5.477564811706543,0.0,286.6029968261719,25.0,0.0,0.0,0.01607939973473549,0.004672887735068798,0.0043069906532764435,0.0043069906532764435
CelebDFv3,/root/Datasets/CelebDFv3/CelebDFv3/FAKE/TalkingFace/SadTalker/id54_0007_test_id01333_D9Eylmbz4Ik.mp4,TalkingFace/SadTalker,id54,,0,1.0030279159545898,-1.0030279159545898,0.0,139.2608642578125,25.0,0.0,0.0,0.0045848204754292965,0.009611851535737514,0.006867716554552317,0.006867716554552317
CelebDFv3,/root/Datasets/CelebDFv3/CelebDFv3/FAKE/FaceReenact/DaGAN/id23_id31_0007.mp4,FaceReenact/DaGAN,id23,id31,0,7.730428695678711,-7.730428695678711,0.0,171.8297119140625,30.0,0.0,0.0,0.0067551638931035995,0.005726505536586046,0.005759037099778652,0.005759037099778652
CelebDFv3,/root/Datasets/CelebDFv3/CelebDFv3/FAKE/FaceReenact/FSRT/id26_id1_0004.mp4,FaceReenact/FSRT,id26,id1,0,-2.1832804679870605,2.1832804679870605,0.0,104.05297088623047,20.0,0.0,0.0,0.008139664307236671,0.00573022710159421,0.004389519803225994,0.004389519803225994
CelebDFv3,/root/Datasets/CelebDFv3/CelebDFv3/FAKE/FaceReenact/HyperReenact/id23_id34_0009.mp4,FaceReenact/HyperReenact,id23,id34,0,-1.6185637712478638,1.6185637712478638,0.0,170.01246643066406,25.0,0.0,0.0,0.002849794225767255,0.00395421776920557,0.007141697220504284,0.007141697220504284
CelebDFv3,/root/Datasets/CelebDFv3/CelebDFv3/FAKE/FaceReenact/LIA/id23_id25_0007.mp4,FaceReenact/LIA,id23,id25,0,6.982094764709473,-6.982094764709473,0.0,142.18426513671875,30.0,1.0,0.03125,0.013640413992106915,0.020019540563225746,0.018999511376023293,0.018999511376023293
CelebDFv3,/root/Datasets/CelebDFv3/CelebDFv3/FAKE/FaceReenact/LivePortrait/id31_id4_0001.mp4,FaceReenact/LivePortrait,id31,id4,0,-2.314368486404419,2.314368486404419,0.0,123.95459747314453,30.0,0.0,0.0,0.005824812687933445,0.003478929866105318,0.0038095321506261826,0.006860386114567518
CelebDFv3,/root/Datasets/CelebDFv3/CelebDFv3/FAKE/FaceReenact/MCNET/id23_id3_0002.mp4,FaceReenact/MCNET,id23,id3,0,0.18770813941955566,-0.18770813941955566,0.0,100.34915924072266,30.0,0.0,0.0,0.03363453596830368,0.016422029584646225,0.010134435258805752,0.010134435258805752
CelebDFv3,/root/Datasets/CelebDFv3/CelebDFv3/FAKE/FaceReenact/TPSMM/id23_id29_0007.mp4,FaceReenact/TPSMM,id23,id29,0,3.721680164337158,-3.721680164337158,0.0,176.8905792236328,30.0,0.0,0.0,0.014548749662935734,0.011964349076151848,0.009938780218362808,0.009938780218362808
CelebDFv3,/root/Datasets/CelebDFv3/CelebDFv3/FAKE/FaceSwap/BlendFace/id59_id60_0006.mp4,FaceSwap/BlendFace,id59,id60,0,2.6728737354278564,-2.6728737354278564,0.0,74.14618682861328,30.0,0.0,0.0,0.026893392205238342,0.012202844955027103,0.012579947710037231,0.022528108209371567
CelebDFv3,/root/Datasets/CelebDFv3/CelebDFv3/FAKE/FaceSwap/Celeb-DF-v2/id56_id51_0001.mp4,FaceSwap/Celeb-DF-v2,id56,id51,0,-1.7307672500610352,1.7307672500610352,0.0,102.40497589111328,30.0,0.0,0.0,0.0034702445846050978,0.016296520829200745,0.0025913517456501722,0.0046405792236328125
CelebDFv3,/root/Datasets/CelebDFv3/CelebDFv3/FAKE/FaceSwap/GHOST/id31_id37_0004.mp4,FaceSwap/GHOST,id31,id37,0,2.2980892658233643,-2.2980892658233643,0.0,164.78118896484375,30.0,0.0,0.0,0.005000416189432144,0.0031374518293887377,0.002896925900131464,0.005216921214014292
CelebDFv3,/root/Datasets/CelebDFv3/CelebDFv3/FAKE/FaceSwap/HifiFace/id48_id41_0006.mp4,FaceSwap/HifiFace,id48,id41,0,1.4031332731246948,-1.4031332731246948,0.0,79.97274017333984,30.0,0.0,0.0,0.0035457266494631767,0.021547632291913033,0.00469362735748291,0.006158039905130863
CelebDFv3,/root/Datasets/CelebDFv3/CelebDFv3/FAKE/FaceSwap/InSwapper/id51_id53_0006.mp4,FaceSwap/InSwapper,id51,id53,0,1.2591493129730225,-1.2591493129730225,0.0,130.220703125,29.900009155273438,0.0,0.0,0.002391489688307047,0.020972562953829765,0.0031521806959062815,0.005644909106194973
CelebDFv3,/root/Datasets/CelebDFv3/CelebDFv3/FAKE/FaceSwap/MobileFaceSwap/id8_id9_0003.mp4,FaceSwap/MobileFaceSwap,id8,id9,0,-6.5885443687438965,6.5885443687438965,0.0,144.29290771484375,30.0,0.0,0.0,0.002216055290773511,0.010153843089938164,0.0022177156060934067,0.004178176634013653
CelebDFv3,/root/Datasets/CelebDFv3/CelebDFv3/FAKE/FaceSwap/SimSwap/id25_id27_0005.mp4,FaceSwap/SimSwap,id25,id27,0,2.2041594982147217,-2.2041594982147217,0.0,86.85802459716797,30.0,0.0,0.0,0.012112980708479881,0.003362541552633047,0.004228713922202587,0.006275411695241928
CelebDFv3,/root/Datasets/CelebDFv3/CelebDFv3/FAKE/FaceSwap/UniFace/id56_id58_0000.mp4,FaceSwap/UniFace,id56,id58,0,0.0502413809299469,-0.0502413809299469,0.0,92.99357604980469,30.0,0.0,0.0,0.003020873758941889,0.004708900116384029,0.0021797162480652332,0.0039034243673086166
CelebDFv3,/root/Datasets/CelebDFv3/CelebDFv3/FAKE/TalkingFace/AniTalker/id8_0004_test_id00866_4wuP1StGqIA.mp4,TalkingFace/AniTalker,id8,,0,-0.8668285608291626,0.8668285608291626,0.0,271.016357421875,25.0,0.0,0.0,0.004714876879006624,0.005581567995250225,0.003997795283794403,0.003997795283794403
CelebDFv3,/root/Datasets/CelebDFv3/CelebDFv3/FAKE/TalkingFace/EDTalk/id56_0008_test_id05124_ksBpd5sIcA4.mp4,TalkingFace/EDTalk,id56,,0,2.1000022888183594,-2.1000022888183594,0.0,113.98038482666016,25.0,0.0,0.0,0.011276355013251305,0.010820568539202213,0.00840846635401249,0.00840846635401249
CelebDFv3,/root/Datasets/CelebDFv3/CelebDFv3/FAKE/TalkingFace/EchoMimic/id26_0005_test_id07868_jhzuERlEtYw.mp4,TalkingFace/EchoMimic,id26,,0,-0.6753044724464417,0.6753044724464417,0.0,248.49838256835938,24.0,0.0,0.0,0.011594531126320362,0.012443271465599537,0.01099497638642788,0.01099497638642788
CelebDFv3,/root/Datasets/CelebDFv3/CelebDFv3/FAKE/TalkingFace/FLOAT/id11_0000_test_id08696_w3hl-OW_TVI.mp4,TalkingFace/FLOAT,id11,,0,0.9059994220733643,-0.9059994220733643,0.0,103.45702362060547,25.0,0.0,0.0,0.012826532125473022,0.004644796717911959,0.007017020136117935,0.007017020136117935
CelebDFv3,/root/Datasets/CelebDFv3/CelebDFv3/FAKE/TalkingFace/IP_LAP/id31_0004_test_id07426_s747isSlMFU.mp4,TalkingFace/IP_LAP,id31,,0,4.544610023498535,-4.544610023498535,0.0,149.0049285888672,25.0,0.0,0.0,0.009891694411635399,0.005191441159695387,0.0063183484598994255,0.0063183484598994255
CelebDFv3,/root/Datasets/CelebDFv3/CelebDFv3/FAKE/TalkingFace/Real3DPortrait/id11_0000_test_id08696_w3hl-OW_TVI.mp4,TalkingFace/Real3DPortrait,id11,,0,5.118519306182861,-5.118519306182861,0.0,106.77603149414062,25.0,0.0,0.0,0.014928258955478668,0.004994679242372513,0.005096962675452232,0.005096962675452232
CelebDFv3,/root/Datasets/CelebDFv3/CelebDFv3/FAKE/TalkingFace/SadTalker/id31_0002_test_id00562_9LAZqHI80BY.mp4,TalkingFace/SadTalker,id31,,0,-5.546616554260254,5.546616554260254,0.0,129.3871612548828,25.0,0.0,0.0,0.006504677701741457,0.008951039053499699,0.017660969868302345,0.017660969868302345
CelebDFv3,/root/Datasets/CelebDFv3/CelebDFv3/FAKE/FaceReenact/DaGAN/id26_id25_0004.mp4,FaceReenact/DaGAN,id26,id25,0,-0.8263070583343506,0.8263070583343506,0.0,103.78136444091797,30.0,0.0,0.0,0.015970952808856964,0.009149013087153435,0.0047944094985723495,0.0047944094985723495
CelebDFv3,/root/Datasets/CelebDFv3/CelebDFv3/FAKE/FaceReenact/FSRT/id22_id28_0002.mp4,FaceReenact/FSRT,id22,id28,0,4.456911087036133,-4.456911087036133,0.0,101.82372283935547,20.0,0.0,0.0,0.008116818964481354,0.007738511078059673,0.009081795811653137,0.009081795811653137
CelebDFv3,/root/Datasets/CelebDFv3/CelebDFv3/FAKE/FaceReenact/HyperReenact/id51_id50_0007.mp4,FaceReenact/HyperReenact,id51,id50,0,-2.808483600616455,2.808483600616455,0.0,115.41938781738281,25.0,0.0,0.0,0.007375350687652826,0.0026003115344792604,0.010641200467944145,0.010641200467944145
CelebDFv3,/root/Datasets/CelebDFv3/CelebDFv3/FAKE/FaceReenact/LIA/id26_id33_0001.mp4,FaceReenact/LIA,id26,id33,0,-0.7911897897720337,0.7911897897720337,0.0,127.00942993164062,30.0,1.0,0.859375,0.004268747288733721,0.003361628158017993,0.001193530042655766,0.001193530042655766
CelebDFv3,/root/Datasets/CelebDFv3/CelebDFv3/FAKE/FaceReenact/LivePortrait/id51_id53_0007.mp4,FaceReenact/LivePortrait,id51,id53,0,-4.705893039703369,4.705893039703369,0.0,112.02178955078125,30.0,0.0,0.0,0.007207006216049194,0.0017873224569484591,0.0014614419778808951,0.002617142628878355
CelebDFv3,/root/Datasets/CelebDFv3/CelebDFv3/FAKE/FaceReenact/MCNET/id31_id29_0007.mp4,FaceReenact/MCNET,id31,id29,0,4.802244186401367,-4.802244186401367,0.0,189.25616455078125,30.0,0.0,0.0,0.02541641891002655,0.014783271588385105,0.0195896215736866,0.0195896215736866
CelebDFv3,/root/Datasets/CelebDFv3/CelebDFv3/FAKE/FaceReenact/TPSMM/id31_id4_0007.mp4,FaceReenact/TPSMM,id31,id4,0,-2.5467967987060547,2.5467967987060547,0.0,262.4939880371094,30.0,0.0,0.0,0.013071632012724876,0.007645454723387957,0.010252246633172035,0.010252246633172035
CelebDFv3,/root/Datasets/CelebDFv3/CelebDFv3/FAKE/FaceSwap/BlendFace/id23_id2_0005.mp4,FaceSwap/BlendFace,id23,id2,0,3.11431884765625,-3.11431884765625,0.0,105.51152038574219,30.0,0.0,0.0,0.006296604406088591,0.002127596875652671,0.0026954475324600935,0.005517526529729366
CelebDFv3,/root/Datasets/CelebDFv3/CelebDFv3/FAKE/FaceSwap/Celeb-DF-v2/id26_id34_0003.mp4,FaceSwap/Celeb-DF-v2,id26,id34,0,0.49191737174987793,-0.49191737174987793,0.0,354.0875244140625,30.0,0.0,0.0,0.0060363467782735825,0.0061462209559977055,0.001408888609148562,0.002531223464757204
CelebDFv3,/root/Datasets/CelebDFv3/CelebDFv3/FAKE/FaceSwap/GHOST/id22_id28_0005.mp4,FaceSwap/GHOST,id22,id28,0,-2.337007999420166,2.337007999420166,0.0,125.75439453125,30.0,0.0,0.0,0.003014736110344529,0.002135241637006402,0.0017274225829169154,0.0030701670330017805
CelebDFv3,/root/Datasets/CelebDFv3/CelebDFv3/FAKE/FaceSwap/HifiFace/id26_id3_0003.mp4,FaceSwap/HifiFace,id26,id3,0,-1.315213680267334,1.315213680267334,0.0,350.5838623046875,30.0,0.0,0.0,0.005892098881304264,0.006680111866444349,0.002533265156671405,0.004551289603114128
CelebDFv3,/root/Datasets/CelebDFv3/CelebDFv3/FAKE/FaceSwap/InSwapper/id26_id20_0000.mp4,FaceSwap/InSwapper,id26,id20,0,0.009986069053411484,-0.009986069053411484,0.0,160.66995239257812,30.0,0.0,0.0,0.0019437739392742515,0.0013768307399004698,0.0023146742023527622,0.004158567171543837
CelebDFv3,/root/Datasets/CelebDFv3/CelebDFv3/FAKE/FaceSwap/MobileFaceSwap/id23_id2_0000.mp4,FaceSwap/MobileFaceSwap,id23,id2,0,4.037970542907715,-4.037970542907715,0.0,111.22146606445312,30.0,0.0,0.0,0.001890394720248878,0.002227002289146185,0.0016076790634542704,0.0028573456220328808
CelebDFv3,/root/Datasets/CelebDFv3/CelebDFv3/FAKE/FaceSwap/SimSwap/id31_id2_0001.mp4,FaceSwap/SimSwap,id31,id2,0,1.7143629789352417,-1.7143629789352417,0.0,168.28530883789062,30.0,0.0,0.0,0.0024325300473719835,0.00236099143512547,0.0025855563580989838,0.004656192846596241
CelebDFv3,/root/Datasets/CelebDFv3/CelebDFv3/FAKE/FaceSwap/UniFace/id26_id38_0001.mp4,FaceSwap/UniFace,id26,id38,0,1.2674667835235596,-1.2674667835235596,0.0,102.73069763183594,30.0,1.0,0.03125,0.019791297614574432,0.016386376693844795,0.00381202669814229,0.0068487259559333324
CelebDFv3,/root/Datasets/CelebDFv3/CelebDFv3/FAKE/TalkingFace/AniTalker/id26_0008_test_id01228_wmWLkJeR_vI.mp4,TalkingFace/AniTalker,id26,,0,-0.8145344853401184,0.8145344853401184,0.0,123.06087493896484,25.0,0.0,0.0,0.006388240493834019,0.0067237503826618195,0.005312896799296141,0.005312896799296141
CelebDFv3,/root/Datasets/CelebDFv3/CelebDFv3/FAKE/TalkingFace/EDTalk/id26_0009_test_id05124_fRhAX7v_R6A.mp4,TalkingFace/EDTalk,id26,,0,3.5102882385253906,-3.5102882385253906,0.0,146.44155883789062,25.0,0.0,0.0,0.010831438936293125,0.009131449274718761,0.008455289527773857,0.008455289527773857
CelebDFv3,/root/Datasets/CelebDFv3/CelebDFv3/FAKE/TalkingFace/EchoMimic/id11_0006_test_id04030_UAQYdNL40Ug.mp4,TalkingFace/EchoMimic,id11,,0,0.3178427517414093,-0.3178427517414093,0.0,128.51170349121094,24.0,0.0,0.0,0.0063026901334524155,0.0109517527744174,0.004767048172652721,0.004767048172652721
CelebDFv3,/root/Datasets/CelebDFv3/CelebDFv3/FAKE/TalkingFace/FLOAT/id8_0000_test_id03127_mcAK-RlInLY.mp4,TalkingFace/FLOAT,id8,,0,3.5366387367248535,-3.5366387367248535,0.0,402.257568359375,25.0,0.0,0.0,0.01910494640469551,0.011071328073740005,0.013652423396706581,0.013652423396706581
CelebDFv3,/root/Datasets/CelebDFv3/CelebDFv3/FAKE/TalkingFace/IP_LAP/id22_0002_test_id05124_fRhAX7v_R6A.mp4,TalkingFace/IP_LAP,id22,,0,3.946197509765625,-3.946197509765625,0.0,91.53140258789062,25.0,0.0,0.0,0.019539758563041687,0.010482486337423325,0.010815336368978024,0.010815336368978024
CelebDFv3,/root/Datasets/CelebDFv3/CelebDFv3/FAKE/TalkingFace/Real3DPortrait/id23_0001_test_id03862_6W_l9CHyUZg.mp4,TalkingFace/Real3DPortrait,id23,,0,8.419857025146484,-8.419857025146484,0.0,116.46500396728516,25.0,0.0,0.0,0.014631125144660473,0.005969848483800888,0.007453787140548229,0.007453787140548229
CelebDFv3,/root/Datasets/CelebDFv3/CelebDFv3/FAKE/TalkingFace/SadTalker/id8_0007_test_id05816_7jt8zGB27QQ.mp4,TalkingFace/SadTalker,id8,,0,-0.3882971704006195,0.3882971704006195,0.0,159.32826232910156,25.0,0.0,0.0,0.002342220861464739,0.003180982545018196,0.00538028497248888,0.00538028497248888
CelebDFv3,/root/Datasets/CelebDFv3/CelebDFv3/FAKE/FaceReenact/DaGAN/id48_id44_0003.mp4,FaceReenact/DaGAN,id48,id44,0,-5.545956134796143,5.545956134796143,0.0,118.831787109375,30.0,0.0,0.0,0.0062695699743926525,0.0039810738526284695,0.005046813748776913,0.005046813748776913
CelebDFv3,/root/Datasets/CelebDFv3/CelebDFv3/FAKE/FaceReenact/FSRT/id23_id29_0007.mp4,FaceReenact/FSRT,id23,id29,0,2.952972888946533,-2.952972888946533,0.0,178.2303009033203,20.0,0.0,0.0,0.013935831375420094,0.012729284353554249,0.009123165160417557,0.009123165160417557
CelebDFv3,/root/Datasets/CelebDFv3/CelebDFv3/FAKE/FaceReenact/HyperReenact/id31_id34_0009.mp4,FaceReenact/HyperReenact,id31,id34,0,-3.5557544231414795,3.5557544231414795,0.0,130.8158416748047,25.0,0.0,0.0,0.0026824288070201874,0.003985065501183271,0.00600953446701169,0.00600953446701169
CelebDFv3,/root/Datasets/CelebDFv3/CelebDFv3/FAKE/FaceReenact/LIA/id48_id46_0007.mp4,FaceReenact/LIA,id48,id46,0,0.45414209365844727,-0.45414209365844727,0.0,106.13108825683594,30.0,1.0,0.078125,0.01668124459683895,0.007506305817514658,0.011255147866904736,0.011255147866904736
CelebDFv3,/root/Datasets/CelebDFv3/CelebDFv3/FAKE/FaceReenact/LivePortrait/id22_id21_0002.mp4,FaceReenact/LivePortrait,id22,id21,0,-2.607529640197754,2.607529640197754,0.0,136.42529296875,30.0,1.0,0.09375,0.0021575959399342537,0.005526324268430471,0.0020494747441262007,0.0036425539292395115
CelebDFv3,/root/Datasets/CelebDFv3/CelebDFv3/FAKE/FaceReenact/MCNET/id54_id49_0001.mp4,FaceReenact/MCNET,id54,id49,0,-2.3999528884887695,2.3999528884887695,0.0,279.55889892578125,30.0,1.0,0.015625,0.008867550641298294,0.004452564287930727,0.009286191314458847,0.009286191314458847
CelebDFv3,/root/Datasets/CelebDFv3/CelebDFv3/FAKE/FaceReenact/TPSMM/id26_id23_0002.mp4,FaceReenact/TPSMM,id26,id23,0,4.380451679229736,-4.380451679229736,0.0,75.67949676513672,30.0,1.0,0.171875,0.024948257952928543,0.006798866670578718,0.012480980716645718,0.012480980716645718
CelebDFv3,/root/Datasets/CelebDFv3/CelebDFv3/FAKE/FaceSwap/BlendFace/id31_id38_0009.mp4,FaceSwap/BlendFace,id31,id38,0,-1.0609772205352783,1.0609772205352783,0.0,102.53048706054688,30.0,0.0,0.0,0.0021068507339805365,0.004525862634181976,0.002602307591587305,0.004686358850449324
CelebDFv3,/root/Datasets/CelebDFv3/CelebDFv3/FAKE/FaceSwap/Celeb-DF-v2/id54_id51_0005.mp4,FaceSwap/Celeb-DF-v2,id54,id51,0,-2.9185290336608887,2.9185290336608887,0.0,87.66741943359375,30.0,0.0,0.0,0.018924620002508163,0.0047387671656906605,0.005585837177932262,0.010003089904785156
CelebDFv3,/root/Datasets/CelebDFv3/CelebDFv3/FAKE/FaceSwap/GHOST/id23_id33_0004.mp4,FaceSwap/GHOST,id23,id33,0,1.1689600944519043,-1.1689600944519043,0.0,135.97769165039062,30.0,1.0,0.015625,0.016921516507864,0.01152507122606039,0.010641008615493774,0.014344079419970512
CelebDFv3,/root/Datasets/CelebDFv3/CelebDFv3/FAKE/FaceSwap/HifiFace/id59_id61_0004.mp4,FaceSwap/HifiFace,id59,id61,0,-4.560816764831543,4.560816764831543,0.0,164.60426330566406,30.0,1.0,0.015625,0.006422084756195545,0.011135926470160484,0.0034935041330754757,0.006256149150431156
CelebDFv3,/root/Datasets/CelebDFv3/CelebDFv3/FAKE/FaceSwap/InSwapper/id48_id44_0000.mp4,FaceSwap/InSwapper,id48,id44,0,-7.927132606506348,7.927132606506348,0.0,148.0816650390625,30.0,0.0,0.0,0.002360910177230835,0.0033428953029215336,0.001891165622510016,0.0033770815934985876
CelebDFv3,/root/Datasets/CelebDFv3/CelebDFv3/FAKE/FaceSwap/MobileFaceSwap/id23_id19_0002.mp4,FaceSwap/MobileFaceSwap,id23,id19,0,-2.1209840774536133,2.1209840774536133,0.0,96.65132141113281,30.0,0.0,0.0,0.009060901589691639,0.011649897322058678,0.005490006413310766,0.009757447987794876
CelebDFv3,/root/Datasets/CelebDFv3/CelebDFv3/FAKE/FaceSwap/SimSwap/id8_id5_0008.mp4,FaceSwap/SimSwap,id8,id5,0,-2.954561948776245,2.954561948776245,0.0,118.55635833740234,30.0,0.0,0.0,0.002091597067192197,0.0021861260756850243,0.0011284425854682922,0.002125986386090517
CelebDFv3,/root/Datasets/CelebDFv3/CelebDFv3/FAKE/FaceSwap/UniFace/id25_id19_0003.mp4,FaceSwap/UniFace,id25,id19,0,-3.212942123413086,3.212942123413086,0.0,152.0733642578125,30.0,0.0,0.0,0.008417496457695961,0.007833329029381275,0.0026908540166914463,0.004845818039029837
CelebDFv3,/root/Datasets/CelebDFv3/CelebDFv3/FAKE/TalkingFace/AniTalker/id59_0001_test_id05459_3TI6dVmEwzw.mp4,TalkingFace/AniTalker,id59,,0,3.922414779663086,-3.922414779663086,0.0,335.489501953125,25.0,0.0,0.0,0.004730122163891792,0.004218419548124075,0.004543811082839966,0.004543811082839966
CelebDFv3,/root/Datasets/CelebDFv3/CelebDFv3/FAKE/TalkingFace/EDTalk/id59_0005_test_id08456_r83GAlBHvaQ.mp4,TalkingFace/EDTalk,id59,,0,-2.3962061405181885,2.3962061405181885,0.0,101.5218734741211,25.0,0.0,0.0,0.010459684766829014,0.0077619850635528564,0.005614524241536856,0.005614524241536856
CelebDFv3,/root/Datasets/CelebDFv3/CelebDFv3/FAKE/TalkingFace/EchoMimic/id26_0002_test_id05055_6EIN7_SQQDM.mp4,TalkingFace/EchoMimic,id26,,0,2.5604543685913086,-2.5604543685913086,0.0,111.54054260253906,24.0,0.0,0.0,0.008842719718813896,0.008577698841691017,0.009274378418922424,0.009274378418922424
CelebDFv3,/root/Datasets/CelebDFv3/CelebDFv3/FAKE/TalkingFace/FLOAT/id8_0004_test_id05459_kkaYxtBZnNo.mp4,TalkingFace/FLOAT,id8,,0,-5.731276512145996,5.731276512145996,0.0,266.5477600097656,25.0,0.0,0.0,0.011865034699440002,0.012552870437502861,0.007281447760760784,0.007281447760760784
CelebDFv3,/root/Datasets/CelebDFv3/CelebDFv3/FAKE/TalkingFace/IP_LAP/id11_0008_test_id07802_qmTmtDbel1M.mp4,TalkingFace/IP_LAP,id11,,0,2.7166192531585693,-2.7166192531585693,0.0,103.03705596923828,25.0,0.0,0.0,0.010406230576336384,0.009771952405571938,0.00622536288574338,0.00622536288574338
CelebDFv3,/root/Datasets/CelebDFv3/CelebDFv3/FAKE/TalkingFace/Real3DPortrait/id8_0005_test_id03978_ywSqMWAhPPY.mp4,TalkingFace/Real3DPortrait,id8,,0,-2.968325614929199,2.968325614929199,0.0,127.42164611816406,25.0,0.0,0.0,0.013705212622880936,0.007402325049042702,0.01673685759305954,0.01673685759305954
CelebDFv3,/root/Datasets/CelebDFv3/CelebDFv3/FAKE/TalkingFace/SadTalker/id26_0009_test_id08392_3e5zvNaT-eU.mp4,TalkingFace/SadTalker,id26,,0,0.7472844123840332,-0.7472844123840332,0.0,234.6255645751953,25.0,0.0,0.0,0.0018380610272288322,0.0032711420208215714,0.005849839653819799,0.005849839653819799
CelebDFv3,/root/Datasets/CelebDFv3/CelebDFv3/FAKE/FaceReenact/DaGAN/id23_id30_0009.mp4,FaceReenact/DaGAN,id23,id30,0,7.027824878692627,-7.027824878692627,0.0,119.4437484741211,30.0,0.0,0.0,0.0068475911393761635,0.0028327505569905043,0.006889252457767725,0.006889252457767725
CelebDFv3,/root/Datasets/CelebDFv3/CelebDFv3/FAKE/FaceReenact/FSRT/id23_id22_0009.mp4,FaceReenact/FSRT,id23,id22,0,4.351570129394531,-4.351570129394531,0.0,98.71110534667969,20.0,1.0,0.0625,0.01732221432030201,0.006497801281511784,0.012447255663573742,0.012447255663573742
CelebDFv3,/root/Datasets/CelebDFv3/CelebDFv3/FAKE/FaceReenact/HyperReenact/id48_id45_0005.mp4,FaceReenact/HyperReenact,id48,id45,0,-1.0003571510314941,1.0003571510314941,0.0,137.06002807617188,25.0,0.0,0.0,0.0030411428306251764,0.002121343743056059,0.00688751507550478,0.00688751507550478
CelebDFv3,/root/Datasets/CelebDFv3/CelebDFv3/FAKE/FaceReenact/LIA/id51_id54_0006.mp4,FaceReenact/LIA,id51,id54,0,2.0346271991729736,-2.0346271991729736,0.0,127.78814697265625,30.0,0.0,0.0,0.015039837919175625,0.011691645719110966,0.014962548390030861,0.014962548390030861
CelebDFv3,/root/Datasets/CelebDFv3/CelebDFv3/FAKE/FaceReenact/LivePortrait/id31_id34_0002.mp4,FaceReenact/LivePortrait,id31,id34,0,3.1769423484802246,-3.1769423484802246,0.0,175.1935272216797,30.0,1.0,0.234375,0.004486480727791786,0.009096510708332062,0.004059561062604189,0.007310650311410427
CelebDFv3,/root/Datasets/CelebDFv3/CelebDFv3/FAKE/FaceReenact/MCNET/id56_id55_0008.mp4,FaceReenact/MCNET,id56,id55,0,2.9159417152404785,-2.9159417152404785,0.0,96.13894653320312,30.0,1.0,0.09375,0.014975021593272686,0.007315907161682844,0.009707777760922909,0.009707777760922909
CelebDFv3,/root/Datasets/CelebDFv3/CelebDFv3/FAKE/FaceReenact/TPSMM/id31_id6_0005.mp4,FaceReenact/TPSMM,id31,id6,0,1.9577869176864624,-1.9577869176864624,0.0,110.4614028930664,30.0,0.0,0.0,0.012343281880021095,0.011741327121853828,0.0073507181368768215,0.0073507181368768215
CelebDFv3,/root/Datasets/CelebDFv3/CelebDFv3/FAKE/FaceSwap/BlendFace/id31_id17_0005.mp4,FaceSwap/BlendFace,id31,id17,0,2.4376893043518066,-2.4376893043518066,0.0,112.89171600341797,30.0,0.0,0.0,0.005646998528391123,0.0044057490304112434,0.0025006537325680256,0.004503296688199043
CelebDFv3,/root/Datasets/CelebDFv3/CelebDFv3/FAKE/FaceSwap/Celeb-DF-v2/id23_id31_0003.mp4,FaceSwap/Celeb-DF-v2,id23,id31,0,-3.617548942565918,3.617548942565918,0.0,111.8533935546875,30.0,0.0,0.0,0.004005185328423977,0.0027962238527834415,0.0013678111135959625,0.002431025728583336
CelebDFv3,/root/Datasets/CelebDFv3/CelebDFv3/FAKE/FaceSwap/GHOST/id31_id38_0006.mp4,FaceSwap/GHOST,id31,id38,0,-9.128218650817871,9.128218650817871,0.0,227.92245483398438,30.0,0.0,0.0,0.00521896593272686,0.011158333159983158,0.003385199699550867,0.006096227560192347
CelebDFv3,/root/Datasets/CelebDFv3/CelebDFv3/FAKE/FaceSwap/HifiFace/id8_id1_0008.mp4,FaceSwap/HifiFace,id8,id1,0,-0.5816540718078613,0.5816540718078613,0.0,119.3209228515625,30.0,0.0,0.0,0.0022833063267171383,0.0028930609114468098,0.0011708737583830953,0.0022059264592826366
CelebDFv3,/root/Datasets/CelebDFv3/CelebDFv3/FAKE/FaceSwap/InSwapper/id51_id49_0001.mp4,FaceSwap/InSwapper,id51,id49,0,-17.148101806640625,17.148101806640625,0.0,377.8756103515625,30.0,1.0,0.09375,0.004621210042387247,0.006047773640602827,0.003530748886987567,0.006322847679257393
CelebDFv3,/root/Datasets/CelebDFv3/CelebDFv3/FAKE/FaceSwap/MobileFaceSwap/id31_id20_0003.mp4,FaceSwap/MobileFaceSwap,id31,id20,0,-5.688885688781738,5.688885688781738,0.0,112.27166748046875,30.0,0.0,0.0,0.003199103521183133,0.005418332759290934,0.0031991153955459595,0.005761119071394205
CelebDFv3,/root/Datasets/CelebDFv3/CelebDFv3/FAKE/FaceSwap/SimSwap/id48_id41_0006.mp4,FaceSwap/SimSwap,id48,id41,0,1.5667364597320557,-1.5667364597320557,0.0,82.23509216308594,30.0,0.0,0.0,0.0031697105150669813,0.029583457857370377,0.004408855456858873,0.005784418433904648
CelebDFv3,/root/Datasets/CelebDFv3/CelebDFv3/FAKE/FaceSwap/UniFace/id48_id47_0008.mp4,FaceSwap/UniFace,id48,id47,0,-3.6041717529296875,3.6041717529296875,0.0,133.0480499267578,30.0,0.0,0.0,0.0026866141706705093,0.002797838766127825,0.0025586963165551424,0.0025484615471214056
CelebDFv3,/root/Datasets/CelebDFv3/CelebDFv3/FAKE/TalkingFace/AniTalker/id26_0003_test_id02317_V1il-79GsT4.mp4,TalkingFace/AniTalker,id26,,0,2.075676202774048,-2.075676202774048,0.0,363.4525451660156,25.0,0.0,0.0,0.005754229612648487,0.0040336181409657,0.0043480899184942245,0.0043480899184942245
CelebDFv3,/root/Datasets/CelebDFv3/CelebDFv3/FAKE/TalkingFace/EDTalk/id31_0002_test_id06913_CFoP6f5lk7M.mp4,TalkingFace/EDTalk,id31,,0,-0.7479432821273804,0.7479432821273804,0.0,210.12571716308594,25.0,0.0,0.0,0.01242695190012455,0.009944678284227848,0.007185893598943949,0.007185893598943949
CelebDFv3,/root/Datasets/CelebDFv3/CelebDFv3/FAKE/TalkingFace/EchoMimic/id26_0007_test_id05124_1HAXGOri_x0.mp4,TalkingFace/EchoMimic,id26,,0,2.5722885131835938,-2.5722885131835938,0.0,392.0458068847656,24.0,0.0,0.0,0.00737807247787714,0.023289736360311508,0.014915812760591507,0.014915812760591507
CelebDFv3,/root/Datasets/CelebDFv3/CelebDFv3/FAKE/TalkingFace/FLOAT/id59_0009_test_id03862_yHtRhESo9Q0.mp4,TalkingFace/FLOAT,id59,,0,1.904970645904541,-1.904970645904541,0.0,195.63270568847656,25.0,0.0,0.0,0.010637595318257809,0.007968012243509293,0.005873769521713257,0.005873769521713257
CelebDFv3,/root/Datasets/CelebDFv3/CelebDFv3/FAKE/TalkingFace/IP_LAP/id22_0008_test_id07396_6bbb_NOpqGY.mp4,TalkingFace/IP_LAP,id22,,0,3.3341076374053955,-3.3341076374053955,0.0,178.91954040527344,25.0,1.0,0.046875,0.007374051492661238,0.004054718650877476,0.009991981089115143,0.009991981089115143
CelebDFv3,/root/Datasets/CelebDFv3/CelebDFv3/FAKE/TalkingFace/Real3DPortrait/id56_0005_test_id07868_6qWwQj0a_uw.mp4,TalkingFace/Real3DPortrait,id56,,0,-3.3029603958129883,3.3029603958129883,0.0,110.4029769897461,25.0,0.0,0.0,0.013218309730291367,0.006387181114405394,0.0051363930106163025,0.0051363930106163025
CelebDFv3,/root/Datasets/CelebDFv3/CelebDFv3/FAKE/TalkingFace/SadTalker/id48_0004_test_id09017_D8dCOAYteTY.mp4,TalkingFace/SadTalker,id48,,0,2.0267982482910156,-2.0267982482910156,0.0,133.62228393554688,25.0,0.0,0.0,0.0024229781702160835,0.0046547334641218185,0.005434807855635881,0.005434807855635881
CelebDFv3,/root/Datasets/CelebDFv3/CelebDFv3/FAKE/FaceReenact/DaGAN/id26_id25_0001.mp4,FaceReenact/DaGAN,id26,id25,0,-1.1834723949432373,1.1834723949432373,0.0,118.70414733886719,30.0,0.0,0.0,0.008979731239378452,0.00439198175445199,0.01361201424151659,0.01361201424151659
CelebDFv3,/root/Datasets/CelebDFv3/CelebDFv3/FAKE/FaceReenact/FSRT/id31_id2_0005.mp4,FaceReenact/FSRT,id31,id2,0,-0.20920851826667786,0.20920851826667786,0.0,113.0278549194336,20.0,0.0,0.0,0.00676560727879405,0.0048621962778270245,0.006951380055397749,0.006951380055397749
CelebDFv3,/root/Datasets/CelebDFv3/CelebDFv3/FAKE/FaceReenact/HyperReenact/id31_id17_0003.mp4,FaceReenact/HyperReenact,id31,id17,0,-1.5967156887054443,1.5967156887054443,0.0,125.92440795898438,25.0,0.0,0.0,0.0014222227036952972,0.001490184455178678,0.004071523435413837,0.004071523435413837
CelebDFv3,/root/Datasets/CelebDFv3/CelebDFv3/FAKE/FaceReenact/LIA/id23_id6_0005.mp4,FaceReenact/LIA,id23,id6,0,5.421030044555664,-5.421030044555664,0.0,92.3025131225586,30.0,0.0,0.0,0.007440030574798584,0.0096155796200037,0.006232541985809803,0.006232541985809803
CelebDFv3,/root/Datasets/CelebDFv3/CelebDFv3/FAKE/FaceReenact/LivePortrait/id56_id55_0001.mp4,FaceReenact/LivePortrait,id56,id55,0,0.768094539642334,-0.768094539642334,0.0,102.68534088134766,30.0,0.0,0.0,0.004053530748933554,0.004774478264153004,0.0031685661524534225,0.005674252286553383
CelebDFv3,/root/Datasets/CelebDFv3/CelebDFv3/FAKE/FaceReenact/MCNET/id23_id16_0009.mp4,FaceReenact/MCNET,id23,id16,0,6.297004699707031,-6.297004699707031,0.0,105.66023254394531,30.0,0.0,0.0,0.015520501881837845,0.008908044546842575,0.007616372779011726,0.007616372779011726
CelebDFv3,/root/Datasets/CelebDFv3/CelebDFv3/FAKE/FaceReenact/TPSMM/id26_id30_0002.mp4,FaceReenact/TPSMM,id26,id30,0,3.2416305541992188,-3.2416305541992188,0.0,89.05095672607422,30.0,0.0,0.0,0.015583550557494164,0.006161687895655632,0.007668808568269014,0.007668808568269014
CelebDFv3,/root/Datasets/CelebDFv3/CelebDFv3/FAKE/FaceSwap/BlendFace/id51_id58_0002.mp4,FaceSwap/BlendFace,id51,id58,0,-1.1243869066238403,1.1243869066238403,0.0,70.90009307861328,30.0,0.0,0.0,0.005364676937460899,0.011308148503303528,0.004054457880556583,0.007260702550411224
CelebDFv3,/root/Datasets/CelebDFv3/CelebDFv3/FAKE/FaceSwap/Celeb-DF-v2/id26_id30_0000.mp4,FaceSwap/Celeb-DF-v2,id26,id30,0,2.8707473278045654,-2.8707473278045654,0.0,153.728759765625,30.0,0.0,0.0,0.0020716588478535414,0.0012161274207755923,0.0014835791662335396,0.0026654135435819626
CelebDFv3,/root/Datasets/CelebDFv3/CelebDFv3/FAKE/FaceSwap/GHOST/id23_id26_0000.mp4,FaceSwap/GHOST,id23,id26,0,0.01660168170928955,-0.01660168170928955,0.0,102.89474487304688,30.0,0.0,0.0,0.001741677988320589,0.0019433669513091445,0.0009802845306694508,0.0017422705423086882
CelebDFv3,/root/Datasets/CelebDFv3/CelebDFv3/FAKE/FaceSwap/HifiFace/id23_id1_0007.mp4,FaceSwap/HifiFace,id23,id1,0,-1.8230737447738647,1.8230737447738647,0.0,139.7141571044922,30.0,0.0,0.0,0.010372714139521122,0.03554482385516167,0.005928957834839821,0.010401232168078423
CelebDFv3,/root/Datasets/CelebDFv3/CelebDFv3/FAKE/FaceSwap/InSwapper/id31_id26_0007.mp4,FaceSwap/InSwapper,id31,id26,0,-9.374126434326172,9.374126434326172,0.0,287.38470458984375,30.0,0.0,0.0,0.016239862889051437,0.004082862753421068,0.005906270816922188,0.010636293329298496
CelebDFv3,/root/Datasets/CelebDFv3/CelebDFv3/FAKE/FaceSwap/MobileFaceSwap/id31_id38_0006.mp4,FaceSwap/MobileFaceSwap,id31,id38,0,-6.9560747146606445,6.9560747146606445,0.0,217.20199584960938,30.0,0.0,0.0,0.004693557973951101,0.010698814876377583,0.0029144175350666046,0.005248421337455511
CelebDFv3,/root/Datasets/CelebDFv3/CelebDFv3/FAKE/FaceSwap/SimSwap/id56_id57_0001.mp4,FaceSwap/SimSwap,id56,id57,0,-0.5834646821022034,0.5834646821022034,0.0,105.77302551269531,30.0,0.0,0.0,0.003514366690069437,0.012631619349122047,0.0023111854679882526,0.004138858988881111
CelebDFv3,/root/Datasets/CelebDFv3/CelebDFv3/FAKE/FaceSwap/UniFace/id51_id54_0006.mp4,FaceSwap/UniFace,id51,id54,0,-0.8792215585708618,0.8792215585708618,0.0,131.36720275878906,29.900009155273438,0.0,0.0,0.0024388167075812817,0.023959217593073845,0.003556835697963834,0.006369563285261393
CelebDFv3,/root/Datasets/CelebDFv3/CelebDFv3/FAKE/TalkingFace/AniTalker/id26_0009_test_id01541_9OzhfBaZ1Bc.mp4,TalkingFace/AniTalker,id26,,0,2.5216116905212402,-2.5216116905212402,0.0,174.03582763671875,25.0,0.0,0.0,0.005650173407047987,0.00508821289986372,0.005387451034039259,0.005387451034039259
CelebDFv3,/root/Datasets/CelebDFv3/CelebDFv3/FAKE/TalkingFace/EDTalk/id22_0006_test_id07961_l3Xn426T1IE.mp4,TalkingFace/EDTalk,id22,,0,6.25752592086792,-6.25752592086792,0.0,124.63395690917969,25.0,0.0,0.0,0.012369981035590172,0.010112493298947811,0.005418277345597744,0.005418277345597744
CelebDFv3,/root/Datasets/CelebDFv3/CelebDFv3/FAKE/TalkingFace/EchoMimic/id8_0008_test_id01000_xjC2r6OXgBo.mp4,TalkingFace/EchoMimic,id8,,0,0.4273519217967987,-0.4273519217967987,0.0,146.55030822753906,24.0,0.0,0.0,0.009660857729613781,0.01267092116177082,0.00644318200647831,0.00644318200647831
CelebDFv3,/root/Datasets/CelebDFv3/CelebDFv3/FAKE/TalkingFace/FLOAT/id22_0009_test_id00866_0OxT7uyV-vU.mp4,TalkingFace/FLOAT,id22,,0,-2.2245187759399414,2.2245187759399414,0.0,128.61685180664062,25.0,0.0,0.0,0.018661174923181534,0.005631405860185623,0.011574857868254185,0.011574857868254185
CelebDFv3,/root/Datasets/CelebDFv3/CelebDFv3/FAKE/TalkingFace/IP_LAP/id51_0008_test_id03524_2DD4Np7SaWw.mp4,TalkingFace/IP_LAP,id51,,0,-2.2746055126190186,2.2746055126190186,0.0,101.04474639892578,25.0,0.0,0.0,0.016063708811998367,0.015483868308365345,0.008347105234861374,0.008347105234861374
CelebDFv3,/root/Datasets/CelebDFv3/CelebDFv3/FAKE/TalkingFace/Real3DPortrait/id51_0005_test_id08701_IF-okJTentA.mp4,TalkingFace/Real3DPortrait,id51,,0,-5.17172384262085,5.17172384262085,0.0,155.40945434570312,25.0,0.0,0.0,0.010710567235946655,0.004171802196651697,0.007980694063007832,0.007980694063007832
CelebDFv3,/root/Datasets/CelebDFv3/CelebDFv3/FAKE/TalkingFace/SadTalker/id48_0007_test_id06209_HXpylMleqDk.mp4,TalkingFace/SadTalker,id48,,0,0.3417259156703949,-0.3417259156703949,0.0,118.26046752929688,25.0,0.0,0.0,0.003681005910038948,0.009162656031548977,0.0070160068571567535,0.0070160068571567535
CelebDFv3,/root/Datasets/CelebDFv3/CelebDFv3/FAKE/FaceReenact/DaGAN/id22_id21_0005.mp4,FaceReenact/DaGAN,id22,id21,0,-2.707019090652466,2.707019090652466,0.0,110.58430480957031,30.0,1.0,0.046875,0.01488422229886055,0.014274539425969124,0.008367250673472881,0.008462530560791492
CelebDFv3,/root/Datasets/CelebDFv3/CelebDFv3/FAKE/FaceReenact/FSRT/id56_id49_0003.mp4,FaceReenact/FSRT,id56,id49,0,0.8809278011322021,-0.8809278011322021,0.0,92.50367736816406,20.0,0.0,0.0,0.00563767459243536,0.004032469354569912,0.0054411087185144424,0.0054411087185144424
CelebDFv3,/root/Datasets/CelebDFv3/CelebDFv3/FAKE/FaceReenact/HyperReenact/id31_id29_0001.mp4,FaceReenact/HyperReenact,id31,id29,0,-6.797931671142578,6.797931671142578,0.0,120.23106384277344,25.0,0.0,0.0,0.013523893430829048,0.003542165271937847,0.020917098969221115,0.020917098969221115
CelebDFv3,/root/Datasets/CelebDFv3/CelebDFv3/FAKE/FaceReenact/LIA/id23_id20_0001.mp4,FaceReenact/LIA,id23,id20,0,0.2118144929409027,-0.2118144929409027,0.0,119.10294342041016,30.0,0.0,0.0,0.011821871623396873,0.014464118517935276,0.007546576671302319,0.007546576671302319
CelebDFv3,/root/Datasets/CelebDFv3/CelebDFv3/FAKE/FaceReenact/LivePortrait/id23_id34_0009.mp4,FaceReenact/LivePortrait,id23,id34,0,-4.383854866027832,4.383854866027832,0.0,156.6121368408203,30.0,0.0,0.0,0.01267612911760807,0.007524508982896805,0.007315929979085922,0.009686291217803955
CelebDFv3,/root/Datasets/CelebDFv3/CelebDFv3/FAKE/FaceReenact/MCNET/id31_id37_0005.mp4,FaceReenact/MCNET,id31,id37,0,0.26745012402534485,-0.26745012402534485,0.0,115.8698959350586,30.0,1.0,0.03125,0.005991604179143906,0.005741721950471401,0.0066189272329211235,0.0066189272329211235
CelebDFv3,/root/Datasets/CelebDFv3/CelebDFv3/FAKE/FaceReenact/TPSMM/id51_id53_0006.mp4,FaceReenact/TPSMM,id51,id53,0,1.8923475742340088,-1.8923475742340088,0.0,109.07918548583984,30.0,0.0,0.0,0.008016735315322876,0.006058716680854559,0.009476165287196636,0.009476165287196636
CelebDFv3,/root/Datasets/CelebDFv3/CelebDFv3/FAKE/FaceSwap/BlendFace/id25_id23_0005.mp4,FaceSwap/BlendFace,id25,id23,0,-0.49703800678253174,0.49703800678253174,0.0,85.37821197509766,30.0,0.0,0.0,0.012143867090344429,0.003495133249089122,0.005357352551072836,0.00795031152665615
CelebDFv3,/root/Datasets/CelebDFv3/CelebDFv3/FAKE/FaceSwap/Celeb-DF-v2/id48_id42_0001.mp4,FaceSwap/Celeb-DF-v2,id48,id42,0,-3.83962345123291,3.83962345123291,0.0,91.08360290527344,30.0,0.0,0.0,0.004606612492352724,0.005735925864428282,0.002281427150592208,0.004073976539075375
CelebDFv3,/root/Datasets/CelebDFv3/CelebDFv3/FAKE/FaceSwap/GHOST/id54_id51_0006.mp4,FaceSwap/GHOST,id54,id51,0,-1.2302820682525635,1.2302820682525635,0.0,167.73326110839844,30.0,0.0,0.0,0.005034564062952995,0.00942845456302166,0.004089119378477335,0.007322773803025484
CelebDFv3,/root/Datasets/CelebDFv3/CelebDFv3/FAKE/FaceSwap/HifiFace/id31_id17_0003.mp4,FaceSwap/HifiFace,id31,id17,0,-5.7453413009643555,5.7453413009643555,0.0,111.61189270019531,30.0,0.0,0.0,0.0030903087463229895,0.005686421878635883,0.003634836059063673,0.00654578534886241
CelebDFv3,/root/Datasets/CelebDFv3/CelebDFv3/FAKE/FaceSwap/InSwapper/id31_id16_0002.mp4,FaceSwap/InSwapper,id31,id16,0,3.5691184997558594,-3.5691184997558594,0.0,170.4702606201172,30.0,0.0,0.0,0.01680445857346058,0.033124592155218124,0.012432163581252098,0.022388430312275887
CelebDFv3,/root/Datasets/CelebDFv3/CelebDFv3/FAKE/FaceSwap/MobileFaceSwap/id23_id22_0002.mp4,FaceSwap/MobileFaceSwap,id23,id22,0,-1.7852013111114502,1.7852013111114502,0.0,98.03897857666016,30.0,0.0,0.0,0.00935137365013361,0.010932893492281437,0.0033371620811522007,0.00593117531388998
CelebDFv3,/root/Datasets/CelebDFv3/CelebDFv3/FAKE/FaceSwap/SimSwap/id23_id29_0007.mp4,FaceSwap/SimSwap,id23,id29,0,-1.073909044265747,1.073909044265747,0.0,163.62908935546875,30.0,0.0,0.0,0.01022640522569418,0.026781467720866203,0.004990744404494762,0.008755315095186234
CelebDFv3,/root/Datasets/CelebDFv3/CelebDFv3/FAKE/FaceSwap/UniFace/id31_id3_0005.mp4,FaceSwap/UniFace,id31,id3,0,-2.3235199451446533,2.3235199451446533,0.0,134.7384796142578,30.0,0.0,0.0,0.00588861433789134,0.004357071593403816,0.0017009966541081667,0.003063235431909561
CelebDFv3,/root/Datasets/CelebDFv3/CelebDFv3/FAKE/TalkingFace/AniTalker/id59_0007_test_id02019_anSrwA_9RPE.mp4,TalkingFace/AniTalker,id59,,0,-0.09223468601703644,0.09223468601703644,0.0,118.5752182006836,25.0,0.0,0.0,0.003999063279479742,0.002639862010255456,0.004181854892522097,0.004181854892522097
CelebDFv3,/root/Datasets/CelebDFv3/CelebDFv3/FAKE/TalkingFace/EDTalk/id59_0000_test_id00419_749eTxP4Us8.mp4,TalkingFace/EDTalk,id59,,0,2.4936771392822266,-2.4936771392822266,0.0,98.5572280883789,25.0,0.0,0.0,0.013829990290105343,0.010015700943768024,0.007117046508938074,0.007117046508938074
CelebDFv3,/root/Datasets/CelebDFv3/CelebDFv3/FAKE/TalkingFace/EchoMimic/id56_0002_test_id01000_f-mjLyC1-4g.mp4,TalkingFace/EchoMimic,id56,,0,-1.5668014287948608,1.5668014287948608,0.0,115.38931274414062,24.0,0.0,0.0,0.006335178855806589,0.006355693563818932,0.006735100876539946,0.006735100876539946
CelebDFv3,/root/Datasets/CelebDFv3/CelebDFv3/FAKE/TalkingFace/FLOAT/id56_0008_test_id04862_ORhcTM80e0A.mp4,TalkingFace/FLOAT,id56,,0,1.5602059364318848,-1.5602059364318848,0.0,103.58412170410156,25.0,0.0,0.0,0.014955291524529457,0.008746767416596413,0.006244376301765442,0.006244376301765442
CelebDFv3,/root/Datasets/CelebDFv3/CelebDFv3/FAKE/TalkingFace/IP_LAP/id31_0007_test_id02465_BfzqhbsRhuE.mp4,TalkingFace/IP_LAP,id31,,0,1.5261235237121582,-1.5261235237121582,0.0,204.01748657226562,25.0,1.0,0.34375,0.056387342512607574,0.009106750600039959,0.0725717544555664,0.0725717544555664
CelebDFv3,/root/Datasets/CelebDFv3/CelebDFv3/FAKE/TalkingFace/Real3DPortrait/id26_0003_test_id02317_quWGoFFkGr0.mp4,TalkingFace/Real3DPortrait,id26,,0,3.5285346508026123,-3.5285346508026123,0.0,336.033447265625,25.0,0.0,0.0,0.009829501621425152,0.004775769077241421,0.003828713670372963,0.003828713670372963
CelebDFv3,/root/Datasets/CelebDFv3/CelebDFv3/FAKE/TalkingFace/SadTalker/id25_0010_test_id07426_1KNFfOFEhyI.mp4,TalkingFace/SadTalker,id25,,0,-0.6623399257659912,0.6623399257659912,0.0,186.4014892578125,25.0,0.0,0.0,0.0030052918009459972,0.006576060317456722,0.006134347058832645,0.006134347058832645
CelebDFv3,/root/Datasets/CelebDFv3/CelebDFv3/FAKE/FaceReenact/DaGAN/id59_id60_0007.mp4,FaceReenact/DaGAN,id59,id60,0,-1.0265789031982422,1.0265789031982422,0.0,104.34561157226562,30.0,1.0,0.125,0.024019286036491394,0.0067539215087890625,0.01629873365163803,0.01629873365163803
CelebDFv3,/root/Datasets/CelebDFv3/CelebDFv3/FAKE/FaceReenact/FSRT/id26_id25_0001.mp4,FaceReenact/FSRT,id26,id25,0,-0.16626234352588654,0.16626234352588654,0.0,111.88378143310547,20.0,0.0,0.0,0.009248047135770321,0.004084243904799223,0.006842438597232103,0.006842438597232103
CelebDFv3,/root/Datasets/CelebDFv3/CelebDFv3/FAKE/FaceReenact/HyperReenact/id56_id54_0001.mp4,FaceReenact/HyperReenact,id56,id54,0,2.348479747772217,-2.348479747772217,0.0,93.41881561279297,25.0,0.0,0.0,0.004999720957130194,0.0024795846547931433,0.0045174648985266685,0.0045174648985266685
CelebDFv3,/root/Datasets/CelebDFv3/CelebDFv3/FAKE/FaceReenact/LIA/id22_id21_0004.mp4,FaceReenact/LIA,id22,id21,0,6.408905982971191,-6.408905982971191,0.0,128.70709228515625,30.0,0.0,0.0,0.008881899528205395,0.008987708948552608,0.00621922267600894,0.00621922267600894
CelebDFv3,/root/Datasets/CelebDFv3/CelebDFv3/FAKE/FaceReenact/LivePortrait/id56_id52_0008.mp4,FaceReenact/LivePortrait,id56,id52,0,1.0629932880401611,-1.0629932880401611,0.0,107.02827453613281,30.0,0.0,0.0,0.0022985658142715693,0.0030065590981394053,0.0019756590481847525,0.0035379999317228794
CelebDFv3,/root/Datasets/CelebDFv3/CelebDFv3/FAKE/FaceReenact/MCNET/id23_id31_0002.mp4,FaceReenact/MCNET,id23,id31,0,-1.765326976776123,1.765326976776123,0.0,110.41593933105469,30.0,1.0,0.03125,0.01863713748753071,0.005008696112781763,0.025194348767399788,0.025194348767399788
CelebDFv3,/root/Datasets/CelebDFv3/CelebDFv3/FAKE/FaceReenact/TPSMM/id31_id37_0004.mp4,FaceReenact/TPSMM,id31,id37,0,3.3064217567443848,-3.3064217567443848,0.0,161.70423889160156,30.0,0.0,0.0,0.008482028730213642,0.009774764999747276,0.00576616358011961,0.00576616358011961
CelebDFv3,/root/Datasets/CelebDFv3/CelebDFv3/FAKE/FaceSwap/BlendFace/id23_id35_0006.mp4,FaceSwap/BlendFace,id23,id35,0,3.5271644592285156,-3.5271644592285156,0.0,128.71652221679688,30.0,0.0,0.0,0.006181623321026564,0.0037008097860962152,0.0016815828857943416,0.002228097291663289
CelebDFv3,/root/Datasets/CelebDFv3/CelebDFv3/FAKE/FaceSwap/Celeb-DF-v2/id48_id47_0000.mp4,FaceSwap/Celeb-DF-v2,id48,id47,0,-7.4669694900512695,7.4669694900512695,0.0,164.5327606201172,30.0,0.0,0.0,0.0024910843931138515,0.003186154179275036,0.001784649328328669,0.0031868736259639263
CelebDFv3,/root/Datasets/CelebDFv3/CelebDFv3/FAKE/FaceSwap/GHOST/id23_id9_0008.mp4,FaceSwap/GHOST,id23,id9,0,-2.2660021781921387,2.2660021781921387,0.0,112.33860778808594,30.0,0.0,0.0,0.0023218197748064995,0.0034169405698776245,0.0022167821880429983,0.0038889236748218536
CelebDFv3,/root/Datasets/CelebDFv3/CelebDFv3/FAKE/FaceSwap/HifiFace/id56_id50_0006.mp4,FaceSwap/HifiFace,id56,id50,0,0.05670614540576935,-0.05670614540576935,0.0,82.0025863647461,30.0,0.0,0.0,0.007968859747052193,0.004919504281133413,0.0018883548909798265,0.0033816564828157425
CelebDFv3,/root/Datasets/CelebDFv3/CelebDFv3/FAKE/FaceSwap/InSwapper/id23_id9_0008.mp4,FaceSwap/InSwapper,id23,id9,0,-1.9956555366516113,1.9956555366516113,0.0,114.53805541992188,30.0,0.0,0.0,0.0022367604542523623,0.0038029116112738848,0.0028181197121739388,0.004943856503814459
CelebDFv3,/root/Datasets/CelebDFv3/CelebDFv3/FAKE/FaceSwap/MobileFaceSwap/id51_id55_0006.mp4,FaceSwap/MobileFaceSwap,id51,id55,0,-1.258120059967041,1.258120059967041,0.0,134.05604553222656,29.0,0.0,0.0,0.0025096756871789694,0.02375839836895466,0.0034142732620239258,0.00611426355317235
CelebDFv3,/root/Datasets/CelebDFv3/CelebDFv3/FAKE/FaceSwap/SimSwap/id22_id20_0002.mp4,FaceSwap/SimSwap,id22,id20,0,0.7355373501777649,-0.7355373501777649,0.0,105.43339538574219,30.0,0.0,0.0,0.006149899680167437,0.009848076850175858,0.003921725787222385,0.006970126181840897
CelebDFv3,/root/Datasets/CelebDFv3/CelebDFv3/FAKE/FaceSwap/UniFace/id23_id30_0009.mp4,FaceSwap/UniFace,id23,id30,0,3.0894463062286377,-3.0894463062286377,0.0,107.17176818847656,30.0,0.0,0.0,0.004126223735511303,0.004427645355463028,0.0036430214531719685,0.004823360126465559
CelebDFv3,/root/Datasets/CelebDFv3/CelebDFv3/FAKE/TalkingFace/AniTalker/id11_0003_test_id07621_9YfVlYjHf9o.mp4,TalkingFace/AniTalker,id11,,0,-3.496734380722046,3.496734380722046,0.0,144.04493713378906,25.0,0.0,0.0,0.005708283744752407,0.005543072707951069,0.005398736335337162,0.005398736335337162
CelebDFv3,/root/Datasets/CelebDFv3/CelebDFv3/FAKE/TalkingFace/EDTalk/id56_0006_test_id01333_D8Pv2f28x3Q.mp4,TalkingFace/EDTalk,id56,,0,-0.591775119304657,0.591775119304657,0.0,117.83164978027344,25.0,0.0,0.0,0.011638515628874302,0.01129506528377533,0.007085222285240889,0.007085222285240889
CelebDFv3,/root/Datasets/CelebDFv3/CelebDFv3/FAKE/TalkingFace/EchoMimic/id26_0009_test_id01437_uXAe0vbNWeo.mp4,TalkingFace/EchoMimic,id26,,0,1.741826057434082,-1.741826057434082,0.0,210.93902587890625,24.0,0.0,0.0,0.008360259234905243,0.01129764225333929,0.008091844618320465,0.008091844618320465
CelebDFv3,/root/Datasets/CelebDFv3/CelebDFv3/FAKE/TalkingFace/FLOAT/id51_0003_test_id01593_1EAgAgH4d04.mp4,TalkingFace/FLOAT,id51,,0,-4.236759185791016,4.236759185791016,0.0,212.26568603515625,25.0,0.0,0.0,0.016729922965168953,0.013094592839479446,0.01041257381439209,0.01041257381439209
CelebDFv3,/root/Datasets/CelebDFv3/CelebDFv3/FAKE/TalkingFace/IP_LAP/id54_0002_test_id00061_nrI2uwhFFto.mp4,TalkingFace/IP_LAP,id54,,0,5.762848854064941,-5.762848854064941,0.0,120.33472442626953,25.0,0.0,0.0,0.01204380951821804,0.010683871805667877,0.007986473850905895,0.007986473850905895
CelebDFv3,/root/Datasets/CelebDFv3/CelebDFv3/FAKE/TalkingFace/Real3DPortrait/id59_0004_test_id04232_AB9fk1MH2rA.mp4,TalkingFace/Real3DPortrait,id59,,0,-7.905733108520508,7.905733108520508,0.0,396.147705078125,25.0,0.0,0.0,0.01270454004406929,0.005794882774353027,0.007185179740190506,0.007185179740190506
CelebDFv3,/root/Datasets/CelebDFv3/CelebDFv3/FAKE/TalkingFace/SadTalker/id25_0007_test_id01618_KHeRiXKiYZ8.mp4,TalkingFace/SadTalker,id25,,0,-0.1898711919784546,0.1898711919784546,0.0,162.33082580566406,25.0,0.0,0.0,0.0016435044817626476,0.00246055843308568,0.004104025661945343,0.004104025661945343
CelebDFv3,/root/Datasets/CelebDFv3/CelebDFv3/FAKE/FaceReenact/DaGAN/id54_id49_0009.mp4,FaceReenact/DaGAN,id54,id49,0,6.312195301055908,-6.312195301055908,0.0,89.79737854003906,30.0,1.0,0.046875,0.008427307941019535,0.0054717231541872025,0.010814184322953224,0.010814184322953224
CelebDFv3,/root/Datasets/CelebDFv3/CelebDFv3/FAKE/FaceReenact/FSRT/id59_id60_0007.mp4,FaceReenact/FSRT,id59,id60,0,-0.2708362340927124,0.2708362340927124,0.0,127.93412780761719,20.0,1.0,0.15625,0.020407434552907944,0.008416113443672657,0.010735337622463703,0.010735337622463703
CelebDFv3,/root/Datasets/CelebDFv3/CelebDFv3/FAKE/FaceReenact/HyperReenact/id31_id28_0004.mp4,FaceReenact/HyperReenact,id31,id28,0,6.060093879699707,-6.060093879699707,0.0,192.50054931640625,25.0,0.0,0.0,0.0026106121949851513,0.0015543915797024965,0.0038106089923530817,0.0038106089923530817
CelebDFv3,/root/Datasets/CelebDFv3/CelebDFv3/FAKE/FaceReenact/LIA/id22_id21_0002.mp4,FaceReenact/LIA,id22,id21,0,1.2699239253997803,-1.2699239253997803,0.0,107.20233154296875,30.0,0.0,0.0,0.010664024390280247,0.015325014479458332,0.01014476828277111,0.01014476828277111
CelebDFv3,/root/Datasets/CelebDFv3/CelebDFv3/FAKE/FaceReenact/LivePortrait/id56_id50_0005.mp4,FaceReenact/LivePortrait,id56,id50,0,-4.544618606567383,4.544618606567383,0.0,108.18266296386719,29.0,0.0,0.0,0.006241494789719582,0.0028185800183564425,0.0022709148470312357,0.004066742956638336
CelebDFv3,/root/Datasets/CelebDFv3/CelebDFv3/FAKE/FaceReenact/MCNET/id31_id33_0006.mp4,FaceReenact/MCNET,id31,id33,0,-7.937908172607422,7.937908172607422,0.0,201.3844451904297,30.0,1.0,0.203125,0.014194897376000881,0.0037510658148676157,0.009752093814313412,0.009752093814313412
CelebDFv3,/root/Datasets/CelebDFv3/CelebDFv3/FAKE/FaceReenact/TPSMM/id26_id3_0008.mp4,FaceReenact/TPSMM,id26,id3,0,1.7162351608276367,-1.7162351608276367,0.0,122.45161437988281,30.0,0.0,0.0,0.011202502064406872,0.017009882256388664,0.0055788918398320675,0.0055788918398320675
CelebDFv3,/root/Datasets/CelebDFv3/CelebDFv3/FAKE/FaceSwap/BlendFace/id23_id38_0001.mp4,FaceSwap/BlendFace,id23,id38,0,2.9983468055725098,-2.9983468055725098,0.0,102.4217758178711,30.0,0.0,0.0,0.004196871072053909,0.013427930884063244,0.012014184147119522,0.021352941170334816
CelebDFv3,/root/Datasets/CelebDFv3/CelebDFv3/FAKE/FaceSwap/Celeb-DF-v2/id26_id30_0006.mp4,FaceSwap/Celeb-DF-v2,id26,id30,0,-0.2768544554710388,0.2768544554710388,0.0,238.63072204589844,30.0,1.0,0.03125,0.014894148334860802,0.004801115021109581,0.0041791778057813644,0.007610118016600609
CelebDFv3,/root/Datasets/CelebDFv3/CelebDFv3/FAKE/FaceSwap/GHOST/id56_id50_0006.mp4,FaceSwap/GHOST,id56,id50,0,1.6417789459228516,-1.6417789459228516,0.0,81.46348571777344,30.0,0.0,0.0,0.00804840587079525,0.005140709225088358,0.0019239415414631367,0.0034453850239515305
CelebDFv3,/root/Datasets/CelebDFv3/CelebDFv3/FAKE/FaceSwap/HifiFace/id31_id16_0005.mp4,FaceSwap/HifiFace,id31,id16,0,-1.0606071949005127,1.0606071949005127,0.0,127.3773422241211,30.0,0.0,0.0,0.005479488521814346,0.008035020902752876,0.002652216935530305,0.004776238463819027
CelebDFv3,/root/Datasets/CelebDFv3/CelebDFv3/FAKE/FaceSwap/InSwapper/id31_id9_0003.mp4,FaceSwap/InSwapper,id31,id9,0,-4.725200653076172,4.725200653076172,0.0,109.64897918701172,30.0,0.0,0.0,0.003078131703659892,0.005743273533880711,0.0031688048038631678,0.005706533789634705
CelebDFv3,/root/Datasets/CelebDFv3/CelebDFv3/FAKE/FaceSwap/MobileFaceSwap/id48_id46_0001.mp4,FaceSwap/MobileFaceSwap,id48,id46,0,-2.2907791137695312,2.2907791137695312,0.0,95.82658386230469,30.0,0.0,0.0,0.004663507454097271,0.006154599133878946,0.002116644522175193,0.003779722610488534
CelebDFv3,/root/Datasets/CelebDFv3/CelebDFv3/FAKE/FaceSwap/SimSwap/id51_id55_0006.mp4,FaceSwap/SimSwap,id51,id55,0,-1.5070302486419678,1.5070302486419678,0.0,134.4107208251953,29.899999618530273,0.0,0.0,0.001881447504274547,0.023455221205949783,0.003352512139827013,0.006003662012517452
CelebDFv3,/root/Datasets/CelebDFv3/CelebDFv3/FAKE/FaceSwap/UniFace/id31_id1_0007.mp4,FaceSwap/UniFace,id31,id1,0,-10.478812217712402,10.478812217712402,0.0,285.2630615234375,30.0,0.0,0.0,0.012681810185313225,0.0038265499752014875,0.006681202910840511,0.012031828053295612
CelebDFv3,/root/Datasets/CelebDFv3/CelebDFv3/FAKE/TalkingFace/AniTalker/id26_0002_test_id05055_6EIN7_SQQDM.mp4,TalkingFace/AniTalker,id26,,0,1.085997223854065,-1.085997223854065,0.0,113.10591888427734,25.0,0.0,0.0,0.005108424462378025,0.003308412618935108,0.007397557608783245,0.007397557608783245
CelebDFv3,/root/Datasets/CelebDFv3/CelebDFv3/FAKE/TalkingFace/EDTalk/id48_0008_test_id04862_NPOoEt--t_g.mp4,TalkingFace/EDTalk,id48,,0,0.25673186779022217,-0.25673186779022217,0.0,150.10601806640625,25.0,0.0,0.0,0.009357637725770473,0.00954413041472435,0.00621459074318409,0.00621459074318409
CelebDFv3,/root/Datasets/CelebDFv3/CelebDFv3/FAKE/TalkingFace/EchoMimic/id59_0003_test_id03347__NVxlFSjV0I.mp4,TalkingFace/EchoMimic,id59,,0,-0.10436098277568817,0.10436098277568817,0.0,309.8594055175781,24.0,0.0,0.0,0.005936785601079464,0.019623979926109314,0.007634501904249191,0.007634501904249191
CelebDFv3,/root/Datasets/CelebDFv3/CelebDFv3/FAKE/TalkingFace/FLOAT/id11_0002_test_id06811_Z8pDqRv3I8c.mp4,TalkingFace/FLOAT,id11,,0,-3.179771900177002,3.179771900177002,0.0,103.62432098388672,25.0,0.0,0.0,0.010582001879811287,0.010362137109041214,0.007152128964662552,0.007152128964662552
CelebDFv3,/root/Datasets/CelebDFv3/CelebDFv3/FAKE/TalkingFace/IP_LAP/id8_0008_test_id01000_xjC2r6OXgBo.mp4,TalkingFace/IP_LAP,id8,,0,2.976787805557251,-2.976787805557251,0.0,118.65045928955078,25.0,1.0,0.0625,0.01954004168510437,0.011914769187569618,0.006564726121723652,0.006564726121723652
CelebDFv3,/root/Datasets/CelebDFv3/CelebDFv3/FAKE/TalkingFace/Real3DPortrait/id11_0009_test_id00817_GAs8WnyFKJM.mp4,TalkingFace/Real3DPortrait,id11,,0,0.506483793258667,-0.506483793258667,0.0,116.24366760253906,25.0,0.0,0.0,0.011655954644083977,0.005136126186698675,0.005761093460023403,0.005761093460023403
CelebDFv3,/root/Datasets/CelebDFv3/CelebDFv3/FAKE/TalkingFace/SadTalker/id56_0000_test_id01989_t3crub0ikyc.mp4,TalkingFace/SadTalker,id56,,0,0.6494171023368835,-0.6494171023368835,0.0,110.92807006835938,25.0,0.0,0.0,0.0026032812893390656,0.004239520989358425,0.005001813173294067,0.005001813173294067
CelebDFv3,/root/Datasets/CelebDFv3/CelebDFv3/FAKE/FaceReenact/DaGAN/id31_id1_0006.mp4,FaceReenact/DaGAN,id31,id1,0,-6.967693328857422,6.967693328857422,0.0,195.05801391601562,30.0,0.0,0.0,0.006201332435011864,0.0062415520660579205,0.006732107140123844,0.006732107140123844
CelebDFv3,/root/Datasets/CelebDFv3/CelebDFv3/FAKE/FaceReenact/FSRT/id23_id16_0009.mp4,FaceReenact/FSRT,id23,id16,0,6.678910732269287,-6.678910732269287,0.0,105.4900131225586,20.0,0.0,0.0,0.015140342526137829,0.009043158032000065,0.0075341444462537766,0.0075341444462537766
CelebDFv3,/root/Datasets/CelebDFv3/CelebDFv3/FAKE/FaceReenact/HyperReenact/id8_id2_0003.mp4,FaceReenact/HyperReenact,id8,id2,0,1.1186819076538086,-1.1186819076538086,0.0,137.82167053222656,25.0,0.0,0.0,0.001449929317459464,0.0020830747671425343,0.002521543763577938,0.002521543763577938
CelebDFv3,/root/Datasets/CelebDFv3/CelebDFv3/FAKE/FaceReenact/LIA/id26_id34_0003.mp4,FaceReenact/LIA,id26,id34,0,2.13726544380188,-2.13726544380188,0.0,223.0122833251953,30.0,1.0,0.375,0.004534725099802017,0.005419678054749966,0.006673596333712339,0.006673596333712339
CelebDFv3,/root/Datasets/CelebDFv3/CelebDFv3/FAKE/FaceReenact/LivePortrait/id51_id58_0000.mp4,FaceReenact/LivePortrait,id51,id58,0,-1.9438700675964355,1.9438700675964355,0.0,121.9120101928711,30.0,0.0,0.0,0.0072531551122665405,0.0035424060188233852,0.005074137821793556,0.009086741134524345
CelebDFv3,/root/Datasets/CelebDFv3/CelebDFv3/FAKE/FaceReenact/MCNET/id31_id2_0005.mp4,FaceReenact/MCNET,id31,id2,0,0.7125322818756104,-0.7125322818756104,0.0,113.89237213134766,30.0,0.0,0.0,0.007338983006775379,0.004386008717119694,0.007964346557855606,0.007964346557855606
CelebDFv3,/root/Datasets/CelebDFv3/CelebDFv3/FAKE/FaceReenact/TPSMM/id26_id29_0008.mp4,FaceReenact/TPSMM,id26,id29,0,0.8295854330062866,-0.8295854330062866,0.0,112.21782684326172,30.0,1.0,0.09375,0.008388369344174862,0.010258018970489502,0.011592701077461243,0.011592701077461243
CelebDFv3,/root/Datasets/CelebDFv3/CelebDFv3/FAKE/FaceSwap/BlendFace/id23_id30_0003.mp4,FaceSwap/BlendFace,id23,id30,0,-3.5962581634521484,3.5962581634521484,0.0,105.31822204589844,30.0,0.0,0.0,0.0037633846513926983,0.0028146293479949236,0.0018555433489382267,0.0032978770323097706
CelebDFv3,/root/Datasets/CelebDFv3/CelebDFv3/FAKE/FaceSwap/Celeb-DF-v2/id25_id22_0010.mp4,FaceSwap/Celeb-DF-v2,id25,id22,0,3.1400692462921143,-3.1400692462921143,0.0,175.4781036376953,30.0,0.0,0.0,0.006499236449599266,0.004671203903853893,0.0024179532192647457,0.0043441192246973515
CelebDFv3,/root/Datasets/CelebDFv3/CelebDFv3/FAKE/FaceSwap/GHOST/id22_id25_0003.mp4,FaceSwap/GHOST,id22,id25,0,-2.839813709259033,2.839813709259033,0.0,220.03048706054688,30.0,1.0,0.203125,0.04312639683485031,0.03603710979223251,0.018507186323404312,0.03289302438497543
CelebDFv3,/root/Datasets/CelebDFv3/CelebDFv3/FAKE/FaceSwap/HifiFace/id31_id38_0001.mp4,FaceSwap/HifiFace,id31,id38,0,1.5881274938583374,-1.5881274938583374,0.0,152.63873291015625,30.0,0.0,0.0,0.0022334586828947067,0.002775792498141527,0.002043812070041895,0.003680593566969037
CelebDFv3,/root/Datasets/CelebDFv3/CelebDFv3/FAKE/FaceSwap/InSwapper/id8_id7_0008.mp4,FaceSwap/InSwapper,id8,id7,0,-2.307281255722046,2.307281255722046,0.0,126.87761688232422,30.0,0.0,0.0,0.0022782592568546534,0.0027530472725629807,0.0008918414823710918,0.001680229208432138
CelebDFv3,/root/Datasets/CelebDFv3/CelebDFv3/FAKE/FaceSwap/MobileFaceSwap/id31_id33_0001.mp4,FaceSwap/MobileFaceSwap,id31,id33,0,3.6806161403656006,-3.6806161403656006,0.0,151.17633056640625,30.0,0.0,0.0,0.00236226012930274,0.0027758399955928326,0.0018757348880171776,0.0033779123332351446
CelebDFv3,/root/Datasets/CelebDFv3/CelebDFv3/FAKE/FaceSwap/SimSwap/id26_id1_0004.mp4,FaceSwap/SimSwap,id26,id1,0,-0.1504814624786377,0.1504814624786377,0.0,105.62871551513672,30.0,0.0,0.0,0.003368775360286236,0.007851740345358849,0.002455188427120447,0.004411016590893269
CelebDFv3,/root/Datasets/CelebDFv3/CelebDFv3/FAKE/FaceSwap/UniFace/id31_id4_0007.mp4,FaceSwap/UniFace,id31,id4,0,-11.918388366699219,11.918388366699219,0.0,293.5054931640625,30.0,0.0,0.0,0.009168087504804134,0.003852873807772994,0.006094634532928467,0.010975507088005543
CelebDFv3,/root/Datasets/CelebDFv3/CelebDFv3/FAKE/TalkingFace/AniTalker/id22_0005_test_id08392_V2DQaPnQhBs.mp4,TalkingFace/AniTalker,id22,,0,-3.418612480163574,3.418612480163574,0.0,134.30255126953125,25.0,0.0,0.0,0.004491095431149006,0.00894954614341259,0.006836047861725092,0.006836047861725092
CelebDFv3,/root/Datasets/CelebDFv3/CelebDFv3/FAKE/TalkingFace/EDTalk/id56_0002_test_id04276_j7kziDG61kk.mp4,TalkingFace/EDTalk,id56,,0,3.0223474502563477,-3.0223474502563477,0.0,101.0181655883789,25.0,0.0,0.0,0.010084625333547592,0.011890648864209652,0.005978080444037914,0.005978080444037914
CelebDFv3,/root/Datasets/CelebDFv3/CelebDFv3/FAKE/TalkingFace/EchoMimic/id48_0009_test_id04536_A01JVLKHbTM.mp4,TalkingFace/EchoMimic,id48,,0,-1.0897927284240723,1.0897927284240723,0.0,124.35767364501953,24.0,0.0,0.0,0.01236535981297493,0.009857206605374813,0.007957210764288902,0.007957210764288902
CelebDFv3,/root/Datasets/CelebDFv3/CelebDFv3/FAKE/TalkingFace/FLOAT/id23_0006_test_id00017_kN2iEvnTHc4.mp4,TalkingFace/FLOAT,id23,,0,10.922852516174316,-10.922852516174316,0.0,111.53929901123047,25.0,0.0,0.0,0.014145064167678356,0.010262835770845413,0.005303372163325548,0.005303372163325548
CelebDFv3,/root/Datasets/CelebDFv3/CelebDFv3/FAKE/TalkingFace/IP_LAP/id8_0007_test_id00419_DkYa8HiTgJs.mp4,TalkingFace/IP_LAP,id8,,0,1.7019760608673096,-1.7019760608673096,0.0,135.9385528564453,25.0,0.0,0.0,0.014038724824786186,0.015156721696257591,0.006709420122206211,0.006709420122206211
CelebDFv3,/root/Datasets/CelebDFv3/CelebDFv3/FAKE/TalkingFace/Real3DPortrait/id59_0001_test_id05459_3TI6dVmEwzw.mp4,TalkingFace/Real3DPortrait,id59,,0,-1.8227298259735107,1.8227298259735107,0.0,305.9542541503906,25.0,1.0,0.609375,0.003501610364764929,0.0025163209065794945,0.00740911066532135,0.00740911066532135
CelebDFv3,/root/Datasets/CelebDFv3/CelebDFv3/FAKE/TalkingFace/SadTalker/id59_0000_test_id00419_749eTxP4Us8.mp4,TalkingFace/SadTalker,id59,,0,1.3676259517669678,-1.3676259517669678,0.0,120.9097900390625,25.0,0.0,0.0,0.001962782349437475,0.0025039208121597767,0.0048752715811133385,0.004588490352034569
CelebDFv3,/root/Datasets/CelebDFv3/CelebDFv3/FAKE/FaceReenact/DaGAN/id26_id33_0006.mp4,FaceReenact/DaGAN,id26,id33,0,0.10229295492172241,-0.10229295492172241,0.0,243.17881774902344,30.0,1.0,0.4375,0.006917078047990799,0.003575614420697093,0.007474059239029884,0.007474059239029884
CelebDFv3,/root/Datasets/CelebDFv3/CelebDFv3/FAKE/FaceReenact/FSRT/id31_id3_0000.mp4,FaceReenact/FSRT,id31,id3,0,-1.4249303340911865,1.4249303340911865,0.0,108.9408950805664,20.0,0.0,0.0,0.011514421552419662,0.015257585793733597,0.007010117173194885,0.007010117173194885
CelebDFv3,/root/Datasets/CelebDFv3/CelebDFv3/FAKE/FaceReenact/HyperReenact/id56_id57_0009.mp4,FaceReenact/HyperReenact,id56,id57,0,-2.374631881713867,2.374631881713867,0.0,120.1281509399414,25.0,0.0,0.0,0.00275752623565495,0.003120340872555971,0.004895677324384451,0.004895677324384451
CelebDFv3,/root/Datasets/CelebDFv3/CelebDFv3/FAKE/FaceReenact/LIA/id26_id6_0006.mp4,FaceReenact/LIA,id26,id6,0,-1.5517888069152832,1.5517888069152832,0.0,256.0738830566406,30.0,1.0,0.484375,0.008421117439866066,0.007777467370033264,0.015528781339526176,0.015528781339526176
CelebDFv3,/root/Datasets/CelebDFv3/CelebDFv3/FAKE/FaceReenact/LivePortrait/id56_id53_0006.mp4,FaceReenact/LivePortrait,id56,id53,0,-1.2683453559875488,1.2683453559875488,0.0,90.45037841796875,30.0,0.0,0.0,0.0016990101430565119,0.0019516433821991086,0.0011937798699364066,0.0021378151141107082
CelebDFv3,/root/Datasets/CelebDFv3/CelebDFv3/FAKE/FaceReenact/MCNET/id31_id28_0004.mp4,FaceReenact/MCNET,id31,id28,0,5.016916275024414,-5.016916275024414,0.0,154.06015014648438,30.0,0.0,0.0,0.007269354537129402,0.006363502703607082,0.0072303577326238155,0.0072303577326238155
CelebDFv3,/root/Datasets/CelebDFv3/CelebDFv3/FAKE/FaceReenact/TPSMM/id8_id1_0003.mp4,FaceReenact/TPSMM,id8,id1,0,-6.6702070236206055,6.6702070236206055,0.0,109.03233337402344,30.0,0.0,0.0,0.012858038768172264,0.005557132884860039,0.008146137930452824,0.008146137930452824
CelebDFv3,/root/Datasets/CelebDFv3/CelebDFv3/FAKE/FaceSwap/BlendFace/id51_id49_0005.mp4,FaceSwap/BlendFace,id51,id49,0,-1.8419342041015625,1.8419342041015625,0.0,137.6437530517578,30.0,0.0,0.0,0.008969401940703392,0.013092254288494587,0.00314793991856277,0.005637315101921558
CelebDFv3,/root/Datasets/CelebDFv3/CelebDFv3/FAKE/FaceSwap/Celeb-DF-v2/id26_id24_0001.mp4,FaceSwap/Celeb-DF-v2,id26,id24,0,1.5677162408828735,-1.5677162408828735,0.0,91.48308563232422,30.0,1.0,0.015625,0.014148452319204807,0.010350575670599937,0.0028957994654774666,0.005202623084187508
CelebDFv3,/root/Datasets/CelebDFv3/CelebDFv3/FAKE/FaceSwap/GHOST/id48_id43_0003.mp4,FaceSwap/GHOST,id48,id43,0,-1.3662137985229492,1.3662137985229492,0.0,93.62128448486328,30.0,1.0,0.09375,0.0058584632351994514,0.020504437386989594,0.00794729683548212,0.014191602356731892
CelebDFv3,/root/Datasets/CelebDFv3/CelebDFv3/FAKE/FaceSwap/HifiFace/id23_id20_0007.mp4,FaceSwap/HifiFace,id23,id20,0,-1.6225793361663818,1.6225793361663818,0.0,146.38970947265625,30.0,0.0,0.0,0.010546617209911346,0.03467546030879021,0.005456987768411636,0.009573249146342278
CelebDFv3,/root/Datasets/CelebDFv3/CelebDFv3/FAKE/FaceSwap/InSwapper/id23_id17_0006.mp4,FaceSwap/InSwapper,id23,id17,0,2.1613962650299072,-2.1613962650299072,0.0,132.97438049316406,30.0,0.0,0.0,0.006276422180235386,0.003482291242107749,0.0024649740662425756,0.003266090527176857
CelebDFv3,/root/Datasets/CelebDFv3/CelebDFv3/FAKE/FaceSwap/MobileFaceSwap/id23_id4_0009.mp4,FaceSwap/MobileFaceSwap,id23,id4,0,5.8612871170043945,-5.8612871170043945,0.0,108.00022888183594,30.0,0.0,0.0,0.004309152252972126,0.004455712623894215,0.003502734238281846,0.004637619946151972
CelebDFv3,/root/Datasets/CelebDFv3/CelebDFv3/FAKE/FaceSwap/SimSwap/id23_id1_0002.mp4,FaceSwap/SimSwap,id23,id1,0,0.6647900342941284,-0.6647900342941284,0.0,96.08872985839844,30.0,0.0,0.0,0.008578268811106682,0.011420012451708317,0.0038650163915008307,0.006869335658848286
CelebDFv3,/root/Datasets/CelebDFv3/CelebDFv3/FAKE/FaceSwap/UniFace/id31_id16_0002.mp4,FaceSwap/UniFace,id31,id16,0,3.263895273208618,-3.263895273208618,0.0,156.49562072753906,30.0,0.0,0.0,0.01627056859433651,0.031166525557637215,0.01303950510919094,0.02348215878009796
CelebDFv3,/root/Datasets/CelebDFv3/CelebDFv3/FAKE/TalkingFace/AniTalker/id11_0000_test_id04006__bENbO3pwL0.mp4,TalkingFace/AniTalker,id11,,0,2.5501246452331543,-2.5501246452331543,0.0,104.8104248046875,25.0,0.0,0.0,0.008464232087135315,0.00507142161950469,0.006645244546234608,0.006645244546234608
CelebDFv3,/root/Datasets/CelebDFv3/CelebDFv3/FAKE/TalkingFace/EDTalk/id31_0000_test_id03041_qyCz5uttaAA.mp4,TalkingFace/EDTalk,id31,,0,3.917177200317383,-3.917177200317383,0.0,116.84364318847656,25.0,0.0,0.0,0.011978081427514553,0.00881279818713665,0.005674246232956648,0.005674246232956648
CelebDFv3,/root/Datasets/CelebDFv3/CelebDFv3/FAKE/TalkingFace/EchoMimic/id26_0003_test_id02317_quWGoFFkGr0.mp4,TalkingFace/EchoMimic,id26,,0,3.24086856842041,-3.24086856842041,0.0,310.1178283691406,24.0,0.0,0.0,0.00854610837996006,0.006708682514727116,0.005794045515358448,0.005794045515358448
CelebDFv3,/root/Datasets/CelebDFv3/CelebDFv3/FAKE/TalkingFace/FLOAT/id8_0001_test_id01989_t3crub0ikyc.mp4,TalkingFace/FLOAT,id8,,0,-5.619691848754883,5.619691848754883,0.0,160.17941284179688,25.0,0.0,0.0,0.019134920090436935,0.013036374934017658,0.01363479532301426,0.01363479532301426
CelebDFv3,/root/Datasets/CelebDFv3/CelebDFv3/FAKE/TalkingFace/IP_LAP/id11_0006_test_id04862_i6aGUMQW5jA.mp4,TalkingFace/IP_LAP,id11,,0,2.841238260269165,-2.841238260269165,0.0,120.89773559570312,25.0,0.0,0.0,0.01454349234700203,0.009850319474935532,0.007064801640808582,0.007064801640808582
CelebDFv3,/root/Datasets/CelebDFv3/CelebDFv3/FAKE/TalkingFace/Real3DPortrait/id51_0009_test_id01106_q01vvmTSJ9I.mp4,TalkingFace/Real3DPortrait,id51,,0,2.671794891357422,-2.671794891357422,0.0,99.35108947753906,25.0,0.0,0.0,0.005288618616759777,0.006955374032258987,0.005821595434099436,0.005821595434099436
CelebDFv3,/root/Datasets/CelebDFv3/CelebDFv3/FAKE/TalkingFace/SadTalker/id11_0005_test_id04094_BNAe-NhgItg.mp4,TalkingFace/SadTalker,id11,,0,-2.38741135597229,2.38741135597229,0.0,133.5389862060547,25.0,0.0,0.0,0.0032199546694755554,0.006012771278619766,0.004969502333551645,0.004969502333551645
CelebDFv3,/root/Datasets/CelebDFv3/CelebDFv3/FAKE/FaceReenact/DaGAN/id31_id35_0007.mp4,FaceReenact/DaGAN,id31,id35,0,-1.3549264669418335,1.3549264669418335,0.0,273.1607666015625,30.0,1.0,0.015625,0.011192429810762405,0.016661278903484344,0.009474162012338638,0.009474162012338638
CelebDFv3,/root/Datasets/CelebDFv3/CelebDFv3/FAKE/FaceReenact/FSRT/id31_id16_0002.mp4,FaceReenact/FSRT,id31,id16,0,-0.2970696985721588,0.2970696985721588,0.0,111.1103515625,20.0,1.0,0.046875,0.024546347558498383,0.009743336588144302,0.01820443384349346,0.01820443384349346
CelebDFv3,/root/Datasets/CelebDFv3/CelebDFv3/FAKE/FaceReenact/HyperReenact/id51_id58_0004.mp4,FaceReenact/HyperReenact,id51,id58,0,-0.33410489559173584,0.33410489559173584,0.0,120.52943420410156,25.0,0.0,0.0,0.017558373510837555,0.0036525160539895296,0.009284316562116146,0.009284316562116146
CelebDFv3,/root/Datasets/CelebDFv3/CelebDFv3/FAKE/FaceReenact/LIA/id26_id22_0003.mp4,FaceReenact/LIA,id26,id22,0,2.381103038787842,-2.381103038787842,0.0,263.3652648925781,30.0,0.0,0.0,0.01890670135617256,0.00910433940589428,0.008436394855380058,0.008436394855380058
CelebDFv3,/root/Datasets/CelebDFv3/CelebDFv3/FAKE/FaceReenact/LivePortrait/id26_id21_0004.mp4,FaceReenact/LivePortrait,id26,id21,0,-2.7546639442443848,2.7546639442443848,0.0,95.59309387207031,30.0,0.0,0.0,0.010355186648666859,0.006561905145645142,0.004766368307173252,0.00856330618262291
CelebDFv3,/root/Datasets/CelebDFv3/CelebDFv3/FAKE/FaceReenact/MCNET/id48_id43_0003.mp4,FaceReenact/MCNET,id48,id43,0,-3.0804810523986816,3.0804810523986816,0.0,108.09747314453125,30.0,0.0,0.0,0.006484762765467167,0.009460685774683952,0.006236221641302109,0.006236221641302109
CelebDFv3,/root/Datasets/CelebDFv3/CelebDFv3/FAKE/FaceReenact/TPSMM/id31_id1_0001.mp4,FaceReenact/TPSMM,id31,id1,0,2.186954975128174,-2.186954975128174,0.0,127.80402374267578,30.0,1.0,0.125,0.012983760796487331,0.004789276979863644,0.0074282316491007805,0.0074282316491007805
CelebDFv3,/root/Datasets/CelebDFv3/CelebDFv3/FAKE/FaceSwap/BlendFace/id25_id28_0005.mp4,FaceSwap/BlendFace,id25,id28,0,0.6439297199249268,-0.6439297199249268,0.0,89.21128845214844,30.0,0.0,0.0,0.010586930438876152,0.003372575854882598,0.003857312723994255,0.005724251735955477
CelebDFv3,/root/Datasets/CelebDFv3/CelebDFv3/FAKE/FaceSwap/Celeb-DF-v2/id31_id20_0007.mp4,FaceSwap/Celeb-DF-v2,id31,id20,0,-13.572694778442383,13.572694778442383,0.0,327.3785095214844,30.0,0.0,0.0,0.010434758849442005,0.004221484065055847,0.00655196700245142,0.011799093335866928
CelebDFv3,/root/Datasets/CelebDFv3/CelebDFv3/FAKE/FaceSwap/GHOST/id23_id4_0004.mp4,FaceSwap/GHOST,id23,id4,0,0.3855738937854767,-0.3855738937854767,0.0,134.55490112304688,30.0,1.0,0.03125,0.016728216782212257,0.011863873340189457,0.009525109082460403,0.012839846312999725
CelebDFv3,/root/Datasets/CelebDFv3/CelebDFv3/FAKE/FaceSwap/HifiFace/id51_id53_0008.mp4,FaceSwap/HifiFace,id51,id53,0,-3.914900302886963,3.914900302886963,0.0,98.63985443115234,30.0,0.0,0.0,0.0046241614036262035,0.004186212085187435,0.0051931217312812805,0.009299816563725471
CelebDFv3,/root/Datasets/CelebDFv3/CelebDFv3/FAKE/FaceSwap/InSwapper/id31_id38_0000.mp4,FaceSwap/InSwapper,id31,id38,0,-2.6717236042022705,2.6717236042022705,0.0,114.31444549560547,30.0,0.0,0.0,0.0032057587523013353,0.006481643300503492,0.0027292766608297825,0.004915011115372181
CelebDFv3,/root/Datasets/CelebDFv3/CelebDFv3/FAKE/FaceSwap/MobileFaceSwap/id56_id49_0006.mp4,FaceSwap/MobileFaceSwap,id56,id49,0,0.30319130420684814,-0.30319130420684814,0.0,80.2145004272461,30.0,0.0,0.0,0.00794151145964861,0.005139512941241264,0.0023710255045443773,0.004246020223945379
CelebDFv3,/root/Datasets/CelebDFv3/CelebDFv3/FAKE/FaceSwap/SimSwap/id22_id28_0005.mp4,FaceSwap/SimSwap,id22,id28,0,-1.697833776473999,1.697833776473999,0.0,126.77107238769531,30.0,0.0,0.0,0.0027633989229798317,0.0020264824852347374,0.0015024052700027823,0.002670241054147482
CelebDFv3,/root/Datasets/CelebDFv3/CelebDFv3/FAKE/FaceSwap/UniFace/id31_id33_0009.mp4,FaceSwap/UniFace,id31,id33,0,-0.6880658864974976,0.6880658864974976,0.0,95.0364990234375,30.0,0.0,0.0,0.007542166858911514,0.00485044764354825,0.0021147234365344048,0.003808294888585806
CelebDFv3,/root/Datasets/CelebDFv3/CelebDFv3/FAKE/TalkingFace/AniTalker/id26_0001_test_id03524_T8R_BWJi2KI.mp4,TalkingFace/AniTalker,id26,,0,4.948863506317139,-4.948863506317139,0.0,162.79898071289062,25.0,0.0,0.0,0.004605232272297144,0.0037433833349496126,0.003888624720275402,0.003888624720275402
CelebDFv3,/root/Datasets/CelebDFv3/CelebDFv3/FAKE/TalkingFace/EDTalk/id11_0003_test_id07621_9YfVlYjHf9o.mp4,TalkingFace/EDTalk,id11,,0,0.6815478801727295,-0.6815478801727295,0.0,135.3997344970703,25.0,0.0,0.0,0.010622650384902954,0.008662770502269268,0.005780045874416828,0.005780045874416828
CelebDFv3,/root/Datasets/CelebDFv3/CelebDFv3/FAKE/TalkingFace/EchoMimic/id26_0001_test_id01041_VUK1CbfpTRM.mp4,TalkingFace/EchoMimic,id26,,0,4.29432487487793,-4.29432487487793,0.0,193.35609436035156,24.0,0.0,0.0,0.003006129991263151,0.006823481991887093,0.005328758154064417,0.005328758154064417
CelebDFv3,/root/Datasets/CelebDFv3/CelebDFv3/FAKE/TalkingFace/FLOAT/id54_0000_test_id08374_8V4tFXw2UxY.mp4,TalkingFace/FLOAT,id54,,0,-4.570300579071045,4.570300579071045,0.0,117.8500747680664,25.0,0.0,0.0,0.013954510912299156,0.013135603629052639,0.007494927849620581,0.007494927849620581
CelebDFv3,/root/Datasets/CelebDFv3/CelebDFv3/FAKE/TalkingFace/IP_LAP/id59_0006_test_id08696_rszCIqLKMBQ.mp4,TalkingFace/IP_LAP,id59,,0,6.61163854598999,-6.61163854598999,0.0,92.54175567626953,25.0,1.0,0.03125,0.03391364961862564,0.014221478253602982,0.0346977673470974,0.0346977673470974
CelebDFv3,/root/Datasets/CelebDFv3/CelebDFv3/FAKE/TalkingFace/Real3DPortrait/id25_0009_test_id06310_yv5n45E1Db0.mp4,TalkingFace/Real3DPortrait,id25,,0,-6.654416084289551,6.654416084289551,0.0,119.9237060546875,25.0,0.0,0.0,0.009123202413320541,0.00403225515037775,0.004873414523899555,0.004873414523899555
CelebDFv3,/root/Datasets/CelebDFv3/CelebDFv3/FAKE/TalkingFace/SadTalker/id22_0003_test_id02548_RoMUUfqkYF4.mp4,TalkingFace/SadTalker,id22,,0,0.3657866418361664,-0.3657866418361664,0.0,210.2947540283203,25.0,1.0,0.8125,0.0004346461209934205,0.001509393798187375,0.0006552369450218976,0.0006552369450218976
CelebDFv3,/root/Datasets/CelebDFv3/CelebDFv3/FAKE/FaceReenact/DaGAN/id31_id33_0001.mp4,FaceReenact/DaGAN,id31,id33,0,0.3855442404747009,-0.3855442404747009,0.0,121.24181365966797,30.0,1.0,0.21875,0.02743946947157383,0.024184785783290863,0.02297809161245823,0.02297809161245823
CelebDFv3,/root/Datasets/CelebDFv3/CelebDFv3/FAKE/FaceReenact/FSRT/id26_id32_0001.mp4,FaceReenact/FSRT,id26,id32,0,5.279289722442627,-5.279289722442627,0.0,103.00508117675781,20.0,1.0,0.015625,0.01834912970662117,0.011671436950564384,0.009425448253750801,0.009425448253750801
CelebDFv3,/root/Datasets/CelebDFv3/CelebDFv3/FAKE/FaceReenact/HyperReenact/id48_id47_0004.mp4,FaceReenact/HyperReenact,id48,id47,0,-2.022536516189575,2.022536516189575,0.0,146.19882202148438,25.0,0.0,0.0,0.0023387225810438395,0.002770230872556567,0.005242049694061279,0.005242049694061279
CelebDFv3,/root/Datasets/CelebDFv3/CelebDFv3/FAKE/FaceReenact/LIA/id26_id34_0006.mp4,FaceReenact/LIA,id26,id34,0,3.673797607421875,-3.673797607421875,0.0,236.01731872558594,30.0,1.0,0.15625,0.024240564554929733,0.015393806621432304,0.015565843321383,0.015565843321383
CelebDFv3,/root/Datasets/CelebDFv3/CelebDFv3/FAKE/FaceReenact/LivePortrait/id31_id37_0002.mp4,FaceReenact/LivePortrait,id31,id37,0,3.5170705318450928,-3.5170705318450928,0.0,189.2763214111328,30.0,0.0,0.0,0.004803729243576527,0.012026363983750343,0.009555578231811523,0.017208140343427658
CelebDFv3,/root/Datasets/CelebDFv3/CelebDFv3/FAKE/FaceReenact/MCNET/id48_id40_0001.mp4,FaceReenact/MCNET,id48,id40,0,-0.24071240425109863,0.24071240425109863,0.0,76.3195571899414,30.0,1.0,0.078125,0.016947254538536072,0.037148091942071915,0.01248119119554758,0.01248119119554758
CelebDFv3,/root/Datasets/CelebDFv3/CelebDFv3/FAKE/FaceReenact/TPSMM/id23_id29_0006.mp4,FaceReenact/TPSMM,id23,id29,0,8.813264846801758,-8.813264846801758,0.0,105.84222412109375,30.0,0.0,0.0,0.010088995099067688,0.008296231739223003,0.005221756640821695,0.005221756640821695
CelebDFv3,/root/Datasets/CelebDFv3/CelebDFv3/FAKE/FaceSwap/BlendFace/id48_id46_0007.mp4,FaceSwap/BlendFace,id48,id46,0,4.002797603607178,-4.002797603607178,0.0,108.46113586425781,30.0,0.0,0.0,0.0013130598235875368,0.0012858905829489231,0.0010465964442119002,0.0013731346698477864
CelebDFv3,/root/Datasets/CelebDFv3/CelebDFv3/FAKE/FaceSwap/Celeb-DF-v2/id23_id2_0007.mp4,FaceSwap/Celeb-DF-v2,id23,id2,0,-1.3195490837097168,1.3195490837097168,0.0,146.08212280273438,30.0,0.0,0.0,0.01069684512913227,0.043006591498851776,0.007279538549482822,0.012770570814609528
CelebDFv3,/root/Datasets/CelebDFv3/CelebDFv3/FAKE/FaceSwap/GHOST/id8_id1_0003.mp4,FaceSwap/GHOST,id8,id1,0,-4.333554744720459,4.333554744720459,0.0,122.79154968261719,30.0,0.0,0.0,0.002744392491877079,0.010512550361454487,0.0026737870648503304,0.005037415307015181
CelebDFv3,/root/Datasets/CelebDFv3/CelebDFv3/FAKE/FaceSwap/HifiFace/id56_id52_0008.mp4,FaceSwap/HifiFace,id56,id52,0,0.7768023014068604,-0.7768023014068604,0.0,96.43107604980469,30.0,1.0,0.015625,0.006687533110380173,0.003304731799289584,0.003022767137736082,0.0054131560027599335
CelebDFv3,/root/Datasets/CelebDFv3/CelebDFv3/FAKE/FaceSwap/InSwapper/id31_id26_0006.mp4,FaceSwap/InSwapper,id31,id26,0,-12.589481353759766,12.589481353759766,0.0,220.2969207763672,30.0,0.0,0.0,0.004910928197205067,0.010838848538696766,0.004035716876387596,0.007267709821462631
CelebDFv3,/root/Datasets/CelebDFv3/CelebDFv3/FAKE/FaceSwap/MobileFaceSwap/id51_id53_0006.mp4,FaceSwap/MobileFaceSwap,id51,id53,0,1.6543811559677124,-1.6543811559677124,0.0,130.73876953125,29.0,0.0,0.0,0.0025367452763020992,0.023696133866906166,0.003771723248064518,0.006754383444786072
CelebDFv3,/root/Datasets/CelebDFv3/CelebDFv3/FAKE/FaceSwap/SimSwap/id48_id40_0007.mp4,FaceSwap/SimSwap,id48,id40,0,2.325493574142456,-2.325493574142456,0.0,101.08580780029297,30.0,0.0,0.0,0.0014545817393809557,0.0014739962061867118,0.0016091972356662154,0.0021112668327987194
CelebDFv3,/root/Datasets/CelebDFv3/CelebDFv3/FAKE/FaceSwap/UniFace/id26_id23_0002.mp4,FaceSwap/UniFace,id26,id23,0,0.9110690951347351,-0.9110690951347351,0.0,88.54391479492188,30.0,0.0,0.0,0.006647866684943438,0.01722392439842224,0.002948012435808778,0.0052964286878705025
CelebDFv3,/root/Datasets/CelebDFv3/CelebDFv3/FAKE/TalkingFace/AniTalker/id51_0005_test_id04862_i6aGUMQW5jA.mp4,TalkingFace/AniTalker,id51,,0,0.6659042239189148,-0.6659042239189148,0.0,153.17083740234375,25.0,0.0,0.0,0.0055748396553099155,0.0061553469859063625,0.006053322460502386,0.006053322460502386
CelebDFv3,/root/Datasets/CelebDFv3/CelebDFv3/FAKE/TalkingFace/EDTalk/id59_0008_test_id06104_I5L50wxtK8Q.mp4,TalkingFace/EDTalk,id59,,0,1.2349106073379517,-1.2349106073379517,0.0,106.76945495605469,25.0,0.0,0.0,0.012652209959924221,0.013252947479486465,0.0056072017177939415,0.0056072017177939415
CelebDFv3,/root/Datasets/CelebDFv3/CelebDFv3/FAKE/TalkingFace/EchoMimic/id26_0000_test_id03862_KIZ12swYhdI.mp4,TalkingFace/EchoMimic,id26,,0,4.985031604766846,-4.985031604766846,0.0,148.4023895263672,24.0,0.0,0.0,0.004263413604348898,0.008008170872926712,0.0049111973494291306,0.0049111973494291306
CelebDFv3,/root/Datasets/CelebDFv3/CelebDFv3/FAKE/TalkingFace/FLOAT/id59_0007_test_id02317_5moKZXlJTEs.mp4,TalkingFace/FLOAT,id59,,0,-4.027719974517822,4.027719974517822,0.0,106.64264678955078,25.0,0.0,0.0,0.010598164983093739,0.010231632739305496,0.007244640029966831,0.007244640029966831
CelebDFv3,/root/Datasets/CelebDFv3/CelebDFv3/FAKE/TalkingFace/IP_LAP/id25_0001_test_id00866_4wuP1StGqIA.mp4,TalkingFace/IP_LAP,id25,,0,3.258579730987549,-3.258579730987549,0.0,150.91558837890625,25.0,0.0,0.0,0.009258709847927094,0.0052813016809523106,0.011965912766754627,0.011965912766754627
CelebDFv3,/root/Datasets/CelebDFv3/CelebDFv3/FAKE/TalkingFace/Real3DPortrait/id51_0005_test_id04478_c0nsCu5jxLk.mp4,TalkingFace/Real3DPortrait,id51,,0,-5.425146102905273,5.425146102905273,0.0,155.47547912597656,25.0,0.0,0.0,0.010956845246255398,0.005391017068177462,0.007979899644851685,0.007979899644851685
CelebDFv3,/root/Datasets/CelebDFv3/CelebDFv3/FAKE/TalkingFace/SadTalker/id25_0009_test_id02465_mzyWUVgjQn0.mp4,TalkingFace/SadTalker,id25,,0,-3.708829402923584,3.708829402923584,0.0,118.24626159667969,25.0,0.0,0.0,0.0029417979530990124,0.0038977586664259434,0.005949461366981268,0.005949461366981268
CelebDFv3,/root/Datasets/CelebDFv3/CelebDFv3/FAKE/FaceReenact/DaGAN/id31_id30_0005.mp4,FaceReenact/DaGAN,id31,id30,0,-0.7607981562614441,0.7607981562614441,0.0,121.5024642944336,30.0,0.0,0.0,0.009552272967994213,0.004248591605573893,0.006350347772240639,0.006350347772240639
CelebDFv3,/root/Datasets/CelebDFv3/CelebDFv3/FAKE/FaceReenact/FSRT/id26_id2_0005.mp4,FaceReenact/FSRT,id26,id2,0,-0.5415160059928894,0.5415160059928894,0.0,284.5089111328125,20.0,0.0,0.0,0.005477882921695709,0.0052518704906105995,0.0064273071475327015,0.0064273071475327015
CelebDFv3,/root/Datasets/CelebDFv3/CelebDFv3/FAKE/FaceReenact/HyperReenact/id26_id28_0004.mp4,FaceReenact/HyperReenact,id26,id28,0,-2.2292418479919434,2.2292418479919434,0.0,111.90032196044922,25.0,0.0,0.0,0.002619511215016246,0.0016172556206583977,0.004810639191418886,0.004810639191418886
CelebDFv3,/root/Datasets/CelebDFv3/CelebDFv3/FAKE/FaceReenact/LIA/id23_id3_0002.mp4,FaceReenact/LIA,id23,id3,0,-0.8414483070373535,0.8414483070373535,0.0,108.83794403076172,30.0,1.0,0.109375,0.01978195831179619,0.009841828607022762,0.015010470524430275,0.015010470524430275
CelebDFv3,/root/Datasets/CelebDFv3/CelebDFv3/FAKE/FaceReenact/LivePortrait/id59_id60_0007.mp4,FaceReenact/LivePortrait,id59,id60,0,-4.498481273651123,4.498481273651123,0.0,105.61576843261719,30.0,0.0,0.0,0.007675491739064455,0.0032893007155507803,0.003477111691609025,0.006226793862879276
CelebDFv3,/root/Datasets/CelebDFv3/CelebDFv3/FAKE/FaceReenact/MCNET/id56_id55_0003.mp4,FaceReenact/MCNET,id56,id55,0,-0.3054984509944916,0.3054984509944916,0.0,70.6712646484375,30.0,1.0,0.15625,0.014087602496147156,0.01152136642485857,0.008196994662284851,0.008196994662284851
CelebDFv3,/root/Datasets/CelebDFv3/CelebDFv3/FAKE/FaceReenact/TPSMM/id26_id33_0001.mp4,FaceReenact/TPSMM,id26,id33,0,1.2666096687316895,-1.2666096687316895,0.0,115.12337493896484,30.0,1.0,0.265625,0.022562354803085327,0.018348678946495056,0.019250735640525818,0.019250735640525818
CelebDFv3,/root/Datasets/CelebDFv3/CelebDFv3/FAKE/FaceSwap/BlendFace/id48_id42_0001.mp4,FaceSwap/BlendFace,id48,id42,0,-2.2402286529541016,2.2402286529541016,0.0,92.404541015625,30.0,0.0,0.0,0.004729750100523233,0.005742622073739767,0.0020207087509334087,0.0036084086168557405
CelebDFv3,/root/Datasets/CelebDFv3/CelebDFv3/FAKE/FaceSwap/Celeb-DF-v2/id23_id34_0002.mp4,FaceSwap/Celeb-DF-v2,id23,id34,0,-2.840351104736328,2.840351104736328,0.0,98.92871856689453,30.0,0.0,0.0,0.0091238496825099,0.011463789269328117,0.0034508993849158287,0.006133320741355419
CelebDFv3,/root/Datasets/CelebDFv3/CelebDFv3/FAKE/FaceSwap/GHOST/id23_id22_0002.mp4,FaceSwap/GHOST,id23,id22,0,-3.110806941986084,3.110806941986084,0.0,99.04568481445312,30.0,0.0,0.0,0.009212378412485123,0.010832248255610466,0.0036371254827827215,0.006464303005486727
CelebDFv3,/root/Datasets/CelebDFv3/CelebDFv3/FAKE/FaceSwap/HifiFace/id48_id47_0004.mp4,FaceSwap/HifiFace,id48,id47,0,1.2428996562957764,-1.2428996562957764,0.0,126.16768646240234,30.0,0.0,0.0,0.004834374878555536,0.002732735127210617,0.00446354178711772,0.007970611564815044
CelebDFv3,/root/Datasets/CelebDFv3/CelebDFv3/FAKE/FaceSwap/InSwapper/id22_id20_0002.mp4,FaceSwap/InSwapper,id22,id20,0,-0.6067322492599487,0.6067322492599487,0.0,108.10638427734375,30.0,0.0,0.0,0.0059362733736634254,0.009759852662682533,0.00413885060697794,0.007356023881584406
CelebDFv3,/root/Datasets/CelebDFv3/CelebDFv3/FAKE/FaceSwap/MobileFaceSwap/id31_id16_0002.mp4,FaceSwap/MobileFaceSwap,id31,id16,0,4.129138469696045,-4.129138469696045,0.0,151.3651885986328,30.0,0.0,0.0,0.019801205024123192,0.04068577662110329,0.014874553307890892,0.0267868023365736
CelebDFv3,/root/Datasets/CelebDFv3/CelebDFv3/FAKE/FaceSwap/SimSwap/id26_id17_0000.mp4,FaceSwap/SimSwap,id26,id17,0,2.7335710525512695,-2.7335710525512695,0.0,160.44174194335938,30.0,0.0,0.0,0.0019040703773498535,0.0013299370184540749,0.001964399591088295,0.0035292604006826878
CelebDFv3,/root/Datasets/CelebDFv3/CelebDFv3/FAKE/FaceSwap/UniFace/id51_id50_0008.mp4,FaceSwap/UniFace,id51,id50,0,-6.07187557220459,6.07187557220459,0.0,99.53569793701172,30.0,0.0,0.0,0.0038279846776276827,0.004332543350756168,0.005328421015292406,0.009542110376060009
CelebDFv3,/root/Datasets/CelebDFv3/CelebDFv3/FAKE/TalkingFace/AniTalker/id25_0010_test_id08552_xOecUNBV_Q0.mp4,TalkingFace/AniTalker,id25,,0,4.486753463745117,-4.486753463745117,0.0,196.9324951171875,25.0,0.0,0.0,0.006149612367153168,0.0034478199668228626,0.005088710691779852,0.005088710691779852
CelebDFv3,/root/Datasets/CelebDFv3/CelebDFv3/FAKE/TalkingFace/EDTalk/id59_0003_test_id01066_0n-7JunX4kg.mp4,TalkingFace/EDTalk,id59,,0,2.6539008617401123,-2.6539008617401123,0.0,234.45819091796875,25.0,0.0,0.0,0.013411727733910084,0.011152726598083973,0.006393790245056152,0.006393790245056152
CelebDFv3,/root/Datasets/CelebDFv3/CelebDFv3/FAKE/TalkingFace/EchoMimic/id48_0009_test_id01509_BOCzIO28WqA.mp4,TalkingFace/EchoMimic,id48,,0,-0.7712300419807434,0.7712300419807434,0.0,121.94683074951172,24.0,0.0,0.0,0.011958147399127483,0.010916771367192268,0.007284414954483509,0.007284414954483509
CelebDFv3,/root/Datasets/CelebDFv3/CelebDFv3/FAKE/TalkingFace/FLOAT/id51_0000_test_id07802_MtoFAMWjUxM.mp4,TalkingFace/FLOAT,id51,,0,-1.2567765712738037,1.2567765712738037,0.0,109.04562377929688,25.0,0.0,0.0,0.026921015232801437,0.010737518779933453,0.008521398529410362,0.008521398529410362
CelebDFv3,/root/Datasets/CelebDFv3/CelebDFv3/FAKE/TalkingFace/IP_LAP/id25_0002_test_id07620_fx5jKGlv9Ek.mp4,TalkingFace/IP_LAP,id25,,0,2.6850690841674805,-2.6850690841674805,0.0,73.3712158203125,25.0,0.0,0.0,0.022693611681461334,0.021482890471816063,0.007949301041662693,0.007949301041662693
CelebDFv3,/root/Datasets/CelebDFv3/CelebDFv3/FAKE/TalkingFace/Real3DPortrait/id31_0007_test_id03978_ywSqMWAhPPY.mp4,TalkingFace/Real3DPortrait,id31,,0,-2.978687286376953,2.978687286376953,0.0,299.74615478515625,25.0,1.0,0.03125,0.06659850478172302,0.016354698687791824,0.07203634828329086,0.07203634828329086
CelebDFv3,/root/Datasets/CelebDFv3/CelebDFv3/FAKE/TalkingFace/SadTalker/id48_0003_test_id01228_wQ0cqLka-oQ.mp4,TalkingFace/SadTalker,id48,,0,-6.09257173538208,6.09257173538208,0.0,121.41834259033203,25.0,0.0,0.0,0.0015188357792794704,0.003920090384781361,0.003631243947893381,0.003631243947893381
CelebDFv3,/root/Datasets/CelebDFv3/CelebDFv3/FAKE/FaceReenact/DaGAN/id51_id50_0008.mp4,FaceReenact/DaGAN,id51,id50,0,-3.181687831878662,3.181687831878662,0.0,97.1915512084961,30.0,1.0,0.09375,0.013136247172951698,0.007276354823261499,0.01679396815598011,0.01679396815598011
CelebDFv3,/root/Datasets/CelebDFv3/CelebDFv3/FAKE/FaceReenact/FSRT/id26_id6_0002.mp4,FaceReenact/FSRT,id26,id6,0,2.603670120239258,-2.603670120239258,0.0,99.07238006591797,20.0,0.0,0.0,0.007988019846379757,0.002589038573205471,0.0039886655285954475,0.0039886655285954475
CelebDFv3,/root/Datasets/CelebDFv3/CelebDFv3/FAKE/FaceReenact/HyperReenact/id23_id28_0001.mp4,FaceReenact/HyperReenact,id23,id28,0,-0.5574570894241333,0.5574570894241333,0.0,113.79460144042969,25.0,0.0,0.0,0.0025990894064307213,0.003337988629937172,0.004657777026295662,0.004657777026295662
CelebDFv3,/root/Datasets/CelebDFv3/CelebDFv3/FAKE/FaceReenact/LIA/id26_id30_0002.mp4,FaceReenact/LIA,id26,id30,0,4.054102897644043,-4.054102897644043,0.0,83.20326232910156,30.0,0.0,0.0,0.014471115544438362,0.005687445402145386,0.007841124199330807,0.007841124199330807
CelebDFv3,/root/Datasets/CelebDFv3/CelebDFv3/FAKE/FaceReenact/LivePortrait/id31_id4_0007.mp4,FaceReenact/LivePortrait,id31,id4,0,-6.965705871582031,6.965705871582031,0.0,319.1424560546875,30.0,0.0,0.0,0.025239745154976845,0.008705474436283112,0.013822834938764572,0.024892814457416534
CelebDFv3,/root/Datasets/CelebDFv3/CelebDFv3/FAKE/FaceReenact/MCNET/id56_id49_0003.mp4,FaceReenact/MCNET,id56,id49,0,-0.8478264808654785,0.8478264808654785,0.0,94.183837890625,30.0,0.0,0.0,0.006415814161300659,0.004980121273547411,0.005149641074240208,0.005149641074240208
CelebDFv3,/root/Datasets/CelebDFv3/CelebDFv3/FAKE/FaceReenact/TPSMM/id48_id43_0001.mp4,FaceReenact/TPSMM,id48,id43,0,-1.8355897665023804,1.8355897665023804,0.0,101.32740020751953,30.0,0.0,0.0,0.017364075407385826,0.0038915658369660378,0.009644465520977974,0.009644465520977974
CelebDFv3,/root/Datasets/CelebDFv3/CelebDFv3/FAKE/FaceSwap/BlendFace/id31_id35_0000.mp4,FaceSwap/BlendFace,id31,id35,0,-1.6454747915267944,1.6454747915267944,0.0,125.21284484863281,30.0,0.0,0.0,0.003214983269572258,0.006829073652625084,0.003537192940711975,0.006369945593178272
CelebDFv3,/root/Datasets/CelebDFv3/CelebDFv3/FAKE/FaceSwap/Celeb-DF-v2/id22_id24_0002.mp4,FaceSwap/Celeb-DF-v2,id22,id24,0,-0.7018529176712036,0.7018529176712036,0.0,103.60999298095703,30.0,0.0,0.0,0.005991013720631599,0.009750978089869022,0.0036455183289945126,0.006479219067841768
CelebDFv3,/root/Datasets/CelebDFv3/CelebDFv3/FAKE/FaceSwap/GHOST/id54_id49_0008.mp4,FaceSwap/GHOST,id54,id49,0,-4.548781394958496,4.548781394958496,0.0,118.93599700927734,30.0,0.0,0.0,0.0021654162555933,0.003429990727454424,0.0018444268498569727,0.003302990458905697
CelebDFv3,/root/Datasets/CelebDFv3/CelebDFv3/FAKE/FaceSwap/HifiFace/id23_id1_0003.mp4,FaceSwap/HifiFace,id23,id1,0,-4.375348091125488,4.375348091125488,0.0,105.00483703613281,30.0,0.0,0.0,0.003812876995652914,0.002817742060869932,0.0017006456619128585,0.0030225757509469986
CelebDFv3,/root/Datasets/CelebDFv3/CelebDFv3/FAKE/FaceSwap/InSwapper/id22_id23_0001.mp4,FaceSwap/InSwapper,id22,id23,0,0.2871232032775879,-0.2871232032775879,0.0,102.48322296142578,30.0,0.0,0.0,0.011893516406416893,0.02211211808025837,0.014184913598001003,0.025211000815033913
CelebDFv3,/root/Datasets/CelebDFv3/CelebDFv3/FAKE/FaceSwap/MobileFaceSwap/id26_id35_0002.mp4,FaceSwap/MobileFaceSwap,id26,id35,0,3.71126651763916,-3.71126651763916,0.0,83.91915893554688,30.0,1.0,0.03125,0.007372703403234482,0.02162322960793972,0.012849551625549793,0.023085635155439377
CelebDFv3,/root/Datasets/CelebDFv3/CelebDFv3/FAKE/FaceSwap/SimSwap/id23_id17_0006.mp4,FaceSwap/SimSwap,id23,id17,0,2.7833681106567383,-2.7833681106567383,0.0,130.57496643066406,30.0,0.0,0.0,0.006645291578024626,0.0038487541023641825,0.001823179773055017,0.002415713155642152
CelebDFv3,/root/Datasets/CelebDFv3/CelebDFv3/FAKE/FaceSwap/UniFace/id31_id37_0007.mp4,FaceSwap/UniFace,id31,id37,0,-12.397981643676758,12.397981643676758,0.0,314.276611328125,30.0,0.0,0.0,0.016932018101215363,0.0038711801171302795,0.006973033305257559,0.012557369656860828
CelebDFv3,/root/Datasets/CelebDFv3/CelebDFv3/FAKE/TalkingFace/AniTalker/id51_0002_test_id01593_tLFWX-IdAwI.mp4,TalkingFace/AniTalker,id51,,0,-2.5698094367980957,2.5698094367980957,0.0,110.02745819091797,25.0,0.0,0.0,0.009389716200530529,0.0066261268220841885,0.005460943561047316,0.005460943561047316
CelebDFv3,/root/Datasets/CelebDFv3/CelebDFv3/FAKE/TalkingFace/EDTalk/id11_0006_test_id04030_UAQYdNL40Ug.mp4,TalkingFace/EDTalk,id11,,0,-1.0919005870819092,1.0919005870819092,0.0,123.77727508544922,25.0,0.0,0.0,0.010541395284235477,0.008817944675683975,0.005858772434294224,0.005858772434294224
CelebDFv3,/root/Datasets/CelebDFv3/CelebDFv3/FAKE/TalkingFace/EchoMimic/id26_0002_test_id03030_wcPmp1C6XeU.mp4,TalkingFace/EchoMimic,id26,,0,3.027282476425171,-3.027282476425171,0.0,109.67070770263672,24.0,0.0,0.0,0.010423175990581512,0.009109467267990112,0.010401073843240738,0.010401073843240738
CelebDFv3,/root/Datasets/CelebDFv3/CelebDFv3/FAKE/TalkingFace/FLOAT/id25_0003_test_id02576_5O2ih1vInAE.mp4,TalkingFace/FLOAT,id25,,0,1.1355326175689697,-1.1355326175689697,0.0,181.07888793945312,25.0,0.0,0.0,0.008777212351560593,0.004363671410828829,0.007038168143481016,0.007038168143481016
CelebDFv3,/root/Datasets/CelebDFv3/CelebDFv3/FAKE/TalkingFace/IP_LAP/id11_0008_test_id03030_jSaAmd-y53U.mp4,TalkingFace/IP_LAP,id11,,0,2.636570930480957,-2.636570930480957,0.0,100.2671890258789,25.0,0.0,0.0,0.009997950866818428,0.01023055613040924,0.008335646241903305,0.008335646241903305
CelebDFv3,/root/Datasets/CelebDFv3/CelebDFv3/FAKE/TalkingFace/Real3DPortrait/id31_0003_test_id01333_gujKn7v2CJg.mp4,TalkingFace/Real3DPortrait,id31,,0,-1.5296630859375,1.5296630859375,0.0,132.2196502685547,25.0,0.0,0.0,0.011367308907210827,0.004922972526401281,0.005763185676187277,0.005763185676187277
CelebDFv3,/root/Datasets/CelebDFv3/CelebDFv3/FAKE/TalkingFace/SadTalker/id59_0004_test_id05015_0SsJwWGC0c4.mp4,TalkingFace/SadTalker,id59,,0,-7.555398941040039,7.555398941040039,0.0,378.14837646484375,25.0,0.0,0.0,0.0016478695906698704,0.003344948636367917,0.008795222267508507,0.008795222267508507
CelebDFv3,/root/Datasets/CelebDFv3/CelebDFv3/FAKE/FaceReenact/DaGAN/id48_id42_0001.mp4,FaceReenact/DaGAN,id48,id42,0,-3.3831820487976074,3.3831820487976074,0.0,105.59542846679688,30.0,0.0,0.0,0.006893294397741556,0.0024927835911512375,0.005135962273925543,0.005135962273925543
CelebDFv3,/root/Datasets/CelebDFv3/CelebDFv3/FAKE/FaceReenact/FSRT/id26_id30_0002.mp4,FaceReenact/FSRT,id26,id30,0,3.2388408184051514,-3.2388408184051514,0.0,98.17076873779297,20.0,0.0,0.0,0.013327173888683319,0.005383347626775503,0.00708370003849268,0.00708370003849268
CelebDFv3,/root/Datasets/CelebDFv3/CelebDFv3/FAKE/FaceReenact/HyperReenact/id8_id5_0008.mp4,FaceReenact/HyperReenact,id8,id5,0,0.6047521829605103,-0.6047521829605103,0.0,156.39498901367188,25.0,0.0,0.0,0.004628718830645084,0.0038439962081611156,0.004992242436856031,0.004992242436856031
CelebDFv3,/root/Datasets/CelebDFv3/CelebDFv3/FAKE/FaceReenact/LIA/id22_id23_0001.mp4,FaceReenact/LIA,id22,id23,0,0.8661384582519531,-0.8661384582519531,0.0,130.25390625,30.0,0.0,0.0,0.00828079879283905,0.007465791888535023,0.007527120877057314,0.007527120877057314
CelebDFv3,/root/Datasets/CelebDFv3/CelebDFv3/FAKE/FaceReenact/LivePortrait/id54_id53_0008.mp4,FaceReenact/LivePortrait,id54,id53,0,-1.8190890550613403,1.8190890550613403,0.0,125.13629913330078,30.0,0.0,0.0,0.001276686554774642,0.002296092454344034,0.0021477374248206615,0.0038461575750261545
CelebDFv3,/root/Datasets/CelebDFv3/CelebDFv3/FAKE/FaceReenact/MCNET/id48_id41_0006.mp4,FaceReenact/MCNET,id48,id41,0,4.19473934173584,-4.19473934173584,0.0,103.23869323730469,30.0,1.0,0.15625,0.0039389608427882195,0.0020745068322867155,0.007356530055403709,0.007356530055403709
CelebDFv3,/root/Datasets/CelebDFv3/CelebDFv3/FAKE/FaceReenact/TPSMM/id31_id33_0000.mp4,FaceReenact/TPSMM,id31,id33,0,-2.3351783752441406,2.3351783752441406,0.0,95.17633819580078,30.0,1.0,0.015625,0.020805375650525093,0.014232208952307701,0.012012790888547897,0.012012790888547897
CelebDFv3,/root/Datasets/CelebDFv3/CelebDFv3/FAKE/FaceSwap/BlendFace/id25_id21_0002.mp4,FaceSwap/BlendFace,id25,id21,0,0.36194130778312683,-0.36194130778312683,0.0,88.03321838378906,30.0,0.0,0.0,0.00559480395168066,0.005170131102204323,0.002503075171262026,0.004507656674832106
CelebDFv3,/root/Datasets/CelebDFv3/CelebDFv3/FAKE/FaceSwap/Celeb-DF-v2/id26_id22_0001.mp4,FaceSwap/Celeb-DF-v2,id26,id22,0,0.12277072668075562,-0.12277072668075562,0.0,95.98461151123047,30.0,1.0,0.015625,0.014177050441503525,0.01046060398221016,0.003068380057811737,0.005512682721018791
CelebDFv3,/root/Datasets/CelebDFv3/CelebDFv3/FAKE/FaceSwap/GHOST/id25_id23_0000.mp4,FaceSwap/GHOST,id25,id23,0,-2.31093168258667,2.31093168258667,0.0,138.4870147705078,30.0,0.0,0.0,0.01088433526456356,0.008083462715148926,0.004444643389433622,0.008004124276340008
CelebDFv3,/root/Datasets/CelebDFv3/CelebDFv3/FAKE/FaceSwap/HifiFace/id51_id58_0000.mp4,FaceSwap/HifiFace,id51,id58,0,-0.6534528732299805,0.6534528732299805,0.0,93.11869049072266,30.0,0.0,0.0,0.006317129358649254,0.004620551131665707,0.0049289497546851635,0.008826738223433495
CelebDFv3,/root/Datasets/CelebDFv3/CelebDFv3/FAKE/FaceSwap/InSwapper/id11_id7_0009.mp4,FaceSwap/InSwapper,id11,id7,0,-5.865034103393555,5.865034103393555,0.0,107.03944396972656,30.0,0.0,0.0,0.0021550776436924934,0.0028916015289723873,0.0008869460434652865,0.0016851973487064242
CelebDFv3,/root/Datasets/CelebDFv3/CelebDFv3/FAKE/FaceSwap/MobileFaceSwap/id56_id52_0009.mp4,FaceSwap/MobileFaceSwap,id56,id52,0,2.4002737998962402,-2.4002737998962402,0.0,122.19576263427734,30.0,0.0,0.0,0.012710249051451683,0.002056156750768423,0.001752417883835733,0.0031382208690047264
CelebDFv3,/root/Datasets/CelebDFv3/CelebDFv3/FAKE/FaceSwap/SimSwap/id56_id49_0006.mp4,FaceSwap/SimSwap,id56,id49,0,-1.0834627151489258,1.0834627151489258,0.0,89.22811126708984,30.0,0.0,0.0,0.011215043254196644,0.004813154693692923,0.0022857615258544683,0.004093330353498459
CelebDFv3,/root/Datasets/CelebDFv3/CelebDFv3/FAKE/FaceSwap/UniFace/id59_id60_0000.mp4,FaceSwap/UniFace,id59,id60,0,-3.9069316387176514,3.9069316387176514,0.0,86.13424682617188,30.0,1.0,0.015625,0.012185699306428432,0.01765146106481552,0.00602747593075037,0.010793972760438919
CelebDFv3,/root/Datasets/CelebDFv3/CelebDFv3/FAKE/TalkingFace/AniTalker/id8_0008_test_id01000_xjC2r6OXgBo.mp4,TalkingFace/AniTalker,id8,,0,-4.677637100219727,4.677637100219727,0.0,152.198486328125,25.0,0.0,0.0,0.004951733164489269,0.0034055665601044893,0.0034089279361069202,0.0034089279361069202
CelebDFv3,/root/Datasets/CelebDFv3/CelebDFv3/FAKE/TalkingFace/EDTalk/id25_0002_test_id03524_cxnnKLQYemo.mp4,TalkingFace/EDTalk,id25,,0,5.655340194702148,-5.655340194702148,0.0,108.27456665039062,25.0,0.0,0.0,0.014518155716359615,0.010536927729845047,0.005441255867481232,0.005441255867481232
CelebDFv3,/root/Datasets/CelebDFv3/CelebDFv3/FAKE/TalkingFace/EchoMimic/id31_0002_test_id00562_9LAZqHI80BY.mp4,TalkingFace/EchoMimic,id31,,0,-3.8234803676605225,3.8234803676605225,0.0,154.86341857910156,24.0,0.0,0.0,0.011866503395140171,0.006752746179699898,0.016481107100844383,0.016481107100844383
CelebDFv3,/root/Datasets/CelebDFv3/CelebDFv3/FAKE/TalkingFace/FLOAT/id11_0001_test_id04478_skNa9nGYlDU.mp4,TalkingFace/FLOAT,id11,,0,-1.8612895011901855,1.8612895011901855,0.0,122.80472564697266,25.0,0.0,0.0,0.01218617707490921,0.006842949893325567,0.0071287453174591064,0.0071287453174591064
CelebDFv3,/root/Datasets/CelebDFv3/CelebDFv3/FAKE/TalkingFace/IP_LAP/id51_0005_test_id01509_I6T7sh7T2lU.mp4,TalkingFace/IP_LAP,id51,,0,-3.7160086631774902,3.7160086631774902,0.0,139.75729370117188,25.0,0.0,0.0,0.020921066403388977,0.026430783793330193,0.008382811211049557,0.008382811211049557
CelebDFv3,/root/Datasets/CelebDFv3/CelebDFv3/FAKE/TalkingFace/Real3DPortrait/id56_0000_test_id05015_k_TJD7DmraQ.mp4,TalkingFace/Real3DPortrait,id56,,0,2.9190845489501953,-2.9190845489501953,0.0,108.6241455078125,25.0,1.0,0.09375,0.011774568818509579,0.00611983984708786,0.010091005824506283,0.010091005824506283
CelebDFv3,/root/Datasets/CelebDFv3/CelebDFv3/FAKE/TalkingFace/SadTalker/id51_0005_test_id04862_i6aGUMQW5jA.mp4,TalkingFace/SadTalker,id51,,0,-4.050751686096191,4.050751686096191,0.0,156.04026794433594,25.0,0.0,0.0,0.0024558305740356445,0.008279315195977688,0.006070797797292471,0.006070797797292471
CelebDFv3,/root/Datasets/CelebDFv3/CelebDFv3/FAKE/FaceReenact/DaGAN/id23_id0_0007.mp4,FaceReenact/DaGAN,id23,id0,0,6.475756645202637,-6.475756645202637,0.0,127.0333480834961,30.0,1.0,0.25,0.0037971241399645805,0.002527854638174176,0.004292692523449659,0.004292692523449659
CelebDFv3,/root/Datasets/CelebDFv3/CelebDFv3/FAKE/FaceReenact/FSRT/id25_id20_0003.mp4,FaceReenact/FSRT,id25,id20,0,3.452326774597168,-3.452326774597168,0.0,134.28225708007812,20.0,0.0,0.0,0.004777562338858843,0.012431856244802475,0.0076907360926270485,0.0076907360926270485
CelebDFv3,/root/Datasets/CelebDFv3/CelebDFv3/FAKE/FaceReenact/HyperReenact/id26_id29_0004.mp4,FaceReenact/HyperReenact,id26,id29,0,-1.0509904623031616,1.0509904623031616,0.0,97.48040008544922,25.0,1.0,0.015625,0.010128391906619072,0.005573951173573732,0.008660058490931988,0.008660058490931988
CelebDFv3,/root/Datasets/CelebDFv3/CelebDFv3/FAKE/FaceReenact/LIA/id26_id3_0006.mp4,FaceReenact/LIA,id26,id3,0,2.7635910511016846,-2.7635910511016846,0.0,233.06564331054688,30.0,0.0,0.0,0.013288351707160473,0.011233074590563774,0.008180107921361923,0.008180107921361923
CelebDFv3,/root/Datasets/CelebDFv3/CelebDFv3/FAKE/FaceReenact/LivePortrait/id23_id16_0009.mp4,FaceReenact/LivePortrait,id23,id16,0,-0.9101477861404419,0.9101477861404419,0.0,148.90524291992188,30.0,0.0,0.0,0.0040354966185987,0.004834459163248539,0.003432468045502901,0.004544587805867195
CelebDFv3,/root/Datasets/CelebDFv3/CelebDFv3/FAKE/FaceReenact/MCNET/id23_id20_0002.mp4,FaceReenact/MCNET,id23,id20,0,2.6809117794036865,-2.6809117794036865,0.0,75.31452941894531,30.0,1.0,0.671875,0.013977481983602047,0.003317520720884204,0.014033755287528038,0.014033755287528038
CelebDFv3,/root/Datasets/CelebDFv3/CelebDFv3/FAKE/FaceReenact/TPSMM/id26_id28_0004.mp4,FaceReenact/TPSMM,id26,id28,0,-0.8550187349319458,0.8550187349319458,0.0,104.16188049316406,30.0,0.0,0.0,0.007961082272231579,0.0065339659340679646,0.005770952440798283,0.005770952440798283
CelebDFv3,/root/Datasets/CelebDFv3/CelebDFv3/FAKE/FaceSwap/BlendFace/id31_id6_0006.mp4,FaceSwap/BlendFace,id31,id6,0,-7.531547546386719,7.531547546386719,0.0,203.36106872558594,30.0,0.0,0.0,0.004777280613780022,0.010702860541641712,0.0035091114696115255,0.00631937338039279
CelebDFv3,/root/Datasets/CelebDFv3/CelebDFv3/FAKE/FaceSwap/Celeb-DF-v2/id23_id30_0009.mp4,FaceSwap/Celeb-DF-v2,id23,id30,0,3.4680087566375732,-3.4680087566375732,0.0,107.6040267944336,30.0,0.0,0.0,0.004225604236125946,0.004696344956755638,0.0033049490302801132,0.0043757520616054535
CelebDFv3,/root/Datasets/CelebDFv3/CelebDFv3/FAKE/FaceSwap/GHOST/id54_id56_0008.mp4,FaceSwap/GHOST,id54,id56,0,-2.0339741706848145,2.0339741706848145,0.0,114.541748046875,30.0,0.0,0.0,0.0020226736087352037,0.0032891070004552603,0.001965033123269677,0.0035189716145396233
CelebDFv3,/root/Datasets/CelebDFv3/CelebDFv3/FAKE/FaceSwap/HifiFace/id31_id20_0008.mp4,FaceSwap/HifiFace,id31,id20,0,-0.594597578048706,0.594597578048706,0.0,111.43603515625,30.0,0.0,0.0,0.0036788671277463436,0.009645616635680199,0.0071155414916574955,0.012814003974199295
CelebDFv3,/root/Datasets/CelebDFv3/CelebDFv3/FAKE/FaceSwap/InSwapper/id25_id22_0002.mp4,FaceSwap/InSwapper,id25,id22,0,0.9533053636550903,-0.9533053636550903,0.0,85.34278106689453,30.0,0.0,0.0,0.00552856270223856,0.005152065772563219,0.0030797431245446205,0.005546147003769875
CelebDFv3,/root/Datasets/CelebDFv3/CelebDFv3/FAKE/FaceSwap/MobileFaceSwap/id56_id52_0008.mp4,FaceSwap/MobileFaceSwap,id56,id52,0,3.0882444381713867,-3.0882444381713867,0.0,97.96440124511719,30.0,0.0,0.0,0.0041951886378228664,0.003031244035810232,0.0018814359791576862,0.0033692659344524145
CelebDFv3,/root/Datasets/CelebDFv3/CelebDFv3/FAKE/FaceSwap/SimSwap/id22_id27_0005.mp4,FaceSwap/SimSwap,id22,id27,0,-0.4193260669708252,0.4193260669708252,0.0,126.37194061279297,30.0,0.0,0.0,0.0026235361583530903,0.002074213232845068,0.001762937754392624,0.003133288584649563
CelebDFv3,/root/Datasets/CelebDFv3/CelebDFv3/FAKE/FaceSwap/UniFace/id26_id37_0008.mp4,FaceSwap/UniFace,id26,id37,0,-2.0079147815704346,2.0079147815704346,0.0,126.84921264648438,30.0,0.0,0.0,0.006172184366732836,0.0049398187547922134,0.002801526105031371,0.005101468414068222
CelebDFv3,/root/Datasets/CelebDFv3/CelebDFv3/FAKE/TalkingFace/AniTalker/id11_0008_test_id03030_jSaAmd-y53U.mp4,TalkingFace/AniTalker,id11,,0,4.352839469909668,-4.352839469909668,0.0,105.99557495117188,25.0,0.0,0.0,0.0069869644939899445,0.008587878197431564,0.0059744976460933685,0.0059744976460933685
CelebDFv3,/root/Datasets/CelebDFv3/CelebDFv3/FAKE/TalkingFace/EDTalk/id25_0005_test_id06692_IwB3vu418E4.mp4,TalkingFace/EDTalk,id25,,0,1.6474690437316895,-1.6474690437316895,0.0,99.81046295166016,25.0,0.0,0.0,0.011579292826354504,0.009120533242821693,0.005199159495532513,0.005199159495532513
CelebDFv3,/root/Datasets/CelebDFv3/CelebDFv3/FAKE/TalkingFace/EchoMimic/id51_0007_test_id07663_Um4MKhndp_0.mp4,TalkingFace/EchoMimic,id51,,0,-5.407916069030762,5.407916069030762,0.0,159.8518524169922,24.0,0.0,0.0,0.004230750724673271,0.006699233315885067,0.005170030053704977,0.005170030053704977
CelebDFv3,/root/Datasets/CelebDFv3/CelebDFv3/FAKE/TalkingFace/FLOAT/id25_0010_test_id04862_4r-u7YAGLoA.mp4,TalkingFace/FLOAT,id25,,0,2.711402177810669,-2.711402177810669,0.0,173.1547088623047,25.0,0.0,0.0,0.010821053758263588,0.009373681619763374,0.008357284590601921,0.008357284590601921
CelebDFv3,/root/Datasets/CelebDFv3/CelebDFv3/FAKE/TalkingFace/IP_LAP/id31_0004_test_id04295_1fSjOItVYVg.mp4,TalkingFace/IP_LAP,id31,,0,5.027144432067871,-5.027144432067871,0.0,147.22430419921875,25.0,0.0,0.0,0.011192264966666698,0.005271981470286846,0.0070800259709358215,0.0070800259709358215
CelebDFv3,/root/Datasets/CelebDFv3/CelebDFv3/FAKE/TalkingFace/Real3DPortrait/id31_0001_test_id04862_Y0Gt6M5g3UM.mp4,TalkingFace/Real3DPortrait,id31,,0,2.928899049758911,-2.928899049758911,0.0,139.09304809570312,25.0,0.0,0.0,0.0155996885150671,0.004320277366787195,0.0052891988307237625,0.0052891988307237625
CelebDFv3,/root/Datasets/CelebDFv3/CelebDFv3/FAKE/TalkingFace/SadTalker/id25_0000_test_id06209_6oI-FJQS9V0.mp4,TalkingFace/SadTalker,id25,,0,-1.1198060512542725,1.1198060512542725,0.0,152.52008056640625,25.0,0.0,0.0,0.0026188530027866364,0.0069946707226336,0.007564706727862358,0.007564706727862358
CelebDFv3,/root/Datasets/CelebDFv3/CelebDFv3/FAKE/FaceReenact/DaGAN/id48_id46_0007.mp4,FaceReenact/DaGAN,id48,id46,0,1.3382190465927124,-1.3382190465927124,0.0,114.90330505371094,30.0,1.0,0.140625,0.007963545620441437,0.007658688351511955,0.00949134211987257,0.00949134211987257
CelebDFv3,/root/Datasets/CelebDFv3/CelebDFv3/FAKE/FaceReenact/FSRT/id31_id16_0007.mp4,FaceReenact/FSRT,id31,id16,0,-6.496683120727539,6.496683120727539,0.0,309.6645812988281,20.0,1.0,0.140625,0.018443161621689796,0.011636889539659023,0.0287404116243124,0.0287404116243124
CelebDFv3,/root/Datasets/CelebDFv3/CelebDFv3/FAKE/FaceReenact/HyperReenact/id23_id4_0009.mp4,FaceReenact/HyperReenact,id23,id4,0,0.8558909893035889,-0.8558909893035889,0.0,158.8754119873047,25.0,0.0,0.0,0.0038583395071327686,0.005454717203974724,0.008457890711724758,0.008457890711724758
CelebDFv3,/root/Datasets/CelebDFv3/CelebDFv3/FAKE/FaceReenact/LIA/id31_id21_0005.mp4,FaceReenact/LIA,id31,id21,0,1.1925235986709595,-1.1925235986709595,0.0,162.99400329589844,30.0,1.0,0.78125,0.002164106583222747,0.002700662240386009,0.0028031098190695047,0.0028031098190695047
CelebDFv3,/root/Datasets/CelebDFv3/CelebDFv3/FAKE/FaceReenact/LivePortrait/id23_id29_0002.mp4,FaceReenact/LivePortrait,id23,id29,0,-0.4189944267272949,0.4189944267272949,0.0,95.58547973632812,30.0,1.0,0.078125,0.03050520457327366,0.011188195087015629,0.0185241661965847,0.032923199236392975
CelebDFv3,/root/Datasets/CelebDFv3/CelebDFv3/FAKE/FaceReenact/MCNET/id23_id2_0007.mp4,FaceReenact/MCNET,id23,id2,0,5.3853888511657715,-5.3853888511657715,0.0,133.66053771972656,30.0,0.0,0.0,0.0072693792171776295,0.00621700519695878,0.004713803064078093,0.004713803064078093
CelebDFv3,/root/Datasets/CelebDFv3/CelebDFv3/FAKE/FaceReenact/TPSMM/id54_id55_0006.mp4,FaceReenact/TPSMM,id54,id55,0,-2.1572251319885254,2.1572251319885254,0.0,168.16200256347656,30.0,0.0,0.0,0.005979443900287151,0.003760482417419553,0.005233489442616701,0.005233489442616701
CelebDFv3,/root/Datasets/CelebDFv3/CelebDFv3/FAKE/FaceSwap/BlendFace/id23_id29_0007.mp4,FaceSwap/BlendFace,id23,id29,0,-1.886747121810913,1.886747121810913,0.0,157.09251403808594,30.0,0.0,0.0,0.0119961341843009,0.02267003059387207,0.004909079521894455,0.00861204881221056
CelebDFv3,/root/Datasets/CelebDFv3/CelebDFv3/FAKE/FaceSwap/Celeb-DF-v2/id26_id16_0001.mp4,FaceSwap/Celeb-DF-v2,id26,id16,0,-2.545186996459961,2.545186996459961,0.0,110.21194458007812,30.0,1.0,0.015625,0.014103436842560768,0.010352830402553082,0.003197351237758994,0.005744393449276686
CelebDFv3,/root/Datasets/CelebDFv3/CelebDFv3/FAKE/FaceSwap/GHOST/id31_id3_0005.mp4,FaceSwap/GHOST,id31,id3,0,1.1345008611679077,-1.1345008611679077,0.0,112.45088958740234,30.0,0.0,0.0,0.006400491110980511,0.0046030012890696526,0.003154371865093708,0.005680542904883623
CelebDFv3,/root/Datasets/CelebDFv3/CelebDFv3/FAKE/FaceSwap/HifiFace/id23_id0_0006.mp4,FaceSwap/HifiFace,id23,id0,0,2.198868989944458,-2.198868989944458,0.0,128.23611450195312,30.0,0.0,0.0,0.007659979164600372,0.003615782130509615,0.0029378049075603485,0.0038925912231206894
CelebDFv3,/root/Datasets/CelebDFv3/CelebDFv3/FAKE/FaceSwap/InSwapper/id26_id0_0001.mp4,FaceSwap/InSwapper,id26,id0,0,0.3658834397792816,-0.3658834397792816,0.0,106.4411392211914,30.0,1.0,0.015625,0.019708693027496338,0.0166961457580328,0.004493329208344221,0.00807276088744402
CelebDFv3,/root/Datasets/CelebDFv3/CelebDFv3/FAKE/FaceSwap/MobileFaceSwap/id26_id25_0004.mp4,FaceSwap/MobileFaceSwap,id26,id25,0,-3.4486870765686035,3.4486870765686035,0.0,105.67523956298828,30.0,0.0,0.0,0.003551639150828123,0.007795843295753002,0.002549482975155115,0.004580426961183548
CelebDFv3,/root/Datasets/CelebDFv3/CelebDFv3/FAKE/FaceSwap/SimSwap/id31_id37_0002.mp4,FaceSwap/SimSwap,id31,id37,0,2.5994086265563965,-2.5994086265563965,0.0,147.75697326660156,30.0,0.0,0.0,0.019724778831005096,0.03900351747870445,0.01571328192949295,0.028297223150730133
CelebDFv3,/root/Datasets/CelebDFv3/CelebDFv3/FAKE/FaceSwap/UniFace/id48_id44_0000.mp4,FaceSwap/UniFace,id48,id44,0,-8.408025741577148,8.408025741577148,0.0,163.9585418701172,30.0,0.0,0.0,0.0020997445099055767,0.0032175076194107533,0.0014959857799112797,0.0026714028790593147
CelebDFv3,/root/Datasets/CelebDFv3/CelebDFv3/FAKE/TalkingFace/AniTalker/id48_0003_test_id02542_gMKSu2wZpAA.mp4,TalkingFace/AniTalker,id48,,0,-4.087534427642822,4.087534427642822,0.0,119.04695129394531,25.0,0.0,0.0,0.004486107267439365,0.002732860390096903,0.0054084318690001965,0.0054084318690001965
CelebDFv3,/root/Datasets/CelebDFv3/CelebDFv3/FAKE/TalkingFace/EDTalk/id31_0003_test_id02542_cwgUjse_REU.mp4,TalkingFace/EDTalk,id31,,0,-5.067178249359131,5.067178249359131,0.0,137.63768005371094,25.0,0.0,0.0,0.015723755583167076,0.01040140725672245,0.012740273028612137,0.012740273028612137
CelebDFv3,/root/Datasets/CelebDFv3/CelebDFv3/FAKE/TalkingFace/EchoMimic/id54_0007_test_id05055_HU7kokWzb4M.mp4,TalkingFace/EchoMimic,id54,,0,0.40926527976989746,-0.40926527976989746,0.0,142.45216369628906,24.0,0.0,0.0,0.008795192465186119,0.010289272293448448,0.006374158896505833,0.006374158896505833
CelebDFv3,/root/Datasets/CelebDFv3/CelebDFv3/FAKE/TalkingFace/FLOAT/id51_0000_test_id03862__FGtg4jkcME.mp4,TalkingFace/FLOAT,id51,,0,-1.1596333980560303,1.1596333980560303,0.0,111.23846435546875,25.0,0.0,0.0,0.024902891367673874,0.015047144144773483,0.013436507433652878,0.013436507433652878
CelebDFv3,/root/Datasets/CelebDFv3/CelebDFv3/FAKE/TalkingFace/IP_LAP/id8_0003_test_id00081_jO5DSKhhcqQ.mp4,TalkingFace/IP_LAP,id8,,0,-1.8187446594238281,1.8187446594238281,0.0,120.8827133178711,25.0,0.0,0.0,0.018033666536211967,0.02187424525618553,0.010390848852694035,0.010390848852694035
CelebDFv3,/root/Datasets/CelebDFv3/CelebDFv3/FAKE/TalkingFace/Real3DPortrait/id54_0003_test_id02317_B_Tih3Eph2k.mp4,TalkingFace/Real3DPortrait,id54,,0,3.4154114723205566,-3.4154114723205566,0.0,163.87954711914062,25.0,0.0,0.0,0.01140282116830349,0.0040103476494550705,0.005827624350786209,0.005827624350786209
CelebDFv3,/root/Datasets/CelebDFv3/CelebDFv3/FAKE/TalkingFace/SadTalker/id59_0008_test_id08552_oBMdypJLT0M.mp4,TalkingFace/SadTalker,id59,,0,2.597499132156372,-2.597499132156372,0.0,117.35641479492188,25.0,0.0,0.0,0.0026816914323717356,0.0050594802014529705,0.006622585467994213,0.007064090576022863
CelebDFv3,/root/Datasets/CelebDFv3/CelebDFv3/FAKE/FaceReenact/DaGAN/id23_id24_0002.mp4,FaceReenact/DaGAN,id23,id24,0,0.33589234948158264,-0.33589234948158264,0.0,91.06735229492188,30.0,0.0,0.0,0.017610598355531693,0.0032959063537418842,0.012479477562010288,0.012479477562010288
CelebDFv3,/root/Datasets/CelebDFv3/CelebDFv3/FAKE/FaceReenact/FSRT/id26_id29_0008.mp4,FaceReenact/FSRT,id26,id29,0,0.7327176928520203,-0.7327176928520203,0.0,104.52476501464844,20.0,1.0,0.0625,0.023092253133654594,0.00905491691082716,0.025345373898744583,0.025345373898744583
CelebDFv3,/root/Datasets/CelebDFv3/CelebDFv3/FAKE/FaceReenact/HyperReenact/id54_id55_0006.mp4,FaceReenact/HyperReenact,id54,id55,0,-6.925348281860352,6.925348281860352,0.0,150.44435119628906,25.0,0.0,0.0,0.0020636646077036858,0.002724682679399848,0.00695289671421051,0.00695289671421051
CelebDFv3,/root/Datasets/CelebDFv3/CelebDFv3/FAKE/FaceReenact/LIA/id31_id29_0002.mp4,FaceReenact/LIA,id31,id29,0,0.10671103000640869,-0.10671103000640869,0.0,155.20579528808594,30.0,1.0,0.03125,0.02014634944498539,0.016054194420576096,0.025271952152252197,0.025271952152252197
CelebDFv3,/root/Datasets/CelebDFv3/CelebDFv3/FAKE/FaceReenact/LivePortrait/id26_id33_0001.mp4,FaceReenact/LivePortrait,id26,id33,0,3.4730618000030518,-3.4730618000030518,0.0,167.88755798339844,30.0,1.0,0.515625,0.0024812957271933556,0.0018715180922299623,0.0011142955627292395,0.002001954708248377
CelebDFv3,/root/Datasets/CelebDFv3/CelebDFv3/FAKE/FaceReenact/MCNET/id23_id16_0007.mp4,FaceReenact/MCNET,id23,id16,0,8.52730941772461,-8.52730941772461,0.0,163.69789123535156,30.0,0.0,0.0,0.004366134759038687,0.006627851165831089,0.005747741088271141,0.005747741088271141
CelebDFv3,/root/Datasets/CelebDFv3/CelebDFv3/FAKE/FaceReenact/TPSMM/id56_id57_0008.mp4,FaceReenact/TPSMM,id56,id57,0,3.110698938369751,-3.110698938369751,0.0,100.79936981201172,29.829999923706055,0.0,0.0,0.01205228641629219,0.00814802385866642,0.007648562081158161,0.007648562081158161
CelebDFv3,/root/Datasets/CelebDFv3/CelebDFv3/FAKE/FaceSwap/BlendFace/id26_id6_0006.mp4,FaceSwap/BlendFace,id26,id6,0,-1.3092714548110962,1.3092714548110962,0.0,239.5557403564453,30.0,0.0,0.0,0.015096023678779602,0.005229164380580187,0.004582059103995562,0.008343749679625034
CelebDFv3,/root/Datasets/CelebDFv3/CelebDFv3/FAKE/FaceSwap/Celeb-DF-v2/id8_id1_0002.mp4,FaceSwap/Celeb-DF-v2,id8,id1,0,-2.0533390045166016,2.0533390045166016,0.0,118.54067993164062,30.0,0.0,0.0,0.002314272802323103,0.012950221076607704,0.0031838894356042147,0.0060111829079687595
CelebDFv3,/root/Datasets/CelebDFv3/CelebDFv3/FAKE/FaceSwap/GHOST/id26_id37_0003.mp4,FaceSwap/GHOST,id26,id37,0,0.8922379016876221,-0.8922379016876221,0.0,331.8846435546875,30.0,0.0,0.0,0.005802555475383997,0.006408095359802246,0.00203523738309741,0.003656528191640973
CelebDFv3,/root/Datasets/CelebDFv3/CelebDFv3/FAKE/FaceSwap/HifiFace/id23_id31_0007.mp4,FaceSwap/HifiFace,id23,id31,0,-1.7913472652435303,1.7913472652435303,0.0,138.98013305664062,30.0,0.0,0.0,0.010553263127803802,0.03288932144641876,0.005076033063232899,0.008904937654733658
CelebDFv3,/root/Datasets/CelebDFv3/CelebDFv3/FAKE/FaceSwap/InSwapper/id23_id30_0001.mp4,FaceSwap/InSwapper,id23,id30,0,2.606980323791504,-2.606980323791504,0.0,113.19697570800781,30.0,0.0,0.0,0.0024321191012859344,0.003818818600848317,0.0014059836976230145,0.002498870249837637
CelebDFv3,/root/Datasets/CelebDFv3/CelebDFv3/FAKE/FaceSwap/MobileFaceSwap/id31_id29_0007.mp4,FaceSwap/MobileFaceSwap,id31,id29,0,-15.29845142364502,15.29845142364502,0.0,346.9316711425781,30.0,1.0,0.125,0.015693295747041702,0.004095647018402815,0.00788381788879633,0.01419755443930626
CelebDFv3,/root/Datasets/CelebDFv3/CelebDFv3/FAKE/FaceSwap/SimSwap/id31_id9_0005.mp4,FaceSwap/SimSwap,id31,id9,0,0.639136552810669,-0.639136552810669,0.0,126.39778900146484,30.0,0.0,0.0,0.004819467663764954,0.00399805000051856,0.00256507471203804,0.004619308281689882
CelebDFv3,/root/Datasets/CelebDFv3/CelebDFv3/FAKE/FaceSwap/UniFace/id56_id53_0006.mp4,FaceSwap/UniFace,id56,id53,0,0.05514641851186752,-0.05514641851186752,0.0,85.57816314697266,30.0,0.0,0.0,0.0075078122317790985,0.004752270877361298,0.0023737987503409386,0.004250986501574516
CelebDFv3,/root/Datasets/CelebDFv3/CelebDFv3/FAKE/TalkingFace/AniTalker/id23_0003_test_id02086_BPA1JbriSlg.mp4,TalkingFace/AniTalker,id23,,0,-3.3066608905792236,3.3066608905792236,0.0,116.70349884033203,25.0,0.0,0.0,0.00794939137995243,0.005514494609087706,0.004924876615405083,0.004924876615405083
CelebDFv3,/root/Datasets/CelebDFv3/CelebDFv3/FAKE/TalkingFace/EDTalk/id56_0000_test_id04862_oKjLVc6gbbo.mp4,TalkingFace/EDTalk,id56,,0,-0.17864570021629333,0.17864570021629333,0.0,104.2919692993164,25.0,0.0,0.0,0.011227224953472614,0.009471234865486622,0.007174885366111994,0.007174885366111994
CelebDFv3,/root/Datasets/CelebDFv3/CelebDFv3/FAKE/TalkingFace/EchoMimic/id51_0009_test_id01106_q01vvmTSJ9I.mp4,TalkingFace/EchoMimic,id51,,0,-3.488377571105957,3.488377571105957,0.0,98.91691589355469,24.0,0.0,0.0,0.008682319894433022,0.010164192877709866,0.007094181142747402,0.007094181142747402
CelebDFv3,/root/Datasets/CelebDFv3/CelebDFv3/FAKE/TalkingFace/FLOAT/id8_0000_test_id04295_GLhfd-vlEOM.mp4,TalkingFace/FLOAT,id8,,0,0.4230869710445404,-0.4230869710445404,0.0,422.3521728515625,25.0,0.0,0.0,0.02214737795293331,0.007110037375241518,0.013664238154888153,0.013664238154888153
CelebDFv3,/root/Datasets/CelebDFv3/CelebDFv3/FAKE/TalkingFace/IP_LAP/id51_0000_test_id05124_69HB1cXEoac.mp4,TalkingFace/IP_LAP,id51,,0,1.1032030582427979,-1.1032030582427979,0.0,90.29158020019531,25.0,0.0,0.0,0.04477858915925026,0.011001418344676495,0.013299068436026573,0.013299068436026573
CelebDFv3,/root/Datasets/CelebDFv3/CelebDFv3/FAKE/TalkingFace/Real3DPortrait/id23_0004_test_id02181_O4CvSRCA9Ro.mp4,TalkingFace/Real3DPortrait,id23,,0,-1.4989080429077148,1.4989080429077148,0.0,147.0382537841797,25.0,0.0,0.0,0.012992935255169868,0.005159253720194101,0.005932318978011608,0.005932318978011608
CelebDFv3,/root/Datasets/CelebDFv3/CelebDFv3/FAKE/TalkingFace/SadTalker/id11_0009_test_id00817_GAs8WnyFKJM.mp4,TalkingFace/SadTalker,id11,,0,-5.360992431640625,5.360992431640625,0.0,116.28043365478516,25.0,0.0,0.0,0.0029046412091702223,0.010425400920212269,0.004718897398561239,0.004718897398561239
CelebDFv3,/root/Datasets/CelebDFv3/CelebDFv3/FAKE/FaceReenact/DaGAN/id56_id52_0008.mp4,FaceReenact/DaGAN,id56,id52,0,3.0273470878601074,-3.0273470878601074,0.0,103.13736724853516,30.0,0.0,0.0,0.007696019951254129,0.003865666687488556,0.006791845895349979,0.006791845895349979
CelebDFv3,/root/Datasets/CelebDFv3/CelebDFv3/FAKE/FaceReenact/FSRT/id26_id28_0003.mp4,FaceReenact/FSRT,id26,id28,0,1.3061962127685547,-1.3061962127685547,0.0,318.6129455566406,20.0,0.0,0.0,0.00638773525133729,0.004456168971955776,0.006416807882487774,0.006416807882487774
CelebDFv3,/root/Datasets/CelebDFv3/CelebDFv3/FAKE/FaceReenact/HyperReenact/id31_id38_0000.mp4,FaceReenact/HyperReenact,id31,id38,0,-1.6868667602539062,1.6868667602539062,0.0,98.76372528076172,25.0,0.0,0.0,0.009444750845432281,0.0022751253563910723,0.010139125399291515,0.010139125399291515
CelebDFv3,/root/Datasets/CelebDFv3/CelebDFv3/FAKE/FaceReenact/LIA/id23_id28_0000.mp4,FaceReenact/LIA,id23,id28,0,2.6356465816497803,-2.6356465816497803,0.0,116.10505676269531,30.0,1.0,0.109375,0.019717510789632797,0.026511814445257187,0.021300923079252243,0.021300923079252243
CelebDFv3,/root/Datasets/CelebDFv3/CelebDFv3/FAKE/FaceReenact/LivePortrait/id31_id38_0009.mp4,FaceReenact/LivePortrait,id31,id38,0,-3.0386884212493896,3.0386884212493896,0.0,99.44696807861328,30.0,1.0,0.5,0.003013928886502981,0.009121548384428024,0.005378516856580973,0.009685888886451721
CelebDFv3,/root/Datasets/CelebDFv3/CelebDFv3/FAKE/FaceReenact/MCNET/id48_id40_0009.mp4,FaceReenact/MCNET,id48,id40,0,0.09976180642843246,-0.09976180642843246,0.0,110.16331481933594,30.0,0.0,0.0,0.01312415674328804,0.006556246895343065,0.008844166994094849,0.008844166994094849
CelebDFv3,/root/Datasets/CelebDFv3/CelebDFv3/FAKE/FaceReenact/TPSMM/id56_id52_0009.mp4,FaceReenact/TPSMM,id56,id52,0,5.131463050842285,-5.131463050842285,0.0,108.99114227294922,30.0,0.0,0.0,0.03896346688270569,0.011676968075335026,0.01770392619073391,0.01770392619073391
CelebDFv3,/root/Datasets/CelebDFv3/CelebDFv3/FAKE/FaceSwap/BlendFace/id23_id29_0001.mp4,FaceSwap/BlendFace,id23,id29,0,0.536337673664093,-0.536337673664093,0.0,103.73695373535156,30.0,0.0,0.0,0.0031728469766676426,0.008993629366159439,0.00767517602071166,0.013641172088682652
CelebDFv3,/root/Datasets/CelebDFv3/CelebDFv3/FAKE/FaceSwap/Celeb-DF-v2/id31_id38_0005.mp4,FaceSwap/Celeb-DF-v2,id31,id38,0,1.3298263549804688,-1.3298263549804688,0.0,123.07040405273438,30.0,0.0,0.0,0.0062160734087228775,0.004461450502276421,0.0025378214195370674,0.004570229444652796
CelebDFv3,/root/Datasets/CelebDFv3/CelebDFv3/FAKE/FaceSwap/GHOST/id31_id20_0003.mp4,FaceSwap/GHOST,id31,id20,0,-7.084176540374756,7.084176540374756,0.0,111.08190155029297,30.0,0.0,0.0,0.0029151111375540495,0.003221602877601981,0.0036283282097429037,0.006534065585583448
CelebDFv3,/root/Datasets/CelebDFv3/CelebDFv3/FAKE/FaceSwap/HifiFace/id31_id35_0000.mp4,FaceSwap/HifiFace,id31,id35,0,-0.4140085279941559,0.4140085279941559,0.0,118.38726806640625,30.0,0.0,0.0,0.0032783830538392067,0.006680787540972233,0.0037165796384215355,0.006692992988973856
CelebDFv3,/root/Datasets/CelebDFv3/CelebDFv3/FAKE/FaceSwap/InSwapper/id31_id9_0002.mp4,FaceSwap/InSwapper,id31,id9,0,2.914339542388916,-2.914339542388916,0.0,164.07913208007812,30.0,0.0,0.0,0.018661988899111748,0.03722856938838959,0.013173980638384819,0.023724330589175224
CelebDFv3,/root/Datasets/CelebDFv3/CelebDFv3/FAKE/FaceSwap/MobileFaceSwap/id23_id27_0007.mp4,FaceSwap/MobileFaceSwap,id23,id27,0,0.768226146697998,-0.768226146697998,0.0,140.41014099121094,30.0,0.0,0.0,0.00996057502925396,0.03406861051917076,0.008382104337215424,0.014704812318086624
CelebDFv3,/root/Datasets/CelebDFv3/CelebDFv3/FAKE/FaceSwap/SimSwap/id26_id37_0000.mp4,FaceSwap/SimSwap,id26,id37,0,4.305575370788574,-4.305575370788574,0.0,157.17112731933594,30.0,0.0,0.0,0.002189708175137639,0.0013786390190944076,0.0021661785431206226,0.0038917779456824064
CelebDFv3,/root/Datasets/CelebDFv3/CelebDFv3/FAKE/FaceSwap/UniFace/id48_id42_0004.mp4,FaceSwap/UniFace,id48,id42,0,-0.5785831212997437,0.5785831212997437,0.0,131.989990234375,30.0,0.0,0.0,0.0029368968680500984,0.002729129046201706,0.00166809419170022,0.0029787393286824226
CelebDFv3,/root/Datasets/CelebDFv3/CelebDFv3/FAKE/TalkingFace/AniTalker/id25_0007_test_id00812_uCF5yBvYa9k.mp4,TalkingFace/AniTalker,id25,,0,-0.4461713135242462,0.4461713135242462,0.0,163.11111450195312,25.0,0.0,0.0,0.006816197652369738,0.002853291342034936,0.004076740238815546,0.004076740238815546
CelebDFv3,/root/Datasets/CelebDFv3/CelebDFv3/FAKE/TalkingFace/EDTalk/id31_0004_test_id03524_nP1pWlXGexc.mp4,TalkingFace/EDTalk,id31,,0,8.091415405273438,-8.091415405273438,0.0,201.6580352783203,25.0,0.0,0.0,0.012156284414231777,0.011715531349182129,0.0069151329807937145,0.0069151329807937145
CelebDFv3,/root/Datasets/CelebDFv3/CelebDFv3/FAKE/TalkingFace/EchoMimic/id22_0005_test_id05714_wFGNufaMbDY.mp4,TalkingFace/EchoMimic,id22,,0,-3.5698673725128174,3.5698673725128174,0.0,130.70724487304688,24.0,0.0,0.0,0.009567114524543285,0.006303880363702774,0.007974940352141857,0.007974940352141857
CelebDFv3,/root/Datasets/CelebDFv3/CelebDFv3/FAKE/TalkingFace/FLOAT/id59_0002_test_id04232_lcNvUKfW9tY.mp4,TalkingFace/FLOAT,id59,,0,6.349782943725586,-6.349782943725586,0.0,229.66578674316406,25.0,0.0,0.0,0.007486382033675909,0.004587789066135883,0.0061888848431408405,0.0061888848431408405
CelebDFv3,/root/Datasets/CelebDFv3/CelebDFv3/FAKE/TalkingFace/IP_LAP/id25_0000_test_id02286_cp_LOv6mdJA.mp4,TalkingFace/IP_LAP,id25,,0,0.14245939254760742,-0.14245939254760742,0.0,146.9278564453125,25.0,1.0,0.078125,0.0440070778131485,0.01405992079526186,0.053210727870464325,0.053210727870464325
CelebDFv3,/root/Datasets/CelebDFv3/CelebDFv3/FAKE/TalkingFace/Real3DPortrait/id48_0006_test_id01298_tAQVEmDyrPs.mp4,TalkingFace/Real3DPortrait,id48,,0,3.70479679107666,-3.70479679107666,0.0,101.16816711425781,25.0,1.0,0.953125,0.00013244182628113776,0.0003554360009729862,0.00022910459665581584,0.00022910459665581584
CelebDFv3,/root/Datasets/CelebDFv3/CelebDFv3/FAKE/TalkingFace/SadTalker/id8_0007_test_id00419_DkYa8HiTgJs.mp4,TalkingFace/SadTalker,id8,,0,-0.16743844747543335,0.16743844747543335,0.0,158.1427001953125,25.0,0.0,0.0,0.001863066921941936,0.006077451631426811,0.004471207968890667,0.004471207968890667
CelebDFv3,/root/Datasets/CelebDFv3/CelebDFv3/FAKE/FaceReenact/DaGAN/id11_id7_0009.mp4,FaceReenact/DaGAN,id11,id7,0,-1.176100730895996,1.176100730895996,0.0,108.10096740722656,30.0,0.0,0.0,0.008088513277471066,0.006913847755640745,0.005808937828987837,0.005808937828987837
CelebDFv3,/root/Datasets/CelebDFv3/CelebDFv3/FAKE/FaceReenact/FSRT/id26_id37_0001.mp4,FaceReenact/FSRT,id26,id37,0,4.440337181091309,-4.440337181091309,0.0,110.97486877441406,20.0,1.0,0.09375,0.020488910377025604,0.0016852155094966292,0.010683448985219002,0.010683448985219002
CelebDFv3,/root/Datasets/CelebDFv3/CelebDFv3/FAKE/FaceReenact/HyperReenact/id23_id19_0009.mp4,FaceReenact/HyperReenact,id23,id19,0,4.145576477050781,-4.145576477050781,0.0,115.2502212524414,25.0,0.0,0.0,0.005210024304687977,0.0025691422633826733,0.005497210659086704,0.005497210659086704
CelebDFv3,/root/Datasets/CelebDFv3/CelebDFv3/FAKE/FaceReenact/LIA/id54_id49_0008.mp4,FaceReenact/LIA,id54,id49,0,0.5967640280723572,-0.5967640280723572,0.0,124.92591857910156,30.0,0.0,0.0,0.009352978318929672,0.006771771237254143,0.0051605310291051865,0.0051605310291051865
CelebDFv3,/root/Datasets/CelebDFv3/CelebDFv3/FAKE/FaceReenact/LivePortrait/id56_id49_0003.mp4,FaceReenact/LivePortrait,id56,id49,0,-5.444247245788574,5.444247245788574,0.0,93.7630844116211,30.0,0.0,0.0,0.002740022959187627,0.00332923186942935,0.001950613223016262,0.0034931486006826162
CelebDFv3,/root/Datasets/CelebDFv3/CelebDFv3/FAKE/FaceReenact/MCNET/id51_id50_0008.mp4,FaceReenact/MCNET,id51,id50,0,-3.0771796703338623,3.0771796703338623,0.0,100.05711364746094,30.0,0.0,0.0,0.01348738744854927,0.00797904934734106,0.022988777607679367,0.022988777607679367
CelebDFv3,/root/Datasets/CelebDFv3/CelebDFv3/FAKE/FaceReenact/TPSMM/id23_id0_0008.mp4,FaceReenact/TPSMM,id23,id0,0,0.052511975169181824,-0.052511975169181824,0.0,91.06605529785156,30.0,1.0,0.203125,0.015772711485624313,0.030156400054693222,0.013708512298762798,0.013708512298762798
CelebDFv3,/root/Datasets/CelebDFv3/CelebDFv3/FAKE/FaceSwap/BlendFace/id23_id34_0009.mp4,FaceSwap/BlendFace,id23,id34,0,4.42848014831543,-4.42848014831543,0.0,111.07714080810547,30.0,0.0,0.0,0.004225201904773712,0.003985223360359669,0.002960758749395609,0.0039200447499752045
CelebDFv3,/root/Datasets/CelebDFv3/CelebDFv3/FAKE/FaceSwap/Celeb-DF-v2/id26_id22_0000.mp4,FaceSwap/Celeb-DF-v2,id26,id22,0,2.4285407066345215,-2.4285407066345215,0.0,153.65223693847656,30.0,0.0,0.0,0.002099859295412898,0.00150557782035321,0.0020331423729658127,0.0036527642514556646
CelebDFv3,/root/Datasets/CelebDFv3/CelebDFv3/FAKE/FaceSwap/GHOST/id51_id55_0006.mp4,FaceSwap/GHOST,id51,id55,0,-3.236626625061035,3.236626625061035,0.0,139.46435546875,29.900009155273438,0.0,0.0,0.0024615575093775988,0.023743433877825737,0.0038154935464262962,0.006832766346633434
CelebDFv3,/root/Datasets/CelebDFv3/CelebDFv3/FAKE/FaceSwap/HifiFace/id26_id25_0003.mp4,FaceSwap/HifiFace,id26,id25,0,-2.5030758380889893,2.5030758380889893,0.0,355.42822265625,30.0,0.0,0.0,0.0060217129066586494,0.006463966798037291,0.002277942141517997,0.004092574119567871
CelebDFv3,/root/Datasets/CelebDFv3/CelebDFv3/FAKE/FaceSwap/InSwapper/id22_id28_0009.mp4,FaceSwap/InSwapper,id22,id28,0,-1.0545413494110107,1.0545413494110107,0.0,126.11615753173828,30.0,1.0,0.203125,0.006130530498921871,0.005764083471149206,0.0020523201674222946,0.0036476110108196735
CelebDFv3,/root/Datasets/CelebDFv3/CelebDFv3/FAKE/FaceSwap/MobileFaceSwap/id23_id9_0006.mp4,FaceSwap/MobileFaceSwap,id23,id9,0,2.813713788986206,-2.813713788986206,0.0,127.4574966430664,30.0,0.0,0.0,0.006372082978487015,0.0035207150503993034,0.002050034934654832,0.0027162963524460793
CelebDFv3,/root/Datasets/CelebDFv3/CelebDFv3/FAKE/FaceSwap/SimSwap/id23_id30_0006.mp4,FaceSwap/SimSwap,id23,id30,0,3.517481803894043,-3.517481803894043,0.0,131.14572143554688,30.0,0.0,0.0,0.006453824229538441,0.003609376261010766,0.0023700189776718616,0.003140275366604328
CelebDFv3,/root/Datasets/CelebDFv3/CelebDFv3/FAKE/FaceSwap/UniFace/id56_id50_0005.mp4,FaceSwap/UniFace,id56,id50,0,-3.7668302059173584,3.7668302059173584,0.0,95.74174499511719,29.899993896484375,0.0,0.0,0.0016808283980935812,0.0037228178698569536,0.0010327021591365337,0.0018493577372282743
CelebDFv3,/root/Datasets/CelebDFv3/CelebDFv3/FAKE/TalkingFace/AniTalker/id56_0001_test_id03030_jSaAmd-y53U.mp4,TalkingFace/AniTalker,id56,,0,2.026304006576538,-2.026304006576538,0.0,95.68119812011719,25.0,0.0,0.0,0.007029005791991949,0.008634448051452637,0.004105905070900917,0.004105905070900917
CelebDFv3,/root/Datasets/CelebDFv3/CelebDFv3/FAKE/TalkingFace/EDTalk/id22_0003_test_id01593_xYSFA0pJBl0.mp4,TalkingFace/EDTalk,id22,,0,3.3986051082611084,-3.3986051082611084,0.0,151.85867309570312,25.0,0.0,0.0,0.015995332971215248,0.00999579206109047,0.009946836158633232,0.009946836158633232
CelebDFv3,/root/Datasets/CelebDFv3/CelebDFv3/FAKE/TalkingFace/EchoMimic/id31_0004_test_id04295_1fSjOItVYVg.mp4,TalkingFace/EchoMimic,id31,,0,4.367795944213867,-4.367795944213867,0.0,194.06321716308594,24.0,0.0,0.0,0.004011842887848616,0.0045367018319666386,0.00554839801043272,0.00554839801043272
CelebDFv3,/root/Datasets/CelebDFv3/CelebDFv3/FAKE/TalkingFace/FLOAT/id48_0004_test_id01509_XmSD0fC9gX4.mp4,TalkingFace/FLOAT,id48,,0,5.783810138702393,-5.783810138702393,0.0,121.15113067626953,25.0,0.0,0.0,0.012299930676817894,0.005370228085666895,0.00698707764968276,0.00698707764968276
CelebDFv3,/root/Datasets/CelebDFv3/CelebDFv3/FAKE/TalkingFace/IP_LAP/id48_0001_test_id04295_GLhfd-vlEOM.mp4,TalkingFace/IP_LAP,id48,,0,-1.8244880437850952,1.8244880437850952,0.0,90.51434326171875,25.0,0.0,0.0,0.019233306869864464,0.019932320341467857,0.01120146457105875,0.01120146457105875
CelebDFv3,/root/Datasets/CelebDFv3/CelebDFv3/FAKE/TalkingFace/Real3DPortrait/id48_0002_test_id00817_Aw0R9CBKeYY.mp4,TalkingFace/Real3DPortrait,id48,,0,5.251785755157471,-5.251785755157471,0.0,120.54710388183594,25.0,1.0,0.15625,0.009023909457027912,0.005415870808064938,0.009372749365866184,0.009372749365866184
CelebDFv3,/root/Datasets/CelebDFv3/CelebDFv3/FAKE/TalkingFace/SadTalker/id8_0009_test_id02086_UpjWerN0hoE.mp4,TalkingFace/SadTalker,id8,,0,0.8475316762924194,-0.8475316762924194,0.0,118.20414733886719,25.0,0.0,0.0,0.0035467231646180153,0.009028368629515171,0.006877280306071043,0.006877280306071043
CelebDFv3,/root/Datasets/CelebDFv3/CelebDFv3/FAKE/FaceReenact/DaGAN/id54_id58_0004.mp4,FaceReenact/DaGAN,id54,id58,0,-0.14994174242019653,0.14994174242019653,0.0,178.9395294189453,30.0,1.0,0.109375,0.007942069321870804,0.0059763165190815926,0.007894882000982761,0.007894882000982761
CelebDFv3,/root/Datasets/CelebDFv3/CelebDFv3/FAKE/FaceReenact/FSRT/id31_id6_0006.mp4,FaceReenact/FSRT,id31,id6,0,-10.416921615600586,10.416921615600586,0.0,218.61097717285156,20.0,0.0,0.0,0.010705521330237389,0.007370304316282272,0.007028611842542887,0.007028611842542887
CelebDFv3,/root/Datasets/CelebDFv3/CelebDFv3/FAKE/FaceReenact/HyperReenact/id56_id55_0008.mp4,FaceReenact/HyperReenact,id56,id55,0,-4.794948577880859,4.794948577880859,0.0,108.8084716796875,25.0,0.0,0.0,0.011905746534466743,0.0031216477509588003,0.006339727435261011,0.006339727435261011
CelebDFv3,/root/Datasets/CelebDFv3/CelebDFv3/FAKE/FaceReenact/LIA/id22_id26_0005.mp4,FaceReenact/LIA,id22,id26,0,-4.009522438049316,4.009522438049316,0.0,119.20634460449219,30.0,0.0,0.0,0.003931203857064247,0.003164656925946474,0.004155658185482025,0.004155658185482025
CelebDFv3,/root/Datasets/CelebDFv3/CelebDFv3/FAKE/FaceReenact/LivePortrait/id23_id19_0000.mp4,FaceReenact/LivePortrait,id23,id19,0,2.475245237350464,-2.475245237350464,0.0,114.00346374511719,29.0,1.0,0.046875,0.002103653270751238,0.0026195384562015533,0.0015672971494495869,0.002785574411973357
CelebDFv3,/root/Datasets/CelebDFv3/CelebDFv3/FAKE/FaceReenact/MCNET/id48_id45_0007.mp4,FaceReenact/MCNET,id48,id45,0,1.8173012733459473,-1.8173012733459473,0.0,110.8172378540039,30.0,0.0,0.0,0.010056908242404461,0.009823753498494625,0.0063418177887797356,0.0063418177887797356
CelebDFv3,/root/Datasets/CelebDFv3/CelebDFv3/FAKE/FaceReenact/TPSMM/id25_id21_0008.mp4,FaceReenact/TPSMM,id25,id21,0,3.499662160873413,-3.499662160873413,0.0,96.64698791503906,30.0,0.0,0.0,0.025040097534656525,0.012829889543354511,0.010395473800599575,0.010395473800599575
CelebDFv3,/root/Datasets/CelebDFv3/CelebDFv3/FAKE/FaceSwap/BlendFace/id31_id17_0003.mp4,FaceSwap/BlendFace,id31,id17,0,-6.658207893371582,6.658207893371582,0.0,107.9808578491211,30.0,0.0,0.0,0.0030371565371751785,0.0031196940690279007,0.002432324457913637,0.004380245227366686
CelebDFv3,/root/Datasets/CelebDFv3/CelebDFv3/FAKE/FaceSwap/Celeb-DF-v2/id23_id38_0006.mp4,FaceSwap/Celeb-DF-v2,id23,id38,0,2.3233799934387207,-2.3233799934387207,0.0,129.85760498046875,30.0,0.0,0.0,0.007984711788594723,0.00345210125669837,0.002308260416612029,0.00305844540707767
CelebDFv3,/root/Datasets/CelebDFv3/CelebDFv3/FAKE/FaceSwap/GHOST/id31_id32_0003.mp4,FaceSwap/GHOST,id31,id32,0,-5.262637138366699,5.262637138366699,0.0,106.21118927001953,30.0,0.0,0.0,0.0033300507348030806,0.007497803773730993,0.00362585112452507,0.006529604084789753
CelebDFv3,/root/Datasets/CelebDFv3/CelebDFv3/FAKE/FaceSwap/HifiFace/id23_id24_0009.mp4,FaceSwap/HifiFace,id23,id24,0,4.28067684173584,-4.28067684173584,0.0,102.13139343261719,30.0,0.0,0.0,0.004159231670200825,0.004357087891548872,0.002659793011844158,0.0035215660464018583
CelebDFv3,/root/Datasets/CelebDFv3/CelebDFv3/FAKE/FaceSwap/InSwapper/id26_id28_0004.mp4,FaceSwap/InSwapper,id26,id28,0,-2.140625476837158,2.140625476837158,0.0,107.54914093017578,30.0,0.0,0.0,0.0034608771093189716,0.007256848271936178,0.0026056200731545687,0.004681283608078957
CelebDFv3,/root/Datasets/CelebDFv3/CelebDFv3/FAKE/FaceSwap/MobileFaceSwap/id26_id25_0001.mp4,FaceSwap/MobileFaceSwap,id26,id25,0,2.0357091426849365,-2.0357091426849365,0.0,100.23490142822266,30.0,1.0,0.03125,0.019764097407460213,0.016101395711302757,0.004169238731265068,0.0074904970824718475
CelebDFv3,/root/Datasets/CelebDFv3/CelebDFv3/FAKE/FaceSwap/SimSwap/id22_id26_0005.mp4,FaceSwap/SimSwap,id22,id26,0,-2.6680850982666016,2.6680850982666016,0.0,124.89447021484375,30.0,0.0,0.0,0.002737593837082386,0.0019924300722777843,0.0011513917706906796,0.0020463811233639717
CelebDFv3,/root/Datasets/CelebDFv3/CelebDFv3/FAKE/FaceSwap/UniFace/id26_id28_0002.mp4,FaceSwap/UniFace,id26,id28,0,0.7329714298248291,-0.7329714298248291,0.0,89.28399658203125,30.0,0.0,0.0,0.006922538857907057,0.016920363530516624,0.003559343982487917,0.006394753698259592
CelebDFv3,/root/Datasets/CelebDFv3/CelebDFv3/FAKE/TalkingFace/AniTalker/id48_0002_test_id00817_Aw0R9CBKeYY.mp4,TalkingFace/AniTalker,id48,,0,0.30867457389831543,-0.30867457389831543,0.0,116.79258728027344,25.0,0.0,0.0,0.013700360432267189,0.005867267958819866,0.006837836932390928,0.006837836932390928
CelebDFv3,/root/Datasets/CelebDFv3/CelebDFv3/FAKE/TalkingFace/EDTalk/id31_0002_test_id03839_xtBkY9xYpjA.mp4,TalkingFace/EDTalk,id31,,0,-0.3382702171802521,0.3382702171802521,0.0,215.8961181640625,25.0,0.0,0.0,0.012965927831828594,0.011469448916614056,0.009494380094110966,0.009494380094110966
CelebDFv3,/root/Datasets/CelebDFv3/CelebDFv3/FAKE/TalkingFace/EchoMimic/id51_0005_test_id08701_IF-okJTentA.mp4,TalkingFace/EchoMimic,id51,,0,-4.200132369995117,4.200132369995117,0.0,138.69544982910156,24.0,0.0,0.0,0.005869513377547264,0.01132627297192812,0.007937421090900898,0.007937421090900898
CelebDFv3,/root/Datasets/CelebDFv3/CelebDFv3/FAKE/TalkingFace/FLOAT/id51_0001_test_id05055_1lsf8QC-Lck.mp4,TalkingFace/FLOAT,id51,,0,-5.131936073303223,5.131936073303223,0.0,289.2555236816406,25.0,0.0,0.0,0.007282980717718601,0.004785244818776846,0.0067476630210876465,0.0067476630210876465
CelebDFv3,/root/Datasets/CelebDFv3/CelebDFv3/FAKE/TalkingFace/IP_LAP/id48_0000_test_id02445_ZX_6RMrTEP0.mp4,TalkingFace/IP_LAP,id48,,0,-3.2450411319732666,3.2450411319732666,0.0,135.5850372314453,25.0,0.0,0.0,0.011278437450528145,0.005721918772906065,0.009565351530909538,0.009565351530909538
CelebDFv3,/root/Datasets/CelebDFv3/CelebDFv3/FAKE/TalkingFace/Real3DPortrait/id22_0001_test_id04657_LIpH4pzgzJ8.mp4,TalkingFace/Real3DPortrait,id22,,0,0.09506644308567047,-0.09506644308567047,0.0,123.75548553466797,25.0,0.0,0.0,0.012472487054765224,0.005032532848417759,0.009829082526266575,0.009829082526266575
CelebDFv3,/root/Datasets/CelebDFv3/CelebDFv3/FAKE/TalkingFace/SadTalker/id11_0008_test_id07802_qmTmtDbel1M.mp4,TalkingFace/SadTalker,id11,,0,2.6186506748199463,-2.6186506748199463,0.0,111.81961822509766,25.0,0.0,0.0,0.0015742231626063585,0.007229227107018232,0.005174425896257162,0.005174425896257162
CelebDFv3,/root/Datasets/CelebDFv3/CelebDFv3/FAKE/FaceReenact/DaGAN/id48_id40_0007.mp4,FaceReenact/DaGAN,id48,id40,0,0.028139904141426086,-0.028139904141426086,0.0,112.5368881225586,30.0,0.0,0.0,0.006675868760794401,0.007446032948791981,0.006578029133379459,0.006578029133379459
CelebDFv3,/root/Datasets/CelebDFv3/CelebDFv3/FAKE/FaceReenact/FSRT/id23_id0_0007.mp4,FaceReenact/FSRT,id23,id0,0,5.121967315673828,-5.121967315673828,0.0,118.78738403320312,20.0,1.0,0.25,0.003806791501119733,0.0027558801230043173,0.0038653574883937836,0.0038653574883937836
CelebDFv3,/root/Datasets/CelebDFv3/CelebDFv3/FAKE/FaceReenact/HyperReenact/id22_id23_0006.mp4,FaceReenact/HyperReenact,id22,id23,0,1.3587920665740967,-1.3587920665740967,0.0,147.89414978027344,25.0,0.0,0.0,0.0047446987591683865,0.004093322902917862,0.007258833386003971,0.007258833386003971
CelebDFv3,/root/Datasets/CelebDFv3/CelebDFv3/FAKE/FaceReenact/LIA/id56_id57_0009.mp4,FaceReenact/LIA,id56,id57,0,4.555242538452148,-4.555242538452148,0.0,110.19103240966797,29.0,1.0,0.046875,0.012272863648831844,0.008585118688642979,0.007932732813060284,0.007932732813060284
CelebDFv3,/root/Datasets/CelebDFv3/CelebDFv3/FAKE/FaceReenact/LivePortrait/id51_id54_0006.mp4,FaceReenact/LivePortrait,id51,id54,0,-3.1796977519989014,3.1796977519989014,0.0,142.4254150390625,30.0,1.0,0.015625,0.0035568177700042725,0.00432696333155036,0.003379113506525755,0.006051300093531609
CelebDFv3,/root/Datasets/CelebDFv3/CelebDFv3/FAKE/FaceReenact/MCNET/id23_id22_0002.mp4,FaceReenact/MCNET,id23,id22,0,-1.3882347345352173,1.3882347345352173,0.0,100.09835052490234,30.0,1.0,0.078125,0.02841547317802906,0.008042276836931705,0.018071070313453674,0.018071070313453674
CelebDFv3,/root/Datasets/CelebDFv3/CelebDFv3/FAKE/FaceReenact/TPSMM/id23_id17_0000.mp4,FaceReenact/TPSMM,id23,id17,0,3.9436492919921875,-3.9436492919921875,0.0,119.6617660522461,30.0,0.0,0.0,0.01091974601149559,0.0037069926038384438,0.00331429997459054,0.00331429997459054
CelebDFv3,/root/Datasets/CelebDFv3/CelebDFv3/FAKE/FaceSwap/BlendFace/id23_id17_0006.mp4,FaceSwap/BlendFace,id23,id17,0,1.5908188819885254,-1.5908188819885254,0.0,128.59234619140625,30.0,0.0,0.0,0.0063076382502913475,0.0036149488296359777,0.0024087310303002596,0.0031915688887238503
CelebDFv3,/root/Datasets/CelebDFv3/CelebDFv3/FAKE/FaceSwap/Celeb-DF-v2/id31_id21_0005.mp4,FaceSwap/Celeb-DF-v2,id31,id21,0,1.721212387084961,-1.721212387084961,0.0,122.6798324584961,30.0,0.0,0.0,0.005483789369463921,0.004132727161049843,0.0026336549781262875,0.004742810968309641
CelebDFv3,/root/Datasets/CelebDFv3/CelebDFv3/FAKE/FaceSwap/GHOST/id23_id0_0001.mp4,FaceSwap/GHOST,id23,id0,0,3.4395570755004883,-3.4395570755004883,0.0,98.44351959228516,30.0,0.0,0.0,0.0021955096162855625,0.0035603120923042297,0.0018740157829597592,0.0033307084813714027
CelebDFv3,/root/Datasets/CelebDFv3/CelebDFv3/FAKE/FaceSwap/HifiFace/id26_id30_0006.mp4,FaceSwap/HifiFace,id26,id30,0,-0.4401625096797943,0.4401625096797943,0.0,245.18609619140625,30.0,1.0,0.078125,0.015232117846608162,0.004216083325445652,0.004078635945916176,0.0074270362965762615
CelebDFv3,/root/Datasets/CelebDFv3/CelebDFv3/FAKE/FaceSwap/InSwapper/id25_id20_0003.mp4,FaceSwap/InSwapper,id25,id20,0,-2.8963592052459717,2.8963592052459717,0.0,152.507568359375,30.0,0.0,0.0,0.008730713278055191,0.007718001492321491,0.002948363544419408,0.0053095524199306965
CelebDFv3,/root/Datasets/CelebDFv3/CelebDFv3/FAKE/FaceSwap/MobileFaceSwap/id31_id37_0002.mp4,FaceSwap/MobileFaceSwap,id31,id37,0,3.4711623191833496,-3.4711623191833496,0.0,148.84938049316406,30.0,0.0,0.0,0.022725040093064308,0.045529045164585114,0.01573232188820839,0.028331512585282326
CelebDFv3,/root/Datasets/CelebDFv3/CelebDFv3/FAKE/FaceSwap/SimSwap/id56_id52_0008.mp4,FaceSwap/SimSwap,id56,id52,0,2.4013099670410156,-2.4013099670410156,0.0,98.23186492919922,30.0,1.0,0.015625,0.005051200278103352,0.0032169886399060488,0.002391310641542077,0.004282346926629543
CelebDFv3,/root/Datasets/CelebDFv3/CelebDFv3/FAKE/FaceSwap/UniFace/id25_id28_0005.mp4,FaceSwap/UniFace,id25,id28,0,-1.5323010683059692,1.5323010683059692,0.0,85.14360046386719,30.0,0.0,0.0,0.012000968679785728,0.003353056265041232,0.003952549770474434,0.005865583661943674
CelebDFv3,/root/Datasets/CelebDFv3/CelebDFv3/FAKE/TalkingFace/AniTalker/id22_0001_test_id02542_gMKSu2wZpAA.mp4,TalkingFace/AniTalker,id22,,0,5.251227378845215,-5.251227378845215,0.0,106.87015533447266,25.0,0.0,0.0,0.005949228070676327,0.002779862144961953,0.004015731625258923,0.004015731625258923
CelebDFv3,/root/Datasets/CelebDFv3/CelebDFv3/FAKE/TalkingFace/EDTalk/id11_0000_test_id00081_xjfPXNgzW6o.mp4,TalkingFace/EDTalk,id11,,0,4.076479911804199,-4.076479911804199,0.0,97.47882080078125,25.0,0.0,0.0,0.011943675577640533,0.011061221361160278,0.00659251119941473,0.00659251119941473
CelebDFv3,/root/Datasets/CelebDFv3/CelebDFv3/FAKE/TalkingFace/EchoMimic/id8_0009_test_id02086_UpjWerN0hoE.mp4,TalkingFace/EchoMimic,id8,,0,-1.3321020603179932,1.3321020603179932,0.0,130.91456604003906,24.0,0.0,0.0,0.013356979005038738,0.009310003370046616,0.007685247343033552,0.007685247343033552
CelebDFv3,/root/Datasets/CelebDFv3/CelebDFv3/FAKE/TalkingFace/FLOAT/id26_0008_test_id02181_hIvctbfcBx8.mp4,TalkingFace/FLOAT,id26,,0,-1.7603847980499268,1.7603847980499268,0.0,123.00039672851562,25.0,0.0,0.0,0.011567113921046257,0.006446353625506163,0.005326076410710812,0.005326076410710812
CelebDFv3,/root/Datasets/CelebDFv3/CelebDFv3/FAKE/TalkingFace/IP_LAP/id22_0009_test_id01041_Ry0R8LwJEYU.mp4,TalkingFace/IP_LAP,id22,,0,0.9698070287704468,-0.9698070287704468,0.0,103.47350311279297,25.0,1.0,0.09375,0.0160478875041008,0.008200165815651417,0.01078733243048191,0.01078733243048191
CelebDFv3,/root/Datasets/CelebDFv3/CelebDFv3/FAKE/TalkingFace/Real3DPortrait/id23_0002_test_id05850_WNF1CY-Lu3I.mp4,TalkingFace/Real3DPortrait,id23,,0,1.481635570526123,-1.481635570526123,0.0,118.67982482910156,25.0,0.0,0.0,0.0133251016959548,0.004682112019509077,0.010004797950387001,0.010004797950387001
CelebDFv3,/root/Datasets/CelebDFv3/CelebDFv3/FAKE/TalkingFace/SadTalker/id8_0009_test_id07961_gvLf2DggTu0.mp4,TalkingFace/SadTalker,id8,,0,0.7354613542556763,-0.7354613542556763,0.0,114.91081237792969,25.0,0.0,0.0,0.003184159751981497,0.007864019833505154,0.006196325179189444,0.006196325179189444
CelebDFv3,/root/Datasets/CelebDFv3/CelebDFv3/FAKE/FaceReenact/DaGAN/id31_id37_0004.mp4,FaceReenact/DaGAN,id31,id37,0,2.5250658988952637,-2.5250658988952637,0.0,168.48667907714844,30.0,0.0,0.0,0.009349283762276173,0.010118367150425911,0.006211611442267895,0.006211611442267895
CelebDFv3,/root/Datasets/CelebDFv3/CelebDFv3/FAKE/FaceReenact/FSRT/id31_id9_0003.mp4,FaceReenact/FSRT,id31,id9,0,-1.7562847137451172,1.7562847137451172,0.0,102.08319854736328,20.0,1.0,0.03125,0.022191159427165985,0.0081159183755517,0.022253917530179024,0.022253917530179024
CelebDFv3,/root/Datasets/CelebDFv3/CelebDFv3/FAKE/FaceReenact/HyperReenact/id22_id21_0006.mp4,FaceReenact/HyperReenact,id22,id21,0,4.871484279632568,-4.871484279632568,0.0,145.73147583007812,25.0,0.0,0.0,0.007398759946227074,0.0020203012973070145,0.006201696116477251,0.006201696116477251
CelebDFv3,/root/Datasets/CelebDFv3/CelebDFv3/FAKE/FaceReenact/LIA/id31_id33_0005.mp4,FaceReenact/LIA,id31,id33,0,0.6543354988098145,-0.6543354988098145,0.0,151.954833984375,30.0,1.0,0.578125,0.019555632025003433,0.0032920031808316708,0.005766438785940409,0.005766438785940409
CelebDFv3,/root/Datasets/CelebDFv3/CelebDFv3/FAKE/FaceReenact/LivePortrait/id22_id25_0003.mp4,FaceReenact/LivePortrait,id22,id25,0,4.7431535720825195,-4.7431535720825195,0.0,155.50965881347656,30.0,1.0,0.234375,0.006730949506163597,0.007911397144198418,0.0050533246248960495,0.008981329388916492
CelebDFv3,/root/Datasets/CelebDFv3/CelebDFv3/FAKE/FaceReenact/MCNET/id23_id1_0003.mp4,FaceReenact/MCNET,id23,id1,0,-1.2091383934020996,1.2091383934020996,0.0,102.28106689453125,30.0,0.0,0.0,0.01818229630589485,0.0064413645304739475,0.008060663938522339,0.008060663938522339
CelebDFv3,/root/Datasets/CelebDFv3/CelebDFv3/FAKE/FaceReenact/TPSMM/id23_id1_0003.mp4,FaceReenact/TPSMM,id23,id1,0,-1.0484766960144043,1.0484766960144043,0.0,101.7878189086914,30.0,0.0,0.0,0.016346415504813194,0.005991612561047077,0.005534263793379068,0.005534263793379068
CelebDFv3,/root/Datasets/CelebDFv3/CelebDFv3/FAKE/FaceSwap/BlendFace/id31_id3_0005.mp4,FaceSwap/BlendFace,id31,id3,0,-0.28609952330589294,0.28609952330589294,0.0,107.47076416015625,30.0,0.0,0.0,0.008856137283146381,0.004047933500260115,0.002929197158664465,0.0052750371396541595
CelebDFv3,/root/Datasets/CelebDFv3/CelebDFv3/FAKE/FaceSwap/Celeb-DF-v2/id26_id28_0004.mp4,FaceSwap/Celeb-DF-v2,id26,id28,0,-3.6665239334106445,3.6665239334106445,0.0,104.5855484008789,30.0,0.0,0.0,0.003617169801145792,0.008016153238713741,0.0025236697401851416,0.004534051287919283
CelebDFv3,/root/Datasets/CelebDFv3/CelebDFv3/FAKE/FaceSwap/GHOST/id31_id20_0008.mp4,FaceSwap/GHOST,id31,id20,0,-1.9414582252502441,1.9414582252502441,0.0,112.40206909179688,30.0,0.0,0.0,0.003784738015383482,0.010826517827808857,0.006295264698565006,0.011336812749505043
CelebDFv3,/root/Datasets/CelebDFv3/CelebDFv3/FAKE/FaceSwap/HifiFace/id56_id50_0005.mp4,FaceSwap/HifiFace,id56,id50,0,-3.0666980743408203,3.0666980743408203,0.0,95.19454956054688,29.899993896484375,0.0,0.0,0.0017082664417102933,0.003821868449449539,0.001057672081515193,0.0018940740264952183
CelebDFv3,/root/Datasets/CelebDFv3/CelebDFv3/FAKE/FaceSwap/InSwapper/id23_id16_0007.mp4,FaceSwap/InSwapper,id23,id16,0,-2.1052331924438477,2.1052331924438477,0.0,145.2705841064453,30.0,0.0,0.0,0.010939599014818668,0.03082936629652977,0.0069725909270346165,0.012232087552547455
CelebDFv3,/root/Datasets/CelebDFv3/CelebDFv3/FAKE/FaceSwap/MobileFaceSwap/id23_id9_0009.mp4,FaceSwap/MobileFaceSwap,id23,id9,0,5.094236850738525,-5.094236850738525,0.0,104.74690246582031,30.0,0.0,0.0,0.004368986934423447,0.004632529802620411,0.003949285950511694,0.005228854715824127
CelebDFv3,/root/Datasets/CelebDFv3/CelebDFv3/FAKE/FaceSwap/SimSwap/id23_id4_0007.mp4,FaceSwap/SimSwap,id23,id4,0,-2.0973615646362305,2.0973615646362305,0.0,144.84300231933594,30.0,0.0,0.0,0.009782098233699799,0.03444395586848259,0.006709389388561249,0.011770350858569145
CelebDFv3,/root/Datasets/CelebDFv3/CelebDFv3/FAKE/FaceSwap/UniFace/id54_id51_0006.mp4,FaceSwap/UniFace,id54,id51,0,-5.539661407470703,5.539661407470703,0.0,179.07810974121094,30.0,1.0,0.03125,0.004512597341090441,0.006216535810381174,0.005084097385406494,0.009104575961828232
CelebDFv3,/root/Datasets/CelebDFv3/CelebDFv3/FAKE/TalkingFace/AniTalker/id23_0007_test_id01593_xYSFA0pJBl0.mp4,TalkingFace/AniTalker,id23,,0,4.142856597900391,-4.142856597900391,0.0,180.21975708007812,25.0,0.0,0.0,0.007599469739943743,0.008070546202361584,0.006074845790863037,0.006074845790863037
CelebDFv3,/root/Datasets/CelebDFv3/CelebDFv3/FAKE/TalkingFace/EDTalk/id56_0008_test_id04862_ORhcTM80e0A.mp4,TalkingFace/EDTalk,id56,,0,3.0181398391723633,-3.0181398391723633,0.0,113.96017456054688,25.0,0.0,0.0,0.014223873615264893,0.010593708604574203,0.006508475635200739,0.006508475635200739
CelebDFv3,/root/Datasets/CelebDFv3/CelebDFv3/FAKE/TalkingFace/EchoMimic/id23_0006_test_id02057_QZYXK4dWZoY.mp4,TalkingFace/EchoMimic,id23,,0,12.353842735290527,-12.353842735290527,0.0,125.07450103759766,24.0,0.0,0.0,0.00407794862985611,0.007786693051457405,0.006547093857079744,0.006547093857079744
CelebDFv3,/root/Datasets/CelebDFv3/CelebDFv3/FAKE/TalkingFace/FLOAT/id31_0006_test_id05654_lgnVNGGeF7E.mp4,TalkingFace/FLOAT,id31,,0,-13.671003341674805,13.671003341674805,0.0,237.394287109375,25.0,0.0,0.0,0.015119972638785839,0.009043799713253975,0.011680729687213898,0.011680729687213898
CelebDFv3,/root/Datasets/CelebDFv3/CelebDFv3/FAKE/TalkingFace/IP_LAP/id31_0000_test_id03178_O13kGQ2rTE8.mp4,TalkingFace/IP_LAP,id31,,0,-2.3628907203674316,2.3628907203674316,0.0,127.98365783691406,25.0,0.0,0.0,0.009665114805102348,0.011219482868909836,0.010032693855464458,0.010032693855464458
CelebDFv3,/root/Datasets/CelebDFv3/CelebDFv3/FAKE/TalkingFace/Real3DPortrait/id54_0008_test_id04253_Hfwc0GtiEWs.mp4,TalkingFace/Real3DPortrait,id54,,0,5.98079776763916,-5.98079776763916,0.0,122.7613525390625,25.0,0.0,0.0,0.009831576608121395,0.005891931243240833,0.0046539329923689365,0.0046539329923689365
CelebDFv3,/root/Datasets/CelebDFv3/CelebDFv3/FAKE/TalkingFace/SadTalker/id8_0004_test_id02745_5oDO9Avn0qg.mp4,TalkingFace/SadTalker,id8,,0,-3.7664730548858643,3.7664730548858643,0.0,321.48980712890625,25.0,0.0,0.0,0.0024476659018546343,0.00466329138725996,0.005453568883240223,0.005453568883240223
CelebDFv3,/root/Datasets/CelebDFv3/CelebDFv3/FAKE/FaceReenact/DaGAN/id54_id55_0008.mp4,FaceReenact/DaGAN,id54,id55,0,1.1475642919540405,-1.1475642919540405,0.0,88.85430145263672,30.0,1.0,0.046875,0.024435261264443398,0.008419034071266651,0.012431209906935692,0.012431209906935692
CelebDFv3,/root/Datasets/CelebDFv3/CelebDFv3/FAKE/FaceReenact/FSRT/id31_id17_0005.mp4,FaceReenact/FSRT,id31,id17,0,-2.1704154014587402,2.1704154014587402,0.0,114.62584686279297,20.0,0.0,0.0,0.012490401044487953,0.009915128350257874,0.010123545303940773,0.010123545303940773
CelebDFv3,/root/Datasets/CelebDFv3/CelebDFv3/FAKE/FaceReenact/HyperReenact/id59_id60_0006.mp4,FaceReenact/HyperReenact,id59,id60,0,0.7990564703941345,-0.7990564703941345,0.0,93.22993469238281,25.0,1.0,0.109375,0.027919169515371323,0.007131083868443966,0.011663354933261871,0.011663354933261871
CelebDFv3,/root/Datasets/CelebDFv3/CelebDFv3/FAKE/FaceReenact/LIA/id26_id20_0000.mp4,FaceReenact/LIA,id26,id20,0,2.7711997032165527,-2.7711997032165527,0.0,133.18670654296875,30.0,1.0,0.046875,0.012819912284612656,0.00848900992423296,0.008808769285678864,0.008808769285678864
CelebDFv3,/root/Datasets/CelebDFv3/CelebDFv3/FAKE/FaceReenact/LivePortrait/id8_id9_0003.mp4,FaceReenact/LivePortrait,id8,id9,0,-11.729373931884766,11.729373931884766,0.0,144.6759796142578,30.0,0.0,0.0,0.0022311131469905376,0.0017914745258167386,0.0014433605829253793,0.002719291253015399
CelebDFv3,/root/Datasets/CelebDFv3/CelebDFv3/FAKE/FaceReenact/MCNET/id23_id33_0004.mp4,FaceReenact/MCNET,id23,id33,0,0.9836435317993164,-0.9836435317993164,0.0,108.8602294921875,30.0,1.0,0.125,0.011887568049132824,0.007849819958209991,0.018717534840106964,0.018717534840106964
CelebDFv3,/root/Datasets/CelebDFv3/CelebDFv3/FAKE/FaceReenact/TPSMM/id54_id56_0008.mp4,FaceReenact/TPSMM,id54,id56,0,4.167384624481201,-4.167384624481201,0.0,93.96196746826172,30.0,0.0,0.0,0.011515539139509201,0.005140920635312796,0.007760307751595974,0.007760307751595974
CelebDFv3,/root/Datasets/CelebDFv3/CelebDFv3/FAKE/FaceSwap/BlendFace/id51_id57_0008.mp4,FaceSwap/BlendFace,id51,id57,0,-5.061821937561035,5.061821937561035,0.0,103.40791320800781,30.0,0.0,0.0,0.0046191769652068615,0.004453119356185198,0.0050932723097503185,0.009121006354689598
CelebDFv3,/root/Datasets/CelebDFv3/CelebDFv3/FAKE/FaceSwap/Celeb-DF-v2/id23_id33_0007.mp4,FaceSwap/Celeb-DF-v2,id23,id33,0,-1.4638394117355347,1.4638394117355347,0.0,142.60122680664062,30.0,0.0,0.0,0.011025221087038517,0.035362496972084045,0.005764017812907696,0.010111875832080841
CelebDFv3,/root/Datasets/CelebDFv3/CelebDFv3/FAKE/FaceSwap/GHOST/id23_id28_0001.mp4,FaceSwap/GHOST,id23,id28,0,4.234505653381348,-4.234505653381348,0.0,106.19060516357422,30.0,0.0,0.0,0.002209331141784787,0.0038113866467028856,0.0017023177351802588,0.003025548066943884
CelebDFv3,/root/Datasets/CelebDFv3/CelebDFv3/FAKE/FaceSwap/HifiFace/id8_id4_0007.mp4,FaceSwap/HifiFace,id8,id4,0,-0.17031928896903992,0.17031928896903992,0.0,185.32644653320312,30.0,0.0,0.0,0.014011075720191002,0.05996755138039589,0.0018905207980424166,0.003561741439625621
CelebDFv3,/root/Datasets/CelebDFv3/CelebDFv3/FAKE/FaceSwap/InSwapper/id26_id30_0003.mp4,FaceSwap/InSwapper,id26,id30,0,1.233767032623291,-1.233767032623291,0.0,337.56109619140625,30.0,0.0,0.0,0.0060856519266963005,0.00689914682880044,0.0022803987376391888,0.004096987657248974
CelebDFv3,/root/Datasets/CelebDFv3/CelebDFv3/FAKE/FaceSwap/MobileFaceSwap/id22_id24_0005.mp4,FaceSwap/MobileFaceSwap,id22,id24,0,-1.5887806415557861,1.5887806415557861,0.0,126.20600891113281,30.0,0.0,0.0,0.0028278755489736795,0.0020877253264188766,0.0012471760855987668,0.002216619672253728
CelebDFv3,/root/Datasets/CelebDFv3/CelebDFv3/FAKE/FaceSwap/SimSwap/id31_id29_0002.mp4,FaceSwap/SimSwap,id31,id29,0,3.5232014656066895,-3.5232014656066895,0.0,144.14410400390625,30.0,1.0,0.046875,0.019486669450998306,0.037778258323669434,0.012584127485752106,0.022662092000246048
CelebDFv3,/root/Datasets/CelebDFv3/CelebDFv3/FAKE/FaceSwap/UniFace/id54_id52_0005.mp4,FaceSwap/UniFace,id54,id52,0,-3.7222609519958496,3.7222609519958496,0.0,84.25273895263672,30.0,0.0,0.0,0.01895417831838131,0.0027929539792239666,0.005560727324336767,0.009958121925592422
CelebDFv3,/root/Datasets/CelebDFv3/CelebDFv3/FAKE/TalkingFace/AniTalker/id8_0002_test_id03524_2DD4Np7SaWw.mp4,TalkingFace/AniTalker,id8,,0,-1.3361024856567383,1.3361024856567383,0.0,132.28367614746094,25.0,0.0,0.0,0.007721698842942715,0.004478996153920889,0.004853239748626947,0.004853239748626947
CelebDFv3,/root/Datasets/CelebDFv3/CelebDFv3/FAKE/TalkingFace/EDTalk/id8_0008_test_id04253_goriueKsSfQ.mp4,TalkingFace/EDTalk,id8,,0,-2.8930439949035645,2.8930439949035645,0.0,138.73947143554688,25.0,0.0,0.0,0.012933075428009033,0.008821876719594002,0.00584801658987999,0.00584801658987999
CelebDFv3,/root/Datasets/CelebDFv3/CelebDFv3/FAKE/TalkingFace/EchoMimic/id54_0003_test_id01822_jmFGgwXCuW0.mp4,TalkingFace/EchoMimic,id54,,0,4.977829933166504,-4.977829933166504,0.0,188.47903442382812,24.0,0.0,0.0,0.0056344326585531235,0.008499376475811005,0.005074777640402317,0.005074777640402317
CelebDFv3,/root/Datasets/CelebDFv3/CelebDFv3/FAKE/TalkingFace/FLOAT/id56_0001_test_id01460_Jib6MuNwg7Y.mp4,TalkingFace/FLOAT,id56,,0,0.9633938074111938,-0.9633938074111938,0.0,98.54447937011719,25.0,0.0,0.0,0.007379922550171614,0.010589289478957653,0.0033497062977403402,0.0033497062977403402
CelebDFv3,/root/Datasets/CelebDFv3/CelebDFv3/FAKE/TalkingFace/IP_LAP/id11_0006_test_id01509_XmSD0fC9gX4.mp4,TalkingFace/IP_LAP,id11,,0,2.3960344791412354,-2.3960344791412354,0.0,121.08521270751953,25.0,0.0,0.0,0.010202900506556034,0.009444094263017178,0.00649991724640131,0.00649991724640131
CelebDFv3,/root/Datasets/CelebDFv3/CelebDFv3/FAKE/TalkingFace/Real3DPortrait/id23_0008_test_id06811_Y6PB7tt3VPc.mp4,TalkingFace/Real3DPortrait,id23,,0,1.079641580581665,-1.079641580581665,0.0,106.2656478881836,25.0,0.0,0.0,0.01032540388405323,0.0043852729722857475,0.006031316239386797,0.006031316239386797
CelebDFv3,/root/Datasets/CelebDFv3/CelebDFv3/FAKE/TalkingFace/SadTalker/id54_0003_test_id00562_2KLM0Lact6A.mp4,TalkingFace/SadTalker,id54,,0,6.211331844329834,-6.211331844329834,0.0,167.08203125,25.0,0.0,0.0,0.005117252469062805,0.005195565987378359,0.004459759686142206,0.004459759686142206
CelebDFv3,/root/Datasets/CelebDFv3/CelebDFv3/FAKE/FaceReenact/DaGAN/id31_id16_0002.mp4,FaceReenact/DaGAN,id31,id16,0,1.0210950374603271,-1.0210950374603271,0.0,108.4176025390625,30.0,1.0,0.15625,0.021427160128951073,0.008415281772613525,0.02159200794994831,0.02159200794994831
CelebDFv3,/root/Datasets/CelebDFv3/CelebDFv3/FAKE/FaceReenact/FSRT/id23_id28_0000.mp4,FaceReenact/FSRT,id23,id28,0,4.523675918579102,-4.523675918579102,0.0,96.3980484008789,20.0,0.0,0.0,0.01403891108930111,0.009404483251273632,0.009214927442371845,0.009214927442371845
CelebDFv3,/root/Datasets/CelebDFv3/CelebDFv3/FAKE/FaceReenact/HyperReenact/id48_id40_0009.mp4,FaceReenact/HyperReenact,id48,id40,0,-3.4621732234954834,3.4621732234954834,0.0,118.54859924316406,25.0,0.0,0.0,0.006124603096395731,0.002831680467352271,0.005536993499845266,0.005536993499845266
CelebDFv3,/root/Datasets/CelebDFv3/CelebDFv3/FAKE/FaceReenact/LIA/id23_id32_0007.mp4,FaceReenact/LIA,id23,id32,0,4.973704814910889,-4.973704814910889,0.0,246.00877380371094,30.0,0.0,0.0,0.006897153332829475,0.009626592509448528,0.005750752054154873,0.005750752054154873
CelebDFv3,/root/Datasets/CelebDFv3/CelebDFv3/FAKE/FaceReenact/LivePortrait/id31_id38_0001.mp4,FaceReenact/LivePortrait,id31,id38,0,-1.5944569110870361,1.5944569110870361,0.0,132.34210205078125,30.0,0.0,0.0,0.003869563341140747,0.003536613192409277,0.0020373761653900146,0.0036690039560198784
CelebDFv3,/root/Datasets/CelebDFv3/CelebDFv3/FAKE/FaceReenact/MCNET/id54_id53_0000.mp4,FaceReenact/MCNET,id54,id53,0,-0.7435586452484131,0.7435586452484131,0.0,120.35952758789062,30.0,0.0,0.0,0.010445673018693924,0.005408388562500477,0.0064573222771286964,0.0064573222771286964
CelebDFv3,/root/Datasets/CelebDFv3/CelebDFv3/FAKE/FaceReenact/TPSMM/id22_id25_0003.mp4,FaceReenact/TPSMM,id22,id25,0,5.064562797546387,-5.064562797546387,0.0,200.07980346679688,30.0,1.0,0.234375,0.012049073353409767,0.011018610559403896,0.012000536546111107,0.012000536546111107
CelebDFv3,/root/Datasets/CelebDFv3/CelebDFv3/FAKE/FaceSwap/BlendFace/id23_id1_0002.mp4,FaceSwap/BlendFace,id23,id1,0,-2.541724920272827,2.541724920272827,0.0,95.8695068359375,30.0,0.0,0.0,0.009639104828238487,0.011341763660311699,0.005182166118174791,0.009210321120917797
CelebDFv3,/root/Datasets/CelebDFv3/CelebDFv3/FAKE/FaceSwap/Celeb-DF-v2/id48_id44_0007.mp4,FaceSwap/Celeb-DF-v2,id48,id44,0,1.0607433319091797,-1.0607433319091797,0.0,103.41072082519531,30.0,0.0,0.0,0.0015894200187176466,0.0013411521213129163,0.001584842219017446,0.0020793131552636623
CelebDFv3,/root/Datasets/CelebDFv3/CelebDFv3/FAKE/FaceSwap/GHOST/id23_id31_0007.mp4,FaceSwap/GHOST,id23,id31,0,-1.0833982229232788,1.0833982229232788,0.0,144.4084930419922,30.0,0.0,0.0,0.011517603881657124,0.04457682743668556,0.006659892853349447,0.011683517135679722
CelebDFv3,/root/Datasets/CelebDFv3/CelebDFv3/FAKE/FaceSwap/HifiFace/id23_id21_0007.mp4,FaceSwap/HifiFace,id23,id21,0,-1.5592021942138672,1.5592021942138672,0.0,139.24252319335938,30.0,0.0,0.0,0.011501537635922432,0.041228361427783966,0.00747325923293829,0.013110416010022163
CelebDFv3,/root/Datasets/CelebDFv3/CelebDFv3/FAKE/FaceSwap/InSwapper/id31_id29_0002.mp4,FaceSwap/InSwapper,id31,id29,0,2.35671329498291,-2.35671329498291,0.0,139.37228393554688,30.0,0.0,0.0,0.02605685219168663,0.05246119946241379,0.015972236171364784,0.028763556852936745
CelebDFv3,/root/Datasets/CelebDFv3/CelebDFv3/FAKE/FaceSwap/MobileFaceSwap/id26_id31_0002.mp4,FaceSwap/MobileFaceSwap,id26,id31,0,2.3546998500823975,-2.3546998500823975,0.0,88.2972412109375,30.0,1.0,0.03125,0.006088088266551495,0.01608850248157978,0.0032947298604995012,0.0059193456545472145
CelebDFv3,/root/Datasets/CelebDFv3/CelebDFv3/FAKE/FaceSwap/SimSwap/id31_id32_0006.mp4,FaceSwap/SimSwap,id31,id32,0,-12.784210205078125,12.784210205078125,0.0,229.78115844726562,30.0,1.0,0.03125,0.004803247284144163,0.01056758314371109,0.002363685518503189,0.004256637301295996
CelebDFv3,/root/Datasets/CelebDFv3/CelebDFv3/FAKE/FaceSwap/UniFace/id51_id54_0005.mp4,FaceSwap/UniFace,id51,id54,0,-6.249190330505371,6.249190330505371,0.0,130.3390655517578,30.0,0.0,0.0,0.010862701572477818,0.02097845822572708,0.0020401403307914734,0.0036534734535962343
CelebDFv3,/root/Datasets/CelebDFv3/CelebDFv3/FAKE/TalkingFace/AniTalker/id22_0004_test_id01333_LI6eLfuTn6I.mp4,TalkingFace/AniTalker,id22,,0,1.8065063953399658,-1.8065063953399658,0.0,135.9744415283203,25.0,0.0,0.0,0.004348437301814556,0.00590365007519722,0.006782072596251965,0.006782072596251965
CelebDFv3,/root/Datasets/CelebDFv3/CelebDFv3/FAKE/TalkingFace/EDTalk/id22_0007_test_id03347_JbbZ8at5OF8.mp4,TalkingFace/EDTalk,id22,,0,-0.5897538065910339,0.5897538065910339,0.0,268.35321044921875,25.0,0.0,0.0,0.012580957263708115,0.01607830449938774,0.0061049205251038074,0.0061049205251038074
CelebDFv3,/root/Datasets/CelebDFv3/CelebDFv3/FAKE/TalkingFace/EchoMimic/id51_0003_test_id01228_ITBk58yOpCM.mp4,TalkingFace/EchoMimic,id51,,0,-3.226659059524536,3.226659059524536,0.0,181.72227478027344,24.0,0.0,0.0,0.010497668758034706,0.019016023725271225,0.014100292697548866,0.014100292697548866
CelebDFv3,/root/Datasets/CelebDFv3/CelebDFv3/FAKE/TalkingFace/FLOAT/id54_0004_test_id06104_HSe6gXwgeRs.mp4,TalkingFace/FLOAT,id54,,0,-1.5221900939941406,1.5221900939941406,0.0,171.11412048339844,25.0,0.0,0.0,0.009086398407816887,0.00928744487464428,0.00679969135671854,0.00679969135671854
CelebDFv3,/root/Datasets/CelebDFv3/CelebDFv3/FAKE/TalkingFace/IP_LAP/id59_0000_test_id05055_n6FlxBOgOy4.mp4,TalkingFace/IP_LAP,id59,,0,0.3669520616531372,-0.3669520616531372,0.0,87.67625427246094,25.0,1.0,0.03125,0.021689608693122864,0.010521139949560165,0.02449248917400837,0.02449248917400837
CelebDFv3,/root/Datasets/CelebDFv3/CelebDFv3/FAKE/TalkingFace/Real3DPortrait/id31_0000_test_id08456_ajf9MieCX4k.mp4,TalkingFace/Real3DPortrait,id31,,0,-2.619394302368164,2.619394302368164,0.0,119.31961822509766,25.0,1.0,0.015625,0.013235801830887794,0.0056785596534609795,0.014079145155847073,0.014079145155847073
CelebDFv3,/root/Datasets/CelebDFv3/CelebDFv3/FAKE/TalkingFace/SadTalker/id11_0010_test_id09017_I5fFZuGVAvs.mp4,TalkingFace/SadTalker,id11,,0,-1.5946564674377441,1.5946564674377441,0.0,106.39372253417969,25.0,0.0,0.0,0.002512159990146756,0.005234616342931986,0.003863383550196886,0.004415295552462339
CelebDFv3,/root/Datasets/CelebDFv3/CelebDFv3/FAKE/FaceReenact/DaGAN/id56_id50_0008.mp4,FaceReenact/DaGAN,id56,id50,0,4.034250736236572,-4.034250736236572,0.0,89.94612884521484,30.0,1.0,0.203125,0.010620780289173126,0.00787218939512968,0.007651571650058031,0.007651571650058031
CelebDFv3,/root/Datasets/CelebDFv3/CelebDFv3/FAKE/FaceReenact/FSRT/id51_id55_0000.mp4,FaceReenact/FSRT,id51,id55,0,2.9136133193969727,-2.9136133193969727,0.0,95.86724090576172,20.0,0.0,0.0,0.04842180013656616,0.005783173255622387,0.03167089447379112,0.03167089447379112
CelebDFv3,/root/Datasets/CelebDFv3/CelebDFv3/FAKE/FaceReenact/HyperReenact/id31_id29_0002.mp4,FaceReenact/HyperReenact,id31,id29,0,-2.8016622066497803,2.8016622066497803,0.0,127.51383209228516,25.0,1.0,0.015625,0.005959842354059219,0.0026458657812327147,0.012666793540120125,0.012666793540120125
CelebDFv3,/root/Datasets/CelebDFv3/CelebDFv3/FAKE/FaceReenact/LIA/id31_id35_0002.mp4,FaceReenact/LIA,id31,id35,0,-1.3041032552719116,1.3041032552719116,0.0,149.4504852294922,30.0,1.0,0.015625,0.04414623975753784,0.009800910949707031,0.051412008702754974,0.051412008702754974
CelebDFv3,/root/Datasets/CelebDFv3/CelebDFv3/FAKE/FaceReenact/LivePortrait/id31_id32_0003.mp4,FaceReenact/LivePortrait,id31,id32,0,-5.615453720092773,5.615453720092773,0.0,124.72970581054688,30.0,1.0,0.03125,0.006187134422361851,0.01173585094511509,0.006268189754337072,0.011288054287433624
CelebDFv3,/root/Datasets/CelebDFv3/CelebDFv3/FAKE/FaceReenact/MCNET/id26_id33_0001.mp4,FaceReenact/MCNET,id26,id33,0,1.45350182056427,-1.45350182056427,0.0,111.09281921386719,30.0,1.0,0.296875,0.02821735292673111,0.01939012110233307,0.010733755305409431,0.010733755305409431
CelebDFv3,/root/Datasets/CelebDFv3/CelebDFv3/FAKE/FaceReenact/TPSMM/id48_id40_0003.mp4,FaceReenact/TPSMM,id48,id40,0,0.9416517019271851,-0.9416517019271851,0.0,82.45995330810547,30.0,1.0,0.015625,0.01002713292837143,0.008961481042206287,0.006379062309861183,0.006379062309861183
CelebDFv3,/root/Datasets/CelebDFv3/CelebDFv3/FAKE/FaceSwap/BlendFace/id48_id39_0002.mp4,FaceSwap/BlendFace,id48,id39,0,1.0226192474365234,-1.0226192474365234,0.0,111.37901306152344,30.0,0.0,0.0,0.0029103157576173544,0.00409223698079586,0.0017286192160099745,0.003086820710450411
CelebDFv3,/root/Datasets/CelebDFv3/CelebDFv3/FAKE/FaceSwap/Celeb-DF-v2/id23_id1_0004.mp4,FaceSwap/Celeb-DF-v2,id23,id1,0,0.8762871026992798,-0.8762871026992798,0.0,130.6596221923828,30.0,1.0,0.03125,0.014302420429885387,0.010503186844289303,0.011103790253400803,0.014967910014092922
CelebDFv3,/root/Datasets/CelebDFv3/CelebDFv3/FAKE/FaceSwap/GHOST/id26_id30_0004.mp4,FaceSwap/GHOST,id26,id30,0,-2.592012882232666,2.592012882232666,0.0,108.36260986328125,30.0,0.0,0.0,0.0032043587416410446,0.008015450090169907,0.002488143043592572,0.004470223095268011
CelebDFv3,/root/Datasets/CelebDFv3/CelebDFv3/FAKE/FaceSwap/HifiFace/id56_id55_0008.mp4,FaceSwap/HifiFace,id56,id55,0,1.0849552154541016,-1.0849552154541016,0.0,94.39710998535156,30.0,0.0,0.0,0.006029663607478142,0.0030978939030319452,0.0029921303503215313,0.00535829272121191
CelebDFv3,/root/Datasets/CelebDFv3/CelebDFv3/FAKE/FaceSwap/InSwapper/id25_id26_0004.mp4,FaceSwap/InSwapper,id25,id26,0,-2.5433053970336914,2.5433053970336914,0.0,112.24369812011719,30.0,0.0,0.0,0.008202734403312206,0.007459077052772045,0.0034027767833322287,0.006127881817519665
CelebDFv3,/root/Datasets/CelebDFv3/CelebDFv3/FAKE/FaceSwap/MobileFaceSwap/id11_id7_0004.mp4,FaceSwap/MobileFaceSwap,id11,id7,0,5.555960655212402,-5.555960655212402,0.0,134.86203002929688,30.0,1.0,0.109375,0.0013384635094553232,0.0021948651410639286,0.0015426874160766602,0.0029311059042811394
CelebDFv3,/root/Datasets/CelebDFv3/CelebDFv3/FAKE/FaceSwap/SimSwap/id31_id21_0001.mp4,FaceSwap/SimSwap,id31,id21,0,4.435126781463623,-4.435126781463623,0.0,161.4197235107422,30.0,0.0,0.0,0.0024058937560766935,0.002337963553145528,0.00227119168266654,0.004090069327503443
CelebDFv3,/root/Datasets/CelebDFv3/CelebDFv3/FAKE/FaceSwap/UniFace/id23_id0_0003.mp4,FaceSwap/UniFace,id23,id0,0,-5.701417922973633,5.701417922973633,0.0,109.32246398925781,30.0,0.0,0.0,0.003874459071084857,0.0028319144621491432,0.0015391811029985547,0.002735603367909789
CelebDFv3,/root/Datasets/CelebDFv3/CelebDFv3/FAKE/TalkingFace/AniTalker/id8_0000_test_id03862_znMGUBKuVsI.mp4,TalkingFace/AniTalker,id8,,0,5.005557537078857,-5.005557537078857,0.0,456.708740234375,25.0,0.0,0.0,0.005658889189362526,0.002884133020415902,0.006792033556848764,0.006792033556848764
CelebDFv3,/root/Datasets/CelebDFv3/CelebDFv3/FAKE/TalkingFace/EDTalk/id31_0003_test_id04627_IjO3LUCaYLE.mp4,TalkingFace/EDTalk,id31,,0,-6.4713945388793945,6.4713945388793945,0.0,130.498779296875,25.0,0.0,0.0,0.012022441253066063,0.010716774500906467,0.015575433149933815,0.015575433149933815
CelebDFv3,/root/Datasets/CelebDFv3/CelebDFv3/FAKE/TalkingFace/EchoMimic/id54_0005_test_id03178_NLOzCF7vIio.mp4,TalkingFace/EchoMimic,id54,,0,-3.321359157562256,3.321359157562256,0.0,102.33350372314453,24.0,0.0,0.0,0.003960449248552322,0.014406795613467693,0.005470048636198044,0.005470048636198044
CelebDFv3,/root/Datasets/CelebDFv3/CelebDFv3/FAKE/TalkingFace/FLOAT/id11_0003_test_id06209_6oI-FJQS9V0.mp4,TalkingFace/FLOAT,id11,,0,-2.3936338424682617,2.3936338424682617,0.0,156.8358917236328,25.0,0.0,0.0,0.013275588862597942,0.005434529390186071,0.008677802979946136,0.008677802979946136
CelebDFv3,/root/Datasets/CelebDFv3/CelebDFv3/FAKE/TalkingFace/IP_LAP/id54_0008_test_id00017_Nd3m-TBtp6A.mp4,TalkingFace/IP_LAP,id54,,0,-1.5810210704803467,1.5810210704803467,0.0,121.76622772216797,25.0,0.0,0.0,0.006410466507077217,0.00851449929177761,0.006883571855723858,0.006883571855723858
CelebDFv3,/root/Datasets/CelebDFv3/CelebDFv3/FAKE/TalkingFace/Real3DPortrait/id51_0009_test_id03862_CzGa5PRwiaY.mp4,TalkingFace/Real3DPortrait,id51,,0,3.0418753623962402,-3.0418753623962402,0.0,98.64515686035156,25.0,0.0,0.0,0.004630939569324255,0.00550853181630373,0.008444984443485737,0.008444984443485737
CelebDFv3,/root/Datasets/CelebDFv3/CelebDFv3/FAKE/TalkingFace/SadTalker/id22_0004_test_id01333_LI6eLfuTn6I.mp4,TalkingFace/SadTalker,id22,,0,1.4139862060546875,-1.4139862060546875,0.0,123.43348693847656,25.0,0.0,0.0,0.002611220348626375,0.0030279820784926414,0.005996031686663628,0.0056433239951729774
CelebDFv3,/root/Datasets/CelebDFv3/CelebDFv3/FAKE/FaceReenact/DaGAN/id51_id53_0007.mp4,FaceReenact/DaGAN,id51,id53,0,2.4795031547546387,-2.4795031547546387,0.0,111.9168472290039,30.0,1.0,0.15625,0.02680414915084839,0.006240743212401867,0.015706529840826988,0.015706529840826988
CelebDFv3,/root/Datasets/CelebDFv3/CelebDFv3/FAKE/FaceReenact/FSRT/id11_id7_0003.mp4,FaceReenact/FSRT,id11,id7,0,0.48169708251953125,-0.48169708251953125,0.0,119.15705871582031,20.0,0.0,0.0,0.03137076273560524,0.011421352624893188,0.015388831496238708,0.015388831496238708
CelebDFv3,/root/Datasets/CelebDFv3/CelebDFv3/FAKE/FaceReenact/HyperReenact/id56_id58_0009.mp4,FaceReenact/HyperReenact,id56,id58,0,-2.8471322059631348,2.8471322059631348,0.0,129.03233337402344,25.0,0.0,0.0,0.004751482047140598,0.002873253310099244,0.0057266512885689735,0.0057266512885689735
CelebDFv3,/root/Datasets/CelebDFv3/CelebDFv3/FAKE/FaceReenact/LIA/id48_id40_0003.mp4,FaceReenact/LIA,id48,id40,0,-2.409102201461792,2.409102201461792,0.0,89.19111633300781,30.0,0.0,0.0,0.010014048777520657,0.008067701011896133,0.006483873352408409,0.006483873352408409
CelebDFv3,/root/Datasets/CelebDFv3/CelebDFv3/FAKE/FaceReenact/LivePortrait/id23_id33_0006.mp4,FaceReenact/LivePortrait,id23,id33,0,7.755483627319336,-7.755483627319336,0.0,106.19868469238281,30.0,0.0,0.0,0.00336926756426692,0.0033044570591300726,0.002058563055470586,0.002727595856413245
CelebDFv3,/root/Datasets/CelebDFv3/CelebDFv3/FAKE/FaceReenact/MCNET/id59_id60_0001.mp4,FaceReenact/MCNET,id59,id60,0,-1.604909896850586,1.604909896850586,0.0,180.8457794189453,30.0,1.0,0.15625,0.02966371737420559,0.021876923739910126,0.017239058390259743,0.017239058390259743
CelebDFv3,/root/Datasets/CelebDFv3/CelebDFv3/FAKE/FaceReenact/TPSMM/id31_id34_0002.mp4,FaceReenact/TPSMM,id31,id34,0,0.38140323758125305,-0.38140323758125305,0.0,112.25202941894531,30.0,1.0,0.03125,0.025259245187044144,0.012511423788964748,0.043182142078876495,0.043182142078876495
CelebDFv3,/root/Datasets/CelebDFv3/CelebDFv3/FAKE/FaceSwap/BlendFace/id31_id20_0001.mp4,FaceSwap/BlendFace,id31,id20,0,3.937436580657959,-3.937436580657959,0.0,139.30247497558594,30.0,0.0,0.0,0.002065847162157297,0.0030245641246438026,0.0017845816910266876,0.0032137595117092133
CelebDFv3,/root/Datasets/CelebDFv3/CelebDFv3/FAKE/FaceSwap/Celeb-DF-v2/id31_id29_0002.mp4,FaceSwap/Celeb-DF-v2,id31,id29,0,3.631817102432251,-3.631817102432251,0.0,156.74029541015625,30.0,0.0,0.0,0.020450789481401443,0.04085423797369003,0.013969470746815205,0.025156885385513306
CelebDFv3,/root/Datasets/CelebDFv3/CelebDFv3/FAKE/FaceSwap/GHOST/id54_id57_0008.mp4,FaceSwap/GHOST,id54,id57,0,-1.7667248249053955,1.7667248249053955,0.0,112.81513214111328,30.0,0.0,0.0,0.0020354045554995537,0.0034976459573954344,0.0015712638851255178,0.0028138114139437675
CelebDFv3,/root/Datasets/CelebDFv3/CelebDFv3/FAKE/FaceSwap/HifiFace/id23_id16_0004.mp4,FaceSwap/HifiFace,id23,id16,0,-0.43149277567863464,0.43149277567863464,0.0,144.2197265625,30.0,1.0,0.03125,0.016965718939900398,0.011049799621105194,0.011436226777732372,0.015416034497320652
CelebDFv3,/root/Datasets/CelebDFv3/CelebDFv3/FAKE/FaceSwap/InSwapper/id31_id32_0003.mp4,FaceSwap/InSwapper,id31,id32,0,-4.868594169616699,4.868594169616699,0.0,113.1819076538086,30.0,0.0,0.0,0.003109994810074568,0.003563257399946451,0.003599331248551607,0.006481846794486046
CelebDFv3,/root/Datasets/CelebDFv3/CelebDFv3/FAKE/FaceSwap/MobileFaceSwap/id56_id57_0009.mp4,FaceSwap/MobileFaceSwap,id56,id57,0,2.6964364051818848,-2.6964364051818848,0.0,122.26679229736328,30.0,0.0,0.0,0.008176877163350582,0.00188458152115345,0.0023777736350893974,0.004258105531334877
CelebDFv3,/root/Datasets/CelebDFv3/CelebDFv3/FAKE/FaceSwap/SimSwap/id22_id25_0003.mp4,FaceSwap/SimSwap,id22,id25,0,0.43502897024154663,-0.43502897024154663,0.0,216.65113830566406,30.0,1.0,0.328125,0.00994780007749796,0.004639565013349056,0.005249264650046825,0.009329576045274734
CelebDFv3,/root/Datasets/CelebDFv3/CelebDFv3/FAKE/FaceSwap/UniFace/id23_id2_0009.mp4,FaceSwap/UniFace,id23,id2,0,2.964691638946533,-2.964691638946533,0.0,108.76548767089844,30.0,0.0,0.0,0.004338996484875679,0.00438731862232089,0.002756961155682802,0.0036502168513834476
CelebDFv3,/root/Datasets/CelebDFv3/CelebDFv3/FAKE/TalkingFace/AniTalker/id54_0008_test_id01437_p9H07e_p8go.mp4,TalkingFace/AniTalker,id54,,0,-3.4653496742248535,3.4653496742248535,0.0,126.89916229248047,25.0,0.0,0.0,0.007578096818178892,0.003793605137616396,0.004701152443885803,0.004701152443885803
CelebDFv3,/root/Datasets/CelebDFv3/CelebDFv3/FAKE/TalkingFace/EDTalk/id31_0000_test_id08456_ajf9MieCX4k.mp4,TalkingFace/EDTalk,id31,,0,3.623256206512451,-3.623256206512451,0.0,117.71208953857422,25.0,0.0,0.0,0.010905688628554344,0.012585919350385666,0.00529979495331645,0.00529979495331645
CelebDFv3,/root/Datasets/CelebDFv3/CelebDFv3/FAKE/TalkingFace/EchoMimic/id54_0007_test_id01333_D9Eylmbz4Ik.mp4,TalkingFace/EchoMimic,id54,,0,-0.04179508239030838,0.04179508239030838,0.0,139.94920349121094,24.0,0.0,0.0,0.010318880900740623,0.016778336837887764,0.011254578828811646,0.011254578828811646
CelebDFv3,/root/Datasets/CelebDFv3/CelebDFv3/FAKE/TalkingFace/FLOAT/id59_0009_test_id03980_DLgfEilskfc.mp4,TalkingFace/FLOAT,id59,,0,2.7215631008148193,-2.7215631008148193,0.0,185.58975219726562,25.0,0.0,0.0,0.009349209256470203,0.00854798499494791,0.0072930483147501945,0.0072930483147501945
CelebDFv3,/root/Datasets/CelebDFv3/CelebDFv3/FAKE/TalkingFace/IP_LAP/id25_0008_test_id08696_MnjuyAG_DCg.mp4,TalkingFace/IP_LAP,id25,,0,2.6784558296203613,-2.6784558296203613,0.0,99.06924438476562,25.0,1.0,0.015625,0.034570567309856415,0.009879644960165024,0.03859388828277588,0.03859388828277588
CelebDFv3,/root/Datasets/CelebDFv3/CelebDFv3/FAKE/TalkingFace/Real3DPortrait/id48_0005_test_id01618_kzxW2WAFWLI.mp4,TalkingFace/Real3DPortrait,id48,,0,5.116186141967773,-5.116186141967773,0.0,129.78497314453125,25.0,1.0,0.09375,0.01158052682876587,0.004451594315469265,0.008763819932937622,0.008763819932937622
CelebDFv3,/root/Datasets/CelebDFv3/CelebDFv3/FAKE/TalkingFace/SadTalker/id23_0002_test_id07961_Q7QhiPMMMVA.mp4,TalkingFace/SadTalker,id23,,0,-2.740027904510498,2.740027904510498,0.0,126.9039306640625,25.0,0.0,0.0,0.0027596622239798307,0.006024200469255447,0.007426931988447905,0.007426931988447905
CelebDFv3,/root/Datasets/CelebDFv3/CelebDFv3/FAKE/FaceReenact/DaGAN/id48_id43_0008.mp4,FaceReenact/DaGAN,id48,id43,0,0.6299516558647156,-0.6299516558647156,0.0,109.82757568359375,30.0,1.0,0.375,0.010243136435747147,0.009208638221025467,0.007645714562386274,0.007645714562386274
CelebDFv3,/root/Datasets/CelebDFv3/CelebDFv3/FAKE/FaceReenact/FSRT/id54_id50_0004.mp4,FaceReenact/FSRT,id54,id50,0,-3.6180639266967773,3.6180639266967773,0.0,173.8245391845703,20.0,0.0,0.0,0.019619140774011612,0.006054512690752745,0.01024225540459156,0.01024225540459156
CelebDFv3,/root/Datasets/CelebDFv3/CelebDFv3/FAKE/FaceReenact/HyperReenact/id26_id35_0001.mp4,FaceReenact/HyperReenact,id26,id35,0,1.2296239137649536,-1.2296239137649536,0.0,83.17254638671875,25.0,0.0,0.0,0.009888392873108387,0.0037227028515189886,0.008159757591784,0.008159757591784
CelebDFv3,/root/Datasets/CelebDFv3/CelebDFv3/FAKE/FaceReenact/LIA/id23_id27_0006.mp4,FaceReenact/LIA,id23,id27,0,10.781381607055664,-10.781381607055664,0.0,114.57508850097656,30.0,1.0,0.015625,0.01294485293328762,0.006666181143373251,0.00840685237199068,0.00840685237199068
CelebDFv3,/root/Datasets/CelebDFv3/CelebDFv3/FAKE/FaceReenact/LivePortrait/id23_id34_0000.mp4,FaceReenact/LivePortrait,id23,id34,0,1.8200106620788574,-1.8200106620788574,0.0,130.65093994140625,30.0,0.0,0.0,0.0020988783799111843,0.0045835962519049644,0.002247219905257225,0.0039940085262060165
CelebDFv3,/root/Datasets/CelebDFv3/CelebDFv3/FAKE/FaceReenact/MCNET/id48_id39_0008.mp4,FaceReenact/MCNET,id48,id39,0,-1.1938042640686035,1.1938042640686035,0.0,129.65280151367188,30.0,0.0,0.0,0.004619960207492113,0.0027904603630304337,0.00641897926107049,0.00641897926107049
CelebDFv3,/root/Datasets/CelebDFv3/CelebDFv3/FAKE/FaceReenact/TPSMM/id31_id17_0005.mp4,FaceReenact/TPSMM,id31,id17,0,-0.42611196637153625,0.42611196637153625,0.0,116.60389709472656,30.0,0.0,0.0,0.010327374562621117,0.009367445483803749,0.008521595038473606,0.008521595038473606
CelebDFv3,/root/Datasets/CelebDFv3/CelebDFv3/FAKE/FaceSwap/BlendFace/id59_id61_0004.mp4,FaceSwap/BlendFace,id59,id61,0,-1.7354810237884521,1.7354810237884521,0.0,172.5253143310547,30.0,0.0,0.0,0.0054629226215183735,0.011625229381024837,0.002549455501139164,0.0045655518770217896
CelebDFv3,/root/Datasets/CelebDFv3/CelebDFv3/FAKE/FaceSwap/Celeb-DF-v2/id25_id26_0002.mp4,FaceSwap/Celeb-DF-v2,id25,id26,0,-1.3525488376617432,1.3525488376617432,0.0,87.38410949707031,30.0,0.0,0.0,0.010773060843348503,0.021367186680436134,0.003177036764100194,0.005721358582377434
CelebDFv3,/root/Datasets/CelebDFv3/CelebDFv3/FAKE/FaceSwap/GHOST/id31_id16_0004.mp4,FaceSwap/GHOST,id31,id16,0,0.9553248882293701,-0.9553248882293701,0.0,171.42886352539062,30.0,0.0,0.0,0.0049198586493730545,0.0030708536505699158,0.002622579224407673,0.004722864832729101
CelebDFv3,/root/Datasets/CelebDFv3/CelebDFv3/FAKE/FaceSwap/HifiFace/id31_id9_0005.mp4,FaceSwap/HifiFace,id31,id9,0,0.450966477394104,-0.450966477394104,0.0,124.59760284423828,30.0,0.0,0.0,0.005475018173456192,0.004099890124052763,0.003286154707893729,0.005917863454669714
CelebDFv3,/root/Datasets/CelebDFv3/CelebDFv3/FAKE/FaceSwap/InSwapper/id23_id19_0002.mp4,FaceSwap/InSwapper,id23,id19,0,-2.587007999420166,2.587007999420166,0.0,92.36276245117188,30.0,0.0,0.0,0.009449850767850876,0.011386113241314888,0.0031462330371141434,0.005591834429651499
CelebDFv3,/root/Datasets/CelebDFv3/CelebDFv3/FAKE/FaceSwap/MobileFaceSwap/id26_id38_0001.mp4,FaceSwap/MobileFaceSwap,id26,id38,0,3.7349395751953125,-3.7349395751953125,0.0,96.15156555175781,30.0,1.0,0.03125,0.0197305791079998,0.016245808452367783,0.004113898612558842,0.007391070947051048
CelebDFv3,/root/Datasets/CelebDFv3/CelebDFv3/FAKE/FaceSwap/SimSwap/id48_id42_0004.mp4,FaceSwap/SimSwap,id48,id42,0,1.9818247556686401,-1.9818247556686401,0.0,131.23231506347656,30.0,0.0,0.0,0.00251597142778337,0.002302861539646983,0.002741148928180337,0.004894908517599106
CelebDFv3,/root/Datasets/CelebDFv3/CelebDFv3/FAKE/FaceSwap/UniFace/id26_id32_0001.mp4,FaceSwap/UniFace,id26,id32,0,1.3892967700958252,-1.3892967700958252,0.0,98.4894027709961,30.0,0.0,0.0,0.019786281511187553,0.016630731523036957,0.0038329707458615303,0.006886354181915522
CelebDFv3,/root/Datasets/CelebDFv3/CelebDFv3/FAKE/TalkingFace/AniTalker/id31_0008_test_id01593_xYSFA0pJBl0.mp4,TalkingFace/AniTalker,id31,,0,1.539074420928955,-1.539074420928955,0.0,120.80492401123047,25.0,0.0,0.0,0.007159461732953787,0.009034181945025921,0.009494008496403694,0.009494008496403694
CelebDFv3,/root/Datasets/CelebDFv3/CelebDFv3/FAKE/TalkingFace/EDTalk/id59_0009_test_id06484_W9YT6lAdJ3Y.mp4,TalkingFace/EDTalk,id59,,0,5.029268264770508,-5.029268264770508,0.0,146.65452575683594,25.0,0.0,0.0,0.01509674359112978,0.011184942908585072,0.006565379910171032,0.006565379910171032
CelebDFv3,/root/Datasets/CelebDFv3/CelebDFv3/FAKE/TalkingFace/EchoMimic/id56_0009_test_id01460_Es6CkRmkIBY.mp4,TalkingFace/EchoMimic,id56,,0,5.536605358123779,-5.536605358123779,0.0,157.457763671875,24.0,0.0,0.0,0.010017383843660355,0.013648469001054764,0.0061678397469222546,0.0061678397469222546
CelebDFv3,/root/Datasets/CelebDFv3/CelebDFv3/FAKE/TalkingFace/FLOAT/id23_0006_test_id06104_D84wde8JJ_k.mp4,TalkingFace/FLOAT,id23,,0,10.301816940307617,-10.301816940307617,0.0,111.66852569580078,25.0,0.0,0.0,0.01514427736401558,0.008508479222655296,0.006781458854675293,0.006781458854675293
CelebDFv3,/root/Datasets/CelebDFv3/CelebDFv3/FAKE/TalkingFace/IP_LAP/id22_0008_test_id01593_sU-ejsiL4Fc.mp4,TalkingFace/IP_LAP,id22,,0,4.323668479919434,-4.323668479919434,0.0,191.8874053955078,25.0,0.0,0.0,0.007552578113973141,0.005202027969062328,0.009370110929012299,0.009370110929012299
CelebDFv3,/root/Datasets/CelebDFv3/CelebDFv3/FAKE/TalkingFace/Real3DPortrait/id23_0006_test_id09017_W9dkqIcvdBg.mp4,TalkingFace/Real3DPortrait,id23,,0,14.675787925720215,-14.675787925720215,0.0,103.6277084350586,25.0,0.0,0.0,0.012413760647177696,0.005271932575851679,0.0052586812525987625,0.0052586812525987625
CelebDFv3,/root/Datasets/CelebDFv3/CelebDFv3/FAKE/TalkingFace/SadTalker/id54_0001_test_id01228_Jz8TtqKaxhA.mp4,TalkingFace/SadTalker,id54,,0,-9.023696899414062,9.023696899414062,0.0,206.34120178222656,25.0,0.0,0.0,0.004478132352232933,0.004810932092368603,0.006900112144649029,0.006900112144649029
CelebDFv3,/root/Datasets/CelebDFv3/CelebDFv3/FAKE/FaceReenact/DaGAN/id51_id57_0008.mp4,FaceReenact/DaGAN,id51,id57,0,-0.9328327178955078,0.9328327178955078,0.0,107.70490264892578,29.829999923706055,0.0,0.0,0.009095621295273304,0.0068944841623306274,0.0066243549808859825,0.0066243549808859825
CelebDFv3,/root/Datasets/CelebDFv3/CelebDFv3/FAKE/FaceReenact/FSRT/id54_id51_0003.mp4,FaceReenact/FSRT,id54,id51,0,1.946112871170044,-1.946112871170044,0.0,141.94334411621094,20.0,1.0,0.28125,0.015191512182354927,0.01569792442023754,0.03202611207962036,0.03202611207962036
CelebDFv3,/root/Datasets/CelebDFv3/CelebDFv3/FAKE/FaceReenact/HyperReenact/id26_id24_0001.mp4,FaceReenact/HyperReenact,id26,id24,0,-1.206423044204712,1.206423044204712,0.0,96.34410095214844,25.0,0.0,0.0,0.0036838557571172714,0.003671926911920309,0.008025391027331352,0.008025391027331352
CelebDFv3,/root/Datasets/CelebDFv3/CelebDFv3/FAKE/FaceReenact/LIA/id48_id40_0007.mp4,FaceReenact/LIA,id48,id40,0,3.9072673320770264,-3.9072673320770264,0.0,110.53435516357422,30.0,0.0,0.0,0.006131763570010662,0.007422600872814655,0.007838273420929909,0.007838273420929909
CelebDFv3,/root/Datasets/CelebDFv3/CelebDFv3/FAKE/FaceReenact/LivePortrait/id56_id58_0009.mp4,FaceReenact/LivePortrait,id56,id58,0,1.7947661876678467,-1.7947661876678467,0.0,108.05191802978516,29.0,0.0,0.0,0.017975829541683197,0.003980319947004318,0.0035174740478396416,0.006299074739217758
CelebDFv3,/root/Datasets/CelebDFv3/CelebDFv3/FAKE/FaceReenact/MCNET/id11_id7_0008.mp4,FaceReenact/MCNET,id11,id7,0,2.5396132469177246,-2.5396132469177246,0.0,98.71373748779297,30.0,0.0,0.0,0.00493219681084156,0.0028347556944936514,0.004209341015666723,0.004209341015666723
CelebDFv3,/root/Datasets/CelebDFv3/CelebDFv3/FAKE/FaceReenact/TPSMM/id23_id9_0009.mp4,FaceReenact/TPSMM,id23,id9,0,6.296969890594482,-6.296969890594482,0.0,93.18217468261719,30.0,1.0,0.03125,0.009049261920154095,0.014747083187103271,0.01929130032658577,0.01929130032658577
CelebDFv3,/root/Datasets/CelebDFv3/CelebDFv3/FAKE/FaceSwap/BlendFace/id51_id55_0004.mp4,FaceSwap/BlendFace,id51,id55,0,-7.606252193450928,7.606252193450928,0.0,107.69840240478516,29.0,1.0,0.203125,0.006734461989253759,0.011205482296645641,0.006289289798587561,0.011262830346822739
CelebDFv3,/root/Datasets/CelebDFv3/CelebDFv3/FAKE/FaceSwap/Celeb-DF-v2/id54_id55_0008.mp4,FaceSwap/Celeb-DF-v2,id54,id55,0,-0.8254213333129883,0.8254213333129883,0.0,115.95223999023438,30.0,0.0,0.0,0.0020803615916520357,0.0030125488992780447,0.00221375934779644,0.003964389208704233
CelebDFv3,/root/Datasets/CelebDFv3/CelebDFv3/FAKE/FaceSwap/GHOST/id31_id34_0006.mp4,FaceSwap/GHOST,id31,id34,0,-8.00307846069336,8.00307846069336,0.0,222.7661895751953,30.0,0.0,0.0,0.004765640944242477,0.010615039616823196,0.003302551805973053,0.00594739243388176
CelebDFv3,/root/Datasets/CelebDFv3/CelebDFv3/FAKE/FaceSwap/HifiFace/id26_id17_0004.mp4,FaceSwap/HifiFace,id26,id17,0,-3.330618143081665,3.330618143081665,0.0,104.35660552978516,30.0,0.0,0.0,0.0036815269850194454,0.008174466900527477,0.0031394511461257935,0.005640369839966297
CelebDFv3,/root/Datasets/CelebDFv3/CelebDFv3/FAKE/FaceSwap/InSwapper/id31_id34_0009.mp4,FaceSwap/InSwapper,id31,id34,0,-1.5174052715301514,1.5174052715301514,0.0,102.03868865966797,30.0,0.0,0.0,0.003523926017805934,0.004970300942659378,0.0032545209396630526,0.005860895849764347
CelebDFv3,/root/Datasets/CelebDFv3/CelebDFv3/FAKE/FaceSwap/MobileFaceSwap/id54_id51_0006.mp4,FaceSwap/MobileFaceSwap,id54,id51,0,-1.2807124853134155,1.2807124853134155,0.0,163.9508056640625,30.0,1.0,0.015625,0.004409638233482838,0.006740465760231018,0.0034814788959920406,0.006234615575522184
CelebDFv3,/root/Datasets/CelebDFv3/CelebDFv3/FAKE/FaceSwap/SimSwap/id31_id29_0001.mp4,FaceSwap/SimSwap,id31,id29,0,2.63041353225708,-2.63041353225708,0.0,164.62107849121094,30.0,0.0,0.0,0.0020662909373641014,0.003022023942321539,0.002106020227074623,0.0037926207296550274
CelebDFv3,/root/Datasets/CelebDFv3/CelebDFv3/FAKE/FaceSwap/UniFace/id56_id52_0008.mp4,FaceSwap/UniFace,id56,id52,0,1.1529760360717773,-1.1529760360717773,0.0,96.92741394042969,30.0,1.0,0.03125,0.004569337237626314,0.0026467591524124146,0.0017342703649774194,0.003105722600594163
CelebDFv3,/root/Datasets/CelebDFv3/CelebDFv3/FAKE/TalkingFace/AniTalker/id22_0003_test_id00081_jO5DSKhhcqQ.mp4,TalkingFace/AniTalker,id22,,0,10.100862503051758,-10.100862503051758,0.0,199.45156860351562,25.0,0.0,0.0,0.00789582822471857,0.006298443768173456,0.006225251127034426,0.006225251127034426
CelebDFv3,/root/Datasets/CelebDFv3/CelebDFv3/FAKE/TalkingFace/EDTalk/id54_0003_test_id00562_2KLM0Lact6A.mp4,TalkingFace/EDTalk,id54,,0,2.3864779472351074,-2.3864779472351074,0.0,168.96559143066406,25.0,0.0,0.0,0.015779366716742516,0.008984377607703209,0.007082352880388498,0.007082352880388498
CelebDFv3,/root/Datasets/CelebDFv3/CelebDFv3/FAKE/TalkingFace/EchoMimic/id59_0007_test_id02019_anSrwA_9RPE.mp4,TalkingFace/EchoMimic,id59,,0,-0.3552083969116211,0.3552083969116211,0.0,113.12068176269531,24.0,0.0,0.0,0.002361200749874115,0.00716837402433157,0.007054094225168228,0.007054094225168228
CelebDFv3,/root/Datasets/CelebDFv3/CelebDFv3/FAKE/TalkingFace/FLOAT/id26_0000_test_id01593_Clw9yg6Jd34.mp4,TalkingFace/FLOAT,id26,,0,0.04038560390472412,-0.04038560390472412,0.0,154.52854919433594,25.0,0.0,0.0,0.00856862310320139,0.007794375531375408,0.006039878819137812,0.006039878819137812
CelebDFv3,/root/Datasets/CelebDFv3/CelebDFv3/FAKE/TalkingFace/IP_LAP/id22_0006_test_id04478_qfn8NllQPNY.mp4,TalkingFace/IP_LAP,id22,,0,3.6573173999786377,-3.6573173999786377,0.0,129.48753356933594,25.0,0.0,0.0,0.007389722391963005,0.005102162715047598,0.004775830544531345,0.004775830544531345
CelebDFv3,/root/Datasets/CelebDFv3/CelebDFv3/FAKE/TalkingFace/Real3DPortrait/id51_0006_test_id07312_0LWllHGohPY.mp4,TalkingFace/Real3DPortrait,id51,,0,4.754508972167969,-4.754508972167969,0.0,104.97960662841797,25.0,0.0,0.0,0.01507369615137577,0.004250338766723871,0.01213141344487667,0.01213141344487667
CelebDFv3,/root/Datasets/CelebDFv3/CelebDFv3/FAKE/TalkingFace/SadTalker/id54_0000_test_id01593_Clw9yg6Jd34.mp4,TalkingFace/SadTalker,id54,,0,2.0196526050567627,-2.0196526050567627,0.0,125.9260482788086,25.0,0.0,0.0,0.002742348238825798,0.0028361391741782427,0.003992232959717512,0.00375739554874599
CelebDFv3,/root/Datasets/CelebDFv3/CelebDFv3/FAKE/FaceReenact/DaGAN/id26_id30_0003.mp4,FaceReenact/DaGAN,id26,id30,0,7.799718856811523,-7.799718856811523,0.0,222.94192504882812,30.0,0.0,0.0,0.016826191917061806,0.014421778731048107,0.008792304433882236,0.008792304433882236
CelebDFv3,/root/Datasets/CelebDFv3/CelebDFv3/FAKE/FaceReenact/FSRT/id11_id7_0002.mp4,FaceReenact/FSRT,id11,id7,0,2.602041244506836,-2.602041244506836,0.0,97.34125518798828,20.0,0.0,0.0,0.0066664996556937695,0.004646688234061003,0.00617033988237381,0.00617033988237381
CelebDFv3,/root/Datasets/CelebDFv3/CelebDFv3/FAKE/FaceReenact/HyperReenact/id23_id26_0001.mp4,FaceReenact/HyperReenact,id23,id26,0,-0.29109299182891846,0.29109299182891846,0.0,94.85652923583984,25.0,0.0,0.0,0.019669074565172195,0.002571313176304102,0.01628359779715538,0.01628359779715538
CelebDFv3,/root/Datasets/CelebDFv3/CelebDFv3/FAKE/FaceReenact/LIA/id26_id2_0005.mp4,FaceReenact/LIA,id26,id2,0,-2.4522018432617188,2.4522018432617188,0.0,255.5634307861328,30.0,1.0,0.25,0.006723796017467976,0.0029482077807188034,0.004059224389493465,0.004059224389493465
CelebDFv3,/root/Datasets/CelebDFv3/CelebDFv3/FAKE/FaceReenact/LivePortrait/id22_id23_0001.mp4,FaceReenact/LivePortrait,id22,id23,0,5.009198188781738,-5.009198188781738,0.0,106.74353790283203,30.0,0.0,0.0,0.0012009497731924057,0.0016227398300543427,0.0010498292976990342,0.0018658729968592525
CelebDFv3,/root/Datasets/CelebDFv3/CelebDFv3/FAKE/FaceReenact/MCNET/id51_id53_0006.mp4,FaceReenact/MCNET,id51,id53,0,1.5790685415267944,-1.5790685415267944,0.0,114.37830352783203,30.0,0.0,0.0,0.007675572298467159,0.004769252613186836,0.009125418961048126,0.009125418961048126
CelebDFv3,/root/Datasets/CelebDFv3/CelebDFv3/FAKE/FaceReenact/TPSMM/id25_id21_0002.mp4,FaceReenact/TPSMM,id25,id21,0,0.07294102013111115,-0.07294102013111115,0.0,95.42599487304688,30.0,0.0,0.0,0.010390441864728928,0.01853162609040737,0.007613262161612511,0.007613262161612511
CelebDFv3,/root/Datasets/CelebDFv3/CelebDFv3/FAKE/FaceSwap/BlendFace/id56_id55_0003.mp4,FaceSwap/BlendFace,id56,id55,0,-3.421259880065918,3.421259880065918,0.0,78.1515121459961,30.0,0.0,0.0,0.0042751929722726345,0.0030612756963819265,0.0035867427941411734,0.006423120852559805
CelebDFv3,/root/Datasets/CelebDFv3/CelebDFv3/FAKE/FaceSwap/Celeb-DF-v2/id31_id33_0008.mp4,FaceSwap/Celeb-DF-v2,id31,id33,0,-2.2264082431793213,2.2264082431793213,0.0,109.5821533203125,30.0,0.0,0.0,0.003561923047527671,0.009734198451042175,0.0062473732978105545,0.011250564828515053
CelebDFv3,/root/Datasets/CelebDFv3/CelebDFv3/FAKE/FaceSwap/GHOST/id23_id34_0009.mp4,FaceSwap/GHOST,id23,id34,0,4.702055931091309,-4.702055931091309,0.0,104.88056182861328,30.0,0.0,0.0,0.004039176739752293,0.0043758247047662735,0.0024974725674837828,0.003306653816252947
CelebDFv3,/root/Datasets/CelebDFv3/CelebDFv3/FAKE/FaceSwap/HifiFace/id25_id20_0005.mp4,FaceSwap/HifiFace,id25,id20,0,-1.2894623279571533,1.2894623279571533,0.0,87.76252746582031,30.0,0.0,0.0,0.011890174821019173,0.0032750959508121014,0.005173866171389818,0.007678017485886812
CelebDFv3,/root/Datasets/CelebDFv3/CelebDFv3/FAKE/FaceSwap/InSwapper/id54_id58_0004.mp4,FaceSwap/InSwapper,id54,id58,0,-2.3824174404144287,2.3824174404144287,0.0,176.5836944580078,30.0,0.0,0.0,0.0018582094926387072,0.01858014240860939,0.010664107277989388,0.019097229465842247
CelebDFv3,/root/Datasets/CelebDFv3/CelebDFv3/FAKE/FaceSwap/MobileFaceSwap/id31_id1_0001.mp4,FaceSwap/MobileFaceSwap,id31,id1,0,2.8273026943206787,-2.8273026943206787,0.0,154.8263397216797,30.0,0.0,0.0,0.0023779701441526413,0.0026122855488210917,0.0021472356747835875,0.00386684387922287
CelebDFv3,/root/Datasets/CelebDFv3/CelebDFv3/FAKE/FaceSwap/SimSwap/id26_id38_0001.mp4,FaceSwap/SimSwap,id26,id38,0,2.7885546684265137,-2.7885546684265137,0.0,106.78520965576172,30.0,0.0,0.0,0.01980452984571457,0.016574842855334282,0.004158440977334976,0.007471098098903894
CelebDFv3,/root/Datasets/CelebDFv3/CelebDFv3/FAKE/FaceSwap/UniFace/id11_id7_0003.mp4,FaceSwap/UniFace,id11,id7,0,-0.9945165514945984,0.9945165514945984,0.0,153.24916076660156,30.0,0.0,0.0,0.002761607291176915,0.005519396625459194,0.002327687805518508,0.004422606900334358
CelebDFv3,/root/Datasets/CelebDFv3/CelebDFv3/FAKE/TalkingFace/AniTalker/id22_0005_test_id04276_Sgb1KpIJt90.mp4,TalkingFace/AniTalker,id22,,0,-1.5917699337005615,1.5917699337005615,0.0,133.54566955566406,25.0,0.0,0.0,0.004768067970871925,0.005453370977193117,0.005817415192723274,0.005817415192723274
CelebDFv3,/root/Datasets/CelebDFv3/CelebDFv3/FAKE/TalkingFace/EDTalk/id25_0007_test_id00812_uCF5yBvYa9k.mp4,TalkingFace/EDTalk,id25,,0,2.1983768939971924,-2.1983768939971924,0.0,167.69691467285156,25.0,0.0,0.0,0.012735119089484215,0.01056928001344204,0.005221149884164333,0.005221149884164333
CelebDFv3,/root/Datasets/CelebDFv3/CelebDFv3/FAKE/TalkingFace/EchoMimic/id31_0007_test_id05459_7UxF1t_taDk.mp4,TalkingFace/EchoMimic,id31,,0,-7.71226692199707,7.71226692199707,0.0,332.1142883300781,24.0,0.0,0.0,0.009128154255449772,0.005146872717887163,0.009540948085486889,0.009540948085486889
CelebDFv3,/root/Datasets/CelebDFv3/CelebDFv3/FAKE/TalkingFace/FLOAT/id59_0008_test_id01228_wQ0cqLka-oQ.mp4,TalkingFace/FLOAT,id59,,0,1.5080335140228271,-1.5080335140228271,0.0,111.56278228759766,25.0,0.0,0.0,0.011018176563084126,0.006008020602166653,0.006635571364313364,0.006635571364313364
CelebDFv3,/root/Datasets/CelebDFv3/CelebDFv3/FAKE/TalkingFace/IP_LAP/id8_0001_test_id00926_KV8f4Uucosc.mp4,TalkingFace/IP_LAP,id8,,0,-3.465129852294922,3.465129852294922,0.0,168.6066131591797,25.0,0.0,0.0,0.0089018065482378,0.02065407857298851,0.00823308527469635,0.00823308527469635
CelebDFv3,/root/Datasets/CelebDFv3/CelebDFv3/FAKE/TalkingFace/Real3DPortrait/id8_0005_test_id07312_0LWllHGohPY.mp4,TalkingFace/Real3DPortrait,id8,,0,-3.07544207572937,3.07544207572937,0.0,128.1000213623047,25.0,0.0,0.0,0.01534428633749485,0.005576350726187229,0.015924468636512756,0.015924468636512756
CelebDFv3,/root/Datasets/CelebDFv3/CelebDFv3/FAKE/TalkingFace/SadTalker/id48_0006_test_id04094_iuzHh5LLoUo.mp4,TalkingFace/SadTalker,id48,,0,0.1560203582048416,-0.1560203582048416,0.0,112.76737976074219,25.0,0.0,0.0,0.002744849771261215,0.0035176905803382397,0.008064071647822857,0.008064071647822857
CelebDFv3,/root/Datasets/CelebDFv3/CelebDFv3/FAKE/FaceReenact/DaGAN/id48_id39_0007.mp4,FaceReenact/DaGAN,id48,id39,0,1.8753397464752197,-1.8753397464752197,0.0,103.433349609375,30.0,1.0,0.296875,0.009197643026709557,0.004371968097984791,0.00562259741127491,0.00562259741127491
CelebDFv3,/root/Datasets/CelebDFv3/CelebDFv3/FAKE/FaceReenact/FSRT/id8_id0_0008.mp4,FaceReenact/FSRT,id8,id0,0,-0.5212271213531494,0.5212271213531494,0.0,108.7205810546875,20.0,1.0,0.515625,0.010774378664791584,0.009581117890775204,0.005394643172621727,0.005394643172621727
CelebDFv3,/root/Datasets/CelebDFv3/CelebDFv3/FAKE/FaceReenact/HyperReenact/id59_id5_0004.mp4,FaceReenact/HyperReenact,id59,id5,0,-0.21334433555603027,0.21334433555603027,0.0,293.118896484375,25.0,0.0,0.0,0.013362238183617592,0.004304956644773483,0.009444424882531166,0.009444424882531166
CelebDFv3,/root/Datasets/CelebDFv3/CelebDFv3/FAKE/FaceReenact/LIA/id48_id42_0001.mp4,FaceReenact/LIA,id48,id42,0,-0.7173436880111694,0.7173436880111694,0.0,92.34001922607422,30.0,0.0,0.0,0.008780968375504017,0.003472275799140334,0.004664102103561163,0.004664102103561163
CelebDFv3,/root/Datasets/CelebDFv3/CelebDFv3/FAKE/FaceReenact/LivePortrait/id31_id20_0003.mp4,FaceReenact/LivePortrait,id31,id20,0,-6.9620137214660645,6.9620137214660645,0.0,132.96279907226562,30.0,0.0,0.0,0.002052030060440302,0.007132868282496929,0.0037904682103544474,0.006826054770499468
CelebDFv3,/root/Datasets/CelebDFv3/CelebDFv3/FAKE/FaceReenact/MCNET/id31_id35_0007.mp4,FaceReenact/MCNET,id31,id35,0,-1.4806076288223267,1.4806076288223267,0.0,266.5039367675781,30.0,1.0,0.09375,0.012000535614788532,0.015676550567150116,0.01080208271741867,0.01080208271741867
CelebDFv3,/root/Datasets/CelebDFv3/CelebDFv3/FAKE/FaceReenact/TPSMM/id31_id35_0002.mp4,FaceReenact/TPSMM,id31,id35,0,-0.34830230474472046,0.34830230474472046,0.0,113.12179565429688,30.0,0.0,0.0,0.016841862350702286,0.007157554849982262,0.012327976524829865,0.012327976524829865
CelebDFv3,/root/Datasets/CelebDFv3/CelebDFv3/FAKE/FaceSwap/BlendFace/id31_id20_0002.mp4,FaceSwap/BlendFace,id31,id20,0,3.7371692657470703,-3.7371692657470703,0.0,134.00804138183594,30.0,1.0,0.015625,0.02714829333126545,0.062375329434871674,0.019556371495127678,0.035218045115470886
CelebDFv3,/root/Datasets/CelebDFv3/CelebDFv3/FAKE/FaceSwap/Celeb-DF-v2/id26_id9_0002.mp4,FaceSwap/Celeb-DF-v2,id26,id9,0,-0.9619919657707214,0.9619919657707214,0.0,87.40442657470703,30.0,0.0,0.0,0.0062002819031476974,0.016489185392856598,0.0040962183848023415,0.0073593077249825
CelebDFv3,/root/Datasets/CelebDFv3/CelebDFv3/FAKE/FaceSwap/GHOST/id54_id57_0006.mp4,FaceSwap/GHOST,id54,id57,0,-1.9281773567199707,1.9281773567199707,0.0,180.90965270996094,30.0,0.0,0.0,0.004308795090764761,0.006597436033189297,0.0030257985927164555,0.00541858421638608
CelebDFv3,/root/Datasets/CelebDFv3/CelebDFv3/FAKE/FaceSwap/HifiFace/id26_id6_0002.mp4,FaceSwap/HifiFace,id26,id6,0,1.9503731727600098,-1.9503731727600098,0.0,85.52043914794922,30.0,0.0,0.0,0.006782545242458582,0.016671903431415558,0.0037459577433764935,0.0067300256341695786
CelebDFv3,/root/Datasets/CelebDFv3/CelebDFv3/FAKE/FaceSwap/InSwapper/id31_id28_0004.mp4,FaceSwap/InSwapper,id31,id28,0,-1.461108922958374,1.461108922958374,0.0,174.60382080078125,30.0,0.0,0.0,0.005050583742558956,0.003071229439228773,0.002442432101815939,0.004398447461426258
CelebDFv3,/root/Datasets/CelebDFv3/CelebDFv3/FAKE/FaceSwap/MobileFaceSwap/id26_id9_0008.mp4,FaceSwap/MobileFaceSwap,id26,id9,0,-0.8778212070465088,0.8778212070465088,0.0,126.01016998291016,30.0,0.0,0.0,0.005940160248428583,0.005243008956313133,0.0033899834379553795,0.0061730267480015755
CelebDFv3,/root/Datasets/CelebDFv3/CelebDFv3/FAKE/FaceSwap/SimSwap/id31_id26_0007.mp4,FaceSwap/SimSwap,id31,id26,0,-9.431158065795898,9.431158065795898,0.0,280.9415283203125,30.0,0.0,0.0,0.010682077147066593,0.003969169221818447,0.005948157515376806,0.010711724869906902
CelebDFv3,/root/Datasets/CelebDFv3/CelebDFv3/FAKE/FaceSwap/UniFace/id23_id32_0009.mp4,FaceSwap/UniFace,id23,id32,0,2.0082216262817383,-2.0082216262817383,0.0,105.6710433959961,30.0,1.0,0.015625,0.0042106956243515015,0.0048191240057349205,0.006038431078195572,0.007994882762432098
CelebDFv3,/root/Datasets/CelebDFv3/CelebDFv3/FAKE/TalkingFace/AniTalker/id23_0000_test_id01509_6wp2Lht90Fw.mp4,TalkingFace/AniTalker,id23,,0,5.42549991607666,-5.42549991607666,0.0,121.21118927001953,25.0,0.0,0.0,0.004313016775995493,0.003094372572377324,0.0037004221230745316,0.0037004221230745316
CelebDFv3,/root/Datasets/CelebDFv3/CelebDFv3/FAKE/TalkingFace/EDTalk/id23_0000_test_id01541_H1G3yUV598w.mp4,TalkingFace/EDTalk,id23,,0,7.150099754333496,-7.150099754333496,0.0,120.82703399658203,25.0,0.0,0.0,0.014629538170993328,0.010879180394113064,0.007568050641566515,0.007568050641566515
CelebDFv3,/root/Datasets/CelebDFv3/CelebDFv3/FAKE/TalkingFace/EchoMimic/id51_0000_test_id05124_69HB1cXEoac.mp4,TalkingFace/EchoMimic,id51,,0,-0.13312888145446777,0.13312888145446777,0.0,95.13157653808594,24.0,0.0,0.0,0.0660167783498764,0.01048895064741373,0.009126034565269947,0.009126034565269947
CelebDFv3,/root/Datasets/CelebDFv3/CelebDFv3/FAKE/TalkingFace/FLOAT/id22_0005_test_id04276_Sgb1KpIJt90.mp4,TalkingFace/FLOAT,id22,,0,-4.106665134429932,4.106665134429932,0.0,130.00070190429688,25.0,0.0,0.0,0.006556284613907337,0.008326712064445019,0.006547464057803154,0.006547464057803154
CelebDFv3,/root/Datasets/CelebDFv3/CelebDFv3/FAKE/TalkingFace/IP_LAP/id11_0005_test_id02465_PhHBC9xmnUQ.mp4,TalkingFace/IP_LAP,id11,,0,-1.3655039072036743,1.3655039072036743,0.0,120.18983459472656,25.0,0.0,0.0,0.014268632046878338,0.010747173801064491,0.008072609081864357,0.008072609081864357
CelebDFv3,/root/Datasets/CelebDFv3/CelebDFv3/FAKE/TalkingFace/Real3DPortrait/id51_0006_test_id01892_aYQNf2Z8dGI.mp4,TalkingFace/Real3DPortrait,id51,,0,4.275015354156494,-4.275015354156494,0.0,105.63481903076172,25.0,1.0,0.015625,0.01124875433743,0.004295040853321552,0.010618845000863075,0.010618845000863075
CelebDFv3,/root/Datasets/CelebDFv3/CelebDFv3/FAKE/TalkingFace/SadTalker/id51_0005_test_id08701_IF-okJTentA.mp4,TalkingFace/SadTalker,id51,,0,-4.433476448059082,4.433476448059082,0.0,152.77687072753906,25.0,0.0,0.0,0.0029602826107293367,0.008928347378969193,0.00732233002781868,0.00732233002781868
CelebDFv3,/root/Datasets/CelebDFv3/CelebDFv3/FAKE/FaceReenact/DaGAN/id51_id58_0000.mp4,FaceReenact/DaGAN,id51,id58,0,2.1508517265319824,-2.1508517265319824,0.0,109.69645690917969,30.0,1.0,0.015625,0.02054104208946228,0.007768659386783838,0.024394946172833443,0.024394946172833443
CelebDFv3,/root/Datasets/CelebDFv3/CelebDFv3/FAKE/FaceReenact/FSRT/id22_id24_0009.mp4,FaceReenact/FSRT,id22,id24,0,0.7363501787185669,-0.7363501787185669,0.0,113.58859252929688,20.0,0.0,0.0,0.009044586680829525,0.005710533820092678,0.009699597023427486,0.009699597023427486
CelebDFv3,/root/Datasets/CelebDFv3/CelebDFv3/FAKE/FaceReenact/HyperReenact/id48_id40_0007.mp4,FaceReenact/HyperReenact,id48,id40,0,-3.2019760608673096,3.2019760608673096,0.0,115.2542953491211,25.0,0.0,0.0,0.0029433188028633595,0.002083646832033992,0.004343423526734114,0.004343423526734114
CelebDFv3,/root/Datasets/CelebDFv3/CelebDFv3/FAKE/FaceReenact/LIA/id23_id29_0005.mp4,FaceReenact/LIA,id23,id29,0,3.2546095848083496,-3.2546095848083496,0.0,89.44050598144531,30.0,0.0,0.0,0.03034992702305317,0.009183572605252266,0.011677251197397709,0.011677251197397709
CelebDFv3,/root/Datasets/CelebDFv3/CelebDFv3/FAKE/FaceReenact/LivePortrait/id26_id37_0008.mp4,FaceReenact/LivePortrait,id26,id37,0,-0.29834216833114624,0.29834216833114624,0.0,119.73865509033203,30.0,0.0,0.0,0.0021822720300406218,0.003231264650821686,0.0017884939443320036,0.003256776835769415
CelebDFv3,/root/Datasets/CelebDFv3/CelebDFv3/FAKE/FaceReenact/MCNET/id51_id58_0002.mp4,FaceReenact/MCNET,id51,id58,0,4.345934867858887,-4.345934867858887,0.0,99.213134765625,30.0,0.0,0.0,0.011279809288680553,0.008001011796295643,0.009507016278803349,0.009507016278803349
CelebDFv3,/root/Datasets/CelebDFv3/CelebDFv3/FAKE/FaceReenact/TPSMM/id23_id4_0007.mp4,FaceReenact/TPSMM,id23,id4,0,3.4709391593933105,-3.4709391593933105,0.0,108.60447692871094,30.0,0.0,0.0,0.012632051482796669,0.007549472153186798,0.008479947224259377,0.008479947224259377
CelebDFv3,/root/Datasets/CelebDFv3/CelebDFv3/FAKE/FaceSwap/BlendFace/id56_id50_0005.mp4,FaceSwap/BlendFace,id56,id50,0,-0.08198708295822144,0.08198708295822144,0.0,99.58991241455078,29.899993896484375,0.0,0.0,0.0017055460484698415,0.00386850256472826,0.0010773789836093783,0.0019293648656457663
CelebDFv3,/root/Datasets/CelebDFv3/CelebDFv3/FAKE/FaceSwap/Celeb-DF-v2/id31_id3_0009.mp4,FaceSwap/Celeb-DF-v2,id31,id3,0,-0.9040365219116211,0.9040365219116211,0.0,91.80659484863281,30.0,0.0,0.0,0.005887080915272236,0.00520490575581789,0.002536766231060028,0.004568328615278006
CelebDFv3,/root/Datasets/CelebDFv3/CelebDFv3/FAKE/FaceSwap/GHOST/id25_id23_0005.mp4,FaceSwap/GHOST,id25,id23,0,-0.24432599544525146,0.24432599544525146,0.0,86.88192749023438,30.0,0.0,0.0,0.01204176340252161,0.0035490687005221844,0.004269800614565611,0.006336383521556854
CelebDFv3,/root/Datasets/CelebDFv3/CelebDFv3/FAKE/FaceSwap/HifiFace/id54_id53_0008.mp4,FaceSwap/HifiFace,id54,id53,0,-2.15350604057312,2.15350604057312,0.0,123.94951629638672,30.0,0.0,0.0,0.0019424620550125837,0.0033641825430095196,0.0017633452080190182,0.003157789818942547
CelebDFv3,/root/Datasets/CelebDFv3/CelebDFv3/FAKE/FaceSwap/InSwapper/id26_id17_0006.mp4,FaceSwap/InSwapper,id26,id17,0,-1.1926476955413818,1.1926476955413818,0.0,238.12229919433594,30.0,1.0,0.03125,0.016416694968938828,0.004287172108888626,0.004796318709850311,0.008733907714486122
CelebDFv3,/root/Datasets/CelebDFv3/CelebDFv3/FAKE/FaceSwap/MobileFaceSwap/id31_id1_0000.mp4,FaceSwap/MobileFaceSwap,id31,id1,0,1.5199228525161743,-1.5199228525161743,0.0,114.64140319824219,30.0,0.0,0.0,0.0034119507763534784,0.006722571793943644,0.0024464032612740993,0.00440559908747673
CelebDFv3,/root/Datasets/CelebDFv3/CelebDFv3/FAKE/FaceSwap/SimSwap/id8_id1_0008.mp4,FaceSwap/SimSwap,id8,id1,0,-1.0220651626586914,1.0220651626586914,0.0,115.71536254882812,30.0,0.0,0.0,0.002264010952785611,0.002117423340678215,0.001140250125899911,0.0021482312586158514
CelebDFv3,/root/Datasets/CelebDFv3/CelebDFv3/FAKE/FaceSwap/UniFace/id31_id20_0001.mp4,FaceSwap/UniFace,id31,id20,0,-0.4640861749649048,0.4640861749649048,0.0,145.60914611816406,30.0,0.0,0.0,0.002451331587508321,0.002994418377056718,0.0019550099968910217,0.0035206745378673077
CelebDFv3,/root/Datasets/CelebDFv3/CelebDFv3/FAKE/TalkingFace/AniTalker/id25_0008_test_id05654_kf8VbORusoE.mp4,TalkingFace/AniTalker,id25,,0,2.8289546966552734,-2.8289546966552734,0.0,107.76824188232422,25.0,0.0,0.0,0.006743827369064093,0.008600783534348011,0.005740822292864323,0.005740822292864323
CelebDFv3,/root/Datasets/CelebDFv3/CelebDFv3/FAKE/TalkingFace/EDTalk/id23_0006_test_id02057_QZYXK4dWZoY.mp4,TalkingFace/EDTalk,id23,,0,10.98016357421875,-10.98016357421875,0.0,116.1030502319336,25.0,0.0,0.0,0.011480611748993397,0.011246293783187866,0.0069023072719573975,0.0069023072719573975
CelebDFv3,/root/Datasets/CelebDFv3/CelebDFv3/FAKE/TalkingFace/EchoMimic/id59_0009_test_id03862_yHtRhESo9Q0.mp4,TalkingFace/EchoMimic,id59,,0,4.3178510665893555,-4.3178510665893555,0.0,189.2922821044922,24.0,0.0,0.0,0.0029918747022747993,0.00720022851601243,0.004383474588394165,0.004383474588394165
CelebDFv3,/root/Datasets/CelebDFv3/CelebDFv3/FAKE/TalkingFace/FLOAT/id22_0007_test_id05594_etgiFErH_K0.mp4,TalkingFace/FLOAT,id22,,0,-7.820954322814941,7.820954322814941,0.0,228.12246704101562,25.0,0.0,0.0,0.010813716799020767,0.012148789130151272,0.007589917629957199,0.007589917629957199
CelebDFv3,/root/Datasets/CelebDFv3/CelebDFv3/FAKE/TalkingFace/IP_LAP/id54_0005_test_id03178_NLOzCF7vIio.mp4,TalkingFace/IP_LAP,id54,,0,-2.1606221199035645,2.1606221199035645,0.0,103.6301040649414,25.0,0.0,0.0,0.006237959489226341,0.005340287461876869,0.006399944890290499,0.006399944890290499
CelebDFv3,/root/Datasets/CelebDFv3/CelebDFv3/FAKE/TalkingFace/Real3DPortrait/id48_0004_test_id09017_D8dCOAYteTY.mp4,TalkingFace/Real3DPortrait,id48,,0,4.39537239074707,-4.39537239074707,0.0,129.83152770996094,25.0,0.0,0.0,0.012451648712158203,0.005399332847446203,0.009689482860267162,0.009689482860267162
CelebDFv3,/root/Datasets/CelebDFv3/CelebDFv3/FAKE/TalkingFace/SadTalker/id51_0006_test_id02685_WRyNA6xW_T0.mp4,TalkingFace/SadTalker,id51,,0,-1.0934724807739258,1.0934724807739258,0.0,145.1397247314453,25.0,0.0,0.0,0.002428642939776182,0.007173433434218168,0.008212803862988949,0.008212803862988949
CelebDFv3,/root/Datasets/CelebDFv3/CelebDFv3/FAKE/FaceReenact/DaGAN/id31_id37_0002.mp4,FaceReenact/DaGAN,id31,id37,0,1.849100947380066,-1.849100947380066,0.0,127.91143798828125,30.0,1.0,0.03125,0.020377475768327713,0.0048209591768682,0.028315944597125053,0.028315944597125053
CelebDFv3,/root/Datasets/CelebDFv3/CelebDFv3/FAKE/FaceReenact/FSRT/id31_id37_0004.mp4,FaceReenact/FSRT,id31,id37,0,2.621797561645508,-2.621797561645508,0.0,168.52590942382812,20.0,0.0,0.0,0.008321386761963367,0.009169434197247028,0.006529342383146286,0.006529342383146286
CelebDFv3,/root/Datasets/CelebDFv3/CelebDFv3/FAKE/FaceReenact/HyperReenact/id31_id6_0005.mp4,FaceReenact/HyperReenact,id31,id6,0,-4.512212753295898,4.512212753295898,0.0,119.26121520996094,25.0,0.0,0.0,0.0034695500507950783,0.0019465871155261993,0.005952457431703806,0.005952457431703806
CelebDFv3,/root/Datasets/CelebDFv3/CelebDFv3/FAKE/FaceReenact/LIA/id26_id30_0006.mp4,FaceReenact/LIA,id26,id30,0,2.7655863761901855,-2.7655863761901855,0.0,215.9026336669922,30.0,1.0,0.09375,0.012141117826104164,0.008559434674680233,0.009569988586008549,0.009569988586008549
CelebDFv3,/root/Datasets/CelebDFv3/CelebDFv3/FAKE/FaceReenact/LivePortrait/id26_id32_0006.mp4,FaceReenact/LivePortrait,id26,id32,0,-1.4923628568649292,1.4923628568649292,0.0,251.6162109375,30.0,1.0,0.5,0.0026355290319770575,0.003958417102694511,0.0025388915091753006,0.0046232216991484165
CelebDFv3,/root/Datasets/CelebDFv3/CelebDFv3/FAKE/FaceReenact/MCNET/id23_id29_0007.mp4,FaceReenact/MCNET,id23,id29,0,4.209503173828125,-4.209503173828125,0.0,171.8428192138672,30.0,0.0,0.0,0.01409310381859541,0.011658312752842903,0.008973468095064163,0.008973468095064163
CelebDFv3,/root/Datasets/CelebDFv3/CelebDFv3/FAKE/FaceReenact/TPSMM/id23_id22_0002.mp4,FaceReenact/TPSMM,id23,id22,0,0.4084925055503845,-0.4084925055503845,0.0,100.44810485839844,30.0,1.0,0.140625,0.020241321995854378,0.006059898994863033,0.010489091277122498,0.010489091277122498
CelebDFv3,/root/Datasets/CelebDFv3/CelebDFv3/FAKE/FaceSwap/BlendFace/id48_id45_0003.mp4,FaceSwap/BlendFace,id48,id45,0,-1.5453617572784424,1.5453617572784424,0.0,97.38346099853516,30.0,1.0,0.078125,0.005758730228990316,0.029829204082489014,0.012076468206942081,0.02156512252986431
CelebDFv3,/root/Datasets/CelebDFv3/CelebDFv3/FAKE/FaceSwap/Celeb-DF-v2/id51_id53_0007.mp4,FaceSwap/Celeb-DF-v2,id51,id53,0,-2.916132688522339,2.916132688522339,0.0,122.95807647705078,30.0,0.0,0.0,0.003242931328713894,0.0031075237784534693,0.001570462016388774,0.002812375547364354
CelebDFv3,/root/Datasets/CelebDFv3/CelebDFv3/FAKE/FaceSwap/GHOST/id59_id60_0001.mp4,FaceSwap/GHOST,id59,id60,0,3.547445058822632,-3.547445058822632,0.0,286.2149963378906,30.0,0.0,0.0,0.0018903868040069938,0.0020961544942110777,0.0024337940849363804,0.004358425736427307
CelebDFv3,/root/Datasets/CelebDFv3/CelebDFv3/FAKE/FaceSwap/HifiFace/id51_id49_0001.mp4,FaceSwap/HifiFace,id51,id49,0,-16.779464721679688,16.779464721679688,0.0,373.41876220703125,30.0,1.0,0.0625,0.004021954722702503,0.005073977634310722,0.00469222804531455,0.008402818813920021
CelebDFv3,/root/Datasets/CelebDFv3/CelebDFv3/FAKE/FaceSwap/InSwapper/id56_id52_0008.mp4,FaceSwap/InSwapper,id56,id52,0,3.0602493286132812,-3.0602493286132812,0.0,94.95703887939453,30.0,1.0,0.015625,0.004236879758536816,0.0029956079088151455,0.0014938847161829472,0.0026752413250505924
CelebDFv3,/root/Datasets/CelebDFv3/CelebDFv3/FAKE/FaceSwap/MobileFaceSwap/id26_id28_0004.mp4,FaceSwap/MobileFaceSwap,id26,id28,0,-2.382136344909668,2.382136344909668,0.0,106.01051330566406,30.0,0.0,0.0,0.0036920877173542976,0.007917092181742191,0.002746396232396364,0.004934203810989857
CelebDFv3,/root/Datasets/CelebDFv3/CelebDFv3/FAKE/FaceSwap/SimSwap/id31_id37_0007.mp4,FaceSwap/SimSwap,id31,id37,0,-8.945930480957031,8.945930480957031,0.0,243.35169982910156,30.0,0.0,0.0,0.009829170070588589,0.004251239355653524,0.004658812191337347,0.008389810100197792
CelebDFv3,/root/Datasets/CelebDFv3/CelebDFv3/FAKE/FaceSwap/UniFace/id25_id27_0005.mp4,FaceSwap/UniFace,id25,id27,0,-0.7589975595474243,0.7589975595474243,0.0,82.78844451904297,30.0,0.0,0.0,0.01215390581637621,0.003233859548345208,0.0035895435139536858,0.005326882470399141
CelebDFv3,/root/Datasets/CelebDFv3/CelebDFv3/FAKE/TalkingFace/AniTalker/id8_0007_test_id00419_DkYa8HiTgJs.mp4,TalkingFace/AniTalker,id8,,0,-2.7418718338012695,2.7418718338012695,0.0,157.09060668945312,25.0,0.0,0.0,0.006186391226947308,0.004688223358243704,0.005343620665371418,0.005343620665371418
CelebDFv3,/root/Datasets/CelebDFv3/CelebDFv3/FAKE/TalkingFace/EDTalk/id56_0004_test_id04232__k0hgacT2zc.mp4,TalkingFace/EDTalk,id56,,0,1.2117938995361328,-1.2117938995361328,0.0,97.74356842041016,25.0,0.0,0.0,0.009543526917696,0.008676446974277496,0.007913142442703247,0.007913142442703247
CelebDFv3,/root/Datasets/CelebDFv3/CelebDFv3/FAKE/TalkingFace/EchoMimic/id48_0000_test_id08701_nb6GRAMAOQI.mp4,TalkingFace/EchoMimic,id48,,0,0.7283368110656738,-0.7283368110656738,0.0,125.64505004882812,24.0,0.0,0.0,0.008236055262386799,0.00783067662268877,0.007776247803121805,0.007776247803121805
CelebDFv3,/root/Datasets/CelebDFv3/CelebDFv3/FAKE/TalkingFace/FLOAT/id26_0009_test_id01224_0MbJ83_n8G0.mp4,TalkingFace/FLOAT,id26,,0,0.6741729378700256,-0.6741729378700256,0.0,206.61944580078125,25.0,0.0,0.0,0.011672732420265675,0.004510960541665554,0.010090869851410389,0.010090869851410389
CelebDFv3,/root/Datasets/CelebDFv3/CelebDFv3/FAKE/TalkingFace/IP_LAP/id22_0008_test_id07868_Lw-dcrg4BcQ.mp4,TalkingFace/IP_LAP,id22,,0,3.541949987411499,-3.541949987411499,0.0,193.31822204589844,25.0,0.0,0.0,0.007488308474421501,0.0037519815377891064,0.009694441221654415,0.009694441221654415
CelebDFv3,/root/Datasets/CelebDFv3/CelebDFv3/FAKE/TalkingFace/Real3DPortrait/id25_0001_test_id00817_Aw0R9CBKeYY.mp4,TalkingFace/Real3DPortrait,id25,,0,2.285783290863037,-2.285783290863037,0.0,169.2165985107422,25.0,1.0,0.984375,0.0,0.0,0.0,0.0
CelebDFv3,/root/Datasets/CelebDFv3/CelebDFv3/FAKE/TalkingFace/SadTalker/id26_0003_test_id02317_V1il-79GsT4.mp4,TalkingFace/SadTalker,id26,,0,-1.3539435863494873,1.3539435863494873,0.0,368.5727233886719,25.0,0.0,0.0,0.002541955327615142,0.00881180539727211,0.00804841611534357,0.00804841611534357
CelebDFv3,/root/Datasets/CelebDFv3/CelebDFv3/FAKE/FaceReenact/DaGAN/id31_id9_0002.mp4,FaceReenact/DaGAN,id31,id9,0,-1.1202045679092407,1.1202045679092407,0.0,127.1571044921875,30.0,0.0,0.0,0.014190462417900562,0.008605210110545158,0.015471255406737328,0.015471255406737328
CelebDFv3,/root/Datasets/CelebDFv3/CelebDFv3/FAKE/FaceReenact/FSRT/id56_id58_0009.mp4,FaceReenact/FSRT,id56,id58,0,0.28119921684265137,-0.28119921684265137,0.0,122.7677993774414,20.0,0.0,0.0,0.018356142565608025,0.009864901192486286,0.011516822502017021,0.011516822502017021
CelebDFv3,/root/Datasets/CelebDFv3/CelebDFv3/FAKE/FaceReenact/HyperReenact/id56_id49_0006.mp4,FaceReenact/HyperReenact,id56,id49,0,-4.755616188049316,4.755616188049316,0.0,95.41850280761719,25.0,0.0,0.0,0.005489514209330082,0.003108736826106906,0.005231326445937157,0.005231326445937157
CelebDFv3,/root/Datasets/CelebDFv3/CelebDFv3/FAKE/FaceReenact/LIA/id8_id7_0008.mp4,FaceReenact/LIA,id8,id7,0,-1.2260091304779053,1.2260091304779053,0.0,122.18563079833984,30.0,0.0,0.0,0.004120768513530493,0.003617340698838234,0.005079134367406368,0.005079134367406368
CelebDFv3,/root/Datasets/CelebDFv3/CelebDFv3/FAKE/FaceReenact/LivePortrait/id23_id26_0001.mp4,FaceReenact/LivePortrait,id23,id26,0,-3.8621368408203125,3.8621368408203125,0.0,93.85123443603516,30.0,1.0,0.0625,0.007482229731976986,0.004987502470612526,0.0026248344220221043,0.0046651470474898815
CelebDFv3,/root/Datasets/CelebDFv3/CelebDFv3/FAKE/FaceReenact/MCNET/id26_id34_0006.mp4,FaceReenact/MCNET,id26,id34,0,4.396943092346191,-4.396943092346191,0.0,244.11697387695312,30.0,1.0,0.296875,0.016915518790483475,0.011263800784945488,0.012081003747880459,0.012081003747880459
CelebDFv3,/root/Datasets/CelebDFv3/CelebDFv3/FAKE/FaceReenact/TPSMM/id23_id4_0009.mp4,FaceReenact/TPSMM,id23,id4,0,5.738401889801025,-5.738401889801025,0.0,92.04131317138672,30.0,0.0,0.0,0.01064804196357727,0.0072940620593726635,0.012519941665232182,0.012519941665232182
CelebDFv3,/root/Datasets/CelebDFv3/CelebDFv3/FAKE/FaceSwap/BlendFace/id56_id55_0001.mp4,FaceSwap/BlendFace,id56,id55,0,-0.3488672375679016,0.3488672375679016,0.0,110.33074951171875,30.0,0.0,0.0,0.003432345110923052,0.011751462705433369,0.0030663665384054184,0.005491233430802822
CelebDFv3,/root/Datasets/CelebDFv3/CelebDFv3/FAKE/FaceSwap/Celeb-DF-v2/id31_id4_0007.mp4,FaceSwap/Celeb-DF-v2,id31,id4,0,-9.797750473022461,9.797750473022461,0.0,285.2093200683594,30.0,0.0,0.0,0.017318783327937126,0.004145139362663031,0.007501781918108463,0.013509564101696014
CelebDFv3,/root/Datasets/CelebDFv3/CelebDFv3/FAKE/FaceSwap/GHOST/id31_id38_0009.mp4,FaceSwap/GHOST,id31,id38,0,-0.31218257546424866,0.31218257546424866,0.0,97.83872985839844,30.0,0.0,0.0,0.002041321247816086,0.004114651121199131,0.003057235386222601,0.005505614448338747
CelebDFv3,/root/Datasets/CelebDFv3/CelebDFv3/FAKE/FaceSwap/HifiFace/id23_id25_0002.mp4,FaceSwap/HifiFace,id23,id25,0,-3.7089104652404785,3.7089104652404785,0.0,96.98199462890625,30.0,0.0,0.0,0.008897633291780949,0.011150849051773548,0.003750141244381666,0.006665167398750782
CelebDFv3,/root/Datasets/CelebDFv3/CelebDFv3/FAKE/FaceSwap/InSwapper/id59_id61_0004.mp4,FaceSwap/InSwapper,id59,id61,0,-4.166660308837891,4.166660308837891,0.0,159.8134765625,30.0,1.0,0.1875,0.00746493972837925,0.02458660863339901,0.008541323244571686,0.015295758843421936
CelebDFv3,/root/Datasets/CelebDFv3/CelebDFv3/FAKE/FaceSwap/MobileFaceSwap/id31_id32_0001.mp4,FaceSwap/MobileFaceSwap,id31,id32,0,3.5669307708740234,-3.5669307708740234,0.0,161.51043701171875,30.0,0.0,0.0,0.002222756389528513,0.002604712964966893,0.0020019880030304193,0.0036052751820534468
CelebDFv3,/root/Datasets/CelebDFv3/CelebDFv3/FAKE/FaceSwap/SimSwap/id31_id9_0003.mp4,FaceSwap/SimSwap,id31,id9,0,-4.845396995544434,4.845396995544434,0.0,112.38280487060547,30.0,0.0,0.0,0.002698237309232354,0.003329419530928135,0.003401475492864847,0.006125538144260645
CelebDFv3,/root/Datasets/CelebDFv3/CelebDFv3/FAKE/FaceSwap/UniFace/id26_id29_0008.mp4,FaceSwap/UniFace,id26,id29,0,-1.6220595836639404,1.6220595836639404,0.0,127.6241455078125,30.0,0.0,0.0,0.006095754913985729,0.004959294106811285,0.0024339233059436083,0.004432078450918198
CelebDFv3,/root/Datasets/CelebDFv3/CelebDFv3/FAKE/TalkingFace/AniTalker/id11_0000_test_id00081_xjfPXNgzW6o.mp4,TalkingFace/AniTalker,id11,,0,3.324312210083008,-3.324312210083008,0.0,106.2488784790039,25.0,0.0,0.0,0.006097498349845409,0.005082337185740471,0.005002249032258987,0.005002249032258987
CelebDFv3,/root/Datasets/CelebDFv3/CelebDFv3/FAKE/TalkingFace/EDTalk/id11_0008_test_id05124_uPPqcWVd-dg.mp4,TalkingFace/EDTalk,id11,,0,1.0131807327270508,-1.0131807327270508,0.0,97.41606140136719,25.0,0.0,0.0,0.01420391071587801,0.009254980832338333,0.006011431571096182,0.006011431571096182
CelebDFv3,/root/Datasets/CelebDFv3/CelebDFv3/FAKE/TalkingFace/EchoMimic/id51_0006_test_id01460_oxJYG8REHG8.mp4,TalkingFace/EchoMimic,id51,,0,-1.6241517066955566,1.6241517066955566,0.0,134.83140563964844,24.0,0.0,0.0,0.007694806903600693,0.015535123646259308,0.0145271522924304,0.0145271522924304
CelebDFv3,/root/Datasets/CelebDFv3/CelebDFv3/FAKE/TalkingFace/FLOAT/id48_0003_test_id00081_S4aLSTDVi44.mp4,TalkingFace/FLOAT,id48,,0,-5.553142070770264,5.553142070770264,0.0,115.06341552734375,25.0,0.0,0.0,0.011104270815849304,0.006034255493432283,0.011397168971598148,0.011397168971598148
CelebDFv3,/root/Datasets/CelebDFv3/CelebDFv3/FAKE/TalkingFace/IP_LAP/id48_0000_test_id00817_EPPT9urr8Ew.mp4,TalkingFace/IP_LAP,id48,,0,-2.9896185398101807,2.9896185398101807,0.0,134.7104034423828,25.0,0.0,0.0,0.01053521130234003,0.004206275101751089,0.008341764099895954,0.008341764099895954
CelebDFv3,/root/Datasets/CelebDFv3/CelebDFv3/FAKE/TalkingFace/Real3DPortrait/id48_0002_test_id01333_gujKn7v2CJg.mp4,TalkingFace/Real3DPortrait,id48,,0,4.883150100708008,-4.883150100708008,0.0,119.60392761230469,25.0,1.0,0.140625,0.007269240915775299,0.005418078042566776,0.011339450255036354,0.011339450255036354
CelebDFv3,/root/Datasets/CelebDFv3/CelebDFv3/FAKE/TalkingFace/SadTalker/id54_0002_test_id06692_V4zhQ3M892E.mp4,TalkingFace/SadTalker,id54,,0,2.5036301612854004,-2.5036301612854004,0.0,136.2857208251953,25.0,0.0,0.0,0.0049180081114172935,0.0038970301393419504,0.003782490035519004,0.003782490035519004
CelebDFv3,/root/Datasets/CelebDFv3/CelebDFv3/FAKE/FaceReenact/DaGAN/id31_id9_0003.mp4,FaceReenact/DaGAN,id31,id9,0,-2.481215715408325,2.481215715408325,0.0,101.77246856689453,30.0,1.0,0.140625,0.02497314289212227,0.005834772251546383,0.021868117153644562,0.021868117153644562
CelebDFv3,/root/Datasets/CelebDFv3/CelebDFv3/FAKE/FaceReenact/FSRT/id31_id20_0001.mp4,FaceReenact/FSRT,id31,id20,0,-0.32750171422958374,0.32750171422958374,0.0,118.08100891113281,20.0,1.0,0.8125,0.004828005563467741,0.007186708506196737,0.0024918473791331053,0.0024918473791331053
CelebDFv3,/root/Datasets/CelebDFv3/CelebDFv3/FAKE/FaceReenact/HyperReenact/id51_id53_0006.mp4,FaceReenact/HyperReenact,id51,id53,0,-2.577042818069458,2.577042818069458,0.0,137.3180389404297,25.0,0.0,0.0,0.0036754172760993242,0.0019923325162380934,0.005961935967206955,0.005961935967206955
CelebDFv3,/root/Datasets/CelebDFv3/CelebDFv3/FAKE/FaceReenact/LIA/id23_id21_0007.mp4,FaceReenact/LIA,id23,id21,0,9.35959529876709,-9.35959529876709,0.0,190.24571228027344,30.0,1.0,0.03125,0.0121581070125103,0.005699041299521923,0.00666057737544179,0.00666057737544179
CelebDFv3,/root/Datasets/CelebDFv3/CelebDFv3/FAKE/FaceReenact/LivePortrait/id48_id42_0004.mp4,FaceReenact/LivePortrait,id48,id42,0,2.2894129753112793,-2.2894129753112793,0.0,118.75980377197266,30.0,1.0,0.21875,0.009373672306537628,0.00655036885291338,0.008555412292480469,0.015277520753443241
CelebDFv3,/root/Datasets/CelebDFv3/CelebDFv3/FAKE/FaceReenact/MCNET/id51_id55_0004.mp4,FaceReenact/MCNET,id51,id55,0,-0.28780293464660645,0.28780293464660645,0.0,104.34580993652344,30.0,1.0,0.28125,0.012874776497483253,0.02311277948319912,0.020751753821969032,0.020751753821969032
CelebDFv3,/root/Datasets/CelebDFv3/CelebDFv3/FAKE/FaceReenact/TPSMM/id26_id37_0004.mp4,FaceReenact/TPSMM,id26,id37,0,-0.4433521330356598,0.4433521330356598,0.0,98.21757507324219,30.0,0.0,0.0,0.00917219277471304,0.009426422417163849,0.006504761520773172,0.006504761520773172
CelebDFv3,/root/Datasets/CelebDFv3/CelebDFv3/FAKE/FaceSwap/BlendFace/id23_id6_0005.mp4,FaceSwap/BlendFace,id23,id6,0,1.4182274341583252,-1.4182274341583252,0.0,104.11677551269531,30.0,0.0,0.0,0.0060783447697758675,0.0019985209219157696,0.002811996266245842,0.00575609877705574
CelebDFv3,/root/Datasets/CelebDFv3/CelebDFv3/FAKE/FaceSwap/Celeb-DF-v2/id25_id22_0002.mp4,FaceSwap/Celeb-DF-v2,id25,id22,0,-1.4508535861968994,1.4508535861968994,0.0,93.06485748291016,30.0,0.0,0.0,0.005556253716349602,0.005050741136074066,0.003616409143432975,0.0065126013942062855
CelebDFv3,/root/Datasets/CelebDFv3/CelebDFv3/FAKE/FaceSwap/GHOST/id26_id27_0008.mp4,FaceSwap/GHOST,id26,id27,0,-2.2087812423706055,2.2087812423706055,0.0,115.4742202758789,30.0,0.0,0.0,0.00643456494435668,0.004733753390610218,0.0027398141101002693,0.0049890936352312565
CelebDFv3,/root/Datasets/CelebDFv3/CelebDFv3/FAKE/FaceSwap/HifiFace/id23_id4_0009.mp4,FaceSwap/HifiFace,id23,id4,0,4.241287708282471,-4.241287708282471,0.0,104.2887954711914,30.0,0.0,0.0,0.004164857789874077,0.0038520132657140493,0.003608980216085911,0.0047782897017896175
CelebDFv3,/root/Datasets/CelebDFv3/CelebDFv3/FAKE/FaceSwap/InSwapper/id59_id60_0001.mp4,FaceSwap/InSwapper,id59,id60,0,-0.48930370807647705,0.48930370807647705,0.0,285.4997253417969,30.0,0.0,0.0,0.001833723857998848,0.0020234077237546444,0.0024345663841813803,0.004359809216111898
CelebDFv3,/root/Datasets/CelebDFv3/CelebDFv3/FAKE/FaceSwap/MobileFaceSwap/id31_id26_0007.mp4,FaceSwap/MobileFaceSwap,id31,id26,0,-8.88768196105957,8.88768196105957,0.0,279.64007568359375,30.0,0.0,0.0,0.010878721252083778,0.0032381669152528048,0.005923328455537558,0.010667010210454464
CelebDFv3,/root/Datasets/CelebDFv3/CelebDFv3/FAKE/FaceSwap/SimSwap/id31_id20_0008.mp4,FaceSwap/SimSwap,id31,id20,0,-1.0182937383651733,1.0182937383651733,0.0,116.04298400878906,30.0,0.0,0.0,0.004899688996374607,0.00950346514582634,0.00840796623378992,0.015141465701162815
CelebDFv3,/root/Datasets/CelebDFv3/CelebDFv3/FAKE/FaceSwap/UniFace/id31_id6_0005.mp4,FaceSwap/UniFace,id31,id6,0,-2.342726469039917,2.342726469039917,0.0,133.6040496826172,30.0,0.0,0.0,0.004590924363583326,0.004333469085395336,0.0019349724752828479,0.0034845902118831873
CelebDFv3,/root/Datasets/CelebDFv3/CelebDFv3/FAKE/TalkingFace/AniTalker/id51_0003_test_id07802_uR07SccMsXA.mp4,TalkingFace/AniTalker,id51,,0,0.048539161682128906,-0.048539161682128906,0.0,137.5546112060547,25.0,0.0,0.0,0.008544320240616798,0.004631891846656799,0.006815207190811634,0.006815207190811634
CelebDFv3,/root/Datasets/CelebDFv3/CelebDFv3/FAKE/TalkingFace/EDTalk/id25_0005_test_id06811_Y6PB7tt3VPc.mp4,TalkingFace/EDTalk,id25,,0,2.016514539718628,-2.016514539718628,0.0,98.12157440185547,25.0,0.0,0.0,0.01259274035692215,0.010557937435805798,0.005912435241043568,0.005912435241043568
CelebDFv3,/root/Datasets/CelebDFv3/CelebDFv3/FAKE/TalkingFace/EchoMimic/id8_0001_test_id04656_4MhYXxGH8aU.mp4,TalkingFace/EchoMimic,id8,,0,-4.098433494567871,4.098433494567871,0.0,166.4029998779297,24.0,0.0,0.0,0.004095214884728193,0.004417800810188055,0.005116790998727083,0.005116790998727083
CelebDFv3,/root/Datasets/CelebDFv3/CelebDFv3/FAKE/TalkingFace/FLOAT/id26_0009_test_id01437_uXAe0vbNWeo.mp4,TalkingFace/FLOAT,id26,,0,1.395354986190796,-1.395354986190796,0.0,202.487548828125,25.0,0.0,0.0,0.014717628248035908,0.009050389751791954,0.010668442584574223,0.010668442584574223
CelebDFv3,/root/Datasets/CelebDFv3/CelebDFv3/FAKE/TalkingFace/IP_LAP/id23_0004_test_id04570_961AefP1-is.mp4,TalkingFace/IP_LAP,id23,,0,0.08575505018234253,-0.08575505018234253,0.0,146.35165405273438,25.0,0.0,0.0,0.03348538279533386,0.013739430345594883,0.014677990227937698,0.014677990227937698
CelebDFv3,/root/Datasets/CelebDFv3/CelebDFv3/FAKE/TalkingFace/Real3DPortrait/id48_0000_test_id06310_MNZMZ6ChMZQ.mp4,TalkingFace/Real3DPortrait,id48,,0,-4.010850429534912,4.010850429534912,0.0,151.72129821777344,25.0,0.0,0.0,0.029077086597681046,0.007122785318642855,0.031348105520009995,0.031348105520009995
CelebDFv3,/root/Datasets/CelebDFv3/CelebDFv3/FAKE/TalkingFace/SadTalker/id48_0001_test_id00817_rXXQYz0mm0o.mp4,TalkingFace/SadTalker,id48,,0,-5.338732719421387,5.338732719421387,0.0,106.63704681396484,25.0,0.0,0.0,0.0027446087915450335,0.006492961663752794,0.005058778915554285,0.005058778915554285
CelebDFv3,/root/Datasets/CelebDFv3/CelebDFv3/FAKE/FaceReenact/DaGAN/id26_id38_0002.mp4,FaceReenact/DaGAN,id26,id38,0,1.2202869653701782,-1.2202869653701782,0.0,81.11518859863281,30.0,1.0,0.125,0.023616977035999298,0.006905326619744301,0.01079868245869875,0.01079868245869875
CelebDFv3,/root/Datasets/CelebDFv3/CelebDFv3/FAKE/FaceReenact/FSRT/id23_id19_0002.mp4,FaceReenact/FSRT,id23,id19,0,-1.7193760871887207,1.7193760871887207,0.0,104.03849029541016,20.0,1.0,0.0625,0.012452402152121067,0.009658867493271828,0.020838744938373566,0.020838744938373566
CelebDFv3,/root/Datasets/CelebDFv3/CelebDFv3/FAKE/FaceReenact/HyperReenact/id23_id27_0001.mp4,FaceReenact/HyperReenact,id23,id27,0,-0.24567018449306488,0.24567018449306488,0.0,110.71107482910156,25.0,0.0,0.0,0.003128666430711746,0.002123134909197688,0.004457382019609213,0.004457382019609213
CelebDFv3,/root/Datasets/CelebDFv3/CelebDFv3/FAKE/FaceReenact/LIA/id11_id7_0004.mp4,FaceReenact/LIA,id11,id7,0,5.307316303253174,-5.307316303253174,0.0,178.84841918945312,30.0,0.0,0.0,0.006955078337341547,0.0023562742862850428,0.0046750945039093494,0.0046750945039093494
CelebDFv3,/root/Datasets/CelebDFv3/CelebDFv3/FAKE/FaceReenact/LivePortrait/id23_id16_0004.mp4,FaceReenact/LivePortrait,id23,id16,0,3.63217830657959,-3.63217830657959,0.0,122.9587173461914,30.0,0.0,0.0,0.006137400399893522,0.00549848098307848,0.006902731489390135,0.009304882027208805
CelebDFv3,/root/Datasets/CelebDFv3/CelebDFv3/FAKE/FaceReenact/MCNET/id59_id5_0004.mp4,FaceReenact/MCNET,id59,id5,0,-2.52144193649292,2.52144193649292,0.0,192.78114318847656,30.0,1.0,0.09375,0.0465756356716156,0.01506168395280838,0.02945028431713581,0.02945028431713581
CelebDFv3,/root/Datasets/CelebDFv3/CelebDFv3/FAKE/FaceReenact/TPSMM/id23_id1_0007.mp4,FaceReenact/TPSMM,id23,id1,0,10.394172668457031,-10.394172668457031,0.0,177.24024963378906,30.0,0.0,0.0,0.0025788801722228527,0.0016061605419963598,0.0040587736293673515,0.0040587736293673515
CelebDFv3,/root/Datasets/CelebDFv3/CelebDFv3/FAKE/FaceSwap/BlendFace/id23_id26_0009.mp4,FaceSwap/BlendFace,id23,id26,0,5.630088806152344,-5.630088806152344,0.0,106.55946350097656,30.0,0.0,0.0,0.0039153010584414005,0.00437811529263854,0.0029345762450248003,0.003885379061102867
CelebDFv3,/root/Datasets/CelebDFv3/CelebDFv3/FAKE/FaceSwap/Celeb-DF-v2/id26_id23_0002.mp4,FaceSwap/Celeb-DF-v2,id26,id23,0,1.748818039894104,-1.748818039894104,0.0,88.11612701416016,30.0,0.0,0.0,0.006528922822326422,0.016322053968906403,0.0035191476345062256,0.006322537083178759
CelebDFv3,/root/Datasets/CelebDFv3/CelebDFv3/FAKE/FaceSwap/GHOST/id23_id24_0009.mp4,FaceSwap/GHOST,id23,id24,0,3.3481879234313965,-3.3481879234313965,0.0,104.28662109375,30.0,0.0,0.0,0.004184519872069359,0.004383595194667578,0.0025289286859333515,0.00334830186329782
CelebDFv3,/root/Datasets/CelebDFv3/CelebDFv3/FAKE/FaceSwap/HifiFace/id54_id49_0001.mp4,FaceSwap/HifiFace,id54,id49,0,2.1425156593322754,-2.1425156593322754,0.0,136.0690460205078,30.0,0.0,0.0,0.004812580067664385,0.023040052503347397,0.004519858863204718,0.008094139397144318
CelebDFv3,/root/Datasets/CelebDFv3/CelebDFv3/FAKE/FaceSwap/InSwapper/id51_id53_0008.mp4,FaceSwap/InSwapper,id51,id53,0,-1.3333520889282227,1.3333520889282227,0.0,94.33467864990234,30.0,0.0,0.0,0.007188563235104084,0.0058128973469138145,0.00828702375292778,0.01484036073088646
CelebDFv3,/root/Datasets/CelebDFv3/CelebDFv3/FAKE/FaceSwap/MobileFaceSwap/id31_id32_0006.mp4,FaceSwap/MobileFaceSwap,id31,id32,0,-6.343311309814453,6.343311309814453,0.0,209.33790588378906,30.0,1.0,0.046875,0.008089511655271053,0.011891149915754795,0.007029630243778229,0.012659290805459023
CelebDFv3,/root/Datasets/CelebDFv3/CelebDFv3/FAKE/FaceSwap/SimSwap/id51_id54_0004.mp4,FaceSwap/SimSwap,id51,id54,0,-3.9803719520568848,3.9803719520568848,0.0,107.05598449707031,29.0,1.0,0.234375,0.003436274826526642,0.004741769749671221,0.0014596253167837858,0.002613889519125223
CelebDFv3,/root/Datasets/CelebDFv3/CelebDFv3/FAKE/FaceSwap/UniFace/id23_id20_0002.mp4,FaceSwap/UniFace,id23,id20,0,-4.974597454071045,4.974597454071045,0.0,97.5578384399414,30.0,0.0,0.0,0.009499996900558472,0.011165972799062729,0.003438892774283886,0.006111981347203255
CelebDFv3,/root/Datasets/CelebDFv3/CelebDFv3/FAKE/TalkingFace/AniTalker/id59_0002_test_id04232_lcNvUKfW9tY.mp4,TalkingFace/AniTalker,id59,,0,5.90955924987793,-5.90955924987793,0.0,231.33786010742188,25.0,0.0,0.0,0.003674072679132223,0.003495138371363282,0.005133113823831081,0.005133113823831081
CelebDFv3,/root/Datasets/CelebDFv3/CelebDFv3/FAKE/TalkingFace/EDTalk/id26_0007_test_id08552_7kf2EfS9G6Q.mp4,TalkingFace/EDTalk,id26,,0,4.71475887298584,-4.71475887298584,0.0,331.0751953125,25.0,0.0,0.0,0.013874620199203491,0.009933354333043098,0.008039151318371296,0.008039151318371296
CelebDFv3,/root/Datasets/CelebDFv3/CelebDFv3/FAKE/TalkingFace/EchoMimic/id59_0000_test_id04627_IjO3LUCaYLE.mp4,TalkingFace/EchoMimic,id59,,0,2.7741823196411133,-2.7741823196411133,0.0,114.31611633300781,24.0,0.0,0.0,0.010206898674368858,0.007450265809893608,0.00710958382114768,0.00710958382114768
CelebDFv3,/root/Datasets/CelebDFv3/CelebDFv3/FAKE/TalkingFace/FLOAT/id8_0000_test_id07874_PWsVa_9b3ok.mp4,TalkingFace/FLOAT,id8,,0,3.6133503913879395,-3.6133503913879395,0.0,414.8291931152344,25.0,0.0,0.0,0.021414486691355705,0.012439478188753128,0.018774650990962982,0.018774650990962982
CelebDFv3,/root/Datasets/CelebDFv3/CelebDFv3/FAKE/TalkingFace/IP_LAP/id56_0000_test_id06692_EC9TCRJkBhI.mp4,TalkingFace/IP_LAP,id56,,0,1.9009368419647217,-1.9009368419647217,0.0,103.5811767578125,25.0,0.0,0.0,0.008061083033680916,0.006910734809935093,0.007689191494137049,0.007689191494137049
CelebDFv3,/root/Datasets/CelebDFv3/CelebDFv3/FAKE/TalkingFace/Real3DPortrait/id11_0008_test_id05124_uPPqcWVd-dg.mp4,TalkingFace/Real3DPortrait,id11,,0,4.960375785827637,-4.960375785827637,0.0,107.94715881347656,25.0,0.0,0.0,0.012318529188632965,0.005187075585126877,0.005912792403250933,0.005912792403250933
CelebDFv3,/root/Datasets/CelebDFv3/CelebDFv3/FAKE/TalkingFace/SadTalker/id23_0003_test_id00061_bdkqfVtDZVY.mp4,TalkingFace/SadTalker,id23,,0,-1.8229856491088867,1.8229856491088867,0.0,115.7984390258789,25.0,0.0,0.0,0.0016929158009588718,0.003904803656041622,0.003045800607651472,0.003045800607651472
CelebDFv3,/root/Datasets/CelebDFv3/CelebDFv3/FAKE/FaceReenact/DaGAN/id26_id32_0001.mp4,FaceReenact/DaGAN,id26,id32,0,4.568045616149902,-4.568045616149902,0.0,113.37876892089844,30.0,0.0,0.0,0.016865408048033714,0.010329771786928177,0.008533990010619164,0.008533990010619164
CelebDFv3,/root/Datasets/CelebDFv3/CelebDFv3/FAKE/FaceReenact/FSRT/id31_id17_0003.mp4,FaceReenact/FSRT,id31,id17,0,-2.9398117065429688,2.9398117065429688,0.0,121.02373504638672,20.0,0.0,0.0,0.009046043269336224,0.007827727124094963,0.007216236554086208,0.007216236554086208
CelebDFv3,/root/Datasets/CelebDFv3/CelebDFv3/FAKE/FaceReenact/HyperReenact/id25_id23_0005.mp4,FaceReenact/HyperReenact,id25,id23,0,4.451505661010742,-4.451505661010742,0.0,121.3189697265625,25.0,0.0,0.0,0.0036921671126037836,0.001373464590869844,0.004731606692075729,0.004731606692075729
CelebDFv3,/root/Datasets/CelebDFv3/CelebDFv3/FAKE/FaceReenact/LIA/id23_id33_0006.mp4,FaceReenact/LIA,id23,id33,0,9.84835433959961,-9.84835433959961,0.0,98.21163940429688,30.0,0.0,0.0,0.016895150765776634,0.006106287706643343,0.00807138904929161,0.00807138904929161
CelebDFv3,/root/Datasets/CelebDFv3/CelebDFv3/FAKE/FaceReenact/LivePortrait/id31_id37_0005.mp4,FaceReenact/LivePortrait,id31,id37,0,0.8447318077087402,-0.8447318077087402,0.0,125.4499740600586,30.0,0.0,0.0,0.0047141751274466515,0.003242125967517495,0.002498005982488394,0.004498527385294437
CelebDFv3,/root/Datasets/CelebDFv3/CelebDFv3/FAKE/FaceReenact/MCNET/id23_id4_0004.mp4,FaceReenact/MCNET,id23,id4,0,0.2520672082901001,-0.2520672082901001,0.0,120.98326873779297,30.0,1.0,0.015625,0.009204247035086155,0.017816942185163498,0.023965787142515182,0.023965787142515182
CelebDFv3,/root/Datasets/CelebDFv3/CelebDFv3/FAKE/FaceReenact/TPSMM/id31_id32_0006.mp4,FaceReenact/TPSMM,id31,id32,0,-5.287204265594482,5.287204265594482,0.0,144.9499053955078,30.0,1.0,0.03125,0.01279468834400177,0.00941512268036604,0.01001797430217266,0.01001797430217266
CelebDFv3,/root/Datasets/CelebDFv3/CelebDFv3/FAKE/FaceSwap/BlendFace/id31_id21_0005.mp4,FaceSwap/BlendFace,id31,id21,0,2.8037142753601074,-2.8037142753601074,0.0,111.74295043945312,30.0,0.0,0.0,0.006443082354962826,0.0047322469763457775,0.002938182558864355,0.005291218403726816
CelebDFv3,/root/Datasets/CelebDFv3/CelebDFv3/FAKE/FaceSwap/Celeb-DF-v2/id26_id37_0006.mp4,FaceSwap/Celeb-DF-v2,id26,id37,0,-0.9229050874710083,0.9229050874710083,0.0,249.53335571289062,30.0,1.0,0.03125,0.01485653966665268,0.004655436147004366,0.005107743665575981,0.009301001206040382
CelebDFv3,/root/Datasets/CelebDFv3/CelebDFv3/FAKE/FaceSwap/GHOST/id48_id45_0008.mp4,FaceSwap/GHOST,id48,id45,0,-1.765500545501709,1.765500545501709,0.0,128.19839477539062,30.0,0.0,0.0,0.00252678245306015,0.002805043011903763,0.0024873949587345123,0.0024774454068392515
CelebDFv3,/root/Datasets/CelebDFv3/CelebDFv3/FAKE/FaceSwap/HifiFace/id23_id0_0003.mp4,FaceSwap/HifiFace,id23,id0,0,-4.781134605407715,4.781134605407715,0.0,107.78176879882812,30.0,0.0,0.0,0.003966018091887236,0.0027582705952227116,0.0014762375503778458,0.0026237331330776215
CelebDFv3,/root/Datasets/CelebDFv3/CelebDFv3/FAKE/FaceSwap/InSwapper/id26_id25_0003.mp4,FaceSwap/InSwapper,id26,id25,0,-4.8695502281188965,4.8695502281188965,0.0,369.09649658203125,30.0,0.0,0.0,0.005973914638161659,0.006380061153322458,0.002077651210129261,0.003732729470357299
CelebDFv3,/root/Datasets/CelebDFv3/CelebDFv3/FAKE/FaceSwap/MobileFaceSwap/id56_id57_0001.mp4,FaceSwap/MobileFaceSwap,id56,id57,0,0.8469903469085693,-0.8469903469085693,0.0,106.04962921142578,30.0,0.0,0.0,0.003318995237350464,0.00939321331679821,0.0026359932962805033,0.004720523953437805
CelebDFv3,/root/Datasets/CelebDFv3/CelebDFv3/FAKE/FaceSwap/SimSwap/id26_id29_0003.mp4,FaceSwap/SimSwap,id26,id29,0,-1.2253979444503784,1.2253979444503784,0.0,370.2376708984375,30.0,1.0,0.046875,0.005858461372554302,0.006697286851704121,0.001863769837655127,0.003348468104377389
CelebDFv3,/root/Datasets/CelebDFv3/CelebDFv3/FAKE/FaceSwap/UniFace/id54_id57_0006.mp4,FaceSwap/UniFace,id54,id57,0,-4.658870697021484,4.658870697021484,0.0,186.6893768310547,30.0,0.0,0.0,0.004457135684788227,0.006554793566465378,0.003502964973449707,0.006273092236369848
CelebDFv3,/root/Datasets/CelebDFv3/CelebDFv3/FAKE/TalkingFace/AniTalker/id48_0000_test_id06310_MNZMZ6ChMZQ.mp4,TalkingFace/AniTalker,id48,,0,2.6009163856506348,-2.6009163856506348,0.0,120.61238098144531,25.0,0.0,0.0,0.006713042035698891,0.003608390223234892,0.006536194588989019,0.006536194588989019
CelebDFv3,/root/Datasets/CelebDFv3/CelebDFv3/FAKE/TalkingFace/EDTalk/id48_0006_test_id08392_AiCBF9JW-d8.mp4,TalkingFace/EDTalk,id48,,0,3.0885376930236816,-3.0885376930236816,0.0,102.13568878173828,25.0,0.0,0.0,0.011018997058272362,0.008702272549271584,0.007811743300408125,0.007811743300408125
CelebDFv3,/root/Datasets/CelebDFv3/CelebDFv3/FAKE/TalkingFace/EchoMimic/id48_0005_test_id04006__bENbO3pwL0.mp4,TalkingFace/EchoMimic,id48,,0,-3.4312191009521484,3.4312191009521484,0.0,137.16932678222656,24.0,0.0,0.0,0.009182685054838657,0.009573454037308693,0.007729039527475834,0.007729039527475834
CelebDFv3,/root/Datasets/CelebDFv3/CelebDFv3/FAKE/TalkingFace/FLOAT/id11_0000_test_id06913_ihOLv6bL4yA.mp4,TalkingFace/FLOAT,id11,,0,1.2400267124176025,-1.2400267124176025,0.0,103.15953063964844,25.0,0.0,0.0,0.014071906916797161,0.004224371165037155,0.0068855881690979,0.0068855881690979
CelebDFv3,/root/Datasets/CelebDFv3/CelebDFv3/FAKE/TalkingFace/IP_LAP/id8_0002_test_id03524_2DD4Np7SaWw.mp4,TalkingFace/IP_LAP,id8,,0,-1.2937026023864746,1.2937026023864746,0.0,129.98007202148438,25.0,0.0,0.0,0.010453751310706139,0.011282049119472504,0.007532265968620777,0.007532265968620777
CelebDFv3,/root/Datasets/CelebDFv3/CelebDFv3/FAKE/TalkingFace/Real3DPortrait/id25_0009_test_id05124_1HAXGOri_x0.mp4,TalkingFace/Real3DPortrait,id25,,0,-6.753725051879883,6.753725051879883,0.0,120.13311004638672,25.0,0.0,0.0,0.012463509105145931,0.00438948068767786,0.0035410569980740547,0.0035410569980740547
CelebDFv3,/root/Datasets/CelebDFv3/CelebDFv3/FAKE/TalkingFace/SadTalker/id25_0002_test_id07620_fx5jKGlv9Ek.mp4,TalkingFace/SadTalker,id25,,0,-5.755423545837402,5.755423545837402,0.0,152.8184814453125,25.0,0.0,0.0,0.0026446098927408457,0.00945302378386259,0.0060703447088599205,0.0060703447088599205
CelebDFv3,/root/Datasets/CelebDFv3/CelebDFv3/FAKE/FaceReenact/DaGAN/id23_id30_0001.mp4,FaceReenact/DaGAN,id23,id30,0,3.8425180912017822,-3.8425180912017822,0.0,84.85258483886719,30.0,1.0,0.203125,0.017993494868278503,0.0064161717891693115,0.017968321219086647,0.017968321219086647
CelebDFv3,/root/Datasets/CelebDFv3/CelebDFv3/FAKE/FaceReenact/FSRT/id23_id33_0004.mp4,FaceReenact/FSRT,id23,id33,0,2.795213222503662,-2.795213222503662,0.0,121.07390594482422,20.0,1.0,0.125,0.011940042488276958,0.007987790741026402,0.011098720133304596,0.011098720133304596
CelebDFv3,/root/Datasets/CelebDFv3/CelebDFv3/FAKE/FaceReenact/HyperReenact/id31_id2_0005.mp4,FaceReenact/HyperReenact,id31,id2,0,-0.5060887932777405,0.5060887932777405,0.0,105.69746398925781,25.0,0.0,0.0,0.04684367775917053,0.004483868833631277,0.006159530021250248,0.006159530021250248
CelebDFv3,/root/Datasets/CelebDFv3/CelebDFv3/FAKE/FaceReenact/LIA/id31_id4_0007.mp4,FaceReenact/LIA,id31,id4,0,-6.8286051750183105,6.8286051750183105,0.0,309.35076904296875,30.0,1.0,0.0625,0.0415831133723259,0.005588965490460396,0.047240618616342545,0.047240618616342545
CelebDFv3,/root/Datasets/CelebDFv3/CelebDFv3/FAKE/FaceReenact/LivePortrait/id26_id37_0003.mp4,FaceReenact/LivePortrait,id26,id37,0,-5.139029502868652,5.139029502868652,0.0,323.5788879394531,30.0,1.0,0.03125,0.005539898760616779,0.0051816655322909355,0.005006527062505484,0.008994778618216515
CelebDFv3,/root/Datasets/CelebDFv3/CelebDFv3/FAKE/FaceReenact/MCNET/id22_id21_0006.mp4,FaceReenact/MCNET,id22,id21,0,3.7417612075805664,-3.7417612075805664,0.0,129.0533905029297,30.0,0.0,0.0,0.02039211429655552,0.003855990944430232,0.009517398662865162,0.009517398662865162
CelebDFv3,/root/Datasets/CelebDFv3/CelebDFv3/FAKE/FaceReenact/TPSMM/id26_id30_0006.mp4,FaceReenact/TPSMM,id26,id30,0,3.1319875717163086,-3.1319875717163086,0.0,196.39552307128906,30.0,1.0,0.0625,0.010905234143137932,0.008060808293521404,0.008015614002943039,0.008015614002943039
CelebDFv3,/root/Datasets/CelebDFv3/CelebDFv3/FAKE/FaceSwap/BlendFace/id23_id0_0008.mp4,FaceSwap/BlendFace,id23,id0,0,-3.3943371772766113,3.3943371772766113,0.0,123.78241729736328,30.0,0.0,0.0,0.0021298059727996588,0.0035233322996646166,0.002863406203687191,0.005023302976042032
CelebDFv3,/root/Datasets/CelebDFv3/CelebDFv3/FAKE/FaceSwap/Celeb-DF-v2/id51_id57_0008.mp4,FaceSwap/Celeb-DF-v2,id51,id57,0,-2.946791172027588,2.946791172027588,0.0,99.0843505859375,30.0,0.0,0.0,0.004117644391953945,0.004548951983451843,0.00513668917119503,0.009198757819831371
CelebDFv3,/root/Datasets/CelebDFv3/CelebDFv3/FAKE/FaceSwap/GHOST/id31_id2_0002.mp4,FaceSwap/GHOST,id31,id2,0,2.856297492980957,-2.856297492980957,0.0,147.92739868164062,30.0,0.0,0.0,0.02356439083814621,0.04155166447162628,0.015218515880405903,0.027406226843595505
CelebDFv3,/root/Datasets/CelebDFv3/CelebDFv3/FAKE/FaceSwap/HifiFace/id23_id29_0007.mp4,FaceSwap/HifiFace,id23,id29,0,-1.0209271907806396,1.0209271907806396,0.0,145.09005737304688,30.0,0.0,0.0,0.011104298755526543,0.033039771020412445,0.006079311482608318,0.010664998553693295
CelebDFv3,/root/Datasets/CelebDFv3/CelebDFv3/FAKE/FaceSwap/InSwapper/id22_id24_0009.mp4,FaceSwap/InSwapper,id22,id24,0,0.9953432679176331,-0.9953432679176331,0.0,99.22824096679688,30.0,1.0,0.203125,0.006340994965285063,0.005858474876731634,0.0014991736970841885,0.002664497820660472
CelebDFv3,/root/Datasets/CelebDFv3/CelebDFv3/FAKE/FaceSwap/MobileFaceSwap/id23_id17_0006.mp4,FaceSwap/MobileFaceSwap,id23,id17,0,3.0199897289276123,-3.0199897289276123,0.0,129.94839477539062,30.0,0.0,0.0,0.006370089016854763,0.0036765383556485176,0.001811539987102151,0.002400290686637163
CelebDFv3,/root/Datasets/CelebDFv3/CelebDFv3/FAKE/FaceSwap/SimSwap/id48_id47_0004.mp4,FaceSwap/SimSwap,id48,id47,0,2.428112030029297,-2.428112030029297,0.0,137.08262634277344,30.0,0.0,0.0,0.0025848334189504385,0.002373629482463002,0.002372823655605316,0.004237184766680002
CelebDFv3,/root/Datasets/CelebDFv3/CelebDFv3/FAKE/FaceSwap/UniFace/id48_id42_0001.mp4,FaceSwap/UniFace,id48,id42,0,-4.053915023803711,4.053915023803711,0.0,91.68083953857422,30.0,0.0,0.0,0.004612000193446875,0.005760685540735722,0.0016320981085300446,0.0029144608415663242
CelebDFv3,/root/Datasets/CelebDFv3/CelebDFv3/FAKE/TalkingFace/AniTalker/id54_0007_test_id01298_gWkO0NOMazs.mp4,TalkingFace/AniTalker,id54,,0,-0.04903465509414673,0.04903465509414673,0.0,138.84849548339844,25.0,0.0,0.0,0.0063340929336845875,0.0056874752044677734,0.005234954878687859,0.005234954878687859
CelebDFv3,/root/Datasets/CelebDFv3/CelebDFv3/FAKE/TalkingFace/EDTalk/id31_0007_test_id04276_j7kziDG61kk.mp4,TalkingFace/EDTalk,id31,,0,8.460712432861328,-8.460712432861328,0.0,223.12655639648438,25.0,0.0,0.0,0.011345203034579754,0.012803729623556137,0.010141536593437195,0.010141536593437195
CelebDFv3,/root/Datasets/CelebDFv3/CelebDFv3/FAKE/TalkingFace/EchoMimic/id26_0004_test_id01333_SwmQTyhzge8.mp4,TalkingFace/EchoMimic,id26,,0,-2.315586805343628,2.315586805343628,0.0,115.65007019042969,24.0,0.0,0.0,0.0053206742741167545,0.007677576970309019,0.006281515583395958,0.006281515583395958
CelebDFv3,/root/Datasets/CelebDFv3/CelebDFv3/FAKE/TalkingFace/FLOAT/id31_0009_test_id00081_xjfPXNgzW6o.mp4,TalkingFace/FLOAT,id31,,0,1.1681612730026245,-1.1681612730026245,0.0,112.96315002441406,25.0,0.0,0.0,0.019181273877620697,0.011077827773988247,0.008604482747614384,0.008604482747614384
CelebDFv3,/root/Datasets/CelebDFv3/CelebDFv3/FAKE/TalkingFace/IP_LAP/id8_0003_test_id07620_axaQeZdVOgM.mp4,TalkingFace/IP_LAP,id8,,0,-3.4350810050964355,3.4350810050964355,0.0,121.82542419433594,25.0,0.0,0.0,0.012976153753697872,0.016388220712542534,0.007676988374441862,0.007676988374441862
CelebDFv3,/root/Datasets/CelebDFv3/CelebDFv3/FAKE/TalkingFace/Real3DPortrait/id22_0000_test_id03839_xtBkY9xYpjA.mp4,TalkingFace/Real3DPortrait,id22,,0,4.565452575683594,-4.565452575683594,0.0,154.96620178222656,25.0,0.0,0.0,0.012397218495607376,0.0049511524848639965,0.010171791538596153,0.010171791538596153
CelebDFv3,/root/Datasets/CelebDFv3/CelebDFv3/FAKE/TalkingFace/SadTalker/id11_0006_test_id04862_i6aGUMQW5jA.mp4,TalkingFace/SadTalker,id11,,0,0.4696829319000244,-0.4696829319000244,0.0,121.63143157958984,25.0,0.0,0.0,0.003200388979166746,0.0078462865203619,0.005084415897727013,0.005084415897727013
CelebDFv3,/root/Datasets/CelebDFv3/CelebDFv3/FAKE/FaceReenact/DaGAN/id26_id29_0008.mp4,FaceReenact/DaGAN,id26,id29,0,0.38074636459350586,-0.38074636459350586,0.0,110.97105407714844,30.0,1.0,0.0625,0.009160301648080349,0.010779819451272488,0.010123035870492458,0.010123035870492458
CelebDFv3,/root/Datasets/CelebDFv3/CelebDFv3/FAKE/FaceReenact/FSRT/id23_id9_0004.mp4,FaceReenact/FSRT,id23,id9,0,-0.2295113205909729,0.2295113205909729,0.0,138.19178771972656,20.0,0.0,0.0,0.006507983431220055,0.006045099347829819,0.004189405124634504,0.004189405124634504
CelebDFv3,/root/Datasets/CelebDFv3/CelebDFv3/FAKE/FaceReenact/HyperReenact/id31_id17_0004.mp4,FaceReenact/HyperReenact,id31,id17,0,5.9155378341674805,-5.9155378341674805,0.0,157.34085083007812,25.0,0.0,0.0,0.006485986057668924,0.004968446679413319,0.0067094238474965096,0.0067094238474965096
CelebDFv3,/root/Datasets/CelebDFv3/CelebDFv3/FAKE/FaceReenact/LIA/id56_id58_0009.mp4,FaceReenact/LIA,id56,id58,0,9.487045288085938,-9.487045288085938,0.0,117.18313598632812,29.0,0.0,0.0,0.015418021008372307,0.00894951168447733,0.008498492650687695,0.008498492650687695
CelebDFv3,/root/Datasets/CelebDFv3/CelebDFv3/FAKE/FaceReenact/LivePortrait/id23_id1_0007.mp4,FaceReenact/LivePortrait,id23,id1,0,-4.048357963562012,4.048357963562012,0.0,411.6301574707031,30.0,0.0,0.0,0.001041606068611145,0.000688076950609684,0.0015092830872163177,0.00264775101095438
CelebDFv3,/root/Datasets/CelebDFv3/CelebDFv3/FAKE/FaceReenact/MCNET/id22_id26_0001.mp4,FaceReenact/MCNET,id22,id26,0,2.520078659057617,-2.520078659057617,0.0,80.19985961914062,30.0,1.0,0.0625,0.03169317543506622,0.016896206885576248,0.015354616567492485,0.015354616567492485
CelebDFv3,/root/Datasets/CelebDFv3/CelebDFv3/FAKE/FaceReenact/TPSMM/id25_id19_0007.mp4,FaceReenact/TPSMM,id25,id19,0,4.671348571777344,-4.671348571777344,0.0,167.88868713378906,30.0,1.0,0.015625,0.008305954746901989,0.004487000405788422,0.008459202013909817,0.008459202013909817
CelebDFv3,/root/Datasets/CelebDFv3/CelebDFv3/FAKE/FaceSwap/BlendFace/id22_id21_0005.mp4,FaceSwap/BlendFace,id22,id21,0,-1.2879714965820312,1.2879714965820312,0.0,126.61092376708984,30.0,0.0,0.0,0.003141919383779168,0.002398245967924595,0.0023167915642261505,0.004117659293115139
CelebDFv3,/root/Datasets/CelebDFv3/CelebDFv3/FAKE/FaceSwap/Celeb-DF-v2/id31_id29_0000.mp4,FaceSwap/Celeb-DF-v2,id31,id29,0,-3.170243263244629,3.170243263244629,0.0,118.73416900634766,30.0,0.0,0.0,0.0033550430089235306,0.00627504987642169,0.0030199650209397078,0.005438496358692646
CelebDFv3,/root/Datasets/CelebDFv3/CelebDFv3/FAKE/FaceSwap/GHOST/id48_id45_0002.mp4,FaceSwap/GHOST,id48,id45,0,2.6804842948913574,-2.6804842948913574,0.0,111.21317291259766,30.0,0.0,0.0,0.0028697315137833357,0.003969511482864618,0.0012526464415714145,0.0022368687205016613
CelebDFv3,/root/Datasets/CelebDFv3/CelebDFv3/FAKE/FaceSwap/HifiFace/id22_id24_0005.mp4,FaceSwap/HifiFace,id22,id24,0,-3.8524374961853027,3.8524374961853027,0.0,123.49810028076172,30.0,0.0,0.0,0.0028400046285241842,0.0019071565475314856,0.001721942680887878,0.003060427727177739
CelebDFv3,/root/Datasets/CelebDFv3/CelebDFv3/FAKE/FaceSwap/InSwapper/id8_id4_0007.mp4,FaceSwap/InSwapper,id8,id4,0,-1.1023664474487305,1.1023664474487305,0.0,169.5687713623047,30.0,0.0,0.0,0.010716499760746956,0.0483667328953743,0.0015394544461742043,0.0029003319796174765
CelebDFv3,/root/Datasets/CelebDFv3/CelebDFv3/FAKE/FaceSwap/MobileFaceSwap/id31_id34_0006.mp4,FaceSwap/MobileFaceSwap,id31,id34,0,-6.329491138458252,6.329491138458252,0.0,214.2275848388672,30.0,1.0,0.015625,0.004435946699231863,0.010637807659804821,0.002170074265450239,0.003907972946763039
CelebDFv3,/root/Datasets/CelebDFv3/CelebDFv3/FAKE/FaceSwap/SimSwap/id56_id57_0008.mp4,FaceSwap/SimSwap,id56,id57,0,2.099653720855713,-2.099653720855713,0.0,101.70543670654297,30.0,0.0,0.0,0.006968894973397255,0.0034791037905961275,0.0028543926309794188,0.005111631937325001
CelebDFv3,/root/Datasets/CelebDFv3/CelebDFv3/FAKE/FaceSwap/UniFace/id48_id40_0003.mp4,FaceSwap/UniFace,id48,id40,0,-2.499994993209839,2.499994993209839,0.0,97.81068420410156,30.0,1.0,0.09375,0.00641637435182929,0.019019916653633118,0.006244932301342487,0.011151663959026337
CelebDFv3,/root/Datasets/CelebDFv3/CelebDFv3/FAKE/TalkingFace/AniTalker/id23_0002_test_id01593_QZPwKUYcJ30.mp4,TalkingFace/AniTalker,id23,,0,0.33134669065475464,-0.33134669065475464,0.0,125.06378936767578,25.0,0.0,0.0,0.0043534403666853905,0.00456765154376626,0.0040503148920834064,0.0040503148920834064
CelebDFv3,/root/Datasets/CelebDFv3/CelebDFv3/FAKE/TalkingFace/EDTalk/id59_0002_test_id05055_vecDm0cNDVs.mp4,TalkingFace/EDTalk,id59,,0,6.801229476928711,-6.801229476928711,0.0,212.68878173828125,25.0,0.0,0.0,0.009599192067980766,0.011915143579244614,0.006148030050098896,0.006148030050098896
CelebDFv3,/root/Datasets/CelebDFv3/CelebDFv3/FAKE/TalkingFace/EchoMimic/id11_0005_test_id04094_BNAe-NhgItg.mp4,TalkingFace/EchoMimic,id11,,0,-5.445982456207275,5.445982456207275,0.0,124.97008514404297,24.0,0.0,0.0,0.008397442288696766,0.009465426206588745,0.005838099867105484,0.005838099867105484
CelebDFv3,/root/Datasets/CelebDFv3/CelebDFv3/FAKE/TalkingFace/FLOAT/id26_0002_test_id07494_xQ0YMPe-9u8.mp4,TalkingFace/FLOAT,id26,,0,-2.102928638458252,2.102928638458252,0.0,107.63917541503906,25.0,0.0,0.0,0.011326414532959461,0.008824393153190613,0.009637363255023956,0.009637363255023956
CelebDFv3,/root/Datasets/CelebDFv3/CelebDFv3/FAKE/TalkingFace/IP_LAP/id56_0001_test_id01106_mkgP19APekU.mp4,TalkingFace/IP_LAP,id56,,0,2.1360509395599365,-2.1360509395599365,0.0,109.52367401123047,25.0,0.0,0.0,0.009141413494944572,0.005606140475720167,0.00857553817331791,0.00857553817331791
CelebDFv3,/root/Datasets/CelebDFv3/CelebDFv3/FAKE/TalkingFace/Real3DPortrait/id23_0002_test_id01593_NxfyefwggDQ.mp4,TalkingFace/Real3DPortrait,id23,,0,0.9283517003059387,-0.9283517003059387,0.0,117.6928939819336,25.0,0.0,0.0,0.012089913710951805,0.00498241139575839,0.010366908274590969,0.010366908274590969
CelebDFv3,/root/Datasets/CelebDFv3/CelebDFv3/FAKE/TalkingFace/SadTalker/id31_0002_test_id00812_BDoGOx3Jgbk.mp4,TalkingFace/SadTalker,id31,,0,-4.736708641052246,4.736708641052246,0.0,128.76980590820312,25.0,0.0,0.0,0.006817128509283066,0.0061494894325733185,0.016560303047299385,0.016560303047299385
CelebDFv3,/root/Datasets/CelebDFv3/CelebDFv3/FAKE/FaceReenact/DaGAN/id54_id53_0008.mp4,FaceReenact/DaGAN,id54,id53,0,-0.8271808624267578,0.8271808624267578,0.0,119.78401184082031,30.0,0.0,0.0,0.006068944465368986,0.003979973029345274,0.005355818197131157,0.005355818197131157
CelebDFv3,/root/Datasets/CelebDFv3/CelebDFv3/FAKE/FaceReenact/FSRT/id23_id28_0001.mp4,FaceReenact/FSRT,id23,id28,0,-0.7051931619644165,0.7051931619644165,0.0,90.763671875,20.0,1.0,0.109375,0.0064303395338356495,0.0037665856070816517,0.003673570230603218,0.003673570230603218
CelebDFv3,/root/Datasets/CelebDFv3/CelebDFv3/FAKE/FaceReenact/HyperReenact/id26_id30_0004.mp4,FaceReenact/HyperReenact,id26,id30,0,-1.6369476318359375,1.6369476318359375,0.0,109.64070892333984,25.0,0.0,0.0,0.0034758325200527906,0.0018311940366402268,0.0053055379539728165,0.0053055379539728165
CelebDFv3,/root/Datasets/CelebDFv3/CelebDFv3/FAKE/FaceReenact/LIA/id23_id9_0000.mp4,FaceReenact/LIA,id23,id9,0,-0.01673978567123413,0.01673978567123413,0.0,133.43609619140625,30.0,1.0,0.0625,0.01500006951391697,0.017520379275083542,0.00830086600035429,0.00830086600035429
CelebDFv3,/root/Datasets/CelebDFv3/CelebDFv3/FAKE/FaceReenact/LivePortrait/id31_id9_0002.mp4,FaceReenact/LivePortrait,id31,id9,0,1.2922964096069336,-1.2922964096069336,0.0,153.01025390625,30.0,1.0,0.125,0.004267177544534206,0.008200773037970066,0.003244045190513134,0.005842030048370361
CelebDFv3,/root/Datasets/CelebDFv3/CelebDFv3/FAKE/FaceReenact/MCNET/id51_id49_0005.mp4,FaceReenact/MCNET,id51,id49,0,0.01869434118270874,-0.01869434118270874,0.0,148.18450927734375,30.0,1.0,0.03125,0.007784602697938681,0.007459532469511032,0.009191064164042473,0.009191064164042473
CelebDFv3,/root/Datasets/CelebDFv3/CelebDFv3/FAKE/FaceReenact/TPSMM/id26_id30_0003.mp4,FaceReenact/TPSMM,id26,id30,0,7.383360862731934,-7.383360862731934,0.0,212.9014434814453,30.0,0.0,0.0,0.016116905957460403,0.013532133772969246,0.006399382371455431,0.006399382371455431
CelebDFv3,/root/Datasets/CelebDFv3/CelebDFv3/FAKE/FaceSwap/BlendFace/id23_id20_0007.mp4,FaceSwap/BlendFace,id23,id20,0,-0.7842879295349121,0.7842879295349121,0.0,141.76089477539062,30.0,0.0,0.0,0.012003138661384583,0.024271611124277115,0.007258875295519829,0.012734320014715195
CelebDFv3,/root/Datasets/CelebDFv3/CelebDFv3/FAKE/FaceSwap/Celeb-DF-v2/id26_id31_0003.mp4,FaceSwap/Celeb-DF-v2,id26,id31,0,2.099914073944092,-2.099914073944092,0.0,333.22283935546875,30.0,1.0,0.03125,0.00594968069344759,0.006531127728521824,0.0019567119888961315,0.003515448421239853
CelebDFv3,/root/Datasets/CelebDFv3/CelebDFv3/FAKE/FaceSwap/GHOST/id8_id4_0007.mp4,FaceSwap/GHOST,id8,id4,0,0.061540715396404266,-0.061540715396404266,0.0,159.9453887939453,30.0,0.0,0.0,0.011389174498617649,0.05102043226361275,0.002129677915945649,0.0040123132057487965
CelebDFv3,/root/Datasets/CelebDFv3/CelebDFv3/FAKE/FaceSwap/HifiFace/id48_id46_0001.mp4,FaceSwap/HifiFace,id48,id46,0,-4.497499465942383,4.497499465942383,0.0,90.81556701660156,30.0,0.0,0.0,0.004691817797720432,0.006118646822869778,0.002241662936285138,0.004002969246357679
CelebDFv3,/root/Datasets/CelebDFv3/CelebDFv3/FAKE/FaceSwap/InSwapper/id31_id29_0001.mp4,FaceSwap/InSwapper,id31,id29,0,-0.32419127225875854,0.32419127225875854,0.0,157.4113311767578,30.0,0.0,0.0,0.002329460345208645,0.002674476243555546,0.0019019991159439087,0.0034252097830176353
CelebDFv3,/root/Datasets/CelebDFv3/CelebDFv3/FAKE/FaceSwap/MobileFaceSwap/id48_id40_0003.mp4,FaceSwap/MobileFaceSwap,id48,id40,0,-2.6530070304870605,2.6530070304870605,0.0,99.40711975097656,30.0,1.0,0.078125,0.0062140836380422115,0.021553657948970795,0.008268219418823719,0.014764679595828056
CelebDFv3,/root/Datasets/CelebDFv3/CelebDFv3/FAKE/FaceSwap/SimSwap/id48_id45_0007.mp4,FaceSwap/SimSwap,id48,id45,0,3.197268486022949,-3.197268486022949,0.0,99.60748291015625,30.0,0.0,0.0,0.0013950300635769963,0.0014873656909912825,0.0014122953871265054,0.0018529314547777176
CelebDFv3,/root/Datasets/CelebDFv3/CelebDFv3/FAKE/FaceSwap/UniFace/id51_id50_0007.mp4,FaceSwap/UniFace,id51,id50,0,-7.182281494140625,7.182281494140625,0.0,138.27476501464844,30.0,0.0,0.0,0.003380469512194395,0.003279105294495821,0.0020026310812681913,0.0035863015800714493
CelebDFv3,/root/Datasets/CelebDFv3/CelebDFv3/FAKE/TalkingFace/AniTalker/id31_0001_test_id09017_fsgr0uLbKVg.mp4,TalkingFace/AniTalker,id31,,0,3.006920099258423,-3.006920099258423,0.0,180.3211669921875,25.0,0.0,0.0,0.007834216579794884,0.005495536141097546,0.007796986494213343,0.007796986494213343
CelebDFv3,/root/Datasets/CelebDFv3/CelebDFv3/FAKE/TalkingFace/EDTalk/id25_0003_test_id01066_7B-KDiAofNk.mp4,TalkingFace/EDTalk,id25,,0,8.304438591003418,-8.304438591003418,0.0,121.21587371826172,25.0,0.0,0.0,0.011085479520261288,0.01065609510987997,0.008578089997172356,0.008578089997172356
CelebDFv3,/root/Datasets/CelebDFv3/CelebDFv3/FAKE/TalkingFace/EchoMimic/id11_0009_test_id08149_Ay1xwkYsNAE.mp4,TalkingFace/EchoMimic,id11,,0,-2.901545763015747,2.901545763015747,0.0,116.09190368652344,24.0,0.0,0.0,0.007407453842461109,0.010987425222992897,0.006500851828604937,0.006500851828604937
CelebDFv3,/root/Datasets/CelebDFv3/CelebDFv3/FAKE/TalkingFace/FLOAT/id31_0000_test_id03041_qyCz5uttaAA.mp4,TalkingFace/FLOAT,id31,,0,0.31311461329460144,-0.31311461329460144,0.0,115.14372253417969,25.0,0.0,0.0,0.012537796050310135,0.009417619556188583,0.00855716411024332,0.00855716411024332
CelebDFv3,/root/Datasets/CelebDFv3/CelebDFv3/FAKE/TalkingFace/IP_LAP/id25_0006_test_id03347_iLd-6KT2Y2Q.mp4,TalkingFace/IP_LAP,id25,,0,14.355131149291992,-14.355131149291992,0.0,331.0308837890625,25.0,0.0,0.0,0.0028653170447796583,0.004270487930625677,0.004705264698714018,0.004705264698714018
CelebDFv3,/root/Datasets/CelebDFv3/CelebDFv3/FAKE/TalkingFace/Real3DPortrait/id54_0007_test_id01298_gWkO0NOMazs.mp4,TalkingFace/Real3DPortrait,id54,,0,2.9797523021698,-2.9797523021698,0.0,145.19984436035156,25.0,1.0,0.015625,0.01113678328692913,0.005612710025161505,0.0128789022564888,0.0128789022564888
CelebDFv3,/root/Datasets/CelebDFv3/CelebDFv3/FAKE/TalkingFace/SadTalker/id11_0001_test_id01224_rjzQSZ-p8d0.mp4,TalkingFace/SadTalker,id11,,0,-0.18574601411819458,0.18574601411819458,0.0,129.85435485839844,25.0,0.0,0.0,0.0032442098017781973,0.006920362822711468,0.003946848213672638,0.003946848213672638
CelebDFv3,/root/Datasets/CelebDFv3/CelebDFv3/FAKE/FaceReenact/DaGAN/id23_id4_0005.mp4,FaceReenact/DaGAN,id23,id4,0,4.559183120727539,-4.559183120727539,0.0,89.8804702758789,30.0,0.0,0.0,0.013497152365744114,0.014340244233608246,0.008478253148496151,0.008478253148496151
CelebDFv3,/root/Datasets/CelebDFv3/CelebDFv3/FAKE/FaceReenact/FSRT/id25_id21_0002.mp4,FaceReenact/FSRT,id25,id21,0,-0.011441171169281006,0.011441171169281006,0.0,90.07572174072266,20.0,1.0,0.03125,0.012788977473974228,0.02118620090186596,0.009921682067215443,0.009921682067215443
CelebDFv3,/root/Datasets/CelebDFv3/CelebDFv3/FAKE/FaceReenact/HyperReenact/id11_id7_0003.mp4,FaceReenact/HyperReenact,id11,id7,0,-0.33389151096343994,0.33389151096343994,0.0,140.09005737304688,25.0,0.0,0.0,0.003934670705348253,0.0022567010018974543,0.005781344138085842,0.005781344138085842
CelebDFv3,/root/Datasets/CelebDFv3/CelebDFv3/FAKE/FaceReenact/LIA/id31_id38_0006.mp4,FaceReenact/LIA,id31,id38,0,-4.5203704833984375,4.5203704833984375,0.0,192.27133178710938,30.0,0.0,0.0,0.012194850482046604,0.004181954078376293,0.012047339230775833,0.012047339230775833
CelebDFv3,/root/Datasets/CelebDFv3/CelebDFv3/FAKE/FaceReenact/LivePortrait/id23_id29_0007.mp4,FaceReenact/LivePortrait,id23,id29,0,-4.767827033996582,4.767827033996582,0.0,308.5939636230469,30.0,0.0,0.0,0.03387855738401413,0.03651469200849533,0.00913537573069334,0.01602628268301487
CelebDFv3,/root/Datasets/CelebDFv3/CelebDFv3/FAKE/FaceReenact/MCNET/id31_id2_0001.mp4,FaceReenact/MCNET,id31,id2,0,4.273553848266602,-4.273553848266602,0.0,135.00782775878906,30.0,0.0,0.0,0.006684175226837397,0.004548975266516209,0.0060263751074671745,0.0060263751074671745
CelebDFv3,/root/Datasets/CelebDFv3/CelebDFv3/FAKE/FaceReenact/TPSMM/id31_id9_0002.mp4,FaceReenact/TPSMM,id31,id9,0,-1.3760316371917725,1.3760316371917725,0.0,126.61495208740234,30.0,0.0,0.0,0.009764894843101501,0.008996246382594109,0.011453220620751381,0.011453220620751381
CelebDFv3,/root/Datasets/CelebDFv3/CelebDFv3/FAKE/FaceSwap/BlendFace/id26_id32_0006.mp4,FaceSwap/BlendFace,id26,id32,0,-1.9472484588623047,1.9472484588623047,0.0,230.47120666503906,30.0,0.0,0.0,0.016513876616954803,0.005665993317961693,0.005182354710996151,0.009436863474547863
CelebDFv3,/root/Datasets/CelebDFv3/CelebDFv3/FAKE/FaceSwap/Celeb-DF-v2/id51_id55_0000.mp4,FaceSwap/Celeb-DF-v2,id51,id55,0,-0.5307011604309082,0.5307011604309082,0.0,91.25958251953125,30.0,0.0,0.0,0.008195952512323856,0.004174314439296722,0.0049016582779586315,0.008777865208685398
CelebDFv3,/root/Datasets/CelebDFv3/CelebDFv3/FAKE/FaceSwap/GHOST/id51_id57_0007.mp4,FaceSwap/GHOST,id51,id57,0,-1.9033217430114746,1.9033217430114746,0.0,111.89820861816406,30.0,0.0,0.0,0.002976399613544345,0.0033956938423216343,0.0013023880310356617,0.0023323099594563246
CelebDFv3,/root/Datasets/CelebDFv3/CelebDFv3/FAKE/FaceSwap/HifiFace/id25_id28_0002.mp4,FaceSwap/HifiFace,id25,id28,0,-2.2267332077026367,2.2267332077026367,0.0,91.35887908935547,30.0,0.0,0.0,0.010001788847148418,0.018182246014475822,0.00261785089969635,0.004714350216090679
CelebDFv3,/root/Datasets/CelebDFv3/CelebDFv3/FAKE/FaceSwap/InSwapper/id23_id24_0009.mp4,FaceSwap/InSwapper,id23,id24,0,4.170515060424805,-4.170515060424805,0.0,101.95182800292969,30.0,0.0,0.0,0.004143289756029844,0.0045808763243258,0.002973702969029546,0.0039371829479932785
CelebDFv3,/root/Datasets/CelebDFv3/CelebDFv3/FAKE/FaceSwap/MobileFaceSwap/id51_id57_0008.mp4,FaceSwap/MobileFaceSwap,id51,id57,0,-4.017972469329834,4.017972469329834,0.0,100.0185317993164,30.0,0.0,0.0,0.003988390322774649,0.006245695054531097,0.005497489124536514,0.009844875894486904
CelebDFv3,/root/Datasets/CelebDFv3/CelebDFv3/FAKE/FaceSwap/SimSwap/id8_id7_0008.mp4,FaceSwap/SimSwap,id8,id7,0,-3.3541524410247803,3.3541524410247803,0.0,123.98078918457031,30.0,0.0,0.0,0.0019196465145796537,0.0021368442103266716,0.000802238704636693,0.0015114176785573363
CelebDFv3,/root/Datasets/CelebDFv3/CelebDFv3/FAKE/FaceSwap/UniFace/id8_id2_0003.mp4,FaceSwap/UniFace,id8,id2,0,-7.507791996002197,7.507791996002197,0.0,138.82220458984375,30.0,0.0,0.0,0.0027489319909363985,0.010240964591503143,0.0024549926165491343,0.004625206347554922
CelebDFv3,/root/Datasets/CelebDFv3/CelebDFv3/FAKE/TalkingFace/AniTalker/id59_0007_test_id02317_5moKZXlJTEs.mp4,TalkingFace/AniTalker,id59,,0,-1.2448487281799316,1.2448487281799316,0.0,117.31219482421875,25.0,0.0,0.0,0.0052446527406573296,0.004023918882012367,0.004625904373824596,0.004625904373824596
CelebDFv3,/root/Datasets/CelebDFv3/CelebDFv3/FAKE/TalkingFace/EDTalk/id23_0002_test_id03347_JbbZ8at5OF8.mp4,TalkingFace/EDTalk,id23,,0,2.6018755435943604,-2.6018755435943604,0.0,104.22933959960938,25.0,0.0,0.0,0.011223284527659416,0.015096048824489117,0.01257731206715107,0.01257731206715107
CelebDFv3,/root/Datasets/CelebDFv3/CelebDFv3/FAKE/TalkingFace/EchoMimic/id22_0001_test_id02542_gMKSu2wZpAA.mp4,TalkingFace/EchoMimic,id22,,0,4.456783294677734,-4.456783294677734,0.0,109.87982940673828,24.0,0.0,0.0,0.0022249375469982624,0.005441231653094292,0.006098248064517975,0.006098248064517975
CelebDFv3,/root/Datasets/CelebDFv3/CelebDFv3/FAKE/TalkingFace/FLOAT/id31_0007_test_id08456_Kz89r1sNI6k.mp4,TalkingFace/FLOAT,id31,,0,-6.984809875488281,6.984809875488281,0.0,294.9331359863281,25.0,0.0,0.0,0.013316404074430466,0.007716115564107895,0.00727717624977231,0.00727717624977231
CelebDFv3,/root/Datasets/CelebDFv3/CelebDFv3/FAKE/TalkingFace/IP_LAP/id31_0003_test_id04627_IjO3LUCaYLE.mp4,TalkingFace/IP_LAP,id31,,0,-1.7364856004714966,1.7364856004714966,0.0,115.97972869873047,25.0,0.0,0.0,0.02458953484892845,0.007595311384648085,0.013901665806770325,0.013901665806770325
CelebDFv3,/root/Datasets/CelebDFv3/CelebDFv3/FAKE/TalkingFace/Real3DPortrait/id56_0004_test_id09017_oF8cALd6lU0.mp4,TalkingFace/Real3DPortrait,id56,,0,5.296382427215576,-5.296382427215576,0.0,140.57742309570312,25.0,0.0,0.0,0.01118430681526661,0.004222554620355368,0.008489226922392845,0.008489226922392845
CelebDFv3,/root/Datasets/CelebDFv3/CelebDFv3/FAKE/TalkingFace/SadTalker/id59_0002_test_id03524_Lt7XKpDEmh0.mp4,TalkingFace/SadTalker,id59,,0,1.6678025722503662,-1.6678025722503662,0.0,257.27081298828125,25.0,0.0,0.0,0.002063566818833351,0.008016376756131649,0.004040874075144529,0.004040874075144529
CelebDFv3,/root/Datasets/CelebDFv3/CelebDFv3/FAKE/FaceReenact/DaGAN/id54_id49_0008.mp4,FaceReenact/DaGAN,id54,id49,0,0.3422834873199463,-0.3422834873199463,0.0,120.62986755371094,30.0,0.0,0.0,0.009702228009700775,0.0076213316060602665,0.005376589950174093,0.005376589950174093
CelebDFv3,/root/Datasets/CelebDFv3/CelebDFv3/FAKE/FaceReenact/FSRT/id23_id21_0007.mp4,FaceReenact/FSRT,id23,id21,0,4.5997467041015625,-4.5997467041015625,0.0,242.614990234375,20.0,0.0,0.0,0.014490816742181778,0.0067702713422477245,0.0074918922036886215,0.0074918922036886215
CelebDFv3,/root/Datasets/CelebDFv3/CelebDFv3/FAKE/FaceReenact/HyperReenact/id48_id45_0002.mp4,FaceReenact/HyperReenact,id48,id45,0,-1.5106121301651,1.5106121301651,0.0,117.92898559570312,25.0,0.0,0.0,0.003870733082294464,0.002230051439255476,0.0050626229494810104,0.0050626229494810104
CelebDFv3,/root/Datasets/CelebDFv3/CelebDFv3/FAKE/FaceReenact/LIA/id56_id50_0005.mp4,FaceReenact/LIA,id56,id50,0,1.2528256177902222,-1.2528256177902222,0.0,124.17082977294922,29.0,1.0,0.046875,0.022472145035862923,0.006244331132620573,0.006467162631452084,0.006467162631452084
CelebDFv3,/root/Datasets/CelebDFv3/CelebDFv3/FAKE/FaceReenact/LivePortrait/id48_id43_0003.mp4,FaceReenact/LivePortrait,id48,id43,0,-4.613051414489746,4.613051414489746,0.0,102.06939697265625,30.0,0.0,0.0,0.008395208045840263,0.036813218146562576,0.009832952171564102,0.01755884476006031
CelebDFv3,/root/Datasets/CelebDFv3/CelebDFv3/FAKE/FaceReenact/MCNET/id54_id57_0008.mp4,FaceReenact/MCNET,id54,id57,0,1.4387444257736206,-1.4387444257736206,0.0,109.84642028808594,29.829999923706055,0.0,0.0,0.01243037823587656,0.009136763401329517,0.007591819856315851,0.007591819856315851
CelebDFv3,/root/Datasets/CelebDFv3/CelebDFv3/FAKE/FaceReenact/TPSMM/id23_id16_0009.mp4,FaceReenact/TPSMM,id23,id16,0,6.778151035308838,-6.778151035308838,0.0,106.8414306640625,30.0,0.0,0.0,0.014289605431258678,0.007805647328495979,0.006131320260465145,0.006131320260465145
CelebDFv3,/root/Datasets/CelebDFv3/CelebDFv3/FAKE/FaceSwap/BlendFace/id54_id55_0006.mp4,FaceSwap/BlendFace,id54,id55,0,-6.3536176681518555,6.3536176681518555,0.0,190.0791015625,30.0,0.0,0.0,0.004462799988687038,0.006780286319553852,0.004262218717485666,0.007632759865373373
CelebDFv3,/root/Datasets/CelebDFv3/CelebDFv3/FAKE/FaceSwap/Celeb-DF-v2/id51_id55_0001.mp4,FaceSwap/Celeb-DF-v2,id51,id55,0,-15.677494049072266,15.677494049072266,0.0,372.0581359863281,30.0,1.0,0.046875,0.0038955076597630978,0.00541723845526576,0.00554128410294652,0.009923305362462997
CelebDFv3,/root/Datasets/CelebDFv3/CelebDFv3/FAKE/FaceSwap/GHOST/id31_id33_0009.mp4,FaceSwap/GHOST,id31,id33,0,1.049608588218689,-1.049608588218689,0.0,98.93806457519531,30.0,0.0,0.0,0.003982961177825928,0.004208648111671209,0.002403854625299573,0.0043289754539728165
CelebDFv3,/root/Datasets/CelebDFv3/CelebDFv3/FAKE/FaceSwap/HifiFace/id51_id55_0000.mp4,FaceSwap/HifiFace,id51,id55,0,-3.9741578102111816,3.9741578102111816,0.0,92.73892211914062,30.0,0.0,0.0,0.007315818220376968,0.004126630257815123,0.006350705400109291,0.01137281209230423
CelebDFv3,/root/Datasets/CelebDFv3/CelebDFv3/FAKE/FaceSwap/InSwapper/id23_id30_0000.mp4,FaceSwap/InSwapper,id23,id30,0,2.843259572982788,-2.843259572982788,0.0,104.86460876464844,30.0,0.0,0.0,0.0017813348677009344,0.0018782266415655613,0.0009918601717799902,0.0017628439236432314
CelebDFv3,/root/Datasets/CelebDFv3/CelebDFv3/FAKE/FaceSwap/MobileFaceSwap/id31_id32_0008.mp4,FaceSwap/MobileFaceSwap,id31,id32,0,0.4941290020942688,-0.4941290020942688,0.0,106.93059539794922,30.0,0.0,0.0,0.0034629919100552797,0.009907590225338936,0.0056490483693778515,0.010173075832426548
CelebDFv3,/root/Datasets/CelebDFv3/CelebDFv3/FAKE/FaceSwap/SimSwap/id48_id43_0003.mp4,FaceSwap/SimSwap,id48,id43,0,-2.666729688644409,2.666729688644409,0.0,87.4354476928711,30.0,1.0,0.078125,0.005917784292250872,0.03044910915195942,0.013725881464779377,0.024510502815246582
CelebDFv3,/root/Datasets/CelebDFv3/CelebDFv3/FAKE/FaceSwap/UniFace/id26_id27_0008.mp4,FaceSwap/UniFace,id26,id27,0,-1.6971137523651123,1.6971137523651123,0.0,127.80321502685547,30.0,0.0,0.0,0.006257143337279558,0.004861915018409491,0.002938747638836503,0.005351343657821417
CelebDFv3,/root/Datasets/CelebDFv3/CelebDFv3/FAKE/TalkingFace/AniTalker/id22_0006_test_id04478_qfn8NllQPNY.mp4,TalkingFace/AniTalker,id22,,0,5.148712158203125,-5.148712158203125,0.0,135.6529998779297,25.0,0.0,0.0,0.0068466695956885815,0.003913666121661663,0.00511507224291563,0.00511507224291563
CelebDFv3,/root/Datasets/CelebDFv3/CelebDFv3/FAKE/TalkingFace/EDTalk/id11_0005_test_id02465_PhHBC9xmnUQ.mp4,TalkingFace/EDTalk,id11,,0,-2.420520067214966,2.420520067214966,0.0,106.48262023925781,25.0,0.0,0.0,0.01018468290567398,0.00883794017136097,0.007673104293644428,0.007673104293644428
CelebDFv3,/root/Datasets/CelebDFv3/CelebDFv3/FAKE/TalkingFace/EchoMimic/id25_0004_test_id01593_tLFWX-IdAwI.mp4,TalkingFace/EchoMimic,id25,,0,-2.6992058753967285,2.6992058753967285,0.0,121.6072769165039,24.0,0.0,0.0,0.014062520116567612,0.012913963757455349,0.006863926537334919,0.006863926537334919
CelebDFv3,/root/Datasets/CelebDFv3/CelebDFv3/FAKE/TalkingFace/FLOAT/id31_0006_test_id01333_oeu8HplVJz8.mp4,TalkingFace/FLOAT,id31,,0,-11.37161922454834,11.37161922454834,0.0,210.0388641357422,25.0,0.0,0.0,0.011677572503685951,0.009111438877880573,0.011055043898522854,0.011055043898522854
CelebDFv3,/root/Datasets/CelebDFv3/CelebDFv3/FAKE/TalkingFace/IP_LAP/id26_0008_test_id01541_SjibtkyrW1A.mp4,TalkingFace/IP_LAP,id26,,0,0.7316646575927734,-0.7316646575927734,0.0,116.2191390991211,25.0,0.0,0.0,0.01378064788877964,0.007875373587012291,0.010613366961479187,0.010613366961479187
CelebDFv3,/root/Datasets/CelebDFv3/CelebDFv3/FAKE/TalkingFace/Real3DPortrait/id8_0001_test_id04656_4MhYXxGH8aU.mp4,TalkingFace/Real3DPortrait,id8,,0,2.1552929878234863,-2.1552929878234863,0.0,180.256591796875,25.0,1.0,0.109375,0.010449237190186977,0.006373336538672447,0.005598863121122122,0.005598863121122122
CelebDFv3,/root/Datasets/CelebDFv3/CelebDFv3/FAKE/TalkingFace/SadTalker/id54_0003_test_id02317_B_Tih3Eph2k.mp4,TalkingFace/SadTalker,id54,,0,5.590371131896973,-5.590371131896973,0.0,160.36947631835938,25.0,0.0,0.0,0.003992530517280102,0.005332367494702339,0.00592339551076293,0.00592339551076293
CelebDFv3,/root/Datasets/CelebDFv3/CelebDFv3/FAKE/FaceReenact/DaGAN/id48_id43_0003.mp4,FaceReenact/DaGAN,id48,id43,0,-3.963083267211914,3.963083267211914,0.0,109.00689697265625,30.0,0.0,0.0,0.0066518839448690414,0.009222125634551048,0.005424584727734327,0.005424584727734327
CelebDFv3,/root/Datasets/CelebDFv3/CelebDFv3/FAKE/FaceReenact/FSRT/id23_id1_0003.mp4,FaceReenact/FSRT,id23,id1,0,-0.3575972020626068,0.3575972020626068,0.0,96.48554992675781,20.0,0.0,0.0,0.01799245923757553,0.00706166448071599,0.0062652709893882275,0.0062652709893882275
CelebDFv3,/root/Datasets/CelebDFv3/CelebDFv3/FAKE/FaceReenact/HyperReenact/id31_id38_0001.mp4,FaceReenact/HyperReenact,id31,id38,0,0.17009571194648743,-0.17009571194648743,0.0,123.79469299316406,25.0,0.0,0.0,0.004812208004295826,0.001969496253877878,0.005486797541379929,0.005486797541379929
CelebDFv3,/root/Datasets/CelebDFv3/CelebDFv3/FAKE/FaceReenact/LIA/id31_id16_0004.mp4,FaceReenact/LIA,id31,id16,0,4.046393394470215,-4.046393394470215,0.0,140.5234832763672,30.0,1.0,0.015625,0.014232940040528774,0.007200553547590971,0.009063216857612133,0.009063216857612133
CelebDFv3,/root/Datasets/CelebDFv3/CelebDFv3/FAKE/FaceReenact/LivePortrait/id51_id49_0005.mp4,FaceReenact/LivePortrait,id51,id49,0,-5.825155735015869,5.825155735015869,0.0,153.79588317871094,30.0,1.0,0.09375,0.0026380184572190046,0.004817896988242865,0.002860468812286854,0.005122513044625521
CelebDFv3,/root/Datasets/CelebDFv3/CelebDFv3/FAKE/FaceReenact/MCNET/id48_id40_0003.mp4,FaceReenact/MCNET,id48,id40,0,0.6746869087219238,-0.6746869087219238,0.0,81.75496673583984,30.0,1.0,0.015625,0.011297894641757011,0.00905265286564827,0.006629110313951969,0.006629110313951969
CelebDFv3,/root/Datasets/CelebDFv3/CelebDFv3/FAKE/FaceReenact/TPSMM/id26_id35_0002.mp4,FaceReenact/TPSMM,id26,id35,0,3.088894844055176,-3.088894844055176,0.0,94.064697265625,30.0,0.0,0.0,0.016711533069610596,0.005617224611341953,0.008252700790762901,0.008252700790762901
CelebDFv3,/root/Datasets/CelebDFv3/CelebDFv3/FAKE/FaceSwap/BlendFace/id23_id26_0001.mp4,FaceSwap/BlendFace,id23,id26,0,1.766831874847412,-1.766831874847412,0.0,104.84225463867188,30.0,0.0,0.0,0.002266776282340288,0.0036903945729136467,0.0016453620046377182,0.0029243200551718473
CelebDFv3,/root/Datasets/CelebDFv3/CelebDFv3/FAKE/FaceSwap/Celeb-DF-v2/id25_id27_0005.mp4,FaceSwap/Celeb-DF-v2,id25,id27,0,1.3404639959335327,-1.3404639959335327,0.0,86.37743377685547,30.0,0.0,0.0,0.011512920260429382,0.0032577747479081154,0.003811529139056802,0.005656309425830841
CelebDFv3,/root/Datasets/CelebDFv3/CelebDFv3/FAKE/FaceSwap/GHOST/id23_id16_0004.mp4,FaceSwap/GHOST,id23,id16,0,-0.6978546380996704,0.6978546380996704,0.0,138.46449279785156,30.0,1.0,0.078125,0.014883523806929588,0.010247636586427689,0.009127764031291008,0.01230422593653202
CelebDFv3,/root/Datasets/CelebDFv3/CelebDFv3/FAKE/FaceSwap/HifiFace/id26_id35_0002.mp4,FaceSwap/HifiFace,id26,id35,0,1.7634813785552979,-1.7634813785552979,0.0,86.50528717041016,30.0,1.0,0.015625,0.006237908266484737,0.016817495226860046,0.00408942298963666,0.007347099483013153
CelebDFv3,/root/Datasets/CelebDFv3/CelebDFv3/FAKE/FaceSwap/InSwapper/id23_id26_0009.mp4,FaceSwap/InSwapper,id23,id26,0,4.390437602996826,-4.390437602996826,0.0,103.44664001464844,30.0,0.0,0.0,0.004256586544215679,0.004276294261217117,0.0031171373557299376,0.004127089865505695
CelebDFv3,/root/Datasets/CelebDFv3/CelebDFv3/FAKE/FaceSwap/MobileFaceSwap/id26_id3_0006.mp4,FaceSwap/MobileFaceSwap,id26,id3,0,0.3017539978027344,-0.3017539978027344,0.0,244.53529357910156,30.0,1.0,0.015625,0.01672903075814247,0.004708756692707539,0.004362502600997686,0.007943946868181229
CelebDFv3,/root/Datasets/CelebDFv3/CelebDFv3/FAKE/FaceSwap/SimSwap/id48_id39_0007.mp4,FaceSwap/SimSwap,id48,id39,0,3.792056083679199,-3.792056083679199,0.0,99.798095703125,30.0,0.0,0.0,0.0015158177120611072,0.001261458732187748,0.001372586004436016,0.0018008328042924404
CelebDFv3,/root/Datasets/CelebDFv3/CelebDFv3/FAKE/FaceSwap/UniFace/id54_id52_0006.mp4,FaceSwap/UniFace,id54,id52,0,-5.058195114135742,5.058195114135742,0.0,180.06517028808594,30.0,0.0,0.0,0.004748189821839333,0.005852814763784409,0.003390396246686578,0.006071504671126604
CelebDFv3,/root/Datasets/CelebDFv3/CelebDFv3/FAKE/TalkingFace/AniTalker/id54_0000_test_id08374_8V4tFXw2UxY.mp4,TalkingFace/AniTalker,id54,,0,-4.609221935272217,4.609221935272217,0.0,128.32154846191406,25.0,0.0,0.0,0.004393653944134712,0.0040219612419605255,0.004929590970277786,0.004929590970277786
CelebDFv3,/root/Datasets/CelebDFv3/CelebDFv3/FAKE/TalkingFace/EDTalk/id31_0000_test_id08701_UeUyLqpLz70.mp4,TalkingFace/EDTalk,id31,,0,3.827528953552246,-3.827528953552246,0.0,117.78056335449219,25.0,0.0,0.0,0.011665964499115944,0.009940234944224358,0.00540905399248004,0.00540905399248004
CelebDFv3,/root/Datasets/CelebDFv3/CelebDFv3/FAKE/TalkingFace/EchoMimic/id56_0003_test_id04862_GaEmvf_9c3Q.mp4,TalkingFace/EchoMimic,id56,,0,-4.114930152893066,4.114930152893066,0.0,106.6355209350586,24.0,0.0,0.0,0.003831657813861966,0.008498426526784897,0.005966633092612028,0.005966633092612028
CelebDFv3,/root/Datasets/CelebDFv3/CelebDFv3/FAKE/TalkingFace/FLOAT/id54_0005_test_id06104_HSe6gXwgeRs.mp4,TalkingFace/FLOAT,id54,,0,-3.5263824462890625,3.5263824462890625,0.0,94.00200653076172,25.0,0.0,0.0,0.022591376677155495,0.00908598117530346,0.01258773636072874,0.01258773636072874
CelebDFv3,/root/Datasets/CelebDFv3/CelebDFv3/FAKE/TalkingFace/IP_LAP/id51_0004_test_id08392_V2DQaPnQhBs.mp4,TalkingFace/IP_LAP,id51,,0,-2.763240337371826,2.763240337371826,0.0,107.34940338134766,25.0,1.0,0.296875,0.0031160449143499136,0.002973896684125066,0.005106619093567133,0.005106619093567133
CelebDFv3,/root/Datasets/CelebDFv3/CelebDFv3/FAKE/TalkingFace/Real3DPortrait/id11_0001_test_id04478_GZQGZOmFU5U.mp4,TalkingFace/Real3DPortrait,id11,,0,-0.8238883018493652,0.8238883018493652,0.0,126.1866455078125,25.0,0.0,0.0,0.012788873165845871,0.0072066751308739185,0.0070901066064834595,0.0070901066064834595
CelebDFv3,/root/Datasets/CelebDFv3/CelebDFv3/FAKE/TalkingFace/SadTalker/id51_0007_test_id07663_Um4MKhndp_0.mp4,TalkingFace/SadTalker,id51,,0,-3.080415725708008,3.080415725708008,0.0,136.47232055664062,25.0,0.0,0.0,0.0011140216374769807,0.0035841490607708693,0.0046217176131904125,0.0046217176131904125
CelebDFv3,/root/Datasets/CelebDFv3/CelebDFv3/FAKE/FaceReenact/DaGAN/id54_id56_0002.mp4,FaceReenact/DaGAN,id54,id56,0,3.408095121383667,-3.408095121383667,0.0,124.09642791748047,30.0,1.0,0.015625,0.023914244025945663,0.009363658726215363,0.016322491690516472,0.016322491690516472
CelebDFv3,/root/Datasets/CelebDFv3/CelebDFv3/FAKE/FaceReenact/FSRT/id22_id21_0006.mp4,FaceReenact/FSRT,id22,id21,0,3.818035840988159,-3.818035840988159,0.0,133.1564178466797,20.0,0.0,0.0,0.018570447340607643,0.0038439284544438124,0.00673652533441782,0.00673652533441782
CelebDFv3,/root/Datasets/CelebDFv3/CelebDFv3/FAKE/FaceReenact/HyperReenact/id54_id49_0001.mp4,FaceReenact/HyperReenact,id54,id49,0,-3.4855499267578125,3.4855499267578125,0.0,218.90943908691406,25.0,0.0,0.0,0.0032977259252220392,0.0025913999415934086,0.004957254510372877,0.004957254510372877
CelebDFv3,/root/Datasets/CelebDFv3/CelebDFv3/FAKE/FaceReenact/LIA/id26_id37_0001.mp4,FaceReenact/LIA,id26,id37,0,1.2260737419128418,-1.2260737419128418,0.0,122.41233825683594,30.0,1.0,0.109375,0.016013069078326225,0.0020016049966216087,0.007235517259687185,0.007235517259687185
CelebDFv3,/root/Datasets/CelebDFv3/CelebDFv3/FAKE/FaceReenact/LivePortrait/id23_id33_0002.mp4,FaceReenact/LivePortrait,id23,id33,0,-0.43221014738082886,0.43221014738082886,0.0,133.5024871826172,30.0,1.0,0.25,0.016347253695130348,0.014797446317970753,0.0028984923847019672,0.005151522345840931
CelebDFv3,/root/Datasets/CelebDFv3/CelebDFv3/FAKE/FaceReenact/MCNET/id23_id9_0008.mp4,FaceReenact/MCNET,id23,id9,0,0.5469092726707458,-0.5469092726707458,0.0,88.7872543334961,30.0,1.0,0.328125,0.018705226480960846,0.0024805243592709303,0.008992042392492294,0.008992042392492294
CelebDFv3,/root/Datasets/CelebDFv3/CelebDFv3/FAKE/FaceReenact/TPSMM/id26_id25_0001.mp4,FaceReenact/TPSMM,id26,id25,0,-1.073838472366333,1.073838472366333,0.0,119.0858383178711,30.0,1.0,0.25,0.005240766331553459,0.003363399300724268,0.012830945663154125,0.012830945663154125
CelebDFv3,/root/Datasets/CelebDFv3/CelebDFv3/FAKE/FaceSwap/BlendFace/id48_id47_0002.mp4,FaceSwap/BlendFace,id48,id47,0,0.3650813102722168,-0.3650813102722168,0.0,109.5943832397461,30.0,0.0,0.0,0.002990709152072668,0.004098588600754738,0.001937654335051775,0.003460097359493375
CelebDFv3,/root/Datasets/CelebDFv3/CelebDFv3/FAKE/FaceSwap/Celeb-DF-v2/id31_id26_0002.mp4,FaceSwap/Celeb-DF-v2,id31,id26,0,3.3705859184265137,-3.3705859184265137,0.0,151.57666015625,30.0,0.0,0.0,0.017468685284256935,0.0337224043905735,0.012495958246290684,0.022503314539790154
CelebDFv3,/root/Datasets/CelebDFv3/CelebDFv3/FAKE/FaceSwap/GHOST/id48_id40_0003.mp4,FaceSwap/GHOST,id48,id40,0,-0.5373550653457642,0.5373550653457642,0.0,101.04914855957031,30.0,1.0,0.0625,0.006049774587154388,0.00999047327786684,0.006284324452280998,0.011222007684409618
CelebDFv3,/root/Datasets/CelebDFv3/CelebDFv3/FAKE/FaceSwap/HifiFace/id31_id26_0007.mp4,FaceSwap/HifiFace,id31,id26,0,-9.250824928283691,9.250824928283691,0.0,288.8081970214844,30.0,0.0,0.0,0.011949300765991211,0.003788679139688611,0.0070792147889733315,0.012748586013913155
CelebDFv3,/root/Datasets/CelebDFv3/CelebDFv3/FAKE/FaceSwap/InSwapper/id26_id31_0002.mp4,FaceSwap/InSwapper,id26,id31,0,-0.1908116638660431,0.1908116638660431,0.0,88.11651611328125,30.0,0.0,0.0,0.0063720578327775,0.016745373606681824,0.0035700825974345207,0.006414046976715326
CelebDFv3,/root/Datasets/CelebDFv3/CelebDFv3/FAKE/FaceSwap/MobileFaceSwap/id48_id41_0006.mp4,FaceSwap/MobileFaceSwap,id48,id41,0,1.4441888332366943,-1.4441888332366943,0.0,79.5414047241211,30.0,0.0,0.0,0.004892205353826284,0.03439175337553024,0.00476678553968668,0.006254022009670734
CelebDFv3,/root/Datasets/CelebDFv3/CelebDFv3/FAKE/FaceSwap/SimSwap/id31_id9_0002.mp4,FaceSwap/SimSwap,id31,id9,0,4.736833572387695,-4.736833572387695,0.0,151.1623077392578,30.0,0.0,0.0,0.019211702048778534,0.04261067509651184,0.012190633453428745,0.02195347100496292
CelebDFv3,/root/Datasets/CelebDFv3/CelebDFv3/FAKE/FaceSwap/UniFace/id11_id7_0009.mp4,FaceSwap/UniFace,id11,id7,0,-5.329277992248535,5.329277992248535,0.0,108.57646179199219,30.0,0.0,0.0,0.002334489719942212,0.0026804953813552856,0.0015144766075536609,0.0028775054961442947
CelebDFv3,/root/Datasets/CelebDFv3/CelebDFv3/FAKE/TalkingFace/AniTalker/id59_0008_test_id06104_I5L50wxtK8Q.mp4,TalkingFace/AniTalker,id59,,0,5.456310272216797,-5.456310272216797,0.0,111.31928253173828,25.0,0.0,0.0,0.005487475544214249,0.004163551144301891,0.004404229577630758,0.004404229577630758
CelebDFv3,/root/Datasets/CelebDFv3/CelebDFv3/FAKE/TalkingFace/EDTalk/id11_0009_test_id00817_GAs8WnyFKJM.mp4,TalkingFace/EDTalk,id11,,0,-1.9232211112976074,1.9232211112976074,0.0,106.79375457763672,25.0,0.0,0.0,0.013758854940533638,0.009444087743759155,0.005523757543414831,0.005523757543414831
CelebDFv3,/root/Datasets/CelebDFv3/CelebDFv3/FAKE/TalkingFace/EchoMimic/id23_0002_test_id07961_Q7QhiPMMMVA.mp4,TalkingFace/EchoMimic,id23,,0,-4.548555374145508,4.548555374145508,0.0,128.13780212402344,24.0,0.0,0.0,0.008358870632946491,0.010143077000975609,0.010972182266414165,0.010972182266414165
CelebDFv3,/root/Datasets/CelebDFv3/CelebDFv3/FAKE/TalkingFace/FLOAT/id51_0008_test_id03524_2DD4Np7SaWw.mp4,TalkingFace/FLOAT,id51,,0,-5.600127696990967,5.600127696990967,0.0,112.31820678710938,25.0,0.0,0.0,0.010014987550675869,0.007739970926195383,0.006682131439447403,0.006682131439447403
CelebDFv3,/root/Datasets/CelebDFv3/CelebDFv3/FAKE/TalkingFace/IP_LAP/id48_0006_test_id04094_iuzHh5LLoUo.mp4,TalkingFace/IP_LAP,id48,,0,8.41232967376709,-8.41232967376709,0.0,99.04701232910156,25.0,0.0,0.0,0.007963859476149082,0.00612975936383009,0.006329137831926346,0.006329137831926346
CelebDFv3,/root/Datasets/CelebDFv3/CelebDFv3/FAKE/TalkingFace/Real3DPortrait/id25_0010_test_id01437_TLJh3OC21Ms.mp4,TalkingFace/Real3DPortrait,id25,,0,7.454619407653809,-7.454619407653809,0.0,155.99354553222656,25.0,0.0,0.0,0.012916888110339642,0.004590747877955437,0.007875317707657814,0.007875317707657814
CelebDFv3,/root/Datasets/CelebDFv3/CelebDFv3/FAKE/TalkingFace/SadTalker/id31_0003_test_id02542_cwgUjse_REU.mp4,TalkingFace/SadTalker,id31,,0,-4.808039665222168,4.808039665222168,0.0,126.7288818359375,25.0,0.0,0.0,0.005277710501104593,0.010419793426990509,0.008800774812698364,0.008800774812698364
CelebDFv3,/root/Datasets/CelebDFv3/CelebDFv3/FAKE/FaceReenact/DaGAN/id51_id55_0004.mp4,FaceReenact/DaGAN,id51,id55,0,-2.8227789402008057,2.8227789402008057,0.0,102.27388000488281,30.0,1.0,0.265625,0.013724647462368011,0.02563861757516861,0.023338790982961655,0.023338790982961655
CelebDFv3,/root/Datasets/CelebDFv3/CelebDFv3/FAKE/FaceReenact/FSRT/id51_id49_0001.mp4,FaceReenact/FSRT,id51,id49,0,-1.6860954761505127,1.6860954761505127,0.0,147.92164611816406,20.0,1.0,0.03125,0.008808456361293793,0.0040929582901299,0.010858213528990746,0.010858213528990746
CelebDFv3,/root/Datasets/CelebDFv3/CelebDFv3/FAKE/FaceReenact/HyperReenact/id56_id50_0006.mp4,FaceReenact/HyperReenact,id56,id50,0,-2.9858005046844482,2.9858005046844482,0.0,107.52613067626953,25.0,0.0,0.0,0.004001745954155922,0.0031147918198257685,0.0036424293648451567,0.0036424293648451567
CelebDFv3,/root/Datasets/CelebDFv3/CelebDFv3/FAKE/FaceReenact/LIA/id26_id3_0008.mp4,FaceReenact/LIA,id26,id3,0,1.5880707502365112,-1.5880707502365112,0.0,115.68819427490234,30.0,0.0,0.0,0.009204640053212643,0.013597561046481133,0.007902070879936218,0.007902070879936218
CelebDFv3,/root/Datasets/CelebDFv3/CelebDFv3/FAKE/FaceReenact/LivePortrait/id22_id21_0006.mp4,FaceReenact/LivePortrait,id22,id21,0,5.248323440551758,-5.248323440551758,0.0,123.0262222290039,30.0,0.0,0.0,0.004481806885451078,0.0020936504006385803,0.002022768370807171,0.003595088142901659
CelebDFv3,/root/Datasets/CelebDFv3/CelebDFv3/FAKE/FaceReenact/MCNET/id31_id16_0005.mp4,FaceReenact/MCNET,id31,id16,0,1.2300095558166504,-1.2300095558166504,0.0,113.81742858886719,30.0,1.0,0.046875,0.010014507919549942,0.005989267956465483,0.007605693303048611,0.007605693303048611
CelebDFv3,/root/Datasets/CelebDFv3/CelebDFv3/FAKE/FaceReenact/TPSMM/id23_id3_0006.mp4,FaceReenact/TPSMM,id23,id3,0,11.471535682678223,-11.471535682678223,0.0,88.5537338256836,30.0,1.0,0.234375,0.015572051517665386,0.012523667886853218,0.010483822785317898,0.010483822785317898
CelebDFv3,/root/Datasets/CelebDFv3/CelebDFv3/FAKE/FaceSwap/BlendFace/id56_id52_0008.mp4,FaceSwap/BlendFace,id56,id52,0,5.363655090332031,-5.363655090332031,0.0,97.28324127197266,30.0,0.0,0.0,0.005001063458621502,0.002733479952439666,0.002204421442002058,0.003947666846215725
CelebDFv3,/root/Datasets/CelebDFv3/CelebDFv3/FAKE/FaceSwap/Celeb-DF-v2/id56_id58_0005.mp4,FaceSwap/Celeb-DF-v2,id56,id58,0,-1.8515933752059937,1.8515933752059937,0.0,95.6727294921875,29.899993896484375,0.0,0.0,0.001640785252675414,0.003951107617467642,0.0009333984926342964,0.0016715254168957472
CelebDFv3,/root/Datasets/CelebDFv3/CelebDFv3/FAKE/FaceSwap/GHOST/id23_id2_0007.mp4,FaceSwap/GHOST,id23,id2,0,-0.05121171474456787,0.05121171474456787,0.0,151.93832397460938,30.0,0.0,0.0,0.012015552259981632,0.049037910997867584,0.007514115888625383,0.01318209245800972
CelebDFv3,/root/Datasets/CelebDFv3/CelebDFv3/FAKE/FaceSwap/HifiFace/id31_id35_0002.mp4,FaceSwap/HifiFace,id31,id35,0,3.689098834991455,-3.689098834991455,0.0,150.1747283935547,30.0,0.0,0.0,0.01723124459385872,0.03613262251019478,0.012149573303759098,0.02187952771782875
CelebDFv3,/root/Datasets/CelebDFv3/CelebDFv3/FAKE/FaceSwap/InSwapper/id31_id3_0000.mp4,FaceSwap/InSwapper,id31,id3,0,-1.525153398513794,1.525153398513794,0.0,115.70327758789062,30.0,0.0,0.0,0.0035594827495515347,0.006478835828602314,0.003264371305704117,0.005878634750843048
CelebDFv3,/root/Datasets/CelebDFv3/CelebDFv3/FAKE/FaceSwap/MobileFaceSwap/id23_id20_0001.mp4,FaceSwap/MobileFaceSwap,id23,id20,0,3.84995174407959,-3.84995174407959,0.0,106.92121887207031,30.0,0.0,0.0,0.0022955122403800488,0.0036680148914456367,0.0015094713307917118,0.0026827999390661716
CelebDFv3,/root/Datasets/CelebDFv3/CelebDFv3/FAKE/FaceSwap/SimSwap/id8_id6_0007.mp4,FaceSwap/SimSwap,id8,id6,0,-0.9162659049034119,0.9162659049034119,0.0,172.43975830078125,30.0,0.0,0.0,0.013794544152915478,0.06052494794130325,0.0023362927604466677,0.004401575308293104
CelebDFv3,/root/Datasets/CelebDFv3/CelebDFv3/FAKE/FaceSwap/UniFace/id26_id1_0000.mp4,FaceSwap/UniFace,id26,id1,0,2.689617156982422,-2.689617156982422,0.0,151.52333068847656,30.0,0.0,0.0,0.0020522279664874077,0.0013872658601030707,0.0023069491144269705,0.004144688136875629
CelebDFv3,/root/Datasets/CelebDFv3/CelebDFv3/FAKE/TalkingFace/AniTalker/id22_0000_test_id00926_TOxtKuoggFI.mp4,TalkingFace/AniTalker,id22,,0,3.8704676628112793,-3.8704676628112793,0.0,146.06536865234375,25.0,0.0,0.0,0.006636633537709713,0.005257795099169016,0.007540282793343067,0.007540282793343067
CelebDFv3,/root/Datasets/CelebDFv3/CelebDFv3/FAKE/TalkingFace/EDTalk/id56_0007_test_id07663_qqRVoQRN1vg.mp4,TalkingFace/EDTalk,id56,,0,2.716705560684204,-2.716705560684204,0.0,229.36209106445312,25.0,0.0,0.0,0.010595637373626232,0.010095609351992607,0.00937066413462162,0.00937066413462162
CelebDFv3,/root/Datasets/CelebDFv3/CelebDFv3/FAKE/TalkingFace/EchoMimic/id56_0004_test_id09017_oF8cALd6lU0.mp4,TalkingFace/EchoMimic,id56,,0,-2.076106548309326,2.076106548309326,0.0,132.95394897460938,24.0,0.0,0.0,0.009614890441298485,0.013179614208638668,0.012270262464880943,0.012270262464880943
CelebDFv3,/root/Datasets/CelebDFv3/CelebDFv3/FAKE/TalkingFace/FLOAT/id23_0004_test_id04276_H1Xnb_rtgqY.mp4,TalkingFace/FLOAT,id23,,0,1.549419641494751,-1.549419641494751,0.0,148.53952026367188,25.0,0.0,0.0,0.00828777626156807,0.011680152267217636,0.009407361038029194,0.009407361038029194
CelebDFv3,/root/Datasets/CelebDFv3/CelebDFv3/FAKE/TalkingFace/IP_LAP/id59_0006_test_id08701_yty4X4F1mQY.mp4,TalkingFace/IP_LAP,id59,,0,6.912160873413086,-6.912160873413086,0.0,96.21637725830078,25.0,1.0,0.015625,0.0230551864951849,0.0140492869541049,0.023255497217178345,0.023255497217178345
CelebDFv3,/root/Datasets/CelebDFv3/CelebDFv3/FAKE/TalkingFace/Real3DPortrait/id59_0002_test_id04232_lcNvUKfW9tY.mp4,TalkingFace/Real3DPortrait,id59,,0,4.013125419616699,-4.013125419616699,0.0,383.4732360839844,25.0,1.0,1.0,0.0,0.0,0.0,0.0
CelebDFv3,/root/Datasets/CelebDFv3/CelebDFv3/FAKE/TalkingFace/SadTalker/id56_0004_test_id04366_GAE3onT-CHs.mp4,TalkingFace/SadTalker,id56,,0,0.8722548484802246,-0.8722548484802246,0.0,146.53575134277344,25.0,0.0,0.0,0.0034538256004452705,0.005035082809627056,0.010340099222958088,0.010340099222958088
CelebDFv3,/root/Datasets/CelebDFv3/CelebDFv3/FAKE/FaceReenact/DaGAN/id48_id42_0003.mp4,FaceReenact/DaGAN,id48,id42,0,-1.7579509019851685,1.7579509019851685,0.0,103.55614471435547,30.0,0.0,0.0,0.019080452620983124,0.004578234627842903,0.011342342011630535,0.011342342011630535
CelebDFv3,/root/Datasets/CelebDFv3/CelebDFv3/FAKE/FaceReenact/FSRT/id26_id0_0000.mp4,FaceReenact/FSRT,id26,id0,0,0.5702345967292786,-0.5702345967292786,0.0,136.5897979736328,20.0,1.0,0.28125,0.021179337054491043,0.00637031439691782,0.007476340048015118,0.007476340048015118
CelebDFv3,/root/Datasets/CelebDFv3/CelebDFv3/FAKE/FaceReenact/HyperReenact/id31_id16_0004.mp4,FaceReenact/HyperReenact,id31,id16,0,-5.770686149597168,5.770686149597168,0.0,168.49798583984375,25.0,0.0,0.0,0.012922660447657108,0.0036081362050026655,0.011652236804366112,0.011652236804366112
CelebDFv3,/root/Datasets/CelebDFv3/CelebDFv3/FAKE/FaceReenact/LIA/id48_id45_0008.mp4,FaceReenact/LIA,id48,id45,0,-2.6542739868164062,2.6542739868164062,0.0,145.51690673828125,30.0,0.0,0.0,0.007737640291452408,0.011138328351080418,0.010776247829198837,0.010776247829198837
CelebDFv3,/root/Datasets/CelebDFv3/CelebDFv3/FAKE/FaceReenact/LivePortrait/id26_id1_0004.mp4,FaceReenact/LivePortrait,id26,id1,0,-3.725125789642334,3.725125789642334,0.0,108.36996459960938,30.0,0.0,0.0,0.002878767205402255,0.004980950616300106,0.0019918985199183226,0.0035786654334515333
CelebDFv3,/root/Datasets/CelebDFv3/CelebDFv3/FAKE/FaceReenact/MCNET/id25_id21_0008.mp4,FaceReenact/MCNET,id25,id21,0,3.853135108947754,-3.853135108947754,0.0,101.30247497558594,30.0,0.0,0.0,0.029492605477571487,0.015547462739050388,0.010665316134691238,0.010665316134691238
CelebDFv3,/root/Datasets/CelebDFv3/CelebDFv3/FAKE/FaceReenact/TPSMM/id22_id21_0004.mp4,FaceReenact/TPSMM,id22,id21,0,6.783544063568115,-6.783544063568115,0.0,117.81058502197266,30.0,0.0,0.0,0.009991394355893135,0.01097811758518219,0.005931022111326456,0.005931022111326456
CelebDFv3,/root/Datasets/CelebDFv3/CelebDFv3/FAKE/FaceSwap/BlendFace/id23_id0_0003.mp4,FaceSwap/BlendFace,id23,id0,0,-4.173710346221924,4.173710346221924,0.0,108.1172866821289,30.0,0.0,0.0,0.0038931032177060843,0.0026673588436096907,0.0014737227465957403,0.0026192632503807545
CelebDFv3,/root/Datasets/CelebDFv3/CelebDFv3/FAKE/FaceSwap/Celeb-DF-v2/id23_id31_0000.mp4,FaceSwap/Celeb-DF-v2,id23,id31,0,1.6237457990646362,-1.6237457990646362,0.0,105.34341430664062,30.0,0.0,0.0,0.0017184567404910922,0.0018671295838430524,0.0009560832986608148,0.0016992574092000723
CelebDFv3,/root/Datasets/CelebDFv3/CelebDFv3/FAKE/FaceSwap/GHOST/id54_id52_0005.mp4,FaceSwap/GHOST,id54,id52,0,-1.830835223197937,1.830835223197937,0.0,87.15036010742188,30.0,0.0,0.0,0.015127930790185928,0.003385012736544013,0.003443161491304636,0.0061659966595470905
CelebDFv3,/root/Datasets/CelebDFv3/CelebDFv3/FAKE/FaceSwap/HifiFace/id48_id40_0007.mp4,FaceSwap/HifiFace,id48,id40,0,1.609140157699585,-1.609140157699585,0.0,101.29352569580078,30.0,0.0,0.0,0.0015191045822575688,0.0013531907461583614,0.001383246504701674,0.0018148194067180157
CelebDFv3,/root/Datasets/CelebDFv3/CelebDFv3/FAKE/FaceSwap/InSwapper/id31_id37_0004.mp4,FaceSwap/InSwapper,id31,id37,0,1.1843297481536865,-1.1843297481536865,0.0,165.77940368652344,30.0,0.0,0.0,0.0051056151278316975,0.0029404042288661003,0.0024595006834715605,0.004429185763001442
CelebDFv3,/root/Datasets/CelebDFv3/CelebDFv3/FAKE/FaceSwap/MobileFaceSwap/id54_id52_0003.mp4,FaceSwap/MobileFaceSwap,id54,id52,0,3.2394392490386963,-3.2394392490386963,0.0,128.770751953125,30.0,0.0,0.0,0.001759479520842433,0.010348951444029808,0.0017581963911652565,0.0031485692597925663
CelebDFv3,/root/Datasets/CelebDFv3/CelebDFv3/FAKE/FaceSwap/SimSwap/id51_id53_0007.mp4,FaceSwap/SimSwap,id51,id53,0,-2.8792154788970947,2.8792154788970947,0.0,127.16864013671875,30.0,0.0,0.0,0.0032822838984429836,0.003287694649770856,0.0015909990761429071,0.002849153010174632
CelebDFv3,/root/Datasets/CelebDFv3/CelebDFv3/FAKE/FaceSwap/UniFace/id26_id22_0003.mp4,FaceSwap/UniFace,id26,id22,0,-0.1107926070690155,0.1107926070690155,0.0,341.8143615722656,30.0,0.0,0.0,0.006181244272738695,0.006540482863783836,0.00237674149684608,0.004270078148692846
CelebDFv3,/root/Datasets/CelebDFv3/CelebDFv3/FAKE/TalkingFace/AniTalker/id11_0003_test_id06209_6oI-FJQS9V0.mp4,TalkingFace/AniTalker,id11,,0,-3.1867194175720215,3.1867194175720215,0.0,147.99212646484375,25.0,0.0,0.0,0.003933361265808344,0.003131187055259943,0.005765663459897041,0.005765663459897041
CelebDFv3,/root/Datasets/CelebDFv3/CelebDFv3/FAKE/TalkingFace/EDTalk/id25_0000_test_id06209_6oI-FJQS9V0.mp4,TalkingFace/EDTalk,id25,,0,4.525339126586914,-4.525339126586914,0.0,138.59140014648438,25.0,0.0,0.0,0.012137649580836296,0.011254330165684223,0.006836479529738426,0.006836479529738426
CelebDFv3,/root/Datasets/CelebDFv3/CelebDFv3/FAKE/TalkingFace/EchoMimic/id11_0003_test_id02725_37kUrf6RJdw.mp4,TalkingFace/EchoMimic,id11,,0,-2.563594341278076,2.563594341278076,0.0,160.2046356201172,24.0,0.0,0.0,0.007261459715664387,0.008596859872341156,0.0045690531842410564,0.0045690531842410564
CelebDFv3,/root/Datasets/CelebDFv3/CelebDFv3/FAKE/TalkingFace/FLOAT/id25_0004_test_id00926_TOxtKuoggFI.mp4,TalkingFace/FLOAT,id25,,0,-5.403624534606934,5.403624534606934,0.0,124.28081512451172,25.0,0.0,0.0,0.016931744292378426,0.007551705930382013,0.007738481275737286,0.007738481275737286
CelebDFv3,/root/Datasets/CelebDFv3/CelebDFv3/FAKE/TalkingFace/IP_LAP/id23_0007_test_id03127_XaxvcU5-eGY.mp4,TalkingFace/IP_LAP,id23,,0,1.20311439037323,-1.20311439037323,0.0,143.34225463867188,25.0,0.0,0.0,0.02110927365720272,0.018488287925720215,0.009033145383000374,0.009033145383000374
CelebDFv3,/root/Datasets/CelebDFv3/CelebDFv3/FAKE/TalkingFace/Real3DPortrait/id54_0005_test_id03178_NLOzCF7vIio.mp4,TalkingFace/Real3DPortrait,id54,,0,4.5691022872924805,-4.5691022872924805,0.0,101.9213638305664,25.0,0.0,0.0,0.012378797866404057,0.004142386838793755,0.007293398026376963,0.007293398026376963
CelebDFv3,/root/Datasets/CelebDFv3/CelebDFv3/FAKE/TalkingFace/SadTalker/id22_0002_test_id02086_0zkXi4u4Rr0.mp4,TalkingFace/SadTalker,id22,,0,-1.3049943447113037,1.3049943447113037,0.0,165.8475799560547,25.0,0.0,0.0,0.001476684003137052,0.0025029797106981277,0.003970925230532885,0.003970925230532885
CelebDFv3,/root/Datasets/CelebDFv3/CelebDFv3/FAKE/FaceReenact/DaGAN/id31_id1_0001.mp4,FaceReenact/DaGAN,id31,id1,0,1.698412537574768,-1.698412537574768,0.0,125.37932586669922,30.0,1.0,0.125,0.013174240477383137,0.004175657872110605,0.006299149245023727,0.006299149245023727
CelebDFv3,/root/Datasets/CelebDFv3/CelebDFv3/FAKE/FaceReenact/FSRT/id31_id17_0004.mp4,FaceReenact/FSRT,id31,id17,0,4.493819236755371,-4.493819236755371,0.0,115.04093933105469,20.0,1.0,0.1875,0.008143292739987373,0.007667135447263718,0.005446596536785364,0.005446596536785364
CelebDFv3,/root/Datasets/CelebDFv3/CelebDFv3/FAKE/FaceReenact/HyperReenact/id23_id19_0002.mp4,FaceReenact/HyperReenact,id23,id19,0,0.6904150247573853,-0.6904150247573853,0.0,118.60520935058594,25.0,0.0,0.0,0.004237743094563484,0.002448604442179203,0.0070530809462070465,0.0070530809462070465
CelebDFv3,/root/Datasets/CelebDFv3/CelebDFv3/FAKE/FaceReenact/LIA/id23_id2_0009.mp4,FaceReenact/LIA,id23,id2,0,5.670842170715332,-5.670842170715332,0.0,96.91288757324219,30.0,0.0,0.0,0.008581483736634254,0.005869118496775627,0.0074005452916026115,0.0074005452916026115
CelebDFv3,/root/Datasets/CelebDFv3/CelebDFv3/FAKE/FaceReenact/LivePortrait/id31_id2_0002.mp4,FaceReenact/LivePortrait,id31,id2,0,2.085597515106201,-2.085597515106201,0.0,161.8124542236328,30.0,1.0,0.15625,0.009609142318367958,0.020638247951865196,0.009616870433092117,0.017318516969680786
CelebDFv3,/root/Datasets/CelebDFv3/CelebDFv3/FAKE/FaceReenact/MCNET/id23_id4_0005.mp4,FaceReenact/MCNET,id23,id4,0,4.989575386047363,-4.989575386047363,0.0,88.26510620117188,30.0,0.0,0.0,0.013623185455799103,0.014474069699645042,0.00882665067911148,0.00882665067911148
CelebDFv3,/root/Datasets/CelebDFv3/CelebDFv3/FAKE/FaceReenact/TPSMM/id22_id28_0005.mp4,FaceReenact/TPSMM,id22,id28,0,0.10329073667526245,-0.10329073667526245,0.0,113.51708984375,30.0,0.0,0.0,0.008786615915596485,0.008436495438218117,0.006318629253655672,0.006318629253655672
CelebDFv3,/root/Datasets/CelebDFv3/CelebDFv3/FAKE/FaceSwap/BlendFace/id23_id17_0000.mp4,FaceSwap/BlendFace,id23,id17,0,2.6317193508148193,-2.6317193508148193,0.0,99.10582733154297,30.0,0.0,0.0,0.0017595901153981686,0.0018021841533482075,0.0012527660001069307,0.0022265545558184385
CelebDFv3,/root/Datasets/CelebDFv3/CelebDFv3/FAKE/FaceSwap/Celeb-DF-v2/id59_id61_0007.mp4,FaceSwap/Celeb-DF-v2,id59,id61,0,0.4101439416408539,-0.4101439416408539,0.0,102.13066864013672,30.0,0.0,0.0,0.030216356739401817,0.03270433470606804,0.0031348224729299545,0.005613823886960745
CelebDFv3,/root/Datasets/CelebDFv3/CelebDFv3/FAKE/FaceSwap/GHOST/id23_id9_0006.mp4,FaceSwap/GHOST,id23,id9,0,1.211026906967163,-1.211026906967163,0.0,120.11359405517578,30.0,0.0,0.0,0.008691986091434956,0.003819849109277129,0.002452416578307748,0.003249451983720064
CelebDFv3,/root/Datasets/CelebDFv3/CelebDFv3/FAKE/FaceSwap/HifiFace/id48_id43_0008.mp4,FaceSwap/HifiFace,id48,id43,0,-3.409801959991455,3.409801959991455,0.0,147.35076904296875,30.0,0.0,0.0,0.002535578329116106,0.0028014259878546,0.0030423225834965706,0.003030153224244714
CelebDFv3,/root/Datasets/CelebDFv3/CelebDFv3/FAKE/FaceSwap/InSwapper/id31_id20_0008.mp4,FaceSwap/InSwapper,id31,id20,0,-1.5578904151916504,1.5578904151916504,0.0,115.01025390625,30.0,0.0,0.0,0.004652682691812515,0.010310495272278786,0.006368572823703289,0.011468828655779362
CelebDFv3,/root/Datasets/CelebDFv3/CelebDFv3/FAKE/FaceSwap/MobileFaceSwap/id26_id16_0003.mp4,FaceSwap/MobileFaceSwap,id26,id16,0,0.005951344966888428,-0.005951344966888428,0.0,341.57257080078125,30.0,0.0,0.0,0.005970939062535763,0.00631455983966589,0.0017082532867789268,0.003069064812734723
CelebDFv3,/root/Datasets/CelebDFv3/CelebDFv3/FAKE/FaceSwap/SimSwap/id31_id34_0004.mp4,FaceSwap/SimSwap,id31,id34,0,1.1963675022125244,-1.1963675022125244,0.0,178.25570678710938,30.0,0.0,0.0,0.004629835952073336,0.0028214675839990377,0.003234033938497305,0.005824001971632242
CelebDFv3,/root/Datasets/CelebDFv3/CelebDFv3/FAKE/FaceSwap/UniFace/id22_id20_0002.mp4,FaceSwap/UniFace,id22,id20,0,-1.955932378768921,1.955932378768921,0.0,108.34061431884766,30.0,0.0,0.0,0.006051225587725639,0.00969281978905201,0.0035577777307480574,0.006323277018964291
CelebDFv3,/root/Datasets/CelebDFv3/CelebDFv3/FAKE/TalkingFace/AniTalker/id48_0006_test_id01298_tAQVEmDyrPs.mp4,TalkingFace/AniTalker,id48,,0,3.4905786514282227,-3.4905786514282227,0.0,106.31244659423828,25.0,0.0,0.0,0.005406774114817381,0.004824494011700153,0.006037824787199497,0.006037824787199497
CelebDFv3,/root/Datasets/CelebDFv3/CelebDFv3/FAKE/TalkingFace/EDTalk/id8_0005_test_id09017_D8dCOAYteTY.mp4,TalkingFace/EDTalk,id8,,0,-3.7657580375671387,3.7657580375671387,0.0,121.4503402709961,25.0,0.0,0.0,0.010243223048746586,0.010231878608465195,0.00514205964282155,0.00514205964282155
CelebDFv3,/root/Datasets/CelebDFv3/CelebDFv3/FAKE/TalkingFace/EchoMimic/id54_0008_test_id08456_ajf9MieCX4k.mp4,TalkingFace/EchoMimic,id54,,0,0.3195149600505829,-0.3195149600505829,0.0,141.39060974121094,24.0,0.0,0.0,0.006302726920694113,0.01258841436356306,0.006376940757036209,0.006376940757036209
CelebDFv3,/root/Datasets/CelebDFv3/CelebDFv3/FAKE/TalkingFace/FLOAT/id8_0009_test_id02086_UpjWerN0hoE.mp4,TalkingFace/FLOAT,id8,,0,-1.0744032859802246,1.0744032859802246,0.0,99.98678588867188,25.0,0.0,0.0,0.01405046321451664,0.008638978004455566,0.008844753727316856,0.008844753727316856
CelebDFv3,/root/Datasets/CelebDFv3/CelebDFv3/FAKE/TalkingFace/IP_LAP/id22_0008_test_id03347_y_F4aAkN0d8.mp4,TalkingFace/IP_LAP,id22,,0,3.534773349761963,-3.534773349761963,0.0,192.60215759277344,25.0,0.0,0.0,0.007785240188241005,0.006141488440334797,0.008932886645197868,0.008932886645197868
CelebDFv3,/root/Datasets/CelebDFv3/CelebDFv3/FAKE/TalkingFace/Real3DPortrait/id26_0002_test_id05055_6EIN7_SQQDM.mp4,TalkingFace/Real3DPortrait,id26,,0,1.173915982246399,-1.173915982246399,0.0,112.76338195800781,25.0,0.0,0.0,0.009031102061271667,0.005560403689742088,0.004727089311927557,0.004727089311927557
CelebDFv3,/root/Datasets/CelebDFv3/CelebDFv3/FAKE/TalkingFace/SadTalker/id51_0007_test_id08696_rszCIqLKMBQ.mp4,TalkingFace/SadTalker,id51,,0,-3.7231860160827637,3.7231860160827637,0.0,129.38478088378906,25.0,0.0,0.0,0.006256525870412588,0.005319619085639715,0.005116038024425507,0.005116038024425507
CelebDFv3,/root/Datasets/CelebDFv3/CelebDFv3/FAKE/FaceReenact/DaGAN/id56_id55_0001.mp4,FaceReenact/DaGAN,id56,id55,0,2.517171621322632,-2.517171621322632,0.0,93.36891174316406,30.0,0.0,0.0,0.015040978789329529,0.008591433055698872,0.010278252884745598,0.010278252884745598
CelebDFv3,/root/Datasets/CelebDFv3/CelebDFv3/FAKE/FaceReenact/FSRT/id31_id38_0001.mp4,FaceReenact/FSRT,id31,id38,0,1.3354127407073975,-1.3354127407073975,0.0,130.520751953125,20.0,1.0,0.03125,0.014601437374949455,0.006418040953576565,0.01390815805643797,0.01390815805643797
CelebDFv3,/root/Datasets/CelebDFv3/CelebDFv3/FAKE/FaceReenact/HyperReenact/id23_id17_0006.mp4,FaceReenact/HyperReenact,id23,id17,0,8.217239379882812,-8.217239379882812,0.0,112.70181274414062,25.0,0.0,0.0,0.005216007120907307,0.0037885974161326885,0.005754988640546799,0.005754988640546799
CelebDFv3,/root/Datasets/CelebDFv3/CelebDFv3/FAKE/FaceReenact/LIA/id8_id6_0007.mp4,FaceReenact/LIA,id8,id6,0,1.8666579723358154,-1.8666579723358154,0.0,129.21434020996094,30.0,1.0,0.0625,0.016874486580491066,0.005297744181007147,0.011980459094047546,0.011980459094047546
CelebDFv3,/root/Datasets/CelebDFv3/CelebDFv3/FAKE/FaceReenact/LivePortrait/id59_id5_0004.mp4,FaceReenact/LivePortrait,id59,id5,0,-4.475934028625488,4.475934028625488,0.0,209.0672149658203,30.0,1.0,0.1875,0.011300892569124699,0.010638197883963585,0.009013909846544266,0.016142066568136215
CelebDFv3,/root/Datasets/CelebDFv3/CelebDFv3/FAKE/FaceReenact/MCNET/id31_id3_0000.mp4,FaceReenact/MCNET,id31,id3,0,0.21036161482334137,-0.21036161482334137,0.0,103.7171859741211,30.0,1.0,0.125,0.010572806932032108,0.015670735388994217,0.010162603110074997,0.010162603110074997
CelebDFv3,/root/Datasets/CelebDFv3/CelebDFv3/FAKE/FaceReenact/TPSMM/id31_id3_0000.mp4,FaceReenact/TPSMM,id31,id3,0,-1.060139775276184,1.060139775276184,0.0,110.4170150756836,30.0,1.0,0.09375,0.009584549814462662,0.011700441129505634,0.008480293676257133,0.008480293676257133
CelebDFv3,/root/Datasets/CelebDFv3/CelebDFv3/FAKE/FaceSwap/BlendFace/id23_id0_0007.mp4,FaceSwap/BlendFace,id23,id0,0,0.9579126834869385,-0.9579126834869385,0.0,144.94149780273438,30.0,0.0,0.0,0.01151080708950758,0.022128475829958916,0.006368210539221764,0.011171816848218441
CelebDFv3,/root/Datasets/CelebDFv3/CelebDFv3/FAKE/FaceSwap/Celeb-DF-v2/id51_id50_0002.mp4,FaceSwap/Celeb-DF-v2,id51,id50,0,-2.4361915588378906,2.4361915588378906,0.0,75.08006286621094,30.0,0.0,0.0,0.004944785498082638,0.010145158506929874,0.003333829576149583,0.00597020611166954
CelebDFv3,/root/Datasets/CelebDFv3/CelebDFv3/FAKE/FaceSwap/GHOST/id54_id53_0001.mp4,FaceSwap/GHOST,id54,id53,0,2.8863863945007324,-2.8863863945007324,0.0,137.1425018310547,30.0,0.0,0.0,0.004724389407783747,0.023387782275676727,0.004466350190341473,0.00799831748008728
CelebDFv3,/root/Datasets/CelebDFv3/CelebDFv3/FAKE/FaceSwap/HifiFace/id56_id49_0003.mp4,FaceSwap/HifiFace,id56,id49,0,-3.9716687202453613,3.9716687202453613,0.0,81.09088897705078,30.0,0.0,0.0,0.00441488903015852,0.0029873272869735956,0.003335176268592477,0.005972617771476507
CelebDFv3,/root/Datasets/CelebDFv3/CelebDFv3/FAKE/FaceSwap/InSwapper/id31_id20_0002.mp4,FaceSwap/InSwapper,id31,id20,0,1.3473907709121704,-1.3473907709121704,0.0,134.99147033691406,30.0,0.0,0.0,0.023760106414556503,0.04743410646915436,0.016378406435251236,0.029495010152459145
CelebDFv3,/root/Datasets/CelebDFv3/CelebDFv3/FAKE/FaceSwap/MobileFaceSwap/id23_id0_0007.mp4,FaceSwap/MobileFaceSwap,id23,id0,0,-0.48894140124320984,0.48894140124320984,0.0,153.8118896484375,30.0,0.0,0.0,0.009617630392313004,0.03852454572916031,0.006626523099839687,0.011624976992607117
CelebDFv3,/root/Datasets/CelebDFv3/CelebDFv3/FAKE/FaceSwap/SimSwap/id26_id28_0004.mp4,FaceSwap/SimSwap,id26,id28,0,-2.167372941970825,2.167372941970825,0.0,111.1399917602539,30.0,0.0,0.0,0.0035302937030792236,0.0075516714714467525,0.0024933700915426016,0.004479614086449146
CelebDFv3,/root/Datasets/CelebDFv3/CelebDFv3/FAKE/FaceSwap/UniFace/id23_id35_0005.mp4,FaceSwap/UniFace,id23,id35,0,1.6434242725372314,-1.6434242725372314,0.0,103.62959289550781,30.0,0.0,0.0,0.006190971937030554,0.002346933353692293,0.0034697894006967545,0.007102589122951031
CelebDFv3,/root/Datasets/CelebDFv3/CelebDFv3/FAKE/TalkingFace/AniTalker/id26_0006_test_id04232_ROWN2ssXek8.mp4,TalkingFace/AniTalker,id26,,0,4.352294921875,-4.352294921875,0.0,262.4398193359375,25.0,0.0,0.0,0.007694282568991184,0.004725796170532703,0.005333444103598595,0.005333444103598595
CelebDFv3,/root/Datasets/CelebDFv3/CelebDFv3/FAKE/TalkingFace/EDTalk/id23_0007_test_id04295_zjlNcdVhso4.mp4,TalkingFace/EDTalk,id23,,0,8.746883392333984,-8.746883392333984,0.0,196.4132080078125,25.0,0.0,0.0,0.010828424245119095,0.009976252913475037,0.00472088810056448,0.00472088810056448
CelebDFv3,/root/Datasets/CelebDFv3/CelebDFv3/FAKE/TalkingFace/EchoMimic/id23_0001_test_id03862_6W_l9CHyUZg.mp4,TalkingFace/EchoMimic,id23,,0,1.1123228073120117,-1.1123228073120117,0.0,128.73919677734375,24.0,0.0,0.0,0.006948769558221102,0.008151139132678509,0.004155242815613747,0.004155242815613747
CelebDFv3,/root/Datasets/CelebDFv3/CelebDFv3/FAKE/TalkingFace/FLOAT/id54_0008_test_id08456_ajf9MieCX4k.mp4,TalkingFace/FLOAT,id54,,0,-4.259847164154053,4.259847164154053,0.0,123.84546661376953,25.0,0.0,0.0,0.008666174486279488,0.012371703051030636,0.007577138487249613,0.007577138487249613
CelebDFv3,/root/Datasets/CelebDFv3/CelebDFv3/FAKE/TalkingFace/IP_LAP/id59_0007_test_id07621_50AxdGn25as.mp4,TalkingFace/IP_LAP,id59,,0,0.06608304381370544,-0.06608304381370544,0.0,112.09805297851562,25.0,0.0,0.0,0.013959011994302273,0.005221393890678883,0.007176724728196859,0.007176724728196859
CelebDFv3,/root/Datasets/CelebDFv3/CelebDFv3/FAKE/TalkingFace/Real3DPortrait/id51_0005_test_id09017_sduESYpj2-I.mp4,TalkingFace/Real3DPortrait,id51,,0,-5.23496150970459,5.23496150970459,0.0,155.20286560058594,25.0,0.0,0.0,0.010448840446770191,0.004614909645169973,0.007583811413496733,0.007583811413496733
CelebDFv3,/root/Datasets/CelebDFv3/CelebDFv3/FAKE/TalkingFace/SadTalker/id11_0003_test_id02725_37kUrf6RJdw.mp4,TalkingFace/SadTalker,id11,,0,-2.7788286209106445,2.7788286209106445,0.0,175.65362548828125,25.0,0.0,0.0,0.0023175482638180256,0.004567685071378946,0.005117609165608883,0.005117609165608883
CelebDFv3,/root/Datasets/CelebDFv3/CelebDFv3/FAKE/FaceReenact/DaGAN/id11_id7_0003.mp4,FaceReenact/DaGAN,id11,id7,0,-0.7061265110969543,0.7061265110969543,0.0,113.8718490600586,30.0,0.0,0.0,0.022788872942328453,0.012587522156536579,0.013834238983690739,0.013834238983690739
CelebDFv3,/root/Datasets/CelebDFv3/CelebDFv3/FAKE/FaceReenact/FSRT/id54_id52_0006.mp4,FaceReenact/FSRT,id54,id52,0,-0.16389721632003784,0.16389721632003784,0.0,119.85887908935547,20.0,0.0,0.0,0.00941834133118391,0.0042251343838870525,0.007969571277499199,0.007969571277499199
CelebDFv3,/root/Datasets/CelebDFv3/CelebDFv3/FAKE/FaceReenact/HyperReenact/id22_id26_0005.mp4,FaceReenact/HyperReenact,id22,id26,0,-1.471710205078125,1.471710205078125,0.0,137.34954833984375,25.0,0.0,0.0,0.0016220593824982643,0.0015510491793975234,0.003969463519752026,0.003969463519752026
CelebDFv3,/root/Datasets/CelebDFv3/CelebDFv3/FAKE/FaceReenact/LIA/id31_id9_0003.mp4,FaceReenact/LIA,id31,id9,0,-1.3049342632293701,1.3049342632293701,0.0,121.10601806640625,30.0,0.0,0.0,0.025121457874774933,0.011196218430995941,0.020213047042489052,0.020213047042489052
CelebDFv3,/root/Datasets/CelebDFv3/CelebDFv3/FAKE/FaceReenact/LivePortrait/id26_id3_0008.mp4,FaceReenact/LivePortrait,id26,id3,0,-1.353516936302185,1.353516936302185,0.0,118.80439758300781,30.0,0.0,0.0,0.0025046649388968945,0.009427975863218307,0.003529228735715151,0.006426586769521236
CelebDFv3,/root/Datasets/CelebDFv3/CelebDFv3/FAKE/FaceReenact/MCNET/id26_id29_0008.mp4,FaceReenact/MCNET,id26,id29,0,0.3376471996307373,-0.3376471996307373,0.0,111.076416015625,30.0,1.0,0.109375,0.00832099374383688,0.006950625218451023,0.013164764270186424,0.013164764270186424
CelebDFv3,/root/Datasets/CelebDFv3/CelebDFv3/FAKE/FaceReenact/TPSMM/id31_id29_0001.mp4,FaceReenact/TPSMM,id31,id29,0,2.0198018550872803,-2.0198018550872803,0.0,123.68973541259766,30.0,1.0,0.140625,0.023410895839333534,0.007424565032124519,0.02152976393699646,0.02152976393699646
CelebDFv3,/root/Datasets/CelebDFv3/CelebDFv3/FAKE/FaceSwap/BlendFace/id23_id38_0000.mp4,FaceSwap/BlendFace,id23,id38,0,0.9161490797996521,-0.9161490797996521,0.0,105.16633605957031,30.0,0.0,0.0,0.001730456599034369,0.0018581254407763481,0.0013034389121457934,0.002316616242751479
CelebDFv3,/root/Datasets/CelebDFv3/CelebDFv3/FAKE/FaceSwap/Celeb-DF-v2/id54_id51_0000.mp4,FaceSwap/Celeb-DF-v2,id54,id51,0,-7.859162330627441,7.859162330627441,0.0,113.71617889404297,30.0,0.0,0.0,0.006640792824327946,0.004977133125066757,0.003898175898939371,0.006980834528803825
CelebDFv3,/root/Datasets/CelebDFv3/CelebDFv3/FAKE/FaceSwap/GHOST/id56_id53_0006.mp4,FaceSwap/GHOST,id56,id53,0,-0.24127376079559326,0.24127376079559326,0.0,80.70736694335938,30.0,0.0,0.0,0.005778840743005276,0.005115796811878681,0.0022477118764072657,0.004025191534310579
CelebDFv3,/root/Datasets/CelebDFv3/CelebDFv3/FAKE/FaceSwap/HifiFace/id23_id0_0001.mp4,FaceSwap/HifiFace,id23,id0,0,3.995436429977417,-3.995436429977417,0.0,104.10883331298828,30.0,0.0,0.0,0.0022804494947195053,0.00353867094963789,0.001496348180808127,0.002659476362168789
CelebDFv3,/root/Datasets/CelebDFv3/CelebDFv3/FAKE/FaceSwap/InSwapper/id51_id57_0000.mp4,FaceSwap/InSwapper,id51,id57,0,1.3254570960998535,-1.3254570960998535,0.0,92.69046783447266,30.0,0.0,0.0,0.005917840171605349,0.004709162749350071,0.006424921099096537,0.011505715548992157
CelebDFv3,/root/Datasets/CelebDFv3/CelebDFv3/FAKE/FaceSwap/MobileFaceSwap/id8_id1_0003.mp4,FaceSwap/MobileFaceSwap,id8,id1,0,-5.1317243576049805,5.1317243576049805,0.0,131.61419677734375,30.0,0.0,0.0,0.0026410806458443403,0.010243289172649384,0.002676256000995636,0.005042066797614098
CelebDFv3,/root/Datasets/CelebDFv3/CelebDFv3/FAKE/FaceSwap/SimSwap/id31_id3_0000.mp4,FaceSwap/SimSwap,id31,id3,0,0.5438472032546997,-0.5438472032546997,0.0,118.24417877197266,30.0,0.0,0.0,0.003595042508095503,0.007000958546996117,0.004164183046668768,0.007499058730900288
CelebDFv3,/root/Datasets/CelebDFv3/CelebDFv3/FAKE/FaceSwap/UniFace/id23_id30_0002.mp4,FaceSwap/UniFace,id23,id30,0,-4.884727478027344,4.884727478027344,0.0,97.71513366699219,30.0,0.0,0.0,0.009364557452499866,0.011030992493033409,0.0038129922468215227,0.006776872556656599
CelebDFv3,/root/Datasets/CelebDFv3/CelebDFv3/FAKE/TalkingFace/AniTalker/id48_0008_test_id04094_XXOtyg4RxTE.mp4,TalkingFace/AniTalker,id48,,0,-3.323512077331543,3.323512077331543,0.0,141.15487670898438,25.0,0.0,0.0,0.0027396974619477987,0.004398756194859743,0.004829853773117065,0.004829853773117065
CelebDFv3,/root/Datasets/CelebDFv3/CelebDFv3/FAKE/TalkingFace/EDTalk/id48_0005_test_id01618_kzxW2WAFWLI.mp4,TalkingFace/EDTalk,id48,,0,-4.793990135192871,4.793990135192871,0.0,132.02188110351562,25.0,0.0,0.0,0.010122301056981087,0.010948260314762592,0.007283585611730814,0.007283585611730814
CelebDFv3,/root/Datasets/CelebDFv3/CelebDFv3/FAKE/TalkingFace/EchoMimic/id11_0001_test_id04478_GZQGZOmFU5U.mp4,TalkingFace/EchoMimic,id11,,0,-2.0901741981506348,2.0901741981506348,0.0,130.92958068847656,24.0,0.0,0.0,0.005254867486655712,0.007892263121902943,0.005096121691167355,0.005096121691167355
CelebDFv3,/root/Datasets/CelebDFv3/CelebDFv3/FAKE/TalkingFace/FLOAT/id25_0002_test_id03969_jDDsg0LLY2Y.mp4,TalkingFace/FLOAT,id25,,0,-2.580164909362793,2.580164909362793,0.0,135.07769775390625,25.0,0.0,0.0,0.016346773132681847,0.013438125140964985,0.01566026173532009,0.01566026173532009
CelebDFv3,/root/Datasets/CelebDFv3/CelebDFv3/FAKE/TalkingFace/IP_LAP/id54_0004_test_id01106_mkgP19APekU.mp4,TalkingFace/IP_LAP,id54,,0,-0.7743726372718811,0.7743726372718811,0.0,190.50267028808594,25.0,0.0,0.0,0.0034182043746113777,0.00934390164911747,0.00785138364881277,0.00785138364881277
CelebDFv3,/root/Datasets/CelebDFv3/CelebDFv3/FAKE/TalkingFace/Real3DPortrait/id22_0000_test_id00926_TOxtKuoggFI.mp4,TalkingFace/Real3DPortrait,id22,,0,4.764583587646484,-4.764583587646484,0.0,156.09884643554688,25.0,0.0,0.0,0.012694991193711758,0.004727764055132866,0.008427955210208893,0.008427955210208893
CelebDFv3,/root/Datasets/CelebDFv3/CelebDFv3/FAKE/TalkingFace/SadTalker/id22_0005_test_id04276_Sgb1KpIJt90.mp4,TalkingFace/SadTalker,id22,,0,-3.487863063812256,3.487863063812256,0.0,124.56876373291016,25.0,0.0,0.0,0.003428646130487323,0.0047912891022861,0.0047086672857403755,0.0047086672857403755
CelebDFv3,/root/Datasets/CelebDFv3/CelebDFv3/FAKE/FaceReenact/DaGAN/id26_id0_0000.mp4,FaceReenact/DaGAN,id26,id0,0,3.964871644973755,-3.964871644973755,0.0,131.19473266601562,30.0,1.0,0.265625,0.01845579966902733,0.004994341172277927,0.005548529326915741,0.005548529326915741
CelebDFv3,/root/Datasets/CelebDFv3/CelebDFv3/FAKE/FaceReenact/FSRT/id26_id20_0000.mp4,FaceReenact/FSRT,id26,id20,0,0.15503840148448944,-0.15503840148448944,0.0,133.94032287597656,20.0,1.0,0.046875,0.015253099612891674,0.01129164732992649,0.013021023012697697,0.013021023012697697
CelebDFv3,/root/Datasets/CelebDFv3/CelebDFv3/FAKE/FaceReenact/HyperReenact/id23_id30_0003.mp4,FaceReenact/HyperReenact,id23,id30,0,0.6949039101600647,-0.6949039101600647,0.0,114.43453979492188,25.0,0.0,0.0,0.004075882490724325,0.004554110579192638,0.0037788881454616785,0.0037788881454616785
CelebDFv3,/root/Datasets/CelebDFv3/CelebDFv3/FAKE/FaceReenact/LIA/id31_id33_0001.mp4,FaceReenact/LIA,id31,id33,0,0.2339915633201599,-0.2339915633201599,0.0,121.16871643066406,30.0,1.0,0.578125,0.011011181399226189,0.01475583016872406,0.011188920587301254,0.011188920587301254
CelebDFv3,/root/Datasets/CelebDFv3/CelebDFv3/FAKE/FaceReenact/LivePortrait/id22_id28_0002.mp4,FaceReenact/LivePortrait,id22,id28,0,-2.849374771118164,2.849374771118164,0.0,171.08242797851562,30.0,0.0,0.0,0.0035064793191850185,0.004362753592431545,0.00291557633318007,0.005181885324418545
CelebDFv3,/root/Datasets/CelebDFv3/CelebDFv3/FAKE/FaceReenact/MCNET/id54_id52_0006.mp4,FaceReenact/MCNET,id54,id52,0,1.0253641605377197,-1.0253641605377197,0.0,112.7940673828125,29.670000076293945,0.0,0.0,0.009476399049162865,0.0037826315965503454,0.005385217722505331,0.005385217722505331
CelebDFv3,/root/Datasets/CelebDFv3/CelebDFv3/FAKE/FaceReenact/TPSMM/id26_id1_0004.mp4,FaceReenact/TPSMM,id26,id1,0,-1.8272650241851807,1.8272650241851807,0.0,106.6920166015625,30.0,0.0,0.0,0.011061382479965687,0.007023423910140991,0.004228703677654266,0.004228703677654266
CelebDFv3,/root/Datasets/CelebDFv3/CelebDFv3/FAKE/FaceSwap/BlendFace/id22_id26_0001.mp4,FaceSwap/BlendFace,id22,id26,0,1.9121239185333252,-1.9121239185333252,0.0,97.25614166259766,30.0,0.0,0.0,0.011978675611317158,0.022511957213282585,0.013588132336735725,0.024150336161255836
CelebDFv3,/root/Datasets/CelebDFv3/CelebDFv3/FAKE/FaceSwap/Celeb-DF-v2/id48_id45_0007.mp4,FaceSwap/Celeb-DF-v2,id48,id45,0,1.037214994430542,-1.037214994430542,0.0,104.09623718261719,30.0,0.0,0.0,0.0016640785615891218,0.0013933448353782296,0.001621639123186469,0.002127590589225292
CelebDFv3,/root/Datasets/CelebDFv3/CelebDFv3/FAKE/FaceSwap/GHOST/id23_id20_0001.mp4,FaceSwap/GHOST,id23,id20,0,2.6632659435272217,-2.6632659435272217,0.0,107.66036987304688,30.0,0.0,0.0,0.002298845909535885,0.003676065243780613,0.0011644611367955804,0.0020696097053587437
CelebDFv3,/root/Datasets/CelebDFv3/CelebDFv3/FAKE/FaceSwap/HifiFace/id26_id6_0006.mp4,FaceSwap/HifiFace,id26,id6,0,-1.4227752685546875,1.4227752685546875,0.0,244.4929962158203,30.0,1.0,0.03125,0.015436014160513878,0.004668796434998512,0.0051592253148555756,0.009394745342433453
CelebDFv3,/root/Datasets/CelebDFv3/CelebDFv3/FAKE/FaceSwap/InSwapper/id48_id40_0009.mp4,FaceSwap/InSwapper,id48,id40,0,-3.104318380355835,3.104318380355835,0.0,120.45829772949219,30.0,0.0,0.0,0.003237441647797823,0.00431480398401618,0.0020766500383615494,0.003713331650942564
CelebDFv3,/root/Datasets/CelebDFv3/CelebDFv3/FAKE/FaceSwap/MobileFaceSwap/id31_id23_0000.mp4,FaceSwap/MobileFaceSwap,id31,id23,0,1.9846622943878174,-1.9846622943878174,0.0,119.99143981933594,30.0,0.0,0.0,0.0034237653017044067,0.00636768713593483,0.0030708909034729004,0.005530206486582756
CelebDFv3,/root/Datasets/CelebDFv3/CelebDFv3/FAKE/FaceSwap/SimSwap/id31_id38_0000.mp4,FaceSwap/SimSwap,id31,id38,0,-0.434835821390152,0.434835821390152,0.0,119.90184020996094,30.0,0.0,0.0,0.003597079310566187,0.006865770556032658,0.0038448087871074677,0.0069239139556884766
CelebDFv3,/root/Datasets/CelebDFv3/CelebDFv3/FAKE/FaceSwap/UniFace/id59_id60_0006.mp4,FaceSwap/UniFace,id59,id60,0,-1.0365394353866577,1.0365394353866577,0.0,67.19591522216797,30.0,0.0,0.0,0.032998017966747284,0.014142727479338646,0.013564194552600384,0.024290692061185837
CelebDFv3,/root/Datasets/CelebDFv3/CelebDFv3/FAKE/TalkingFace/AniTalker/id23_0005_test_id07494_XMEIdqio6ic.mp4,TalkingFace/AniTalker,id23,,0,4.197736740112305,-4.197736740112305,0.0,109.1624526977539,25.0,0.0,0.0,0.007434329483658075,0.00438779778778553,0.004451700486242771,0.004451700486242771
CelebDFv3,/root/Datasets/CelebDFv3/CelebDFv3/FAKE/TalkingFace/EDTalk/id11_0000_test_id06913_ihOLv6bL4yA.mp4,TalkingFace/EDTalk,id11,,0,3.564751148223877,-3.564751148223877,0.0,96.81964874267578,25.0,0.0,0.0,0.012674907222390175,0.011108208447694778,0.006419162265956402,0.006419162265956402
CelebDFv3,/root/Datasets/CelebDFv3/CelebDFv3/FAKE/TalkingFace/EchoMimic/id11_0004_test_id08696_ttUSQacqnRA.mp4,TalkingFace/EchoMimic,id11,,0,6.541718482971191,-6.541718482971191,0.0,163.78338623046875,24.0,0.0,0.0,0.007461803033947945,0.00493948208168149,0.0054889339953660965,0.0054889339953660965
CelebDFv3,/root/Datasets/CelebDFv3/CelebDFv3/FAKE/TalkingFace/FLOAT/id23_0002_test_id05850_WNF1CY-Lu3I.mp4,TalkingFace/FLOAT,id23,,0,0.39839181303977966,-0.39839181303977966,0.0,116.88191223144531,25.0,0.0,0.0,0.010366960428655148,0.007713213562965393,0.008481325581669807,0.008481325581669807
CelebDFv3,/root/Datasets/CelebDFv3/CelebDFv3/FAKE/TalkingFace/IP_LAP/id26_0000_test_id01541_TU5SEgxdqSg.mp4,TalkingFace/IP_LAP,id26,,0,4.287758827209473,-4.287758827209473,0.0,144.7137908935547,25.0,0.0,0.0,0.005490254145115614,0.00234160665422678,0.007376397028565407,0.007376397028565407
CelebDFv3,/root/Datasets/CelebDFv3/CelebDFv3/FAKE/TalkingFace/Real3DPortrait/id31_0008_test_id01509_qLxfiUMYgQg.mp4,TalkingFace/Real3DPortrait,id31,,0,2.6066765785217285,-2.6066765785217285,0.0,125.65473175048828,25.0,0.0,0.0,0.013009109534323215,0.004359997343271971,0.006546027027070522,0.006546027027070522
CelebDFv3,/root/Datasets/CelebDFv3/CelebDFv3/FAKE/TalkingFace/SadTalker/id8_0004_test_id03839_pX7kYiDgFMA.mp4,TalkingFace/SadTalker,id8,,0,-2.8549022674560547,2.8549022674560547,0.0,321.08551025390625,25.0,0.0,0.0,0.002298923209309578,0.005196969490498304,0.0032762433402240276,0.0032762433402240276
CelebDFv3,/root/Datasets/CelebDFv3/CelebDFv3/FAKE/FaceReenact/DaGAN/id31_id9_0005.mp4,FaceReenact/DaGAN,id31,id9,0,0.7387932538986206,-0.7387932538986206,0.0,110.6048812866211,30.0,1.0,0.3125,0.007224879693239927,0.0070251883007586,0.007780395448207855,0.007780395448207855
CelebDFv3,/root/Datasets/CelebDFv3/CelebDFv3/FAKE/FaceReenact/FSRT/id26_id25_0008.mp4,FaceReenact/FSRT,id26,id25,0,3.2758994102478027,-3.2758994102478027,0.0,100.79931640625,20.0,1.0,0.453125,0.009341452270746231,0.0031865020282566547,0.007684214040637016,0.007684214040637016
CelebDFv3,/root/Datasets/CelebDFv3/CelebDFv3/FAKE/FaceReenact/HyperReenact/id26_id27_0008.mp4,FaceReenact/HyperReenact,id26,id27,0,-0.9563117027282715,0.9563117027282715,0.0,122.05902099609375,25.0,0.0,0.0,0.016858011484146118,0.004875590093433857,0.015089976601302624,0.015089976601302624
CelebDFv3,/root/Datasets/CelebDFv3/CelebDFv3/FAKE/FaceReenact/LIA/id26_id33_0006.mp4,FaceReenact/LIA,id26,id33,0,-0.9202914237976074,0.9202914237976074,0.0,240.422119140625,30.0,1.0,0.46875,0.02588188461959362,0.009947752580046654,0.03607206419110298,0.03607206419110298
CelebDFv3,/root/Datasets/CelebDFv3/CelebDFv3/FAKE/FaceReenact/LivePortrait/id31_id32_0006.mp4,FaceReenact/LivePortrait,id31,id32,0,-20.998004913330078,20.998004913330078,0.0,311.7951965332031,30.0,1.0,0.375,0.003340440336614847,0.004930626135319471,0.00700712064281106,0.01261875405907631
CelebDFv3,/root/Datasets/CelebDFv3/CelebDFv3/FAKE/FaceReenact/MCNET/id23_id19_0000.mp4,FaceReenact/MCNET,id23,id19,0,-0.3427213430404663,0.3427213430404663,0.0,108.86506652832031,29.829999923706055,1.0,0.109375,0.017968961969017982,0.011552891694009304,0.011935817077755928,0.011935817077755928
CelebDFv3,/root/Datasets/CelebDFv3/CelebDFv3/FAKE/FaceReenact/TPSMM/id51_id49_0004.mp4,FaceReenact/TPSMM,id51,id49,0,-1.5339617729187012,1.5339617729187012,0.0,93.78905487060547,30.0,1.0,0.34375,0.018920117989182472,0.01961180381476879,0.013696486130356789,0.013696486130356789
CelebDFv3,/root/Datasets/CelebDFv3/CelebDFv3/FAKE/FaceSwap/BlendFace/id59_id60_0007.mp4,FaceSwap/BlendFace,id59,id60,0,-0.6264340877532959,0.6264340877532959,0.0,115.2154541015625,30.0,0.0,0.0,0.00461460929363966,0.002511952305212617,0.0010038246400654316,0.0017976441886276007
CelebDFv3,/root/Datasets/CelebDFv3/CelebDFv3/FAKE/FaceSwap/Celeb-DF-v2/id26_id37_0004.mp4,FaceSwap/Celeb-DF-v2,id26,id37,0,-2.6975107192993164,2.6975107192993164,0.0,104.39531707763672,30.0,0.0,0.0,0.0036653554998338223,0.007732668425887823,0.0020879150833934546,0.0037511689588427544
CelebDFv3,/root/Datasets/CelebDFv3/CelebDFv3/FAKE/FaceSwap/GHOST/id31_id32_0008.mp4,FaceSwap/GHOST,id31,id32,0,0.5618209838867188,-0.5618209838867188,0.0,120.07575225830078,30.0,0.0,0.0,0.0044023399241268635,0.010073313489556313,0.00533826882019639,0.009613406844437122
CelebDFv3,/root/Datasets/CelebDFv3/CelebDFv3/FAKE/FaceSwap/HifiFace/id26_id29_0009.mp4,FaceSwap/HifiFace,id26,id29,0,2.6087374687194824,-2.6087374687194824,0.0,180.15325927734375,30.0,0.0,0.0,0.013101847842335701,0.010074596852064133,0.005892133805900812,0.010729344561696053
CelebDFv3,/root/Datasets/CelebDFv3/CelebDFv3/FAKE/FaceSwap/InSwapper/id48_id47_0002.mp4,FaceSwap/InSwapper,id48,id47,0,-0.21554112434387207,0.21554112434387207,0.0,108.02913665771484,30.0,0.0,0.0,0.002963094972074032,0.004061912186443806,0.0013931754510849714,0.0024878133554011583
CelebDFv3,/root/Datasets/CelebDFv3/CelebDFv3/FAKE/FaceSwap/MobileFaceSwap/id31_id35_0006.mp4,FaceSwap/MobileFaceSwap,id31,id35,0,-8.160882949829102,8.160882949829102,0.0,219.3270263671875,30.0,1.0,0.03125,0.004428576678037643,0.010822529904544353,0.0035646480973809958,0.0064193871803581715
CelebDFv3,/root/Datasets/CelebDFv3/CelebDFv3/FAKE/FaceSwap/SimSwap/id59_id60_0007.mp4,FaceSwap/SimSwap,id59,id60,0,-0.9989269971847534,0.9989269971847534,0.0,102.08038330078125,30.0,0.0,0.0,0.026512758806347847,0.028187457472085953,0.0022024817299097776,0.0039441934786736965
CelebDFv3,/root/Datasets/CelebDFv3/CelebDFv3/FAKE/FaceSwap/UniFace/id26_id37_0000.mp4,FaceSwap/UniFace,id26,id37,0,4.1939239501953125,-4.1939239501953125,0.0,153.98403930664062,30.0,0.0,0.0,0.001994071062654257,0.001635391847230494,0.0021170831751078367,0.003803573315963149
CelebDFv3,/root/Datasets/CelebDFv3/CelebDFv3/FAKE/TalkingFace/AniTalker/id59_0004_test_id04232_AB9fk1MH2rA.mp4,TalkingFace/AniTalker,id59,,0,7.894156455993652,-7.894156455993652,0.0,244.49533081054688,25.0,0.0,0.0,0.006456050090491772,0.007556295953691006,0.004182352218776941,0.004182352218776941
CelebDFv3,/root/Datasets/CelebDFv3/CelebDFv3/FAKE/TalkingFace/EDTalk/id23_0008_test_id06811_Y6PB7tt3VPc.mp4,TalkingFace/EDTalk,id23,,0,-2.426131248474121,2.426131248474121,0.0,110.06607818603516,25.0,0.0,0.0,0.011620988138020039,0.010950456373393536,0.010430972091853619,0.010430972091853619
CelebDFv3,/root/Datasets/CelebDFv3/CelebDFv3/FAKE/TalkingFace/EchoMimic/id31_0003_test_id02542_cwgUjse_REU.mp4,TalkingFace/EchoMimic,id31,,0,-6.651080131530762,6.651080131530762,0.0,142.9000244140625,24.0,0.0,0.0,0.01700463518500328,0.011142736300826073,0.014288251288235188,0.014288251288235188
CelebDFv3,/root/Datasets/CelebDFv3/CelebDFv3/FAKE/TalkingFace/FLOAT/id54_0006_test_id01567_vpFlNPO9OGM.mp4,TalkingFace/FLOAT,id54,,0,-0.01796245574951172,0.01796245574951172,0.0,115.45333862304688,25.0,0.0,0.0,0.010231396183371544,0.007909350097179413,0.004689432680606842,0.004689432680606842
CelebDFv3,/root/Datasets/CelebDFv3/CelebDFv3/FAKE/TalkingFace/IP_LAP/id11_0008_test_id05124_uPPqcWVd-dg.mp4,TalkingFace/IP_LAP,id11,,0,2.5328407287597656,-2.5328407287597656,0.0,100.55412292480469,25.0,0.0,0.0,0.011423605494201183,0.01687030866742134,0.006480701267719269,0.006480701267719269
CelebDFv3,/root/Datasets/CelebDFv3/CelebDFv3/FAKE/TalkingFace/Real3DPortrait/id23_0004_test_id07961_DM8nW7joT3A.mp4,TalkingFace/Real3DPortrait,id23,,0,-1.2098723649978638,1.2098723649978638,0.0,146.3629608154297,25.0,0.0,0.0,0.011738605797290802,0.0049844468012452126,0.0044980524107813835,0.0044980524107813835
CelebDFv3,/root/Datasets/CelebDFv3/CelebDFv3/FAKE/TalkingFace/SadTalker/id26_0007_test_id05124_1HAXGOri_x0.mp4,TalkingFace/SadTalker,id26,,0,1.0910162925720215,-1.0910162925720215,0.0,270.4840393066406,25.0,0.0,0.0,0.0028891845140606165,0.006949383765459061,0.007040256634354591,0.00750960735604167
CelebDFv3,/root/Datasets/CelebDFv3/CelebDFv3/FAKE/FaceReenact/DaGAN/id23_id2_0000.mp4,FaceReenact/DaGAN,id23,id2,0,4.749999523162842,-4.749999523162842,0.0,113.63204956054688,30.0,0.0,0.0,0.004146261606365442,0.0033303704112768173,0.0062465486116707325,0.0062465486116707325
CelebDFv3,/root/Datasets/CelebDFv3/CelebDFv3/FAKE/FaceReenact/FSRT/id48_id45_0002.mp4,FaceReenact/FSRT,id48,id45,0,2.0931625366210938,-2.0931625366210938,0.0,98.69046020507812,20.0,1.0,0.109375,0.012286157347261906,0.007733904756605625,0.018744321539998055,0.018744321539998055
CelebDFv3,/root/Datasets/CelebDFv3/CelebDFv3/FAKE/FaceReenact/HyperReenact/id25_id27_0004.mp4,FaceReenact/HyperReenact,id25,id27,0,1.5329487323760986,-1.5329487323760986,0.0,113.15128326416016,25.0,0.0,0.0,0.010730251669883728,0.0044717066921293736,0.01404490601271391,0.01404490601271391
CelebDFv3,/root/Datasets/CelebDFv3/CelebDFv3/FAKE/FaceReenact/LIA/id56_id52_0001.mp4,FaceReenact/LIA,id56,id52,0,2.99021053314209,-2.99021053314209,0.0,77.68888854980469,30.0,1.0,0.171875,0.020816847681999207,0.016996188089251518,0.006416182965040207,0.006416182965040207
CelebDFv3,/root/Datasets/CelebDFv3/CelebDFv3/FAKE/FaceReenact/LivePortrait/id51_id54_0005.mp4,FaceReenact/LivePortrait,id51,id54,0,-5.188045024871826,5.188045024871826,0.0,154.54022216796875,30.0,0.0,0.0,0.0020205029286444187,0.00297683198004961,0.0023385044187307358,0.0041877818293869495
CelebDFv3,/root/Datasets/CelebDFv3/CelebDFv3/FAKE/FaceReenact/MCNET/id26_id16_0003.mp4,FaceReenact/MCNET,id26,id16,0,-3.370509386062622,3.370509386062622,0.0,317.8647155761719,30.0,0.0,0.0,0.018219945952296257,0.002965493593364954,0.010215223766863346,0.010215223766863346
CelebDFv3,/root/Datasets/CelebDFv3/CelebDFv3/FAKE/FaceReenact/TPSMM/id31_id2_0005.mp4,FaceReenact/TPSMM,id31,id2,0,1.366107702255249,-1.366107702255249,0.0,115.08455657958984,30.0,0.0,0.0,0.006041918881237507,0.004262043163180351,0.006967954803258181,0.006967954803258181
CelebDFv3,/root/Datasets/CelebDFv3/CelebDFv3/FAKE/FaceSwap/BlendFace/id23_id0_0006.mp4,FaceSwap/BlendFace,id23,id0,0,3.116870403289795,-3.116870403289795,0.0,131.6842041015625,30.0,0.0,0.0,0.006085830740630627,0.00364323821850121,0.002228278899565339,0.0029524697456508875
CelebDFv3,/root/Datasets/CelebDFv3/CelebDFv3/FAKE/FaceSwap/Celeb-DF-v2/id51_id58_0001.mp4,FaceSwap/Celeb-DF-v2,id51,id58,0,-13.481395721435547,13.481395721435547,0.0,369.8573303222656,30.0,1.0,0.046875,0.003800163744017482,0.005557754077017307,0.005453888792544603,0.009766796603798866
CelebDFv3,/root/Datasets/CelebDFv3/CelebDFv3/FAKE/FaceSwap/GHOST/id54_id50_0004.mp4,FaceSwap/GHOST,id54,id50,0,-3.0028200149536133,3.0028200149536133,0.0,173.7959747314453,30.0,0.0,0.0,0.0023180036805570126,0.018592046573758125,0.010794688016176224,0.0193310733884573
CelebDFv3,/root/Datasets/CelebDFv3/CelebDFv3/FAKE/FaceSwap/HifiFace/id51_id55_0004.mp4,FaceSwap/HifiFace,id51,id55,0,-4.694129943847656,4.694129943847656,0.0,98.234619140625,29.0,1.0,0.171875,0.011177032254636288,0.017458345741033554,0.009864642284810543,0.017665551975369453
CelebDFv3,/root/Datasets/CelebDFv3/CelebDFv3/FAKE/FaceSwap/InSwapper/id23_id2_0007.mp4,FaceSwap/InSwapper,id23,id2,0,-1.7725276947021484,1.7725276947021484,0.0,159.11558532714844,30.0,0.0,0.0,0.011202068999409676,0.04082774370908737,0.005674178712069988,0.009954270906746387
CelebDFv3,/root/Datasets/CelebDFv3/CelebDFv3/FAKE/FaceSwap/MobileFaceSwap/id54_id51_0003.mp4,FaceSwap/MobileFaceSwap,id54,id51,0,3.8352444171905518,-3.8352444171905518,0.0,135.5263671875,30.0,0.0,0.0,0.0018138668965548277,0.010219813324511051,0.0019076366443186998,0.0034161857329308987
CelebDFv3,/root/Datasets/CelebDFv3/CelebDFv3/FAKE/FaceSwap/SimSwap/id26_id22_0003.mp4,FaceSwap/SimSwap,id26,id22,0,2.807572364807129,-2.807572364807129,0.0,333.6452941894531,30.0,0.0,0.0,0.0061420295387506485,0.006704563740640879,0.0019915979355573654,0.0035781250335276127
CelebDFv3,/root/Datasets/CelebDFv3/CelebDFv3/FAKE/FaceSwap/UniFace/id23_id24_0009.mp4,FaceSwap/UniFace,id23,id24,0,5.228813171386719,-5.228813171386719,0.0,99.74160766601562,30.0,0.0,0.0,0.004226671531796455,0.004460540134459734,0.0031096513848751783,0.004117178730666637
CelebDFv3,/root/Datasets/CelebDFv3/CelebDFv3/FAKE/TalkingFace/AniTalker/id54_0009_test_id01989_t3crub0ikyc.mp4,TalkingFace/AniTalker,id54,,0,2.6520023345947266,-2.6520023345947266,0.0,116.84471893310547,25.0,0.0,0.0,0.004830920137465,0.005025235936045647,0.004783168435096741,0.004783168435096741
CelebDFv3,/root/Datasets/CelebDFv3/CelebDFv3/FAKE/TalkingFace/EDTalk/id23_0006_test_id09017_W9dkqIcvdBg.mp4,TalkingFace/EDTalk,id23,,0,11.18618106842041,-11.18618106842041,0.0,117.27840423583984,25.0,0.0,0.0,0.010724606923758984,0.012089325115084648,0.006578640080988407,0.006578640080988407
CelebDFv3,/root/Datasets/CelebDFv3/CelebDFv3/FAKE/TalkingFace/EchoMimic/id11_0005_test_id02317_B_Tih3Eph2k.mp4,TalkingFace/EchoMimic,id11,,0,-5.200107097625732,5.200107097625732,0.0,123.71024322509766,24.0,0.0,0.0,0.010342482477426529,0.008026466704905033,0.00917729176580906,0.00917729176580906
CelebDFv3,/root/Datasets/CelebDFv3/CelebDFv3/FAKE/TalkingFace/FLOAT/id54_0007_test_id01298_gWkO0NOMazs.mp4,TalkingFace/FLOAT,id54,,0,0.4314943552017212,-0.4314943552017212,0.0,132.17262268066406,25.0,0.0,0.0,0.008059591986238956,0.01071755401790142,0.008475103415548801,0.008475103415548801
CelebDFv3,/root/Datasets/CelebDFv3/CelebDFv3/FAKE/TalkingFace/IP_LAP/id48_0007_test_id04094_BExUTQV-HpQ.mp4,TalkingFace/IP_LAP,id48,,0,3.162661552429199,-3.162661552429199,0.0,107.10792541503906,25.0,0.0,0.0,0.005020675715059042,0.004147235304117203,0.0053920866921544075,0.0053920866921544075
CelebDFv3,/root/Datasets/CelebDFv3/CelebDFv3/FAKE/TalkingFace/Real3DPortrait/id54_0000_test_id08374_8V4tFXw2UxY.mp4,TalkingFace/Real3DPortrait,id54,,0,-1.7378478050231934,1.7378478050231934,0.0,128.133056640625,25.0,0.0,0.0,0.008823039941489697,0.003918481990695,0.006143026519566774,0.006143026519566774
CelebDFv3,/root/Datasets/CelebDFv3/CelebDFv3/FAKE/TalkingFace/SadTalker/id59_0008_test_id05055__PvDDInENOI.mp4,TalkingFace/SadTalker,id59,,0,2.990257740020752,-2.990257740020752,0.0,116.9620132446289,25.0,0.0,0.0,0.002583782421424985,0.0035456253681331873,0.0038103957194834948,0.004064422100782394
CelebDFv3,/root/Datasets/CelebDFv3/CelebDFv3/FAKE/FaceReenact/DaGAN/id48_id45_0008.mp4,FaceReenact/DaGAN,id48,id45,0,-0.23717528581619263,0.23717528581619263,0.0,130.07913208007812,30.0,0.0,0.0,0.007463773712515831,0.010188516229391098,0.009554975666105747,0.009554975666105747
CelebDFv3,/root/Datasets/CelebDFv3/CelebDFv3/FAKE/FaceReenact/FSRT/id56_id55_0003.mp4,FaceReenact/FSRT,id56,id55,0,0.8958052396774292,-0.8958052396774292,0.0,78.02349853515625,20.0,0.0,0.0,0.010700556449592113,0.015513698570430279,0.014741763472557068,0.014741763472557068
CelebDFv3,/root/Datasets/CelebDFv3/CelebDFv3/FAKE/FaceReenact/HyperReenact/id51_id58_0002.mp4,FaceReenact/HyperReenact,id51,id58,0,-4.399253845214844,4.399253845214844,0.0,106.25119018554688,25.0,0.0,0.0,0.0054529462940990925,0.0020136991515755653,0.009552660398185253,0.009552660398185253
CelebDFv3,/root/Datasets/CelebDFv3/CelebDFv3/FAKE/FaceReenact/LIA/id54_id52_0001.mp4,FaceReenact/LIA,id54,id52,0,-1.3748648166656494,1.3748648166656494,0.0,197.6507568359375,30.0,1.0,0.15625,0.02339049242436886,0.019185734912753105,0.0070825847797095776,0.0070825847797095776
CelebDFv3,/root/Datasets/CelebDFv3/CelebDFv3/FAKE/FaceReenact/LivePortrait/id23_id25_0002.mp4,FaceReenact/LivePortrait,id23,id25,0,-1.4034786224365234,1.4034786224365234,0.0,92.38088989257812,30.0,0.0,0.0,0.006173084024339914,0.009027763269841671,0.005744654685258865,0.010210038162767887
CelebDFv3,/root/Datasets/CelebDFv3/CelebDFv3/FAKE/FaceReenact/MCNET/id8_id1_0003.mp4,FaceReenact/MCNET,id8,id1,0,-6.341246604919434,6.341246604919434,0.0,104.84416961669922,30.0,1.0,0.015625,0.01360598485916853,0.006378503516316414,0.010728362947702408,0.010728362947702408
CelebDFv3,/root/Datasets/CelebDFv3/CelebDFv3/FAKE/FaceReenact/TPSMM/id48_id45_0003.mp4,FaceReenact/TPSMM,id48,id45,0,-4.270321846008301,4.270321846008301,0.0,122.03784942626953,30.0,0.0,0.0,0.004865784198045731,0.005192290525883436,0.00802518054842949,0.00802518054842949
CelebDFv3,/root/Datasets/CelebDFv3/CelebDFv3/FAKE/FaceSwap/BlendFace/id23_id28_0000.mp4,FaceSwap/BlendFace,id23,id28,0,2.732755184173584,-2.732755184173584,0.0,101.99475860595703,30.0,0.0,0.0,0.001652544247917831,0.0020276205614209175,0.0009054371039383113,0.0016092433361336589
CelebDFv3,/root/Datasets/CelebDFv3/CelebDFv3/FAKE/FaceSwap/Celeb-DF-v2/id31_id17_0000.mp4,FaceSwap/Celeb-DF-v2,id31,id17,0,-2.322169542312622,2.322169542312622,0.0,120.5889892578125,30.0,0.0,0.0,0.0033764378167688847,0.006543201394379139,0.003585783066228032,0.006457448471337557
CelebDFv3,/root/Datasets/CelebDFv3/CelebDFv3/FAKE/FaceSwap/GHOST/id51_id49_0001.mp4,FaceSwap/GHOST,id51,id49,0,-17.055368423461914,17.055368423461914,0.0,381.3569030761719,30.0,1.0,0.046875,0.0036754668690264225,0.005952553357928991,0.004776017274707556,0.008552868850529194
CelebDFv3,/root/Datasets/CelebDFv3/CelebDFv3/FAKE/FaceSwap/HifiFace/id54_id55_0008.mp4,FaceSwap/HifiFace,id54,id55,0,-2.671924591064453,2.671924591064453,0.0,124.61311340332031,30.0,0.0,0.0,0.002079259604215622,0.0031335060484707355,0.001607817248441279,0.002879271050915122
CelebDFv3,/root/Datasets/CelebDFv3/CelebDFv3/FAKE/FaceSwap/InSwapper/id56_id50_0005.mp4,FaceSwap/InSwapper,id56,id50,0,-3.2498598098754883,3.2498598098754883,0.0,95.48897552490234,29.899993896484375,0.0,0.0,0.0016624493291601539,0.0038597628008574247,0.0011192145757377148,0.00200428394600749
CelebDFv3,/root/Datasets/CelebDFv3/CelebDFv3/FAKE/FaceSwap/MobileFaceSwap/id26_id37_0008.mp4,FaceSwap/MobileFaceSwap,id26,id37,0,-1.0165692567825317,1.0165692567825317,0.0,122.43927001953125,30.0,0.0,0.0,0.005962356925010681,0.004746173042804003,0.0023677386343479156,0.004311558790504932
CelebDFv3,/root/Datasets/CelebDFv3/CelebDFv3/FAKE/FaceSwap/SimSwap/id31_id26_0006.mp4,FaceSwap/SimSwap,id31,id26,0,-10.504822731018066,10.504822731018066,0.0,219.05519104003906,30.0,1.0,0.015625,0.004914485849440098,0.010739542543888092,0.0040382822044193745,0.007272330112755299
CelebDFv3,/root/Datasets/CelebDFv3/CelebDFv3/FAKE/FaceSwap/UniFace/id48_id39_0008.mp4,FaceSwap/UniFace,id48,id39,0,-4.475800514221191,4.475800514221191,0.0,136.72364807128906,30.0,0.0,0.0,0.002637919271364808,0.0027267017867416143,0.00254751811735332,0.002537327818572521
CelebDFv3,/root/Datasets/CelebDFv3/CelebDFv3/FAKE/TalkingFace/AniTalker/id22_0005_test_id05459_smpeQd0vnD8.mp4,TalkingFace/AniTalker,id22,,0,-1.6087316274642944,1.6087316274642944,0.0,132.89990234375,25.0,0.0,0.0,0.005646524950861931,0.0024844054132699966,0.004757240414619446,0.004757240414619446
CelebDFv3,/root/Datasets/CelebDFv3/CelebDFv3/FAKE/TalkingFace/EDTalk/id11_0010_test_id05459_wq3Z0I944wU.mp4,TalkingFace/EDTalk,id11,,0,-0.8294799327850342,0.8294799327850342,0.0,116.31629943847656,25.0,0.0,0.0,0.01134996023029089,0.012023932300508022,0.006221225019544363,0.006221225019544363
CelebDFv3,/root/Datasets/CelebDFv3/CelebDFv3/FAKE/TalkingFace/EchoMimic/id56_0009_test_id06104_I5L50wxtK8Q.mp4,TalkingFace/EchoMimic,id56,,0,5.532727241516113,-5.532727241516113,0.0,153.59689331054688,24.0,0.0,0.0,0.007171311881393194,0.008879048749804497,0.008230405859649181,0.008230405859649181
CelebDFv3,/root/Datasets/CelebDFv3/CelebDFv3/FAKE/TalkingFace/FLOAT/id11_0000_test_id04006__bENbO3pwL0.mp4,TalkingFace/FLOAT,id11,,0,0.9934535622596741,-0.9934535622596741,0.0,104.61952209472656,25.0,0.0,0.0,0.013470359146595001,0.007492724806070328,0.005883776117116213,0.005883776117116213
CelebDFv3,/root/Datasets/CelebDFv3/CelebDFv3/FAKE/TalkingFace/IP_LAP/id54_0003_test_id01822_jmFGgwXCuW0.mp4,TalkingFace/IP_LAP,id54,,0,3.6303932666778564,-3.6303932666778564,0.0,143.43983459472656,25.0,0.0,0.0,0.004336156416684389,0.008026458323001862,0.005658772308379412,0.005658772308379412
CelebDFv3,/root/Datasets/CelebDFv3/CelebDFv3/FAKE/TalkingFace/Real3DPortrait/id54_0003_test_id03524_NDFq9szuzN0.mp4,TalkingFace/Real3DPortrait,id54,,0,3.562788963317871,-3.562788963317871,0.0,162.49453735351562,25.0,0.0,0.0,0.009302880614995956,0.005167392082512379,0.004772874526679516,0.004772874526679516
CelebDFv3,/root/Datasets/CelebDFv3/CelebDFv3/FAKE/TalkingFace/SadTalker/id56_0000_test_id05015_k_TJD7DmraQ.mp4,TalkingFace/SadTalker,id56,,0,1.1096519231796265,-1.1096519231796265,0.0,111.37223052978516,25.0,0.0,0.0,0.002530995523557067,0.0065957121551036835,0.009517005644738674,0.009517005644738674
CelebDFv3,/root/Datasets/CelebDFv3/CelebDFv3/FAKE/FaceReenact/DaGAN/id23_id9_0000.mp4,FaceReenact/DaGAN,id23,id9,0,4.059396743774414,-4.059396743774414,0.0,109.69050598144531,30.0,0.0,0.0,0.010973474010825157,0.005350057501345873,0.004619034938514233,0.004619034938514233
CelebDFv3,/root/Datasets/CelebDFv3/CelebDFv3/FAKE/FaceReenact/FSRT/id31_id20_0003.mp4,FaceReenact/FSRT,id31,id20,0,-2.507974147796631,2.507974147796631,0.0,119.71622467041016,20.0,0.0,0.0,0.0065368907526135445,0.011812771670520306,0.009511690586805344,0.009511690586805344
CelebDFv3,/root/Datasets/CelebDFv3/CelebDFv3/FAKE/FaceReenact/HyperReenact/id31_id38_0004.mp4,FaceReenact/HyperReenact,id31,id38,0,-4.267457485198975,4.267457485198975,0.0,176.1706085205078,25.0,0.0,0.0,0.010572537779808044,0.003085526404902339,0.007171326782554388,0.007171326782554388
CelebDFv3,/root/Datasets/CelebDFv3/CelebDFv3/FAKE/FaceReenact/LIA/id22_id24_0005.mp4,FaceReenact/LIA,id22,id24,0,1.8670334815979004,-1.8670334815979004,0.0,93.77094268798828,30.0,0.0,0.0,0.005973979365080595,0.010440719313919544,0.008474665693938732,0.008474665693938732
CelebDFv3,/root/Datasets/CelebDFv3/CelebDFv3/FAKE/FaceReenact/LivePortrait/id26_id3_0003.mp4,FaceReenact/LivePortrait,id26,id3,0,-1.8290828466415405,1.8290828466415405,0.0,361.6084289550781,30.0,0.0,0.0,0.001901635667309165,0.003744018031284213,0.0021841488778591156,0.0039240638725459576
CelebDFv3,/root/Datasets/CelebDFv3/CelebDFv3/FAKE/FaceReenact/MCNET/id25_id28_0002.mp4,FaceReenact/MCNET,id25,id28,0,3.3716835975646973,-3.3716835975646973,0.0,107.79379272460938,30.0,0.0,0.0,0.00692756799980998,0.006763997487723827,0.006184645462781191,0.006184645462781191
CelebDFv3,/root/Datasets/CelebDFv3/CelebDFv3/FAKE/FaceReenact/TPSMM/id48_id42_0004.mp4,FaceReenact/TPSMM,id48,id42,0,5.858085632324219,-5.858085632324219,0.0,113.5427474975586,30.0,0.0,0.0,0.012894731014966965,0.011463786475360394,0.008343301713466644,0.008343301713466644
CelebDFv3,/root/Datasets/CelebDFv3/CelebDFv3/FAKE/FaceSwap/BlendFace/id31_id33_0006.mp4,FaceSwap/BlendFace,id31,id33,0,-9.634773254394531,9.634773254394531,0.0,217.9368133544922,30.0,1.0,0.03125,0.004861493594944477,0.010672841221094131,0.0027940119616687298,0.005031588952988386
CelebDFv3,/root/Datasets/CelebDFv3/CelebDFv3/FAKE/FaceSwap/Celeb-DF-v2/id31_id26_0007.mp4,FaceSwap/Celeb-DF-v2,id31,id26,0,-10.67620849609375,10.67620849609375,0.0,294.7156066894531,30.0,0.0,0.0,0.012596108950674534,0.003401055233553052,0.008750778622925282,0.0157588180154562
CelebDFv3,/root/Datasets/CelebDFv3/CelebDFv3/FAKE/FaceSwap/GHOST/id48_id42_0003.mp4,FaceSwap/GHOST,id48,id42,0,-1.75442373752594,1.75442373752594,0.0,94.4170150756836,30.0,1.0,0.078125,0.009060204029083252,0.02751145511865616,0.016390061005949974,0.029267963021993637
CelebDFv3,/root/Datasets/CelebDFv3/CelebDFv3/FAKE/FaceSwap/HifiFace/id25_id22_0002.mp4,FaceSwap/HifiFace,id25,id22,0,-0.9637147188186646,0.9637147188186646,0.0,89.87169647216797,30.0,0.0,0.0,0.005730864591896534,0.005253237672150135,0.003135253442451358,0.005646113306283951
CelebDFv3,/root/Datasets/CelebDFv3/CelebDFv3/FAKE/FaceSwap/InSwapper/id23_id34_0000.mp4,FaceSwap/InSwapper,id23,id34,0,0.7159719467163086,-0.7159719467163086,0.0,103.82909393310547,30.0,0.0,0.0,0.001957628643140197,0.0019576940685510635,0.0012766760773956776,0.002269050572067499
CelebDFv3,/root/Datasets/CelebDFv3/CelebDFv3/FAKE/FaceSwap/MobileFaceSwap/id54_id49_0009.mp4,FaceSwap/MobileFaceSwap,id54,id49,0,-0.7405300140380859,0.7405300140380859,0.0,100.61835479736328,30.0,0.0,0.0,0.01170505490154028,0.01006282214075327,0.002590009244158864,0.00463817548006773
CelebDFv3,/root/Datasets/CelebDFv3/CelebDFv3/FAKE/FaceSwap/SimSwap/id23_id34_0000.mp4,FaceSwap/SimSwap,id23,id34,0,1.6294739246368408,-1.6294739246368408,0.0,108.65968322753906,30.0,0.0,0.0,0.0017917872173711658,0.002095908625051379,0.0010002602357417345,0.0017777732573449612
CelebDFv3,/root/Datasets/CelebDFv3/CelebDFv3/FAKE/FaceSwap/UniFace/id51_id55_0006.mp4,FaceSwap/UniFace,id51,id55,0,-2.4144883155822754,2.4144883155822754,0.0,132.48878479003906,29.900009155273438,0.0,0.0,0.002423770958557725,0.023626580834388733,0.003355433000251651,0.006008892320096493
CelebDFv3,/root/Datasets/CelebDFv3/CelebDFv3/FAKE/TalkingFace/AniTalker/id23_0000_test_id01541_H1G3yUV598w.mp4,TalkingFace/AniTalker,id23,,0,6.274192810058594,-6.274192810058594,0.0,120.20327758789062,25.0,0.0,0.0,0.007325640879571438,0.005656739231199026,0.005289939232170582,0.005289939232170582
CelebDFv3,/root/Datasets/CelebDFv3/CelebDFv3/FAKE/TalkingFace/EDTalk/id48_0004_test_id01509_XmSD0fC9gX4.mp4,TalkingFace/EDTalk,id48,,0,2.210730791091919,-2.210730791091919,0.0,120.5550537109375,25.0,0.0,0.0,0.011940697208046913,0.008223663084208965,0.00599129730835557,0.00599129730835557
CelebDFv3,/root/Datasets/CelebDFv3/CelebDFv3/FAKE/TalkingFace/EchoMimic/id54_0001_test_id03978_cLsHB_wl6DE.mp4,TalkingFace/EchoMimic,id54,,0,-8.158702850341797,8.158702850341797,0.0,189.0144500732422,24.0,0.0,0.0,0.004434285219758749,0.009179290384054184,0.00556225748732686,0.00556225748732686
CelebDFv3,/root/Datasets/CelebDFv3/CelebDFv3/FAKE/TalkingFace/FLOAT/id23_0003_test_id04030_LbbwMkj_5cE.mp4,TalkingFace/FLOAT,id23,,0,-1.129074215888977,1.129074215888977,0.0,108.6892318725586,25.0,0.0,0.0,0.009591201320290565,0.007614308036863804,0.0043493094854056835,0.0043493094854056835
CelebDFv3,/root/Datasets/CelebDFv3/CelebDFv3/FAKE/TalkingFace/IP_LAP/id23_0000_test_id07802_aUfv9KTIO2E.mp4,TalkingFace/IP_LAP,id23,,0,1.4112133979797363,-1.4112133979797363,0.0,104.6204833984375,25.0,0.0,0.0,0.01212537381798029,0.00499213021248579,0.007394852116703987,0.007394852116703987
CelebDFv3,/root/Datasets/CelebDFv3/CelebDFv3/FAKE/TalkingFace/Real3DPortrait/id25_0003_test_id07620_1OEnUjSVBcE.mp4,TalkingFace/Real3DPortrait,id25,,0,8.902175903320312,-8.902175903320312,0.0,142.07350158691406,25.0,0.0,0.0,0.009777603670954704,0.006128682754933834,0.005924595985561609,0.005924595985561609
CelebDFv3,/root/Datasets/CelebDFv3/CelebDFv3/FAKE/TalkingFace/SadTalker/id11_0009_test_id08149_Ay1xwkYsNAE.mp4,TalkingFace/SadTalker,id11,,0,-6.49409294128418,6.49409294128418,0.0,118.08618927001953,25.0,0.0,0.0,0.0018610487459227443,0.004842644557356834,0.0037687967997044325,0.0037687967997044325
CelebDFv3,/root/Datasets/CelebDFv3/CelebDFv3/FAKE/FaceReenact/DaGAN/id31_id20_0003.mp4,FaceReenact/DaGAN,id31,id20,0,-5.340280532836914,5.340280532836914,0.0,121.74662017822266,30.0,0.0,0.0,0.007543402723968029,0.012834662571549416,0.010651852004230022,0.010651852004230022
CelebDFv3,/root/Datasets/CelebDFv3/CelebDFv3/FAKE/FaceReenact/FSRT/id23_id9_0002.mp4,FaceReenact/FSRT,id23,id9,0,-2.3310816287994385,2.3310816287994385,0.0,120.04702758789062,20.0,0.0,0.0,0.010378913953900337,0.008519996888935566,0.008442286401987076,0.008442286401987076
CelebDFv3,/root/Datasets/CelebDFv3/CelebDFv3/FAKE/FaceReenact/HyperReenact/id23_id9_0006.mp4,FaceReenact/HyperReenact,id23,id9,0,1.795548677444458,-1.795548677444458,0.0,129.9936065673828,25.0,0.0,0.0,0.003953889012336731,0.005360612645745277,0.00675022741779685,0.00675022741779685
CelebDFv3,/root/Datasets/CelebDFv3/CelebDFv3/FAKE/FaceReenact/LIA/id23_id9_0004.mp4,FaceReenact/LIA,id23,id9,0,1.1828498840332031,-1.1828498840332031,0.0,159.85299682617188,30.0,0.0,0.0,0.011648394167423248,0.008446227759122849,0.010066818445920944,0.010066818445920944
CelebDFv3,/root/Datasets/CelebDFv3/CelebDFv3/FAKE/FaceReenact/LivePortrait/id26_id0_0000.mp4,FaceReenact/LivePortrait,id26,id0,0,-3.7901153564453125,3.7901153564453125,0.0,150.84120178222656,30.0,1.0,0.578125,0.001662427093833685,0.0011963766301050782,0.002055143006145954,0.003692291211336851
CelebDFv3,/root/Datasets/CelebDFv3/CelebDFv3/FAKE/FaceReenact/MCNET/id22_id28_0009.mp4,FaceReenact/MCNET,id22,id28,0,1.6734027862548828,-1.6734027862548828,0.0,121.92237091064453,30.0,0.0,0.0,0.005190251860767603,0.002607517410069704,0.007769457530230284,0.007769457530230284
CelebDFv3,/root/Datasets/CelebDFv3/CelebDFv3/FAKE/FaceReenact/TPSMM/id56_id58_0006.mp4,FaceReenact/TPSMM,id56,id58,0,5.573803901672363,-5.573803901672363,0.0,90.44342041015625,30.0,0.0,0.0,0.01082802563905716,0.008168582804501057,0.010382176376879215,0.010382176376879215
CelebDFv3,/root/Datasets/CelebDFv3/CelebDFv3/FAKE/FaceSwap/BlendFace/id56_id58_0001.mp4,FaceSwap/BlendFace,id56,id58,0,0.9568687677383423,-0.9568687677383423,0.0,104.9615707397461,30.0,0.0,0.0,0.003256875555962324,0.010846594348549843,0.0032989992760121822,0.005907831713557243
CelebDFv3,/root/Datasets/CelebDFv3/CelebDFv3/FAKE/FaceSwap/Celeb-DF-v2/id48_id42_0005.mp4,FaceSwap/Celeb-DF-v2,id48,id42,0,-1.5339901447296143,1.5339901447296143,0.0,133.1351318359375,30.0,0.0,0.0,0.0011013715993613005,0.001999356085434556,0.0009471495286561549,0.0016913383733481169
CelebDFv3,/root/Datasets/CelebDFv3/CelebDFv3/FAKE/FaceSwap/GHOST/id23_id3_0006.mp4,FaceSwap/GHOST,id23,id3,0,2.784754991531372,-2.784754991531372,0.0,127.87187194824219,30.0,0.0,0.0,0.006397645454853773,0.0035745715722441673,0.0024771105963736773,0.0032821716740727425
CelebDFv3,/root/Datasets/CelebDFv3/CelebDFv3/FAKE/FaceSwap/HifiFace/id26_id29_0004.mp4,FaceSwap/HifiFace,id26,id29,0,-2.5716896057128906,2.5716896057128906,0.0,105.76799011230469,30.0,0.0,0.0,0.0034533615689724684,0.00805674772709608,0.002863865112885833,0.005145248491317034
CelebDFv3,/root/Datasets/CelebDFv3/CelebDFv3/FAKE/FaceSwap/InSwapper/id26_id6_0002.mp4,FaceSwap/InSwapper,id26,id6,0,2.8558855056762695,-2.8558855056762695,0.0,86.15044403076172,30.0,0.0,0.0,0.006880789063870907,0.016629060730338097,0.0038279611617326736,0.006877353880554438
CelebDFv3,/root/Datasets/CelebDFv3/CelebDFv3/FAKE/FaceSwap/MobileFaceSwap/id26_id1_0000.mp4,FaceSwap/MobileFaceSwap,id26,id1,0,5.611878395080566,-5.611878395080566,0.0,152.75608825683594,30.0,0.0,0.0,0.0019687132444232702,0.0018601350020617247,0.0022618817165493965,0.004063719883561134
CelebDFv3,/root/Datasets/CelebDFv3/CelebDFv3/FAKE/FaceSwap/SimSwap/id8_id3_0002.mp4,FaceSwap/SimSwap,id8,id3,0,-0.2860523462295532,0.2860523462295532,0.0,120.77290344238281,30.0,0.0,0.0,0.0025388572830706835,0.006014304235577583,0.002977216150611639,0.005609076004475355
CelebDFv3,/root/Datasets/CelebDFv3/CelebDFv3/FAKE/FaceSwap/UniFace/id26_id6_0002.mp4,FaceSwap/UniFace,id26,id6,0,1.7946100234985352,-1.7946100234985352,0.0,86.33998107910156,30.0,0.0,0.0,0.006928694900125265,0.01722855493426323,0.0037636221386492252,0.00676176231354475
CelebDFv3,/root/Datasets/CelebDFv3/CelebDFv3/FAKE/TalkingFace/AniTalker/id51_0008_test_id04657_WdJ_DuU0ack.mp4,TalkingFace/AniTalker,id51,,0,-3.0665292739868164,3.0665292739868164,0.0,115.77668762207031,25.0,0.0,0.0,0.006051070988178253,0.005551456473767757,0.005395779851824045,0.005395779851824045
CelebDFv3,/root/Datasets/CelebDFv3/CelebDFv3/FAKE/TalkingFace/EDTalk/id51_0007_test_id07663_Um4MKhndp_0.mp4,TalkingFace/EDTalk,id51,,0,-3.705090045928955,3.705090045928955,0.0,145.5047607421875,25.0,0.0,0.0,0.010807947255671024,0.01102446112781763,0.007409154903143644,0.007409154903143644
CelebDFv3,/root/Datasets/CelebDFv3/CelebDFv3/FAKE/TalkingFace/EchoMimic/id11_0009_test_id01106_kk4eYuQIvDo.mp4,TalkingFace/EchoMimic,id11,,0,-3.215573787689209,3.215573787689209,0.0,117.9201889038086,24.0,0.0,0.0,0.008074105717241764,0.006812719162553549,0.005147829651832581,0.005147829651832581
CelebDFv3,/root/Datasets/CelebDFv3/CelebDFv3/FAKE/TalkingFace/FLOAT/id54_0009_test_id03862_MbKTN9ENeFQ.mp4,TalkingFace/FLOAT,id54,,0,1.2818477153778076,-1.2818477153778076,0.0,108.5064468383789,25.0,0.0,0.0,0.013234080746769905,0.007159358821809292,0.00793231651186943,0.00793231651186943
CelebDFv3,/root/Datasets/CelebDFv3/CelebDFv3/FAKE/TalkingFace/IP_LAP/id26_0004_test_id02465_PhHBC9xmnUQ.mp4,TalkingFace/IP_LAP,id26,,0,-2.0031564235687256,2.0031564235687256,0.0,105.87667083740234,25.0,0.0,0.0,0.00921329203993082,0.015575525350868702,0.0042153517715632915,0.0042153517715632915
CelebDFv3,/root/Datasets/CelebDFv3/CelebDFv3/FAKE/TalkingFace/Real3DPortrait/id25_0003_test_id06811_szilQ-DsQIo.mp4,TalkingFace/Real3DPortrait,id25,,0,8.496267318725586,-8.496267318725586,0.0,143.30413818359375,25.0,0.0,0.0,0.011856218799948692,0.006048769690096378,0.008113767951726913,0.008113767951726913
CelebDFv3,/root/Datasets/CelebDFv3/CelebDFv3/FAKE/TalkingFace/SadTalker/id54_0008_test_id00017_Nd3m-TBtp6A.mp4,TalkingFace/SadTalker,id54,,0,-1.863870620727539,1.863870620727539,0.0,125.84014129638672,25.0,0.0,0.0,0.0019130087457597256,0.004758105613291264,0.0038781706243753433,0.0038781706243753433
CelebDFv3,/root/Datasets/CelebDFv3/CelebDFv3/FAKE/FaceReenact/DaGAN/id8_id4_0007.mp4,FaceReenact/DaGAN,id8,id4,0,2.6217098236083984,-2.6217098236083984,0.0,149.76292419433594,30.0,0.0,0.0,0.013194290921092033,0.00724474061280489,0.007857239805161953,0.007857239805161953
CelebDFv3,/root/Datasets/CelebDFv3/CelebDFv3/FAKE/FaceReenact/FSRT/id48_id44_0003.mp4,FaceReenact/FSRT,id48,id44,0,-5.0907673835754395,5.0907673835754395,0.0,117.22966766357422,20.0,0.0,0.0,0.0058759478852152824,0.004248449578881264,0.0054058535024523735,0.0054058535024523735
CelebDFv3,/root/Datasets/CelebDFv3/CelebDFv3/FAKE/FaceReenact/HyperReenact/id54_id58_0004.mp4,FaceReenact/HyperReenact,id54,id58,0,-5.615873336791992,5.615873336791992,0.0,146.91696166992188,25.0,0.0,0.0,0.019010107964277267,0.0037498758174479008,0.011758808046579361,0.011758808046579361
CelebDFv3,/root/Datasets/CelebDFv3/CelebDFv3/FAKE/FaceReenact/LIA/id23_id30_0003.mp4,FaceReenact/LIA,id23,id30,0,-0.15666121244430542,0.15666121244430542,0.0,102.95230102539062,30.0,0.0,0.0,0.012663395144045353,0.014656427316367626,0.012138857506215572,0.012138857506215572
CelebDFv3,/root/Datasets/CelebDFv3/CelebDFv3/FAKE/FaceReenact/LivePortrait/id23_id16_0007.mp4,FaceReenact/LivePortrait,id23,id16,0,-2.672576427459717,2.672576427459717,0.0,377.0299377441406,30.0,0.0,0.0,0.0015987225342541933,0.004173601046204567,0.0019731081556528807,0.0034614442847669125
CelebDFv3,/root/Datasets/CelebDFv3/CelebDFv3/FAKE/FaceReenact/MCNET/id22_id28_0002.mp4,FaceReenact/MCNET,id22,id28,0,3.3285388946533203,-3.3285388946533203,0.0,98.26129913330078,30.0,0.0,0.0,0.008404350839555264,0.0077379257418215275,0.005752918776124716,0.005752918776124716
CelebDFv3,/root/Datasets/CelebDFv3/CelebDFv3/FAKE/FaceReenact/TPSMM/id51_id54_0005.mp4,FaceReenact/TPSMM,id51,id54,0,-3.2347211837768555,3.2347211837768555,0.0,152.2008514404297,30.0,0.0,0.0,0.00812049861997366,0.006110218819230795,0.0051323589868843555,0.0051323589868843555
CelebDFv3,/root/Datasets/CelebDFv3/CelebDFv3/FAKE/FaceSwap/BlendFace/id54_id52_0001.mp4,FaceSwap/BlendFace,id54,id52,0,2.823108434677124,-2.823108434677124,0.0,138.21229553222656,30.0,0.0,0.0,0.004753614775836468,0.022633101791143417,0.004511558450758457,0.008079275488853455
CelebDFv3,/root/Datasets/CelebDFv3/CelebDFv3/FAKE/FaceSwap/Celeb-DF-v2/id31_id37_0007.mp4,FaceSwap/Celeb-DF-v2,id31,id37,0,-9.424013137817383,9.424013137817383,0.0,279.6953430175781,30.0,0.0,0.0,0.017978962510824203,0.00519348680973053,0.0105610815808177,0.01901889592409134
CelebDFv3,/root/Datasets/CelebDFv3/CelebDFv3/FAKE/FaceSwap/GHOST/id23_id29_0007.mp4,FaceSwap/GHOST,id23,id29,0,-0.9021589159965515,0.9021589159965515,0.0,155.37228393554688,30.0,0.0,0.0,0.011329194530844688,0.03097236156463623,0.006084752734750509,0.010674545541405678
CelebDFv3,/root/Datasets/CelebDFv3/CelebDFv3/FAKE/FaceSwap/HifiFace/id23_id4_0004.mp4,FaceSwap/HifiFace,id23,id4,0,0.1730353832244873,-0.1730353832244873,0.0,144.98304748535156,30.0,1.0,0.015625,0.020400872454047203,0.012746255844831467,0.01150842197239399,0.015513353981077671
CelebDFv3,/root/Datasets/CelebDFv3/CelebDFv3/FAKE/FaceSwap/InSwapper/id56_id58_0006.mp4,FaceSwap/InSwapper,id56,id58,0,1.6447187662124634,-1.6447187662124634,0.0,82.91832733154297,30.0,0.0,0.0,0.006447857711464167,0.0050024003721773624,0.0018592014675959945,0.003329448401927948
CelebDFv3,/root/Datasets/CelebDFv3/CelebDFv3/FAKE/FaceSwap/MobileFaceSwap/id23_id31_0002.mp4,FaceSwap/MobileFaceSwap,id23,id31,0,-2.5877299308776855,2.5877299308776855,0.0,98.76232147216797,30.0,1.0,0.015625,0.00844387337565422,0.011091221123933792,0.0035843634977936745,0.0063705286011099815
CelebDFv3,/root/Datasets/CelebDFv3/CelebDFv3/FAKE/FaceSwap/SimSwap/id31_id33_0005.mp4,FaceSwap/SimSwap,id31,id33,0,1.1032874584197998,-1.1032874584197998,0.0,127.01116943359375,30.0,0.0,0.0,0.005312048830091953,0.004475626163184643,0.0026032584719359875,0.004688072018325329
CelebDFv3,/root/Datasets/CelebDFv3/CelebDFv3/FAKE/FaceSwap/UniFace/id31_id35_0001.mp4,FaceSwap/UniFace,id31,id35,0,-1.63951575756073,1.63951575756073,0.0,149.31658935546875,30.0,0.0,0.0,0.0024426616728305817,0.002847799099981785,0.0026219054125249386,0.0047216517850756645
CelebDFv3,/root/Datasets/CelebDFv3/CelebDFv3/FAKE/TalkingFace/AniTalker/id22_0007_test_id01822_zYv_noZ6yqw.mp4,TalkingFace/AniTalker,id22,,0,-6.095551490783691,6.095551490783691,0.0,272.8712158203125,25.0,0.0,0.0,0.005879953503608704,0.0039047100581228733,0.005346910562366247,0.005346910562366247
CelebDFv3,/root/Datasets/CelebDFv3/CelebDFv3/FAKE/TalkingFace/EDTalk/id31_0007_test_id02465_BfzqhbsRhuE.mp4,TalkingFace/EDTalk,id31,,0,7.952489376068115,-7.952489376068115,0.0,220.17425537109375,25.0,0.0,0.0,0.013648191466927528,0.01032097265124321,0.008989269845187664,0.008989269845187664
CelebDFv3,/root/Datasets/CelebDFv3/CelebDFv3/FAKE/TalkingFace/EchoMimic/id8_0006_test_id01298_xv4IT9v17l4.mp4,TalkingFace/EchoMimic,id8,,0,-6.610564231872559,6.610564231872559,0.0,142.29324340820312,24.0,0.0,0.0,0.008899159729480743,0.00882933009415865,0.00688445009291172,0.00688445009291172
CelebDFv3,/root/Datasets/CelebDFv3/CelebDFv3/FAKE/TalkingFace/FLOAT/id11_0007_test_id02576_vNPd7HDp1uM.mp4,TalkingFace/FLOAT,id11,,0,-7.829842567443848,7.829842567443848,0.0,110.46927642822266,25.0,0.0,0.0,0.01225438341498375,0.005577702075242996,0.007694500498473644,0.007694500498473644
CelebDFv3,/root/Datasets/CelebDFv3/CelebDFv3/FAKE/TalkingFace/IP_LAP/id31_0009_test_id03839_C_MwvSBvUy8.mp4,TalkingFace/IP_LAP,id31,,0,1.1174874305725098,-1.1174874305725098,0.0,98.2828598022461,25.0,1.0,0.03125,0.026660213246941566,0.008613345213234425,0.011257762089371681,0.011257762089371681
CelebDFv3,/root/Datasets/CelebDFv3/CelebDFv3/FAKE/TalkingFace/Real3DPortrait/id26_0002_test_id00017_Nd3m-TBtp6A.mp4,TalkingFace/Real3DPortrait,id26,,0,1.0415490865707397,-1.0415490865707397,0.0,113.57633972167969,25.0,0.0,0.0,0.011845853179693222,0.005446634255349636,0.004624591208994389,0.004624591208994389
CelebDFv3,/root/Datasets/CelebDFv3/CelebDFv3/FAKE/TalkingFace/SadTalker/id59_0006_test_id04657_dn4XY5c6mEw.mp4,TalkingFace/SadTalker,id59,,0,5.227470397949219,-5.227470397949219,0.0,108.14244842529297,25.0,0.0,0.0,0.0014885816490277648,0.007881583645939827,0.004586030729115009,0.004586030729115009
CelebDFv3,/root/Datasets/CelebDFv3/CelebDFv3/FAKE/FaceReenact/DaGAN/id23_id3_0003.mp4,FaceReenact/DaGAN,id23,id3,0,-1.2089488506317139,1.2089488506317139,0.0,110.32489013671875,30.0,0.0,0.0,0.013117327354848385,0.010879195295274258,0.005780329462140799,0.005780329462140799
CelebDFv3,/root/Datasets/CelebDFv3/CelebDFv3/FAKE/FaceReenact/FSRT/id26_id32_0006.mp4,FaceReenact/FSRT,id26,id32,0,-1.5313985347747803,1.5313985347747803,0.0,275.98651123046875,20.0,1.0,0.4375,0.008097777143120766,0.009271419607102871,0.008961409330368042,0.008961409330368042
CelebDFv3,/root/Datasets/CelebDFv3/CelebDFv3/FAKE/FaceReenact/HyperReenact/id54_id49_0009.mp4,FaceReenact/HyperReenact,id54,id49,0,-0.11100371181964874,0.11100371181964874,0.0,121.39897155761719,25.0,0.0,0.0,0.0044458298943936825,0.0023994045332074165,0.00658803666010499,0.00658803666010499
CelebDFv3,/root/Datasets/CelebDFv3/CelebDFv3/FAKE/FaceReenact/LIA/id25_id22_0002.mp4,FaceReenact/LIA,id25,id22,0,1.683039903640747,-1.683039903640747,0.0,89.29296112060547,30.0,1.0,0.015625,0.01788792572915554,0.007866809144616127,0.006310651078820229,0.006310651078820229
CelebDFv3,/root/Datasets/CelebDFv3/CelebDFv3/FAKE/FaceReenact/LivePortrait/id31_id20_0008.mp4,FaceReenact/LivePortrait,id31,id20,0,0.6059017777442932,-0.6059017777442932,0.0,118.72962951660156,30.0,0.0,0.0,0.007167764939367771,0.006661692168563604,0.009033331647515297,0.016267653554677963
CelebDFv3,/root/Datasets/CelebDFv3/CelebDFv3/FAKE/FaceReenact/MCNET/id8_id3_0002.mp4,FaceReenact/MCNET,id8,id3,0,-0.34168457984924316,0.34168457984924316,0.0,109.83470916748047,30.0,0.0,0.0,0.02841167338192463,0.014398531056940556,0.008366127498447895,0.008366127498447895
CelebDFv3,/root/Datasets/CelebDFv3/CelebDFv3/FAKE/FaceReenact/TPSMM/id54_id50_0004.mp4,FaceReenact/TPSMM,id54,id50,0,-2.77936053276062,2.77936053276062,0.0,178.0608367919922,30.0,1.0,0.046875,0.0180826336145401,0.005544891580939293,0.01222629752010107,0.01222629752010107
CelebDFv3,/root/Datasets/CelebDFv3/CelebDFv3/FAKE/FaceSwap/BlendFace/id56_id58_0000.mp4,FaceSwap/BlendFace,id56,id58,0,0.9133316278457642,-0.9133316278457642,0.0,97.3475341796875,30.0,0.0,0.0,0.0032161367125809193,0.004627581685781479,0.0020887888967990875,0.003740592859685421
CelebDFv3,/root/Datasets/CelebDFv3/CelebDFv3/FAKE/FaceSwap/Celeb-DF-v2/id54_id49_0001.mp4,FaceSwap/Celeb-DF-v2,id54,id49,0,2.7568209171295166,-2.7568209171295166,0.0,130.3910675048828,30.0,0.0,0.0,0.006572022568434477,0.02104314975440502,0.004266506992280483,0.007640440482646227
CelebDFv3,/root/Datasets/CelebDFv3/CelebDFv3/FAKE/FaceSwap/GHOST/id26_id29_0004.mp4,FaceSwap/GHOST,id26,id29,0,-3.676334857940674,3.676334857940674,0.0,112.04009246826172,30.0,0.0,0.0,0.0034892456606030464,0.007797800004482269,0.0030001166742295027,0.005390039645135403
CelebDFv3,/root/Datasets/CelebDFv3/CelebDFv3/FAKE/FaceSwap/HifiFace/id26_id29_0003.mp4,FaceSwap/HifiFace,id26,id29,0,-2.6855947971343994,2.6855947971343994,0.0,356.8997497558594,30.0,0.0,0.0,0.006034523248672485,0.007089641876518726,0.0035372828133404255,0.006355118006467819
CelebDFv3,/root/Datasets/CelebDFv3/CelebDFv3/FAKE/FaceSwap/InSwapper/id26_id28_0002.mp4,FaceSwap/InSwapper,id26,id28,0,0.3360426425933838,-0.3360426425933838,0.0,87.94386291503906,30.0,1.0,0.015625,0.006118562072515488,0.0163485836237669,0.003523347433656454,0.006330081261694431
CelebDFv3,/root/Datasets/CelebDFv3/CelebDFv3/FAKE/FaceSwap/MobileFaceSwap/id23_id2_0007.mp4,FaceSwap/MobileFaceSwap,id23,id2,0,-1.681498408317566,1.681498408317566,0.0,146.6693572998047,30.0,0.0,0.0,0.011070171371102333,0.03869100660085678,0.0054922401905059814,0.009635094553232193
CelebDFv3,/root/Datasets/CelebDFv3/CelebDFv3/FAKE/FaceSwap/SimSwap/id31_id6_0006.mp4,FaceSwap/SimSwap,id31,id6,0,-8.20413875579834,8.20413875579834,0.0,215.59625244140625,30.0,1.0,0.03125,0.004863405600190163,0.010994714684784412,0.0038798588793724775,0.006987033877521753
CelebDFv3,/root/Datasets/CelebDFv3/CelebDFv3/FAKE/FaceSwap/UniFace/id26_id24_0001.mp4,FaceSwap/UniFace,id26,id24,0,1.2623071670532227,-1.2623071670532227,0.0,103.03986358642578,30.0,1.0,0.03125,0.014161484315991402,0.01027786172926426,0.0034019898157566786,0.006112049333751202
CelebDFv3,/root/Datasets/CelebDFv3/CelebDFv3/FAKE/TalkingFace/AniTalker/id11_0005_test_id02317_B_Tih3Eph2k.mp4,TalkingFace/AniTalker,id11,,0,-4.409873962402344,4.409873962402344,0.0,126.88956451416016,25.0,0.0,0.0,0.004114917013794184,0.00605785520747304,0.006368623115122318,0.006368623115122318
CelebDFv3,/root/Datasets/CelebDFv3/CelebDFv3/FAKE/TalkingFace/EDTalk/id59_0005_test_id01593__gyaAyVi6SA.mp4,TalkingFace/EDTalk,id59,,0,-2.7637486457824707,2.7637486457824707,0.0,99.48263549804688,25.0,0.0,0.0,0.010949457995593548,0.007989771664142609,0.007636737078428268,0.007636737078428268
CelebDFv3,/root/Datasets/CelebDFv3/CelebDFv3/FAKE/TalkingFace/EchoMimic/id59_0004_test_id04232_AB9fk1MH2rA.mp4,TalkingFace/EchoMimic,id59,,0,-0.851083517074585,0.851083517074585,0.0,313.6416015625,24.0,0.0,0.0,0.005322847981005907,0.014258221723139286,0.0059159621596336365,0.0059159621596336365
CelebDFv3,/root/Datasets/CelebDFv3/CelebDFv3/FAKE/TalkingFace/FLOAT/id54_0000_test_id01593_Clw9yg6Jd34.mp4,TalkingFace/FLOAT,id54,,0,-4.690123558044434,4.690123558044434,0.0,124.99298095703125,25.0,0.0,0.0,0.011295445263385773,0.00860725436359644,0.011759811080992222,0.011759811080992222
CelebDFv3,/root/Datasets/CelebDFv3/CelebDFv3/FAKE/TalkingFace/IP_LAP/id31_0009_test_id00926_TOxtKuoggFI.mp4,TalkingFace/IP_LAP,id31,,0,2.084893226623535,-2.084893226623535,0.0,99.33184814453125,25.0,0.0,0.0,0.0301365964114666,0.004855730105191469,0.006203569937497377,0.006203569937497377
CelebDFv3,/root/Datasets/CelebDFv3/CelebDFv3/FAKE/TalkingFace/Real3DPortrait/id59_0003_test_id03347__NVxlFSjV0I.mp4,TalkingFace/Real3DPortrait,id59,,0,-0.7341450452804565,0.7341450452804565,0.0,347.3601989746094,25.0,0.0,0.0,0.010191062465310097,0.004484558943659067,0.008274940773844719,0.008274940773844719
CelebDFv3,/root/Datasets/CelebDFv3/CelebDFv3/FAKE/TalkingFace/SadTalker/id23_0007_test_id03127_XaxvcU5-eGY.mp4,TalkingFace/SadTalker,id23,,0,4.116152286529541,-4.116152286529541,0.0,415.5810241699219,25.0,0.0,0.0,0.0024906795006245375,0.010900311172008514,0.007234430871903896,0.006808876059949398
CelebDFv3,/root/Datasets/CelebDFv3/CelebDFv3/FAKE/FaceReenact/DaGAN/id51_id54_0005.mp4,FaceReenact/DaGAN,id51,id54,0,-3.603321075439453,3.603321075439453,0.0,153.28602600097656,30.0,0.0,0.0,0.0062200590036809444,0.004895419348031282,0.008679433725774288,0.008679433725774288
CelebDFv3,/root/Datasets/CelebDFv3/CelebDFv3/FAKE/FaceReenact/FSRT/id23_id31_0002.mp4,FaceReenact/FSRT,id23,id31,0,-0.8245845437049866,0.8245845437049866,0.0,106.76127624511719,20.0,1.0,0.0625,0.005159682594239712,0.002697621239349246,0.007556282449513674,0.007556282449513674
CelebDFv3,/root/Datasets/CelebDFv3/CelebDFv3/FAKE/FaceReenact/HyperReenact/id23_id9_0002.mp4,FaceReenact/HyperReenact,id23,id9,0,-1.0095151662826538,1.0095151662826538,0.0,119.79231262207031,25.0,0.0,0.0,0.0033910940401256084,0.00267196586355567,0.005632132291793823,0.005632132291793823
CelebDFv3,/root/Datasets/CelebDFv3/CelebDFv3/FAKE/FaceReenact/LIA/id23_id27_0007.mp4,FaceReenact/LIA,id23,id27,0,6.814218044281006,-6.814218044281006,0.0,192.46315002441406,30.0,0.0,0.0,0.01658077910542488,0.010851158760488033,0.008506180718541145,0.008506180718541145
CelebDFv3,/root/Datasets/CelebDFv3/CelebDFv3/FAKE/FaceReenact/LivePortrait/id31_id23_0000.mp4,FaceReenact/LivePortrait,id31,id23,0,-2.4047603607177734,2.4047603607177734,0.0,97.0499038696289,30.0,1.0,0.234375,0.003011587541550398,0.0014502102276310325,0.002165750600397587,0.0039001863915473223
CelebDFv3,/root/Datasets/CelebDFv3/CelebDFv3/FAKE/FaceReenact/MCNET/id25_id22_0003.mp4,FaceReenact/MCNET,id25,id22,0,2.086038827896118,-2.086038827896118,0.0,142.10548400878906,30.0,1.0,0.265625,0.015381919220089912,0.006084758322685957,0.02027902938425541,0.02027902938425541
CelebDFv3,/root/Datasets/CelebDFv3/CelebDFv3/FAKE/FaceReenact/TPSMM/id23_id19_0009.mp4,FaceReenact/TPSMM,id23,id19,0,3.0425381660461426,-3.0425381660461426,0.0,107.83983612060547,30.0,1.0,0.015625,0.011891497299075127,0.006079161074012518,0.009777514263987541,0.009777514263987541
CelebDFv3,/root/Datasets/CelebDFv3/CelebDFv3/FAKE/FaceSwap/BlendFace/id31_id29_0009.mp4,FaceSwap/BlendFace,id31,id29,0,-0.3183833956718445,0.3183833956718445,0.0,102.86544799804688,30.0,0.0,0.0,0.0023644319735467434,0.004600199870765209,0.0025291957426816225,0.004554695915430784
CelebDFv3,/root/Datasets/CelebDFv3/CelebDFv3/FAKE/FaceSwap/Celeb-DF-v2/id23_id30_0000.mp4,FaceSwap/Celeb-DF-v2,id23,id30,0,1.1174545288085938,-1.1174545288085938,0.0,104.34703826904297,30.0,0.0,0.0,0.001734345220029354,0.0019831317476928234,0.001310321968048811,0.002328849397599697
CelebDFv3,/root/Datasets/CelebDFv3/CelebDFv3/FAKE/FaceSwap/GHOST/id51_id53_0008.mp4,FaceSwap/GHOST,id51,id53,0,-1.5213215351104736,1.5213215351104736,0.0,98.3947525024414,30.0,0.0,0.0,0.004050920717418194,0.004576855804771185,0.004960744641721249,0.008883676491677761
CelebDFv3,/root/Datasets/CelebDFv3/CelebDFv3/FAKE/FaceSwap/HifiFace/id26_id9_0008.mp4,FaceSwap/HifiFace,id26,id9,0,-1.7064687013626099,1.7064687013626099,0.0,123.6954116821289,30.0,0.0,0.0,0.005900608841329813,0.005011353641748428,0.0033427472226321697,0.006087011191993952
CelebDFv3,/root/Datasets/CelebDFv3/CelebDFv3/FAKE/FaceSwap/InSwapper/id51_id54_0005.mp4,FaceSwap/InSwapper,id51,id54,0,-7.168007850646973,7.168007850646973,0.0,135.22071838378906,30.0,0.0,0.0,0.009126604534685612,0.013774399645626545,0.0027379649691283703,0.004903134424239397
CelebDFv3,/root/Datasets/CelebDFv3/CelebDFv3/FAKE/FaceSwap/MobileFaceSwap/id23_id24_0002.mp4,FaceSwap/MobileFaceSwap,id23,id24,0,-0.9807376861572266,0.9807376861572266,0.0,98.58421325683594,30.0,0.0,0.0,0.009135205298662186,0.011213524267077446,0.0034717395901679993,0.006170359905809164
CelebDFv3,/root/Datasets/CelebDFv3/CelebDFv3/FAKE/FaceSwap/SimSwap/id26_id3_0008.mp4,FaceSwap/SimSwap,id26,id3,0,-0.5312907695770264,0.5312907695770264,0.0,118.26683807373047,30.0,0.0,0.0,0.006019097287207842,0.005162419285625219,0.0024707727134227753,0.004499180242419243
CelebDFv3,/root/Datasets/CelebDFv3/CelebDFv3/FAKE/FaceSwap/UniFace/id8_id7_0008.mp4,FaceSwap/UniFace,id8,id7,0,-3.7699127197265625,3.7699127197265625,0.0,122.44803619384766,30.0,0.0,0.0,0.002192293992266059,0.0024658225011080503,0.0009231629082933068,0.001739238970912993
CelebDFv3,/root/Datasets/CelebDFv3/CelebDFv3/FAKE/TalkingFace/AniTalker/id54_0005_test_id03862_QAjCTPnQTOY.mp4,TalkingFace/AniTalker,id54,,0,-3.368744373321533,3.368744373321533,0.0,101.28217315673828,25.0,0.0,0.0,0.011558539234101772,0.007752727251499891,0.007731834892183542,0.007731834892183542
CelebDFv3,/root/Datasets/CelebDFv3/CelebDFv3/FAKE/TalkingFace/EDTalk/id54_0007_test_id06484_4K-ops4JwUA.mp4,TalkingFace/EDTalk,id54,,0,0.31712281703948975,-0.31712281703948975,0.0,129.59710693359375,25.0,0.0,0.0,0.011211889795958996,0.011523259803652763,0.01040779147297144,0.01040779147297144
CelebDFv3,/root/Datasets/CelebDFv3/CelebDFv3/FAKE/TalkingFace/EchoMimic/id56_0001_test_id05055_9wdCne17C3Y.mp4,TalkingFace/EchoMimic,id56,,0,3.0210962295532227,-3.0210962295532227,0.0,104.4877700805664,24.0,0.0,0.0,0.006901177577674389,0.007345100864768028,0.004010011907666922,0.004010011907666922
CelebDFv3,/root/Datasets/CelebDFv3/CelebDFv3/FAKE/TalkingFace/FLOAT/id48_0009_test_id08374_8V4tFXw2UxY.mp4,TalkingFace/FLOAT,id48,,0,-0.22168444097042084,0.22168444097042084,0.0,111.9385757446289,25.0,0.0,0.0,0.010377233847975731,0.008555841632187366,0.007022170349955559,0.007022170349955559
CelebDFv3,/root/Datasets/CelebDFv3/CelebDFv3/FAKE/TalkingFace/IP_LAP/id31_0007_test_id05459_7UxF1t_taDk.mp4,TalkingFace/IP_LAP,id31,,0,0.6626728177070618,-0.6626728177070618,0.0,254.0274200439453,25.0,1.0,0.234375,0.05557685345411301,0.006996843032538891,0.07845831662416458,0.07845831662416458
CelebDFv3,/root/Datasets/CelebDFv3/CelebDFv3/FAKE/TalkingFace/Real3DPortrait/id11_0010_test_id09017_I5fFZuGVAvs.mp4,TalkingFace/Real3DPortrait,id11,,0,-0.06858327984809875,0.06858327984809875,0.0,110.37346649169922,25.0,0.0,0.0,0.009649671614170074,0.004899062681943178,0.004561371169984341,0.004561371169984341
CelebDFv3,/root/Datasets/CelebDFv3/CelebDFv3/FAKE/TalkingFace/SadTalker/id59_0007_test_id04657_yqkK6MUhXgk.mp4,TalkingFace/SadTalker,id59,,0,-1.9537826776504517,1.9537826776504517,0.0,113.10733795166016,25.0,0.0,0.0,0.0027625916991382837,0.0029076174832880497,0.006145616993308067,0.006555324885994196
CelebDFv3,/root/Datasets/CelebDFv3/CelebDFv3/FAKE/FaceReenact/DaGAN/id31_id35_0000.mp4,FaceReenact/DaGAN,id31,id35,0,-1.3345973491668701,1.3345973491668701,0.0,89.15042877197266,30.0,0.0,0.0,0.013508090749382973,0.013333788141608238,0.011369500309228897,0.011369500309228897
CelebDFv3,/root/Datasets/CelebDFv3/CelebDFv3/FAKE/FaceReenact/FSRT/id48_id47_0008.mp4,FaceReenact/FSRT,id48,id47,0,3.516261577606201,-3.516261577606201,0.0,119.1353759765625,20.0,0.0,0.0,0.009437660686671734,0.006333955563604832,0.007024599239230156,0.007024599239230156
CelebDFv3,/root/Datasets/CelebDFv3/CelebDFv3/FAKE/FaceReenact/HyperReenact/id23_id20_0001.mp4,FaceReenact/HyperReenact,id23,id20,0,0.6247659921646118,-0.6247659921646118,0.0,105.97509765625,25.0,0.0,0.0,0.005953088402748108,0.0035792451817542315,0.008199164643883705,0.008199164643883705
CelebDFv3,/root/Datasets/CelebDFv3/CelebDFv3/FAKE/FaceReenact/LIA/id51_id58_0000.mp4,FaceReenact/LIA,id51,id58,0,0.302532434463501,-0.302532434463501,0.0,83.64945983886719,30.0,0.0,0.0,0.022845445200800896,0.008671490475535393,0.014576802961528301,0.014576802961528301
CelebDFv3,/root/Datasets/CelebDFv3/CelebDFv3/FAKE/FaceReenact/LivePortrait/id23_id27_0006.mp4,FaceReenact/LivePortrait,id23,id27,0,2.318207263946533,-2.318207263946533,0.0,120.11619567871094,30.0,1.0,0.015625,0.00819157063961029,0.005030801985412836,0.0035816377494484186,0.00474567012861371
CelebDFv3,/root/Datasets/CelebDFv3/CelebDFv3/FAKE/FaceReenact/MCNET/id8_id9_0003.mp4,FaceReenact/MCNET,id8,id9,0,-2.847498655319214,2.847498655319214,0.0,117.71680450439453,30.0,0.0,0.0,0.00711187394335866,0.006219382397830486,0.006779232062399387,0.006779232062399387
CelebDFv3,/root/Datasets/CelebDFv3/CelebDFv3/FAKE/FaceReenact/TPSMM/id23_id27_0001.mp4,FaceReenact/TPSMM,id23,id27,0,3.9734439849853516,-3.9734439849853516,0.0,111.57543182373047,30.0,0.0,0.0,0.007193357218056917,0.007133432663977146,0.004290872253477573,0.004290872253477573
CelebDFv3,/root/Datasets/CelebDFv3/CelebDFv3/FAKE/FaceSwap/BlendFace/id26_id25_0003.mp4,FaceSwap/BlendFace,id26,id25,0,-4.699169158935547,4.699169158935547,0.0,371.3476867675781,30.0,0.0,0.0,0.005972824990749359,0.006837653461843729,0.0018033108208328485,0.0032398467883467674
CelebDFv3,/root/Datasets/CelebDFv3/CelebDFv3/FAKE/FaceSwap/Celeb-DF-v2/id59_id5_0008.mp4,FaceSwap/Celeb-DF-v2,id59,id5,0,5.298222541809082,-5.298222541809082,0.0,108.62572479248047,30.0,0.0,0.0,0.0013578282669186592,0.00089115125592798,0.0015396414091810584,0.0027571821119636297
CelebDFv3,/root/Datasets/CelebDFv3/CelebDFv3/FAKE/FaceSwap/GHOST/id31_id26_0007.mp4,FaceSwap/GHOST,id31,id26,0,-8.655717849731445,8.655717849731445,0.0,298.704833984375,30.0,0.0,0.0,0.011796286329627037,0.0038978210650384426,0.004888530354946852,0.00880349799990654
CelebDFv3,/root/Datasets/CelebDFv3/CelebDFv3/FAKE/FaceSwap/HifiFace/id31_id33_0000.mp4,FaceSwap/HifiFace,id31,id33,0,0.08561602234840393,-0.08561602234840393,0.0,113.61829376220703,30.0,0.0,0.0,0.00360396527685225,0.006746239494532347,0.0038816151209175587,0.0069901966489851475
CelebDFv3,/root/Datasets/CelebDFv3/CelebDFv3/FAKE/FaceSwap/InSwapper/id51_id58_0002.mp4,FaceSwap/InSwapper,id51,id58,0,-0.6458293199539185,0.6458293199539185,0.0,67.71595764160156,30.0,0.0,0.0,0.006852239836007357,0.01618143543601036,0.004124423488974571,0.0073859975673258305
CelebDFv3,/root/Datasets/CelebDFv3/CelebDFv3/FAKE/FaceSwap/MobileFaceSwap/id11_id7_0003.mp4,FaceSwap/MobileFaceSwap,id11,id7,0,-1.0654149055480957,1.0654149055480957,0.0,156.42550659179688,30.0,0.0,0.0,0.0029181865975260735,0.005378691479563713,0.0020272890105843544,0.0038518491201102734
CelebDFv3,/root/Datasets/CelebDFv3/CelebDFv3/FAKE/FaceSwap/SimSwap/id23_id0_0006.mp4,FaceSwap/SimSwap,id23,id0,0,3.6135449409484863,-3.6135449409484863,0.0,130.4998016357422,30.0,0.0,0.0,0.006061837077140808,0.0035323321353644133,0.0019512830767780542,0.002585449954494834
CelebDFv3,/root/Datasets/CelebDFv3/CelebDFv3/FAKE/FaceSwap/UniFace/id56_id52_0001.mp4,FaceSwap/UniFace,id56,id52,0,-0.9541645050048828,0.9541645050048828,0.0,110.87401580810547,30.0,0.0,0.0,0.003373702522367239,0.008457573130726814,0.002643822692334652,0.004734544083476067
CelebDFv3,/root/Datasets/CelebDFv3/CelebDFv3/FAKE/TalkingFace/AniTalker/id31_0009_test_id09017_rINrNM431yc.mp4,TalkingFace/AniTalker,id31,,0,1.5672852993011475,-1.5672852993011475,0.0,118.85783386230469,25.0,0.0,0.0,0.005393444560468197,0.006905555259436369,0.005936980713158846,0.005936980713158846
CelebDFv3,/root/Datasets/CelebDFv3/CelebDFv3/FAKE/TalkingFace/EDTalk/id23_0001_test_id07961_Q7QhiPMMMVA.mp4,TalkingFace/EDTalk,id23,,0,0.1503744274377823,-0.1503744274377823,0.0,113.83304595947266,25.0,0.0,0.0,0.012295495718717575,0.011579254642128944,0.007609482388943434,0.007609482388943434
CelebDFv3,/root/Datasets/CelebDFv3/CelebDFv3/FAKE/TalkingFace/EchoMimic/id51_0002_test_id03862_znMGUBKuVsI.mp4,TalkingFace/EchoMimic,id51,,0,-2.852529525756836,2.852529525756836,0.0,106.13240814208984,24.0,0.0,0.0,0.0036340532824397087,0.006032515317201614,0.00597285246476531,0.00597285246476531
CelebDFv3,/root/Datasets/CelebDFv3/CelebDFv3/FAKE/TalkingFace/FLOAT/id59_0006_test_id04657_dn4XY5c6mEw.mp4,TalkingFace/FLOAT,id59,,0,4.726044178009033,-4.726044178009033,0.0,100.29588317871094,25.0,0.0,0.0,0.011032556183636189,0.010362622328102589,0.007188813760876656,0.007188813760876656
CelebDFv3,/root/Datasets/CelebDFv3/CelebDFv3/FAKE/TalkingFace/IP_LAP/id8_0006_test_id04657__k6cgeecD88.mp4,TalkingFace/IP_LAP,id8,,0,-0.18208187818527222,0.18208187818527222,0.0,129.4725799560547,25.0,0.0,0.0,0.007995974272489548,0.018610788509249687,0.011342703364789486,0.011342703364789486
CelebDFv3,/root/Datasets/CelebDFv3/CelebDFv3/FAKE/TalkingFace/Real3DPortrait/id31_0006_test_id05654_lgnVNGGeF7E.mp4,TalkingFace/Real3DPortrait,id31,,0,-1.5565431118011475,1.5565431118011475,0.0,187.45846557617188,25.0,1.0,0.28125,0.006638067774474621,0.004164755344390869,0.013527372851967812,0.013527372851967812
CelebDFv3,/root/Datasets/CelebDFv3/CelebDFv3/FAKE/TalkingFace/SadTalker/id11_0007_test_id05055_g-9k9_PcxVY.mp4,TalkingFace/SadTalker,id11,,0,-8.152023315429688,8.152023315429688,0.0,113.98983001708984,25.0,0.0,0.0,0.004569666460156441,0.010638665407896042,0.008705449290573597,0.008705449290573597
CelebDFv3,/root/Datasets/CelebDFv3/CelebDFv3/FAKE/FaceReenact/DaGAN/id23_id19_0002.mp4,FaceReenact/DaGAN,id23,id19,0,-2.6789257526397705,2.6789257526397705,0.0,103.77845764160156,30.0,1.0,0.109375,0.011139550246298313,0.00914597138762474,0.013561445288360119,0.013561445288360119
CelebDFv3,/root/Datasets/CelebDFv3/CelebDFv3/FAKE/FaceReenact/FSRT/id31_id32_0001.mp4,FaceReenact/FSRT,id31,id32,0,-0.9357366561889648,0.9357366561889648,0.0,132.21632385253906,20.0,0.0,0.0,0.01993432641029358,0.013006515800952911,0.007761404849588871,0.007761404849588871
CelebDFv3,/root/Datasets/CelebDFv3/CelebDFv3/FAKE/FaceReenact/HyperReenact/id54_id49_0008.mp4,FaceReenact/HyperReenact,id54,id49,0,-1.3658497333526611,1.3658497333526611,0.0,114.50346374511719,25.0,0.0,0.0,0.004219138994812965,0.001780877122655511,0.004337293561547995,0.004337293561547995
CelebDFv3,/root/Datasets/CelebDFv3/CelebDFv3/FAKE/FaceReenact/LIA/id31_id33_0006.mp4,FaceReenact/LIA,id31,id33,0,-2.0847983360290527,2.0847983360290527,0.0,144.49490356445312,30.0,0.0,0.0,0.016559768468141556,0.00551223661750555,0.009803489781916142,0.009803489781916142
CelebDFv3,/root/Datasets/CelebDFv3/CelebDFv3/FAKE/FaceReenact/LivePortrait/id31_id33_0009.mp4,FaceReenact/LivePortrait,id31,id33,0,-1.2435736656188965,1.2435736656188965,0.0,102.98893737792969,30.0,1.0,0.0625,0.0063099609687924385,0.011999362148344517,0.006776908412575722,0.012204178608953953
CelebDFv3,/root/Datasets/CelebDFv3/CelebDFv3/FAKE/FaceReenact/MCNET/id26_id33_0006.mp4,FaceReenact/MCNET,id26,id33,0,-0.7656152248382568,0.7656152248382568,0.0,248.75013732910156,30.0,1.0,0.421875,0.00980282761156559,0.007672571111470461,0.012185424566268921,0.012185424566268921
CelebDFv3,/root/Datasets/CelebDFv3/CelebDFv3/FAKE/FaceReenact/TPSMM/id11_id7_0006.mp4,FaceReenact/TPSMM,id11,id7,0,2.4042906761169434,-2.4042906761169434,0.0,102.05029296875,30.0,0.0,0.0,0.045942164957523346,0.013876091688871384,0.01787724532186985,0.01787724532186985
CelebDFv3,/root/Datasets/CelebDFv3/CelebDFv3/FAKE/FaceSwap/BlendFace/id48_id45_0005.mp4,FaceSwap/BlendFace,id48,id45,0,2.373030185699463,-2.373030185699463,0.0,132.4277801513672,30.0,0.0,0.0,0.0009538572048768401,0.002041249768808484,0.0011076692026108503,0.001977980602532625
CelebDFv3,/root/Datasets/CelebDFv3/CelebDFv3/FAKE/FaceSwap/Celeb-DF-v2/id23_id25_0006.mp4,FaceSwap/Celeb-DF-v2,id23,id25,0,1.2019044160842896,-1.2019044160842896,0.0,129.7125244140625,30.0,0.0,0.0,0.008010483346879482,0.003322717035189271,0.003134957980364561,0.004153819289058447
CelebDFv3,/root/Datasets/CelebDFv3/CelebDFv3/FAKE/FaceSwap/GHOST/id31_id6_0005.mp4,FaceSwap/GHOST,id31,id6,0,1.5859928131103516,-1.5859928131103516,0.0,122.45115661621094,30.0,0.0,0.0,0.005313985515385866,0.0044087814167141914,0.0036602579057216644,0.006591566372662783
CelebDFv3,/root/Datasets/CelebDFv3/CelebDFv3/FAKE/FaceSwap/HifiFace/id23_id1_0002.mp4,FaceSwap/HifiFace,id23,id1,0,-2.9445929527282715,2.9445929527282715,0.0,96.1500015258789,30.0,0.0,0.0,0.008984577842056751,0.011453158222138882,0.004174282308667898,0.007418998051434755
CelebDFv3,/root/Datasets/CelebDFv3/CelebDFv3/FAKE/FaceSwap/InSwapper/id23_id20_0007.mp4,FaceSwap/InSwapper,id23,id20,0,-2.922445774078369,2.922445774078369,0.0,149.1396942138672,30.0,0.0,0.0,0.010477002710103989,0.024633808061480522,0.00535139674320817,0.009388010948896408
CelebDFv3,/root/Datasets/CelebDFv3/CelebDFv3/FAKE/FaceSwap/MobileFaceSwap/id23_id29_0007.mp4,FaceSwap/MobileFaceSwap,id23,id29,0,-1.2869502305984497,1.2869502305984497,0.0,155.43267822265625,30.0,0.0,0.0,0.00964360125362873,0.0357305146753788,0.005377711728215218,0.009434174746274948
CelebDFv3,/root/Datasets/CelebDFv3/CelebDFv3/FAKE/FaceSwap/SimSwap/id26_id37_0003.mp4,FaceSwap/SimSwap,id26,id37,0,2.077206611633301,-2.077206611633301,0.0,348.5261535644531,30.0,0.0,0.0,0.006017995998263359,0.006503941956907511,0.0018139710882678628,0.0032589989714324474
CelebDFv3,/root/Datasets/CelebDFv3/CelebDFv3/FAKE/FaceSwap/UniFace/id23_id27_0001.mp4,FaceSwap/UniFace,id23,id27,0,1.2713624238967896,-1.2713624238967896,0.0,111.41925048828125,30.0,0.0,0.0,0.002220951719209552,0.0034232905600219965,0.0018523113103583455,0.0032921331003308296
CelebDFv3,/root/Datasets/CelebDFv3/CelebDFv3/FAKE/TalkingFace/AniTalker/id31_0003_test_id01333_gujKn7v2CJg.mp4,TalkingFace/AniTalker,id31,,0,-5.9681806564331055,5.9681806564331055,0.0,132.4480743408203,25.0,0.0,0.0,0.0058261314406991005,0.009535870514810085,0.013830681331455708,0.013830681331455708
CelebDFv3,/root/Datasets/CelebDFv3/CelebDFv3/FAKE/TalkingFace/EDTalk/id11_0005_test_id05654_6UV8K4t_6Xw.mp4,TalkingFace/EDTalk,id11,,0,-2.7790355682373047,2.7790355682373047,0.0,107.97512817382812,25.0,0.0,0.0,0.014231335371732712,0.00839117169380188,0.007221002131700516,0.007221002131700516
CelebDFv3,/root/Datasets/CelebDFv3/CelebDFv3/FAKE/TalkingFace/EchoMimic/id11_0000_test_id08696_w3hl-OW_TVI.mp4,TalkingFace/EchoMimic,id11,,0,3.653879165649414,-3.653879165649414,0.0,102.96146392822266,24.0,0.0,0.0,0.012144096195697784,0.010503249242901802,0.005353706888854504,0.005353706888854504
CelebDFv3,/root/Datasets/CelebDFv3/CelebDFv3/FAKE/TalkingFace/FLOAT/id48_0003_test_id02542_gMKSu2wZpAA.mp4,TalkingFace/FLOAT,id48,,0,-6.245398998260498,6.245398998260498,0.0,114.57987213134766,25.0,0.0,0.0,0.014925509691238403,0.005021960474550724,0.014874625019729137,0.014874625019729137
CelebDFv3,/root/Datasets/CelebDFv3/CelebDFv3/FAKE/TalkingFace/IP_LAP/id59_0005_test_id08392_V2DQaPnQhBs.mp4,TalkingFace/IP_LAP,id59,,0,-0.5186846852302551,0.5186846852302551,0.0,108.7306900024414,25.0,0.0,0.0,0.008806626312434673,0.0036517521366477013,0.005097703542560339,0.005097703542560339
CelebDFv3,/root/Datasets/CelebDFv3/CelebDFv3/FAKE/TalkingFace/Real3DPortrait/id23_0006_test_id02542_X1EwhLOXzpM.mp4,TalkingFace/Real3DPortrait,id23,,0,14.74059772491455,-14.74059772491455,0.0,105.37444305419922,25.0,0.0,0.0,0.009475651197135448,0.005378905218094587,0.005652339197695255,0.005652339197695255
CelebDFv3,/root/Datasets/CelebDFv3/CelebDFv3/FAKE/TalkingFace/SadTalker/id25_0007_test_id00926_daYw42Tsdgs.mp4,TalkingFace/SadTalker,id25,,0,-0.18956393003463745,0.18956393003463745,0.0,159.81588745117188,25.0,0.0,0.0,0.0019257155945524573,0.0072284541092813015,0.004332480486482382,0.004332480486482382
CelebDFv3,/root/Datasets/CelebDFv3/CelebDFv3/FAKE/FaceReenact/DaGAN/id22_id25_0006.mp4,FaceReenact/DaGAN,id22,id25,0,6.638869285583496,-6.638869285583496,0.0,133.08985900878906,30.0,0.0,0.0,0.002196419984102249,0.00475260429084301,0.005328754894435406,0.005328754894435406
CelebDFv3,/root/Datasets/CelebDFv3/CelebDFv3/FAKE/FaceReenact/FSRT/id23_id30_0000.mp4,FaceReenact/FSRT,id23,id30,0,4.585953235626221,-4.585953235626221,0.0,98.25603485107422,20.0,1.0,0.0625,0.014362399466335773,0.0071150013245642185,0.0071746245957911015,0.0071746245957911015
CelebDFv3,/root/Datasets/CelebDFv3/CelebDFv3/FAKE/FaceReenact/HyperReenact/id23_id2_0006.mp4,FaceReenact/HyperReenact,id23,id2,0,4.004673004150391,-4.004673004150391,0.0,142.13174438476562,25.0,0.0,0.0,0.006785627454519272,0.002948744222521782,0.006313451565802097,0.006313451565802097
CelebDFv3,/root/Datasets/CelebDFv3/CelebDFv3/FAKE/FaceReenact/LIA/id23_id22_0009.mp4,FaceReenact/LIA,id23,id22,0,4.799695014953613,-4.799695014953613,0.0,97.75265502929688,30.0,1.0,0.046875,0.018808875232934952,0.01750938594341278,0.02739395573735237,0.02739395573735237
CelebDFv3,/root/Datasets/CelebDFv3/CelebDFv3/FAKE/FaceReenact/LivePortrait/id23_id3_0002.mp4,FaceReenact/LivePortrait,id23,id3,0,-1.6961830854415894,1.6961830854415894,0.0,94.44212341308594,30.0,1.0,0.015625,0.015420139767229557,0.01913590542972088,0.017194349318742752,0.030559705570340157
CelebDFv3,/root/Datasets/CelebDFv3/CelebDFv3/FAKE/FaceReenact/MCNET/id23_id30_0003.mp4,FaceReenact/MCNET,id23,id30,0,0.8710346221923828,-0.8710346221923828,0.0,103.73918151855469,30.0,0.0,0.0,0.017176983878016472,0.015144686214625835,0.006508748512715101,0.006508748512715101
CelebDFv3,/root/Datasets/CelebDFv3/CelebDFv3/FAKE/FaceReenact/TPSMM/id56_id57_0001.mp4,FaceReenact/TPSMM,id56,id57,0,1.9390755891799927,-1.9390755891799927,0.0,91.39936065673828,30.0,0.0,0.0,0.015069490298628807,0.006425025407224894,0.007691788487136364,0.007691788487136364
CelebDFv3,/root/Datasets/CelebDFv3/CelebDFv3/FAKE/FaceSwap/BlendFace/id22_id23_0006.mp4,FaceSwap/BlendFace,id22,id23,0,4.9617509841918945,-4.9617509841918945,0.0,135.60699462890625,30.0,0.0,0.0,0.0031060604378581047,0.0031872079707682133,0.0013848838862031698,0.0024613693822175264
CelebDFv3,/root/Datasets/CelebDFv3/CelebDFv3/FAKE/FaceSwap/Celeb-DF-v2/id26_id3_0002.mp4,FaceSwap/Celeb-DF-v2,id26,id3,0,2.892676830291748,-2.892676830291748,0.0,85.81646728515625,30.0,0.0,0.0,0.006353562697768211,0.016272449865937233,0.0034484639763832092,0.006195545196533203
CelebDFv3,/root/Datasets/CelebDFv3/CelebDFv3/FAKE/FaceSwap/GHOST/id51_id58_0004.mp4,FaceSwap/GHOST,id51,id58,0,-1.8393433094024658,1.8393433094024658,0.0,96.11320495605469,29.0,1.0,0.15625,0.007707665674388409,0.012687166221439838,0.005685414187610149,0.010181411169469357
CelebDFv3,/root/Datasets/CelebDFv3/CelebDFv3/FAKE/FaceSwap/HifiFace/id26_id32_0001.mp4,FaceSwap/HifiFace,id26,id32,0,2.011989116668701,-2.011989116668701,0.0,103.7844009399414,30.0,1.0,0.046875,0.019360411912202835,0.016018126159906387,0.004152833018451929,0.007461021654307842
CelebDFv3,/root/Datasets/CelebDFv3/CelebDFv3/FAKE/FaceSwap/InSwapper/id23_id29_0006.mp4,FaceSwap/InSwapper,id23,id29,0,1.24469792842865,-1.24469792842865,0.0,129.7603759765625,30.0,0.0,0.0,0.00839992705732584,0.0035480139777064323,0.0034450525417923927,0.004564695060253143
CelebDFv3,/root/Datasets/CelebDFv3/CelebDFv3/FAKE/FaceSwap/MobileFaceSwap/id26_id29_0009.mp4,FaceSwap/MobileFaceSwap,id26,id29,0,2.9797098636627197,-2.9797098636627197,0.0,183.62533569335938,30.0,0.0,0.0,0.012844021432101727,0.010337723419070244,0.005186190828680992,0.009443849325180054
CelebDFv3,/root/Datasets/CelebDFv3/CelebDFv3/FAKE/FaceSwap/SimSwap/id54_id56_0008.mp4,FaceSwap/SimSwap,id54,id56,0,-0.5232231616973877,0.5232231616973877,0.0,119.53853607177734,30.0,0.0,0.0,0.0020179622806608677,0.0034416979178786278,0.0019510792335495353,0.0034939832985401154
CelebDFv3,/root/Datasets/CelebDFv3/CelebDFv3/FAKE/FaceSwap/UniFace/id23_id33_0002.mp4,FaceSwap/UniFace,id23,id33,0,-4.258223533630371,4.258223533630371,0.0,96.1789779663086,30.0,0.0,0.0,0.008965970017015934,0.011249671690165997,0.004707513377070427,0.008366714231669903
CelebDFv3,/root/Datasets/CelebDFv3/CelebDFv3/FAKE/TalkingFace/AniTalker/id25_0002_test_id03524_cxnnKLQYemo.mp4,TalkingFace/AniTalker,id25,,0,3.702775478363037,-3.702775478363037,0.0,128.1163330078125,25.0,0.0,0.0,0.0036155814304947853,0.0035827145911753178,0.005169525742530823,0.005169525742530823
CelebDFv3,/root/Datasets/CelebDFv3/CelebDFv3/FAKE/TalkingFace/EDTalk/id51_0005_test_id01509_I6T7sh7T2lU.mp4,TalkingFace/EDTalk,id51,,0,0.9444139003753662,-0.9444139003753662,0.0,111.57240295410156,25.0,0.0,0.0,0.010655553080141544,0.008953214623034,0.007276393473148346,0.007276393473148346
CelebDFv3,/root/Datasets/CelebDFv3/CelebDFv3/FAKE/TalkingFace/EchoMimic/id8_0007_test_id00562_6J0PC3tcSh8.mp4,TalkingFace/EchoMimic,id8,,0,-4.4018940925598145,4.4018940925598145,0.0,161.5586395263672,24.0,0.0,0.0,0.0014808919513598084,0.003791233291849494,0.005246689543128014,0.005246689543128014
CelebDFv3,/root/Datasets/CelebDFv3/CelebDFv3/FAKE/TalkingFace/FLOAT/id25_0002_test_id03524_cxnnKLQYemo.mp4,TalkingFace/FLOAT,id25,,0,-2.1157851219177246,2.1157851219177246,0.0,132.3095245361328,25.0,0.0,0.0,0.014277859590947628,0.008068296127021313,0.01120739709585905,0.01120739709585905
CelebDFv3,/root/Datasets/CelebDFv3/CelebDFv3/FAKE/TalkingFace/IP_LAP/id26_0000_test_id01593_Clw9yg6Jd34.mp4,TalkingFace/IP_LAP,id26,,0,4.284736156463623,-4.284736156463623,0.0,144.50645446777344,25.0,0.0,0.0,0.0036931862123310566,0.0018827874446287751,0.0052255308255553246,0.0052255308255553246
CelebDFv3,/root/Datasets/CelebDFv3/CelebDFv3/FAKE/TalkingFace/Real3DPortrait/id23_0005_test_id06310_MNZMZ6ChMZQ.mp4,TalkingFace/Real3DPortrait,id23,,0,4.583334922790527,-4.583334922790527,0.0,103.01365661621094,25.0,0.0,0.0,0.012449163012206554,0.00695456750690937,0.006389417685568333,0.006389417685568333
CelebDFv3,/root/Datasets/CelebDFv3/CelebDFv3/FAKE/TalkingFace/SadTalker/id56_0002_test_id08696_1GdGZIP2kb4.mp4,TalkingFace/SadTalker,id56,,0,-0.9464621543884277,0.9464621543884277,0.0,102.16187286376953,25.0,0.0,0.0,0.0025652116164565086,0.005622080527245998,0.005716537591069937,0.005716537591069937
CelebDFv3,/root/Datasets/CelebDFv3/CelebDFv3/FAKE/FaceReenact/DaGAN/id31_id38_0009.mp4,FaceReenact/DaGAN,id31,id38,0,2.314736843109131,-2.314736843109131,0.0,94.48617553710938,30.0,0.0,0.0,0.03765018656849861,0.01563696563243866,0.03929010033607483,0.03929010033607483
CelebDFv3,/root/Datasets/CelebDFv3/CelebDFv3/FAKE/FaceReenact/FSRT/id56_id57_0008.mp4,FaceReenact/FSRT,id56,id57,0,4.5808796882629395,-4.5808796882629395,0.0,97.99055480957031,20.0,0.0,0.0,0.011137965135276318,0.006988276727497578,0.007332534529268742,0.007332534529268742
CelebDFv3,/root/Datasets/CelebDFv3/CelebDFv3/FAKE/FaceReenact/HyperReenact/id56_id55_0001.mp4,FaceReenact/HyperReenact,id56,id55,0,0.62613844871521,-0.62613844871521,0.0,97.08301544189453,25.0,0.0,0.0,0.004612680058926344,0.0022889352403581142,0.004387160297483206,0.004387160297483206
CelebDFv3,/root/Datasets/CelebDFv3/CelebDFv3/FAKE/FaceReenact/LIA/id31_id1_0007.mp4,FaceReenact/LIA,id31,id1,0,-9.440553665161133,9.440553665161133,0.0,332.3023986816406,30.0,1.0,0.640625,0.033546559512615204,0.0027585853822529316,0.0372341126203537,0.0372341126203537
CelebDFv3,/root/Datasets/CelebDFv3/CelebDFv3/FAKE/FaceReenact/LivePortrait/id25_id28_0002.mp4,FaceReenact/LivePortrait,id25,id28,0,-6.316102504730225,6.316102504730225,0.0,144.97267150878906,30.0,0.0,0.0,0.0025577787309885025,0.003371789352968335,0.0021318502258509398,0.003839137265458703
CelebDFv3,/root/Datasets/CelebDFv3/CelebDFv3/FAKE/FaceReenact/MCNET/id26_id29_0004.mp4,FaceReenact/MCNET,id26,id29,0,-1.674924373626709,1.674924373626709,0.0,93.34640502929688,30.0,0.0,0.0,0.013069802895188332,0.008095817640423775,0.007896372117102146,0.007896372117102146
CelebDFv3,/root/Datasets/CelebDFv3/CelebDFv3/FAKE/FaceReenact/TPSMM/id8_id3_0002.mp4,FaceReenact/TPSMM,id8,id3,0,-0.2250846028327942,0.2250846028327942,0.0,109.4935531616211,30.0,0.0,0.0,0.025587180629372597,0.013177610002458096,0.007686201483011246,0.007686201483011246
CelebDFv3,/root/Datasets/CelebDFv3/CelebDFv3/FAKE/FaceSwap/BlendFace/id26_id17_0006.mp4,FaceSwap/BlendFace,id26,id17,0,-1.1889365911483765,1.1889365911483765,0.0,241.074951171875,30.0,1.0,0.03125,0.014944793656468391,0.005042554344981909,0.00357591244392097,0.006511596031486988
CelebDFv3,/root/Datasets/CelebDFv3/CelebDFv3/FAKE/FaceSwap/Celeb-DF-v2/id31_id33_0004.mp4,FaceSwap/Celeb-DF-v2,id31,id33,0,1.1014846563339233,-1.1014846563339233,0.0,164.2433624267578,30.0,0.0,0.0,0.004938970319926739,0.0031714553479105234,0.0021790312603116035,0.003924102988094091
CelebDFv3,/root/Datasets/CelebDFv3/CelebDFv3/FAKE/FaceSwap/GHOST/id25_id28_0005.mp4,FaceSwap/GHOST,id25,id28,0,-0.5569321513175964,0.5569321513175964,0.0,86.80049896240234,30.0,0.0,0.0,0.011818885803222656,0.0034141181968152523,0.0028665349818766117,0.004253937862813473
CelebDFv3,/root/Datasets/CelebDFv3/CelebDFv3/FAKE/FaceSwap/HifiFace/id26_id32_0006.mp4,FaceSwap/HifiFace,id26,id32,0,-1.9631812572479248,1.9631812572479248,0.0,244.29360961914062,30.0,1.0,0.0625,0.01530899666249752,0.004786765202879906,0.006224541924893856,0.011334646493196487
CelebDFv3,/root/Datasets/CelebDFv3/CelebDFv3/FAKE/FaceSwap/InSwapper/id31_id33_0009.mp4,FaceSwap/InSwapper,id31,id33,0,0.6017926335334778,-0.6017926335334778,0.0,100.48321533203125,30.0,0.0,0.0,0.006394353695213795,0.005481187254190445,0.004316721111536026,0.007773756980895996
CelebDFv3,/root/Datasets/CelebDFv3/CelebDFv3/FAKE/FaceSwap/MobileFaceSwap/id48_id47_0008.mp4,FaceSwap/MobileFaceSwap,id48,id47,0,-0.5026304721832275,0.5026304721832275,0.0,120.89176177978516,30.0,0.0,0.0,0.002665712032467127,0.0025633294135332108,0.002044025342911482,0.0020358492620289326
CelebDFv3,/root/Datasets/CelebDFv3/CelebDFv3/FAKE/FaceSwap/SimSwap/id11_id7_0009.mp4,FaceSwap/SimSwap,id11,id7,0,-1.1305334568023682,1.1305334568023682,0.0,106.16724395751953,30.0,0.0,0.0,0.002159776631742716,0.002791734877973795,0.0009548288653604686,0.00181417481508106
CelebDFv3,/root/Datasets/CelebDFv3/CelebDFv3/FAKE/FaceSwap/UniFace/id23_id28_0006.mp4,FaceSwap/UniFace,id23,id28,0,1.4792811870574951,-1.4792811870574951,0.0,133.45571899414062,30.0,0.0,0.0,0.00626706937327981,0.0033775130286812782,0.001938155386596918,0.002568056108430028
CelebDFv3,/root/Datasets/CelebDFv3/CelebDFv3/FAKE/TalkingFace/AniTalker/id25_0009_test_id05124_1HAXGOri_x0.mp4,TalkingFace/AniTalker,id25,,0,-4.168105125427246,4.168105125427246,0.0,120.30815887451172,25.0,0.0,0.0,0.0039436230435967445,0.005348990671336651,0.004707389511168003,0.004707389511168003
CelebDFv3,/root/Datasets/CelebDFv3/CelebDFv3/FAKE/TalkingFace/EDTalk/id51_0009_test_id04094_XXOtyg4RxTE.mp4,TalkingFace/EDTalk,id51,,0,-0.015159673988819122,0.015159673988819122,0.0,102.91213989257812,25.0,0.0,0.0,0.009400526061654091,0.009595837444067001,0.005201277323067188,0.005201277323067188
CelebDFv3,/root/Datasets/CelebDFv3/CelebDFv3/FAKE/TalkingFace/EchoMimic/id22_0003_test_id02317_YCBadU0v3AE.mp4,TalkingFace/EchoMimic,id22,,0,7.382495403289795,-7.382495403289795,0.0,217.44485473632812,24.0,0.0,0.0,0.010628650896251202,0.010682109743356705,0.009532899595797062,0.009532899595797062
CelebDFv3,/root/Datasets/CelebDFv3/CelebDFv3/FAKE/TalkingFace/FLOAT/id22_0009_test_id00562_0Zh6t-f8MsY.mp4,TalkingFace/FLOAT,id22,,0,-3.3170275688171387,3.3170275688171387,0.0,124.08082580566406,25.0,0.0,0.0,0.01574971154332161,0.007367212790995836,0.006900452077388763,0.006900452077388763
CelebDFv3,/root/Datasets/CelebDFv3/CelebDFv3/FAKE/TalkingFace/IP_LAP/id48_0005_test_id04006__bENbO3pwL0.mp4,TalkingFace/IP_LAP,id48,,0,0.6599535942077637,-0.6599535942077637,0.0,135.5764923095703,25.0,0.0,0.0,0.005237576086074114,0.003949682228267193,0.00480810459703207,0.00480810459703207
CelebDFv3,/root/Datasets/CelebDFv3/CelebDFv3/FAKE/TalkingFace/Real3DPortrait/id54_0008_test_id08456_ajf9MieCX4k.mp4,TalkingFace/Real3DPortrait,id54,,0,5.633256912231445,-5.633256912231445,0.0,123.20378875732422,25.0,0.0,0.0,0.011607718653976917,0.004504094831645489,0.0036697580944746733,0.0036697580944746733
CelebDFv3,/root/Datasets/CelebDFv3/CelebDFv3/FAKE/TalkingFace/SadTalker/id8_0002_test_id03524_2DD4Np7SaWw.mp4,TalkingFace/SadTalker,id8,,0,-2.257946491241455,2.257946491241455,0.0,136.66073608398438,25.0,0.0,0.0,0.0020469119772315025,0.0073905205354094505,0.004572365432977676,0.004572365432977676
CelebDFv3,/root/Datasets/CelebDFv3/CelebDFv3/FAKE/FaceReenact/DaGAN/id23_id27_0006.mp4,FaceReenact/DaGAN,id23,id27,0,7.883345603942871,-7.883345603942871,0.0,97.94340515136719,30.0,0.0,0.0,0.014693321660161018,0.011402349919080734,0.00947531871497631,0.00947531871497631
CelebDFv3,/root/Datasets/CelebDFv3/CelebDFv3/FAKE/FaceReenact/FSRT/id26_id17_0006.mp4,FaceReenact/FSRT,id26,id17,0,2.4803545475006104,-2.4803545475006104,0.0,252.44760131835938,20.0,1.0,0.03125,0.03235442191362381,0.014617376960814,0.015450994484126568,0.015450994484126568
CelebDFv3,/root/Datasets/CelebDFv3/CelebDFv3/FAKE/FaceReenact/HyperReenact/id26_id32_0006.mp4,FaceReenact/HyperReenact,id26,id32,0,1.342099905014038,-1.342099905014038,0.0,163.70968627929688,25.0,0.0,0.0,0.005748407915234566,0.0061869234777987,0.009341813623905182,0.009341813623905182
CelebDFv3,/root/Datasets/CelebDFv3/CelebDFv3/FAKE/FaceReenact/LIA/id51_id58_0004.mp4,FaceReenact/LIA,id51,id58,0,-0.9853647947311401,0.9853647947311401,0.0,108.90203857421875,30.0,1.0,0.15625,0.03067752905189991,0.03029017522931099,0.024458538740873337,0.024458538740873337
CelebDFv3,/root/Datasets/CelebDFv3/CelebDFv3/FAKE/FaceReenact/LivePortrait/id48_id47_0002.mp4,FaceReenact/LivePortrait,id48,id47,0,0.08563470840454102,-0.08563470840454102,0.0,89.37386322021484,30.0,1.0,0.21875,0.003795116674154997,0.00982308853417635,0.004230380989611149,0.00755425076931715
CelebDFv3,/root/Datasets/CelebDFv3/CelebDFv3/FAKE/FaceReenact/MCNET/id26_id25_0004.mp4,FaceReenact/MCNET,id26,id25,0,-0.561265766620636,0.561265766620636,0.0,103.40158081054688,30.0,0.0,0.0,0.01583310030400753,0.00881409551948309,0.0059486497193574905,0.0059486497193574905
CelebDFv3,/root/Datasets/CelebDFv3/CelebDFv3/FAKE/FaceReenact/TPSMM/id31_id20_0002.mp4,FaceReenact/TPSMM,id31,id20,0,-0.3522193133831024,0.3522193133831024,0.0,114.64810180664062,30.0,1.0,0.1875,0.024352621287107468,0.011387435719370842,0.03367435559630394,0.03367435559630394
CelebDFv3,/root/Datasets/CelebDFv3/CelebDFv3/FAKE/FaceSwap/BlendFace/id56_id49_0006.mp4,FaceSwap/BlendFace,id56,id49,0,0.07330289483070374,-0.07330289483070374,0.0,83.72276306152344,30.0,0.0,0.0,0.004189535975456238,0.00501009589061141,0.0019127553096041083,0.0034253522753715515
CelebDFv3,/root/Datasets/CelebDFv3/CelebDFv3/FAKE/FaceSwap/Celeb-DF-v2/id56_id54_0005.mp4,FaceSwap/Celeb-DF-v2,id56,id54,0,-1.5427579879760742,1.5427579879760742,0.0,95.30341339111328,29.899993896484375,0.0,0.0,0.0016706724418327212,0.0036099939607083797,0.0009952791733667254,0.001782340812496841
CelebDFv3,/root/Datasets/CelebDFv3/CelebDFv3/FAKE/FaceSwap/GHOST/id22_id23_0006.mp4,FaceSwap/GHOST,id22,id23,0,3.525595188140869,-3.525595188140869,0.0,137.76861572265625,30.0,0.0,0.0,0.0031659435480833054,0.003153130179271102,0.0018018296686932445,0.0032024115789681673
CelebDFv3,/root/Datasets/CelebDFv3/CelebDFv3/FAKE/FaceSwap/HifiFace/id11_id7_0000.mp4,FaceSwap/HifiFace,id11,id7,0,-1.4822165966033936,1.4822165966033936,0.0,79.84760284423828,30.0,1.0,0.15625,0.0034954925067722797,0.003811125410720706,0.004357322119176388,0.0039215898141264915
CelebDFv3,/root/Datasets/CelebDFv3/CelebDFv3/FAKE/FaceSwap/InSwapper/id23_id20_0002.mp4,FaceSwap/InSwapper,id23,id20,0,-3.1699414253234863,3.1699414253234863,0.0,96.25786590576172,30.0,0.0,0.0,0.009326465427875519,0.011213398538529873,0.004014050588011742,0.007134216371923685
CelebDFv3,/root/Datasets/CelebDFv3/CelebDFv3/FAKE/FaceSwap/MobileFaceSwap/id26_id17_0000.mp4,FaceSwap/MobileFaceSwap,id26,id17,0,4.119384288787842,-4.119384288787842,0.0,159.22386169433594,30.0,0.0,0.0,0.0021857765968889,0.00159082084428519,0.0024452675133943558,0.004393192008137703
CelebDFv3,/root/Datasets/CelebDFv3/CelebDFv3/FAKE/FaceSwap/SimSwap/id54_id57_0006.mp4,FaceSwap/SimSwap,id54,id57,0,-1.04867422580719,1.04867422580719,0.0,168.55697631835938,30.0,0.0,0.0,0.005062413401901722,0.009081517346203327,0.003942454233765602,0.007060127332806587
CelebDFv3,/root/Datasets/CelebDFv3/CelebDFv3/FAKE/FaceSwap/UniFace/id31_id29_0001.mp4,FaceSwap/UniFace,id31,id29,0,0.6421785354614258,-0.6421785354614258,0.0,155.78701782226562,30.0,0.0,0.0,0.0024178544990718365,0.0033289159182459116,0.0017440853407606483,0.003140831831842661
CelebDFv3,/root/Datasets/CelebDFv3/CelebDFv3/FAKE/TalkingFace/AniTalker/id51_0001_test_id08149_d9B3S3Lm208.mp4,TalkingFace/AniTalker,id51,,0,-0.44795340299606323,0.44795340299606323,0.0,153.14715576171875,25.0,0.0,0.0,0.00641949288547039,0.004676473792642355,0.00628031138330698,0.00628031138330698
CelebDFv3,/root/Datasets/CelebDFv3/CelebDFv3/FAKE/TalkingFace/EDTalk/id54_0002_test_id08149_d9B3S3Lm208.mp4,TalkingFace/EDTalk,id54,,0,-0.3396420478820801,0.3396420478820801,0.0,131.55860900878906,25.0,0.0,0.0,0.011152812279760838,0.009750047698616982,0.0048590837977826595,0.0048590837977826595
CelebDFv3,/root/Datasets/CelebDFv3/CelebDFv3/FAKE/TalkingFace/EchoMimic/id22_0006_test_id04478_qfn8NllQPNY.mp4,TalkingFace/EchoMimic,id22,,0,4.197638034820557,-4.197638034820557,0.0,125.38240814208984,24.0,0.0,0.0,0.006075894460082054,0.012973729521036148,0.006684059277176857,0.006684059277176857
CelebDFv3,/root/Datasets/CelebDFv3/CelebDFv3/FAKE/TalkingFace/FLOAT/id54_0006_test_id01228_JML4qGlGgJQ.mp4,TalkingFace/FLOAT,id54,,0,0.17447420954704285,-0.17447420954704285,0.0,123.01533508300781,25.0,0.0,0.0,0.014034164138138294,0.00958315096795559,0.005933437962085009,0.005933437962085009
CelebDFv3,/root/Datasets/CelebDFv3/CelebDFv3/FAKE/TalkingFace/IP_LAP/id22_0001_test_id04657_LIpH4pzgzJ8.mp4,TalkingFace/IP_LAP,id22,,0,0.16963472962379456,-0.16963472962379456,0.0,119.38500213623047,25.0,0.0,0.0,0.005191745236515999,0.006727198138833046,0.005541875492781401,0.005541875492781401
CelebDFv3,/root/Datasets/CelebDFv3/CelebDFv3/FAKE/TalkingFace/Real3DPortrait/id25_0000_test_id02286_cp_LOv6mdJA.mp4,TalkingFace/Real3DPortrait,id25,,0,-0.15246090292930603,0.15246090292930603,0.0,155.83470153808594,25.0,0.0,0.0,0.011645419523119926,0.006800562608987093,0.01874517649412155,0.01874517649412155
CelebDFv3,/root/Datasets/CelebDFv3/CelebDFv3/FAKE/TalkingFace/SadTalker/id48_0005_test_id08374_p-HisCd2lIg.mp4,TalkingFace/SadTalker,id48,,0,-2.253305196762085,2.253305196762085,0.0,135.45901489257812,25.0,0.0,0.0,0.0034182025119662285,0.0045979926362633705,0.0058175986632704735,0.0058175986632704735
CelebDFv3,/root/Datasets/CelebDFv3/CelebDFv3/FAKE/FaceReenact/DaGAN/id26_id37_0000.mp4,FaceReenact/DaGAN,id26,id37,0,4.273608684539795,-4.273608684539795,0.0,135.7945098876953,30.0,0.0,0.0,0.007436337415128946,0.008361108601093292,0.011565852910280228,0.011565852910280228
CelebDFv3,/root/Datasets/CelebDFv3/CelebDFv3/FAKE/FaceReenact/FSRT/id31_id34_0009.mp4,FaceReenact/FSRT,id31,id34,0,-1.0057319402694702,1.0057319402694702,0.0,103.10894012451172,20.0,1.0,0.234375,0.027492262423038483,0.009061337448656559,0.009216113947331905,0.009216113947331905
CelebDFv3,/root/Datasets/CelebDFv3/CelebDFv3/FAKE/FaceReenact/HyperReenact/id31_id35_0007.mp4,FaceReenact/HyperReenact,id31,id35,0,-8.647846221923828,8.647846221923828,0.0,232.1315155029297,25.0,0.0,0.0,0.00422960240393877,0.0025516690220683813,0.005660315975546837,0.005660315975546837
CelebDFv3,/root/Datasets/CelebDFv3/CelebDFv3/FAKE/FaceReenact/LIA/id8_id5_0008.mp4,FaceReenact/LIA,id8,id5,0,-1.3115625381469727,1.3115625381469727,0.0,126.21060180664062,30.0,0.0,0.0,0.013781223446130753,0.006356106139719486,0.006629049777984619,0.006629049777984619
CelebDFv3,/root/Datasets/CelebDFv3/CelebDFv3/FAKE/FaceReenact/LivePortrait/id31_id32_0001.mp4,FaceReenact/LivePortrait,id31,id32,0,-2.6891560554504395,2.6891560554504395,0.0,123.17820739746094,30.0,0.0,0.0,0.004463932942599058,0.00394108472391963,0.00222165253944695,0.0040008570067584515
CelebDFv3,/root/Datasets/CelebDFv3/CelebDFv3/FAKE/FaceReenact/MCNET/id31_id26_0007.mp4,FaceReenact/MCNET,id31,id26,0,0.7074266076087952,-0.7074266076087952,0.0,189.68093872070312,30.0,1.0,0.0625,0.03782523795962334,0.016423240303993225,0.038466475903987885,0.038466475903987885
CelebDFv3,/root/Datasets/CelebDFv3/CelebDFv3/FAKE/FaceReenact/TPSMM/id25_id26_0004.mp4,FaceReenact/TPSMM,id25,id26,0,-0.07797874510288239,0.07797874510288239,0.0,117.40576171875,30.0,0.0,0.0,0.007732930593192577,0.008975627832114697,0.007276959251612425,0.007276959251612425
CelebDFv3,/root/Datasets/CelebDFv3/CelebDFv3/FAKE/FaceSwap/BlendFace/id56_id58_0009.mp4,FaceSwap/BlendFace,id56,id58,0,0.3862856328487396,-0.3862856328487396,0.0,105.79643249511719,30.0,0.0,0.0,0.012604191899299622,0.0018946066265925765,0.0026356445159763098,0.004719898570328951
CelebDFv3,/root/Datasets/CelebDFv3/CelebDFv3/FAKE/FaceSwap/Celeb-DF-v2/id26_id4_0004.mp4,FaceSwap/Celeb-DF-v2,id26,id4,0,-3.4352431297302246,3.4352431297302246,0.0,104.88518524169922,30.0,0.0,0.0,0.003901388728991151,0.007703050505369902,0.0025756917893886566,0.004627513699233532
CelebDFv3,/root/Datasets/CelebDFv3/CelebDFv3/FAKE/FaceSwap/GHOST/id25_id19_0007.mp4,FaceSwap/GHOST,id25,id19,0,-0.37818002700805664,0.37818002700805664,0.0,140.1472930908203,30.0,0.0,0.0,0.007568288594484329,0.00478171044960618,0.0045982119627296925,0.006179996766149998
CelebDFv3,/root/Datasets/CelebDFv3/CelebDFv3/FAKE/FaceSwap/HifiFace/id48_id39_0008.mp4,FaceSwap/HifiFace,id48,id39,0,-2.829329490661621,2.829329490661621,0.0,150.01681518554688,30.0,0.0,0.0,0.0025733064394444227,0.002813120139762759,0.0021366754081100225,0.0021281286608427763
CelebDFv3,/root/Datasets/CelebDFv3/CelebDFv3/FAKE/FaceSwap/InSwapper/id31_id32_0006.mp4,FaceSwap/InSwapper,id31,id32,0,-5.695519924163818,5.695519924163818,0.0,211.07652282714844,30.0,1.0,0.046875,0.00427201809361577,0.010597893968224525,0.003396875225007534,0.0061172544956207275
CelebDFv3,/root/Datasets/CelebDFv3/CelebDFv3/FAKE/FaceSwap/MobileFaceSwap/id26_id35_0008.mp4,FaceSwap/MobileFaceSwap,id26,id35,0,-1.2785766124725342,1.2785766124725342,0.0,123.31803894042969,30.0,0.0,0.0,0.006187871098518372,0.004888823255896568,0.0030472276266664267,0.005548881366848946
CelebDFv3,/root/Datasets/CelebDFv3/CelebDFv3/FAKE/FaceSwap/SimSwap/id23_id0_0008.mp4,FaceSwap/SimSwap,id23,id0,0,-2.9458954334259033,2.9458954334259033,0.0,116.0064468383789,30.0,0.0,0.0,0.002301818458363414,0.003408509772270918,0.0030645341612398624,0.00537614431232214
CelebDFv3,/root/Datasets/CelebDFv3/CelebDFv3/FAKE/FaceSwap/UniFace/id26_id2_0005.mp4,FaceSwap/UniFace,id26,id2,0,-7.813690185546875,7.813690185546875,0.0,295.5160827636719,30.0,0.0,0.0,0.0018798605306074023,0.0025478778406977654,0.0035800135228782892,0.0039727576076984406
CelebDFv3,/root/Datasets/CelebDFv3/CelebDFv3/FAKE/TalkingFace/AniTalker/id54_0002_test_id09017_Kd4_VMFbdeo.mp4,TalkingFace/AniTalker,id54,,0,2.002173662185669,-2.002173662185669,0.0,136.10302734375,25.0,0.0,0.0,0.006825449876487255,0.007498754654079676,0.006657884456217289,0.006657884456217289
CelebDFv3,/root/Datasets/CelebDFv3/CelebDFv3/FAKE/TalkingFace/EDTalk/id31_0009_test_id09017_rINrNM431yc.mp4,TalkingFace/EDTalk,id31,,0,2.635132312774658,-2.635132312774658,0.0,124.94977569580078,25.0,0.0,0.0,0.012736774981021881,0.012062923982739449,0.0096689872443676,0.0096689872443676
CelebDFv3,/root/Datasets/CelebDFv3/CelebDFv3/FAKE/TalkingFace/EchoMimic/id26_0009_test_id05124_fRhAX7v_R6A.mp4,TalkingFace/EchoMimic,id26,,0,2.071938991546631,-2.071938991546631,0.0,208.3802490234375,24.0,0.0,0.0,0.008933703415095806,0.01341024786233902,0.010968136601150036,0.010968136601150036
CelebDFv3,/root/Datasets/CelebDFv3/CelebDFv3/FAKE/TalkingFace/FLOAT/id26_0003_test_id02317_quWGoFFkGr0.mp4,TalkingFace/FLOAT,id26,,0,-0.9499034285545349,0.9499034285545349,0.0,342.3356628417969,25.0,0.0,0.0,0.009559590369462967,0.005480834282934666,0.0038257159758359194,0.0038257159758359194
CelebDFv3,/root/Datasets/CelebDFv3/CelebDFv3/FAKE/TalkingFace/IP_LAP/id25_0006_test_id07802_MtoFAMWjUxM.mp4,TalkingFace/IP_LAP,id25,,0,13.936309814453125,-13.936309814453125,0.0,330.87078857421875,25.0,0.0,0.0,0.0021907140035182238,0.005501444451510906,0.0038385046645998955,0.0038385046645998955
CelebDFv3,/root/Datasets/CelebDFv3/CelebDFv3/FAKE/TalkingFace/Real3DPortrait/id11_0009_test_id08149_Ay1xwkYsNAE.mp4,TalkingFace/Real3DPortrait,id11,,0,0.3191337585449219,-0.3191337585449219,0.0,116.00480651855469,25.0,0.0,0.0,0.009484486654400826,0.005577506497502327,0.0040976000018417835,0.0040976000018417835
CelebDFv3,/root/Datasets/CelebDFv3/CelebDFv3/FAKE/TalkingFace/SadTalker/id59_0001_test_id05459_3TI6dVmEwzw.mp4,TalkingFace/SadTalker,id59,,0,2.021852731704712,-2.021852731704712,0.0,319.5379638671875,25.0,0.0,0.0,0.001464152242988348,0.002183300442993641,0.0034378808923065662,0.0034378808923065662
CelebDFv3,/root/Datasets/CelebDFv3/CelebDFv3/FAKE/FaceReenact/DaGAN/id26_id1_0004.mp4,FaceReenact/DaGAN,id26,id1,0,-2.4124839305877686,2.4124839305877686,0.0,106.80314636230469,30.0,0.0,0.0,0.008839583024382591,0.005478331819176674,0.0030508912168443203,0.0030508912168443203
CelebDFv3,/root/Datasets/CelebDFv3/CelebDFv3/FAKE/FaceReenact/FSRT/id51_id58_0004.mp4,FaceReenact/FSRT,id51,id58,0,1.160208821296692,-1.160208821296692,0.0,111.65747833251953,20.0,0.0,0.0,0.0059837051667273045,0.004864409565925598,0.004033572971820831,0.004033572971820831
CelebDFv3,/root/Datasets/CelebDFv3/CelebDFv3/FAKE/FaceReenact/HyperReenact/id22_id20_0002.mp4,FaceReenact/HyperReenact,id22,id20,0,1.4407598972320557,-1.4407598972320557,0.0,107.56098175048828,25.0,0.0,0.0,0.015059174969792366,0.004325281362980604,0.008123151957988739,0.008123151957988739
CelebDFv3,/root/Datasets/CelebDFv3/CelebDFv3/FAKE/FaceReenact/LIA/id26_id37_0003.mp4,FaceReenact/LIA,id26,id37,0,1.1686698198318481,-1.1686698198318481,0.0,255.06256103515625,30.0,0.0,0.0,0.020783571526408195,0.01068287342786789,0.013501925393939018,0.013501925393939018
CelebDFv3,/root/Datasets/CelebDFv3/CelebDFv3/FAKE/FaceReenact/LivePortrait/id31_id35_0002.mp4,FaceReenact/LivePortrait,id31,id35,0,1.6871036291122437,-1.6871036291122437,0.0,122.84063720703125,30.0,1.0,0.0625,0.016094481572508812,0.04764758050441742,0.02693968452513218,0.04851426184177399
CelebDFv3,/root/Datasets/CelebDFv3/CelebDFv3/FAKE/FaceReenact/MCNET/id26_id0_0000.mp4,FaceReenact/MCNET,id26,id0,0,3.8776988983154297,-3.8776988983154297,0.0,128.3161163330078,30.0,1.0,0.265625,0.01886659488081932,0.005309297237545252,0.005338371731340885,0.005338371731340885
CelebDFv3,/root/Datasets/CelebDFv3/CelebDFv3/FAKE/FaceReenact/TPSMM/id56_id49_0006.mp4,FaceReenact/TPSMM,id56,id49,0,2.1483685970306396,-2.1483685970306396,0.0,78.71443939208984,30.0,0.0,0.0,0.05621714890003204,0.06632020324468613,0.04579326510429382,0.04579326510429382
CelebDFv3,/root/Datasets/CelebDFv3/CelebDFv3/FAKE/FaceSwap/BlendFace/id8_id3_0002.mp4,FaceSwap/BlendFace,id8,id3,0,-0.38668161630630493,0.38668161630630493,0.0,122.36067962646484,30.0,0.0,0.0,0.002421934623271227,0.013161375187337399,0.004678118973970413,0.008813575841486454
CelebDFv3,/root/Datasets/CelebDFv3/CelebDFv3/FAKE/FaceSwap/Celeb-DF-v2/id23_id24_0004.mp4,FaceSwap/Celeb-DF-v2,id23,id24,0,1.0546995401382446,-1.0546995401382446,0.0,130.71194458007812,30.0,1.0,0.03125,0.016424182802438736,0.01139307115226984,0.010483783669769764,0.014132141135632992
CelebDFv3,/root/Datasets/CelebDFv3/CelebDFv3/FAKE/FaceSwap/GHOST/id23_id35_0005.mp4,FaceSwap/GHOST,id23,id35,0,2.4414920806884766,-2.4414920806884766,0.0,106.89964294433594,30.0,0.0,0.0,0.006141352001577616,0.0022475416772067547,0.0020035263150930405,0.004101178143173456
CelebDFv3,/root/Datasets/CelebDFv3/CelebDFv3/FAKE/FaceSwap/HifiFace/id48_id44_0000.mp4,FaceSwap/HifiFace,id48,id44,0,-8.402266502380371,8.402266502380371,0.0,163.3531494140625,30.0,0.0,0.0,0.002403269987553358,0.00339650921523571,0.0018075578846037388,0.003227782202884555
CelebDFv3,/root/Datasets/CelebDFv3/CelebDFv3/FAKE/FaceSwap/InSwapper/id23_id30_0006.mp4,FaceSwap/InSwapper,id23,id30,0,2.650339126586914,-2.650339126586914,0.0,133.01739501953125,30.0,0.0,0.0,0.006339212879538536,0.0036800913512706757,0.0020916906651109457,0.002771490253508091
CelebDFv3,/root/Datasets/CelebDFv3/CelebDFv3/FAKE/FaceSwap/MobileFaceSwap/id51_id56_0005.mp4,FaceSwap/MobileFaceSwap,id51,id56,0,-2.0921952724456787,2.0921952724456787,0.0,133.89002990722656,30.0,0.0,0.0,0.010786381550133228,0.021084677428007126,0.002277220133692026,0.004078033845871687
CelebDFv3,/root/Datasets/CelebDFv3/CelebDFv3/FAKE/FaceSwap/SimSwap/id11_id7_0003.mp4,FaceSwap/SimSwap,id11,id7,0,-1.454258680343628,1.454258680343628,0.0,157.18614196777344,30.0,0.0,0.0,0.002797821070998907,0.005329473875463009,0.002010831842198968,0.003820580430328846
CelebDFv3,/root/Datasets/CelebDFv3/CelebDFv3/FAKE/FaceSwap/UniFace/id48_id42_0003.mp4,FaceSwap/UniFace,id48,id42,0,-3.6098735332489014,3.6098735332489014,0.0,87.80374145507812,30.0,1.0,0.0625,0.005413949955254793,0.024123691022396088,0.01098035741597414,0.0196077823638916
CelebDFv3,/root/Datasets/CelebDFv3/CelebDFv3/FAKE/TalkingFace/AniTalker/id26_0007_test_id05124_1HAXGOri_x0.mp4,TalkingFace/AniTalker,id26,,0,-3.6158287525177,3.6158287525177,0.0,282.6187744140625,25.0,0.0,0.0,0.0035479667130857706,0.0039796410128474236,0.00500100152567029,0.00500100152567029
CelebDFv3,/root/Datasets/CelebDFv3/CelebDFv3/FAKE/TalkingFace/EDTalk/id8_0003_test_id00081_jO5DSKhhcqQ.mp4,TalkingFace/EDTalk,id8,,0,-4.627965927124023,4.627965927124023,0.0,117.66939544677734,25.0,0.0,0.0,0.011724105104804039,0.010946963913738728,0.006542872171849012,0.006542872171849012
CelebDFv3,/root/Datasets/CelebDFv3/CelebDFv3/FAKE/TalkingFace/EchoMimic/id51_0009_test_id08701_cTjRf4YfAHg.mp4,TalkingFace/EchoMimic,id51,,0,-2.7513322830200195,2.7513322830200195,0.0,97.62934875488281,24.0,0.0,0.0,0.009488188661634922,0.010830734856426716,0.007983234710991383,0.007983234710991383
CelebDFv3,/root/Datasets/CelebDFv3/CelebDFv3/FAKE/TalkingFace/FLOAT/id23_0007_test_id04295_zjlNcdVhso4.mp4,TalkingFace/FLOAT,id23,,0,5.383264541625977,-5.383264541625977,0.0,258.31195068359375,25.0,0.0,0.0,0.014324115589261055,0.006974734365940094,0.005944786127656698,0.005944786127656698
CelebDFv3,/root/Datasets/CelebDFv3/CelebDFv3/FAKE/TalkingFace/IP_LAP/id59_0004_test_id07494_ebeMtxwdAVc.mp4,TalkingFace/IP_LAP,id59,,0,-10.088397979736328,10.088397979736328,0.0,224.18203735351562,25.0,0.0,0.0,0.01578867807984352,0.005273297894746065,0.006704216357320547,0.006704216357320547
CelebDFv3,/root/Datasets/CelebDFv3/CelebDFv3/FAKE/TalkingFace/Real3DPortrait/id8_0008_test_id02548_RoMUUfqkYF4.mp4,TalkingFace/Real3DPortrait,id8,,0,-0.04569639265537262,0.04569639265537262,0.0,147.30987548828125,25.0,0.0,0.0,0.013160412199795246,0.004302297718822956,0.006429839413613081,0.006429839413613081
CelebDFv3,/root/Datasets/CelebDFv3/CelebDFv3/FAKE/TalkingFace/SadTalker/id48_0009_test_id01041_Ry0R8LwJEYU.mp4,TalkingFace/SadTalker,id48,,0,0.4377148151397705,-0.4377148151397705,0.0,115.04208374023438,25.0,0.0,0.0,0.0025335175450891256,0.009315969422459602,0.006301796063780785,0.006301796063780785
CelebDFv3,/root/Datasets/CelebDFv3/CelebDFv3/FAKE/FaceReenact/DaGAN/id26_id37_0001.mp4,FaceReenact/DaGAN,id26,id37,0,2.186584234237671,-2.186584234237671,0.0,118.51319885253906,30.0,1.0,0.09375,0.019586211070418358,0.002541943686082959,0.012372437864542007,0.012372437864542007
CelebDFv3,/root/Datasets/CelebDFv3/CelebDFv3/FAKE/FaceReenact/FSRT/id22_id23_0006.mp4,FaceReenact/FSRT,id22,id23,0,2.6563215255737305,-2.6563215255737305,0.0,129.98260498046875,20.0,0.0,0.0,0.01805761083960533,0.007473960053175688,0.0056576780043542385,0.0056576780043542385
CelebDFv3,/root/Datasets/CelebDFv3/CelebDFv3/FAKE/FaceReenact/HyperReenact/id54_id53_0008.mp4,FaceReenact/HyperReenact,id54,id53,0,-4.916852951049805,4.916852951049805,0.0,126.29165649414062,25.0,0.0,0.0,0.0027853092178702354,0.0016606909921392798,0.004443019162863493,0.004443019162863493
CelebDFv3,/root/Datasets/CelebDFv3/CelebDFv3/FAKE/FaceReenact/LIA/id31_id34_0009.mp4,FaceReenact/LIA,id31,id34,0,1.457051396369934,-1.457051396369934,0.0,121.41118621826172,30.0,1.0,0.015625,0.029699599370360374,0.009878665208816528,0.013943478465080261,0.013943478465080261
CelebDFv3,/root/Datasets/CelebDFv3/CelebDFv3/FAKE/FaceReenact/LivePortrait/id54_id55_0008.mp4,FaceReenact/LivePortrait,id54,id55,0,-3.8487517833709717,3.8487517833709717,0.0,106.10263061523438,30.0,0.0,0.0,0.009097623638808727,0.004823655821382999,0.0025403632316738367,0.004549269564449787
CelebDFv3,/root/Datasets/CelebDFv3/CelebDFv3/FAKE/FaceReenact/MCNET/id31_id20_0003.mp4,FaceReenact/MCNET,id31,id20,0,-5.307104110717773,5.307104110717773,0.0,123.55264282226562,30.0,0.0,0.0,0.007480584550648928,0.013236355036497116,0.009146799333393574,0.009146799333393574
CelebDFv3,/root/Datasets/CelebDFv3/CelebDFv3/FAKE/FaceReenact/TPSMM/id31_id21_0002.mp4,FaceReenact/TPSMM,id31,id21,0,-4.291923999786377,4.291923999786377,0.0,125.47358703613281,30.0,0.0,0.0,0.008797906339168549,0.01734745129942894,0.012620046734809875,0.012620046734809875
CelebDFv3,/root/Datasets/CelebDFv3/CelebDFv3/FAKE/FaceSwap/BlendFace/id51_id56_0005.mp4,FaceSwap/BlendFace,id51,id56,0,-0.6204210519790649,0.6204210519790649,0.0,121.41704559326172,30.0,0.0,0.0,0.012423543259501457,0.032311759889125824,0.0030958685092628,0.005544065963476896
CelebDFv3,/root/Datasets/CelebDFv3/CelebDFv3/FAKE/FaceSwap/Celeb-DF-v2/id23_id20_0003.mp4,FaceSwap/Celeb-DF-v2,id23,id20,0,-2.9999611377716064,2.9999611377716064,0.0,108.9885025024414,30.0,0.0,0.0,0.0039709145203232765,0.0026788832619786263,0.0012535188579931855,0.0022278924006968737
CelebDFv3,/root/Datasets/CelebDFv3/CelebDFv3/FAKE/FaceSwap/GHOST/id31_id6_0000.mp4,FaceSwap/GHOST,id31,id6,0,-0.6519944667816162,0.6519944667816162,0.0,123.26065063476562,30.0,0.0,0.0,0.0034960417542606592,0.0066486625000834465,0.002832279074937105,0.0051005021668970585
CelebDFv3,/root/Datasets/CelebDFv3/CelebDFv3/FAKE/FaceSwap/HifiFace/id22_id21_0006.mp4,FaceSwap/HifiFace,id22,id21,0,5.0104660987854,-5.0104660987854,0.0,129.83798217773438,30.0,0.0,0.0,0.0030071416404098272,0.003019151743501425,0.001571894041262567,0.0027937444392591715
CelebDFv3,/root/Datasets/CelebDFv3/CelebDFv3/FAKE/FaceSwap/InSwapper/id23_id32_0007.mp4,FaceSwap/InSwapper,id23,id32,0,-1.1960612535476685,1.1960612535476685,0.0,145.86349487304688,30.0,0.0,0.0,0.010694378055632114,0.028569664806127548,0.006803452502936125,0.011935366317629814
CelebDFv3,/root/Datasets/CelebDFv3/CelebDFv3/FAKE/FaceSwap/MobileFaceSwap/id26_id38_0002.mp4,FaceSwap/MobileFaceSwap,id26,id38,0,3.6760551929473877,-3.6760551929473877,0.0,88.20235443115234,30.0,1.0,0.015625,0.006936738267540932,0.018860455602407455,0.008909991942346096,0.01600778102874756
CelebDFv3,/root/Datasets/CelebDFv3/CelebDFv3/FAKE/FaceSwap/SimSwap/id31_id2_0005.mp4,FaceSwap/SimSwap,id31,id2,0,1.5134154558181763,-1.5134154558181763,0.0,119.27757263183594,30.0,0.0,0.0,0.005578383803367615,0.00428817979991436,0.0026181694120168686,0.004714923910796642
CelebDFv3,/root/Datasets/CelebDFv3/CelebDFv3/FAKE/FaceSwap/UniFace/id22_id28_0009.mp4,FaceSwap/UniFace,id22,id28,0,-0.6805812120437622,0.6805812120437622,0.0,125.24899291992188,30.0,1.0,0.171875,0.006894836667925119,0.007178931031376123,0.0028098770417273045,0.004994025453925133
CelebDFv3,/root/Datasets/CelebDFv3/CelebDFv3/FAKE/TalkingFace/AniTalker/id59_0009_test_id08374_nrw4btrElp8.mp4,TalkingFace/AniTalker,id59,,0,6.879128932952881,-6.879128932952881,0.0,193.5422821044922,25.0,0.0,0.0,0.005450141616165638,0.005555987358093262,0.0037625988479703665,0.0037625988479703665
CelebDFv3,/root/Datasets/CelebDFv3/CelebDFv3/FAKE/TalkingFace/EDTalk/id51_0008_test_id03524_2DD4Np7SaWw.mp4,TalkingFace/EDTalk,id51,,0,-3.259401321411133,3.259401321411133,0.0,109.6090087890625,25.0,0.0,0.0,0.012355657294392586,0.009292582049965858,0.005057836417108774,0.005057836417108774
CelebDFv3,/root/Datasets/CelebDFv3/CelebDFv3/FAKE/TalkingFace/EchoMimic/id25_0002_test_id03969_jDDsg0LLY2Y.mp4,TalkingFace/EchoMimic,id25,,0,-2.831912040710449,2.831912040710449,0.0,138.01995849609375,24.0,0.0,0.0,0.008400149643421173,0.011699751019477844,0.009020358324050903,0.009020358324050903
CelebDFv3,/root/Datasets/CelebDFv3/CelebDFv3/FAKE/TalkingFace/FLOAT/id22_0002_test_id05124_fRhAX7v_R6A.mp4,TalkingFace/FLOAT,id22,,0,0.6259873509407043,-0.6259873509407043,0.0,151.6353302001953,25.0,0.0,0.0,0.010331363417208195,0.005769213195890188,0.00593184307217598,0.00593184307217598
CelebDFv3,/root/Datasets/CelebDFv3/CelebDFv3/FAKE/TalkingFace/IP_LAP/id51_0001_test_id08149_d9B3S3Lm208.mp4,TalkingFace/IP_LAP,id51,,0,-2.9654316902160645,2.9654316902160645,0.0,253.7770233154297,25.0,0.0,0.0,0.014420447871088982,0.006719666998833418,0.012096148915588856,0.012096148915588856
CelebDFv3,/root/Datasets/CelebDFv3/CelebDFv3/FAKE/TalkingFace/Real3DPortrait/id22_0008_test_id03347_y_F4aAkN0d8.mp4,TalkingFace/Real3DPortrait,id22,,0,-0.08831754326820374,0.08831754326820374,0.0,229.46450805664062,25.0,1.0,0.109375,0.010125297121703625,0.004389667417854071,0.007808174006640911,0.007808174006640911
CelebDFv3,/root/Datasets/CelebDFv3/CelebDFv3/FAKE/TalkingFace/SadTalker/id8_0009_test_id07414_hhYGsoX_H3g.mp4,TalkingFace/SadTalker,id8,,0,1.0259277820587158,-1.0259277820587158,0.0,116.62179565429688,25.0,0.0,0.0,0.002772383391857147,0.004685996100306511,0.005002049263566732,0.005002049263566732
CelebDFv3,/root/Datasets/CelebDFv3/CelebDFv3/FAKE/FaceReenact/DaGAN/id51_id54_0002.mp4,FaceReenact/DaGAN,id51,id54,0,2.586353302001953,-2.586353302001953,0.0,93.72216796875,30.0,0.0,0.0,0.011632494628429413,0.016466788947582245,0.0078124706633389,0.0078124706633389
CelebDFv3,/root/Datasets/CelebDFv3/CelebDFv3/FAKE/FaceReenact/FSRT/id56_id57_0001.mp4,FaceReenact/FSRT,id56,id57,0,1.858633041381836,-1.858633041381836,0.0,93.52216339111328,20.0,0.0,0.0,0.014026843942701817,0.006084538530558348,0.00737376743927598,0.00737376743927598
CelebDFv3,/root/Datasets/CelebDFv3/CelebDFv3/FAKE/FaceReenact/HyperReenact/id48_id44_0003.mp4,FaceReenact/HyperReenact,id48,id44,0,-4.999655723571777,4.999655723571777,0.0,127.69377136230469,25.0,0.0,0.0,0.0038399922195822,0.0031491457484662533,0.006886681076139212,0.006886681076139212
CelebDFv3,/root/Datasets/CelebDFv3/CelebDFv3/FAKE/FaceReenact/LIA/id54_id56_0008.mp4,FaceReenact/LIA,id54,id56,0,2.39206600189209,-2.39206600189209,0.0,117.08714294433594,30.0,0.0,0.0,0.00935983844101429,0.004252735525369644,0.007108681835234165,0.007108681835234165
CelebDFv3,/root/Datasets/CelebDFv3/CelebDFv3/FAKE/FaceReenact/LivePortrait/id56_id50_0002.mp4,FaceReenact/LivePortrait,id56,id50,0,-3.2450060844421387,3.2450060844421387,0.0,101.24446105957031,30.0,0.0,0.0,0.0018789388705044985,0.0011701895855367184,0.00131570128723979,0.0023561513517051935
CelebDFv3,/root/Datasets/CelebDFv3/CelebDFv3/FAKE/FaceReenact/MCNET/id56_id53_0006.mp4,FaceReenact/MCNET,id56,id53,0,3.5295779705047607,-3.5295779705047607,0.0,84.9649658203125,30.0,0.0,0.0,0.007216094993054867,0.006212787702679634,0.005271545611321926,0.005271545611321926
CelebDFv3,/root/Datasets/CelebDFv3/CelebDFv3/FAKE/FaceReenact/TPSMM/id56_id58_0000.mp4,FaceReenact/TPSMM,id56,id58,0,5.6074395179748535,-5.6074395179748535,0.0,96.22284698486328,30.0,0.0,0.0,0.008814539760351181,0.00746297650039196,0.010008092038333416,0.010008092038333416
CelebDFv3,/root/Datasets/CelebDFv3/CelebDFv3/FAKE/FaceSwap/BlendFace/id54_id56_0002.mp4,FaceSwap/BlendFace,id54,id56,0,3.377485752105713,-3.377485752105713,0.0,130.13778686523438,30.0,0.0,0.0,0.0024934266693890095,0.0046371594071388245,0.0014126880560070276,0.0025298346299678087
CelebDFv3,/root/Datasets/CelebDFv3/CelebDFv3/FAKE/FaceSwap/Celeb-DF-v2/id23_id19_0007.mp4,FaceSwap/Celeb-DF-v2,id23,id19,0,-1.9368093013763428,1.9368093013763428,0.0,148.41957092285156,30.0,0.0,0.0,0.010808627121150494,0.02408360317349434,0.005482276901602745,0.00961761549115181
CelebDFv3,/root/Datasets/CelebDFv3/CelebDFv3/FAKE/FaceSwap/GHOST/id26_id35_0001.mp4,FaceSwap/GHOST,id26,id35,0,2.1302592754364014,-2.1302592754364014,0.0,111.90312957763672,30.0,0.0,0.0,0.01372300460934639,0.010604257695376873,0.0027008382603526115,0.0048523531295359135
CelebDFv3,/root/Datasets/CelebDFv3/CelebDFv3/FAKE/FaceSwap/HifiFace/id31_id20_0001.mp4,FaceSwap/HifiFace,id31,id20,0,1.1760457754135132,-1.1760457754135132,0.0,158.10336303710938,30.0,0.0,0.0,0.002178528346121311,0.0027934634126722813,0.002004879293963313,0.0036104819737374783
CelebDFv3,/root/Datasets/CelebDFv3/CelebDFv3/FAKE/FaceSwap/InSwapper/id26_id28_0003.mp4,FaceSwap/InSwapper,id26,id28,0,-1.460562825202942,1.460562825202942,0.0,353.13787841796875,30.0,0.0,0.0,0.005671806167811155,0.006259641610085964,0.0017416495829820633,0.003129065502434969
CelebDFv3,/root/Datasets/CelebDFv3/CelebDFv3/FAKE/FaceSwap/MobileFaceSwap/id31_id28_0007.mp4,FaceSwap/MobileFaceSwap,id31,id28,0,-7.212465763092041,7.212465763092041,0.0,243.0780487060547,30.0,0.0,0.0,0.009876972064375877,0.0031915318686515093,0.0039589013904333115,0.007129377219825983
CelebDFv3,/root/Datasets/CelebDFv3/CelebDFv3/FAKE/FaceSwap/SimSwap/id26_id33_0006.mp4,FaceSwap/SimSwap,id26,id33,0,-0.04234735667705536,0.04234735667705536,0.0,248.1421661376953,30.0,1.0,0.015625,0.01490258052945137,0.009880287572741508,0.01301690936088562,0.023703278973698616
CelebDFv3,/root/Datasets/CelebDFv3/CelebDFv3/FAKE/FaceSwap/UniFace/id26_id21_0004.mp4,FaceSwap/UniFace,id26,id21,0,-2.298099994659424,2.298099994659424,0.0,105.78097534179688,30.0,0.0,0.0,0.0035756994038820267,0.007396098226308823,0.002067399676889181,0.0037143114022910595
CelebDFv3,/root/Datasets/CelebDFv3/CelebDFv3/FAKE/TalkingFace/AniTalker/id23_0006_test_id02057_QZYXK4dWZoY.mp4,TalkingFace/AniTalker,id23,,0,11.33161449432373,-11.33161449432373,0.0,121.9823989868164,25.0,0.0,0.0,0.006093759089708328,0.00667359447106719,0.004240076988935471,0.004240076988935471
CelebDFv3,/root/Datasets/CelebDFv3/CelebDFv3/FAKE/TalkingFace/EDTalk/id26_0007_test_id05124_1HAXGOri_x0.mp4,TalkingFace/EDTalk,id26,,0,4.0923051834106445,-4.0923051834106445,0.0,320.54449462890625,25.0,0.0,0.0,0.011481653898954391,0.009948895312845707,0.006834506522864103,0.006834506522864103
CelebDFv3,/root/Datasets/CelebDFv3/CelebDFv3/FAKE/TalkingFace/EchoMimic/id25_0009_test_id02465_mzyWUVgjQn0.mp4,TalkingFace/EchoMimic,id25,,0,-6.710454940795898,6.710454940795898,0.0,127.62999725341797,24.0,0.0,0.0,0.00516814598813653,0.005647414363920689,0.005865132436156273,0.005865132436156273
CelebDFv3,/root/Datasets/CelebDFv3/CelebDFv3/FAKE/TalkingFace/FLOAT/id51_0008_test_id02548_RoMUUfqkYF4.mp4,TalkingFace/FLOAT,id51,,0,-4.533231735229492,4.533231735229492,0.0,113.2837142944336,25.0,0.0,0.0,0.010899055749177933,0.011592138558626175,0.006719657685607672,0.006719657685607672
CelebDFv3,/root/Datasets/CelebDFv3/CelebDFv3/FAKE/TalkingFace/IP_LAP/id25_0001_test_id04232_AB9fk1MH2rA.mp4,TalkingFace/IP_LAP,id25,,0,2.7519874572753906,-2.7519874572753906,0.0,146.96902465820312,25.0,1.0,0.046875,0.008954149670898914,0.006041823886334896,0.011134199798107147,0.011134199798107147
CelebDFv3,/root/Datasets/CelebDFv3/CelebDFv3/FAKE/TalkingFace/Real3DPortrait/id22_0002_test_id07354_3Vnq2AKOm5I.mp4,TalkingFace/Real3DPortrait,id22,,0,1.7348450422286987,-1.7348450422286987,0.0,110.16670227050781,25.0,0.0,0.0,0.012068266980350018,0.0062228115275502205,0.010708869434893131,0.010708869434893131
CelebDFv3,/root/Datasets/CelebDFv3/CelebDFv3/FAKE/TalkingFace/SadTalker/id11_0004_test_id08696_FUGi6S_tSJY.mp4,TalkingFace/SadTalker,id11,,0,4.446540832519531,-4.446540832519531,0.0,153.945068359375,25.0,0.0,0.0,0.0016380117740482092,0.0021741886157542467,0.003776224097236991,0.003554093185812235
CelebDFv3,/root/Datasets/CelebDFv3/CelebDFv3/FAKE/FaceReenact/DaGAN/id31_id16_0004.mp4,FaceReenact/DaGAN,id31,id16,0,2.7742021083831787,-2.7742021083831787,0.0,145.39674377441406,30.0,1.0,0.5,0.011429070495069027,0.0037831347435712814,0.008668841794133186,0.008668841794133186
CelebDFv3,/root/Datasets/CelebDFv3/CelebDFv3/FAKE/FaceReenact/FSRT/id22_id21_0005.mp4,FaceReenact/FSRT,id22,id21,0,-2.58627986907959,2.58627986907959,0.0,113.62712097167969,20.0,1.0,0.078125,0.009980088099837303,0.013014945201575756,0.006308926269412041,0.006308926269412041
CelebDFv3,/root/Datasets/CelebDFv3/CelebDFv3/FAKE/FaceReenact/HyperReenact/id31_id29_0009.mp4,FaceReenact/HyperReenact,id31,id29,0,0.22782862186431885,-0.22782862186431885,0.0,101.07743835449219,25.0,0.0,0.0,0.011484554968774319,0.004217860754579306,0.009370249696075916,0.009370249696075916
CelebDFv3,/root/Datasets/CelebDFv3/CelebDFv3/FAKE/FaceReenact/LIA/id11_id7_0009.mp4,FaceReenact/LIA,id11,id7,0,-1.1509544849395752,1.1509544849395752,0.0,101.58187866210938,30.0,0.0,0.0,0.008880375884473324,0.007196126040071249,0.005571739748120308,0.005571739748120308
CelebDFv3,/root/Datasets/CelebDFv3/CelebDFv3/FAKE/FaceReenact/LivePortrait/id31_id28_0007.mp4,FaceReenact/LivePortrait,id31,id28,0,-6.74498987197876,6.74498987197876,0.0,615.4650268554688,30.0,0.0,0.0,0.029849259182810783,0.01572468876838684,0.015494023449718952,0.027902372181415558
CelebDFv3,/root/Datasets/CelebDFv3/CelebDFv3/FAKE/FaceReenact/MCNET/id23_id21_0007.mp4,FaceReenact/MCNET,id23,id21,0,-0.48651453852653503,0.48651453852653503,0.0,220.74017333984375,30.0,0.0,0.0,0.014585413970053196,0.0060656871646642685,0.0059388140216469765,0.0059388140216469765
CelebDFv3,/root/Datasets/CelebDFv3/CelebDFv3/FAKE/FaceReenact/TPSMM/id8_id6_0007.mp4,FaceReenact/TPSMM,id8,id6,0,0.7589112520217896,-0.7589112520217896,0.0,141.48538208007812,30.0,0.0,0.0,0.02112257480621338,0.004951333161443472,0.007079910486936569,0.007079910486936569
CelebDFv3,/root/Datasets/CelebDFv3/CelebDFv3/FAKE/FaceSwap/BlendFace/id23_id19_0009.mp4,FaceSwap/BlendFace,id23,id19,0,3.2475697994232178,-3.2475697994232178,0.0,114.5558853149414,30.0,0.0,0.0,0.0038040115032345057,0.0040070791728794575,0.004063035361468792,0.005379458889365196
CelebDFv3,/root/Datasets/CelebDFv3/CelebDFv3/FAKE/FaceSwap/Celeb-DF-v2/id23_id32_0006.mp4,FaceSwap/Celeb-DF-v2,id23,id32,0,2.6278676986694336,-2.6278676986694336,0.0,133.70201110839844,30.0,0.0,0.0,0.006432768423110247,0.003540641162544489,0.0021371294278651476,0.0028316962998360395
CelebDFv3,/root/Datasets/CelebDFv3/CelebDFv3/FAKE/FaceSwap/GHOST/id25_id21_0008.mp4,FaceSwap/GHOST,id25,id21,0,1.8418540954589844,-1.8418540954589844,0.0,105.10198211669922,30.0,0.0,0.0,0.006934968754649162,0.0022288840264081955,0.0035494829062372446,0.004770504776388407
CelebDFv3,/root/Datasets/CelebDFv3/CelebDFv3/FAKE/FaceSwap/HifiFace/id23_id30_0003.mp4,FaceSwap/HifiFace,id23,id30,0,-4.889252662658691,4.889252662658691,0.0,106.32394409179688,30.0,0.0,0.0,0.003904554760083556,0.0026301888283342123,0.0015778933884575963,0.002804407151415944
CelebDFv3,/root/Datasets/CelebDFv3/CelebDFv3/FAKE/FaceSwap/InSwapper/id23_id4_0007.mp4,FaceSwap/InSwapper,id23,id4,0,-3.5556652545928955,3.5556652545928955,0.0,155.7190399169922,30.0,0.0,0.0,0.010934412479400635,0.03431225195527077,0.0053779748268425465,0.009434636682271957
CelebDFv3,/root/Datasets/CelebDFv3/CelebDFv3/FAKE/FaceSwap/MobileFaceSwap/id23_id25_0007.mp4,FaceSwap/MobileFaceSwap,id23,id25,0,-1.2983108758926392,1.2983108758926392,0.0,150.4237518310547,30.0,0.0,0.0,0.009988779202103615,0.030511749908328056,0.005246248561888933,0.009203548543155193
CelebDFv3,/root/Datasets/CelebDFv3/CelebDFv3/FAKE/FaceSwap/SimSwap/id22_id23_0001.mp4,FaceSwap/SimSwap,id22,id23,0,3.5327558517456055,-3.5327558517456055,0.0,101.82205963134766,30.0,0.0,0.0,0.011682489886879921,0.021983541548252106,0.015262065455317497,0.027125434949994087
CelebDFv3,/root/Datasets/CelebDFv3/CelebDFv3/FAKE/FaceSwap/UniFace/id51_id49_0001.mp4,FaceSwap/UniFace,id51,id49,0,-17.673465728759766,17.673465728759766,0.0,377.1697692871094,30.0,1.0,0.09375,0.0038517042994499207,0.005818579345941544,0.0028795269317924976,0.0051566422916948795
CelebDFv3,/root/Datasets/CelebDFv3/CelebDFv3/FAKE/TalkingFace/AniTalker/id56_0003_test_id07868_G6yM82HVOKI.mp4,TalkingFace/AniTalker,id56,,0,-3.673616409301758,3.673616409301758,0.0,98.15504455566406,25.0,0.0,0.0,0.004760353360325098,0.003765600733458996,0.004756875801831484,0.004756875801831484
CelebDFv3,/root/Datasets/CelebDFv3/CelebDFv3/FAKE/TalkingFace/EDTalk/id22_0003_test_id02317_YCBadU0v3AE.mp4,TalkingFace/EDTalk,id22,,0,3.5386362075805664,-3.5386362075805664,0.0,151.7755584716797,25.0,0.0,0.0,0.011651737615466118,0.00982709415256977,0.007980131544172764,0.007980131544172764
CelebDFv3,/root/Datasets/CelebDFv3/CelebDFv3/FAKE/TalkingFace/EchoMimic/id8_0002_test_id03524_2DD4Np7SaWw.mp4,TalkingFace/EchoMimic,id8,,0,0.3305351436138153,-0.3305351436138153,0.0,127.65333557128906,24.0,0.0,0.0,0.010288801975548267,0.007236293517053127,0.009062327444553375,0.009062327444553375
CelebDFv3,/root/Datasets/CelebDFv3/CelebDFv3/FAKE/TalkingFace/FLOAT/id56_0004_test_id08374_nrw4btrElp8.mp4,TalkingFace/FLOAT,id56,,0,-0.8581282496452332,0.8581282496452332,0.0,114.77143096923828,25.0,0.0,0.0,0.010379629209637642,0.006492788903415203,0.010751938447356224,0.010751938447356224
CelebDFv3,/root/Datasets/CelebDFv3/CelebDFv3/FAKE/TalkingFace/IP_LAP/id23_0005_test_id06310_MNZMZ6ChMZQ.mp4,TalkingFace/IP_LAP,id23,,0,5.2652587890625,-5.2652587890625,0.0,99.2636489868164,25.0,0.0,0.0,0.009793728590011597,0.004179728217422962,0.00747310183942318,0.00747310183942318
CelebDFv3,/root/Datasets/CelebDFv3/CelebDFv3/FAKE/TalkingFace/Real3DPortrait/id54_0007_test_id05055_HU7kokWzb4M.mp4,TalkingFace/Real3DPortrait,id54,,0,3.0942025184631348,-3.0942025184631348,0.0,145.12652587890625,25.0,1.0,0.03125,0.009822842665016651,0.005379908252507448,0.013410830870270729,0.013410830870270729
CelebDFv3,/root/Datasets/CelebDFv3/CelebDFv3/FAKE/TalkingFace/SadTalker/id23_0007_test_id04295_1fSjOItVYVg.mp4,TalkingFace/SadTalker,id23,,0,4.297738552093506,-4.297738552093506,0.0,408.91168212890625,25.0,0.0,0.0,0.0019501475617289543,0.00591057725250721,0.006956192664802074,0.0065470049157738686
CelebDFv3,/root/Datasets/CelebDFv3/CelebDFv3/FAKE/FaceReenact/DaGAN/id23_id30_0006.mp4,FaceReenact/DaGAN,id23,id30,0,7.7995123863220215,-7.7995123863220215,0.0,75.97506713867188,30.0,1.0,0.234375,0.019271183758974075,0.010446340776979923,0.008288144133985043,0.008288144133985043
CelebDFv3,/root/Datasets/CelebDFv3/CelebDFv3/FAKE/FaceReenact/FSRT/id54_id51_0006.mp4,FaceReenact/FSRT,id54,id51,0,-2.327549457550049,2.327549457550049,0.0,139.60433959960938,20.0,1.0,0.0625,0.014584741555154324,0.010272068902850151,0.012826645746827126,0.012826645746827126
