dataset,path,method,target_id,donor_id,label_real,anomaly_score,predictive_mean,predictive_std,embedding_norm,fps,face_any_miss,face_miss_fraction,center_x_jitter,center_y_jitter,width_jitter,height_jitter
CelebDFv3,/root/Datasets/CelebDFv3/CelebDFv3/REAL/Real_WEB/id11_0000.mp4,real/Real_WEB,id11,,1,0.5519290566444397,-0.5519290566444397,0.0,22.33568000793457,30.0,1.0,0.109375,0.015553150326013565,0.006068959832191467,0.004013721365481615,0.0036123490426689386
CelebDFv3,/root/Datasets/CelebDFv3/CelebDFv3/REAL/Real_WEB/id11_0001.mp4,real/Real_WEB,id11,,1,-2.787186622619629,2.787186622619629,0.0,37.6205940246582,30.0,0.0,0.0,0.0025532448198646307,0.005718165542930365,0.0024785399436950684,0.004649740643799305
CelebDFv3,/root/Datasets/CelebDFv3/CelebDFv3/REAL/Real_WEB/id11_0002.mp4,real/Real_WEB,id11,,1,1.0156307220458984,-1.0156307220458984,0.0,25.316078186035156,30.0,0.0,0.0,0.00602788245305419,0.006288801785558462,0.0026738829910755157,0.005165942013263702
CelebDFv3,/root/Datasets/CelebDFv3/CelebDFv3/REAL/Real_WEB/id11_0003.mp4,real/Real_WEB,id11,,1,-4.4974365234375,4.4974365234375,0.0,45.328670501708984,30.0,0.0,0.0,0.005274612456560135,0.009794707410037518,0.0026177114341408014,0.004973652306944132
CelebDFv3,/root/Datasets/CelebDFv3/CelebDFv3/REAL/Real_WEB/id11_0004.mp4,real/Real_WEB,id11,,1,-1.0089031457901,1.0089031457901,0.0,34.59333801269531,30.0,1.0,0.0625,0.002075161086395383,0.0035064476542174816,0.001998987514525652,0.003798076417297125
CelebDFv3,/root/Datasets/CelebDFv3/CelebDFv3/REAL/Real_WEB/id11_0005.mp4,real/Real_WEB,id11,,1,-2.444791316986084,2.444791316986084,0.0,32.53497314453125,30.0,0.0,0.0,0.008641221560537815,0.014315299689769745,0.0021852566860616207,0.0041519878432154655
CelebDFv3,/root/Datasets/CelebDFv3/CelebDFv3/REAL/Real_WEB/id11_0006.mp4,real/Real_WEB,id11,,1,1.9570772647857666,-1.9570772647857666,0.0,35.59873580932617,30.0,0.0,0.0,0.0037589576095342636,0.0073914253152906895,0.002072385046631098,0.003937531728297472
CelebDFv3,/root/Datasets/CelebDFv3/CelebDFv3/REAL/Real_WEB/id11_0007.mp4,real/Real_WEB,id11,,1,0.35006532073020935,-0.35006532073020935,0.0,31.796533584594727,30.0,0.0,0.0,0.007426882162690163,0.02516827918589115,0.009798010811209679,0.018616219982504845
CelebDFv3,/root/Datasets/CelebDFv3/CelebDFv3/REAL/Real_WEB/id11_0008.mp4,real/Real_WEB,id11,,1,3.9053988456726074,-3.9053988456726074,0.0,18.611106872558594,30.0,0.0,0.0,0.011014883406460285,0.07583392411470413,0.03805355727672577,0.07230176031589508
CelebDFv3,/root/Datasets/CelebDFv3/CelebDFv3/REAL/Real_WEB/id11_0009.mp4,real/Real_WEB,id11,,1,-2.2335119247436523,2.2335119247436523,0.0,30.41650390625,30.0,0.0,0.0,0.002752471249550581,0.004312052391469479,0.0012278197100386024,0.002332857344299555
CelebDFv3,/root/Datasets/CelebDFv3/CelebDFv3/REAL/Real_WEB/id11_0010.mp4,real/Real_WEB,id11,,1,0.6745274662971497,-0.6745274662971497,0.0,25.122154235839844,30.0,0.0,0.0,0.014869749546051025,0.01142584253102541,0.006490970961749554,0.01007398683577776
CelebDFv3,/root/Datasets/CelebDFv3/CelebDFv3/REAL/Real_WEB/id22_0000.mp4,real/Real_WEB,id22,,1,0.5029826164245605,-0.5029826164245605,0.0,27.970741271972656,30.0,1.0,0.21875,0.021493272855877876,0.02175121195614338,0.017424646764993668,0.030969014391303062
CelebDFv3,/root/Datasets/CelebDFv3/CelebDFv3/REAL/Real_WEB/id22_0001.mp4,real/Real_WEB,id22,,1,0.7173280119895935,-0.7173280119895935,0.0,22.726482391357422,30.0,0.0,0.0,0.015188435092568398,0.027592256665229797,0.01866757683455944,0.03317808732390404
CelebDFv3,/root/Datasets/CelebDFv3/CelebDFv3/REAL/Real_WEB/id22_0002.mp4,real/Real_WEB,id22,,1,5.269623756408691,-5.269623756408691,0.0,23.192018508911133,30.0,0.0,0.0,0.010202808305621147,0.020956270396709442,0.0062641664408147335,0.011133371852338314
CelebDFv3,/root/Datasets/CelebDFv3/CelebDFv3/REAL/Real_WEB/id22_0003.mp4,real/Real_WEB,id22,,1,3.59389328956604,-3.59389328956604,0.0,58.0402717590332,30.0,1.0,0.171875,0.010803963989019394,0.009581072255969048,0.01330376323312521,0.02364492416381836
CelebDFv3,/root/Datasets/CelebDFv3/CelebDFv3/REAL/Real_WEB/id22_0004.mp4,real/Real_WEB,id22,,1,2.6099562644958496,-2.6099562644958496,0.0,37.9690055847168,30.0,0.0,0.0,0.004564889241009951,0.002381127793341875,0.001241007586941123,0.0022056561429053545
CelebDFv3,/root/Datasets/CelebDFv3/CelebDFv3/REAL/Real_WEB/id22_0005.mp4,real/Real_WEB,id22,,1,1.4441992044448853,-1.4441992044448853,0.0,35.00712966918945,30.0,0.0,0.0,0.004615583457052708,0.0030537357088178396,0.0018255665199831128,0.0032445997931063175
CelebDFv3,/root/Datasets/CelebDFv3/CelebDFv3/REAL/Real_WEB/id22_0006.mp4,real/Real_WEB,id22,,1,3.9045448303222656,-3.9045448303222656,0.0,32.33042526245117,30.0,0.0,0.0,0.006997562013566494,0.0037509743124246597,0.0017076818039640784,0.0030350813176482916
CelebDFv3,/root/Datasets/CelebDFv3/CelebDFv3/REAL/Real_WEB/id22_0007.mp4,real/Real_WEB,id22,,1,-6.942556381225586,6.942556381225586,0.0,52.72423553466797,30.0,0.0,0.0,0.005820303224027157,0.006181146949529648,0.003441375680267811,0.0061163948848843575
CelebDFv3,/root/Datasets/CelebDFv3/CelebDFv3/REAL/Real_WEB/id22_0008.mp4,real/Real_WEB,id22,,1,-2.951551914215088,2.951551914215088,0.0,39.81423568725586,30.0,0.0,0.0,0.004792308434844017,0.005672135390341282,0.005392628721892834,0.009584378451108932
CelebDFv3,/root/Datasets/CelebDFv3/CelebDFv3/REAL/Real_WEB/id22_0009.mp4,real/Real_WEB,id22,,1,-0.7181748151779175,0.7181748151779175,0.0,24.991914749145508,30.0,1.0,0.203125,0.0173209086060524,0.013233386911451817,0.0032120414543896914,0.005708796437829733
CelebDFv3,/root/Datasets/CelebDFv3/CelebDFv3/REAL/Real_WEB/id23_0000.mp4,real/Real_WEB,id23,,1,2.5461585521698,-2.5461585521698,0.0,24.44681739807129,30.0,0.0,0.0,0.003256944939494133,0.0027584179770201445,0.001964332303032279,0.0034912293776869774
CelebDFv3,/root/Datasets/CelebDFv3/CelebDFv3/REAL/Real_WEB/id23_0001.mp4,real/Real_WEB,id23,,1,1.9193572998046875,-1.9193572998046875,0.0,31.065019607543945,30.0,0.0,0.0,0.003517300123348832,0.004770450294017792,0.002034479519352317,0.0036159022711217403
CelebDFv3,/root/Datasets/CelebDFv3/CelebDFv3/REAL/Real_WEB/id23_0002.mp4,real/Real_WEB,id23,,1,0.6229584217071533,-0.6229584217071533,0.0,24.086997985839844,30.0,0.0,0.0,0.021099114790558815,0.01997349038720131,0.007196127902716398,0.012789756059646606
CelebDFv3,/root/Datasets/CelebDFv3/CelebDFv3/REAL/Real_WEB/id23_0003.mp4,real/Real_WEB,id23,,1,0.5391015410423279,-0.5391015410423279,0.0,29.377979278564453,30.0,0.0,0.0,0.005806191358715296,0.005101244896650314,0.0018654621671885252,0.0033155062701553106
CelebDFv3,/root/Datasets/CelebDFv3/CelebDFv3/REAL/Real_WEB/id23_0004.mp4,real/Real_WEB,id23,,1,1.9290471076965332,-1.9290471076965332,0.0,26.116437911987305,30.0,1.0,0.015625,0.023186765611171722,0.021285394206643105,0.014527094550430775,0.01958252303302288
CelebDFv3,/root/Datasets/CelebDFv3/CelebDFv3/REAL/Real_WEB/id23_0005.mp4,real/Real_WEB,id23,,1,2.290076494216919,-2.290076494216919,0.0,26.202795028686523,30.0,0.0,0.0,0.008545164950191975,0.0035630431957542896,0.0038598428945988417,0.007901021279394627
CelebDFv3,/root/Datasets/CelebDFv3/CelebDFv3/REAL/Real_WEB/id23_0006.mp4,real/Real_WEB,id23,,1,0.752306342124939,-0.752306342124939,0.0,16.23834800720215,30.0,0.0,0.0,0.011066634207963943,0.005752981174737215,0.0036389741580933332,0.004821640904992819
CelebDFv3,/root/Datasets/CelebDFv3/CelebDFv3/REAL/Real_WEB/id23_0007.mp4,real/Real_WEB,id23,,1,1.8409748077392578,-1.8409748077392578,0.0,28.057279586791992,30.0,0.0,0.0,0.013902339152991772,0.04481988400220871,0.0093028349801898,0.016320060938596725
CelebDFv3,/root/Datasets/CelebDFv3/CelebDFv3/REAL/Real_WEB/id23_0008.mp4,real/Real_WEB,id23,,1,2.464411497116089,-2.464411497116089,0.0,27.319683074951172,30.0,0.0,0.0,0.0025273726787418127,0.004288538824766874,0.004362071398645639,0.007652427069842815
CelebDFv3,/root/Datasets/CelebDFv3/CelebDFv3/REAL/Real_WEB/id23_0009.mp4,real/Real_WEB,id23,,1,2.6572060585021973,-2.6572060585021973,0.0,20.57097816467285,30.0,0.0,0.0,0.004758624359965324,0.006216489709913731,0.0032552459742873907,0.004309945274144411
CelebDFv3,/root/Datasets/CelebDFv3/CelebDFv3/REAL/Real_WEB/id25_0000.mp4,real/Real_WEB,id25,,1,-1.428404450416565,1.428404450416565,0.0,46.475128173828125,30.0,1.0,0.03125,0.06427443027496338,0.07090084999799728,0.03198050707578659,0.05759201943874359
CelebDFv3,/root/Datasets/CelebDFv3/CelebDFv3/REAL/Real_WEB/id25_0001.mp4,real/Real_WEB,id25,,1,-1.0035815238952637,1.0035815238952637,0.0,42.7137336730957,30.0,1.0,0.0625,0.0037845163606107235,0.0030425512231886387,0.0023772784043103456,0.004281115718185902
CelebDFv3,/root/Datasets/CelebDFv3/CelebDFv3/REAL/Real_WEB/id25_0002.mp4,real/Real_WEB,id25,,1,1.000117540359497,-1.000117540359497,0.0,17.51811408996582,30.0,0.0,0.0,0.011402428150177002,0.01925518549978733,0.003484109416604042,0.0062743499875068665
CelebDFv3,/root/Datasets/CelebDFv3/CelebDFv3/REAL/Real_WEB/id25_0003.mp4,real/Real_WEB,id25,,1,-3.2692368030548096,3.2692368030548096,0.0,25.16986083984375,30.0,0.0,0.0,0.012332363985478878,0.008814824745059013,0.00346663617528975,0.006242883391678333
CelebDFv3,/root/Datasets/CelebDFv3/CelebDFv3/REAL/Real_WEB/id25_0004.mp4,real/Real_WEB,id25,,1,-0.8113700151443481,0.8113700151443481,0.0,32.183658599853516,30.0,0.0,0.0,0.01093421969562769,0.00872616097331047,0.004131315276026726,0.007439868524670601
CelebDFv3,/root/Datasets/CelebDFv3/CelebDFv3/REAL/Real_WEB/id25_0005.mp4,real/Real_WEB,id25,,1,0.4495774805545807,-0.4495774805545807,0.0,23.25916862487793,30.0,0.0,0.0,0.020214371383190155,0.0046252296306192875,0.005206535570323467,0.007726497948169708
CelebDFv3,/root/Datasets/CelebDFv3/CelebDFv3/REAL/Real_WEB/id25_0006.mp4,real/Real_WEB,id25,,1,-10.000553131103516,10.000553131103516,0.0,119.64130401611328,30.0,0.0,0.0,0.0009033267269842327,0.003748892806470394,0.002029737690463662,0.003860295284539461
CelebDFv3,/root/Datasets/CelebDFv3/CelebDFv3/REAL/Real_WEB/id25_0007.mp4,real/Real_WEB,id25,,1,0.6077814102172852,-0.6077814102172852,0.0,53.127777099609375,30.0,0.0,0.0,0.013162953779101372,0.007769311778247356,0.004013324622064829,0.005393908359110355
CelebDFv3,/root/Datasets/CelebDFv3/CelebDFv3/REAL/Real_WEB/id25_0008.mp4,real/Real_WEB,id25,,1,-0.11355901509523392,0.11355901509523392,0.0,24.22466468811035,30.0,0.0,0.0,0.009824700653553009,0.003976250067353249,0.004103968385607004,0.0055157337337732315
CelebDFv3,/root/Datasets/CelebDFv3/CelebDFv3/REAL/Real_WEB/id25_0009.mp4,real/Real_WEB,id25,,1,1.1389650106430054,-1.1389650106430054,0.0,22.127229690551758,30.0,0.0,0.0,0.008428207598626614,0.007667655125260353,0.004478774964809418,0.006019474007189274
CelebDFv3,/root/Datasets/CelebDFv3/CelebDFv3/REAL/Real_WEB/id25_0010.mp4,real/Real_WEB,id25,,1,-2.9171900749206543,2.9171900749206543,0.0,33.485137939453125,30.0,0.0,0.0,0.007733233738690615,0.007176317740231752,0.0033027043100446463,0.00593367125838995
CelebDFv3,/root/Datasets/CelebDFv3/CelebDFv3/REAL/Real_WEB/id26_0000.mp4,real/Real_WEB,id26,,1,0.23089206218719482,-0.23089206218719482,0.0,37.21363067626953,30.0,0.0,0.0,0.0022405963391065598,0.0025550357531756163,0.0024496177211403847,0.004401008132845163
CelebDFv3,/root/Datasets/CelebDFv3/CelebDFv3/REAL/Real_WEB/id26_0001.mp4,real/Real_WEB,id26,,1,0.8794906735420227,-0.8794906735420227,0.0,42.54104995727539,30.0,1.0,0.015625,0.021646438166499138,0.01797059364616871,0.003979843575507402,0.0071502267383039
CelebDFv3,/root/Datasets/CelebDFv3/CelebDFv3/REAL/Real_WEB/id26_0002.mp4,real/Real_WEB,id26,,1,-0.4943571090698242,0.4943571090698242,0.0,25.0920467376709,30.0,1.0,0.015625,0.01031749602407217,0.017156796529889107,0.003462826134636998,0.006221348885446787
CelebDFv3,/root/Datasets/CelebDFv3/CelebDFv3/REAL/Real_WEB/id26_0003.mp4,real/Real_WEB,id26,,1,-10.443618774414062,10.443618774414062,0.0,106.77935028076172,30.0,0.0,0.0,0.007821859791874886,0.011065681464970112,0.003435772377997637,0.00617274409160018
CelebDFv3,/root/Datasets/CelebDFv3/CelebDFv3/REAL/Real_WEB/id26_0004.mp4,real/Real_WEB,id26,,1,0.1274862140417099,-0.1274862140417099,0.0,28.067338943481445,30.0,0.0,0.0,0.006197040434926748,0.013507566414773464,0.003887498751282692,0.006984320003539324
CelebDFv3,/root/Datasets/CelebDFv3/CelebDFv3/REAL/Real_WEB/id26_0005.mp4,real/Real_WEB,id26,,1,-0.944325864315033,0.944325864315033,0.0,58.06563949584961,30.0,0.0,0.0,0.004598435014486313,0.010700507089495659,0.005613254848867655,0.006229055114090443
CelebDFv3,/root/Datasets/CelebDFv3/CelebDFv3/REAL/Real_WEB/id26_0006.mp4,real/Real_WEB,id26,,1,-1.0104378461837769,1.0104378461837769,0.0,69.61264038085938,30.0,1.0,0.015625,0.02537659741938114,0.008517787791788578,0.007055141031742096,0.012847133912146091
CelebDFv3,/root/Datasets/CelebDFv3/CelebDFv3/REAL/Real_WEB/id26_0007.mp4,real/Real_WEB,id26,,1,0.908073365688324,-0.908073365688324,0.0,48.37166213989258,30.0,0.0,0.0,0.01300688274204731,0.012478338554501534,0.009027148596942425,0.016438083723187447
CelebDFv3,/root/Datasets/CelebDFv3/CelebDFv3/REAL/Real_WEB/id26_0008.mp4,real/Real_WEB,id26,,1,4.010579586029053,-4.010579586029053,0.0,24.090675354003906,30.0,0.0,0.0,0.009214790537953377,0.0063279722817242146,0.00262071518227458,0.004772219806909561
CelebDFv3,/root/Datasets/CelebDFv3/CelebDFv3/REAL/Real_WEB/id26_0009.mp4,real/Real_WEB,id26,,1,-2.1026487350463867,2.1026487350463867,0.0,51.49982833862305,30.0,0.0,0.0,0.016973724588751793,0.010357089340686798,0.0064396848902106285,0.011726411990821362
CelebDFv3,/root/Datasets/CelebDFv3/CelebDFv3/REAL/Real_WEB/id31_0000.mp4,real/Real_WEB,id31,,1,-0.5613200068473816,0.5613200068473816,0.0,23.196514129638672,30.0,0.0,0.0,0.005450105294585228,0.007446902804076672,0.003278345800936222,0.00590380048379302
CelebDFv3,/root/Datasets/CelebDFv3/CelebDFv3/REAL/Real_WEB/id31_0001.mp4,real/Real_WEB,id31,,1,-2.7042856216430664,2.7042856216430664,0.0,28.767423629760742,30.0,0.0,0.0,0.00329512357711792,0.004623623564839363,0.002585093956440687,0.004655360709875822
CelebDFv3,/root/Datasets/CelebDFv3/CelebDFv3/REAL/Real_WEB/id31_0002.mp4,real/Real_WEB,id31,,1,0.06492596864700317,-0.06492596864700317,0.0,19.75864028930664,30.0,0.0,0.0,0.02142304927110672,0.04711479693651199,0.01466923113912344,0.026417048647999763
CelebDFv3,/root/Datasets/CelebDFv3/CelebDFv3/REAL/Real_WEB/id31_0003.mp4,real/Real_WEB,id31,,1,-4.039706230163574,4.039706230163574,0.0,32.60817337036133,30.0,0.0,0.0,0.00533351069316268,0.00710862223058939,0.004495863802731037,0.0080963633954525
CelebDFv3,/root/Datasets/CelebDFv3/CelebDFv3/REAL/Real_WEB/id31_0004.mp4,real/Real_WEB,id31,,1,-0.8603737354278564,0.8603737354278564,0.0,25.03995132446289,30.0,0.0,0.0,0.009669804945588112,0.004061948042362928,0.0033638151362538338,0.006057718303054571
CelebDFv3,/root/Datasets/CelebDFv3/CelebDFv3/REAL/Real_WEB/id31_0005.mp4,real/Real_WEB,id31,,1,-0.9820368885993958,0.9820368885993958,0.0,38.41239547729492,30.0,0.0,0.0,0.008329370990395546,0.0075636631809175014,0.0023742697667330503,0.004275697283446789
CelebDFv3,/root/Datasets/CelebDFv3/CelebDFv3/REAL/Real_WEB/id31_0006.mp4,real/Real_WEB,id31,,1,-1.569448471069336,1.569448471069336,0.0,36.01924133300781,30.0,0.0,0.0,0.006282460875809193,0.011797691695392132,0.0031484924256801605,0.00566995469853282
CelebDFv3,/root/Datasets/CelebDFv3/CelebDFv3/REAL/Real_WEB/id31_0007.mp4,real/Real_WEB,id31,,1,-6.035828590393066,6.035828590393066,0.0,60.15216064453125,30.0,1.0,0.0625,0.02070428617298603,0.005886910483241081,0.007315687369555235,0.01317443698644638
CelebDFv3,/root/Datasets/CelebDFv3/CelebDFv3/REAL/Real_WEB/id31_0008.mp4,real/Real_WEB,id31,,1,2.741121292114258,-2.741121292114258,0.0,34.13776779174805,30.0,0.0,0.0,0.005913276690989733,0.011568405665457249,0.005470027215778828,0.009850683622062206
CelebDFv3,/root/Datasets/CelebDFv3/CelebDFv3/REAL/Real_WEB/id31_0009.mp4,real/Real_WEB,id31,,1,1.1495641469955444,-1.1495641469955444,0.0,18.0233097076416,30.0,1.0,0.03125,0.0061537520959973335,0.006489254534244537,0.0028180498629808426,0.0050748782232403755
CelebDFv3,/root/Datasets/CelebDFv3/CelebDFv3/REAL/Real_WEB/id48_0000.mp4,real/Real_WEB,id48,,1,-1.736067533493042,1.736067533493042,0.0,38.87500762939453,30.0,0.0,0.0,0.0031629069708287716,0.004454825539141893,0.0018217033939436078,0.0032530417665839195
CelebDFv3,/root/Datasets/CelebDFv3/CelebDFv3/REAL/Real_WEB/id48_0001.mp4,real/Real_WEB,id48,,1,1.8807237148284912,-1.8807237148284912,0.0,22.49929428100586,30.0,0.0,0.0,0.00695323571562767,0.008593305945396423,0.002863603411242366,0.00511357793584466
CelebDFv3,/root/Datasets/CelebDFv3/CelebDFv3/REAL/Real_WEB/id48_0002.mp4,real/Real_WEB,id48,,1,0.21732911467552185,-0.21732911467552185,0.0,28.82500457763672,30.0,0.0,0.0,0.0037182390224188566,0.005291036330163479,0.002494830172508955,0.004455053247511387
CelebDFv3,/root/Datasets/CelebDFv3/CelebDFv3/REAL/Real_WEB/id48_0003.mp4,real/Real_WEB,id48,,1,-0.3786645233631134,0.3786645233631134,0.0,28.6043643951416,30.0,1.0,0.0625,0.009303020313382149,0.025654485449194908,0.008840721100568771,0.015787003561854362
CelebDFv3,/root/Datasets/CelebDFv3/CelebDFv3/REAL/Real_WEB/id48_0004.mp4,real/Real_WEB,id48,,1,1.9150428771972656,-1.9150428771972656,0.0,33.50031661987305,30.0,0.0,0.0,0.005810256581753492,0.003258968237787485,0.005823900923132896,0.010399822145700455
CelebDFv3,/root/Datasets/CelebDFv3/CelebDFv3/REAL/Real_WEB/id48_0005.mp4,real/Real_WEB,id48,,1,2.3695178031921387,-2.3695178031921387,0.0,35.3222770690918,30.0,0.0,0.0,0.0014392773155122995,0.002521014539524913,0.001124770031310618,0.0020085179712623358
CelebDFv3,/root/Datasets/CelebDFv3/CelebDFv3/REAL/Real_WEB/id48_0006.mp4,real/Real_WEB,id48,,1,2.608776092529297,-2.608776092529297,0.0,24.770200729370117,30.0,0.0,0.0,0.007381517440080643,0.05739821121096611,0.009203481487929821,0.012074966914951801
CelebDFv3,/root/Datasets/CelebDFv3/CelebDFv3/REAL/Real_WEB/id48_0007.mp4,real/Real_WEB,id48,,1,2.204575777053833,-2.204575777053833,0.0,32.15357208251953,30.0,0.0,0.0,0.0037414017133414745,0.0042760674841701984,0.0018461222061887383,0.002422112273052335
CelebDFv3,/root/Datasets/CelebDFv3/CelebDFv3/REAL/Real_WEB/id48_0008.mp4,real/Real_WEB,id48,,1,-4.69944429397583,4.69944429397583,0.0,52.1541633605957,30.0,0.0,0.0,0.0041330354288220406,0.0037439479492604733,0.00429126713424921,0.00427410239353776
CelebDFv3,/root/Datasets/CelebDFv3/CelebDFv3/REAL/Real_WEB/id48_0009.mp4,real/Real_WEB,id48,,1,2.930631637573242,-2.930631637573242,0.0,29.88298988342285,30.0,0.0,0.0,0.004630819894373417,0.0051569705829024315,0.00243418850004673,0.004352658987045288
CelebDFv3,/root/Datasets/CelebDFv3/CelebDFv3/REAL/Real_WEB/id51_0000.mp4,real/Real_WEB,id51,,1,-0.4081924259662628,0.4081924259662628,0.0,19.40114402770996,30.0,0.0,0.0,0.009545931592583656,0.004671766422688961,0.005335569381713867,0.009554910473525524
CelebDFv3,/root/Datasets/CelebDFv3/CelebDFv3/REAL/Real_WEB/id51_0001.mp4,real/Real_WEB,id51,,1,-2.2891721725463867,2.2891721725463867,0.0,65.76915740966797,30.0,1.0,0.03125,0.006156907882541418,0.00802967045456171,0.0048118215054273605,0.008616985753178596
CelebDFv3,/root/Datasets/CelebDFv3/CelebDFv3/REAL/Real_WEB/id51_0002.mp4,real/Real_WEB,id51,,1,1.148004412651062,-1.148004412651062,0.0,20.467147827148438,30.0,0.0,0.0,0.008858821354806423,0.01092757098376751,0.00461184186860919,0.008258863352239132
CelebDFv3,/root/Datasets/CelebDFv3/CelebDFv3/REAL/Real_WEB/id51_0003.mp4,real/Real_WEB,id51,,1,-3.4985554218292236,3.4985554218292236,0.0,36.187217712402344,30.0,1.0,0.078125,0.01750873401761055,0.014564826153218746,0.010177298448979855,0.018225455656647682
CelebDFv3,/root/Datasets/CelebDFv3/CelebDFv3/REAL/Real_WEB/id51_0004.mp4,real/Real_WEB,id51,,1,0.43147170543670654,-0.43147170543670654,0.0,20.7434139251709,29.00000762939453,1.0,0.1875,0.004320952575653791,0.005033497698605061,0.004057464189827442,0.0072660865262150764
CelebDFv3,/root/Datasets/CelebDFv3/CelebDFv3/REAL/Real_WEB/id51_0005.mp4,real/Real_WEB,id51,,1,-0.5001908540725708,0.5001908540725708,0.0,33.72798538208008,30.0,0.0,0.0,0.011493980884552002,0.01932089775800705,0.0046537453308701515,0.008333902806043625
CelebDFv3,/root/Datasets/CelebDFv3/CelebDFv3/REAL/Real_WEB/id51_0006.mp4,real/Real_WEB,id51,,1,0.8586691617965698,-0.8586691617965698,0.0,36.33866500854492,29.900009155273438,0.0,0.0,0.0044459132477641106,0.020828867331147194,0.0038743200711905956,0.006938112433999777
CelebDFv3,/root/Datasets/CelebDFv3/CelebDFv3/REAL/Real_WEB/id51_0007.mp4,real/Real_WEB,id51,,1,-2.121096611022949,2.121096611022949,0.0,31.046140670776367,30.0,0.0,0.0,0.003924746997654438,0.004321057815104723,0.001971634803339839,0.003530793124809861
CelebDFv3,/root/Datasets/CelebDFv3/CelebDFv3/REAL/Real_WEB/id51_0008.mp4,real/Real_WEB,id51,,1,1.4238111972808838,-1.4238111972808838,0.0,24.234542846679688,30.0,0.0,0.0,0.006398593075573444,0.013998306356370449,0.0037246139254420996,0.006670019589364529
CelebDFv3,/root/Datasets/CelebDFv3/CelebDFv3/REAL/Real_WEB/id51_0009.mp4,real/Real_WEB,id51,,1,-0.244288370013237,0.244288370013237,0.0,24.91828155517578,30.0,0.0,0.0,0.012064900249242783,0.009455641731619835,0.004133408423513174,0.0074020870961248875
CelebDFv3,/root/Datasets/CelebDFv3/CelebDFv3/REAL/Real_WEB/id54_0000.mp4,real/Real_WEB,id54,,1,-0.8123549222946167,0.8123549222946167,0.0,27.211544036865234,30.0,0.0,0.0,0.013441361486911774,0.006905884016305208,0.00356887630186975,0.0063911257311701775
CelebDFv3,/root/Datasets/CelebDFv3/CelebDFv3/REAL/Real_WEB/id54_0001.mp4,real/Real_WEB,id54,,1,-1.322530746459961,1.322530746459961,0.0,36.43754959106445,30.0,0.0,0.0,0.011386877857148647,0.04509987309575081,0.0046966965310275555,0.008410820737481117
CelebDFv3,/root/Datasets/CelebDFv3/CelebDFv3/REAL/Real_WEB/id54_0002.mp4,real/Real_WEB,id54,,1,-0.5737010836601257,0.5737010836601257,0.0,37.636878967285156,30.0,0.0,0.0,0.0036741371732205153,0.005477316677570343,0.0015292152529582381,0.0027385111898183823
CelebDFv3,/root/Datasets/CelebDFv3/CelebDFv3/REAL/Real_WEB/id54_0003.mp4,real/Real_WEB,id54,,1,1.6170854568481445,-1.6170854568481445,0.0,45.23632049560547,30.0,0.0,0.0,0.0019193238113075495,0.005073403939604759,0.001829562010243535,0.00327637093141675
CelebDFv3,/root/Datasets/CelebDFv3/CelebDFv3/REAL/Real_WEB/id54_0004.mp4,real/Real_WEB,id54,,1,-1.2840089797973633,1.2840089797973633,0.0,58.28704833984375,30.0,0.0,0.0,0.0025234906934201717,0.020032308995723724,0.01051425188779831,0.018828868865966797
CelebDFv3,/root/Datasets/CelebDFv3/CelebDFv3/REAL/Real_WEB/id54_0005.mp4,real/Real_WEB,id54,,1,0.6638770699501038,-0.6638770699501038,0.0,21.98448371887207,30.0,0.0,0.0,0.01683809421956539,0.0042327088303864,0.004537080880254507,0.008124982938170433
CelebDFv3,/root/Datasets/CelebDFv3/CelebDFv3/REAL/Real_WEB/id54_0006.mp4,real/Real_WEB,id54,,1,-2.0660085678100586,2.0660085678100586,0.0,39.769126892089844,30.0,1.0,0.015625,0.00641222856938839,0.010226551443338394,0.004168655723333359,0.007465207949280739
CelebDFv3,/root/Datasets/CelebDFv3/CelebDFv3/REAL/Real_WEB/id54_0007.mp4,real/Real_WEB,id54,,1,0.5025417804718018,-0.5025417804718018,0.0,42.95399475097656,30.0,0.0,0.0,0.005850495770573616,0.006228089332580566,0.0028270957991480827,0.0050627486780285835
CelebDFv3,/root/Datasets/CelebDFv3/CelebDFv3/REAL/Real_WEB/id54_0008.mp4,real/Real_WEB,id54,,1,1.9466912746429443,-1.9466912746429443,0.0,29.65138053894043,30.0,0.0,0.0,0.0034606698900461197,0.0051812585443258286,0.0024304513353854418,0.004352439660578966
CelebDFv3,/root/Datasets/CelebDFv3/CelebDFv3/REAL/Real_WEB/id54_0009.mp4,real/Real_WEB,id54,,1,1.0327523946762085,-1.0327523946762085,0.0,26.709346771240234,30.0,0.0,0.0,0.011996203102171421,0.017855755984783173,0.004094316624104977,0.0073320819064974785
CelebDFv3,/root/Datasets/CelebDFv3/CelebDFv3/REAL/Real_WEB/id56_0000.mp4,real/Real_WEB,id56,,1,2.9049506187438965,-2.9049506187438965,0.0,22.245365142822266,30.0,0.0,0.0,0.004522778559476137,0.006530377082526684,0.0026735819410532713,0.004787837155163288
CelebDFv3,/root/Datasets/CelebDFv3/CelebDFv3/REAL/Real_WEB/id56_0001.mp4,real/Real_WEB,id56,,1,3.1297059059143066,-3.1297059059143066,0.0,22.255884170532227,30.0,0.0,0.0,0.004082794301211834,0.008833564817905426,0.0036355729680508375,0.006510565523058176
CelebDFv3,/root/Datasets/CelebDFv3/CelebDFv3/REAL/Real_WEB/id56_0002.mp4,real/Real_WEB,id56,,1,2.8720600605010986,-2.8720600605010986,0.0,30.309633255004883,30.0,0.0,0.0,0.008360156789422035,0.004874199628829956,0.0038536814972758293,0.006901153828948736
CelebDFv3,/root/Datasets/CelebDFv3/CelebDFv3/REAL/Real_WEB/id56_0003.mp4,real/Real_WEB,id56,,1,0.6283541917800903,-0.6283541917800903,0.0,25.272859573364258,30.0,0.0,0.0,0.007828695699572563,0.00556069565936923,0.00440189428627491,0.007882890291512012
CelebDFv3,/root/Datasets/CelebDFv3/CelebDFv3/REAL/Real_WEB/id56_0004.mp4,real/Real_WEB,id56,,1,0.1568884551525116,-0.1568884551525116,0.0,22.59389877319336,30.0,1.0,0.078125,0.004747523460537195,0.026673154905438423,0.005418855231255293,0.009704058058559895
CelebDFv3,/root/Datasets/CelebDFv3/CelebDFv3/REAL/Real_WEB/id56_0005.mp4,real/Real_WEB,id56,,1,-0.5489934682846069,0.5489934682846069,0.0,27.07326889038086,29.899993896484375,0.0,0.0,0.0035395079758018255,0.007527070119976997,0.001489934860728681,0.0026681681629270315
CelebDFv3,/root/Datasets/CelebDFv3/CelebDFv3/REAL/Real_WEB/id56_0006.mp4,real/Real_WEB,id56,,1,0.9927125573158264,-0.9927125573158264,0.0,27.414730072021484,30.0,0.0,0.0,0.009108142927289009,0.008241772651672363,0.0036774110049009323,0.006585489027202129
CelebDFv3,/root/Datasets/CelebDFv3/CelebDFv3/REAL/Real_WEB/id56_0007.mp4,real/Real_WEB,id56,,1,-6.181946754455566,6.181946754455566,0.0,97.22774505615234,29.00001335144043,0.0,0.0,0.011531051248311996,0.02270870842039585,0.006466434337198734,0.011580058373510838
CelebDFv3,/root/Datasets/CelebDFv3/CelebDFv3/REAL/Real_WEB/id56_0008.mp4,real/Real_WEB,id56,,1,1.785815954208374,-1.785815954208374,0.0,21.495990753173828,30.0,1.0,0.015625,0.006882276386022568,0.005526180379092693,0.0037642931565642357,0.006741076707839966
CelebDFv3,/root/Datasets/CelebDFv3/CelebDFv3/REAL/Real_WEB/id56_0009.mp4,real/Real_WEB,id56,,1,-0.5958375930786133,0.5958375930786133,0.0,35.89494323730469,30.0,0.0,0.0,0.0130088459700346,0.0028413368854671717,0.0032741460017859936,0.005863324273377657
CelebDFv3,/root/Datasets/CelebDFv3/CelebDFv3/REAL/Real_WEB/id59_0000.mp4,real/Real_WEB,id59,,1,1.4735362529754639,-1.4735362529754639,0.0,26.93056297302246,30.0,1.0,0.015625,0.017427708953619003,0.016629617661237717,0.007729821372777224,0.013842525891959667
CelebDFv3,/root/Datasets/CelebDFv3/CelebDFv3/REAL/Real_WEB/id59_0001.mp4,real/Real_WEB,id59,,1,-6.460967063903809,6.460967063903809,0.0,66.92825317382812,30.0,0.0,0.0,0.005643908400088549,0.0041246297769248486,0.002580308821052313,0.004620803985744715
CelebDFv3,/root/Datasets/CelebDFv3/CelebDFv3/REAL/Real_WEB/id59_0002.mp4,real/Real_WEB,id59,,1,-0.8035540580749512,0.8035540580749512,0.0,23.54746437072754,30.0,1.0,0.5,0.014703567139804363,0.028099747374653816,0.01722421869635582,0.030845049768686295
CelebDFv3,/root/Datasets/CelebDFv3/CelebDFv3/REAL/Real_WEB/id59_0003.mp4,real/Real_WEB,id59,,1,-2.5867443084716797,2.5867443084716797,0.0,68.01834869384766,30.0,1.0,0.125,0.02235492505133152,0.01174049824476242,0.012959638610482216,0.023208055645227432
CelebDFv3,/root/Datasets/CelebDFv3/CelebDFv3/REAL/Real_WEB/id59_0004.mp4,real/Real_WEB,id59,,1,-0.8231409788131714,0.8231409788131714,0.0,21.883220672607422,30.0,0.0,0.0,0.011642985977232456,0.01795387640595436,0.003345229895785451,0.005990620702505112
CelebDFv3,/root/Datasets/CelebDFv3/CelebDFv3/REAL/Real_WEB/id59_0005.mp4,real/Real_WEB,id59,,1,1.2548301219940186,-1.2548301219940186,0.0,20.398239135742188,30.0,0.0,0.0,0.00615364545956254,0.07069624215364456,0.007191655691713095,0.012878780253231525
CelebDFv3,/root/Datasets/CelebDFv3/CelebDFv3/REAL/Real_WEB/id59_0006.mp4,real/Real_WEB,id59,,1,-0.03606468439102173,0.03606468439102173,0.0,22.473310470581055,30.0,0.0,0.0,0.026768673211336136,0.015245147049427032,0.012029353529214859,0.021542105823755264
CelebDFv3,/root/Datasets/CelebDFv3/CelebDFv3/REAL/Real_WEB/id59_0007.mp4,real/Real_WEB,id59,,1,2.4329397678375244,-2.4329397678375244,0.0,28.754047393798828,30.0,0.0,0.0,0.02855682373046875,0.02722414769232273,0.0028917070012539625,0.005178453866392374
CelebDFv3,/root/Datasets/CelebDFv3/CelebDFv3/REAL/Real_WEB/id59_0008.mp4,real/Real_WEB,id59,,1,1.048689603805542,-1.048689603805542,0.0,28.33599853515625,30.0,0.0,0.0,0.0017376530449837446,0.001199925784021616,0.001308675273321569,0.0023435691837221384
CelebDFv3,/root/Datasets/CelebDFv3/CelebDFv3/REAL/Real_WEB/id59_0009.mp4,real/Real_WEB,id59,,1,-1.8394527435302734,1.8394527435302734,0.0,36.48684310913086,30.0,1.0,0.015625,0.01956721395254135,0.024407120421528816,0.008154628798365593,0.014603266492486
CelebDFv3,/root/Datasets/CelebDFv3/CelebDFv3/REAL/Real_WEB/id8_0000.mp4,real/Real_WEB,id8,,1,-6.8635759353637695,6.8635759353637695,0.0,130.07086181640625,30.0,0.0,0.0,0.003885081969201565,0.008885590359568596,0.0035856026224792004,0.006755275186151266
CelebDFv3,/root/Datasets/CelebDFv3/CelebDFv3/REAL/Real_WEB/id8_0001.mp4,real/Real_WEB,id8,,1,-1.012796401977539,1.012796401977539,0.0,25.27194595336914,30.0,0.0,0.0,0.004126172512769699,0.0057687461376190186,0.0014789029955863953,0.002786253346130252
CelebDFv3,/root/Datasets/CelebDFv3/CelebDFv3/REAL/Real_WEB/id8_0002.mp4,real/Real_WEB,id8,,1,1.2941665649414062,-1.2941665649414062,0.0,32.22349548339844,30.0,1.0,0.03125,0.004281108733266592,0.007296094670891762,0.0024921242147684097,0.004695161711424589
CelebDFv3,/root/Datasets/CelebDFv3/CelebDFv3/REAL/Real_WEB/id8_0003.mp4,real/Real_WEB,id8,,1,-0.3974342942237854,0.3974342942237854,0.0,43.59645462036133,30.0,0.0,0.0,0.003733295015990734,0.014689072966575623,0.002341755200177431,0.0044118668884038925
CelebDFv3,/root/Datasets/CelebDFv3/CelebDFv3/REAL/Real_WEB/id8_0004.mp4,real/Real_WEB,id8,,1,-8.94863510131836,8.94863510131836,0.0,76.5811996459961,30.0,0.0,0.0,0.007827765308320522,0.007261237129569054,0.0026035811752080917,0.004905147012323141
CelebDFv3,/root/Datasets/CelebDFv3/CelebDFv3/REAL/Real_WEB/id8_0005.mp4,real/Real_WEB,id8,,1,0.18248437345027924,-0.18248437345027924,0.0,29.267807006835938,30.0,0.0,0.0,0.013034303672611713,0.012610740028321743,0.009526603855192661,0.017948122695088387
CelebDFv3,/root/Datasets/CelebDFv3/CelebDFv3/REAL/Real_WEB/id8_0006.mp4,real/Real_WEB,id8,,1,-8.932222366333008,8.932222366333008,0.0,41.08143997192383,30.0,0.0,0.0,0.003884779755026102,0.011532006785273552,0.005787339527159929,0.01090334728360176
CelebDFv3,/root/Datasets/CelebDFv3/CelebDFv3/REAL/Real_WEB/id8_0007.mp4,real/Real_WEB,id8,,1,-0.9208328723907471,0.9208328723907471,0.0,23.756996154785156,30.0,0.0,0.0,0.014771963469684124,0.05832521617412567,0.0014958736719563603,0.0028182261157780886
CelebDFv3,/root/Datasets/CelebDFv3/CelebDFv3/REAL/Real_WEB/id8_0008.mp4,real/Real_WEB,id8,,1,-0.7778019309043884,0.7778019309043884,0.0,30.105998992919922,30.0,0.0,0.0,0.0057255965657532215,0.006090149283409119,0.001171272131614387,0.0022066766396164894
CelebDFv3,/root/Datasets/CelebDFv3/CelebDFv3/REAL/Real_WEB/id8_0009.mp4,real/Real_WEB,id8,,1,-0.5495392680168152,0.5495392680168152,0.0,27.449813842773438,30.0,1.0,0.03125,0.015577366575598717,0.013803590089082718,0.0037899368908256292,0.007140240631997585
CelebDFv3,/root/Datasets/CelebDFv3/CelebDFv3/REAL/Real_YouTube/00004.mp4,real/Real_YouTube,youtube_00004,,1,-2.0780997276306152,2.0780997276306152,0.0,38.87019729614258,30.0,0.0,0.0,0.008238247595727444,0.010902742855250835,0.0017665984341874719,0.0031516114249825478
CelebDFv3,/root/Datasets/CelebDFv3/CelebDFv3/REAL/Real_YouTube/00012.mp4,real/Real_YouTube,youtube_00012,,1,-3.527932643890381,3.527932643890381,0.0,49.88170623779297,30.0,1.0,0.015625,0.023576803505420685,0.020048007369041443,0.007693118881434202,0.013724523596465588
CelebDFv3,/root/Datasets/CelebDFv3/CelebDFv3/REAL/Real_YouTube/00020.mp4,real/Real_YouTube,youtube_00020,,1,-8.237021446228027,8.237021446228027,0.0,80.70249938964844,30.0,0.0,0.0,0.0041008638218045235,0.010151226073503494,0.005254227668046951,0.009373541921377182
CelebDFv3,/root/Datasets/CelebDFv3/CelebDFv3/REAL/Real_YouTube/00022.mp4,real/Real_YouTube,youtube_00022,,1,-6.675729751586914,6.675729751586914,0.0,42.07378387451172,30.0,0.0,0.0,0.005401767324656248,0.01263774186372757,0.0025639000814408064,0.004573998041450977
CelebDFv3,/root/Datasets/CelebDFv3/CelebDFv3/REAL/Real_YouTube/00042.mp4,real/Real_YouTube,youtube_00042,,1,-3.521787166595459,3.521787166595459,0.0,24.5263729095459,30.0,0.0,0.0,0.014418315142393112,0.009819839149713516,0.00793585553765297,0.014157567173242569
CelebDFv3,/root/Datasets/CelebDFv3/CelebDFv3/REAL/Real_YouTube/00051.mp4,real/Real_YouTube,youtube_00051,,1,-1.5037622451782227,1.5037622451782227,0.0,44.40999221801758,30.0,0.0,0.0,0.005514800548553467,0.008479836396872997,0.002141640055924654,0.003820685902610421
CelebDFv3,/root/Datasets/CelebDFv3/CelebDFv3/REAL/Real_YouTube/00052.mp4,real/Real_YouTube,youtube_00052,,1,-3.79606032371521,3.79606032371521,0.0,49.44483184814453,30.0,0.0,0.0,0.011132375337183475,0.005027429200708866,0.0032087755389511585,0.0057244556955993176
CelebDFv3,/root/Datasets/CelebDFv3/CelebDFv3/REAL/Real_YouTube/00053.mp4,real/Real_YouTube,youtube_00053,,1,-3.454207420349121,3.454207420349121,0.0,22.636629104614258,30.0,1.0,0.09375,0.018428238108754158,0.019774070009589195,0.010572986677289009,0.018777623772621155
CelebDFv3,/root/Datasets/CelebDFv3/CelebDFv3/REAL/Real_YouTube/00055.mp4,real/Real_YouTube,youtube_00055,,1,-4.900369167327881,4.900369167327881,0.0,42.389312744140625,30.0,0.0,0.0,0.01181976031512022,0.004924029111862183,0.003574944566935301,0.006349101662635803
CelebDFv3,/root/Datasets/CelebDFv3/CelebDFv3/REAL/Real_YouTube/00060.mp4,real/Real_YouTube,youtube_00060,,1,-2.958658218383789,2.958658218383789,0.0,59.872581481933594,30.0,0.0,0.0,0.010109847411513329,0.0053231315687298775,0.0036818208172917366,0.006568367592990398
CelebDFv3,/root/Datasets/CelebDFv3/CelebDFv3/REAL/Real_YouTube/00066.mp4,real/Real_YouTube,youtube_00066,,1,-4.133650779724121,4.133650779724121,0.0,46.07601547241211,30.0,0.0,0.0,0.009014933370053768,0.004549077246338129,0.0013860425679013133,0.0024726998526602983
CelebDFv3,/root/Datasets/CelebDFv3/CelebDFv3/REAL/Real_YouTube/00076.mp4,real/Real_YouTube,youtube_00076,,1,-0.9590615034103394,0.9590615034103394,0.0,33.89750671386719,30.0,0.0,0.0,0.025476869195699692,0.033088065683841705,0.004954593256115913,0.0087993573397398
CelebDFv3,/root/Datasets/CelebDFv3/CelebDFv3/REAL/Real_YouTube/00081.mp4,real/Real_YouTube,youtube_00081,,1,0.31122034788131714,-0.31122034788131714,0.0,27.07575225830078,30.0,0.0,0.0,0.007034355774521828,0.0253592561930418,0.004085169639438391,0.007287942338734865
CelebDFv3,/root/Datasets/CelebDFv3/CelebDFv3/REAL/Real_YouTube/00083.mp4,real/Real_YouTube,youtube_00083,,1,-7.332751274108887,7.332751274108887,0.0,104.37686920166016,30.0,0.0,0.0,0.005450480617582798,0.005444520618766546,0.0026672231033444405,0.004736988339573145
CelebDFv3,/root/Datasets/CelebDFv3/CelebDFv3/REAL/Real_YouTube/00091.mp4,real/Real_YouTube,youtube_00091,,1,-9.403831481933594,9.403831481933594,0.0,96.89888763427734,30.0,0.0,0.0,0.0034207762219011784,0.0030017441604286432,0.0018643694929778576,0.0033260355703532696
CelebDFv3,/root/Datasets/CelebDFv3/CelebDFv3/REAL/Real_YouTube/00113.mp4,real/Real_YouTube,youtube_00113,,1,-5.935135841369629,5.935135841369629,0.0,94.33206939697266,30.0,0.0,0.0,0.006280503235757351,0.007194180507212877,0.005262897349894047,0.009389009326696396
CelebDFv3,/root/Datasets/CelebDFv3/CelebDFv3/REAL/Real_YouTube/00115.mp4,real/Real_YouTube,youtube_00115,,1,-0.5102062821388245,0.5102062821388245,0.0,37.7320556640625,30.0,0.0,0.0,0.010824218392372131,0.008668693713843822,0.004645814653486013,0.008288132958114147
CelebDFv3,/root/Datasets/CelebDFv3/CelebDFv3/REAL/Real_YouTube/00117.mp4,real/Real_YouTube,youtube_00117,,1,-2.8908183574676514,2.8908183574676514,0.0,51.57847595214844,30.0,1.0,0.015625,0.018958918750286102,0.01904872991144657,0.007827168330550194,0.013963667675852776
CelebDFv3,/root/Datasets/CelebDFv3/CelebDFv3/REAL/Real_YouTube/00124.mp4,real/Real_YouTube,youtube_00124,,1,-11.406767845153809,11.406767845153809,0.0,121.7046890258789,30.0,1.0,0.203125,0.026498138904571533,0.04002133756875992,0.023490600287914276,0.041907232254743576
CelebDFv3,/root/Datasets/CelebDFv3/CelebDFv3/REAL/Real_YouTube/00134.mp4,real/Real_YouTube,youtube_00134,,1,-3.837757110595703,3.837757110595703,0.0,69.57588195800781,30.0,0.0,0.0,0.004601044114679098,0.014159142971038818,0.005856722593307495,0.010448392480611801
CelebDFv3,/root/Datasets/CelebDFv3/CelebDFv3/REAL/Real_YouTube/00135.mp4,real/Real_YouTube,youtube_00135,,1,-3.1439051628112793,3.1439051628112793,0.0,37.26443099975586,30.0,0.0,0.0,0.012016658671200275,0.023418625816702843,0.008098836056888103,0.014448324218392372
CelebDFv3,/root/Datasets/CelebDFv3/CelebDFv3/REAL/Real_YouTube/00155.mp4,real/Real_YouTube,youtube_00155,,1,-2.6920723915100098,2.6920723915100098,0.0,35.76513671875,30.0,1.0,0.03125,0.017079196870326996,0.0173110980540514,0.013250135816633701,0.02363823913037777
CelebDFv3,/root/Datasets/CelebDFv3/CelebDFv3/REAL/Real_YouTube/00157.mp4,real/Real_YouTube,youtube_00157,,1,-7.721843719482422,7.721843719482422,0.0,90.9732666015625,30.0,1.0,0.03125,0.007955152541399002,0.007560254540294409,0.005330999381840229,0.009510503150522709
CelebDFv3,/root/Datasets/CelebDFv3/CelebDFv3/REAL/Real_YouTube/00170.mp4,real/Real_YouTube,youtube_00170,,1,-7.377280235290527,7.377280235290527,0.0,96.54732513427734,30.0,1.0,0.03125,0.005970212165266275,0.0032504533883184195,0.005780613981187344,0.010266370140016079
CelebDFv3,/root/Datasets/CelebDFv3/CelebDFv3/REAL/Real_YouTube/00176.mp4,real/Real_YouTube,youtube_00176,,1,-14.052234649658203,14.052234649658203,0.0,121.96800231933594,30.0,0.0,0.0,0.00456058606505394,0.006906298454850912,0.0020396371837705374,0.00363871268928051
CelebDFv3,/root/Datasets/CelebDFv3/CelebDFv3/REAL/Real_YouTube/00199.mp4,real/Real_YouTube,youtube_00199,,1,-7.117650032043457,7.117650032043457,0.0,67.65186309814453,30.0,0.0,0.0,0.00673281867057085,0.022192584350705147,0.017148708924651146,0.030593298375606537
CelebDFv3,/root/Datasets/CelebDFv3/CelebDFv3/REAL/Real_YouTube/00215.mp4,real/Real_YouTube,youtube_00215,,1,-0.5418866872787476,0.5418866872787476,0.0,35.63407897949219,30.0,0.0,0.0,0.008699066936969757,0.011698395945131779,0.005762975197285414,0.010281147435307503
CelebDFv3,/root/Datasets/CelebDFv3/CelebDFv3/REAL/Real_YouTube/00220.mp4,real/Real_YouTube,youtube_00220,,1,-3.6995792388916016,3.6995792388916016,0.0,32.129150390625,30.0,0.0,0.0,0.03495105355978012,0.008454968221485615,0.0045255934819579124,0.008073658682405949
CelebDFv3,/root/Datasets/CelebDFv3/CelebDFv3/REAL/Real_YouTube/00223.mp4,real/Real_YouTube,youtube_00223,,1,-1.0918954610824585,1.0918954610824585,0.0,29.535402297973633,30.0,0.0,0.0,0.018269822001457214,0.00776591245085001,0.015198841691017151,0.02699314057826996
CelebDFv3,/root/Datasets/CelebDFv3/CelebDFv3/REAL/Real_YouTube/00228.mp4,real/Real_YouTube,youtube_00228,,1,-10.941685676574707,10.941685676574707,0.0,91.87905883789062,30.0,0.0,0.0,0.00724284490570426,0.010750249959528446,0.005388528108596802,0.009613133035600185
CelebDFv3,/root/Datasets/CelebDFv3/CelebDFv3/REAL/Real_YouTube/00242.mp4,real/Real_YouTube,youtube_00242,,1,-4.433025360107422,4.433025360107422,0.0,27.820770263671875,30.0,1.0,0.03125,0.01910727471113205,0.023317676037549973,0.006324279587715864,0.011282513849437237
CelebDFv3,/root/Datasets/CelebDFv3/CelebDFv3/REAL/Real_YouTube/00243.mp4,real/Real_YouTube,youtube_00243,,1,0.21688444912433624,-0.21688444912433624,0.0,49.91381072998047,30.0,0.0,0.0,0.006659821607172489,0.010103471577167511,0.004645755980163813,0.008288027718663216
CelebDFv3,/root/Datasets/CelebDFv3/CelebDFv3/REAL/Real_YouTube/00249.mp4,real/Real_YouTube,youtube_00249,,1,-5.634700775146484,5.634700775146484,0.0,59.122440338134766,30.0,1.0,0.015625,0.006498456932604313,0.016188902780413628,0.0034064194187521935,0.006049801129847765
CelebDFv3,/root/Datasets/CelebDFv3/CelebDFv3/REAL/Real_YouTube/00250.mp4,real/Real_YouTube,youtube_00250,,1,2.6094517707824707,-2.6094517707824707,0.0,30.887388229370117,30.0,0.0,0.0,0.020814619958400726,0.01631724275648594,0.011960111558437347,0.021256379783153534
CelebDFv3,/root/Datasets/CelebDFv3/CelebDFv3/REAL/Real_YouTube/00268.mp4,real/Real_YouTube,youtube_00268,,1,2.422468662261963,-2.422468662261963,0.0,27.84480857849121,30.0,0.0,0.0,0.003402556059882045,0.005031927488744259,0.0037841424345970154,0.005055614747107029
CelebDFv3,/root/Datasets/CelebDFv3/CelebDFv3/REAL/Real_YouTube/00270.mp4,real/Real_YouTube,youtube_00270,,1,-5.885664939880371,5.885664939880371,0.0,75.22319030761719,30.0,0.0,0.0,0.0090774642303586,0.005823815241456032,0.0028921228367835283,0.005193514283746481
CelebDFv3,/root/Datasets/CelebDFv3/CelebDFv3/REAL/Real_YouTube/00273.mp4,real/Real_YouTube,youtube_00273,,1,-1.576073169708252,1.576073169708252,0.0,28.726102828979492,30.0,0.0,0.0,0.013544951565563679,0.08144744485616684,0.004863791633397341,0.008734127506613731
CelebDFv3,/root/Datasets/CelebDFv3/CelebDFv3/REAL/Real_YouTube/00284.mp4,real/Real_YouTube,youtube_00284,,1,0.10461771488189697,-0.10461771488189697,0.0,20.401031494140625,30.0,1.0,0.015625,0.048772141337394714,0.047782640904188156,0.009254667907953262,0.016573213040828705
CelebDFv3,/root/Datasets/CelebDFv3/CelebDFv3/REAL/Real_YouTube/00287.mp4,real/Real_YouTube,youtube_00287,,1,-0.43015342950820923,0.43015342950820923,0.0,47.092864990234375,30.0,0.0,0.0,0.009102271869778633,0.0179667379707098,0.004885686561465263,0.008749264292418957
CelebDFv3,/root/Datasets/CelebDFv3/CelebDFv3/REAL/Real_YouTube/00290.mp4,real/Real_YouTube,youtube_00290,,1,-5.389706134796143,5.389706134796143,0.0,70.18952178955078,30.0,0.0,0.0,0.0025751995854079723,0.014536622911691666,0.008470484055578709,0.015168899670243263
CelebDFv3,/root/Datasets/CelebDFv3/CelebDFv3/REAL/Real_YouTube/00291.mp4,real/Real_YouTube,youtube_00291,,1,-8.478178024291992,8.478178024291992,0.0,99.03759765625,29.700000762939453,0.0,0.0,0.02283727377653122,0.027618562802672386,0.01602889969944954,0.02870447188615799
CelebDFv3,/root/Datasets/CelebDFv3/CelebDFv3/REAL/Real_YouTube/00292.mp4,real/Real_YouTube,youtube_00292,,1,-3.168877363204956,3.168877363204956,0.0,39.077091217041016,30.0,0.0,0.0,0.0037483819760382175,0.004520221147686243,0.0014656640123575926,0.0026247038040310144
CelebDFv3,/root/Datasets/CelebDFv3/CelebDFv3/FAKE/FaceReenact/DaGAN/id31_id3_0000.mp4,FaceReenact/DaGAN,id31,id3,0,-0.10082107782363892,0.10082107782363892,0.0,20.397438049316406,30.0,1.0,0.140625,0.022795217111706734,0.024110784754157066,0.012067600153386593,0.012067600153386593
CelebDFv3,/root/Datasets/CelebDFv3/CelebDFv3/FAKE/FaceReenact/FSRT/id31_id34_0002.mp4,FaceReenact/FSRT,id31,id34,0,0.7913758754730225,-0.7913758754730225,0.0,25.948516845703125,20.0,0.0,0.0,0.022998159751296043,0.022329308092594147,0.035752471536397934,0.035752471536397934
CelebDFv3,/root/Datasets/CelebDFv3/CelebDFv3/FAKE/FaceReenact/HyperReenact/id48_id46_0001.mp4,FaceReenact/HyperReenact,id48,id46,0,2.314617395401001,-2.314617395401001,0.0,26.027969360351562,25.0,0.0,0.0,0.003162088803946972,0.0037252865731716156,0.005094574298709631,0.005094574298709631
CelebDFv3,/root/Datasets/CelebDFv3/CelebDFv3/FAKE/FaceReenact/LIA/id8_id0_0008.mp4,FaceReenact/LIA,id8,id0,0,4.116994380950928,-4.116994380950928,0.0,34.15686798095703,30.0,0.0,0.0,0.017174087464809418,0.013864334672689438,0.007954735308885574,0.007954735308885574
CelebDFv3,/root/Datasets/CelebDFv3/CelebDFv3/FAKE/FaceReenact/LivePortrait/id31_id38_0006.mp4,FaceReenact/LivePortrait,id31,id38,0,-3.7877416610717773,3.7877416610717773,0.0,38.510643005371094,30.0,1.0,0.03125,0.006175252143293619,0.0046753291971981525,0.0034595392644405365,0.006230102386325598
CelebDFv3,/root/Datasets/CelebDFv3/CelebDFv3/FAKE/FaceReenact/MCNET/id23_id3_0006.mp4,FaceReenact/MCNET,id23,id3,0,2.8854007720947266,-2.8854007720947266,0.0,14.933842658996582,30.0,1.0,0.28125,0.030482105910778046,0.017600739374756813,0.013450894504785538,0.013450894504785538
CelebDFv3,/root/Datasets/CelebDFv3/CelebDFv3/FAKE/FaceReenact/TPSMM/id23_id31_0002.mp4,FaceReenact/TPSMM,id23,id31,0,1.3666554689407349,-1.3666554689407349,0.0,25.128267288208008,30.0,1.0,0.046875,0.01188153587281704,0.00563108641654253,0.014492945745587349,0.014492945745587349
CelebDFv3,/root/Datasets/CelebDFv3/CelebDFv3/FAKE/FaceSwap/BlendFace/id31_id29_0001.mp4,FaceSwap/BlendFace,id31,id29,0,-1.0363749265670776,1.0363749265670776,0.0,28.087358474731445,30.0,0.0,0.0,0.0032162463758140802,0.0050504859536886215,0.0019507042597979307,0.0035129208117723465
CelebDFv3,/root/Datasets/CelebDFv3/CelebDFv3/FAKE/FaceSwap/Celeb-DF-v2/id26_id17_0005.mp4,FaceSwap/Celeb-DF-v2,id26,id17,0,-0.49378788471221924,0.49378788471221924,0.0,54.228694915771484,30.0,0.0,0.0,0.002895248355343938,0.003421604633331299,0.00424443744122982,0.00471007265150547
CelebDFv3,/root/Datasets/CelebDFv3/CelebDFv3/FAKE/FaceSwap/GHOST/id31_id3_0000.mp4,FaceSwap/GHOST,id31,id3,0,0.7914161682128906,-0.7914161682128906,0.0,23.59955406188965,30.0,0.0,0.0,0.005496674217283726,0.007768278010189533,0.003566327504813671,0.006422411184757948
CelebDFv3,/root/Datasets/CelebDFv3/CelebDFv3/FAKE/FaceSwap/HifiFace/id31_id33_0009.mp4,FaceSwap/HifiFace,id31,id33,0,1.668306827545166,-1.668306827545166,0.0,18.6866512298584,30.0,1.0,0.015625,0.007192765362560749,0.007123875431716442,0.003273224923759699,0.005894578527659178
CelebDFv3,/root/Datasets/CelebDFv3/CelebDFv3/FAKE/FaceSwap/InSwapper/id26_id2_0005.mp4,FaceSwap/InSwapper,id26,id2,0,-1.4628769159317017,1.4628769159317017,0.0,55.99435043334961,30.0,0.0,0.0,0.003892735345289111,0.00977244321256876,0.004283946473151445,0.004753915127366781
CelebDFv3,/root/Datasets/CelebDFv3/CelebDFv3/FAKE/FaceSwap/MobileFaceSwap/id54_id57_0008.mp4,FaceSwap/MobileFaceSwap,id54,id57,0,3.816545248031616,-3.816545248031616,0.0,23.472097396850586,30.0,0.0,0.0,0.003421534551307559,0.00546967051923275,0.0017967561725527048,0.0032176219392567873
CelebDFv3,/root/Datasets/CelebDFv3/CelebDFv3/FAKE/FaceSwap/SimSwap/id23_id26_0009.mp4,FaceSwap/SimSwap,id23,id26,0,2.7937164306640625,-2.7937164306640625,0.0,19.35820770263672,30.0,0.0,0.0,0.004628072492778301,0.005934069398790598,0.00338726700283587,0.004484741482883692
CelebDFv3,/root/Datasets/CelebDFv3/CelebDFv3/FAKE/FaceSwap/UniFace/id31_id9_0003.mp4,FaceSwap/UniFace,id31,id9,0,-3.38615345954895,3.38615345954895,0.0,31.182077407836914,30.0,0.0,0.0,0.005157248117029667,0.0071931141428649426,0.0038741189055144787,0.006976697128266096
CelebDFv3,/root/Datasets/CelebDFv3/CelebDFv3/FAKE/TalkingFace/AniTalker/id31_0008_test_id04536_OYH-6uGB6jI.mp4,TalkingFace/AniTalker,id31,,0,5.931981563568115,-5.931981563568115,0.0,29.432174682617188,25.0,0.0,0.0,0.010732789523899555,0.006866081617772579,0.0044829039834439754,0.0044829039834439754
CelebDFv3,/root/Datasets/CelebDFv3/CelebDFv3/FAKE/TalkingFace/EDTalk/id8_0001_test_id01989_t3crub0ikyc.mp4,TalkingFace/EDTalk,id8,,0,-0.9374241828918457,0.9374241828918457,0.0,58.33658218383789,25.0,0.0,0.0,0.014438834972679615,0.01021240372210741,0.006225130520761013,0.006225130520761013
CelebDFv3,/root/Datasets/CelebDFv3/CelebDFv3/FAKE/TalkingFace/EchoMimic/id48_0000_test_id00817_EPPT9urr8Ew.mp4,TalkingFace/EchoMimic,id48,,0,1.5066026449203491,-1.5066026449203491,0.0,28.163692474365234,24.0,0.0,0.0,0.00963724497705698,0.013137015514075756,0.01261194795370102,0.01261194795370102
CelebDFv3,/root/Datasets/CelebDFv3/CelebDFv3/FAKE/TalkingFace/FLOAT/id56_0002_test_id01822_jmFGgwXCuW0.mp4,TalkingFace/FLOAT,id56,,0,2.1513261795043945,-2.1513261795043945,0.0,24.016319274902344,25.0,0.0,0.0,0.01764472760260105,0.008970717899501324,0.011026617139577866,0.011026617139577866
CelebDFv3,/root/Datasets/CelebDFv3/CelebDFv3/FAKE/TalkingFace/IP_LAP/id11_0000_test_id00081_xjfPXNgzW6o.mp4,TalkingFace/IP_LAP,id11,,0,2.352595329284668,-2.352595329284668,0.0,26.895999908447266,25.0,1.0,0.015625,0.010353097692131996,0.010524405166506767,0.007859026081860065,0.007859026081860065
CelebDFv3,/root/Datasets/CelebDFv3/CelebDFv3/FAKE/TalkingFace/Real3DPortrait/id51_0000_test_id03862__FGtg4jkcME.mp4,TalkingFace/Real3DPortrait,id51,,0,-1.1019858121871948,1.1019858121871948,0.0,23.139192581176758,25.0,0.0,0.0,0.0186784528195858,0.009324168786406517,0.01688772439956665,0.01688772439956665
CelebDFv3,/root/Datasets/CelebDFv3/CelebDFv3/FAKE/TalkingFace/SadTalker/id11_0000_test_id08696_w3hl-OW_TVI.mp4,TalkingFace/SadTalker,id11,,0,2.113884925842285,-2.113884925842285,0.0,26.641468048095703,25.0,0.0,0.0,0.0028076372109353542,0.007302253041416407,0.004675284959375858,0.004675284959375858
CelebDFv3,/root/Datasets/CelebDFv3/CelebDFv3/FAKE/FaceReenact/DaGAN/id23_id0_0003.mp4,FaceReenact/DaGAN,id23,id0,0,-0.6137045621871948,0.6137045621871948,0.0,26.90323257446289,30.0,0.0,0.0,0.02797090820968151,0.018896665424108505,0.011388098821043968,0.011388098821043968
CelebDFv3,/root/Datasets/CelebDFv3/CelebDFv3/FAKE/FaceReenact/FSRT/id51_id54_0006.mp4,FaceReenact/FSRT,id51,id54,0,2.0769031047821045,-2.0769031047821045,0.0,30.85161018371582,20.0,0.0,0.0,0.021396907046437263,0.017387911677360535,0.01644238829612732,0.01644238829612732
CelebDFv3,/root/Datasets/CelebDFv3/CelebDFv3/FAKE/FaceReenact/HyperReenact/id31_id20_0001.mp4,FaceReenact/HyperReenact,id31,id20,0,-0.15133380889892578,0.15133380889892578,0.0,24.346708297729492,25.0,0.0,0.0,0.008818087168037891,0.0048553068190813065,0.008761713281273842,0.008761713281273842
CelebDFv3,/root/Datasets/CelebDFv3/CelebDFv3/FAKE/FaceReenact/LIA/id26_id35_0001.mp4,FaceReenact/LIA,id26,id35,0,-0.4710996150970459,0.4710996150970459,0.0,48.73566818237305,30.0,1.0,0.3125,0.016201753169298172,0.017588751390576363,0.02758195996284485,0.02758195996284485
CelebDFv3,/root/Datasets/CelebDFv3/CelebDFv3/FAKE/FaceReenact/LivePortrait/id8_id6_0007.mp4,FaceReenact/LivePortrait,id8,id6,0,-2.2019028663635254,2.2019028663635254,0.0,34.42513656616211,30.0,0.0,0.0,0.004847664851695299,0.0019263731082901359,0.0009989839745685458,0.0018820856930688024
CelebDFv3,/root/Datasets/CelebDFv3/CelebDFv3/FAKE/FaceReenact/MCNET/id51_id55_0000.mp4,FaceReenact/MCNET,id51,id55,0,0.9371315240859985,-0.9371315240859985,0.0,20.601150512695312,30.0,1.0,0.03125,0.05628032982349396,0.011167705990374088,0.029940230771899223,0.029940230771899223
CelebDFv3,/root/Datasets/CelebDFv3/CelebDFv3/FAKE/FaceReenact/TPSMM/id23_id24_0009.mp4,FaceReenact/TPSMM,id23,id24,0,4.907601833343506,-4.907601833343506,0.0,21.5174503326416,30.0,0.0,0.0,0.016343392431735992,0.00868158508092165,0.005751997232437134,0.005751997232437134
CelebDFv3,/root/Datasets/CelebDFv3/CelebDFv3/FAKE/FaceSwap/BlendFace/id51_id53_0007.mp4,FaceSwap/BlendFace,id51,id53,0,1.285512924194336,-1.285512924194336,0.0,27.973844528198242,30.0,0.0,0.0,0.003829867811873555,0.004820594098418951,0.0017727725207805634,0.0031746721360832453
CelebDFv3,/root/Datasets/CelebDFv3/CelebDFv3/FAKE/FaceSwap/Celeb-DF-v2/id31_id23_0002.mp4,FaceSwap/Celeb-DF-v2,id31,id23,0,-0.25808215141296387,0.25808215141296387,0.0,19.82499122619629,30.0,0.0,0.0,0.020133299753069878,0.04254318028688431,0.014044264331459999,0.025291578844189644
CelebDFv3,/root/Datasets/CelebDFv3/CelebDFv3/FAKE/FaceSwap/GHOST/id26_id6_0006.mp4,FaceSwap/GHOST,id26,id6,0,-0.1197696328163147,0.1197696328163147,0.0,58.80027770996094,30.0,0.0,0.0,0.024562673643231392,0.00920478068292141,0.006053533870726824,0.011023245751857758
CelebDFv3,/root/Datasets/CelebDFv3/CelebDFv3/FAKE/FaceSwap/HifiFace/id48_id44_0003.mp4,FaceSwap/HifiFace,id48,id44,0,0.40863537788391113,-0.40863537788391113,0.0,28.53655242919922,30.0,1.0,0.046875,0.010288008488714695,0.024717150256037712,0.010824586264789104,0.0193296167999506
CelebDFv3,/root/Datasets/CelebDFv3/CelebDFv3/FAKE/FaceSwap/InSwapper/id23_id6_0005.mp4,FaceSwap/InSwapper,id23,id6,0,2.47512149810791,-2.47512149810791,0.0,25.70810890197754,30.0,0.0,0.0,0.0087504331022501,0.0035660755820572376,0.004141306970268488,0.008477171882987022
CelebDFv3,/root/Datasets/CelebDFv3/CelebDFv3/FAKE/FaceSwap/MobileFaceSwap/id31_id9_0003.mp4,FaceSwap/MobileFaceSwap,id31,id9,0,-2.699465036392212,2.699465036392212,0.0,29.8754940032959,30.0,0.0,0.0,0.005165726412087679,0.007085255812853575,0.004040875472128391,0.007277000695466995
CelebDFv3,/root/Datasets/CelebDFv3/CelebDFv3/FAKE/FaceSwap/SimSwap/id25_id21_0002.mp4,FaceSwap/SimSwap,id25,id21,0,4.027225971221924,-4.027225971221924,0.0,17.014509201049805,30.0,0.0,0.0,0.013663727790117264,0.02692943997681141,0.0036780755035579205,0.00662365322932601
CelebDFv3,/root/Datasets/CelebDFv3/CelebDFv3/FAKE/FaceSwap/UniFace/id26_id3_0006.mp4,FaceSwap/UniFace,id26,id3,0,0.08987031877040863,-0.08987031877040863,0.0,64.94568634033203,30.0,1.0,0.015625,0.02530480921268463,0.008574049919843674,0.006984293460845947,0.012718124315142632
CelebDFv3,/root/Datasets/CelebDFv3/CelebDFv3/FAKE/TalkingFace/AniTalker/id54_0006_test_id01567_vpFlNPO9OGM.mp4,TalkingFace/AniTalker,id54,,0,-0.12506556510925293,0.12506556510925293,0.0,34.23607635498047,25.0,0.0,0.0,0.01436538528650999,0.009567328728735447,0.005074961576610804,0.005074961576610804
CelebDFv3,/root/Datasets/CelebDFv3/CelebDFv3/FAKE/TalkingFace/EDTalk/id59_0001_test_id01224_6YEhQLxmUz0.mp4,TalkingFace/EDTalk,id59,,0,-4.721956729888916,4.721956729888916,0.0,56.54013442993164,25.0,0.0,0.0,0.016996456310153008,0.013332875445485115,0.008808335289359093,0.008808335289359093
CelebDFv3,/root/Datasets/CelebDFv3/CelebDFv3/FAKE/TalkingFace/EchoMimic/id8_0001_test_id03862_gyM9p53LGZs.mp4,TalkingFace/EchoMimic,id8,,0,-2.1458330154418945,2.1458330154418945,0.0,26.468978881835938,24.0,0.0,0.0,0.003650304861366749,0.011818170547485352,0.0060388557612895966,0.0060388557612895966
CelebDFv3,/root/Datasets/CelebDFv3/CelebDFv3/FAKE/TalkingFace/FLOAT/id59_0006_test_id08701_yty4X4F1mQY.mp4,TalkingFace/FLOAT,id59,,0,0.8017350435256958,-0.8017350435256958,0.0,24.424808502197266,25.0,0.0,0.0,0.020016908645629883,0.016860883682966232,0.008466413244605064,0.008466413244605064
CelebDFv3,/root/Datasets/CelebDFv3/CelebDFv3/FAKE/TalkingFace/IP_LAP/id25_0008_test_id05654_kf8VbORusoE.mp4,TalkingFace/IP_LAP,id25,,0,1.371614694595337,-1.371614694595337,0.0,24.495925903320312,25.0,1.0,0.015625,0.017007099464535713,0.007621176075190306,0.009910063818097115,0.009910063818097115
CelebDFv3,/root/Datasets/CelebDFv3/CelebDFv3/FAKE/TalkingFace/Real3DPortrait/id25_0006_test_id03978_ywSqMWAhPPY.mp4,TalkingFace/Real3DPortrait,id25,,0,-1.183403491973877,1.183403491973877,0.0,98.98539733886719,25.0,1.0,0.203125,0.010209228843450546,0.007952623069286346,0.008750907145440578,0.008750907145440578
CelebDFv3,/root/Datasets/CelebDFv3/CelebDFv3/FAKE/TalkingFace/SadTalker/id31_0008_test_id01509_qLxfiUMYgQg.mp4,TalkingFace/SadTalker,id31,,0,2.8096375465393066,-2.8096375465393066,0.0,34.7529296875,25.0,0.0,0.0,0.006779037415981293,0.007998747751116753,0.01334318332374096,0.01334318332374096
CelebDFv3,/root/Datasets/CelebDFv3/CelebDFv3/FAKE/FaceReenact/DaGAN/id31_id37_0005.mp4,FaceReenact/DaGAN,id31,id37,0,-0.8705381155014038,0.8705381155014038,0.0,30.866683959960938,30.0,1.0,0.015625,0.00564529187977314,0.006943752523511648,0.006354103796184063,0.006354103796184063
CelebDFv3,/root/Datasets/CelebDFv3/CelebDFv3/FAKE/FaceReenact/FSRT/id31_id9_0002.mp4,FaceReenact/FSRT,id31,id9,0,1.0662413835525513,-1.0662413835525513,0.0,27.877214431762695,20.0,0.0,0.0,0.01028359029442072,0.009812643751502037,0.011657120659947395,0.011657120659947395
CelebDFv3,/root/Datasets/CelebDFv3/CelebDFv3/FAKE/FaceReenact/HyperReenact/id23_id33_0002.mp4,FaceReenact/HyperReenact,id23,id33,0,0.1838303804397583,-0.1838303804397583,0.0,27.605545043945312,25.0,0.0,0.0,0.004101164173334837,0.002324152970686555,0.006541414186358452,0.006541414186358452
CelebDFv3,/root/Datasets/CelebDFv3/CelebDFv3/FAKE/FaceReenact/LIA/id31_id26_0000.mp4,FaceReenact/LIA,id31,id26,0,0.4223904013633728,-0.4223904013633728,0.0,21.999452590942383,30.0,0.0,0.0,0.006486170459538698,0.0038251180667430162,0.008940496481955051,0.008940496481955051
CelebDFv3,/root/Datasets/CelebDFv3/CelebDFv3/FAKE/FaceReenact/LivePortrait/id23_id29_0001.mp4,FaceReenact/LivePortrait,id23,id29,0,-1.8200757503509521,1.8200757503509521,0.0,24.759130477905273,30.0,1.0,0.21875,0.012603946961462498,0.009156736545264721,0.007091176696121693,0.012603226117789745
CelebDFv3,/root/Datasets/CelebDFv3/CelebDFv3/FAKE/FaceReenact/MCNET/id25_id19_0003.mp4,FaceReenact/MCNET,id25,id19,0,1.9680352210998535,-1.9680352210998535,0.0,25.40731430053711,29.670000076293945,0.0,0.0,0.008061758242547512,0.007346796803176403,0.011608817614614964,0.011608817614614964
CelebDFv3,/root/Datasets/CelebDFv3/CelebDFv3/FAKE/FaceReenact/TPSMM/id23_id22_0000.mp4,FaceReenact/TPSMM,id23,id22,0,2.3233489990234375,-2.3233489990234375,0.0,25.065444946289062,30.0,0.0,0.0,0.02582785300910473,0.008165550418198109,0.014709319919347763,0.014709319919347763
CelebDFv3,/root/Datasets/CelebDFv3/CelebDFv3/FAKE/FaceSwap/BlendFace/id26_id29_0009.mp4,FaceSwap/BlendFace,id26,id29,0,-1.8849687576293945,1.8849687576293945,0.0,52.34773254394531,30.0,0.0,0.0,0.01685473881661892,0.009948242455720901,0.006380924489349127,0.011619414202868938
CelebDFv3,/root/Datasets/CelebDFv3/CelebDFv3/FAKE/FaceSwap/Celeb-DF-v2/id31_id37_0004.mp4,FaceSwap/Celeb-DF-v2,id31,id37,0,0.7498824000358582,-0.7498824000358582,0.0,22.8239688873291,30.0,0.0,0.0,0.009779904037714005,0.003935923799872398,0.0026931697502732277,0.0048499880358576775
CelebDFv3,/root/Datasets/CelebDFv3/CelebDFv3/FAKE/FaceSwap/GHOST/id23_id30_0006.mp4,FaceSwap/GHOST,id23,id30,0,2.025336265563965,-2.025336265563965,0.0,16.109764099121094,30.0,0.0,0.0,0.010841372422873974,0.005933059845119715,0.0033001548144966364,0.004372705705463886
CelebDFv3,/root/Datasets/CelebDFv3/CelebDFv3/FAKE/FaceSwap/HifiFace/id54_id52_0001.mp4,FaceSwap/HifiFace,id54,id52,0,-1.2204705476760864,1.2204705476760864,0.0,35.589752197265625,30.0,0.0,0.0,0.011300554499030113,0.04457671567797661,0.004398954100906849,0.007877625524997711
CelebDFv3,/root/Datasets/CelebDFv3/CelebDFv3/FAKE/FaceSwap/InSwapper/id23_id34_0009.mp4,FaceSwap/InSwapper,id23,id34,0,3.281616687774658,-3.281616687774658,0.0,20.781003952026367,30.0,0.0,0.0,0.004602588247507811,0.005936631932854652,0.0034070040564984083,0.0045108734630048275
CelebDFv3,/root/Datasets/CelebDFv3/CelebDFv3/FAKE/FaceSwap/MobileFaceSwap/id23_id3_0002.mp4,FaceSwap/MobileFaceSwap,id23,id3,0,1.8829792737960815,-1.8829792737960815,0.0,23.818363189697266,30.0,0.0,0.0,0.023459384217858315,0.019118594005703926,0.007120466325432062,0.012655281461775303
CelebDFv3,/root/Datasets/CelebDFv3/CelebDFv3/FAKE/FaceSwap/SimSwap/id51_id57_0007.mp4,FaceSwap/SimSwap,id51,id57,0,-2.1141817569732666,2.1141817569732666,0.0,30.299884796142578,30.0,0.0,0.0,0.003928835503757,0.004736046772450209,0.001803052145987749,0.003228896763175726
CelebDFv3,/root/Datasets/CelebDFv3/CelebDFv3/FAKE/FaceSwap/UniFace/id31_id28_0004.mp4,FaceSwap/UniFace,id31,id28,0,-1.103470802307129,1.103470802307129,0.0,26.828550338745117,30.0,0.0,0.0,0.010114363394677639,0.0036771432496607304,0.002949085086584091,0.00531085254624486
CelebDFv3,/root/Datasets/CelebDFv3/CelebDFv3/FAKE/TalkingFace/AniTalker/id31_0003_test_id04295_1fSjOItVYVg.mp4,TalkingFace/AniTalker,id31,,0,-3.433924436569214,3.433924436569214,0.0,36.53844451904297,25.0,0.0,0.0,0.006066983100026846,0.006993111222982407,0.006345909088850021,0.006345909088850021
CelebDFv3,/root/Datasets/CelebDFv3/CelebDFv3/FAKE/TalkingFace/EDTalk/id51_0000_test_id05124_69HB1cXEoac.mp4,TalkingFace/EDTalk,id51,,0,0.19149814546108246,-0.19149814546108246,0.0,26.426939010620117,25.0,0.0,0.0,0.01749885454773903,0.015548464842140675,0.014247789978981018,0.014247789978981018
CelebDFv3,/root/Datasets/CelebDFv3/CelebDFv3/FAKE/TalkingFace/EchoMimic/id54_0000_test_id08374_8V4tFXw2UxY.mp4,TalkingFace/EchoMimic,id54,,0,-0.615127682685852,0.615127682685852,0.0,25.931718826293945,24.0,0.0,0.0,0.007817981764674187,0.007355500012636185,0.004898517392575741,0.004898517392575741
CelebDFv3,/root/Datasets/CelebDFv3/CelebDFv3/FAKE/TalkingFace/FLOAT/id48_0002_test_id07414_hhYGsoX_H3g.mp4,TalkingFace/FLOAT,id48,,0,1.2670878171920776,-1.2670878171920776,0.0,26.3569278717041,25.0,0.0,0.0,0.022607315331697464,0.011048771440982819,0.012781327590346336,0.012781327590346336
CelebDFv3,/root/Datasets/CelebDFv3/CelebDFv3/FAKE/TalkingFace/IP_LAP/id8_0007_test_id05816_7jt8zGB27QQ.mp4,TalkingFace/IP_LAP,id8,,0,1.2268446683883667,-1.2268446683883667,0.0,34.16707229614258,25.0,0.0,0.0,0.02217869833111763,0.022319383919239044,0.012970896437764168,0.012970896437764168
CelebDFv3,/root/Datasets/CelebDFv3/CelebDFv3/FAKE/TalkingFace/Real3DPortrait/id23_0009_test_id07802_MtoFAMWjUxM.mp4,TalkingFace/Real3DPortrait,id23,,0,3.4657115936279297,-3.4657115936279297,0.0,23.987314224243164,25.0,1.0,0.109375,0.013151515275239944,0.008286124095320702,0.016104228794574738,0.016104228794574738
CelebDFv3,/root/Datasets/CelebDFv3/CelebDFv3/FAKE/TalkingFace/SadTalker/id56_0007_test_id07868_Lw-dcrg4BcQ.mp4,TalkingFace/SadTalker,id56,,0,-13.582650184631348,13.582650184631348,0.0,123.37223052978516,25.0,0.0,0.0,0.006460640579462051,0.00896767619997263,0.011346342042088509,0.011346342042088509
CelebDFv3,/root/Datasets/CelebDFv3/CelebDFv3/FAKE/FaceReenact/DaGAN/id54_id57_0006.mp4,FaceReenact/DaGAN,id54,id57,0,0.5346708297729492,-0.5346708297729492,0.0,35.04508972167969,29.920000076293945,0.0,0.0,0.0088778305798769,0.0077553438022732735,0.0057208240032196045,0.0057208240032196045
CelebDFv3,/root/Datasets/CelebDFv3/CelebDFv3/FAKE/FaceReenact/FSRT/id31_id29_0007.mp4,FaceReenact/FSRT,id31,id29,0,2.6834616661071777,-2.6834616661071777,0.0,51.042781829833984,20.0,1.0,0.015625,0.02935316041111946,0.020922688767313957,0.016760429367423058,0.016760429367423058
CelebDFv3,/root/Datasets/CelebDFv3/CelebDFv3/FAKE/FaceReenact/HyperReenact/id23_id9_0000.mp4,FaceReenact/HyperReenact,id23,id9,0,1.8527659177780151,-1.8527659177780151,0.0,26.586999893188477,25.0,0.0,0.0,0.00760378735139966,0.0033980682492256165,0.004853005055338144,0.004853005055338144
CelebDFv3,/root/Datasets/CelebDFv3/CelebDFv3/FAKE/FaceReenact/LIA/id23_id24_0002.mp4,FaceReenact/LIA,id23,id24,0,0.9038511514663696,-0.9038511514663696,0.0,24.037857055664062,30.0,1.0,0.359375,0.013572301715612411,0.011155016720294952,0.017086990177631378,0.017086990177631378
CelebDFv3,/root/Datasets/CelebDFv3/CelebDFv3/FAKE/FaceReenact/LivePortrait/id56_id58_0000.mp4,FaceReenact/LivePortrait,id56,id58,0,3.804605007171631,-3.804605007171631,0.0,23.12833595275879,30.0,1.0,0.03125,0.003130411496385932,0.0023733661510050297,0.002727967919781804,0.004885231610387564
CelebDFv3,/root/Datasets/CelebDFv3/CelebDFv3/FAKE/FaceReenact/MCNET/id54_id52_0003.mp4,FaceReenact/MCNET,id54,id52,0,-0.2542973458766937,0.2542973458766937,0.0,44.80249786376953,30.0,0.0,0.0,0.01777581125497818,0.010901017114520073,0.009412108920514584,0.009412108920514584
CelebDFv3,/root/Datasets/CelebDFv3/CelebDFv3/FAKE/FaceReenact/TPSMM/id31_id16_0005.mp4,FaceReenact/TPSMM,id31,id16,0,-0.7382626533508301,0.7382626533508301,0.0,29.17281150817871,30.0,0.0,0.0,0.016915762796998024,0.01193129364401102,0.009776182472705841,0.009776182472705841
CelebDFv3,/root/Datasets/CelebDFv3/CelebDFv3/FAKE/FaceSwap/BlendFace/id31_id38_0001.mp4,FaceSwap/BlendFace,id31,id38,0,0.4759613275527954,-0.4759613275527954,0.0,26.085447311401367,30.0,0.0,0.0,0.003379563335329294,0.004763326607644558,0.0022645320277661085,0.004078076686710119
CelebDFv3,/root/Datasets/CelebDFv3/CelebDFv3/FAKE/FaceSwap/Celeb-DF-v2/id56_id49_0007.mp4,FaceSwap/Celeb-DF-v2,id56,id49,0,-9.182914733886719,9.182914733886719,0.0,101.262451171875,29.00001335144043,0.0,0.0,0.011407520622015,0.011440200731158257,0.004904861096292734,0.008783601224422455
CelebDFv3,/root/Datasets/CelebDFv3/CelebDFv3/FAKE/FaceSwap/GHOST/id59_id60_0000.mp4,FaceSwap/GHOST,id59,id60,0,2.0113651752471924,-2.0113651752471924,0.0,25.908971786499023,30.0,1.0,0.03125,0.01614939607679844,0.01170817855745554,0.004802347626537085,0.008600019849836826
CelebDFv3,/root/Datasets/CelebDFv3/CelebDFv3/FAKE/FaceSwap/HifiFace/id26_id25_0001.mp4,FaceSwap/HifiFace,id26,id25,0,1.6726645231246948,-1.6726645231246948,0.0,40.66169738769531,30.0,1.0,0.015625,0.023092659190297127,0.01944848708808422,0.004866308066993952,0.0087428605183959
CelebDFv3,/root/Datasets/CelebDFv3/CelebDFv3/FAKE/FaceSwap/InSwapper/id23_id25_0002.mp4,FaceSwap/InSwapper,id23,id25,0,1.076890468597412,-1.076890468597412,0.0,24.52277183532715,30.0,0.0,0.0,0.02130398154258728,0.019832788035273552,0.004544501192867756,0.008076991885900497
CelebDFv3,/root/Datasets/CelebDFv3/CelebDFv3/FAKE/FaceSwap/MobileFaceSwap/id25_id27_0005.mp4,FaceSwap/MobileFaceSwap,id25,id27,0,1.8060358762741089,-1.8060358762741089,0.0,24.7847843170166,30.0,0.0,0.0,0.02340174838900566,0.004367220681160688,0.005872771143913269,0.00871519185602665
CelebDFv3,/root/Datasets/CelebDFv3/CelebDFv3/FAKE/FaceSwap/SimSwap/id26_id30_0003.mp4,FaceSwap/SimSwap,id26,id30,0,-9.419404029846191,9.419404029846191,0.0,107.01029205322266,30.0,0.0,0.0,0.007917030714452267,0.011351515538990498,0.00388982892036438,0.006988506764173508
CelebDFv3,/root/Datasets/CelebDFv3/CelebDFv3/FAKE/FaceSwap/UniFace/id31_id33_0001.mp4,FaceSwap/UniFace,id31,id33,0,-1.8464751243591309,1.8464751243591309,0.0,25.298206329345703,30.0,0.0,0.0,0.003260399680584669,0.004943793173879385,0.002062719315290451,0.003714642720296979
CelebDFv3,/root/Datasets/CelebDFv3/CelebDFv3/FAKE/TalkingFace/AniTalker/id23_0000_test_id07802_aUfv9KTIO2E.mp4,TalkingFace/AniTalker,id23,,0,3.066802501678467,-3.066802501678467,0.0,25.40449333190918,25.0,0.0,0.0,0.010726301930844784,0.004784185439348221,0.004506535362452269,0.004506535362452269
CelebDFv3,/root/Datasets/CelebDFv3/CelebDFv3/FAKE/TalkingFace/EDTalk/id48_0005_test_id01460_t0i-doPmN9c.mp4,TalkingFace/EDTalk,id48,,0,3.749332904815674,-3.749332904815674,0.0,32.08361053466797,25.0,0.0,0.0,0.012711616232991219,0.012270156294107437,0.00949488952755928,0.00949488952755928
CelebDFv3,/root/Datasets/CelebDFv3/CelebDFv3/FAKE/TalkingFace/EchoMimic/id23_0002_test_id03347_JbbZ8at5OF8.mp4,TalkingFace/EchoMimic,id23,,0,3.4372756481170654,-3.4372756481170654,0.0,28.95420265197754,24.0,0.0,0.0,0.016575807705521584,0.01382699329406023,0.010674422606825829,0.010674422606825829
CelebDFv3,/root/Datasets/CelebDFv3/CelebDFv3/FAKE/TalkingFace/FLOAT/id11_0001_test_id04478_GZQGZOmFU5U.mp4,TalkingFace/FLOAT,id11,,0,-2.8424181938171387,2.8424181938171387,0.0,38.13313674926758,25.0,0.0,0.0,0.02229946106672287,0.010243358090519905,0.009439507499337196,0.009439507499337196
CelebDFv3,/root/Datasets/CelebDFv3/CelebDFv3/FAKE/TalkingFace/IP_LAP/id22_0008_test_id04478_nhLuGj0vGb8.mp4,TalkingFace/IP_LAP,id22,,0,-0.2371797263622284,0.2371797263622284,0.0,33.79534912109375,25.0,0.0,0.0,0.01638699509203434,0.007858965545892715,0.008584877476096153,0.008584877476096153
CelebDFv3,/root/Datasets/CelebDFv3/CelebDFv3/FAKE/TalkingFace/Real3DPortrait/id11_0005_test_id04094_BNAe-NhgItg.mp4,TalkingFace/Real3DPortrait,id11,,0,-0.6667914390563965,0.6667914390563965,0.0,33.46260452270508,25.0,0.0,0.0,0.013148294761776924,0.005841661244630814,0.006966841407120228,0.006966841407120228
CelebDFv3,/root/Datasets/CelebDFv3/CelebDFv3/FAKE/TalkingFace/SadTalker/id48_0001_test_id01509_asrGhE2enzQ.mp4,TalkingFace/SadTalker,id48,,0,1.635143756866455,-1.635143756866455,0.0,24.944076538085938,25.0,0.0,0.0,0.0028605542611330748,0.006018266547471285,0.00602343026548624,0.00602343026548624
CelebDFv3,/root/Datasets/CelebDFv3/CelebDFv3/FAKE/FaceReenact/DaGAN/id23_id29_0006.mp4,FaceReenact/DaGAN,id23,id29,0,3.070251941680908,-3.070251941680908,0.0,18.41128921508789,30.0,0.0,0.0,0.013474075123667717,0.013686399906873703,0.006341841071844101,0.006341841071844101
CelebDFv3,/root/Datasets/CelebDFv3/CelebDFv3/FAKE/FaceReenact/FSRT/id23_id38_0001.mp4,FaceReenact/FSRT,id23,id38,0,2.5066847801208496,-2.5066847801208496,0.0,25.736042022705078,20.0,0.0,0.0,0.02199087105691433,0.00635124184191227,0.012835091911256313,0.012835091911256313
CelebDFv3,/root/Datasets/CelebDFv3/CelebDFv3/FAKE/FaceReenact/HyperReenact/id8_id0_0003.mp4,FaceReenact/HyperReenact,id8,id0,0,0.8295602202415466,-0.8295602202415466,0.0,36.720130920410156,25.0,1.0,0.125,0.0053483424708247185,0.006693975534290075,0.009542077779769897,0.009542077779769897
CelebDFv3,/root/Datasets/CelebDFv3/CelebDFv3/FAKE/FaceReenact/LIA/id23_id19_0002.mp4,FaceReenact/LIA,id23,id19,0,2.3553318977355957,-2.3553318977355957,0.0,24.97625160217285,30.0,1.0,0.09375,0.03068232350051403,0.01229056715965271,0.020766928791999817,0.020766928791999817
CelebDFv3,/root/Datasets/CelebDFv3/CelebDFv3/FAKE/FaceReenact/LivePortrait/id56_id58_0006.mp4,FaceReenact/LivePortrait,id56,id58,0,1.672061562538147,-1.672061562538147,0.0,27.6451473236084,30.0,0.0,0.0,0.0022215533535927534,0.0034679491072893143,0.0012185493251308799,0.0021821721456944942
CelebDFv3,/root/Datasets/CelebDFv3/CelebDFv3/FAKE/FaceReenact/MCNET/id56_id52_0001.mp4,FaceReenact/MCNET,id56,id52,0,5.710624694824219,-5.710624694824219,0.0,20.788957595825195,30.0,1.0,0.046875,0.05677926540374756,0.04619244858622551,0.027952630072832108,0.027952630072832108
CelebDFv3,/root/Datasets/CelebDFv3/CelebDFv3/FAKE/FaceReenact/TPSMM/id23_id29_0001.mp4,FaceReenact/TPSMM,id23,id29,0,1.8058208227157593,-1.8058208227157593,0.0,19.521486282348633,30.0,1.0,0.171875,0.0324927419424057,0.011590473353862762,0.045962508767843246,0.045962508767843246
CelebDFv3,/root/Datasets/CelebDFv3/CelebDFv3/FAKE/FaceSwap/BlendFace/id56_id57_0001.mp4,FaceSwap/BlendFace,id56,id57,0,3.500767230987549,-3.500767230987549,0.0,22.309274673461914,30.0,0.0,0.0,0.003943081479519606,0.008762856014072895,0.0034827771596610546,0.006236940156668425
CelebDFv3,/root/Datasets/CelebDFv3/CelebDFv3/FAKE/FaceSwap/Celeb-DF-v2/id31_id23_0009.mp4,FaceSwap/Celeb-DF-v2,id31,id23,0,1.5150002241134644,-1.5150002241134644,0.0,16.85683250427246,30.0,1.0,0.03125,0.005409960635006428,0.005971647333353758,0.0023066129069775343,0.004153858404606581
CelebDFv3,/root/Datasets/CelebDFv3/CelebDFv3/FAKE/FaceSwap/GHOST/id31_id35_0001.mp4,FaceSwap/GHOST,id31,id35,0,-2.129401445388794,2.129401445388794,0.0,31.013404846191406,30.0,0.0,0.0,0.0035208268091082573,0.004564754199236631,0.0023223222233355045,0.004182147793471813
CelebDFv3,/root/Datasets/CelebDFv3/CelebDFv3/FAKE/FaceSwap/HifiFace/id23_id28_0000.mp4,FaceSwap/HifiFace,id23,id28,0,2.5290982723236084,-2.5290982723236084,0.0,22.965761184692383,30.0,0.0,0.0,0.004053425509482622,0.0029070237651467323,0.0031379142310470343,0.0055770487524569035
CelebDFv3,/root/Datasets/CelebDFv3/CelebDFv3/FAKE/FaceSwap/InSwapper/id31_id6_0000.mp4,FaceSwap/InSwapper,id31,id6,0,-0.47525593638420105,0.47525593638420105,0.0,23.539936065673828,30.0,0.0,0.0,0.005466494709253311,0.00737296836450696,0.002838955959305167,0.005112526472657919
CelebDFv3,/root/Datasets/CelebDFv3/CelebDFv3/FAKE/FaceSwap/MobileFaceSwap/id11_id7_0000.mp4,FaceSwap/MobileFaceSwap,id11,id7,0,1.1265984773635864,-1.1265984773635864,0.0,24.13714027404785,30.0,1.0,0.09375,0.01517347153276205,0.006160186603665352,0.004080308601260185,0.0036722770892083645
CelebDFv3,/root/Datasets/CelebDFv3/CelebDFv3/FAKE/FaceSwap/SimSwap/id48_id39_0008.mp4,FaceSwap/SimSwap,id48,id39,0,-2.0979557037353516,2.0979557037353516,0.0,48.68935012817383,30.0,0.0,0.0,0.003984337672591209,0.003677875967696309,0.0035336152650415897,0.0035194808151572943
CelebDFv3,/root/Datasets/CelebDFv3/CelebDFv3/FAKE/FaceSwap/UniFace/id23_id4_0009.mp4,FaceSwap/UniFace,id23,id4,0,2.8735921382904053,-2.8735921382904053,0.0,19.67980194091797,30.0,0.0,0.0,0.004814820364117622,0.0064966995269060135,0.003794550895690918,0.005023986101150513
CelebDFv3,/root/Datasets/CelebDFv3/CelebDFv3/FAKE/TalkingFace/AniTalker/id59_0005_test_id07354_bUpF2d4H3x8.mp4,TalkingFace/AniTalker,id59,,0,1.0690903663635254,-1.0690903663635254,0.0,23.771440505981445,25.0,0.0,0.0,0.007050326094031334,0.002680844161659479,0.003907861653715372,0.003907861653715372
CelebDFv3,/root/Datasets/CelebDFv3/CelebDFv3/FAKE/TalkingFace/EDTalk/id54_0008_test_id04253_Hfwc0GtiEWs.mp4,TalkingFace/EDTalk,id54,,0,2.134554862976074,-2.134554862976074,0.0,32.057498931884766,25.0,0.0,0.0,0.013501079753041267,0.012688370421528816,0.008271251805126667,0.008271251805126667
CelebDFv3,/root/Datasets/CelebDFv3/CelebDFv3/FAKE/TalkingFace/EchoMimic/id31_0005_test_id07620_l63wBe6oNrw.mp4,TalkingFace/EchoMimic,id31,,0,-1.4400031566619873,1.4400031566619873,0.0,52.337162017822266,24.0,0.0,0.0,0.0078940624371171,0.006376821547746658,0.009434723295271397,0.009434723295271397
CelebDFv3,/root/Datasets/CelebDFv3/CelebDFv3/FAKE/TalkingFace/FLOAT/id22_0008_test_id07396_6bbb_NOpqGY.mp4,TalkingFace/FLOAT,id22,,0,-0.5997621417045593,0.5997621417045593,0.0,28.932554244995117,25.0,0.0,0.0,0.01418587937951088,0.016191739588975906,0.007740016561001539,0.007740016561001539
CelebDFv3,/root/Datasets/CelebDFv3/CelebDFv3/FAKE/TalkingFace/IP_LAP/id25_0008_test_id04656_XYhEWblIfto.mp4,TalkingFace/IP_LAP,id25,,0,0.9803439378738403,-0.9803439378738403,0.0,24.340316772460938,25.0,0.0,0.0,0.020016472786664963,0.01389299612492323,0.008037394843995571,0.008037394843995571
CelebDFv3,/root/Datasets/CelebDFv3/CelebDFv3/FAKE/TalkingFace/Real3DPortrait/id56_0008_test_id05124_ksBpd5sIcA4.mp4,TalkingFace/Real3DPortrait,id56,,0,1.941564679145813,-1.941564679145813,0.0,23.079635620117188,25.0,0.0,0.0,0.014439412392675877,0.006350165233016014,0.009609626606106758,0.009609626606106758
CelebDFv3,/root/Datasets/CelebDFv3/CelebDFv3/FAKE/TalkingFace/SadTalker/id56_0009_test_id06104_I5L50wxtK8Q.mp4,TalkingFace/SadTalker,id56,,0,-0.9897695779800415,0.9897695779800415,0.0,46.08097457885742,25.0,0.0,0.0,0.0033067069016397,0.005339270923286676,0.008495713584125042,0.008495713584125042
CelebDFv3,/root/Datasets/CelebDFv3/CelebDFv3/FAKE/FaceReenact/DaGAN/id26_id28_0004.mp4,FaceReenact/DaGAN,id26,id28,0,1.27610182762146,-1.27610182762146,0.0,27.30586051940918,30.0,0.0,0.0,0.012287415564060211,0.006298019550740719,0.004055479075759649,0.004055479075759649
CelebDFv3,/root/Datasets/CelebDFv3/CelebDFv3/FAKE/FaceReenact/FSRT/id26_id3_0003.mp4,FaceReenact/FSRT,id26,id3,0,-8.977456092834473,8.977456092834473,0.0,102.93255615234375,20.0,0.0,0.0,0.023271068930625916,0.016497140750288963,0.005480851046741009,0.005480851046741009
CelebDFv3,/root/Datasets/CelebDFv3/CelebDFv3/FAKE/FaceReenact/HyperReenact/id26_id17_0006.mp4,FaceReenact/HyperReenact,id26,id17,0,1.1430199146270752,-1.1430199146270752,0.0,36.4759635925293,25.0,0.0,0.0,0.009998111985623837,0.007072929292917252,0.005350537598133087,0.005350537598133087
CelebDFv3,/root/Datasets/CelebDFv3/CelebDFv3/FAKE/FaceReenact/LIA/id23_id38_0000.mp4,FaceReenact/LIA,id23,id38,0,2.162147045135498,-2.162147045135498,0.0,21.05451202392578,30.0,1.0,0.234375,0.017480168491601944,0.004114551469683647,0.006369276437908411,0.006369276437908411
CelebDFv3,/root/Datasets/CelebDFv3/CelebDFv3/FAKE/FaceReenact/LivePortrait/id48_id46_0009.mp4,FaceReenact/LivePortrait,id48,id46,0,1.1572952270507812,-1.1572952270507812,0.0,30.864028930664062,30.0,1.0,0.046875,0.004630526062101126,0.0064477622509002686,0.002898578764870763,0.005183051805943251
CelebDFv3,/root/Datasets/CelebDFv3/CelebDFv3/FAKE/FaceReenact/MCNET/id23_id25_0007.mp4,FaceReenact/MCNET,id23,id25,0,3.015069007873535,-3.015069007873535,0.0,24.529361724853516,30.0,1.0,0.109375,0.024093538522720337,0.014416264370083809,0.01412978209555149,0.01412978209555149
CelebDFv3,/root/Datasets/CelebDFv3/CelebDFv3/FAKE/FaceReenact/TPSMM/id23_id24_0002.mp4,FaceReenact/TPSMM,id23,id24,0,2.3394484519958496,-2.3394484519958496,0.0,20.41902732849121,30.0,0.0,0.0,0.02367868646979332,0.00690621230751276,0.021470390260219574,0.021470390260219574
CelebDFv3,/root/Datasets/CelebDFv3/CelebDFv3/FAKE/FaceSwap/BlendFace/id51_id55_0006.mp4,FaceSwap/BlendFace,id51,id55,0,0.20527079701423645,-0.20527079701423645,0.0,38.42824935913086,29.900009155273438,0.0,0.0,0.004639076068997383,0.02149500884115696,0.003505126805976033,0.006276963744312525
CelebDFv3,/root/Datasets/CelebDFv3/CelebDFv3/FAKE/FaceSwap/Celeb-DF-v2/id23_id29_0001.mp4,FaceSwap/Celeb-DF-v2,id23,id29,0,1.8246190547943115,-1.8246190547943115,0.0,29.830915451049805,30.0,0.0,0.0,0.003479907987639308,0.004756414331495762,0.0019968131091445684,0.003548957873135805
CelebDFv3,/root/Datasets/CelebDFv3/CelebDFv3/FAKE/FaceSwap/GHOST/id56_id58_0001.mp4,FaceSwap/GHOST,id56,id58,0,3.252575397491455,-3.252575397491455,0.0,21.66062355041504,30.0,0.0,0.0,0.004161074757575989,0.008108023554086685,0.0026176124811172485,0.004687607288360596
CelebDFv3,/root/Datasets/CelebDFv3/CelebDFv3/FAKE/FaceSwap/HifiFace/id23_id28_0006.mp4,FaceSwap/HifiFace,id23,id28,0,1.2153807878494263,-1.2153807878494263,0.0,16.005455017089844,30.0,0.0,0.0,0.012533370405435562,0.006057973951101303,0.0043866559863090515,0.005812318529933691
CelebDFv3,/root/Datasets/CelebDFv3/CelebDFv3/FAKE/FaceSwap/InSwapper/id48_id40_0003.mp4,FaceSwap/InSwapper,id48,id40,0,0.05162930488586426,-0.05162930488586426,0.0,29.13333511352539,30.0,1.0,0.0625,0.010060901753604412,0.028596093878149986,0.010102414526045322,0.018040025606751442
CelebDFv3,/root/Datasets/CelebDFv3/CelebDFv3/FAKE/FaceSwap/MobileFaceSwap/id22_id28_0005.mp4,FaceSwap/MobileFaceSwap,id22,id28,0,1.9712530374526978,-1.9712530374526978,0.0,35.783470153808594,30.0,0.0,0.0,0.00454463716596365,0.003466642927378416,0.0016676310915499926,0.0029638989362865686
CelebDFv3,/root/Datasets/CelebDFv3/CelebDFv3/FAKE/FaceSwap/SimSwap/id11_id7_0008.mp4,FaceSwap/SimSwap,id11,id7,0,3.905937910079956,-3.905937910079956,0.0,19.049684524536133,30.0,0.0,0.0,0.011777549982070923,0.06844202429056168,0.03073686733841896,0.058400046080350876
CelebDFv3,/root/Datasets/CelebDFv3/CelebDFv3/FAKE/FaceSwap/UniFace/id25_id23_0005.mp4,FaceSwap/UniFace,id25,id23,0,1.2357970476150513,-1.2357970476150513,0.0,23.239408493041992,30.0,0.0,0.0,0.02082064375281334,0.004708368796855211,0.004733935929834843,0.007025160826742649
CelebDFv3,/root/Datasets/CelebDFv3/CelebDFv3/FAKE/TalkingFace/AniTalker/id31_0004_test_id06310_ZOOU1l7bMxc.mp4,TalkingFace/AniTalker,id31,,0,2.6061041355133057,-2.6061041355133057,0.0,38.12117385864258,25.0,0.0,0.0,0.008330844342708588,0.0062229325994849205,0.005429898854345083,0.005429898854345083
CelebDFv3,/root/Datasets/CelebDFv3/CelebDFv3/FAKE/TalkingFace/EDTalk/id26_0005_test_id01000_yCKyUiCDAWQ.mp4,TalkingFace/EDTalk,id26,,0,1.6856951713562012,-1.6856951713562012,0.0,42.67924499511719,25.0,0.0,0.0,0.01341075450181961,0.012402694672346115,0.005378785077482462,0.005378785077482462
CelebDFv3,/root/Datasets/CelebDFv3/CelebDFv3/FAKE/TalkingFace/EchoMimic/id23_0003_test_id01822_8-_EsFkEThc.mp4,TalkingFace/EchoMimic,id23,,0,0.2217097282409668,-0.2217097282409668,0.0,30.891889572143555,24.0,0.0,0.0,0.007084268610924482,0.004423181060701609,0.003232033224776387,0.003232033224776387
CelebDFv3,/root/Datasets/CelebDFv3/CelebDFv3/FAKE/TalkingFace/FLOAT/id56_0000_test_id06692_EC9TCRJkBhI.mp4,TalkingFace/FLOAT,id56,,0,2.764625072479248,-2.764625072479248,0.0,20.94748878479004,25.0,0.0,0.0,0.01538146659731865,0.015352515503764153,0.007855392061173916,0.007855392061173916
CelebDFv3,/root/Datasets/CelebDFv3/CelebDFv3/FAKE/TalkingFace/IP_LAP/id23_0006_test_id09017_W9dkqIcvdBg.mp4,TalkingFace/IP_LAP,id23,,0,2.374084949493408,-2.374084949493408,0.0,16.35235595703125,25.0,0.0,0.0,0.03383694961667061,0.012817565351724625,0.008914097212255001,0.008914097212255001
CelebDFv3,/root/Datasets/CelebDFv3/CelebDFv3/FAKE/TalkingFace/Real3DPortrait/id56_0003_test_id04862_GaEmvf_9c3Q.mp4,TalkingFace/Real3DPortrait,id56,,0,2.7163102626800537,-2.7163102626800537,0.0,25.126537322998047,25.0,0.0,0.0,0.0207035131752491,0.005771255120635033,0.0030814032070338726,0.0030814032070338726
CelebDFv3,/root/Datasets/CelebDFv3/CelebDFv3/FAKE/TalkingFace/SadTalker/id56_0008_test_id05124_ksBpd5sIcA4.mp4,TalkingFace/SadTalker,id56,,0,2.038864850997925,-2.038864850997925,0.0,22.747268676757812,25.0,0.0,0.0,0.0029159756377339363,0.004916119389235973,0.005560331046581268,0.005560331046581268
CelebDFv3,/root/Datasets/CelebDFv3/CelebDFv3/FAKE/FaceReenact/DaGAN/id23_id19_0000.mp4,FaceReenact/DaGAN,id23,id19,0,1.4345353841781616,-1.4345353841781616,0.0,25.958127975463867,29.829999923706055,1.0,0.03125,0.01622522622346878,0.013849069364368916,0.009084111079573631,0.009084111079573631
CelebDFv3,/root/Datasets/CelebDFv3/CelebDFv3/FAKE/FaceReenact/FSRT/id22_id25_0006.mp4,FaceReenact/FSRT,id22,id25,0,4.091452598571777,-4.091452598571777,0.0,33.43429183959961,20.0,0.0,0.0,0.003306483617052436,0.006888029631227255,0.005022164434194565,0.005022164434194565
CelebDFv3,/root/Datasets/CelebDFv3/CelebDFv3/FAKE/FaceReenact/HyperReenact/id31_id29_0000.mp4,FaceReenact/HyperReenact,id31,id29,0,-1.359276294708252,1.359276294708252,0.0,23.226572036743164,25.0,0.0,0.0,0.007413775660097599,0.006297352723777294,0.008962041698396206,0.008962041698396206
CelebDFv3,/root/Datasets/CelebDFv3/CelebDFv3/FAKE/FaceReenact/LIA/id22_id24_0003.mp4,FaceReenact/LIA,id22,id24,0,4.810927391052246,-4.810927391052246,0.0,55.70583724975586,30.0,1.0,0.078125,0.019391203299164772,0.011160791851580143,0.018782928586006165,0.018782928586006165
CelebDFv3,/root/Datasets/CelebDFv3/CelebDFv3/FAKE/FaceReenact/LivePortrait/id54_id53_0001.mp4,FaceReenact/LivePortrait,id54,id53,0,-0.9379526376724243,0.9379526376724243,0.0,66.54898071289062,30.0,0.0,0.0,0.0004901342908851802,0.0005172474193386734,0.00030280512874014676,0.0005422618123702705
CelebDFv3,/root/Datasets/CelebDFv3/CelebDFv3/FAKE/FaceReenact/MCNET/id23_id2_0005.mp4,FaceReenact/MCNET,id23,id2,0,3.0205459594726562,-3.0205459594726562,0.0,23.082178115844727,30.0,0.0,0.0,0.011046546511352062,0.007315675262361765,0.004637489095330238,0.004637489095330238
CelebDFv3,/root/Datasets/CelebDFv3/CelebDFv3/FAKE/FaceReenact/TPSMM/id31_id4_0001.mp4,FaceReenact/TPSMM,id31,id4,0,2.770444869995117,-2.770444869995117,0.0,23.399991989135742,30.0,1.0,0.046875,0.03152768686413765,0.01375256385654211,0.01351915579289198,0.01351915579289198
CelebDFv3,/root/Datasets/CelebDFv3/CelebDFv3/FAKE/FaceSwap/BlendFace/id51_id49_0004.mp4,FaceSwap/BlendFace,id51,id49,0,0.156593918800354,-0.156593918800354,0.0,23.51337432861328,29.0,1.0,0.171875,0.0041653611697256565,0.005126654170453548,0.003771815448999405,0.006754547823220491
CelebDFv3,/root/Datasets/CelebDFv3/CelebDFv3/FAKE/FaceSwap/Celeb-DF-v2/id51_id56_0002.mp4,FaceSwap/Celeb-DF-v2,id51,id56,0,1.1319952011108398,-1.1319952011108398,0.0,20.95995330810547,30.0,0.0,0.0,0.00796728115528822,0.006445604842156172,0.004369007423520088,0.007823996245861053
CelebDFv3,/root/Datasets/CelebDFv3/CelebDFv3/FAKE/FaceSwap/GHOST/id56_id52_0001.mp4,FaceSwap/GHOST,id56,id52,0,2.0821242332458496,-2.0821242332458496,0.0,22.697153091430664,30.0,0.0,0.0,0.005383969284594059,0.0109098507091403,0.0037547401152551174,0.006723969243466854
CelebDFv3,/root/Datasets/CelebDFv3/CelebDFv3/FAKE/FaceSwap/HifiFace/id25_id26_0004.mp4,FaceSwap/HifiFace,id25,id26,0,-0.6881677508354187,0.6881677508354187,0.0,32.35492706298828,30.0,0.0,0.0,0.010831883177161217,0.008809092454612255,0.004328565672039986,0.007795087061822414
CelebDFv3,/root/Datasets/CelebDFv3/CelebDFv3/FAKE/FaceSwap/InSwapper/id26_id34_0003.mp4,FaceSwap/InSwapper,id26,id34,0,-8.371368408203125,8.371368408203125,0.0,103.05693054199219,30.0,0.0,0.0,0.007816197350621223,0.011332409456372261,0.003403623355552554,0.006114984396845102
CelebDFv3,/root/Datasets/CelebDFv3/CelebDFv3/FAKE/FaceSwap/MobileFaceSwap/id23_id29_0002.mp4,FaceSwap/MobileFaceSwap,id23,id29,0,1.8833088874816895,-1.8833088874816895,0.0,23.830493927001953,30.0,0.0,0.0,0.022319134324789047,0.02017591893672943,0.007561434060335159,0.013439021073281765
CelebDFv3,/root/Datasets/CelebDFv3/CelebDFv3/FAKE/FaceSwap/SimSwap/id23_id27_0000.mp4,FaceSwap/SimSwap,id23,id27,0,3.115063428878784,-3.115063428878784,0.0,24.662853240966797,30.0,0.0,0.0,0.0032486743293702602,0.002684787381440401,0.0015942276222631335,0.002833438338711858
CelebDFv3,/root/Datasets/CelebDFv3/CelebDFv3/FAKE/FaceSwap/UniFace/id25_id20_0005.mp4,FaceSwap/UniFace,id25,id20,0,0.8189609050750732,-0.8189609050750732,0.0,23.674678802490234,30.0,0.0,0.0,0.020272791385650635,0.004584206268191338,0.0047073508612811565,0.00698570953682065
CelebDFv3,/root/Datasets/CelebDFv3/CelebDFv3/FAKE/TalkingFace/AniTalker/id59_0003_test_id03347__NVxlFSjV0I.mp4,TalkingFace/AniTalker,id59,,0,-4.686811923980713,4.686811923980713,0.0,66.03883361816406,25.0,0.0,0.0,0.012831701897084713,0.008330047130584717,0.003883050289005041,0.003883050289005041
CelebDFv3,/root/Datasets/CelebDFv3/CelebDFv3/FAKE/TalkingFace/EDTalk/id56_0004_test_id09017_oF8cALd6lU0.mp4,TalkingFace/EDTalk,id56,,0,5.111824035644531,-5.111824035644531,0.0,21.753326416015625,25.0,0.0,0.0,0.01305083092302084,0.011521764099597931,0.006086681969463825,0.006086681969463825
CelebDFv3,/root/Datasets/CelebDFv3/CelebDFv3/FAKE/TalkingFace/EchoMimic/id31_0007_test_id03978_ywSqMWAhPPY.mp4,TalkingFace/EchoMimic,id31,,0,-6.946556091308594,6.946556091308594,0.0,79.11344909667969,24.0,0.0,0.0,0.013064679689705372,0.010902097448706627,0.010644953697919846,0.010644953697919846
CelebDFv3,/root/Datasets/CelebDFv3/CelebDFv3/FAKE/TalkingFace/FLOAT/id59_0000_test_id04627_IjO3LUCaYLE.mp4,TalkingFace/FLOAT,id59,,0,0.17216065526008606,-0.17216065526008606,0.0,28.4093017578125,25.0,0.0,0.0,0.00888834334909916,0.011813776567578316,0.008479435928165913,0.008479435928165913
CelebDFv3,/root/Datasets/CelebDFv3/CelebDFv3/FAKE/TalkingFace/IP_LAP/id59_0004_test_id04232_AB9fk1MH2rA.mp4,TalkingFace/IP_LAP,id59,,0,-1.4405617713928223,1.4405617713928223,0.0,23.1655330657959,25.0,0.0,0.0,0.024337606504559517,0.008489150553941727,0.010086228139698505,0.010086228139698505
CelebDFv3,/root/Datasets/CelebDFv3/CelebDFv3/FAKE/TalkingFace/Real3DPortrait/id31_0006_test_id05015_dlb6GaUPRuk.mp4,TalkingFace/Real3DPortrait,id31,,0,-1.8249802589416504,1.8249802589416504,0.0,31.844449996948242,25.0,1.0,0.390625,0.00822821818292141,0.0053627039305865765,0.006353161297738552,0.006353161297738552
CelebDFv3,/root/Datasets/CelebDFv3/CelebDFv3/FAKE/TalkingFace/SadTalker/id31_0003_test_id01333_gujKn7v2CJg.mp4,TalkingFace/SadTalker,id31,,0,-2.189265727996826,2.189265727996826,0.0,35.77511215209961,25.0,0.0,0.0,0.0026206697802990675,0.008203973062336445,0.012639060616493225,0.012639060616493225
CelebDFv3,/root/Datasets/CelebDFv3/CelebDFv3/FAKE/FaceReenact/DaGAN/id56_id50_0002.mp4,FaceReenact/DaGAN,id56,id50,0,1.3721463680267334,-1.3721463680267334,0.0,27.168880462646484,30.0,0.0,0.0,0.0093479473143816,0.005363491829484701,0.008825319819152355,0.008825319819152355
CelebDFv3,/root/Datasets/CelebDFv3/CelebDFv3/FAKE/FaceReenact/FSRT/id11_id7_0000.mp4,FaceReenact/FSRT,id11,id7,0,3.313901901245117,-3.313901901245117,0.0,24.498201370239258,20.0,1.0,0.015625,0.021895848214626312,0.00645526172593236,0.008907414972782135,0.008907414972782135
CelebDFv3,/root/Datasets/CelebDFv3/CelebDFv3/FAKE/FaceReenact/HyperReenact/id23_id26_0009.mp4,FaceReenact/HyperReenact,id23,id26,0,3.832736015319824,-3.832736015319824,0.0,21.8508358001709,25.0,0.0,0.0,0.01087930891662836,0.003703922498971224,0.007771566044539213,0.007771566044539213
CelebDFv3,/root/Datasets/CelebDFv3/CelebDFv3/FAKE/FaceReenact/LIA/id23_id24_0009.mp4,FaceReenact/LIA,id23,id24,0,4.663013458251953,-4.663013458251953,0.0,28.100862503051758,30.0,0.0,0.0,0.016677305102348328,0.009153144434094429,0.010440067388117313,0.010440067388117313
CelebDFv3,/root/Datasets/CelebDFv3/CelebDFv3/FAKE/FaceReenact/LivePortrait/id51_id49_0004.mp4,FaceReenact/LivePortrait,id51,id49,0,1.6919946670532227,-1.6919946670532227,0.0,17.22953224182129,30.0,1.0,0.53125,0.014974829740822315,0.019936174154281616,0.011234848760068417,0.020119313150644302
CelebDFv3,/root/Datasets/CelebDFv3/CelebDFv3/FAKE/FaceReenact/MCNET/id59_id60_0007.mp4,FaceReenact/MCNET,id59,id60,0,1.488776683807373,-1.488776683807373,0.0,25.4481201171875,30.0,1.0,0.109375,0.024375570937991142,0.010403910651803017,0.01844961941242218,0.01844961941242218
CelebDFv3,/root/Datasets/CelebDFv3/CelebDFv3/FAKE/FaceReenact/TPSMM/id54_id49_0009.mp4,FaceReenact/TPSMM,id54,id49,0,4.7237348556518555,-4.7237348556518555,0.0,21.249937057495117,30.0,1.0,0.0625,0.012270093895494938,0.00872900802642107,0.010991672053933144,0.010991672053933144
CelebDFv3,/root/Datasets/CelebDFv3/CelebDFv3/FAKE/FaceSwap/BlendFace/id31_id6_0004.mp4,FaceSwap/BlendFace,id31,id6,0,1.206412434577942,-1.206412434577942,0.0,23.963422775268555,30.0,0.0,0.0,0.009919016622006893,0.004255038220435381,0.0023660315200686455,0.004260862246155739
CelebDFv3,/root/Datasets/CelebDFv3/CelebDFv3/FAKE/FaceSwap/Celeb-DF-v2/id26_id6_0006.mp4,FaceSwap/Celeb-DF-v2,id26,id6,0,-0.5543321371078491,0.5543321371078491,0.0,66.8682861328125,30.0,1.0,0.03125,0.02509392611682415,0.008230122737586498,0.007439796347171068,0.013547576032578945
CelebDFv3,/root/Datasets/CelebDFv3/CelebDFv3/FAKE/FaceSwap/GHOST/id31_id23_0000.mp4,FaceSwap/GHOST,id31,id23,0,-0.9333280920982361,0.9333280920982361,0.0,25.23218536376953,30.0,0.0,0.0,0.005302908830344677,0.007235581520944834,0.0032325482461601496,0.005821325816214085
CelebDFv3,/root/Datasets/CelebDFv3/CelebDFv3/FAKE/FaceSwap/HifiFace/id48_id45_0002.mp4,FaceSwap/HifiFace,id48,id45,0,0.7770106196403503,-0.7770106196403503,0.0,29.22679901123047,30.0,0.0,0.0,0.003628719598054886,0.005132300779223442,0.0022171554155647755,0.003959206398576498
CelebDFv3,/root/Datasets/CelebDFv3/CelebDFv3/FAKE/FaceSwap/InSwapper/id8_id2_0003.mp4,FaceSwap/InSwapper,id8,id2,0,0.26391637325286865,-0.26391637325286865,0.0,36.895320892333984,30.0,0.0,0.0,0.003958224318921566,0.014984327368438244,0.0026827785186469555,0.005054354202002287
CelebDFv3,/root/Datasets/CelebDFv3/CelebDFv3/FAKE/FaceSwap/MobileFaceSwap/id31_id28_0004.mp4,FaceSwap/MobileFaceSwap,id31,id28,0,0.37346261739730835,-0.37346261739730835,0.0,22.98191261291504,30.0,0.0,0.0,0.009508457966148853,0.004045005422085524,0.0029998701065778732,0.005402308888733387
CelebDFv3,/root/Datasets/CelebDFv3/CelebDFv3/FAKE/FaceSwap/SimSwap/id56_id58_0000.mp4,FaceSwap/SimSwap,id56,id58,0,4.069368362426758,-4.069368362426758,0.0,24.069517135620117,30.0,0.0,0.0,0.0035679456777870655,0.0063488357700407505,0.00229696580208838,0.004113394767045975
CelebDFv3,/root/Datasets/CelebDFv3/CelebDFv3/FAKE/FaceSwap/UniFace/id23_id1_0002.mp4,FaceSwap/UniFace,id23,id1,0,1.334503173828125,-1.334503173828125,0.0,24.083589553833008,30.0,0.0,0.0,0.02101418934762478,0.0199083611369133,0.005660998169332743,0.01006135530769825
CelebDFv3,/root/Datasets/CelebDFv3/CelebDFv3/FAKE/TalkingFace/AniTalker/id11_0005_test_id02465_PhHBC9xmnUQ.mp4,TalkingFace/AniTalker,id11,,0,0.07079499959945679,-0.07079499959945679,0.0,34.29542541503906,25.0,0.0,0.0,0.004438810981810093,0.0035646953620016575,0.006773756816983223,0.006773756816983223
CelebDFv3,/root/Datasets/CelebDFv3/CelebDFv3/FAKE/TalkingFace/EDTalk/id26_0004_test_id01333_SwmQTyhzge8.mp4,TalkingFace/EDTalk,id26,,0,2.4409451484680176,-2.4409451484680176,0.0,27.55219268798828,25.0,0.0,0.0,0.01465678308159113,0.012545387260615826,0.006642697844654322,0.006642697844654322
CelebDFv3,/root/Datasets/CelebDFv3/CelebDFv3/FAKE/TalkingFace/EchoMimic/id48_0008_test_id06913_CFoP6f5lk7M.mp4,TalkingFace/EchoMimic,id48,,0,-7.244159698486328,7.244159698486328,0.0,72.54727935791016,24.0,0.0,0.0,0.009146059863269329,0.018343357369303703,0.011128365062177181,0.011128365062177181
CelebDFv3,/root/Datasets/CelebDFv3/CelebDFv3/FAKE/TalkingFace/FLOAT/id11_0001_test_id04950_XJS6SLQuCNM.mp4,TalkingFace/FLOAT,id11,,0,-2.5363168716430664,2.5363168716430664,0.0,37.59823989868164,25.0,0.0,0.0,0.013185137882828712,0.014955748803913593,0.009341733530163765,0.009341733530163765
CelebDFv3,/root/Datasets/CelebDFv3/CelebDFv3/FAKE/TalkingFace/IP_LAP/id59_0004_test_id01509_asrGhE2enzQ.mp4,TalkingFace/IP_LAP,id59,,0,-1.4252293109893799,1.4252293109893799,0.0,23.009286880493164,25.0,0.0,0.0,0.028164850547909737,0.020275963470339775,0.00660519115626812,0.00660519115626812
CelebDFv3,/root/Datasets/CelebDFv3/CelebDFv3/FAKE/TalkingFace/Real3DPortrait/id54_0008_test_id01437_p9H07e_p8go.mp4,TalkingFace/Real3DPortrait,id54,,0,3.24240779876709,-3.24240779876709,0.0,29.745885848999023,25.0,0.0,0.0,0.014437222853302956,0.00796490628272295,0.003964653238654137,0.003964653238654137
CelebDFv3,/root/Datasets/CelebDFv3/CelebDFv3/FAKE/TalkingFace/SadTalker/id22_0003_test_id07414_CXf8FTugLiM.mp4,TalkingFace/SadTalker,id22,,0,3.0441269874572754,-3.0441269874572754,0.0,50.86060333251953,25.0,1.0,0.71875,0.005425826646387577,0.005313025787472725,0.006442707031965256,0.006442707031965256
CelebDFv3,/root/Datasets/CelebDFv3/CelebDFv3/FAKE/FaceReenact/DaGAN/id51_id50_0007.mp4,FaceReenact/DaGAN,id51,id50,0,-1.2272143363952637,1.2272143363952637,0.0,30.212080001831055,30.0,1.0,0.015625,0.013334732502698898,0.005933933425694704,0.009069142863154411,0.009069142863154411
CelebDFv3,/root/Datasets/CelebDFv3/CelebDFv3/FAKE/FaceReenact/FSRT/id51_id58_0002.mp4,FaceReenact/FSRT,id51,id58,0,2.36000394821167,-2.36000394821167,0.0,25.209192276000977,20.0,0.0,0.0,0.017595533281564713,0.014780773781239986,0.01569387875497341,0.01569387875497341
CelebDFv3,/root/Datasets/CelebDFv3/CelebDFv3/FAKE/FaceReenact/HyperReenact/id8_id7_0008.mp4,FaceReenact/HyperReenact,id8,id7,0,-1.8071269989013672,1.8071269989013672,0.0,32.482635498046875,25.0,0.0,0.0,0.0069924406707286835,0.0028621680103242397,0.010660401545464993,0.010660401545464993
CelebDFv3,/root/Datasets/CelebDFv3/CelebDFv3/FAKE/FaceReenact/LIA/id26_id28_0002.mp4,FaceReenact/LIA,id26,id28,0,1.3460545539855957,-1.3460545539855957,0.0,26.359342575073242,30.0,1.0,0.03125,0.032995034009218216,0.012630622833967209,0.013574719429016113,0.013574719429016113
CelebDFv3,/root/Datasets/CelebDFv3/CelebDFv3/FAKE/FaceReenact/LivePortrait/id23_id2_0006.mp4,FaceReenact/LivePortrait,id23,id2,0,1.03397798538208,-1.03397798538208,0.0,17.44927215576172,30.0,1.0,0.046875,0.01462042797356844,0.005361735820770264,0.004601635038852692,0.006097166333347559
CelebDFv3,/root/Datasets/CelebDFv3/CelebDFv3/FAKE/FaceReenact/MCNET/id23_id1_0007.mp4,FaceReenact/MCNET,id23,id1,0,2.539670467376709,-2.539670467376709,0.0,34.02877426147461,30.0,0.0,0.0,0.0023564996663480997,0.0013533907476812601,0.004639596212655306,0.004639596212655306
CelebDFv3,/root/Datasets/CelebDFv3/CelebDFv3/FAKE/FaceReenact/TPSMM/id51_id57_0007.mp4,FaceReenact/TPSMM,id51,id57,0,-1.3809757232666016,1.3809757232666016,0.0,32.59270477294922,30.0,0.0,0.0,0.009444002993404865,0.009320924989879131,0.005612797103822231,0.005612797103822231
CelebDFv3,/root/Datasets/CelebDFv3/CelebDFv3/FAKE/FaceSwap/BlendFace/id51_id50_0008.mp4,FaceSwap/BlendFace,id51,id50,0,1.9497661590576172,-1.9497661590576172,0.0,25.410594940185547,30.0,0.0,0.0,0.006611935328692198,0.016516903415322304,0.0037530832923948765,0.0067210025154054165
CelebDFv3,/root/Datasets/CelebDFv3/CelebDFv3/FAKE/FaceSwap/Celeb-DF-v2/id31_id38_0001.mp4,FaceSwap/Celeb-DF-v2,id31,id38,0,-2.134828567504883,2.134828567504883,0.0,28.369455337524414,30.0,0.0,0.0,0.0032911973539739847,0.004447212442755699,0.002410199726000428,0.004340402316302061
CelebDFv3,/root/Datasets/CelebDFv3/CelebDFv3/FAKE/FaceSwap/GHOST/id56_id54_0008.mp4,FaceSwap/GHOST,id56,id54,0,0.9764196872711182,-0.9764196872711182,0.0,21.914552688598633,30.0,1.0,0.015625,0.007334448397159576,0.004980643279850483,0.003009071806445718,0.0053886305540800095
CelebDFv3,/root/Datasets/CelebDFv3/CelebDFv3/FAKE/FaceSwap/HifiFace/id54_id58_0004.mp4,FaceSwap/HifiFace,id54,id58,0,-0.8327732086181641,0.8327732086181641,0.0,56.725345611572266,30.0,0.0,0.0,0.0024623193312436342,0.020128414034843445,0.00970996730029583,0.017388561740517616
CelebDFv3,/root/Datasets/CelebDFv3/CelebDFv3/FAKE/FaceSwap/InSwapper/id31_id30_0005.mp4,FaceSwap/InSwapper,id31,id30,0,0.21038630604743958,-0.21038630604743958,0.0,40.43700408935547,30.0,0.0,0.0,0.00707265455275774,0.007273002993315458,0.002063495572656393,0.0037160408683121204
CelebDFv3,/root/Datasets/CelebDFv3/CelebDFv3/FAKE/FaceSwap/MobileFaceSwap/id48_id40_0009.mp4,FaceSwap/MobileFaceSwap,id48,id40,0,3.5874671936035156,-3.5874671936035156,0.0,31.326614379882812,30.0,0.0,0.0,0.004456277471035719,0.005081553012132645,0.0021969983354210854,0.003928530961275101
CelebDFv3,/root/Datasets/CelebDFv3/CelebDFv3/FAKE/FaceSwap/SimSwap/id25_id22_0002.mp4,FaceSwap/SimSwap,id25,id22,0,3.302475929260254,-3.302475929260254,0.0,16.075733184814453,30.0,0.0,0.0,0.014105390757322311,0.027142006903886795,0.004062552936375141,0.00731603754684329
CelebDFv3,/root/Datasets/CelebDFv3/CelebDFv3/FAKE/FaceSwap/UniFace/id56_id57_0008.mp4,FaceSwap/UniFace,id56,id57,0,1.4016387462615967,-1.4016387462615967,0.0,20.937421798706055,30.0,1.0,0.015625,0.009099991992115974,0.00595806073397398,0.0034258405212312937,0.006134978495538235
CelebDFv3,/root/Datasets/CelebDFv3/CelebDFv3/FAKE/TalkingFace/AniTalker/id51_0001_test_id00812_Ypl15Alz_-I.mp4,TalkingFace/AniTalker,id51,,0,-0.619187593460083,0.619187593460083,0.0,35.94258499145508,25.0,0.0,0.0,0.01120433397591114,0.005886909086257219,0.006707615219056606,0.006707615219056606
CelebDFv3,/root/Datasets/CelebDFv3/CelebDFv3/FAKE/TalkingFace/EDTalk/id56_0009_test_id01437_LgnNNq3sfPY.mp4,TalkingFace/EDTalk,id56,,0,-0.6303250789642334,0.6303250789642334,0.0,39.19003677368164,25.0,0.0,0.0,0.01657823659479618,0.011465217918157578,0.007320137694478035,0.007320137694478035
CelebDFv3,/root/Datasets/CelebDFv3/CelebDFv3/FAKE/TalkingFace/EchoMimic/id8_0005_test_id07802_XUhS4zwprEk.mp4,TalkingFace/EchoMimic,id8,,0,-1.904612421989441,1.904612421989441,0.0,30.244049072265625,24.0,0.0,0.0,0.01459634117782116,0.008944325149059296,0.008472481742501259,0.008472481742501259
CelebDFv3,/root/Datasets/CelebDFv3/CelebDFv3/FAKE/TalkingFace/FLOAT/id25_0009_test_id06310_yv5n45E1Db0.mp4,TalkingFace/FLOAT,id25,,0,1.013587474822998,-1.013587474822998,0.0,23.498825073242188,25.0,0.0,0.0,0.01231181900948286,0.007083461154252291,0.008869738318026066,0.008869738318026066
CelebDFv3,/root/Datasets/CelebDFv3/CelebDFv3/FAKE/TalkingFace/IP_LAP/id56_0009_test_id02548_bA26ZD1a5tU.mp4,TalkingFace/IP_LAP,id56,,0,0.3034503161907196,-0.3034503161907196,0.0,37.768043518066406,25.0,0.0,0.0,0.009982140734791756,0.009014802053570747,0.008382529020309448,0.008382529020309448
CelebDFv3,/root/Datasets/CelebDFv3/CelebDFv3/FAKE/TalkingFace/Real3DPortrait/id26_0004_test_id02317_ElfR3P4Rrmk.mp4,TalkingFace/Real3DPortrait,id26,,0,0.32643160223960876,-0.32643160223960876,0.0,29.962129592895508,25.0,0.0,0.0,0.014707036316394806,0.005889551248401403,0.004194154869765043,0.004194154869765043
CelebDFv3,/root/Datasets/CelebDFv3/CelebDFv3/FAKE/TalkingFace/SadTalker/id59_0009_test_id03980_DLgfEilskfc.mp4,TalkingFace/SadTalker,id59,,0,-1.5463385581970215,1.5463385581970215,0.0,45.05881118774414,25.0,0.0,0.0,0.0029826101381331682,0.006733151152729988,0.0034321912098675966,0.0034321912098675966
CelebDFv3,/root/Datasets/CelebDFv3/CelebDFv3/FAKE/FaceReenact/DaGAN/id31_id35_0001.mp4,FaceReenact/DaGAN,id31,id35,0,2.5744335651397705,-2.5744335651397705,0.0,23.06553077697754,30.0,1.0,0.046875,0.019039660692214966,0.017175735905766487,0.009355353191494942,0.009355353191494942
CelebDFv3,/root/Datasets/CelebDFv3/CelebDFv3/FAKE/FaceReenact/FSRT/id23_id3_0009.mp4,FaceReenact/FSRT,id23,id3,0,5.35556697845459,-5.35556697845459,0.0,22.597148895263672,20.0,0.0,0.0,0.016940120607614517,0.007851861417293549,0.01557680033147335,0.01557680033147335
CelebDFv3,/root/Datasets/CelebDFv3/CelebDFv3/FAKE/FaceReenact/HyperReenact/id23_id2_0000.mp4,FaceReenact/HyperReenact,id23,id2,0,2.697136640548706,-2.697136640548706,0.0,24.758867263793945,25.0,0.0,0.0,0.010767921805381775,0.0034056566655635834,0.01129087619483471,0.01129087619483471
CelebDFv3,/root/Datasets/CelebDFv3/CelebDFv3/FAKE/FaceReenact/LIA/id48_id42_0003.mp4,FaceReenact/LIA,id48,id42,0,-1.035879373550415,1.035879373550415,0.0,34.6965446472168,30.0,0.0,0.0,0.029649702832102776,0.007729371543973684,0.017087064683437347,0.017087064683437347
CelebDFv3,/root/Datasets/CelebDFv3/CelebDFv3/FAKE/FaceReenact/LivePortrait/id48_id45_0002.mp4,FaceReenact/LivePortrait,id48,id45,0,0.8478203415870667,-0.8478203415870667,0.0,22.63789939880371,30.0,0.0,0.0,0.04470673203468323,0.013326335698366165,0.0125759057700634,0.022456977516412735
CelebDFv3,/root/Datasets/CelebDFv3/CelebDFv3/FAKE/FaceReenact/MCNET/id31_id34_0002.mp4,FaceReenact/MCNET,id31,id34,0,-0.11765525490045547,0.11765525490045547,0.0,26.704849243164062,30.0,1.0,0.015625,0.030446043238043785,0.02222248911857605,0.048461440950632095,0.048461440950632095
CelebDFv3,/root/Datasets/CelebDFv3/CelebDFv3/FAKE/FaceReenact/TPSMM/id31_id32_0008.mp4,FaceReenact/TPSMM,id31,id32,0,4.12629508972168,-4.12629508972168,0.0,28.956777572631836,30.0,0.0,0.0,0.012371079064905643,0.00992010161280632,0.008764440193772316,0.008764440193772316
CelebDFv3,/root/Datasets/CelebDFv3/CelebDFv3/FAKE/FaceSwap/BlendFace/id56_id52_0002.mp4,FaceSwap/BlendFace,id56,id52,0,4.097278594970703,-4.097278594970703,0.0,30.699819564819336,30.0,0.0,0.0,0.00845490861684084,0.004692044109106064,0.004394068848341703,0.007868875749409199
CelebDFv3,/root/Datasets/CelebDFv3/CelebDFv3/FAKE/FaceSwap/Celeb-DF-v2/id59_id5_0002.mp4,FaceSwap/Celeb-DF-v2,id59,id5,0,-1.5411252975463867,1.5411252975463867,0.0,25.08244514465332,30.0,1.0,0.578125,0.011942090466618538,0.027379604056477547,0.010138171724975109,0.01815538853406906
CelebDFv3,/root/Datasets/CelebDFv3/CelebDFv3/FAKE/FaceSwap/GHOST/id31_id32_0006.mp4,FaceSwap/GHOST,id31,id32,0,0.17696118354797363,-0.17696118354797363,0.0,34.99143600463867,30.0,0.0,0.0,0.006137216463685036,0.012841685675084591,0.0038649635389447212,0.006960209924727678
CelebDFv3,/root/Datasets/CelebDFv3/CelebDFv3/FAKE/FaceSwap/HifiFace/id54_id49_0008.mp4,FaceSwap/HifiFace,id54,id49,0,2.245729446411133,-2.245729446411133,0.0,30.159061431884766,30.0,0.0,0.0,0.003540613455697894,0.0051539186388254166,0.002172849141061306,0.003891127184033394
CelebDFv3,/root/Datasets/CelebDFv3/CelebDFv3/FAKE/FaceSwap/InSwapper/id23_id27_0001.mp4,FaceSwap/InSwapper,id23,id27,0,2.6271209716796875,-2.6271209716796875,0.0,32.32665252685547,30.0,0.0,0.0,0.005197747144848108,0.01452249102294445,0.01090067159384489,0.019373882561922073
CelebDFv3,/root/Datasets/CelebDFv3/CelebDFv3/FAKE/FaceSwap/MobileFaceSwap/id48_id47_0002.mp4,FaceSwap/MobileFaceSwap,id48,id47,0,1.3759639263153076,-1.3759639263153076,0.0,31.324857711791992,30.0,0.0,0.0,0.0036823509726673365,0.005073183681815863,0.0021173141431063414,0.003780917963013053
CelebDFv3,/root/Datasets/CelebDFv3/CelebDFv3/FAKE/FaceSwap/SimSwap/id56_id52_0002.mp4,FaceSwap/SimSwap,id56,id52,0,3.2914137840270996,-3.2914137840270996,0.0,31.275728225708008,30.0,0.0,0.0,0.008543000556528568,0.004806669894605875,0.004190042614936829,0.007503506727516651
CelebDFv3,/root/Datasets/CelebDFv3/CelebDFv3/FAKE/FaceSwap/UniFace/id31_id34_0006.mp4,FaceSwap/UniFace,id31,id34,0,-1.655142068862915,1.655142068862915,0.0,38.1569938659668,30.0,0.0,0.0,0.006448280997574329,0.012044104747474194,0.002994905225932598,0.005393368657678366
CelebDFv3,/root/Datasets/CelebDFv3/CelebDFv3/FAKE/TalkingFace/AniTalker/id56_0002_test_id01822_jmFGgwXCuW0.mp4,TalkingFace/AniTalker,id56,,0,3.982834577560425,-3.982834577560425,0.0,27.652755737304688,25.0,0.0,0.0,0.00901893712580204,0.004165837075561285,0.007643274962902069,0.007643274962902069
CelebDFv3,/root/Datasets/CelebDFv3/CelebDFv3/FAKE/TalkingFace/EDTalk/id8_0009_test_id02086_UpjWerN0hoE.mp4,TalkingFace/EDTalk,id8,,0,1.1774605512619019,-1.1774605512619019,0.0,35.24749755859375,25.0,0.0,0.0,0.012826833873987198,0.014712243340909481,0.007676202803850174,0.007676202803850174
CelebDFv3,/root/Datasets/CelebDFv3/CelebDFv3/FAKE/TalkingFace/EchoMimic/id56_0007_test_id05055_W9QdEnAskic.mp4,TalkingFace/EchoMimic,id56,,0,-10.307334899902344,10.307334899902344,0.0,135.38864135742188,24.0,0.0,0.0,0.02126074768602848,0.017909321933984756,0.011495246551930904,0.011495246551930904
CelebDFv3,/root/Datasets/CelebDFv3/CelebDFv3/FAKE/TalkingFace/FLOAT/id25_0000_test_id05850_WCsUJ380ww8.mp4,TalkingFace/FLOAT,id25,,0,-0.7409905195236206,0.7409905195236206,0.0,45.74174499511719,25.0,0.0,0.0,0.011483300477266312,0.011365513317286968,0.011430873535573483,0.011430873535573483
CelebDFv3,/root/Datasets/CelebDFv3/CelebDFv3/FAKE/TalkingFace/IP_LAP/id8_0006_test_id07494_dEl7dYObxfA.mp4,TalkingFace/IP_LAP,id8,,0,-1.9250128269195557,1.9250128269195557,0.0,35.50730514526367,25.0,0.0,0.0,0.010306861251592636,0.026350677013397217,0.01575903594493866,0.01575903594493866
CelebDFv3,/root/Datasets/CelebDFv3/CelebDFv3/FAKE/TalkingFace/Real3DPortrait/id56_0003_test_id07868_G6yM82HVOKI.mp4,TalkingFace/Real3DPortrait,id56,,0,2.8465423583984375,-2.8465423583984375,0.0,25.20712661743164,25.0,0.0,0.0,0.012355316430330276,0.0058140442706644535,0.002392364200204611,0.002392364200204611
CelebDFv3,/root/Datasets/CelebDFv3/CelebDFv3/FAKE/TalkingFace/SadTalker/id56_0007_test_id08456_MFbZdyuSE3E.mp4,TalkingFace/SadTalker,id56,,0,-14.28167724609375,14.28167724609375,0.0,126.82357788085938,25.0,0.0,0.0,0.008372585289180279,0.005887117236852646,0.008962728083133698,0.008962728083133698
CelebDFv3,/root/Datasets/CelebDFv3/CelebDFv3/FAKE/FaceReenact/DaGAN/id56_id52_0001.mp4,FaceReenact/DaGAN,id56,id52,0,5.664401054382324,-5.664401054382324,0.0,20.569955825805664,30.0,1.0,0.015625,0.06255589425563812,0.04769193381071091,0.03717635199427605,0.03717635199427605
CelebDFv3,/root/Datasets/CelebDFv3/CelebDFv3/FAKE/FaceReenact/FSRT/id48_id47_0004.mp4,FaceReenact/FSRT,id48,id47,0,3.831256628036499,-3.831256628036499,0.0,31.066680908203125,20.0,0.0,0.0,0.010612592101097107,0.004708994645625353,0.0050093019381165504,0.0050093019381165504
CelebDFv3,/root/Datasets/CelebDFv3/CelebDFv3/FAKE/FaceReenact/HyperReenact/id23_id3_0006.mp4,FaceReenact/HyperReenact,id23,id3,0,4.586050033569336,-4.586050033569336,0.0,22.59493064880371,25.0,0.0,0.0,0.01171635091304779,0.00735427113249898,0.0053704772144556046,0.0053704772144556046
CelebDFv3,/root/Datasets/CelebDFv3/CelebDFv3/FAKE/FaceReenact/LIA/id31_id34_0004.mp4,FaceReenact/LIA,id31,id34,0,0.31343838572502136,-0.31343838572502136,0.0,37.902008056640625,30.0,0.0,0.0,0.028262443840503693,0.013283036649227142,0.014230871573090553,0.014230871573090553
CelebDFv3,/root/Datasets/CelebDFv3/CelebDFv3/FAKE/FaceReenact/LivePortrait/id31_id33_0001.mp4,FaceReenact/LivePortrait,id31,id33,0,-3.9336113929748535,3.9336113929748535,0.0,26.59682273864746,30.0,1.0,0.8125,0.0020973256323486567,0.0011231605894863605,0.0016226132865995169,0.002922078827396035
CelebDFv3,/root/Datasets/CelebDFv3/CelebDFv3/FAKE/FaceReenact/MCNET/id51_id57_0008.mp4,FaceReenact/MCNET,id51,id57,0,3.472949981689453,-3.472949981689453,0.0,28.61041831970215,29.829999923706055,0.0,0.0,0.016134537756443024,0.008848153054714203,0.008356282487511635,0.008356282487511635
CelebDFv3,/root/Datasets/CelebDFv3/CelebDFv3/FAKE/FaceReenact/TPSMM/id23_id2_0009.mp4,FaceReenact/TPSMM,id23,id2,0,5.3744988441467285,-5.3744988441467285,0.0,23.91908073425293,30.0,0.0,0.0,0.015399668365716934,0.009971361607313156,0.013988780789077282,0.013988780789077282
CelebDFv3,/root/Datasets/CelebDFv3/CelebDFv3/FAKE/FaceSwap/BlendFace/id31_id20_0008.mp4,FaceSwap/BlendFace,id31,id20,0,2.685040235519409,-2.685040235519409,0.0,34.50505065917969,30.0,0.0,0.0,0.006440352648496628,0.012312101200222969,0.008146567270159721,0.014670724980533123
CelebDFv3,/root/Datasets/CelebDFv3/CelebDFv3/FAKE/FaceSwap/Celeb-DF-v2/id51_id54_0002.mp4,FaceSwap/Celeb-DF-v2,id51,id54,0,0.26160040497779846,-0.26160040497779846,0.0,21.442325592041016,30.0,0.0,0.0,0.00904701929539442,0.012297792360186577,0.0073354411870241165,0.013136271387338638
CelebDFv3,/root/Datasets/CelebDFv3/CelebDFv3/FAKE/FaceSwap/GHOST/id23_id2_0009.mp4,FaceSwap/GHOST,id23,id2,0,1.6700162887573242,-1.6700162887573242,0.0,19.67267417907715,30.0,0.0,0.0,0.004891707096248865,0.0059670801274478436,0.0032005468383431435,0.0042375242337584496
CelebDFv3,/root/Datasets/CelebDFv3/CelebDFv3/FAKE/FaceSwap/HifiFace/id31_id3_0005.mp4,FaceSwap/HifiFace,id31,id3,0,-0.20043468475341797,0.20043468475341797,0.0,36.689308166503906,30.0,0.0,0.0,0.008419308811426163,0.007165024988353252,0.0019216063665226102,0.0034605199471116066
CelebDFv3,/root/Datasets/CelebDFv3/CelebDFv3/FAKE/FaceSwap/InSwapper/id48_id39_0002.mp4,FaceSwap/InSwapper,id48,id39,0,0.9637399315834045,-0.9637399315834045,0.0,28.55830955505371,30.0,0.0,0.0,0.0037676305510103703,0.005131769459694624,0.0020060341339558363,0.003582203760743141
CelebDFv3,/root/Datasets/CelebDFv3/CelebDFv3/FAKE/FaceSwap/MobileFaceSwap/id23_id19_0000.mp4,FaceSwap/MobileFaceSwap,id23,id19,0,3.2569851875305176,-3.2569851875305176,0.0,26.15174102783203,30.0,0.0,0.0,0.003356081433594227,0.00265930755995214,0.0015261927619576454,0.0027125191409140825
CelebDFv3,/root/Datasets/CelebDFv3/CelebDFv3/FAKE/FaceSwap/SimSwap/id23_id3_0003.mp4,FaceSwap/SimSwap,id23,id3,0,-0.11739186942577362,0.11739186942577362,0.0,29.803531646728516,30.0,0.0,0.0,0.005704391282051802,0.005106227472424507,0.001661271438933909,0.0029525957070291042
CelebDFv3,/root/Datasets/CelebDFv3/CelebDFv3/FAKE/FaceSwap/UniFace/id23_id9_0006.mp4,FaceSwap/UniFace,id23,id9,0,-0.40879490971565247,0.40879490971565247,0.0,16.8970947265625,30.0,0.0,0.0,0.01069601345807314,0.005718326661735773,0.004264693707227707,0.005650719627737999
CelebDFv3,/root/Datasets/CelebDFv3/CelebDFv3/FAKE/TalkingFace/AniTalker/id48_0009_test_id08374_8V4tFXw2UxY.mp4,TalkingFace/AniTalker,id48,,0,3.775604248046875,-3.775604248046875,0.0,30.10448455810547,25.0,0.0,0.0,0.004617782309651375,0.004428444430232048,0.009371290914714336,0.009371290914714336
CelebDFv3,/root/Datasets/CelebDFv3/CelebDFv3/FAKE/TalkingFace/EDTalk/id59_0004_test_id07494_ebeMtxwdAVc.mp4,TalkingFace/EDTalk,id59,,0,-0.39921215176582336,0.39921215176582336,0.0,23.22073745727539,25.0,0.0,0.0,0.01812288537621498,0.01174217090010643,0.005637865047901869,0.005637865047901869
CelebDFv3,/root/Datasets/CelebDFv3/CelebDFv3/FAKE/TalkingFace/EchoMimic/id25_0008_test_id08696_MnjuyAG_DCg.mp4,TalkingFace/EchoMimic,id25,,0,5.436854362487793,-5.436854362487793,0.0,24.339975357055664,24.0,0.0,0.0,0.0055612544529139996,0.008217900060117245,0.006879361812025309,0.006879361812025309
CelebDFv3,/root/Datasets/CelebDFv3/CelebDFv3/FAKE/TalkingFace/FLOAT/id51_0006_test_id02685_WRyNA6xW_T0.mp4,TalkingFace/FLOAT,id51,,0,0.6401932835578918,-0.6401932835578918,0.0,27.26210594177246,25.0,0.0,0.0,0.01971002295613289,0.013592822477221489,0.011656041257083416,0.011656041257083416
CelebDFv3,/root/Datasets/CelebDFv3/CelebDFv3/FAKE/TalkingFace/IP_LAP/id51_0001_test_id01460_oxJYG8REHG8.mp4,TalkingFace/IP_LAP,id51,,0,-0.8568270206451416,0.8568270206451416,0.0,52.8821907043457,25.0,0.0,0.0,0.01727936789393425,0.012984616681933403,0.013635518029332161,0.013635518029332161
CelebDFv3,/root/Datasets/CelebDFv3/CelebDFv3/FAKE/TalkingFace/Real3DPortrait/id11_0004_test_id04862_i6aGUMQW5jA.mp4,TalkingFace/Real3DPortrait,id11,,0,-0.6780347228050232,0.6780347228050232,0.0,41.17470932006836,25.0,0.0,0.0,0.014476916752755642,0.006939765997231007,0.004480121191591024,0.004480121191591024
CelebDFv3,/root/Datasets/CelebDFv3/CelebDFv3/FAKE/TalkingFace/SadTalker/id59_0004_test_id01509_asrGhE2enzQ.mp4,TalkingFace/SadTalker,id59,,0,-1.9609942436218262,1.9609942436218262,0.0,26.35481071472168,25.0,0.0,0.0,0.003871043212711811,0.010128995403647423,0.009967926889657974,0.009967926889657974
CelebDFv3,/root/Datasets/CelebDFv3/CelebDFv3/FAKE/FaceReenact/DaGAN/id51_id57_0007.mp4,FaceReenact/DaGAN,id51,id57,0,-1.816554069519043,1.816554069519043,0.0,33.971221923828125,30.0,0.0,0.0,0.009431445971131325,0.008732311427593231,0.005721732508391142,0.005721732508391142
CelebDFv3,/root/Datasets/CelebDFv3/CelebDFv3/FAKE/FaceReenact/FSRT/id26_id29_0003.mp4,FaceReenact/FSRT,id26,id29,0,-3.361926555633545,3.361926555633545,0.0,80.9267578125,20.0,0.0,0.0,0.01063841674476862,0.007624845020473003,0.009018530137836933,0.009018530137836933
CelebDFv3,/root/Datasets/CelebDFv3/CelebDFv3/FAKE/FaceReenact/HyperReenact/id23_id25_0002.mp4,FaceReenact/HyperReenact,id23,id25,0,3.1809093952178955,-3.1809093952178955,0.0,24.269628524780273,25.0,0.0,0.0,0.006120557896792889,0.007757877930998802,0.009344859980046749,0.009344859980046749
CelebDFv3,/root/Datasets/CelebDFv3/CelebDFv3/FAKE/FaceReenact/LIA/id31_id37_0005.mp4,FaceReenact/LIA,id31,id37,0,-5.303784370422363,5.303784370422363,0.0,60.51863479614258,30.0,1.0,0.609375,0.01599239557981491,0.006608536466956139,0.00522902375087142,0.00522902375087142
CelebDFv3,/root/Datasets/CelebDFv3/CelebDFv3/FAKE/FaceReenact/LivePortrait/id23_id28_0000.mp4,FaceReenact/LivePortrait,id23,id28,0,1.7359368801116943,-1.7359368801116943,0.0,24.544965744018555,30.0,1.0,0.078125,0.00472705252468586,0.011654073372483253,0.0023047765716910362,0.004096304066479206
CelebDFv3,/root/Datasets/CelebDFv3/CelebDFv3/FAKE/FaceReenact/MCNET/id48_id46_0009.mp4,FaceReenact/MCNET,id48,id46,0,4.426118850708008,-4.426118850708008,0.0,28.097095489501953,30.0,0.0,0.0,0.024539323523640633,0.017825592309236526,0.01172935776412487,0.01172935776412487
CelebDFv3,/root/Datasets/CelebDFv3/CelebDFv3/FAKE/FaceReenact/TPSMM/id56_id50_0002.mp4,FaceReenact/TPSMM,id56,id50,0,1.8401594161987305,-1.8401594161987305,0.0,26.26188850402832,30.0,0.0,0.0,0.010855252854526043,0.005678021814674139,0.008506170473992825,0.008506170473992825
CelebDFv3,/root/Datasets/CelebDFv3/CelebDFv3/FAKE/FaceSwap/BlendFace/id56_id49_0003.mp4,FaceSwap/BlendFace,id56,id49,0,0.8631342053413391,-0.8631342053413391,0.0,24.41731834411621,30.0,0.0,0.0,0.007757238112390041,0.005764542147517204,0.006143189035356045,0.011001192964613438
CelebDFv3,/root/Datasets/CelebDFv3/CelebDFv3/FAKE/FaceSwap/Celeb-DF-v2/id31_id34_0009.mp4,FaceSwap/Celeb-DF-v2,id31,id34,0,1.5861432552337646,-1.5861432552337646,0.0,17.20974349975586,30.0,1.0,0.03125,0.003857740666717291,0.006251044571399689,0.004386760760098696,0.007899886928498745
CelebDFv3,/root/Datasets/CelebDFv3/CelebDFv3/FAKE/FaceSwap/GHOST/id22_id24_0005.mp4,FaceSwap/GHOST,id22,id24,0,1.1494512557983398,-1.1494512557983398,0.0,37.12053298950195,30.0,0.0,0.0,0.00462625315412879,0.0033112491946667433,0.0019346290500834584,0.0034384371247142553
CelebDFv3,/root/Datasets/CelebDFv3/CelebDFv3/FAKE/FaceSwap/HifiFace/id11_id7_0009.mp4,FaceSwap/HifiFace,id11,id7,0,-2.5248193740844727,2.5248193740844727,0.0,30.539287567138672,30.0,0.0,0.0,0.00280926376581192,0.0041709644719958305,0.0011204665061086416,0.002128886291757226
CelebDFv3,/root/Datasets/CelebDFv3/CelebDFv3/FAKE/FaceSwap/InSwapper/id48_id41_0006.mp4,FaceSwap/InSwapper,id48,id41,0,2.1482129096984863,-2.1482129096984863,0.0,25.677576065063477,30.0,0.0,0.0,0.007706694770604372,0.04835864156484604,0.007454445119947195,0.009780232794582844
CelebDFv3,/root/Datasets/CelebDFv3/CelebDFv3/FAKE/FaceSwap/MobileFaceSwap/id22_id25_0003.mp4,FaceSwap/MobileFaceSwap,id22,id25,0,4.005698204040527,-4.005698204040527,0.0,42.81344985961914,30.0,1.0,0.21875,0.03825797885656357,0.02448216825723648,0.02026040479540825,0.0360090397298336
CelebDFv3,/root/Datasets/CelebDFv3/CelebDFv3/FAKE/FaceSwap/SimSwap/id54_id55_0006.mp4,FaceSwap/SimSwap,id54,id55,0,-1.7652369737625122,1.7652369737625122,0.0,40.19600296020508,30.0,1.0,0.015625,0.006172438617795706,0.009749652817845345,0.004242082592099905,0.007596700452268124
CelebDFv3,/root/Datasets/CelebDFv3/CelebDFv3/FAKE/FaceSwap/UniFace/id56_id58_0006.mp4,FaceSwap/UniFace,id56,id58,0,1.6213886737823486,-1.6213886737823486,0.0,26.653776168823242,30.0,0.0,0.0,0.006186116486787796,0.007537596393376589,0.003664179937914014,0.006561795249581337
CelebDFv3,/root/Datasets/CelebDFv3/CelebDFv3/FAKE/TalkingFace/AniTalker/id56_0004_test_id04232__k0hgacT2zc.mp4,TalkingFace/AniTalker,id56,,0,2.6522438526153564,-2.6522438526153564,0.0,23.746063232421875,25.0,0.0,0.0,0.007316202390938997,0.006139185279607773,0.005306880921125412,0.005306880921125412
CelebDFv3,/root/Datasets/CelebDFv3/CelebDFv3/FAKE/TalkingFace/EDTalk/id48_0006_test_id06104_Q5NV5PQuYQQ.mp4,TalkingFace/EDTalk,id48,,0,-0.5108115673065186,0.5108115673065186,0.0,23.658369064331055,25.0,0.0,0.0,0.014748461544513702,0.01434200070798397,0.007664309814572334,0.007664309814572334
CelebDFv3,/root/Datasets/CelebDFv3/CelebDFv3/FAKE/TalkingFace/EchoMimic/id22_0008_test_id07396_6bbb_NOpqGY.mp4,TalkingFace/EchoMimic,id22,,0,-1.3507652282714844,1.3507652282714844,0.0,31.185039520263672,24.0,0.0,0.0,0.010422646068036556,0.009993970394134521,0.005934917367994785,0.005934917367994785
CelebDFv3,/root/Datasets/CelebDFv3/CelebDFv3/FAKE/TalkingFace/FLOAT/id22_0008_test_id04478_nhLuGj0vGb8.mp4,TalkingFace/FLOAT,id22,,0,-1.4279810190200806,1.4279810190200806,0.0,32.2774772644043,25.0,0.0,0.0,0.014220170676708221,0.012382801622152328,0.00959774386137724,0.00959774386137724
CelebDFv3,/root/Datasets/CelebDFv3/CelebDFv3/FAKE/TalkingFace/IP_LAP/id54_0000_test_id01593_Clw9yg6Jd34.mp4,TalkingFace/IP_LAP,id54,,0,0.5700758695602417,-0.5700758695602417,0.0,28.579153060913086,25.0,0.0,0.0,0.018730126321315765,0.015469926409423351,0.010408543050289154,0.010408543050289154
CelebDFv3,/root/Datasets/CelebDFv3/CelebDFv3/FAKE/TalkingFace/Real3DPortrait/id22_0009_test_id01000_yCKyUiCDAWQ.mp4,TalkingFace/Real3DPortrait,id22,,0,3.265796184539795,-3.265796184539795,0.0,27.79136085510254,25.0,0.0,0.0,0.013653945177793503,0.008846485987305641,0.009755302220582962,0.009755302220582962
CelebDFv3,/root/Datasets/CelebDFv3/CelebDFv3/FAKE/TalkingFace/SadTalker/id31_0002_test_id05015_wFizOLE3-qM.mp4,TalkingFace/SadTalker,id31,,0,-1.3146936893463135,1.3146936893463135,0.0,33.088050842285156,25.0,0.0,0.0,0.004616554826498032,0.012938445433974266,0.015344906598329544,0.015344906598329544
CelebDFv3,/root/Datasets/CelebDFv3/CelebDFv3/FAKE/FaceReenact/DaGAN/id23_id25_0002.mp4,FaceReenact/DaGAN,id23,id25,0,1.803234577178955,-1.803234577178955,0.0,17.797868728637695,30.0,1.0,0.265625,0.04180176183581352,0.02610098198056221,0.033957429230213165,0.033957429230213165
CelebDFv3,/root/Datasets/CelebDFv3/CelebDFv3/FAKE/FaceReenact/FSRT/id22_id23_0001.mp4,FaceReenact/FSRT,id22,id23,0,-0.45445847511291504,0.45445847511291504,0.0,23.354785919189453,20.0,0.0,0.0,0.012814125046133995,0.010161801241338253,0.008431339636445045,0.008431339636445045
CelebDFv3,/root/Datasets/CelebDFv3/CelebDFv3/FAKE/FaceReenact/HyperReenact/id23_id33_0006.mp4,FaceReenact/HyperReenact,id23,id33,0,3.2910563945770264,-3.2910563945770264,0.0,20.727476119995117,25.0,0.0,0.0,0.005521699786186218,0.004786952864378691,0.007299106568098068,0.007299106568098068
CelebDFv3,/root/Datasets/CelebDFv3/CelebDFv3/FAKE/FaceReenact/LIA/id51_id57_0007.mp4,FaceReenact/LIA,id51,id57,0,-0.6629634499549866,0.6629634499549866,0.0,39.67833709716797,30.0,0.0,0.0,0.009051394648849964,0.008305329829454422,0.0052070701494812965,0.0052070701494812965
CelebDFv3,/root/Datasets/CelebDFv3/CelebDFv3/FAKE/FaceReenact/LivePortrait/id31_id20_0002.mp4,FaceReenact/LivePortrait,id31,id20,0,0.2846786379814148,-0.2846786379814148,0.0,20.414188385009766,30.0,1.0,0.125,0.01986601948738098,0.053220003843307495,0.019227057695388794,0.03462499752640724
CelebDFv3,/root/Datasets/CelebDFv3/CelebDFv3/FAKE/FaceReenact/MCNET/id23_id34_0009.mp4,FaceReenact/MCNET,id23,id34,0,2.908817768096924,-2.908817768096924,0.0,19.764209747314453,30.0,1.0,0.140625,0.05377062037587166,0.021642077714204788,0.028041988611221313,0.028041988611221313
CelebDFv3,/root/Datasets/CelebDFv3/CelebDFv3/FAKE/FaceReenact/TPSMM/id31_id20_0001.mp4,FaceReenact/TPSMM,id31,id20,0,-1.5461809635162354,1.5461809635162354,0.0,24.555192947387695,30.0,1.0,0.796875,0.006204991601407528,0.005998299922794104,0.004626978188753128,0.004626978188753128
CelebDFv3,/root/Datasets/CelebDFv3/CelebDFv3/FAKE/FaceSwap/BlendFace/id51_id58_0000.mp4,FaceSwap/BlendFace,id51,id58,0,2.6255104541778564,-2.6255104541778564,0.0,19.10465431213379,30.0,0.0,0.0,0.009089591912925243,0.005041605327278376,0.0036708423867821693,0.006573725491762161
CelebDFv3,/root/Datasets/CelebDFv3/CelebDFv3/FAKE/FaceSwap/Celeb-DF-v2/id31_id26_0004.mp4,FaceSwap/Celeb-DF-v2,id31,id26,0,-0.605410635471344,0.605410635471344,0.0,23.346248626708984,30.0,0.0,0.0,0.009871774353086948,0.004095594864338636,0.002808561082929373,0.005057790316641331
CelebDFv3,/root/Datasets/CelebDFv3/CelebDFv3/FAKE/FaceSwap/GHOST/id51_id58_0002.mp4,FaceSwap/GHOST,id51,id58,0,1.953545093536377,-1.953545093536377,0.0,20.594846725463867,30.0,0.0,0.0,0.0075406902469694614,0.0066597796976566315,0.004222968127578497,0.007562470156699419
CelebDFv3,/root/Datasets/CelebDFv3/CelebDFv3/FAKE/FaceSwap/HifiFace/id25_id23_0005.mp4,FaceSwap/HifiFace,id25,id23,0,1.136762261390686,-1.136762261390686,0.0,23.626911163330078,30.0,0.0,0.0,0.020073357969522476,0.004357772879302502,0.004544364288449287,0.006743836682289839
CelebDFv3,/root/Datasets/CelebDFv3/CelebDFv3/FAKE/FaceSwap/InSwapper/id31_id1_0001.mp4,FaceSwap/InSwapper,id31,id1,0,-2.4629716873168945,2.4629716873168945,0.0,30.161481857299805,30.0,0.0,0.0,0.0032198959961533546,0.0050519127398729324,0.0032351226545870304,0.005825962405651808
CelebDFv3,/root/Datasets/CelebDFv3/CelebDFv3/FAKE/FaceSwap/MobileFaceSwap/id56_id58_0001.mp4,FaceSwap/MobileFaceSwap,id56,id58,0,4.685081958770752,-4.685081958770752,0.0,19.50617027282715,30.0,0.0,0.0,0.004054572433233261,0.012176834978163242,0.003113473765552044,0.0055755930952727795
CelebDFv3,/root/Datasets/CelebDFv3/CelebDFv3/FAKE/FaceSwap/SimSwap/id26_id2_0009.mp4,FaceSwap/SimSwap,id26,id2,0,-1.305100917816162,1.305100917816162,0.0,52.93894958496094,30.0,1.0,0.015625,0.016801806166768074,0.01059751771390438,0.004734790418297052,0.008621866814792156
CelebDFv3,/root/Datasets/CelebDFv3/CelebDFv3/FAKE/FaceSwap/UniFace/id31_id28_0007.mp4,FaceSwap/UniFace,id31,id28,0,-7.175930976867676,7.175930976867676,0.0,58.14750671386719,30.0,0.0,0.0,0.012431618757545948,0.0057983435690402985,0.008182975463569164,0.014736290089786053
CelebDFv3,/root/Datasets/CelebDFv3/CelebDFv3/FAKE/TalkingFace/AniTalker/id31_0002_test_id00812_BDoGOx3Jgbk.mp4,TalkingFace/AniTalker,id31,,0,0.42728227376937866,-0.42728227376937866,0.0,26.6917724609375,25.0,0.0,0.0,0.007289361208677292,0.005487586837261915,0.011268367059528828,0.011268367059528828
CelebDFv3,/root/Datasets/CelebDFv3/CelebDFv3/FAKE/TalkingFace/EDTalk/id22_0001_test_id01298_tAQVEmDyrPs.mp4,TalkingFace/EDTalk,id22,,0,3.0085535049438477,-3.0085535049438477,0.0,30.581382751464844,25.0,0.0,0.0,0.01644563302397728,0.012339824810624123,0.006776296067982912,0.006776296067982912
CelebDFv3,/root/Datasets/CelebDFv3/CelebDFv3/FAKE/TalkingFace/EchoMimic/id8_0007_test_id01618_L0HQTlH8k7A.mp4,TalkingFace/EchoMimic,id8,,0,-2.2732810974121094,2.2732810974121094,0.0,37.67244338989258,24.0,0.0,0.0,0.0021398102398961782,0.0026773596182465553,0.005752431694418192,0.005752431694418192
CelebDFv3,/root/Datasets/CelebDFv3/CelebDFv3/FAKE/TalkingFace/FLOAT/id56_0006_test_id01333_D8Pv2f28x3Q.mp4,TalkingFace/FLOAT,id56,,0,2.6322031021118164,-2.6322031021118164,0.0,26.943431854248047,25.0,0.0,0.0,0.019378403201699257,0.014862802810966969,0.009161902591586113,0.009161902591586113
CelebDFv3,/root/Datasets/CelebDFv3/CelebDFv3/FAKE/TalkingFace/IP_LAP/id11_0001_test_id04478_Rk34ptLauAE.mp4,TalkingFace/IP_LAP,id11,,0,-2.170687675476074,2.170687675476074,0.0,38.09750747680664,25.0,0.0,0.0,0.014069723896682262,0.020297501236200333,0.012427578680217266,0.012427578680217266
CelebDFv3,/root/Datasets/CelebDFv3/CelebDFv3/FAKE/TalkingFace/Real3DPortrait/id26_0007_test_id08552_7kf2EfS9G6Q.mp4,TalkingFace/Real3DPortrait,id26,,0,1.4762742519378662,-1.4762742519378662,0.0,48.928733825683594,25.0,0.0,0.0,0.013816495425999165,0.007510935887694359,0.006469503045082092,0.006469503045082092
CelebDFv3,/root/Datasets/CelebDFv3/CelebDFv3/FAKE/TalkingFace/SadTalker/id48_0009_test_id07961_l3Xn426T1IE.mp4,TalkingFace/SadTalker,id48,,0,2.8768062591552734,-2.8768062591552734,0.0,31.54020118713379,25.0,0.0,0.0,0.0014062614645808935,0.003973780199885368,0.005217341706156731,0.005217341706156731
CelebDFv3,/root/Datasets/CelebDFv3/CelebDFv3/FAKE/FaceReenact/DaGAN/id31_id21_0005.mp4,FaceReenact/DaGAN,id31,id21,0,-0.5922826528549194,0.5922826528549194,0.0,29.997867584228516,30.0,1.0,0.15625,0.026066657155752182,0.022546891123056412,0.0329403281211853,0.0329403281211853
CelebDFv3,/root/Datasets/CelebDFv3/CelebDFv3/FAKE/FaceReenact/FSRT/id23_id25_0002.mp4,FaceReenact/FSRT,id23,id25,0,1.0256562232971191,-1.0256562232971191,0.0,17.278240203857422,20.0,1.0,0.3125,0.0209043025970459,0.022548751905560493,0.012809786945581436,0.012809786945581436
CelebDFv3,/root/Datasets/CelebDFv3/CelebDFv3/FAKE/FaceReenact/HyperReenact/id59_id60_0007.mp4,FaceReenact/HyperReenact,id59,id60,0,2.1055655479431152,-2.1055655479431152,0.0,34.789512634277344,25.0,0.0,0.0,0.01303790882229805,0.006530314218252897,0.01108542550355196,0.01108542550355196
CelebDFv3,/root/Datasets/CelebDFv3/CelebDFv3/FAKE/FaceReenact/LIA/id48_id43_0008.mp4,FaceReenact/LIA,id48,id43,0,-2.5560898780822754,2.5560898780822754,0.0,50.563392639160156,30.0,1.0,0.140625,0.018439942970871925,0.019193297252058983,0.02377742901444435,0.02377742901444435
CelebDFv3,/root/Datasets/CelebDFv3/CelebDFv3/FAKE/FaceReenact/LivePortrait/id48_id45_0005.mp4,FaceReenact/LivePortrait,id48,id45,0,1.8769948482513428,-1.8769948482513428,0.0,33.54640197753906,30.0,0.0,0.0,0.002663165796548128,0.003143411362543702,0.0014382362132892013,0.002568279393017292
CelebDFv3,/root/Datasets/CelebDFv3/CelebDFv3/FAKE/FaceReenact/MCNET/id26_id3_0008.mp4,FaceReenact/MCNET,id26,id3,0,4.3998870849609375,-4.3998870849609375,0.0,22.92458724975586,30.0,0.0,0.0,0.018654488027095795,0.021561166271567345,0.0075079696252942085,0.0075079696252942085
CelebDFv3,/root/Datasets/CelebDFv3/CelebDFv3/FAKE/FaceReenact/TPSMM/id31_id35_0000.mp4,FaceReenact/TPSMM,id31,id35,0,0.1911660134792328,-0.1911660134792328,0.0,20.155534744262695,30.0,0.0,0.0,0.01808876171708107,0.015080627985298634,0.0115183275192976,0.0115183275192976
CelebDFv3,/root/Datasets/CelebDFv3/CelebDFv3/FAKE/FaceSwap/BlendFace/id48_id39_0007.mp4,FaceSwap/BlendFace,id48,id39,0,2.123265504837036,-2.123265504837036,0.0,34.1663932800293,30.0,0.0,0.0,0.003540773643180728,0.0042569758370518684,0.0014291346305981278,0.0018750245217233896
CelebDFv3,/root/Datasets/CelebDFv3/CelebDFv3/FAKE/FaceSwap/Celeb-DF-v2/id48_id40_0009.mp4,FaceSwap/Celeb-DF-v2,id48,id40,0,5.561004638671875,-5.561004638671875,0.0,30.286510467529297,30.0,0.0,0.0,0.004462473560124636,0.005206363741308451,0.0021206941455602646,0.003792088944464922
CelebDFv3,/root/Datasets/CelebDFv3/CelebDFv3/FAKE/FaceSwap/GHOST/id48_id46_0007.mp4,FaceSwap/GHOST,id48,id46,0,1.449259877204895,-1.449259877204895,0.0,33.835472106933594,30.0,0.0,0.0,0.003752961289137602,0.004395691212266684,0.0015147719532251358,0.001987380674108863
CelebDFv3,/root/Datasets/CelebDFv3/CelebDFv3/FAKE/FaceSwap/HifiFace/id23_id4_0007.mp4,FaceSwap/HifiFace,id23,id4,0,2.5724992752075195,-2.5724992752075195,0.0,26.40961265563965,30.0,0.0,0.0,0.014123810455203056,0.030608756467700005,0.0067810844630002975,0.01189612690359354
CelebDFv3,/root/Datasets/CelebDFv3/CelebDFv3/FAKE/FaceSwap/InSwapper/id26_id33_0001.mp4,FaceSwap/InSwapper,id26,id33,0,1.9425139427185059,-1.9425139427185059,0.0,42.86648178100586,30.0,1.0,0.015625,0.023002557456493378,0.019753307104110718,0.004598185885697603,0.008261147886514664
CelebDFv3,/root/Datasets/CelebDFv3/CelebDFv3/FAKE/FaceSwap/MobileFaceSwap/id23_id30_0009.mp4,FaceSwap/MobileFaceSwap,id23,id30,0,2.9660611152648926,-2.9660611152648926,0.0,19.47319221496582,30.0,0.0,0.0,0.004637051839381456,0.005870134569704533,0.0037011809181421995,0.004900363739579916
CelebDFv3,/root/Datasets/CelebDFv3/CelebDFv3/FAKE/FaceSwap/SimSwap/id23_id27_0006.mp4,FaceSwap/SimSwap,id23,id27,0,1.2032604217529297,-1.2032604217529297,0.0,15.951372146606445,30.0,0.0,0.0,0.01288638636469841,0.0060958703979849815,0.004533869214355946,0.006007377058267593
CelebDFv3,/root/Datasets/CelebDFv3/CelebDFv3/FAKE/FaceSwap/UniFace/id56_id58_0002.mp4,FaceSwap/UniFace,id56,id58,0,4.179634094238281,-4.179634094238281,0.0,29.326080322265625,30.0,0.0,0.0,0.008313084952533245,0.004772018641233444,0.003989401273429394,0.007144199684262276
CelebDFv3,/root/Datasets/CelebDFv3/CelebDFv3/FAKE/TalkingFace/AniTalker/id59_0006_test_id00817_UOTRcRmKHPQ.mp4,TalkingFace/AniTalker,id59,,0,1.7931022644042969,-1.7931022644042969,0.0,25.370075225830078,25.0,0.0,0.0,0.004864949267357588,0.0044801849871873856,0.005014203488826752,0.005014203488826752
CelebDFv3,/root/Datasets/CelebDFv3/CelebDFv3/FAKE/TalkingFace/EDTalk/id23_0002_test_id01593_NxfyefwggDQ.mp4,TalkingFace/EDTalk,id23,,0,2.940131902694702,-2.940131902694702,0.0,27.212730407714844,25.0,0.0,0.0,0.013788806274533272,0.013737354427576065,0.01241891086101532,0.01241891086101532
CelebDFv3,/root/Datasets/CelebDFv3/CelebDFv3/FAKE/TalkingFace/EchoMimic/id51_0008_test_id04657_WdJ_DuU0ack.mp4,TalkingFace/EchoMimic,id51,,0,3.693310260772705,-3.693310260772705,0.0,28.118783950805664,24.0,0.0,0.0,0.00336216832511127,0.00891613494604826,0.004668788053095341,0.004668788053095341
CelebDFv3,/root/Datasets/CelebDFv3/CelebDFv3/FAKE/TalkingFace/FLOAT/id51_0005_test_id08701_IF-okJTentA.mp4,TalkingFace/FLOAT,id51,,0,-0.43467438220977783,0.43467438220977783,0.0,39.204219818115234,25.0,0.0,0.0,0.01787513867020607,0.024626759812235832,0.016886651515960693,0.016886651515960693
CelebDFv3,/root/Datasets/CelebDFv3/CelebDFv3/FAKE/TalkingFace/IP_LAP/id51_0006_test_id02685_WRyNA6xW_T0.mp4,TalkingFace/IP_LAP,id51,,0,1.2726984024047852,-1.2726984024047852,0.0,30.92943572998047,25.0,0.0,0.0,0.022312136366963387,0.01467815600335598,0.014702653512358665,0.014702653512358665
CelebDFv3,/root/Datasets/CelebDFv3/CelebDFv3/FAKE/TalkingFace/Real3DPortrait/id56_0004_test_id04366_GAE3onT-CHs.mp4,TalkingFace/Real3DPortrait,id56,,0,3.8314075469970703,-3.8314075469970703,0.0,33.64237594604492,25.0,0.0,0.0,0.011375129222869873,0.008012944832444191,0.007992835715413094,0.007992835715413094
CelebDFv3,/root/Datasets/CelebDFv3/CelebDFv3/FAKE/TalkingFace/SadTalker/id22_0001_test_id01106_R0NC1aAEl4w.mp4,TalkingFace/SadTalker,id22,,0,2.3514063358306885,-2.3514063358306885,0.0,23.299802780151367,25.0,0.0,0.0,0.0033499556593596935,0.013642908073961735,0.00518798129633069,0.00518798129633069
CelebDFv3,/root/Datasets/CelebDFv3/CelebDFv3/FAKE/FaceReenact/DaGAN/id31_id33_0000.mp4,FaceReenact/DaGAN,id31,id33,0,1.6501096487045288,-1.6501096487045288,0.0,19.361370086669922,30.0,1.0,0.25,0.05906948074698448,0.02476043626666069,0.021208785474300385,0.021208785474300385
CelebDFv3,/root/Datasets/CelebDFv3/CelebDFv3/FAKE/FaceReenact/FSRT/id56_id58_0002.mp4,FaceReenact/FSRT,id56,id58,0,3.391944408416748,-3.391944408416748,0.0,24.85743522644043,20.0,0.0,0.0,0.018285606056451797,0.016428939998149872,0.006622843910008669,0.006622843910008669
CelebDFv3,/root/Datasets/CelebDFv3/CelebDFv3/FAKE/FaceReenact/HyperReenact/id31_id4_0001.mp4,FaceReenact/HyperReenact,id31,id4,0,1.0429977178573608,-1.0429977178573608,0.0,27.805862426757812,25.0,0.0,0.0,0.008554309606552124,0.006334965582937002,0.011268706992268562,0.011268706992268562
CelebDFv3,/root/Datasets/CelebDFv3/CelebDFv3/FAKE/FaceReenact/LIA/id22_id21_0005.mp4,FaceReenact/LIA,id22,id21,0,1.786038875579834,-1.786038875579834,0.0,33.18372344970703,30.0,0.0,0.0,0.013579068705439568,0.017032433301210403,0.008546488359570503,0.008546488359570503
CelebDFv3,/root/Datasets/CelebDFv3/CelebDFv3/FAKE/FaceReenact/LivePortrait/id54_id51_0003.mp4,FaceReenact/LivePortrait,id54,id51,0,1.7161622047424316,-1.7161622047424316,0.0,36.83735656738281,30.0,1.0,0.125,0.004718919284641743,0.04621944949030876,0.005275422241538763,0.00944720022380352
CelebDFv3,/root/Datasets/CelebDFv3/CelebDFv3/FAKE/FaceReenact/MCNET/id23_id25_0002.mp4,FaceReenact/MCNET,id23,id25,0,2.097932815551758,-2.097932815551758,0.0,17.31439971923828,30.0,1.0,0.234375,0.033052489161491394,0.022670891135931015,0.024635737761855125,0.024635737761855125
CelebDFv3,/root/Datasets/CelebDFv3/CelebDFv3/FAKE/FaceReenact/TPSMM/id31_id3_0005.mp4,FaceReenact/TPSMM,id31,id3,0,-0.638533890247345,0.638533890247345,0.0,29.10681915283203,30.0,1.0,0.03125,0.018149372190237045,0.01897343061864376,0.0123970378190279,0.0123970378190279
CelebDFv3,/root/Datasets/CelebDFv3/CelebDFv3/FAKE/FaceSwap/BlendFace/id26_id35_0002.mp4,FaceSwap/BlendFace,id26,id35,0,-0.128496915102005,0.128496915102005,0.0,24.693103790283203,30.0,0.0,0.0,0.010728281922638416,0.016732629388570786,0.00350035703741014,0.006288777105510235
CelebDFv3,/root/Datasets/CelebDFv3/CelebDFv3/FAKE/FaceSwap/Celeb-DF-v2/id25_id27_0008.mp4,FaceSwap/Celeb-DF-v2,id25,id27,0,0.6302644610404968,-0.6302644610404968,0.0,24.712472915649414,30.0,1.0,0.015625,0.009286761283874512,0.0037268411833792925,0.004423561505973339,0.0059452662244439125
CelebDFv3,/root/Datasets/CelebDFv3/CelebDFv3/FAKE/FaceSwap/GHOST/id56_id55_0001.mp4,FaceSwap/GHOST,id56,id55,0,0.8067033886909485,-0.8067033886909485,0.0,25.272842407226562,30.0,0.0,0.0,0.0040473733097314835,0.007953202351927757,0.0033702198415994644,0.006035372149199247
CelebDFv3,/root/Datasets/CelebDFv3/CelebDFv3/FAKE/FaceSwap/HifiFace/id54_id51_0003.mp4,FaceSwap/HifiFace,id54,id51,0,2.1633896827697754,-2.1633896827697754,0.0,48.81027603149414,30.0,0.0,0.0,0.0031849597580730915,0.02016538754105568,0.0033086088951677084,0.005925040226429701
CelebDFv3,/root/Datasets/CelebDFv3/CelebDFv3/FAKE/FaceSwap/InSwapper/id26_id2_0009.mp4,FaceSwap/InSwapper,id26,id2,0,-1.3662974834442139,1.3662974834442139,0.0,51.63801193237305,30.0,1.0,0.015625,0.016537629067897797,0.010239596478641033,0.004605930298566818,0.008387217298150063
CelebDFv3,/root/Datasets/CelebDFv3/CelebDFv3/FAKE/FaceSwap/MobileFaceSwap/id23_id30_0002.mp4,FaceSwap/MobileFaceSwap,id23,id30,0,1.2641065120697021,-1.2641065120697021,0.0,23.725481033325195,30.0,0.0,0.0,0.02102559432387352,0.019750680774450302,0.0029217242263257504,0.005192812532186508
CelebDFv3,/root/Datasets/CelebDFv3/CelebDFv3/FAKE/FaceSwap/SimSwap/id48_id40_0001.mp4,FaceSwap/SimSwap,id48,id40,0,2.861003875732422,-2.861003875732422,0.0,22.873994827270508,30.0,0.0,0.0,0.007072963286191225,0.0084615433588624,0.0025701764971017838,0.004589600954204798
CelebDFv3,/root/Datasets/CelebDFv3/CelebDFv3/FAKE/FaceSwap/UniFace/id25_id21_0008.mp4,FaceSwap/UniFace,id25,id21,0,0.29000046849250793,-0.29000046849250793,0.0,24.214462280273438,30.0,0.0,0.0,0.009672741405665874,0.003629479091614485,0.0038386741653084755,0.00515917781740427
CelebDFv3,/root/Datasets/CelebDFv3/CelebDFv3/FAKE/TalkingFace/AniTalker/id51_0008_test_id01106_q01vvmTSJ9I.mp4,TalkingFace/AniTalker,id51,,0,2.1079320907592773,-2.1079320907592773,0.0,30.071456909179688,25.0,0.0,0.0,0.01092500053346157,0.006091965828090906,0.007230853196233511,0.007230853196233511
CelebDFv3,/root/Datasets/CelebDFv3/CelebDFv3/FAKE/TalkingFace/EDTalk/id26_0001_test_id03524_T8R_BWJi2KI.mp4,TalkingFace/EDTalk,id26,,0,1.04282808303833,-1.04282808303833,0.0,57.04848098754883,25.0,0.0,0.0,0.015177481807768345,0.01265255268663168,0.006441914476454258,0.006441914476454258
CelebDFv3,/root/Datasets/CelebDFv3/CelebDFv3/FAKE/TalkingFace/EchoMimic/id23_0000_test_id01509_6wp2Lht90Fw.mp4,TalkingFace/EchoMimic,id23,,0,2.6978721618652344,-2.6978721618652344,0.0,26.60820198059082,24.0,0.0,0.0,0.0006447724881581962,0.0006298671942204237,0.001702390844002366,0.001702390844002366
CelebDFv3,/root/Datasets/CelebDFv3/CelebDFv3/FAKE/TalkingFace/FLOAT/id25_0007_test_id00812_uCF5yBvYa9k.mp4,TalkingFace/FLOAT,id25,,0,-0.4297634959220886,0.4297634959220886,0.0,49.064937591552734,25.0,0.0,0.0,0.014879075810313225,0.00836269836872816,0.006977784913033247,0.006977784913033247
CelebDFv3,/root/Datasets/CelebDFv3/CelebDFv3/FAKE/TalkingFace/IP_LAP/id8_0004_test_id06816_9-ZbztA8Lh8.mp4,TalkingFace/IP_LAP,id8,,0,-7.12753438949585,7.12753438949585,0.0,74.91619110107422,25.0,0.0,0.0,0.017598209902644157,0.015553442761301994,0.007847909815609455,0.007847909815609455
CelebDFv3,/root/Datasets/CelebDFv3/CelebDFv3/FAKE/TalkingFace/Real3DPortrait/id31_0008_test_id04536_OYH-6uGB6jI.mp4,TalkingFace/Real3DPortrait,id31,,0,4.425705909729004,-4.425705909729004,0.0,34.1756477355957,25.0,0.0,0.0,0.012684187851846218,0.0068163746036589146,0.006156024988740683,0.006156024988740683
CelebDFv3,/root/Datasets/CelebDFv3/CelebDFv3/FAKE/TalkingFace/SadTalker/id31_0006_test_id05654_lgnVNGGeF7E.mp4,TalkingFace/SadTalker,id31,,0,-3.247494697570801,3.247494697570801,0.0,35.94728469848633,25.0,0.0,0.0,0.004348868504166603,0.0069175539538264275,0.008030630648136139,0.008030630648136139
CelebDFv3,/root/Datasets/CelebDFv3/CelebDFv3/FAKE/FaceReenact/DaGAN/id31_id33_0009.mp4,FaceReenact/DaGAN,id31,id33,0,1.752455711364746,-1.752455711364746,0.0,19.03310775756836,30.0,1.0,0.015625,0.0467299148440361,0.007716443855315447,0.019318707287311554,0.019318707287311554
CelebDFv3,/root/Datasets/CelebDFv3/CelebDFv3/FAKE/FaceReenact/FSRT/id51_id49_0004.mp4,FaceReenact/FSRT,id51,id49,0,1.3192145824432373,-1.3192145824432373,0.0,19.967391967773438,20.0,1.0,0.234375,0.021450456231832504,0.0157892107963562,0.010592006146907806,0.010592006146907806
CelebDFv3,/root/Datasets/CelebDFv3/CelebDFv3/FAKE/FaceReenact/HyperReenact/id48_id44_0000.mp4,FaceReenact/HyperReenact,id48,id44,0,-1.709017276763916,1.709017276763916,0.0,31.87769889831543,25.0,0.0,0.0,0.0060041300021111965,0.002537344815209508,0.00606352835893631,0.00606352835893631
CelebDFv3,/root/Datasets/CelebDFv3/CelebDFv3/FAKE/FaceReenact/LIA/id31_id16_0005.mp4,FaceReenact/LIA,id31,id16,0,-4.028054237365723,4.028054237365723,0.0,59.54219055175781,30.0,1.0,0.296875,0.033290259540081024,0.02380133979022503,0.05199085921049118,0.05199085921049118
CelebDFv3,/root/Datasets/CelebDFv3/CelebDFv3/FAKE/FaceReenact/LivePortrait/id56_id54_0001.mp4,FaceReenact/LivePortrait,id56,id54,0,0.8747240900993347,-0.8747240900993347,0.0,26.02545738220215,30.0,1.0,0.15625,0.0037129682023078203,0.009439101442694664,0.0031116066966205835,0.00557224964722991
CelebDFv3,/root/Datasets/CelebDFv3/CelebDFv3/FAKE/FaceReenact/MCNET/id23_id2_0006.mp4,FaceReenact/MCNET,id23,id2,0,2.9532370567321777,-2.9532370567321777,0.0,15.855706214904785,30.0,1.0,0.03125,0.04202951863408089,0.012983590364456177,0.023847000673413277,0.023847000673413277
CelebDFv3,/root/Datasets/CelebDFv3/CelebDFv3/FAKE/FaceReenact/TPSMM/id23_id31_0007.mp4,FaceReenact/TPSMM,id23,id31,0,2.204267740249634,-2.204267740249634,0.0,30.98906135559082,30.0,0.0,0.0,0.00877357367426157,0.01058908924460411,0.005849807057529688,0.005849807057529688
CelebDFv3,/root/Datasets/CelebDFv3/CelebDFv3/FAKE/FaceSwap/BlendFace/id31_id34_0006.mp4,FaceSwap/BlendFace,id31,id34,0,-0.7385793924331665,0.7385793924331665,0.0,33.88915252685547,30.0,1.0,0.015625,0.005982654169201851,0.012372887693345547,0.0026887161657214165,0.004841967485845089
CelebDFv3,/root/Datasets/CelebDFv3/CelebDFv3/FAKE/FaceSwap/Celeb-DF-v2/id56_id57_0002.mp4,FaceSwap/Celeb-DF-v2,id56,id57,0,2.6020984649658203,-2.6020984649658203,0.0,29.138744354248047,30.0,0.0,0.0,0.008622189052402973,0.004644512198865414,0.0037984861992299557,0.006802310235798359
CelebDFv3,/root/Datasets/CelebDFv3/CelebDFv3/FAKE/FaceSwap/GHOST/id23_id26_0001.mp4,FaceSwap/GHOST,id23,id26,0,2.6868066787719727,-2.6868066787719727,0.0,25.628643035888672,30.0,0.0,0.0,0.004088769666850567,0.009876355528831482,0.008159137330949306,0.014501324854791164
CelebDFv3,/root/Datasets/CelebDFv3/CelebDFv3/FAKE/FaceSwap/HifiFace/id31_id1_0001.mp4,FaceSwap/HifiFace,id31,id1,0,-1.8142155408859253,1.8142155408859253,0.0,27.170791625976562,30.0,0.0,0.0,0.00333345215767622,0.004935744218528271,0.0025337908882647753,0.004562970716506243
CelebDFv3,/root/Datasets/CelebDFv3/CelebDFv3/FAKE/FaceSwap/InSwapper/id54_id55_0008.mp4,FaceSwap/InSwapper,id54,id55,0,0.08446455001831055,-0.08446455001831055,0.0,30.617782592773438,30.0,0.0,0.0,0.00339403934776783,0.005261439364403486,0.001996951410546899,0.0035761306062340736
CelebDFv3,/root/Datasets/CelebDFv3/CelebDFv3/FAKE/FaceSwap/MobileFaceSwap/id23_id22_0009.mp4,FaceSwap/MobileFaceSwap,id23,id22,0,3.3656160831451416,-3.3656160831451416,0.0,19.67884635925293,30.0,0.0,0.0,0.004632490687072277,0.006215262226760387,0.003913276828825474,0.005181178916245699
CelebDFv3,/root/Datasets/CelebDFv3/CelebDFv3/FAKE/FaceSwap/SimSwap/id31_id29_0000.mp4,FaceSwap/SimSwap,id31,id29,0,-0.6507980227470398,0.6507980227470398,0.0,24.166763305664062,30.0,0.0,0.0,0.005440047010779381,0.007815275341272354,0.0037505310028791428,0.006754134315997362
CelebDFv3,/root/Datasets/CelebDFv3/CelebDFv3/FAKE/FaceSwap/UniFace/id23_id3_0009.mp4,FaceSwap/UniFace,id23,id3,0,2.858225107192993,-2.858225107192993,0.0,20.246389389038086,30.0,0.0,0.0,0.004653704818338156,0.006350534036755562,0.003839434590190649,0.0050834110006690025
CelebDFv3,/root/Datasets/CelebDFv3/CelebDFv3/FAKE/TalkingFace/AniTalker/id8_0008_test_id01460_oxJYG8REHG8.mp4,TalkingFace/AniTalker,id8,,0,-1.0086039304733276,1.0086039304733276,0.0,37.68619155883789,25.0,0.0,0.0,0.00812315009534359,0.005721450317651033,0.004686528816819191,0.004686528816819191
CelebDFv3,/root/Datasets/CelebDFv3/CelebDFv3/FAKE/TalkingFace/EDTalk/id23_0005_test_id01228_555V_nuzxtA.mp4,TalkingFace/EDTalk,id23,,0,2.8853726387023926,-2.8853726387023926,0.0,25.970327377319336,25.0,0.0,0.0,0.01774592697620392,0.014181695878505707,0.0063376291655004025,0.0063376291655004025
CelebDFv3,/root/Datasets/CelebDFv3/CelebDFv3/FAKE/TalkingFace/EchoMimic/id31_0006_test_id05055_Z0DjeR0jKFs.mp4,TalkingFace/EchoMimic,id31,,0,-3.2541446685791016,3.2541446685791016,0.0,44.869075775146484,24.0,0.0,0.0,0.012617697939276695,0.01421306747943163,0.00891837663948536,0.00891837663948536
CelebDFv3,/root/Datasets/CelebDFv3/CelebDFv3/FAKE/TalkingFace/FLOAT/id25_0003_test_id08374_rOOlBgksuAY.mp4,TalkingFace/FLOAT,id25,,0,-0.19914597272872925,0.19914597272872925,0.0,27.059452056884766,25.0,0.0,0.0,0.014417131431400776,0.008164672181010246,0.008413977921009064,0.008413977921009064
CelebDFv3,/root/Datasets/CelebDFv3/CelebDFv3/FAKE/TalkingFace/IP_LAP/id59_0001_test_id05459_3TI6dVmEwzw.mp4,TalkingFace/IP_LAP,id59,,0,-4.942425727844238,4.942425727844238,0.0,63.790096282958984,25.0,0.0,0.0,0.02040642313659191,0.007659196853637695,0.005646369885653257,0.005646369885653257
CelebDFv3,/root/Datasets/CelebDFv3/CelebDFv3/FAKE/TalkingFace/Real3DPortrait/id26_0001_test_id03789_KMozTvI2He0.mp4,TalkingFace/Real3DPortrait,id26,,0,-1.7498162984848022,1.7498162984848022,0.0,46.051353454589844,25.0,0.0,0.0,0.014758991077542305,0.00682320399209857,0.005934683606028557,0.005934683606028557
CelebDFv3,/root/Datasets/CelebDFv3/CelebDFv3/FAKE/TalkingFace/SadTalker/id26_0007_test_id05055_9wdCne17C3Y.mp4,TalkingFace/SadTalker,id26,,0,1.092414140701294,-1.092414140701294,0.0,45.034217834472656,25.0,0.0,0.0,0.00397583469748497,0.014489779248833656,0.007400378119200468,0.007893736474215984
CelebDFv3,/root/Datasets/CelebDFv3/CelebDFv3/FAKE/FaceReenact/DaGAN/id23_id25_0007.mp4,FaceReenact/DaGAN,id23,id25,0,2.5558576583862305,-2.5558576583862305,0.0,23.432893753051758,30.0,1.0,0.109375,0.025895817205309868,0.014599848538637161,0.01890428736805916,0.01890428736805916
CelebDFv3,/root/Datasets/CelebDFv3/CelebDFv3/FAKE/FaceReenact/FSRT/id11_id7_0009.mp4,FaceReenact/FSRT,id11,id7,0,-2.608283519744873,2.608283519744873,0.0,30.530929565429688,20.0,0.0,0.0,0.009641611948609352,0.0085497060790658,0.006162920966744423,0.006162920966744423
CelebDFv3,/root/Datasets/CelebDFv3/CelebDFv3/FAKE/FaceReenact/HyperReenact/id11_id7_0008.mp4,FaceReenact/HyperReenact,id11,id7,0,0.7190970778465271,-0.7190970778465271,0.0,24.830455780029297,25.0,0.0,0.0,0.005675351247191429,0.003140118671581149,0.008505314588546753,0.008505314588546753
CelebDFv3,/root/Datasets/CelebDFv3/CelebDFv3/FAKE/FaceReenact/LIA/id54_id57_0006.mp4,FaceReenact/LIA,id54,id57,0,-1.2354674339294434,1.2354674339294434,0.0,46.01005554199219,29.0,0.0,0.0,0.010520463809370995,0.00794586818665266,0.011479854583740234,0.011479854583740234
CelebDFv3,/root/Datasets/CelebDFv3/CelebDFv3/FAKE/FaceReenact/LivePortrait/id23_id22_0009.mp4,FaceReenact/LivePortrait,id23,id22,0,1.1013014316558838,-1.1013014316558838,0.0,21.155628204345703,30.0,1.0,0.375,0.009225022979080677,0.007107889279723167,0.006834895815700293,0.009049401618540287
CelebDFv3,/root/Datasets/CelebDFv3/CelebDFv3/FAKE/FaceReenact/MCNET/id48_id44_0000.mp4,FaceReenact/MCNET,id48,id44,0,-0.5088511109352112,0.5088511109352112,0.0,31.843643188476562,30.0,0.0,0.0,0.015555807389318943,0.02793697640299797,0.01146790012717247,0.01146790012717247
CelebDFv3,/root/Datasets/CelebDFv3/CelebDFv3/FAKE/FaceReenact/TPSMM/id23_id22_0009.mp4,FaceReenact/TPSMM,id23,id22,0,4.615387916564941,-4.615387916564941,0.0,21.911277770996094,30.0,0.0,0.0,0.03824233636260033,0.01921091414988041,0.02484690025448799,0.02484690025448799
CelebDFv3,/root/Datasets/CelebDFv3/CelebDFv3/FAKE/FaceSwap/BlendFace/id26_id29_0008.mp4,FaceSwap/BlendFace,id26,id29,0,4.484545707702637,-4.484545707702637,0.0,25.13473129272461,30.0,0.0,0.0,0.00959567166864872,0.006892748177051544,0.0044744363985955715,0.008147772401571274
CelebDFv3,/root/Datasets/CelebDFv3/CelebDFv3/FAKE/FaceSwap/Celeb-DF-v2/id23_id29_0006.mp4,FaceSwap/Celeb-DF-v2,id23,id29,0,0.4270530939102173,-0.4270530939102173,0.0,16.60931968688965,30.0,0.0,0.0,0.011002332903444767,0.005945832934230566,0.0029497481882572174,0.003908416256308556
CelebDFv3,/root/Datasets/CelebDFv3/CelebDFv3/FAKE/FaceSwap/GHOST/id26_id24_0001.mp4,FaceSwap/GHOST,id26,id24,0,2.900679111480713,-2.900679111480713,0.0,35.55710220336914,30.0,0.0,0.0,0.016505638137459755,0.010284002870321274,0.003010930959135294,0.005409469362348318
CelebDFv3,/root/Datasets/CelebDFv3/CelebDFv3/FAKE/FaceSwap/HifiFace/id31_id2_0005.mp4,FaceSwap/HifiFace,id31,id2,0,0.3011865019798279,-0.3011865019798279,0.0,37.72841262817383,30.0,0.0,0.0,0.008660774677991867,0.00704258494079113,0.002215516986325383,0.003989808727055788
CelebDFv3,/root/Datasets/CelebDFv3/CelebDFv3/FAKE/FaceSwap/InSwapper/id23_id29_0005.mp4,FaceSwap/InSwapper,id23,id29,0,2.1232402324676514,-2.1232402324676514,0.0,26.547725677490234,30.0,0.0,0.0,0.008415598422288895,0.0034424292389303446,0.005333470646291971,0.01091750804334879
CelebDFv3,/root/Datasets/CelebDFv3/CelebDFv3/FAKE/FaceSwap/MobileFaceSwap/id23_id38_0001.mp4,FaceSwap/MobileFaceSwap,id23,id38,0,3.1984333992004395,-3.1984333992004395,0.0,25.612295150756836,30.0,0.0,0.0,0.005847329273819923,0.01958431676030159,0.01667417772114277,0.029635198414325714
CelebDFv3,/root/Datasets/CelebDFv3/CelebDFv3/FAKE/FaceSwap/SimSwap/id25_id23_0005.mp4,FaceSwap/SimSwap,id25,id23,0,1.6994438171386719,-1.6994438171386719,0.0,23.91765785217285,30.0,0.0,0.0,0.019926767796278,0.004593402147293091,0.004891354590654373,0.007258770056068897
CelebDFv3,/root/Datasets/CelebDFv3/CelebDFv3/FAKE/FaceSwap/UniFace/id51_id55_0004.mp4,FaceSwap/UniFace,id51,id55,0,-1.09991455078125,1.09991455078125,0.0,20.96137237548828,29.0,1.0,0.1875,0.008224044926464558,0.012991238385438919,0.009320814162492752,0.016691669821739197
CelebDFv3,/root/Datasets/CelebDFv3/CelebDFv3/FAKE/TalkingFace/AniTalker/id48_0001_test_id04295_GLhfd-vlEOM.mp4,TalkingFace/AniTalker,id48,,0,3.660928964614868,-3.660928964614868,0.0,24.642332077026367,25.0,0.0,0.0,0.006840752437710762,0.0024004434235394,0.004086792469024658,0.004086792469024658
CelebDFv3,/root/Datasets/CelebDFv3/CelebDFv3/FAKE/TalkingFace/EDTalk/id11_0010_test_id04656_6N_AmGKcdZo.mp4,TalkingFace/EDTalk,id11,,0,2.640364646911621,-2.640364646911621,0.0,31.538766860961914,25.0,0.0,0.0,0.01275047566741705,0.01389057096093893,0.006607706658542156,0.006607706658542156
CelebDFv3,/root/Datasets/CelebDFv3/CelebDFv3/FAKE/TalkingFace/EchoMimic/id22_0006_test_id03030_wcPmp1C6XeU.mp4,TalkingFace/EchoMimic,id22,,0,3.8078458309173584,-3.8078458309173584,0.0,29.758865356445312,24.0,0.0,0.0,0.007880211807787418,0.012023457325994968,0.007416173815727234,0.007416173815727234
CelebDFv3,/root/Datasets/CelebDFv3/CelebDFv3/FAKE/TalkingFace/FLOAT/id8_0006_test_id01298_xv4IT9v17l4.mp4,TalkingFace/FLOAT,id8,,0,-5.514222145080566,5.514222145080566,0.0,35.2703857421875,25.0,0.0,0.0,0.01642887108027935,0.013587947003543377,0.01111387088894844,0.01111387088894844
CelebDFv3,/root/Datasets/CelebDFv3/CelebDFv3/FAKE/TalkingFace/IP_LAP/id59_0009_test_id08374_nrw4btrElp8.mp4,TalkingFace/IP_LAP,id59,,0,-1.568188190460205,1.568188190460205,0.0,35.42465591430664,25.0,1.0,0.078125,0.03593069687485695,0.029476948082447052,0.009742986410856247,0.009742986410856247
CelebDFv3,/root/Datasets/CelebDFv3/CelebDFv3/FAKE/TalkingFace/Real3DPortrait/id31_0000_test_id00081_OP-1HtS2Jmo.mp4,TalkingFace/Real3DPortrait,id31,,0,-0.1379382163286209,0.1379382163286209,0.0,23.55674171447754,25.0,1.0,0.03125,0.016767647117376328,0.00783899798989296,0.013636439107358456,0.013636439107358456
CelebDFv3,/root/Datasets/CelebDFv3/CelebDFv3/FAKE/TalkingFace/SadTalker/id51_0003_test_id01228_ITBk58yOpCM.mp4,TalkingFace/SadTalker,id51,,0,-3.0641424655914307,3.0641424655914307,0.0,56.754005432128906,25.0,0.0,0.0,0.0025924365036189556,0.00781130138784647,0.009053808636963367,0.008521231822669506
CelebDFv3,/root/Datasets/CelebDFv3/CelebDFv3/FAKE/FaceReenact/DaGAN/id23_id1_0002.mp4,FaceReenact/DaGAN,id23,id1,0,0.8019362688064575,-0.8019362688064575,0.0,26.078044891357422,30.0,0.0,0.0,0.01508336327970028,0.007426814176142216,0.00936783105134964,0.00936783105134964
CelebDFv3,/root/Datasets/CelebDFv3/CelebDFv3/FAKE/FaceReenact/FSRT/id23_id30_0002.mp4,FaceReenact/FSRT,id23,id30,0,2.567596435546875,-2.567596435546875,0.0,20.518875122070312,20.0,0.0,0.0,0.027374770492315292,0.010097834281623363,0.012264484539628029,0.012264484539628029
CelebDFv3,/root/Datasets/CelebDFv3/CelebDFv3/FAKE/FaceReenact/HyperReenact/id51_id56_0005.mp4,FaceReenact/HyperReenact,id51,id56,0,-0.02570253238081932,0.02570253238081932,0.0,39.39175796508789,25.0,0.0,0.0,0.005017343442887068,0.002350106369704008,0.0073730312287807465,0.0073730312287807465
CelebDFv3,/root/Datasets/CelebDFv3/CelebDFv3/FAKE/FaceReenact/LIA/id51_id49_0001.mp4,FaceReenact/LIA,id51,id49,0,-1.355726718902588,1.355726718902588,0.0,49.390628814697266,30.0,0.0,0.0,0.02361435629427433,0.0059987329877913,0.009185769595205784,0.009185769595205784
CelebDFv3,/root/Datasets/CelebDFv3/CelebDFv3/FAKE/FaceReenact/LivePortrait/id48_id45_0008.mp4,FaceReenact/LivePortrait,id48,id45,0,-3.7785720825195312,3.7785720825195312,0.0,48.390872955322266,30.0,0.0,0.0,0.004721455276012421,0.004842458758503199,0.004528980236500502,0.004510864615440369
CelebDFv3,/root/Datasets/CelebDFv3/CelebDFv3/FAKE/FaceReenact/MCNET/id23_id0_0008.mp4,FaceReenact/MCNET,id23,id0,0,1.569112777709961,-1.569112777709961,0.0,22.181903839111328,30.0,1.0,0.359375,0.013560855761170387,0.010389162227511406,0.008224870078265667,0.008224870078265667
CelebDFv3,/root/Datasets/CelebDFv3/CelebDFv3/FAKE/FaceReenact/TPSMM/id26_id6_0006.mp4,FaceReenact/TPSMM,id26,id6,0,1.7648265361785889,-1.7648265361785889,0.0,68.80361938476562,30.0,1.0,0.28125,0.020393380895256996,0.01460939459502697,0.025326235219836235,0.025326235219836235
CelebDFv3,/root/Datasets/CelebDFv3/CelebDFv3/FAKE/FaceSwap/BlendFace/id31_id32_0001.mp4,FaceSwap/BlendFace,id31,id32,0,0.41627734899520874,-0.41627734899520874,0.0,26.699689865112305,30.0,0.0,0.0,0.0031560768838971853,0.004747898317873478,0.0024158793967217207,0.004350630100816488
CelebDFv3,/root/Datasets/CelebDFv3/CelebDFv3/FAKE/FaceSwap/Celeb-DF-v2/id56_id49_0000.mp4,FaceSwap/Celeb-DF-v2,id56,id49,0,2.6374454498291016,-2.6374454498291016,0.0,22.756366729736328,30.0,0.0,0.0,0.003919424954801798,0.006640340201556683,0.002535143867135048,0.004539922811090946
CelebDFv3,/root/Datasets/CelebDFv3/CelebDFv3/FAKE/FaceSwap/GHOST/id51_id53_0006.mp4,FaceSwap/GHOST,id51,id53,0,0.7318078279495239,-0.7318078279495239,0.0,38.59310531616211,29.900009155273438,0.0,0.0,0.00444443104788661,0.02137892134487629,0.0038627213798463345,0.0069173420779407024
CelebDFv3,/root/Datasets/CelebDFv3/CelebDFv3/FAKE/FaceSwap/HifiFace/id51_id49_0005.mp4,FaceSwap/HifiFace,id51,id49,0,-0.17764981091022491,0.17764981091022491,0.0,31.172143936157227,30.0,0.0,0.0,0.016273848712444305,0.0384676456451416,0.0029773362912237644,0.005331798456609249
CelebDFv3,/root/Datasets/CelebDFv3/CelebDFv3/FAKE/FaceSwap/InSwapper/id31_id29_0000.mp4,FaceSwap/InSwapper,id31,id29,0,-1.978991985321045,1.978991985321045,0.0,25.171689987182617,30.0,0.0,0.0,0.005481938365846872,0.008111904375255108,0.002913827309384942,0.005247358698397875
CelebDFv3,/root/Datasets/CelebDFv3/CelebDFv3/FAKE/FaceSwap/MobileFaceSwap/id48_id42_0003.mp4,FaceSwap/MobileFaceSwap,id48,id42,0,0.9881826639175415,-0.9881826639175415,0.0,28.83653450012207,30.0,1.0,0.0625,0.010134921409189701,0.036558572202920914,0.01155478972941637,0.020633554086089134
CelebDFv3,/root/Datasets/CelebDFv3/CelebDFv3/FAKE/FaceSwap/SimSwap/id48_id47_0008.mp4,FaceSwap/SimSwap,id48,id47,0,-2.0991663932800293,2.0991663932800293,0.0,45.704158782958984,30.0,0.0,0.0,0.004182479344308376,0.0037462383043020964,0.00371361942961812,0.0036987648345530033
CelebDFv3,/root/Datasets/CelebDFv3/CelebDFv3/FAKE/FaceSwap/UniFace/id23_id34_0000.mp4,FaceSwap/UniFace,id23,id34,0,3.1820764541625977,-3.1820764541625977,0.0,25.055255889892578,30.0,0.0,0.0,0.003151102690026164,0.0029564728029072285,0.0017155864043161273,0.003049130318686366
CelebDFv3,/root/Datasets/CelebDFv3/CelebDFv3/FAKE/TalkingFace/AniTalker/id22_0001_test_id01106_R0NC1aAEl4w.mp4,TalkingFace/AniTalker,id22,,0,1.9757237434387207,-1.9757237434387207,0.0,25.055572509765625,25.0,0.0,0.0,0.010873682796955109,0.0053053246811032295,0.005495712626725435,0.005495712626725435
CelebDFv3,/root/Datasets/CelebDFv3/CelebDFv3/FAKE/TalkingFace/EDTalk/id51_0001_test_id02465_TbOsi8GikfM.mp4,TalkingFace/EDTalk,id51,,0,-1.5171787738800049,1.5171787738800049,0.0,36.40596389770508,25.0,0.0,0.0,0.015402632765471935,0.012776483781635761,0.0075424774549901485,0.0075424774549901485
CelebDFv3,/root/Datasets/CelebDFv3/CelebDFv3/FAKE/TalkingFace/EchoMimic/id25_0003_test_id06811_szilQ-DsQIo.mp4,TalkingFace/EchoMimic,id25,,0,1.4466924667358398,-1.4466924667358398,0.0,32.50203323364258,24.0,0.0,0.0,0.014388199895620346,0.011339758522808552,0.01040002703666687,0.01040002703666687
CelebDFv3,/root/Datasets/CelebDFv3/CelebDFv3/FAKE/TalkingFace/FLOAT/id23_0003_test_id05055_n6FlxBOgOy4.mp4,TalkingFace/FLOAT,id23,,0,-0.35204797983169556,0.35204797983169556,0.0,28.84471321105957,25.0,0.0,0.0,0.021385660395026207,0.009548124857246876,0.00822907779365778,0.00822907779365778
CelebDFv3,/root/Datasets/CelebDFv3/CelebDFv3/FAKE/TalkingFace/IP_LAP/id31_0002_test_id00562_9LAZqHI80BY.mp4,TalkingFace/IP_LAP,id31,,0,0.8629004955291748,-0.8629004955291748,0.0,24.858205795288086,25.0,1.0,0.03125,0.041156984865665436,0.006300405599176884,0.055877409875392914,0.055877409875392914
CelebDFv3,/root/Datasets/CelebDFv3/CelebDFv3/FAKE/TalkingFace/Real3DPortrait/id25_0001_test_id02576_5dQTvY26piw.mp4,TalkingFace/Real3DPortrait,id25,,0,0.8069689273834229,-0.8069689273834229,0.0,38.352210998535156,25.0,1.0,0.984375,0.0,0.0,0.0,0.0
CelebDFv3,/root/Datasets/CelebDFv3/CelebDFv3/FAKE/TalkingFace/SadTalker/id25_0005_test_id01822_jmFGgwXCuW0.mp4,TalkingFace/SadTalker,id25,,0,1.5541090965270996,-1.5541090965270996,0.0,26.35532569885254,25.0,0.0,0.0,0.003249441273510456,0.01219913549721241,0.006145528983324766,0.006145528983324766
CelebDFv3,/root/Datasets/CelebDFv3/CelebDFv3/FAKE/FaceReenact/DaGAN/id59_id5_0004.mp4,FaceReenact/DaGAN,id59,id5,0,-0.009902149438858032,0.009902149438858032,0.0,22.24317741394043,30.0,1.0,0.03125,0.062020134180784225,0.02268287166953087,0.01826617494225502,0.01826617494225502
CelebDFv3,/root/Datasets/CelebDFv3/CelebDFv3/FAKE/FaceReenact/FSRT/id51_id50_0008.mp4,FaceReenact/FSRT,id51,id50,0,2.6025683879852295,-2.6025683879852295,0.0,28.81934356689453,20.0,0.0,0.0,0.011817633174359798,0.011511493474245071,0.01750984974205494,0.01750984974205494
CelebDFv3,/root/Datasets/CelebDFv3/CelebDFv3/FAKE/FaceReenact/HyperReenact/id26_id29_0008.mp4,FaceReenact/HyperReenact,id26,id29,0,4.682146072387695,-4.682146072387695,0.0,27.254993438720703,25.0,0.0,0.0,0.0035489399451762438,0.004375504329800606,0.00884227640926838,0.00884227640926838
CelebDFv3,/root/Datasets/CelebDFv3/CelebDFv3/FAKE/FaceReenact/LIA/id26_id0_0000.mp4,FaceReenact/LIA,id26,id0,0,-0.5233173370361328,0.5233173370361328,0.0,37.786346435546875,30.0,1.0,0.640625,0.012398343533277512,0.0034009329974651337,0.01153697818517685,0.01153697818517685
CelebDFv3,/root/Datasets/CelebDFv3/CelebDFv3/FAKE/FaceReenact/LivePortrait/id56_id54_0008.mp4,FaceReenact/LivePortrait,id56,id54,0,1.061561107635498,-1.061561107635498,0.0,23.27116584777832,30.0,0.0,0.0,0.003041898598894477,0.0034279879182577133,0.002850672695785761,0.005104970186948776
CelebDFv3,/root/Datasets/CelebDFv3/CelebDFv3/FAKE/FaceReenact/MCNET/id26_id30_0003.mp4,FaceReenact/MCNET,id26,id30,0,-3.793850898742676,3.793850898742676,0.0,78.3026351928711,30.0,0.0,0.0,0.02677888609468937,0.018292700871825218,0.011131400242447853,0.011131400242447853
CelebDFv3,/root/Datasets/CelebDFv3/CelebDFv3/FAKE/FaceReenact/TPSMM/id23_id29_0002.mp4,FaceReenact/TPSMM,id23,id29,0,1.0805011987686157,-1.0805011987686157,0.0,19.860244750976562,30.0,1.0,0.53125,0.01568499207496643,0.007205336820334196,0.015897082164883614,0.015897082164883614
CelebDFv3,/root/Datasets/CelebDFv3/CelebDFv3/FAKE/FaceSwap/BlendFace/id31_id26_0007.mp4,FaceSwap/BlendFace,id31,id26,0,-6.054661273956299,6.054661273956299,0.0,53.263423919677734,30.0,0.0,0.0,0.019400721415877342,0.006604712922126055,0.008347401395440102,0.015032398514449596
CelebDFv3,/root/Datasets/CelebDFv3/CelebDFv3/FAKE/FaceSwap/Celeb-DF-v2/id23_id24_0007.mp4,FaceSwap/Celeb-DF-v2,id23,id24,0,1.838073968887329,-1.838073968887329,0.0,25.79734992980957,30.0,0.0,0.0,0.01511882059276104,0.03294118493795395,0.00825141929090023,0.014475549571216106
CelebDFv3,/root/Datasets/CelebDFv3/CelebDFv3/FAKE/FaceSwap/GHOST/id23_id4_0007.mp4,FaceSwap/GHOST,id23,id4,0,2.5735392570495605,-2.5735392570495605,0.0,25.08284568786621,30.0,0.0,0.0,0.015639472752809525,0.037657175213098526,0.006999730598181486,0.012279698625206947
CelebDFv3,/root/Datasets/CelebDFv3/CelebDFv3/FAKE/FaceSwap/HifiFace/id23_id27_0006.mp4,FaceSwap/HifiFace,id23,id27,0,1.3913846015930176,-1.3913846015930176,0.0,15.95513916015625,30.0,0.0,0.0,0.012917369604110718,0.005851987283676863,0.004300276283174753,0.005697865970432758
CelebDFv3,/root/Datasets/CelebDFv3/CelebDFv3/FAKE/FaceSwap/InSwapper/id56_id57_0008.mp4,FaceSwap/InSwapper,id56,id57,0,1.9204243421554565,-1.9204243421554565,0.0,23.12828826904297,30.0,1.0,0.015625,0.007394062355160713,0.005628516897559166,0.00247568404302001,0.004433442372828722
CelebDFv3,/root/Datasets/CelebDFv3/CelebDFv3/FAKE/FaceSwap/MobileFaceSwap/id26_id33_0006.mp4,FaceSwap/MobileFaceSwap,id26,id33,0,-0.3665124177932739,0.3665124177932739,0.0,67.37194061279297,30.0,1.0,0.015625,0.02498885616660118,0.008820339106023312,0.007231298368424177,0.013167910277843475
CelebDFv3,/root/Datasets/CelebDFv3/CelebDFv3/FAKE/FaceSwap/SimSwap/id56_id55_0001.mp4,FaceSwap/SimSwap,id56,id55,0,2.2942299842834473,-2.2942299842834473,0.0,24.59115982055664,30.0,0.0,0.0,0.004128495696932077,0.007329915650188923,0.0037920139729976654,0.006790719926357269
CelebDFv3,/root/Datasets/CelebDFv3/CelebDFv3/FAKE/FaceSwap/UniFace/id31_id34_0004.mp4,FaceSwap/UniFace,id31,id34,0,0.29091548919677734,-0.29091548919677734,0.0,26.566190719604492,30.0,0.0,0.0,0.009956427849829197,0.00370979867875576,0.0023102210834622383,0.004160355310887098
CelebDFv3,/root/Datasets/CelebDFv3/CelebDFv3/FAKE/TalkingFace/AniTalker/id26_0004_test_id05654_veGIQ7p2ZSk.mp4,TalkingFace/AniTalker,id26,,0,0.6631702184677124,-0.6631702184677124,0.0,29.10678482055664,25.0,0.0,0.0,0.010849321261048317,0.007769349496811628,0.0060789198614656925,0.0060789198614656925
CelebDFv3,/root/Datasets/CelebDFv3/CelebDFv3/FAKE/TalkingFace/EDTalk/id25_0007_test_id00926_daYw42Tsdgs.mp4,TalkingFace/EDTalk,id25,,0,1.4148683547973633,-1.4148683547973633,0.0,55.6076774597168,25.0,0.0,0.0,0.012537183240056038,0.013372131623327732,0.004525980446487665,0.004525980446487665
CelebDFv3,/root/Datasets/CelebDFv3/CelebDFv3/FAKE/TalkingFace/EchoMimic/id11_0004_test_id05015_cveAkY4KXUk.mp4,TalkingFace/EchoMimic,id11,,0,-1.2235897779464722,1.2235897779464722,0.0,42.38499069213867,24.0,0.0,0.0,0.005422476213425398,0.007114746142178774,0.004712393507361412,0.004712393507361412
CelebDFv3,/root/Datasets/CelebDFv3/CelebDFv3/FAKE/TalkingFace/FLOAT/id25_0005_test_id01106_6SFpvp42pMA.mp4,TalkingFace/FLOAT,id25,,0,2.131181240081787,-2.131181240081787,0.0,25.955211639404297,25.0,0.0,0.0,0.018313728272914886,0.015500323846936226,0.007927153259515762,0.007927153259515762
CelebDFv3,/root/Datasets/CelebDFv3/CelebDFv3/FAKE/TalkingFace/IP_LAP/id23_0006_test_id02057_QZYXK4dWZoY.mp4,TalkingFace/IP_LAP,id23,,0,2.6720519065856934,-2.6720519065856934,0.0,16.004606246948242,25.0,0.0,0.0,0.03303948789834976,0.014733676798641682,0.01049430575221777,0.01049430575221777
CelebDFv3,/root/Datasets/CelebDFv3/CelebDFv3/FAKE/TalkingFace/Real3DPortrait/id22_0004_test_id02576_bY-XT2wrs10.mp4,TalkingFace/Real3DPortrait,id22,,0,5.398471832275391,-5.398471832275391,0.0,36.122013092041016,25.0,0.0,0.0,0.018169637769460678,0.009392489679157734,0.007788400165736675,0.007788400165736675
CelebDFv3,/root/Datasets/CelebDFv3/CelebDFv3/FAKE/TalkingFace/SadTalker/id59_0007_test_id07621_50AxdGn25as.mp4,TalkingFace/SadTalker,id59,,0,1.4075608253479004,-1.4075608253479004,0.0,32.541988372802734,25.0,0.0,0.0,0.0027970322407782078,0.0066440352238714695,0.006983996834605932,0.007449596654623747
CelebDFv3,/root/Datasets/CelebDFv3/CelebDFv3/FAKE/FaceReenact/DaGAN/id8_id1_0003.mp4,FaceReenact/DaGAN,id8,id1,0,0.34647321701049805,-0.34647321701049805,0.0,29.114952087402344,30.0,1.0,0.0625,0.021784398704767227,0.005586585029959679,0.014326673001050949,0.014326673001050949
CelebDFv3,/root/Datasets/CelebDFv3/CelebDFv3/FAKE/FaceReenact/FSRT/id59_id61_0004.mp4,FaceReenact/FSRT,id59,id61,0,-0.9215807914733887,0.9215807914733887,0.0,23.23857307434082,20.0,0.0,0.0,0.013342007994651794,0.013518731109797955,0.005704432725906372,0.005704432725906372
CelebDFv3,/root/Datasets/CelebDFv3/CelebDFv3/FAKE/FaceReenact/HyperReenact/id23_id16_0007.mp4,FaceReenact/HyperReenact,id23,id16,0,1.5640132427215576,-1.5640132427215576,0.0,31.86539077758789,25.0,0.0,0.0,0.002168868435546756,0.00257557793520391,0.0034136883914470673,0.0034136883914470673
CelebDFv3,/root/Datasets/CelebDFv3/CelebDFv3/FAKE/FaceReenact/LIA/id23_id30_0009.mp4,FaceReenact/LIA,id23,id30,0,4.027286052703857,-4.027286052703857,0.0,28.350465774536133,30.0,0.0,0.0,0.008659768849611282,0.003950369544327259,0.00692484388127923,0.00692484388127923
CelebDFv3,/root/Datasets/CelebDFv3/CelebDFv3/FAKE/FaceReenact/LivePortrait/id11_id7_0003.mp4,FaceReenact/LivePortrait,id11,id7,0,-2.752079486846924,2.752079486846924,0.0,31.12051010131836,30.0,0.0,0.0,0.007248780224472284,0.014685983769595623,0.00569574348628521,0.010821913368999958
CelebDFv3,/root/Datasets/CelebDFv3/CelebDFv3/FAKE/FaceReenact/MCNET/id11_id7_0004.mp4,FaceReenact/MCNET,id11,id7,0,0.30939334630966187,-0.30939334630966187,0.0,38.68527603149414,30.0,0.0,0.0,0.009795846417546272,0.003649497637525201,0.00531526654958725,0.00531526654958725
CelebDFv3,/root/Datasets/CelebDFv3/CelebDFv3/FAKE/FaceReenact/TPSMM/id11_id7_0003.mp4,FaceReenact/TPSMM,id11,id7,0,-0.9542275667190552,0.9542275667190552,0.0,36.59964370727539,30.0,0.0,0.0,0.028734441846609116,0.017834987491369247,0.01564742811024189,0.01564742811024189
CelebDFv3,/root/Datasets/CelebDFv3/CelebDFv3/FAKE/FaceSwap/BlendFace/id25_id19_0003.mp4,FaceSwap/BlendFace,id25,id19,0,-0.7574254274368286,0.7574254274368286,0.0,24.754474639892578,30.0,0.0,0.0,0.012205659411847591,0.008958538062870502,0.0032173991203308105,0.005794044584035873
CelebDFv3,/root/Datasets/CelebDFv3/CelebDFv3/FAKE/FaceSwap/Celeb-DF-v2/id48_id43_0008.mp4,FaceSwap/Celeb-DF-v2,id48,id43,0,-10.335172653198242,10.335172653198242,0.0,65.72116088867188,30.0,0.0,0.0,0.004014949314296246,0.003864798927679658,0.004706013947725296,0.004687190055847168
CelebDFv3,/root/Datasets/CelebDFv3/CelebDFv3/FAKE/FaceSwap/GHOST/id56_id58_0006.mp4,FaceSwap/GHOST,id56,id58,0,2.101489305496216,-2.101489305496216,0.0,22.59591293334961,30.0,0.0,0.0,0.010983414947986603,0.008466689847409725,0.003718807827681303,0.006659623235464096
CelebDFv3,/root/Datasets/CelebDFv3/CelebDFv3/FAKE/FaceSwap/HifiFace/id23_id17_0000.mp4,FaceSwap/HifiFace,id23,id17,0,2.537135601043701,-2.537135601043701,0.0,24.405420303344727,30.0,0.0,0.0,0.0032178948167711496,0.002571253338828683,0.0017926847795024514,0.003186158137395978
CelebDFv3,/root/Datasets/CelebDFv3/CelebDFv3/FAKE/FaceSwap/InSwapper/id25_id20_0005.mp4,FaceSwap/InSwapper,id25,id20,0,2.0882787704467773,-2.0882787704467773,0.0,22.681425094604492,30.0,0.0,0.0,0.020590748637914658,0.004400084726512432,0.006051056087017059,0.008979767560958862
CelebDFv3,/root/Datasets/CelebDFv3/CelebDFv3/FAKE/FaceSwap/MobileFaceSwap/id26_id37_0000.mp4,FaceSwap/MobileFaceSwap,id26,id37,0,0.49414122104644775,-0.49414122104644775,0.0,38.86491775512695,30.0,0.0,0.0,0.0028771348297595978,0.0022993171587586403,0.0020189813803881407,0.0036273226141929626
CelebDFv3,/root/Datasets/CelebDFv3/CelebDFv3/FAKE/FaceSwap/SimSwap/id25_id23_0000.mp4,FaceSwap/SimSwap,id25,id23,0,0.17564049363136292,-0.17564049363136292,0.0,47.904788970947266,30.0,0.0,0.0,0.03374563902616501,0.03985678032040596,0.015031772665679455,0.027069928124547005
CelebDFv3,/root/Datasets/CelebDFv3/CelebDFv3/FAKE/FaceSwap/UniFace/id11_id7_0000.mp4,FaceSwap/UniFace,id11,id7,0,-0.28228655457496643,0.28228655457496643,0.0,22.986286163330078,30.0,1.0,0.09375,0.014680390246212482,0.005955543369054794,0.005667657125741243,0.005100891459733248
CelebDFv3,/root/Datasets/CelebDFv3/CelebDFv3/FAKE/TalkingFace/AniTalker/id59_0004_test_id05015_0SsJwWGC0c4.mp4,TalkingFace/AniTalker,id59,,0,-0.06168951094150543,0.06168951094150543,0.0,25.50947380065918,25.0,0.0,0.0,0.013145034201443195,0.00889162439852953,0.008320439606904984,0.008320439606904984
CelebDFv3,/root/Datasets/CelebDFv3/CelebDFv3/FAKE/TalkingFace/EDTalk/id22_0001_test_id06484_oG2N7E2Pu60.mp4,TalkingFace/EDTalk,id22,,0,3.130178451538086,-3.130178451538086,0.0,30.58579444885254,25.0,0.0,0.0,0.016329584643244743,0.01236127782613039,0.007934082299470901,0.007934082299470901
CelebDFv3,/root/Datasets/CelebDFv3/CelebDFv3/FAKE/TalkingFace/EchoMimic/id54_0006_test_id01567_vpFlNPO9OGM.mp4,TalkingFace/EchoMimic,id54,,0,-1.6382620334625244,1.6382620334625244,0.0,38.994354248046875,24.0,0.0,0.0,0.01216857135295868,0.009552991017699242,0.009085199795663357,0.009085199795663357
CelebDFv3,/root/Datasets/CelebDFv3/CelebDFv3/FAKE/TalkingFace/FLOAT/id25_0007_test_id01618_KHeRiXKiYZ8.mp4,TalkingFace/FLOAT,id25,,0,-0.2787407338619232,0.2787407338619232,0.0,48.067989349365234,25.0,0.0,0.0,0.011494419537484646,0.015670793130993843,0.0059542544186115265,0.0059542544186115265
CelebDFv3,/root/Datasets/CelebDFv3/CelebDFv3/FAKE/TalkingFace/IP_LAP/id25_0008_test_id05459_jOXc0BOahKg.mp4,TalkingFace/IP_LAP,id25,,0,1.265831470489502,-1.265831470489502,0.0,23.569931030273438,25.0,1.0,0.015625,0.03634592145681381,0.011100228875875473,0.019754977896809578,0.019754977896809578
CelebDFv3,/root/Datasets/CelebDFv3/CelebDFv3/FAKE/TalkingFace/Real3DPortrait/id54_0000_test_id08701_tGxy4pUX9Ak.mp4,TalkingFace/Real3DPortrait,id54,,0,0.25991004705429077,-0.25991004705429077,0.0,29.038211822509766,25.0,0.0,0.0,0.01544545404613018,0.00751793198287487,0.008094917982816696,0.008094917982816696
CelebDFv3,/root/Datasets/CelebDFv3/CelebDFv3/FAKE/TalkingFace/SadTalker/id56_0001_test_id01106_mkgP19APekU.mp4,TalkingFace/SadTalker,id56,,0,3.739621162414551,-3.739621162414551,0.0,21.881092071533203,25.0,0.0,0.0,0.0031658168882131577,0.010638315230607986,0.013418263755738735,0.013418263755738735
CelebDFv3,/root/Datasets/CelebDFv3/CelebDFv3/FAKE/FaceReenact/DaGAN/id31_id34_0006.mp4,FaceReenact/DaGAN,id31,id34,0,-0.5702617168426514,0.5702617168426514,0.0,25.176067352294922,30.0,1.0,0.03125,0.036792222410440445,0.019861187785863876,0.00938394945114851,0.00938394945114851
CelebDFv3,/root/Datasets/CelebDFv3/CelebDFv3/FAKE/FaceReenact/FSRT/id8_id0_0003.mp4,FaceReenact/FSRT,id8,id0,0,0.7051487565040588,-0.7051487565040588,0.0,33.526100158691406,20.0,0.0,0.0,0.02254333905875683,0.015459329821169376,0.010226664133369923,0.010226664133369923
CelebDFv3,/root/Datasets/CelebDFv3/CelebDFv3/FAKE/FaceReenact/HyperReenact/id26_id3_0008.mp4,FaceReenact/HyperReenact,id26,id3,0,1.4820773601531982,-1.4820773601531982,0.0,28.39362907409668,25.0,0.0,0.0,0.003772355616092682,0.0031474707648158073,0.00536282267421484,0.00536282267421484
CelebDFv3,/root/Datasets/CelebDFv3/CelebDFv3/FAKE/FaceReenact/LIA/id31_id1_0001.mp4,FaceReenact/LIA,id31,id1,0,0.7472563982009888,-0.7472563982009888,0.0,24.699613571166992,30.0,1.0,0.203125,0.023273348808288574,0.008931958116590977,0.011895807459950447,0.011895807459950447
CelebDFv3,/root/Datasets/CelebDFv3/CelebDFv3/FAKE/FaceReenact/LivePortrait/id31_id35_0007.mp4,FaceReenact/LivePortrait,id31,id35,0,-5.895886421203613,5.895886421203613,0.0,53.50917434692383,30.0,0.0,0.0,0.02551278844475746,0.011839001439511776,0.01575956866145134,0.028380578383803368
CelebDFv3,/root/Datasets/CelebDFv3/CelebDFv3/FAKE/FaceReenact/MCNET/id22_id24_0009.mp4,FaceReenact/MCNET,id22,id24,0,-0.1758844256401062,0.1758844256401062,0.0,30.210424423217773,30.0,1.0,0.125,0.016283521428704262,0.009743420407176018,0.012899655848741531,0.012899655848741531
CelebDFv3,/root/Datasets/CelebDFv3/CelebDFv3/FAKE/FaceReenact/TPSMM/id51_id54_0002.mp4,FaceReenact/TPSMM,id51,id54,0,2.542189121246338,-2.542189121246338,0.0,23.186782836914062,30.0,0.0,0.0,0.015051931142807007,0.020038969814777374,0.008036059327423573,0.008036059327423573
CelebDFv3,/root/Datasets/CelebDFv3/CelebDFv3/FAKE/FaceSwap/BlendFace/id26_id30_0001.mp4,FaceSwap/BlendFace,id26,id30,0,2.5378875732421875,-2.5378875732421875,0.0,37.95689392089844,30.0,0.0,0.0,0.018803250044584274,0.015817193314433098,0.003471538657322526,0.006237001623958349
CelebDFv3,/root/Datasets/CelebDFv3/CelebDFv3/FAKE/FaceSwap/Celeb-DF-v2/id31_id1_0002.mp4,FaceSwap/Celeb-DF-v2,id31,id1,0,-0.2952876091003418,0.2952876091003418,0.0,19.559656143188477,30.0,0.0,0.0,0.024524560198187828,0.04972624406218529,0.018453553318977356,0.033232033252716064
CelebDFv3,/root/Datasets/CelebDFv3/CelebDFv3/FAKE/FaceSwap/GHOST/id31_id32_0001.mp4,FaceSwap/GHOST,id31,id32,0,-1.7375394105911255,1.7375394105911255,0.0,28.40604591369629,30.0,0.0,0.0,0.003236795077100396,0.00494195893406868,0.002652775263413787,0.004777244292199612
CelebDFv3,/root/Datasets/CelebDFv3/CelebDFv3/FAKE/FaceSwap/HifiFace/id31_id37_0002.mp4,FaceSwap/HifiFace,id31,id37,0,0.21437272429466248,-0.21437272429466248,0.0,19.25813865661621,30.0,0.0,0.0,0.024347255006432533,0.0571213960647583,0.01806422881782055,0.03253092244267464
CelebDFv3,/root/Datasets/CelebDFv3/CelebDFv3/FAKE/FaceSwap/InSwapper/id22_id21_0002.mp4,FaceSwap/InSwapper,id22,id21,0,5.322524070739746,-5.322524070739746,0.0,23.24185562133789,30.0,0.0,0.0,0.010224147699773312,0.021016594022512436,0.006371785420924425,0.011324644088745117
CelebDFv3,/root/Datasets/CelebDFv3/CelebDFv3/FAKE/FaceSwap/MobileFaceSwap/id23_id28_0001.mp4,FaceSwap/MobileFaceSwap,id23,id28,0,3.008098602294922,-3.008098602294922,0.0,25.72643280029297,30.0,0.0,0.0,0.004997726529836655,0.014175642281770706,0.011479334905743599,0.020402347669005394
CelebDFv3,/root/Datasets/CelebDFv3/CelebDFv3/FAKE/FaceSwap/SimSwap/id31_id29_0007.mp4,FaceSwap/SimSwap,id31,id29,0,-3.610463857650757,3.610463857650757,0.0,48.42390060424805,30.0,1.0,0.375,0.05196573957800865,0.017160318791866302,0.038200926035642624,0.06879404932260513
CelebDFv3,/root/Datasets/CelebDFv3/CelebDFv3/FAKE/FaceSwap/UniFace/id23_id3_0002.mp4,FaceSwap/UniFace,id23,id3,0,0.585056483745575,-0.585056483745575,0.0,24.65437889099121,30.0,0.0,0.0,0.021534699946641922,0.020001187920570374,0.006308943964540958,0.011212953366339207
CelebDFv3,/root/Datasets/CelebDFv3/CelebDFv3/FAKE/TalkingFace/AniTalker/id31_0002_test_id05015_wFizOLE3-qM.mp4,TalkingFace/AniTalker,id31,,0,0.5750905275344849,-0.5750905275344849,0.0,26.435203552246094,25.0,0.0,0.0,0.0088883675634861,0.004958895035088062,0.011043412610888481,0.011043412610888481
CelebDFv3,/root/Datasets/CelebDFv3/CelebDFv3/FAKE/TalkingFace/EDTalk/id59_0004_test_id01509_asrGhE2enzQ.mp4,TalkingFace/EDTalk,id59,,0,-0.6584494113922119,0.6584494113922119,0.0,24.154958724975586,25.0,0.0,0.0,0.015524540096521378,0.01480034738779068,0.007198364473879337,0.007198364473879337
CelebDFv3,/root/Datasets/CelebDFv3/CelebDFv3/FAKE/TalkingFace/EchoMimic/id25_0004_test_id01509_I6T7sh7T2lU.mp4,TalkingFace/EchoMimic,id25,,0,1.7815167903900146,-1.7815167903900146,0.0,33.71579360961914,24.0,0.0,0.0,0.009840552695095539,0.012936415150761604,0.00790721271187067,0.00790721271187067
CelebDFv3,/root/Datasets/CelebDFv3/CelebDFv3/FAKE/TalkingFace/FLOAT/id48_0006_test_id04094_iuzHh5LLoUo.mp4,TalkingFace/FLOAT,id48,,0,-1.1769779920578003,1.1769779920578003,0.0,24.740131378173828,25.0,0.0,0.0,0.021065713837742805,0.00981980375945568,0.009355624206364155,0.009355624206364155
CelebDFv3,/root/Datasets/CelebDFv3/CelebDFv3/FAKE/TalkingFace/IP_LAP/id56_0003_test_id07868_G6yM82HVOKI.mp4,TalkingFace/IP_LAP,id56,,0,2.5761878490448,-2.5761878490448,0.0,25.575345993041992,25.0,0.0,0.0,0.03371748328208923,0.018801920115947723,0.010904563590884209,0.010904563590884209
CelebDFv3,/root/Datasets/CelebDFv3/CelebDFv3/FAKE/TalkingFace/Real3DPortrait/id26_0003_test_id04657_noCOJeNKpOM.mp4,TalkingFace/Real3DPortrait,id26,,0,-6.333138465881348,6.333138465881348,0.0,101.55801391601562,25.0,0.0,0.0,0.014143116772174835,0.007550803944468498,0.004858954343944788,0.004858954343944788
CelebDFv3,/root/Datasets/CelebDFv3/CelebDFv3/FAKE/TalkingFace/SadTalker/id25_0006_test_id03347_iLd-6KT2Y2Q.mp4,TalkingFace/SadTalker,id25,,0,-8.818229675292969,8.818229675292969,0.0,109.638671875,25.0,0.0,0.0,0.0034094431903213263,0.00965858530253172,0.009013310074806213,0.009013310074806213
CelebDFv3,/root/Datasets/CelebDFv3/CelebDFv3/FAKE/FaceReenact/DaGAN/id26_id0_0001.mp4,FaceReenact/DaGAN,id26,id0,0,0.39325496554374695,-0.39325496554374695,0.0,40.967220306396484,30.0,1.0,0.203125,0.03255707025527954,0.022787978872656822,0.017263788729906082,0.017263788729906082
CelebDFv3,/root/Datasets/CelebDFv3/CelebDFv3/FAKE/FaceReenact/FSRT/id23_id29_0001.mp4,FaceReenact/FSRT,id23,id29,0,1.4401013851165771,-1.4401013851165771,0.0,17.994905471801758,20.0,1.0,0.109375,0.027569714933633804,0.009887967258691788,0.044605087488889694,0.044605087488889694
CelebDFv3,/root/Datasets/CelebDFv3/CelebDFv3/FAKE/FaceReenact/HyperReenact/id26_id25_0001.mp4,FaceReenact/HyperReenact,id26,id25,0,2.5639848709106445,-2.5639848709106445,0.0,29.341983795166016,25.0,0.0,0.0,0.004651101306080818,0.0036788680590689182,0.007372054271399975,0.007372054271399975
CelebDFv3,/root/Datasets/CelebDFv3/CelebDFv3/FAKE/FaceReenact/LIA/id23_id30_0006.mp4,FaceReenact/LIA,id23,id30,0,3.5307905673980713,-3.5307905673980713,0.0,22.104755401611328,30.0,0.0,0.0,0.02057204209268093,0.014104300178587437,0.011415892280638218,0.011415892280638218
CelebDFv3,/root/Datasets/CelebDFv3/CelebDFv3/FAKE/FaceReenact/LivePortrait/id26_id2_0009.mp4,FaceReenact/LivePortrait,id26,id2,0,0.440595418214798,-0.440595418214798,0.0,41.02215576171875,30.0,1.0,0.40625,0.006469518877565861,0.007143931929022074,0.011055712588131428,0.020132018253207207
CelebDFv3,/root/Datasets/CelebDFv3/CelebDFv3/FAKE/FaceReenact/MCNET/id8_id7_0008.mp4,FaceReenact/MCNET,id8,id7,0,0.9650809168815613,-0.9650809168815613,0.0,36.87971115112305,30.0,0.0,0.0,0.012082269415259361,0.005120278336107731,0.010370672680437565,0.010370672680437565
CelebDFv3,/root/Datasets/CelebDFv3/CelebDFv3/FAKE/FaceReenact/TPSMM/id31_id33_0005.mp4,FaceReenact/TPSMM,id31,id33,0,-0.0720691978931427,0.0720691978931427,0.0,27.034433364868164,30.0,1.0,0.109375,0.044035524129867554,0.011053355410695076,0.033420685678720474,0.033420685678720474
CelebDFv3,/root/Datasets/CelebDFv3/CelebDFv3/FAKE/FaceSwap/BlendFace/id31_id35_0007.mp4,FaceSwap/BlendFace,id31,id35,0,-1.35832679271698,1.35832679271698,0.0,57.618865966796875,30.0,1.0,0.0625,0.034318141639232635,0.014257545582950115,0.02604224905371666,0.046898115426301956
CelebDFv3,/root/Datasets/CelebDFv3/CelebDFv3/FAKE/FaceSwap/Celeb-DF-v2/id11_id7_0002.mp4,FaceSwap/Celeb-DF-v2,id11,id7,0,0.7545709609985352,-0.7545709609985352,0.0,26.910724639892578,30.0,0.0,0.0,0.005967847537249327,0.00621802406385541,0.002337026409804821,0.004515134729444981
CelebDFv3,/root/Datasets/CelebDFv3/CelebDFv3/FAKE/FaceSwap/GHOST/id31_id35_0006.mp4,FaceSwap/GHOST,id31,id35,0,-2.0945863723754883,2.0945863723754883,0.0,38.97746276855469,30.0,0.0,0.0,0.006331662647426128,0.012527904473245144,0.0036573964171111584,0.0065864138305187225
CelebDFv3,/root/Datasets/CelebDFv3/CelebDFv3/FAKE/FaceSwap/HifiFace/id23_id19_0009.mp4,FaceSwap/HifiFace,id23,id19,0,3.1058735847473145,-3.1058735847473145,0.0,18.972755432128906,30.0,0.0,0.0,0.004864368587732315,0.005600703414529562,0.004656316712498665,0.006164963357150555
CelebDFv3,/root/Datasets/CelebDFv3/CelebDFv3/FAKE/FaceSwap/InSwapper/id26_id37_0000.mp4,FaceSwap/InSwapper,id26,id37,0,0.4999116063117981,-0.4999116063117981,0.0,36.05438995361328,30.0,0.0,0.0,0.002828709315508604,0.002362303202971816,0.0022888551466166973,0.004112180322408676
CelebDFv3,/root/Datasets/CelebDFv3/CelebDFv3/FAKE/FaceSwap/MobileFaceSwap/id31_id2_0001.mp4,FaceSwap/MobileFaceSwap,id31,id2,0,-1.3987725973129272,1.3987725973129272,0.0,27.6129093170166,30.0,0.0,0.0,0.003463205648586154,0.004548533353954554,0.0021419981494545937,0.0038574121426790953
CelebDFv3,/root/Datasets/CelebDFv3/CelebDFv3/FAKE/FaceSwap/SimSwap/id25_id28_0002.mp4,FaceSwap/SimSwap,id25,id28,0,3.5056252479553223,-3.5056252479553223,0.0,15.602109909057617,30.0,0.0,0.0,0.01349200215190649,0.026642169803380966,0.0030972843524068594,0.00557773606851697
CelebDFv3,/root/Datasets/CelebDFv3/CelebDFv3/FAKE/FaceSwap/UniFace/id23_id32_0007.mp4,FaceSwap/UniFace,id23,id32,0,2.0158605575561523,-2.0158605575561523,0.0,25.59259605407715,30.0,0.0,0.0,0.0166377704590559,0.028550006449222565,0.007608882617205381,0.013348342850804329
CelebDFv3,/root/Datasets/CelebDFv3/CelebDFv3/FAKE/TalkingFace/AniTalker/id22_0005_test_id05714_wFGNufaMbDY.mp4,TalkingFace/AniTalker,id22,,0,1.9176092147827148,-1.9176092147827148,0.0,34.965885162353516,25.0,0.0,0.0,0.004140367731451988,0.004054644610732794,0.00425788713619113,0.00425788713619113
CelebDFv3,/root/Datasets/CelebDFv3/CelebDFv3/FAKE/TalkingFace/EDTalk/id11_0007_test_id00081_OP-1HtS2Jmo.mp4,TalkingFace/EDTalk,id11,,0,-1.7926080226898193,1.7926080226898193,0.0,27.95253562927246,25.0,0.0,0.0,0.0142490454018116,0.013467398472130299,0.010571115650236607,0.010571115650236607
CelebDFv3,/root/Datasets/CelebDFv3/CelebDFv3/FAKE/TalkingFace/EchoMimic/id11_0008_test_id05124_uPPqcWVd-dg.mp4,TalkingFace/EchoMimic,id11,,0,2.935986280441284,-2.935986280441284,0.0,24.18377685546875,24.0,0.0,0.0,0.012046023271977901,0.00804127100855112,0.00855009164661169,0.00855009164661169
CelebDFv3,/root/Datasets/CelebDFv3/CelebDFv3/FAKE/TalkingFace/FLOAT/id8_0001_test_id00926_KV8f4Uucosc.mp4,TalkingFace/FLOAT,id8,,0,-1.5323600769042969,1.5323600769042969,0.0,26.627559661865234,25.0,0.0,0.0,0.024378670379519463,0.01393863931298256,0.011827956885099411,0.011827956885099411
CelebDFv3,/root/Datasets/CelebDFv3/CelebDFv3/FAKE/TalkingFace/IP_LAP/id59_0004_test_id05015_0SsJwWGC0c4.mp4,TalkingFace/IP_LAP,id59,,0,-1.6786506175994873,1.6786506175994873,0.0,23.318540573120117,25.0,0.0,0.0,0.029783139005303383,0.021049514412879944,0.009728185832500458,0.009728185832500458
CelebDFv3,/root/Datasets/CelebDFv3/CelebDFv3/FAKE/TalkingFace/Real3DPortrait/id8_0003_test_id04627_IjO3LUCaYLE.mp4,TalkingFace/Real3DPortrait,id8,,0,2.7591190338134766,-2.7591190338134766,0.0,39.7216796875,25.0,1.0,0.015625,0.015721358358860016,0.0064498563297092915,0.008928547613322735,0.008928547613322735
CelebDFv3,/root/Datasets/CelebDFv3/CelebDFv3/FAKE/TalkingFace/SadTalker/id11_0006_test_id01509_XmSD0fC9gX4.mp4,TalkingFace/SadTalker,id11,,0,-0.088015116751194,0.088015116751194,0.0,35.850494384765625,25.0,0.0,0.0,0.004797410685569048,0.007817447185516357,0.00791498739272356,0.00791498739272356
CelebDFv3,/root/Datasets/CelebDFv3/CelebDFv3/FAKE/FaceReenact/DaGAN/id26_id30_0000.mp4,FaceReenact/DaGAN,id26,id30,0,0.37593433260917664,-0.37593433260917664,0.0,39.5546875,30.0,1.0,0.09375,0.03934870660305023,0.02791261300444603,0.016011204570531845,0.016011204570531845
CelebDFv3,/root/Datasets/CelebDFv3/CelebDFv3/FAKE/FaceReenact/FSRT/id31_id38_0006.mp4,FaceReenact/FSRT,id31,id38,0,1.5262503623962402,-1.5262503623962402,0.0,20.959152221679688,20.0,0.0,0.0,0.015574721619486809,0.007314431481063366,0.007072628475725651,0.007072628475725651
CelebDFv3,/root/Datasets/CelebDFv3/CelebDFv3/FAKE/FaceReenact/HyperReenact/id48_id39_0007.mp4,FaceReenact/HyperReenact,id48,id39,0,0.8165048956871033,-0.8165048956871033,0.0,36.65959167480469,25.0,0.0,0.0,0.0037390331272035837,0.003033693414181471,0.005926033016294241,0.005926033016294241
CelebDFv3,/root/Datasets/CelebDFv3/CelebDFv3/FAKE/FaceReenact/LIA/id56_id58_0002.mp4,FaceReenact/LIA,id56,id58,0,2.1752657890319824,-2.1752657890319824,0.0,29.245759963989258,30.0,0.0,0.0,0.01700489968061447,0.01617654785513878,0.009516135789453983,0.009516135789453983
CelebDFv3,/root/Datasets/CelebDFv3/CelebDFv3/FAKE/FaceReenact/LivePortrait/id23_id32_0007.mp4,FaceReenact/LivePortrait,id23,id32,0,-1.8644026517868042,1.8644026517868042,0.0,49.6158447265625,30.0,0.0,0.0,0.002586183836683631,0.008547008037567139,0.0026852840092033148,0.004710821900516748
CelebDFv3,/root/Datasets/CelebDFv3/CelebDFv3/FAKE/FaceReenact/MCNET/id23_id27_0000.mp4,FaceReenact/MCNET,id23,id27,0,1.7220484018325806,-1.7220484018325806,0.0,26.870786666870117,30.0,0.0,0.0,0.031318508088588715,0.016234174370765686,0.01282846461981535,0.01282846461981535
CelebDFv3,/root/Datasets/CelebDFv3/CelebDFv3/FAKE/FaceReenact/TPSMM/id23_id33_0004.mp4,FaceReenact/TPSMM,id23,id33,0,2.3962881565093994,-2.3962881565093994,0.0,21.059093475341797,30.0,1.0,0.0625,0.03290737420320511,0.025164572522044182,0.03861025720834732,0.03861025720834732
CelebDFv3,/root/Datasets/CelebDFv3/CelebDFv3/FAKE/FaceSwap/BlendFace/id23_id24_0009.mp4,FaceSwap/BlendFace,id23,id24,0,3.593707799911499,-3.593707799911499,0.0,21.761699676513672,30.0,0.0,0.0,0.004851292818784714,0.006180918775498867,0.0036614208947867155,0.004847721196711063
CelebDFv3,/root/Datasets/CelebDFv3/CelebDFv3/FAKE/FaceSwap/Celeb-DF-v2/id31_id2_0005.mp4,FaceSwap/Celeb-DF-v2,id31,id2,0,-0.718509316444397,0.718509316444397,0.0,37.232913970947266,30.0,0.0,0.0,0.009143437258899212,0.007097420748323202,0.0021997271105647087,0.003961373120546341
CelebDFv3,/root/Datasets/CelebDFv3/CelebDFv3/FAKE/FaceSwap/GHOST/id23_id17_0006.mp4,FaceSwap/GHOST,id23,id17,0,1.5746650695800781,-1.5746650695800781,0.0,17.289920806884766,30.0,0.0,0.0,0.010776023380458355,0.006186701823025942,0.003342173295095563,0.004428379703313112
CelebDFv3,/root/Datasets/CelebDFv3/CelebDFv3/FAKE/FaceSwap/HifiFace/id25_id22_0003.mp4,FaceSwap/HifiFace,id25,id22,0,0.06234441697597504,-0.06234441697597504,0.0,21.73350715637207,30.0,0.0,0.0,0.01225531380623579,0.009465299546718597,0.0036952150985598564,0.006654518190771341
CelebDFv3,/root/Datasets/CelebDFv3/CelebDFv3/FAKE/FaceSwap/InSwapper/id26_id17_0000.mp4,FaceSwap/InSwapper,id26,id17,0,-0.31188660860061646,0.31188660860061646,0.0,35.44908905029297,30.0,0.0,0.0,0.0026113037019968033,0.002120210323482752,0.0026929255109280348,0.0048381369560956955
CelebDFv3,/root/Datasets/CelebDFv3/CelebDFv3/FAKE/FaceSwap/MobileFaceSwap/id31_id30_0005.mp4,FaceSwap/MobileFaceSwap,id31,id30,0,0.73442542552948,-0.73442542552948,0.0,31.954727172851562,30.0,0.0,0.0,0.00767393596470356,0.007062864489853382,0.0017672316171228886,0.0031825145706534386
CelebDFv3,/root/Datasets/CelebDFv3/CelebDFv3/FAKE/FaceSwap/SimSwap/id23_id16_0009.mp4,FaceSwap/SimSwap,id23,id16,0,2.909092903137207,-2.909092903137207,0.0,19.86768913269043,30.0,0.0,0.0,0.005001924000680447,0.006439574062824249,0.0039891693741083145,0.005281660705804825
CelebDFv3,/root/Datasets/CelebDFv3/CelebDFv3/FAKE/FaceSwap/UniFace/id23_id6_0005.mp4,FaceSwap/UniFace,id23,id6,0,2.9769580364227295,-2.9769580364227295,0.0,25.96546173095703,30.0,0.0,0.0,0.008503291755914688,0.0034613111056387424,0.003962093032896519,0.00811032485216856
CelebDFv3,/root/Datasets/CelebDFv3/CelebDFv3/FAKE/TalkingFace/AniTalker/id31_0007_test_id05459_7UxF1t_taDk.mp4,TalkingFace/AniTalker,id31,,0,-3.3025994300842285,3.3025994300842285,0.0,54.195858001708984,25.0,0.0,0.0,0.006693137809634209,0.0070876916870474815,0.006111229304224253,0.006111229304224253
CelebDFv3,/root/Datasets/CelebDFv3/CelebDFv3/FAKE/TalkingFace/EDTalk/id59_0008_test_id07494_ebeMtxwdAVc.mp4,TalkingFace/EDTalk,id59,,0,3.3867061138153076,-3.3867061138153076,0.0,27.25636863708496,25.0,0.0,0.0,0.016696088016033173,0.01104130782186985,0.004691485781222582,0.004691485781222582
CelebDFv3,/root/Datasets/CelebDFv3/CelebDFv3/FAKE/TalkingFace/EchoMimic/id25_0002_test_id03030_eq4Q6pmablc.mp4,TalkingFace/EchoMimic,id25,,0,2.5504159927368164,-2.5504159927368164,0.0,28.747297286987305,24.0,0.0,0.0,0.0100469458848238,0.012081887573003769,0.009214553982019424,0.009214553982019424
CelebDFv3,/root/Datasets/CelebDFv3/CelebDFv3/FAKE/TalkingFace/FLOAT/id11_0008_test_id07802_qmTmtDbel1M.mp4,TalkingFace/FLOAT,id11,,0,2.418327569961548,-2.418327569961548,0.0,22.836700439453125,25.0,0.0,0.0,0.02004723809659481,0.012798160314559937,0.01005696039646864,0.01005696039646864
CelebDFv3,/root/Datasets/CelebDFv3/CelebDFv3/FAKE/TalkingFace/IP_LAP/id51_0000_test_id03178_O13kGQ2rTE8.mp4,TalkingFace/IP_LAP,id51,,0,0.6088098287582397,-0.6088098287582397,0.0,19.177772521972656,25.0,0.0,0.0,0.052763961255550385,0.012000065296888351,0.015498260036110878,0.015498260036110878
CelebDFv3,/root/Datasets/CelebDFv3/CelebDFv3/FAKE/TalkingFace/Real3DPortrait/id8_0007_test_id05176_zTGzM2koGAQ.mp4,TalkingFace/Real3DPortrait,id8,,0,2.6129987239837646,-2.6129987239837646,0.0,38.78665542602539,25.0,0.0,0.0,0.011287741363048553,0.008209687657654285,0.007112571038305759,0.007112571038305759
CelebDFv3,/root/Datasets/CelebDFv3/CelebDFv3/FAKE/TalkingFace/SadTalker/id48_0001_test_id05055_cZZMU1w_HO4.mp4,TalkingFace/SadTalker,id48,,0,1.596421480178833,-1.596421480178833,0.0,25.112581253051758,25.0,0.0,0.0,0.0025702340062707663,0.008851648308336735,0.005408443044871092,0.005408443044871092
CelebDFv3,/root/Datasets/CelebDFv3/CelebDFv3/FAKE/FaceReenact/DaGAN/id48_id41_0006.mp4,FaceReenact/DaGAN,id48,id41,0,0.8447821140289307,-0.8447821140289307,0.0,26.842994689941406,30.0,1.0,0.09375,0.00929178949445486,0.0043074144050478935,0.006504693068563938,0.006504693068563938
CelebDFv3,/root/Datasets/CelebDFv3/CelebDFv3/FAKE/FaceReenact/FSRT/id23_id9_0009.mp4,FaceReenact/FSRT,id23,id9,0,5.147158622741699,-5.147158622741699,0.0,21.84716033935547,20.0,0.0,0.0,0.030421199277043343,0.019736401736736298,0.027155183255672455,0.027155183255672455
CelebDFv3,/root/Datasets/CelebDFv3/CelebDFv3/FAKE/FaceReenact/HyperReenact/id31_id9_0003.mp4,FaceReenact/HyperReenact,id31,id9,0,0.04666852205991745,-0.04666852205991745,0.0,33.186710357666016,25.0,0.0,0.0,0.004080674145370722,0.0022126580588519573,0.006921101827174425,0.006921101827174425
CelebDFv3,/root/Datasets/CelebDFv3/CelebDFv3/FAKE/FaceReenact/LIA/id26_id16_0003.mp4,FaceReenact/LIA,id26,id16,0,-3.046731948852539,3.046731948852539,0.0,76.29007720947266,30.0,1.0,0.15625,0.025022614747285843,0.004770818166434765,0.02402152307331562,0.02402152307331562
CelebDFv3,/root/Datasets/CelebDFv3/CelebDFv3/FAKE/FaceReenact/LivePortrait/id26_id38_0002.mp4,FaceReenact/LivePortrait,id26,id38,0,-0.614370584487915,0.614370584487915,0.0,19.534561157226562,30.0,1.0,0.03125,0.021648362278938293,0.01874682307243347,0.016580991446971893,0.029789574444293976
CelebDFv3,/root/Datasets/CelebDFv3/CelebDFv3/FAKE/FaceReenact/MCNET/id23_id6_0005.mp4,FaceReenact/MCNET,id23,id6,0,2.1151323318481445,-2.1151323318481445,0.0,22.846364974975586,30.0,0.0,0.0,0.016500676050782204,0.015205824747681618,0.009366247802972794,0.009366247802972794
CelebDFv3,/root/Datasets/CelebDFv3/CelebDFv3/FAKE/FaceReenact/TPSMM/id51_id58_0004.mp4,FaceReenact/TPSMM,id51,id58,0,2.1618404388427734,-2.1618404388427734,0.0,21.63987159729004,30.0,1.0,0.140625,0.027840109542012215,0.012348338030278683,0.006402917206287384,0.006402917206287384
CelebDFv3,/root/Datasets/CelebDFv3/CelebDFv3/FAKE/FaceSwap/BlendFace/id26_id31_0008.mp4,FaceSwap/BlendFace,id26,id31,0,5.389708518981934,-5.389708518981934,0.0,24.5401611328125,30.0,0.0,0.0,0.009551839902997017,0.0062032132409513,0.002792916726320982,0.00508579146116972
CelebDFv3,/root/Datasets/CelebDFv3/CelebDFv3/FAKE/FaceSwap/Celeb-DF-v2/id25_id20_0002.mp4,FaceSwap/Celeb-DF-v2,id25,id20,0,2.480696201324463,-2.480696201324463,0.0,16.026832580566406,30.0,0.0,0.0,0.012020478956401348,0.022198189049959183,0.003621414303779602,0.006521614734083414
CelebDFv3,/root/Datasets/CelebDFv3/CelebDFv3/FAKE/FaceSwap/GHOST/id22_id21_0004.mp4,FaceSwap/GHOST,id22,id21,0,2.0400819778442383,-2.0400819778442383,0.0,35.388614654541016,30.0,0.0,0.0,0.004327463451772928,0.002828586846590042,0.0012941642198711634,0.002300132531672716
CelebDFv3,/root/Datasets/CelebDFv3/CelebDFv3/FAKE/FaceSwap/HifiFace/id26_id28_0004.mp4,FaceSwap/HifiFace,id26,id28,0,-0.001973360776901245,0.001973360776901245,0.0,27.002737045288086,30.0,0.0,0.0,0.0061877756379544735,0.013537819497287273,0.004055689554661512,0.007286492735147476
CelebDFv3,/root/Datasets/CelebDFv3/CelebDFv3/FAKE/FaceSwap/InSwapper/id51_id50_0007.mp4,FaceSwap/InSwapper,id51,id50,0,-2.9094903469085693,2.9094903469085693,0.0,32.70465850830078,30.0,0.0,0.0,0.0038565988652408123,0.004744771867990494,0.0014505077851936221,0.0025975622702389956
CelebDFv3,/root/Datasets/CelebDFv3/CelebDFv3/FAKE/FaceSwap/MobileFaceSwap/id31_id1_0007.mp4,FaceSwap/MobileFaceSwap,id31,id1,0,-5.429030418395996,5.429030418395996,0.0,49.03605651855469,30.0,0.0,0.0,0.011822761967778206,0.0061470987275242805,0.006784708239138126,0.012218224816024303
CelebDFv3,/root/Datasets/CelebDFv3/CelebDFv3/FAKE/FaceSwap/SimSwap/id51_id57_0008.mp4,FaceSwap/SimSwap,id51,id57,0,2.414914608001709,-2.414914608001709,0.0,24.406396865844727,30.0,0.0,0.0,0.006182468496263027,0.014296185225248337,0.0031159331556409597,0.005579997785389423
CelebDFv3,/root/Datasets/CelebDFv3/CelebDFv3/FAKE/FaceSwap/UniFace/id31_id3_0000.mp4,FaceSwap/UniFace,id31,id3,0,-0.835345983505249,0.835345983505249,0.0,23.770557403564453,30.0,0.0,0.0,0.005368561018258333,0.007449818309396505,0.002550457837060094,0.004592984914779663
CelebDFv3,/root/Datasets/CelebDFv3/CelebDFv3/FAKE/TalkingFace/AniTalker/id59_0009_test_id01541_dEmuPb4A7do.mp4,TalkingFace/AniTalker,id59,,0,-1.1044225692749023,1.1044225692749023,0.0,44.80854415893555,25.0,0.0,0.0,0.007676737383008003,0.004315040074288845,0.0041835717856884,0.0041835717856884
CelebDFv3,/root/Datasets/CelebDFv3/CelebDFv3/FAKE/TalkingFace/EDTalk/id51_0005_test_id04478_c0nsCu5jxLk.mp4,TalkingFace/EDTalk,id51,,0,1.1695683002471924,-1.1695683002471924,0.0,26.97214126586914,25.0,0.0,0.0,0.0146304527297616,0.011273490265011787,0.007534167729318142,0.007534167729318142
CelebDFv3,/root/Datasets/CelebDFv3/CelebDFv3/FAKE/TalkingFace/EchoMimic/id56_0000_test_id04862_oKjLVc6gbbo.mp4,TalkingFace/EchoMimic,id56,,0,3.4987502098083496,-3.4987502098083496,0.0,26.434228897094727,24.0,0.0,0.0,0.006195911671966314,0.008344460278749466,0.00805438868701458,0.00805438868701458
CelebDFv3,/root/Datasets/CelebDFv3/CelebDFv3/FAKE/TalkingFace/FLOAT/id31_0007_test_id05459_7UxF1t_taDk.mp4,TalkingFace/FLOAT,id31,,0,-3.4113621711730957,3.4113621711730957,0.0,58.70779800415039,25.0,0.0,0.0,0.028889184817671776,0.007915239781141281,0.01532498188316822,0.01532498188316822
CelebDFv3,/root/Datasets/CelebDFv3/CelebDFv3/FAKE/TalkingFace/IP_LAP/id22_0001_test_id01298_tAQVEmDyrPs.mp4,TalkingFace/IP_LAP,id22,,0,0.6437424421310425,-0.6437424421310425,0.0,23.950172424316406,25.0,0.0,0.0,0.007545126136392355,0.008471708744764328,0.0056386590003967285,0.0056386590003967285
CelebDFv3,/root/Datasets/CelebDFv3/CelebDFv3/FAKE/TalkingFace/Real3DPortrait/id59_0006_test_id04657_dn4XY5c6mEw.mp4,TalkingFace/Real3DPortrait,id59,,0,1.97025465965271,-1.97025465965271,0.0,23.344558715820312,25.0,0.0,0.0,0.013817336410284042,0.0073074959218502045,0.006330473348498344,0.006330473348498344
CelebDFv3,/root/Datasets/CelebDFv3/CelebDFv3/FAKE/TalkingFace/SadTalker/id31_0004_test_id07426_s747isSlMFU.mp4,TalkingFace/SadTalker,id31,,0,2.4102394580841064,-2.4102394580841064,0.0,30.399089813232422,25.0,0.0,0.0,0.004128030966967344,0.008222118020057678,0.004036787897348404,0.004036787897348404
CelebDFv3,/root/Datasets/CelebDFv3/CelebDFv3/FAKE/FaceReenact/DaGAN/id51_id58_0008.mp4,FaceReenact/DaGAN,id51,id58,0,2.0491368770599365,-2.0491368770599365,0.0,31.26407814025879,30.0,0.0,0.0,0.006974025629460812,0.006413553841412067,0.006299127358943224,0.006299127358943224
CelebDFv3,/root/Datasets/CelebDFv3/CelebDFv3/FAKE/FaceReenact/FSRT/id8_id2_0003.mp4,FaceReenact/FSRT,id8,id2,0,4.13521146774292,-4.13521146774292,0.0,29.499563217163086,20.0,1.0,0.015625,0.015549030154943466,0.013367434963583946,0.013012361712753773,0.013012361712753773
CelebDFv3,/root/Datasets/CelebDFv3/CelebDFv3/FAKE/FaceReenact/HyperReenact/id22_id21_0004.mp4,FaceReenact/HyperReenact,id22,id21,0,2.855154514312744,-2.855154514312744,0.0,25.722530364990234,25.0,0.0,0.0,0.002797637600451708,0.0016572822351008654,0.0022875608410686255,0.0022875608410686255
CelebDFv3,/root/Datasets/CelebDFv3/CelebDFv3/FAKE/FaceReenact/LIA/id31_id37_0007.mp4,FaceReenact/LIA,id31,id37,0,-1.9888360500335693,1.9888360500335693,0.0,68.66289520263672,30.0,1.0,0.078125,0.01144762709736824,0.012652029283344746,0.010829309932887554,0.010829309932887554
CelebDFv3,/root/Datasets/CelebDFv3/CelebDFv3/FAKE/FaceReenact/LivePortrait/id23_id31_0002.mp4,FaceReenact/LivePortrait,id23,id31,0,2.805352210998535,-2.805352210998535,0.0,22.900470733642578,30.0,0.0,0.0,0.0031239381060004234,0.003262468846514821,0.003401691559702158,0.006045863498002291
CelebDFv3,/root/Datasets/CelebDFv3/CelebDFv3/FAKE/FaceReenact/MCNET/id25_id21_0002.mp4,FaceReenact/MCNET,id25,id21,0,2.273545742034912,-2.273545742034912,0.0,18.039920806884766,30.0,1.0,0.078125,0.01568838581442833,0.02624107524752617,0.011919783428311348,0.011919783428311348
CelebDFv3,/root/Datasets/CelebDFv3/CelebDFv3/FAKE/FaceReenact/TPSMM/id56_id52_0005.mp4,FaceReenact/TPSMM,id56,id52,0,0.7634694576263428,-0.7634694576263428,0.0,24.222549438476562,30.0,0.0,0.0,0.02936641313135624,0.012630677781999111,0.00953121017664671,0.00953121017664671
CelebDFv3,/root/Datasets/CelebDFv3/CelebDFv3/FAKE/FaceSwap/BlendFace/id25_id26_0004.mp4,FaceSwap/BlendFace,id25,id26,0,0.8576803803443909,-0.8576803803443909,0.0,33.43666076660156,30.0,0.0,0.0,0.010606462135910988,0.008520716801285744,0.0033253091387450695,0.005988374352455139
CelebDFv3,/root/Datasets/CelebDFv3/CelebDFv3/FAKE/FaceSwap/Celeb-DF-v2/id54_id57_0001.mp4,FaceSwap/Celeb-DF-v2,id54,id57,0,0.5161284804344177,-0.5161284804344177,0.0,34.657562255859375,30.0,0.0,0.0,0.011367875151336193,0.044895388185977936,0.005035923793911934,0.00901830568909645
CelebDFv3,/root/Datasets/CelebDFv3/CelebDFv3/FAKE/FaceSwap/GHOST/id48_id47_0002.mp4,FaceSwap/GHOST,id48,id47,0,2.3556089401245117,-2.3556089401245117,0.0,29.123809814453125,30.0,0.0,0.0,0.0037686428986489773,0.004942687228322029,0.0013681341661140323,0.002443096600472927
CelebDFv3,/root/Datasets/CelebDFv3/CelebDFv3/FAKE/FaceSwap/HifiFace/id23_id0_0008.mp4,FaceSwap/HifiFace,id23,id0,0,2.452942371368408,-2.452942371368408,0.0,25.620126724243164,30.0,0.0,0.0,0.0028323642909526825,0.0041244798339903355,0.0050651319324970245,0.008885813876986504
CelebDFv3,/root/Datasets/CelebDFv3/CelebDFv3/FAKE/FaceSwap/InSwapper/id56_id52_0005.mp4,FaceSwap/InSwapper,id56,id52,0,-0.7822083234786987,0.7822083234786987,0.0,29.1264591217041,29.899993896484375,0.0,0.0,0.003592935623601079,0.007345234043896198,0.0012775027425959706,0.002287745475769043
CelebDFv3,/root/Datasets/CelebDFv3/CelebDFv3/FAKE/FaceSwap/MobileFaceSwap/id31_id6_0005.mp4,FaceSwap/MobileFaceSwap,id31,id6,0,0.8143617510795593,-0.8143617510795593,0.0,32.40568923950195,30.0,0.0,0.0,0.007454464677721262,0.00705321691930294,0.0022165703121572733,0.003991704899817705
CelebDFv3,/root/Datasets/CelebDFv3/CelebDFv3/FAKE/FaceSwap/SimSwap/id26_id38_0002.mp4,FaceSwap/SimSwap,id26,id38,0,1.2449727058410645,-1.2449727058410645,0.0,25.956308364868164,30.0,1.0,0.046875,0.010455510579049587,0.017253562808036804,0.003724869340658188,0.006692138500511646
CelebDFv3,/root/Datasets/CelebDFv3/CelebDFv3/FAKE/FaceSwap/UniFace/id59_id61_0004.mp4,FaceSwap/UniFace,id59,id61,0,-1.2183105945587158,1.2183105945587158,0.0,22.7751407623291,30.0,1.0,0.015625,0.011242165230214596,0.02115091122686863,0.007423845585435629,0.013294585980474949
CelebDFv3,/root/Datasets/CelebDFv3/CelebDFv3/FAKE/TalkingFace/AniTalker/id56_0006_test_id02057_3Ugj7nq-mlg.mp4,TalkingFace/AniTalker,id56,,0,2.771489381790161,-2.771489381790161,0.0,27.103784561157227,25.0,0.0,0.0,0.005827407352626324,0.0032499798107892275,0.0033301881048828363,0.0033301881048828363
CelebDFv3,/root/Datasets/CelebDFv3/CelebDFv3/FAKE/TalkingFace/EDTalk/id25_0010_test_id04862_4r-u7YAGLoA.mp4,TalkingFace/EDTalk,id25,,0,0.7495965361595154,-0.7495965361595154,0.0,27.264223098754883,25.0,0.0,0.0,0.015087488107383251,0.012897036969661713,0.006967366207391024,0.006967366207391024
CelebDFv3,/root/Datasets/CelebDFv3/CelebDFv3/FAKE/TalkingFace/EchoMimic/id51_0002_test_id01541_mDoT5mpo_2c.mp4,TalkingFace/EchoMimic,id51,,0,1.2811908721923828,-1.2811908721923828,0.0,27.155961990356445,24.0,0.0,0.0,0.005178523249924183,0.00920086819678545,0.007803901564329863,0.007803901564329863
CelebDFv3,/root/Datasets/CelebDFv3/CelebDFv3/FAKE/TalkingFace/FLOAT/id25_0010_test_id07426_1KNFfOFEhyI.mp4,TalkingFace/FLOAT,id25,,0,-2.3102495670318604,2.3102495670318604,0.0,32.373207092285156,25.0,0.0,0.0,0.013782873749732971,0.0064284466207027435,0.006348189897835255,0.006348189897835255
CelebDFv3,/root/Datasets/CelebDFv3/CelebDFv3/FAKE/TalkingFace/IP_LAP/id54_0000_test_id08374_8V4tFXw2UxY.mp4,TalkingFace/IP_LAP,id54,,0,0.515215277671814,-0.515215277671814,0.0,28.09275245666504,25.0,0.0,0.0,0.037171702831983566,0.010744240134954453,0.012193150818347931,0.012193150818347931
CelebDFv3,/root/Datasets/CelebDFv3/CelebDFv3/FAKE/TalkingFace/Real3DPortrait/id22_0008_test_id01593_sU-ejsiL4Fc.mp4,TalkingFace/Real3DPortrait,id22,,0,-1.4781389236450195,1.4781389236450195,0.0,35.91734313964844,25.0,1.0,0.046875,0.019192928448319435,0.007880127057433128,0.008663836866617203,0.008663836866617203
CelebDFv3,/root/Datasets/CelebDFv3/CelebDFv3/FAKE/TalkingFace/SadTalker/id11_0010_test_id04656_6N_AmGKcdZo.mp4,TalkingFace/SadTalker,id11,,0,3.460642099380493,-3.460642099380493,0.0,26.354961395263672,25.0,0.0,0.0,0.0026884200051426888,0.004146886989474297,0.0043532089330255985,0.004975096322596073
CelebDFv3,/root/Datasets/CelebDFv3/CelebDFv3/FAKE/FaceReenact/DaGAN/id23_id30_0000.mp4,FaceReenact/DaGAN,id23,id30,0,3.6290106773376465,-3.6290106773376465,0.0,23.549386978149414,30.0,1.0,0.03125,0.034379519522190094,0.028227027505636215,0.012362273409962654,0.012362273409962654
CelebDFv3,/root/Datasets/CelebDFv3/CelebDFv3/FAKE/FaceReenact/FSRT/id56_id49_0006.mp4,FaceReenact/FSRT,id56,id49,0,2.8832406997680664,-2.8832406997680664,0.0,24.080799102783203,20.0,0.0,0.0,0.036342866718769073,0.01566634513437748,0.01105751283466816,0.01105751283466816
CelebDFv3,/root/Datasets/CelebDFv3/CelebDFv3/FAKE/FaceReenact/HyperReenact/id59_id60_0000.mp4,FaceReenact/HyperReenact,id59,id60,0,0.7719818949699402,-0.7719818949699402,0.0,29.057594299316406,25.0,0.0,0.0,0.02239067666232586,0.005057285074144602,0.010158774442970753,0.010158774442970753
CelebDFv3,/root/Datasets/CelebDFv3/CelebDFv3/FAKE/FaceReenact/LIA/id23_id34_0009.mp4,FaceReenact/LIA,id23,id34,0,3.4934425354003906,-3.4934425354003906,0.0,22.454532623291016,30.0,1.0,0.1875,0.037262216210365295,0.013168593868613243,0.0354902483522892,0.0354902483522892
CelebDFv3,/root/Datasets/CelebDFv3/CelebDFv3/FAKE/FaceReenact/LivePortrait/id26_id17_0004.mp4,FaceReenact/LivePortrait,id26,id17,0,0.7559496760368347,-0.7559496760368347,0.0,31.901906967163086,30.0,0.0,0.0,0.015927854925394058,0.009259980171918869,0.01089816726744175,0.019579758867621422
CelebDFv3,/root/Datasets/CelebDFv3/CelebDFv3/FAKE/FaceReenact/MCNET/id22_id28_0005.mp4,FaceReenact/MCNET,id22,id28,0,3.193588972091675,-3.193588972091675,0.0,30.823097229003906,30.0,0.0,0.0,0.0159759484231472,0.012881883420050144,0.011514203622937202,0.011514203622937202
CelebDFv3,/root/Datasets/CelebDFv3/CelebDFv3/FAKE/FaceReenact/TPSMM/id23_id26_0000.mp4,FaceReenact/TPSMM,id23,id26,0,2.6272659301757812,-2.6272659301757812,0.0,26.358034133911133,30.0,0.0,0.0,0.006903261877596378,0.0030602433253079653,0.004545542411506176,0.004545542411506176
CelebDFv3,/root/Datasets/CelebDFv3/CelebDFv3/FAKE/FaceSwap/BlendFace/id25_id20_0005.mp4,FaceSwap/BlendFace,id25,id20,0,2.5234034061431885,-2.5234034061431885,0.0,21.884685516357422,30.0,0.0,0.0,0.020330850034952164,0.004712365567684174,0.0067914072424173355,0.010078449733555317
CelebDFv3,/root/Datasets/CelebDFv3/CelebDFv3/FAKE/FaceSwap/Celeb-DF-v2/id8_id6_0008.mp4,FaceSwap/Celeb-DF-v2,id8,id6,0,-0.745398998260498,0.745398998260498,0.0,27.86334228515625,30.0,0.0,0.0,0.0057205394841730595,0.006202577613294125,0.0010318864369764924,0.0019482015632092953
CelebDFv3,/root/Datasets/CelebDFv3/CelebDFv3/FAKE/FaceSwap/GHOST/id31_id34_0004.mp4,FaceSwap/GHOST,id31,id34,0,0.301270067691803,-0.301270067691803,0.0,25.526872634887695,30.0,0.0,0.0,0.00987814087420702,0.004130132030695677,0.002648415509611368,0.0047693923115730286
CelebDFv3,/root/Datasets/CelebDFv3/CelebDFv3/FAKE/FaceSwap/HifiFace/id56_id57_0009.mp4,FaceSwap/HifiFace,id56,id57,0,0.625941276550293,-0.625941276550293,0.0,32.83644485473633,30.0,0.0,0.0,0.016295474022626877,0.00273592839948833,0.002492061350494623,0.004462770652025938
CelebDFv3,/root/Datasets/CelebDFv3/CelebDFv3/FAKE/FaceSwap/InSwapper/id23_id31_0002.mp4,FaceSwap/InSwapper,id23,id31,0,0.8107147216796875,-0.8107147216796875,0.0,25.74510955810547,30.0,0.0,0.0,0.02031676657497883,0.019913610070943832,0.006206869147717953,0.01103153731673956
CelebDFv3,/root/Datasets/CelebDFv3/CelebDFv3/FAKE/FaceSwap/MobileFaceSwap/id31_id37_0005.mp4,FaceSwap/MobileFaceSwap,id31,id37,0,0.7220514416694641,-0.7220514416694641,0.0,30.943843841552734,30.0,0.0,0.0,0.007739164400845766,0.006956287194043398,0.0020588163752108812,0.0037076142616569996
CelebDFv3,/root/Datasets/CelebDFv3/CelebDFv3/FAKE/FaceSwap/SimSwap/id54_id52_0006.mp4,FaceSwap/SimSwap,id54,id52,0,-1.323868989944458,1.323868989944458,0.0,38.892086029052734,30.0,0.0,0.0,0.006199873983860016,0.01017945446074009,0.00442203413695097,0.007918955758213997
CelebDFv3,/root/Datasets/CelebDFv3/CelebDFv3/FAKE/FaceSwap/UniFace/id25_id19_0007.mp4,FaceSwap/UniFace,id25,id19,0,-0.15482275187969208,0.15482275187969208,0.0,54.9273567199707,30.0,0.0,0.0,0.013124906457960606,0.007817148230969906,0.004309310577809811,0.0057917130179703236
CelebDFv3,/root/Datasets/CelebDFv3/CelebDFv3/FAKE/TalkingFace/AniTalker/id22_0005_test_id02465_mzyWUVgjQn0.mp4,TalkingFace/AniTalker,id22,,0,0.9480816125869751,-0.9480816125869751,0.0,35.63329315185547,25.0,0.0,0.0,0.005706789903342724,0.005009309388697147,0.003494853153824806,0.003494853153824806
CelebDFv3,/root/Datasets/CelebDFv3/CelebDFv3/FAKE/TalkingFace/EDTalk/id48_0001_test_id02057_wZC3dqygHUE.mp4,TalkingFace/EDTalk,id48,,0,4.535870552062988,-4.535870552062988,0.0,21.656280517578125,25.0,0.0,0.0,0.012660032138228416,0.01214643195271492,0.004577997140586376,0.004577997140586376
CelebDFv3,/root/Datasets/CelebDFv3/CelebDFv3/FAKE/TalkingFace/EchoMimic/id26_0001_test_id03524_T8R_BWJi2KI.mp4,TalkingFace/EchoMimic,id26,,0,-1.5924818515777588,1.5924818515777588,0.0,71.72545623779297,24.0,0.0,0.0,0.002878542523831129,0.011148504912853241,0.006317978259176016,0.006317978259176016
CelebDFv3,/root/Datasets/CelebDFv3/CelebDFv3/FAKE/TalkingFace/FLOAT/id23_0005_test_id06310_MNZMZ6ChMZQ.mp4,TalkingFace/FLOAT,id23,,0,3.0376994609832764,-3.0376994609832764,0.0,25.324310302734375,25.0,0.0,0.0,0.010184063576161861,0.009857851080596447,0.006074343807995319,0.006074343807995319
CelebDFv3,/root/Datasets/CelebDFv3/CelebDFv3/FAKE/TalkingFace/IP_LAP/id22_0006_test_id02317_V1il-79GsT4.mp4,TalkingFace/IP_LAP,id22,,0,4.654329299926758,-4.654329299926758,0.0,31.889678955078125,25.0,0.0,0.0,0.0202209260314703,0.008622727356851101,0.005902949254959822,0.005902949254959822
CelebDFv3,/root/Datasets/CelebDFv3/CelebDFv3/FAKE/TalkingFace/Real3DPortrait/id54_0006_test_id01228_JML4qGlGgJQ.mp4,TalkingFace/Real3DPortrait,id54,,0,-0.562364935874939,0.562364935874939,0.0,40.88688659667969,25.0,0.0,0.0,0.014704863540828228,0.006735004018992186,0.011167950928211212,0.011167950928211212
CelebDFv3,/root/Datasets/CelebDFv3/CelebDFv3/FAKE/TalkingFace/SadTalker/id51_0004_test_id03347__NVxlFSjV0I.mp4,TalkingFace/SadTalker,id51,,0,-2.6595187187194824,2.6595187187194824,0.0,31.937740325927734,25.0,1.0,1.0,0.0,0.0,0.0,0.0
CelebDFv3,/root/Datasets/CelebDFv3/CelebDFv3/FAKE/FaceReenact/DaGAN/id22_id28_0005.mp4,FaceReenact/DaGAN,id22,id28,0,2.8384335041046143,-2.8384335041046143,0.0,30.99017333984375,30.0,0.0,0.0,0.016511209309101105,0.012079467996954918,0.01174587570130825,0.01174587570130825
CelebDFv3,/root/Datasets/CelebDFv3/CelebDFv3/FAKE/FaceReenact/FSRT/id31_id33_0006.mp4,FaceReenact/FSRT,id31,id33,0,2.3878672122955322,-2.3878672122955322,0.0,23.72977638244629,20.0,1.0,0.09375,0.04159266874194145,0.017574315890669823,0.01421463955193758,0.01421463955193758
CelebDFv3,/root/Datasets/CelebDFv3/CelebDFv3/FAKE/FaceReenact/HyperReenact/id56_id50_0005.mp4,FaceReenact/HyperReenact,id56,id50,0,0.21763409674167633,-0.21763409674167633,0.0,23.732051849365234,25.0,0.0,0.0,0.0213409923017025,0.004797160159796476,0.013075928203761578,0.013075928203761578
CelebDFv3,/root/Datasets/CelebDFv3/CelebDFv3/FAKE/FaceReenact/LIA/id23_id1_0003.mp4,FaceReenact/LIA,id23,id1,0,3.7778689861297607,-3.7778689861297607,0.0,26.76517677307129,30.0,0.0,0.0,0.029952868819236755,0.006162321660667658,0.010186893865466118,0.010186893865466118
CelebDFv3,/root/Datasets/CelebDFv3/CelebDFv3/FAKE/FaceReenact/LivePortrait/id48_id40_0007.mp4,FaceReenact/LivePortrait,id48,id40,0,0.7733245491981506,-0.7733245491981506,0.0,34.31116485595703,30.0,0.0,0.0,0.0019898114260286093,0.003408170538023114,0.0020621889270842075,0.0027055919636040926
CelebDFv3,/root/Datasets/CelebDFv3/CelebDFv3/FAKE/FaceReenact/MCNET/id56_id52_0008.mp4,FaceReenact/MCNET,id56,id52,0,2.015104293823242,-2.015104293823242,0.0,22.52406883239746,30.0,0.0,0.0,0.009372859261929989,0.0066190618090331554,0.007746129296720028,0.007746129296720028
CelebDFv3,/root/Datasets/CelebDFv3/CelebDFv3/FAKE/FaceReenact/TPSMM/id56_id58_0002.mp4,FaceReenact/TPSMM,id56,id58,0,3.1335835456848145,-3.1335835456848145,0.0,25.057857513427734,30.0,0.0,0.0,0.018568815663456917,0.017299190163612366,0.005752474069595337,0.005752474069595337
CelebDFv3,/root/Datasets/CelebDFv3/CelebDFv3/FAKE/FaceSwap/BlendFace/id23_id22_0000.mp4,FaceSwap/BlendFace,id23,id22,0,4.914087772369385,-4.914087772369385,0.0,25.305828094482422,30.0,0.0,0.0,0.0033223098143935204,0.0029553002677857876,0.002323607914149761,0.0041297744028270245
CelebDFv3,/root/Datasets/CelebDFv3/CelebDFv3/FAKE/FaceSwap/Celeb-DF-v2/id51_id57_0001.mp4,FaceSwap/Celeb-DF-v2,id51,id57,0,-1.877526044845581,1.877526044845581,0.0,65.65692138671875,30.0,1.0,0.03125,0.0062437113374471664,0.0074519990012049675,0.00560557097196579,0.010038427077233791
CelebDFv3,/root/Datasets/CelebDFv3/CelebDFv3/FAKE/FaceSwap/GHOST/id48_id39_0002.mp4,FaceSwap/GHOST,id48,id39,0,1.3462109565734863,-1.3462109565734863,0.0,29.993566513061523,30.0,0.0,0.0,0.0038642771542072296,0.005046347621828318,0.0015007049078121781,0.00267983041703701
CelebDFv3,/root/Datasets/CelebDFv3/CelebDFv3/FAKE/FaceSwap/HifiFace/id8_id9_0003.mp4,FaceSwap/HifiFace,id8,id9,0,0.05452558398246765,-0.05452558398246765,0.0,37.520870208740234,30.0,0.0,0.0,0.0037060247268527746,0.014859642833471298,0.0025075399316847324,0.00472420547157526
CelebDFv3,/root/Datasets/CelebDFv3/CelebDFv3/FAKE/FaceSwap/InSwapper/id54_id50_0004.mp4,FaceSwap/InSwapper,id54,id50,0,-0.5833390951156616,0.5833390951156616,0.0,56.83251190185547,30.0,0.0,0.0,0.0026479284279048443,0.020642299205064774,0.011131525039672852,0.0199342779815197
CelebDFv3,/root/Datasets/CelebDFv3/CelebDFv3/FAKE/FaceSwap/MobileFaceSwap/id23_id0_0006.mp4,FaceSwap/MobileFaceSwap,id23,id0,0,1.3189423084259033,-1.3189423084259033,0.0,16.248098373413086,30.0,0.0,0.0,0.010636851191520691,0.0060678450390696526,0.0032843980006873608,0.0043518273159861565
CelebDFv3,/root/Datasets/CelebDFv3/CelebDFv3/FAKE/FaceSwap/SimSwap/id51_id49_0005.mp4,FaceSwap/SimSwap,id51,id49,0,0.11887247860431671,-0.11887247860431671,0.0,32.27436447143555,30.0,0.0,0.0,0.01572120189666748,0.034859444946050644,0.008516560308635235,0.015251412987709045
CelebDFv3,/root/Datasets/CelebDFv3/CelebDFv3/FAKE/FaceSwap/UniFace/id11_id7_0008.mp4,FaceSwap/UniFace,id11,id7,0,3.4855782985687256,-3.4855782985687256,0.0,19.408769607543945,30.0,0.0,0.0,0.014520509168505669,0.0749252587556839,0.039430826902389526,0.07491856813430786
CelebDFv3,/root/Datasets/CelebDFv3/CelebDFv3/FAKE/TalkingFace/AniTalker/id8_0005_test_id03978_ywSqMWAhPPY.mp4,TalkingFace/AniTalker,id8,,0,-1.4773136377334595,1.4773136377334595,0.0,32.2922477722168,25.0,0.0,0.0,0.013557094149291515,0.00778448861092329,0.006308284122496843,0.006308284122496843
CelebDFv3,/root/Datasets/CelebDFv3/CelebDFv3/FAKE/TalkingFace/EDTalk/id51_0001_test_id00812_Ypl15Alz_-I.mp4,TalkingFace/EDTalk,id51,,0,-0.8866289854049683,0.8866289854049683,0.0,35.95379638671875,25.0,0.0,0.0,0.014546280726790428,0.013217875733971596,0.006196628324687481,0.006196628324687481
CelebDFv3,/root/Datasets/CelebDFv3/CelebDFv3/FAKE/TalkingFace/EchoMimic/id56_0006_test_id07494_HxLolmovgAs.mp4,TalkingFace/EchoMimic,id56,,0,1.466332197189331,-1.466332197189331,0.0,36.52994155883789,24.0,0.0,0.0,0.009751193225383759,0.006540303584188223,0.005568553693592548,0.005568553693592548
CelebDFv3,/root/Datasets/CelebDFv3/CelebDFv3/FAKE/TalkingFace/FLOAT/id59_0005_test_id04295_4SPw-Qb6qH4.mp4,TalkingFace/FLOAT,id59,,0,0.898354172706604,-0.898354172706604,0.0,23.41791343688965,25.0,0.0,0.0,0.015125312842428684,0.006046871189028025,0.005896140821278095,0.005896140821278095
CelebDFv3,/root/Datasets/CelebDFv3/CelebDFv3/FAKE/TalkingFace/IP_LAP/id31_0008_test_id08374_8V4tFXw2UxY.mp4,TalkingFace/IP_LAP,id31,,0,2.633429527282715,-2.633429527282715,0.0,30.532121658325195,25.0,0.0,0.0,0.0125404829159379,0.015221280045807362,0.01944916509091854,0.01944916509091854
CelebDFv3,/root/Datasets/CelebDFv3/CelebDFv3/FAKE/TalkingFace/Real3DPortrait/id25_0007_test_id00812_uCF5yBvYa9k.mp4,TalkingFace/Real3DPortrait,id25,,0,6.515039443969727,-6.515039443969727,0.0,55.14212417602539,25.0,0.0,0.0,0.014578092843294144,0.0075403545051813126,0.011550196446478367,0.011550196446478367
CelebDFv3,/root/Datasets/CelebDFv3/CelebDFv3/FAKE/TalkingFace/SadTalker/id48_0007_test_id07961_464OHFffwjI.mp4,TalkingFace/SadTalker,id48,,0,1.213335394859314,-1.213335394859314,0.0,34.935794830322266,25.0,0.0,0.0,0.003191551426425576,0.011761795729398727,0.006320990156382322,0.006320990156382322
CelebDFv3,/root/Datasets/CelebDFv3/CelebDFv3/FAKE/FaceReenact/DaGAN/id56_id58_0002.mp4,FaceReenact/DaGAN,id56,id58,0,2.902789354324341,-2.902789354324341,0.0,25.347810745239258,30.0,0.0,0.0,0.020678434520959854,0.01647237129509449,0.006464976817369461,0.006464976817369461
CelebDFv3,/root/Datasets/CelebDFv3/CelebDFv3/FAKE/FaceReenact/FSRT/id23_id34_0009.mp4,FaceReenact/FSRT,id23,id34,0,3.0002331733703613,-3.0002331733703613,0.0,18.45509910583496,20.0,1.0,0.1875,0.04991709440946579,0.021756676957011223,0.026113199070096016,0.026113199070096016
CelebDFv3,/root/Datasets/CelebDFv3/CelebDFv3/FAKE/FaceReenact/HyperReenact/id25_id21_0008.mp4,FaceReenact/HyperReenact,id25,id21,0,1.3721773624420166,-1.3721773624420166,0.0,23.992956161499023,25.0,0.0,0.0,0.01238186564296484,0.005453962832689285,0.008354034274816513,0.008354034274816513
CelebDFv3,/root/Datasets/CelebDFv3/CelebDFv3/FAKE/FaceReenact/LIA/id48_id45_0003.mp4,FaceReenact/LIA,id48,id45,0,-0.9901355504989624,0.9901355504989624,0.0,33.619483947753906,30.0,0.0,0.0,0.008802585303783417,0.006084874272346497,0.004667715169489384,0.004667715169489384
CelebDFv3,/root/Datasets/CelebDFv3/CelebDFv3/FAKE/FaceReenact/LivePortrait/id23_id2_0005.mp4,FaceReenact/LivePortrait,id23,id2,0,2.8981876373291016,-2.8981876373291016,0.0,26.581090927124023,30.0,0.0,0.0,0.00408727303147316,0.007955149747431278,0.0033355606719851494,0.006827825680375099
CelebDFv3,/root/Datasets/CelebDFv3/CelebDFv3/FAKE/FaceReenact/MCNET/id51_id57_0007.mp4,FaceReenact/MCNET,id51,id57,0,-1.706408143043518,1.706408143043518,0.0,32.65439224243164,30.0,0.0,0.0,0.008546878583729267,0.009244916960597038,0.0059464555233716965,0.0059464555233716965
CelebDFv3,/root/Datasets/CelebDFv3/CelebDFv3/FAKE/FaceReenact/TPSMM/id51_id55_0004.mp4,FaceReenact/TPSMM,id51,id55,0,2.1131041049957275,-2.1131041049957275,0.0,20.59164047241211,30.0,1.0,0.15625,0.021881017833948135,0.02741136960685253,0.025247350335121155,0.025247350335121155
CelebDFv3,/root/Datasets/CelebDFv3/CelebDFv3/FAKE/FaceSwap/BlendFace/id51_id53_0008.mp4,FaceSwap/BlendFace,id51,id53,0,1.8897968530654907,-1.8897968530654907,0.0,25.143291473388672,30.0,0.0,0.0,0.006755248177796602,0.017252327874302864,0.007195760030299425,0.012886128388345242
CelebDFv3,/root/Datasets/CelebDFv3/CelebDFv3/FAKE/FaceSwap/Celeb-DF-v2/id22_id28_0006.mp4,FaceSwap/Celeb-DF-v2,id22,id28,0,3.61698055267334,-3.61698055267334,0.0,32.863033294677734,30.0,0.0,0.0,0.006916944868862629,0.003914719447493553,0.001681112451478839,0.002987859770655632
CelebDFv3,/root/Datasets/CelebDFv3/CelebDFv3/FAKE/FaceSwap/GHOST/id22_id28_0009.mp4,FaceSwap/GHOST,id22,id28,0,-1.2266342639923096,1.2266342639923096,0.0,27.589038848876953,30.0,1.0,0.171875,0.018847191706299782,0.014175951480865479,0.0031353908125311136,0.005572563968598843
CelebDFv3,/root/Datasets/CelebDFv3/CelebDFv3/FAKE/FaceSwap/HifiFace/id31_id23_0000.mp4,FaceSwap/HifiFace,id31,id23,0,-0.9271344542503357,0.9271344542503357,0.0,23.952945709228516,30.0,0.0,0.0,0.005435907281935215,0.007712484337389469,0.00368919363245368,0.006643675267696381
CelebDFv3,/root/Datasets/CelebDFv3/CelebDFv3/FAKE/FaceSwap/InSwapper/id23_id38_0001.mp4,FaceSwap/InSwapper,id23,id38,0,3.3871991634368896,-3.3871991634368896,0.0,31.446849822998047,30.0,0.0,0.0,0.005134411621838808,0.013642695732414722,0.01140546053647995,0.020271051675081253
CelebDFv3,/root/Datasets/CelebDFv3/CelebDFv3/FAKE/FaceSwap/MobileFaceSwap/id51_id49_0005.mp4,FaceSwap/MobileFaceSwap,id51,id49,0,-0.05544675886631012,0.05544675886631012,0.0,34.9777946472168,30.0,0.0,0.0,0.014752812683582306,0.03284037113189697,0.0031774668022990227,0.0056901914067566395
CelebDFv3,/root/Datasets/CelebDFv3/CelebDFv3/FAKE/FaceSwap/SimSwap/id23_id3_0002.mp4,FaceSwap/SimSwap,id23,id3,0,1.8334524631500244,-1.8334524631500244,0.0,24.146257400512695,30.0,0.0,0.0,0.02230878174304962,0.019440623000264168,0.0066289277747273445,0.011781665496528149
CelebDFv3,/root/Datasets/CelebDFv3/CelebDFv3/FAKE/FaceSwap/UniFace/id8_id3_0008.mp4,FaceSwap/UniFace,id8,id3,0,1.0803000926971436,-1.0803000926971436,0.0,29.072994232177734,30.0,0.0,0.0,0.006008464843034744,0.006701392121613026,0.000996590475551784,0.0018775765784084797
CelebDFv3,/root/Datasets/CelebDFv3/CelebDFv3/FAKE/TalkingFace/AniTalker/id51_0006_test_id01892_aYQNf2Z8dGI.mp4,TalkingFace/AniTalker,id51,,0,1.158334732055664,-1.158334732055664,0.0,33.051212310791016,25.0,0.0,0.0,0.010170331224799156,0.004760249983519316,0.00906287133693695,0.00906287133693695
CelebDFv3,/root/Datasets/CelebDFv3/CelebDFv3/FAKE/TalkingFace/EDTalk/id56_0006_test_id07494_HxLolmovgAs.mp4,TalkingFace/EDTalk,id56,,0,2.7801520824432373,-2.7801520824432373,0.0,34.08329391479492,25.0,0.0,0.0,0.012942496687173843,0.014970687218010426,0.006757489405572414,0.006757489405572414
CelebDFv3,/root/Datasets/CelebDFv3/CelebDFv3/FAKE/TalkingFace/EchoMimic/id25_0001_test_id02576_5dQTvY26piw.mp4,TalkingFace/EchoMimic,id25,,0,1.5944312810897827,-1.5944312810897827,0.0,31.26427459716797,24.0,0.0,0.0,0.012032941915094852,0.009626749902963638,0.00952030997723341,0.00952030997723341
CelebDFv3,/root/Datasets/CelebDFv3/CelebDFv3/FAKE/TalkingFace/FLOAT/id26_0003_test_id05015_dlb6GaUPRuk.mp4,TalkingFace/FLOAT,id26,,0,-8.450139999389648,8.450139999389648,0.0,100.87992858886719,25.0,0.0,0.0,0.014056751504540443,0.006255892105400562,0.007143612485378981,0.007143612485378981
CelebDFv3,/root/Datasets/CelebDFv3/CelebDFv3/FAKE/TalkingFace/IP_LAP/id25_0009_test_id03980_Ze_9iDKT9ZI.mp4,TalkingFace/IP_LAP,id25,,0,1.7278847694396973,-1.7278847694396973,0.0,22.525392532348633,25.0,0.0,0.0,0.012338794767856598,0.010189522057771683,0.009835241362452507,0.009835241362452507
CelebDFv3,/root/Datasets/CelebDFv3/CelebDFv3/FAKE/TalkingFace/Real3DPortrait/id25_0009_test_id03980_Ze_9iDKT9ZI.mp4,TalkingFace/Real3DPortrait,id25,,0,3.7378430366516113,-3.7378430366516113,0.0,22.562931060791016,25.0,0.0,0.0,0.013383561745285988,0.0050732786767184734,0.0046929651871323586,0.0046929651871323586
CelebDFv3,/root/Datasets/CelebDFv3/CelebDFv3/FAKE/TalkingFace/SadTalker/id59_0006_test_id06913_CFoP6f5lk7M.mp4,TalkingFace/SadTalker,id59,,0,1.1981115341186523,-1.1981115341186523,0.0,26.01533317565918,25.0,0.0,0.0,0.002092611277475953,0.00993721280246973,0.005456141661852598,0.005456141661852598
CelebDFv3,/root/Datasets/CelebDFv3/CelebDFv3/FAKE/FaceReenact/DaGAN/id23_id22_0000.mp4,FaceReenact/DaGAN,id23,id22,0,2.200770854949951,-2.200770854949951,0.0,26.30122184753418,30.0,0.0,0.0,0.016771486029028893,0.006706240586936474,0.008447626605629921,0.008447626605629921
CelebDFv3,/root/Datasets/CelebDFv3/CelebDFv3/FAKE/FaceReenact/FSRT/id26_id22_0003.mp4,FaceReenact/FSRT,id26,id22,0,-5.999948501586914,5.999948501586914,0.0,90.40390014648438,20.0,1.0,0.03125,0.024668125435709953,0.013505291193723679,0.010120888240635395,0.010120888240635395
CelebDFv3,/root/Datasets/CelebDFv3/CelebDFv3/FAKE/FaceReenact/HyperReenact/id23_id20_0002.mp4,FaceReenact/HyperReenact,id23,id20,0,4.353663444519043,-4.353663444519043,0.0,23.50522232055664,25.0,0.0,0.0,0.019466152414679527,0.0061319926753640175,0.010473783127963543,0.010473783127963543
CelebDFv3,/root/Datasets/CelebDFv3/CelebDFv3/FAKE/FaceReenact/LIA/id51_id49_0004.mp4,FaceReenact/LIA,id51,id49,0,-0.6397087574005127,0.6397087574005127,0.0,19.564441680908203,30.0,1.0,0.6875,0.014110716991126537,0.009000023826956749,0.014405973255634308,0.014405973255634308
CelebDFv3,/root/Datasets/CelebDFv3/CelebDFv3/FAKE/FaceReenact/LivePortrait/id48_id44_0003.mp4,FaceReenact/LivePortrait,id48,id44,0,2.7583184242248535,-2.7583184242248535,0.0,32.664405822753906,30.0,0.0,0.0,0.006188930012285709,0.020718511193990707,0.006905630696564913,0.012331482954323292
CelebDFv3,/root/Datasets/CelebDFv3/CelebDFv3/FAKE/FaceReenact/MCNET/id23_id20_0007.mp4,FaceReenact/MCNET,id23,id20,0,2.1418099403381348,-2.1418099403381348,0.0,29.369186401367188,30.0,0.0,0.0,0.03431953489780426,0.011722231283783913,0.009693371132016182,0.009693371132016182
CelebDFv3,/root/Datasets/CelebDFv3/CelebDFv3/FAKE/FaceReenact/TPSMM/id23_id32_0009.mp4,FaceReenact/TPSMM,id23,id32,0,4.0162458419799805,-4.0162458419799805,0.0,22.596782684326172,30.0,0.0,0.0,0.009517703205347061,0.003031828673556447,0.008723163977265358,0.008723163977265358
CelebDFv3,/root/Datasets/CelebDFv3/CelebDFv3/FAKE/FaceSwap/BlendFace/id26_id17_0004.mp4,FaceSwap/BlendFace,id26,id17,0,0.6766653060913086,-0.6766653060913086,0.0,26.873153686523438,30.0,0.0,0.0,0.006149390712380409,0.01396651566028595,0.004402739927172661,0.007910007610917091
CelebDFv3,/root/Datasets/CelebDFv3/CelebDFv3/FAKE/FaceSwap/Celeb-DF-v2/id26_id9_0006.mp4,FaceSwap/Celeb-DF-v2,id26,id9,0,-0.9080688953399658,0.9080688953399658,0.0,68.82144165039062,30.0,1.0,0.015625,0.024173833429813385,0.008398817852139473,0.008284622803330421,0.015085972845554352
CelebDFv3,/root/Datasets/CelebDFv3/CelebDFv3/FAKE/FaceSwap/GHOST/id22_id21_0005.mp4,FaceSwap/GHOST,id22,id21,0,1.4335176944732666,-1.4335176944732666,0.0,35.737152099609375,30.0,0.0,0.0,0.0047050174325704575,0.0033884025178849697,0.0019900831393897533,0.003536996664479375
CelebDFv3,/root/Datasets/CelebDFv3/CelebDFv3/FAKE/FaceSwap/HifiFace/id48_id42_0004.mp4,FaceSwap/HifiFace,id48,id42,0,2.4681015014648438,-2.4681015014648438,0.0,33.86116027832031,30.0,0.0,0.0,0.004456884693354368,0.0033068712800741196,0.0036096503026783466,0.006445804610848427
CelebDFv3,/root/Datasets/CelebDFv3/CelebDFv3/FAKE/FaceSwap/InSwapper/id56_id55_0001.mp4,FaceSwap/InSwapper,id56,id55,0,0.7249327898025513,-0.7249327898025513,0.0,25.314998626708984,30.0,0.0,0.0,0.003999487962573767,0.008131303824484348,0.0038413223810493946,0.006879020482301712
CelebDFv3,/root/Datasets/CelebDFv3/CelebDFv3/FAKE/FaceSwap/MobileFaceSwap/id26_id34_0006.mp4,FaceSwap/MobileFaceSwap,id26,id34,0,-0.2770792841911316,0.2770792841911316,0.0,67.72306823730469,30.0,0.0,0.0,0.024534212425351143,0.010344604030251503,0.009985641576349735,0.01818346232175827
CelebDFv3,/root/Datasets/CelebDFv3/CelebDFv3/FAKE/FaceSwap/SimSwap/id56_id55_0008.mp4,FaceSwap/SimSwap,id56,id55,0,1.600820779800415,-1.600820779800415,0.0,21.154441833496094,30.0,1.0,0.015625,0.007568002678453922,0.004896653816103935,0.003515479853376746,0.006295503582805395
CelebDFv3,/root/Datasets/CelebDFv3/CelebDFv3/FAKE/FaceSwap/UniFace/id26_id30_0000.mp4,FaceSwap/UniFace,id26,id30,0,0.6830347180366516,-0.6830347180366516,0.0,37.1522216796875,30.0,0.0,0.0,0.0023599443957209587,0.0021937889978289604,0.002392343943938613,0.00429810956120491
CelebDFv3,/root/Datasets/CelebDFv3/CelebDFv3/FAKE/TalkingFace/AniTalker/id51_0009_test_id01333_vWcj1WDDeL8.mp4,TalkingFace/AniTalker,id51,,0,-0.3870677053928375,0.3870677053928375,0.0,25.364839553833008,25.0,0.0,0.0,0.006591545417904854,0.005455409176647663,0.007698676083236933,0.007698676083236933
CelebDFv3,/root/Datasets/CelebDFv3/CelebDFv3/FAKE/TalkingFace/EDTalk/id51_0004_test_id04253_goriueKsSfQ.mp4,TalkingFace/EDTalk,id51,,0,2.4174580574035645,-2.4174580574035645,0.0,21.670658111572266,25.0,0.0,0.0,0.015315622091293335,0.012469416484236717,0.007584606297314167,0.007584606297314167
CelebDFv3,/root/Datasets/CelebDFv3/CelebDFv3/FAKE/TalkingFace/EchoMimic/id11_0006_test_id04862_i6aGUMQW5jA.mp4,TalkingFace/EchoMimic,id11,,0,-0.6819899678230286,0.6819899678230286,0.0,36.76616287231445,24.0,0.0,0.0,0.0061489189974963665,0.007537105120718479,0.005924769211560488,0.005924769211560488
CelebDFv3,/root/Datasets/CelebDFv3/CelebDFv3/FAKE/TalkingFace/FLOAT/id56_0004_test_id04232__k0hgacT2zc.mp4,TalkingFace/FLOAT,id56,,0,2.743424654006958,-2.743424654006958,0.0,25.03506088256836,25.0,0.0,0.0,0.010450756177306175,0.009517486207187176,0.00893222726881504,0.00893222726881504
CelebDFv3,/root/Datasets/CelebDFv3/CelebDFv3/FAKE/TalkingFace/IP_LAP/id25_0007_test_id00812_uCF5yBvYa9k.mp4,TalkingFace/IP_LAP,id25,,0,1.837958574295044,-1.837958574295044,0.0,48.85830307006836,25.0,1.0,0.015625,0.03142756596207619,0.018173806369304657,0.009337990544736385,0.009337990544736385
CelebDFv3,/root/Datasets/CelebDFv3/CelebDFv3/FAKE/TalkingFace/Real3DPortrait/id22_0007_test_id07802_w51pvh-_Tao.mp4,TalkingFace/Real3DPortrait,id22,,0,-6.931777477264404,6.931777477264404,0.0,47.881996154785156,25.0,0.0,0.0,0.017080094665288925,0.006376316305249929,0.007712078280746937,0.007712078280746937
CelebDFv3,/root/Datasets/CelebDFv3/CelebDFv3/FAKE/TalkingFace/SadTalker/id26_0004_test_id02317_ElfR3P4Rrmk.mp4,TalkingFace/SadTalker,id26,,0,0.6138577461242676,-0.6138577461242676,0.0,27.564664840698242,25.0,0.0,0.0,0.005566278472542763,0.010941415093839169,0.005448061972856522,0.005448061972856522
CelebDFv3,/root/Datasets/CelebDFv3/CelebDFv3/FAKE/FaceReenact/DaGAN/id48_id45_0005.mp4,FaceReenact/DaGAN,id48,id45,0,4.346282958984375,-4.346282958984375,0.0,31.562694549560547,30.0,0.0,0.0,0.015479465946555138,0.008395107463002205,0.0074038454331457615,0.0074038454331457615
CelebDFv3,/root/Datasets/CelebDFv3/CelebDFv3/FAKE/FaceReenact/FSRT/id23_id19_0009.mp4,FaceReenact/FSRT,id23,id19,0,4.098779678344727,-4.098779678344727,0.0,21.02018165588379,20.0,1.0,0.0625,0.014084677211940289,0.007177583407610655,0.005121516529470682,0.005121516529470682
CelebDFv3,/root/Datasets/CelebDFv3/CelebDFv3/FAKE/FaceReenact/HyperReenact/id23_id30_0006.mp4,FaceReenact/HyperReenact,id23,id30,0,3.9248111248016357,-3.9248111248016357,0.0,22.364986419677734,25.0,1.0,0.015625,0.009046188555657864,0.007996679283678532,0.008755109272897243,0.008755109272897243
CelebDFv3,/root/Datasets/CelebDFv3/CelebDFv3/FAKE/FaceReenact/LIA/id48_id44_0000.mp4,FaceReenact/LIA,id48,id44,0,3.764110565185547,-3.764110565185547,0.0,24.215612411499023,30.0,0.0,0.0,0.01266269851475954,0.02493845298886299,0.012964577414095402,0.012964577414095402
CelebDFv3,/root/Datasets/CelebDFv3/CelebDFv3/FAKE/FaceReenact/LivePortrait/id56_id57_0009.mp4,FaceReenact/LivePortrait,id56,id57,0,-1.4307947158813477,1.4307947158813477,0.0,32.50893020629883,29.0,1.0,0.015625,0.015899978578090668,0.012593834660947323,0.009635898284614086,0.01725591905415058
CelebDFv3,/root/Datasets/CelebDFv3/CelebDFv3/FAKE/FaceReenact/MCNET/id23_id24_0009.mp4,FaceReenact/MCNET,id23,id24,0,4.173205375671387,-4.173205375671387,0.0,21.15923500061035,30.0,0.0,0.0,0.014509540982544422,0.009485892951488495,0.0077985553070902824,0.0077985553070902824
CelebDFv3,/root/Datasets/CelebDFv3/CelebDFv3/FAKE/FaceReenact/TPSMM/id48_id45_0005.mp4,FaceReenact/TPSMM,id48,id45,0,3.865227460861206,-3.865227460861206,0.0,30.463163375854492,30.0,0.0,0.0,0.01570512354373932,0.008839784190058708,0.007250380702316761,0.007250380702316761
CelebDFv3,/root/Datasets/CelebDFv3/CelebDFv3/FAKE/FaceSwap/BlendFace/id23_id3_0006.mp4,FaceSwap/BlendFace,id23,id3,0,1.706575870513916,-1.706575870513916,0.0,18.176286697387695,30.0,0.0,0.0,0.01048377063125372,0.006156754679977894,0.004191726446151733,0.005554037168622017
CelebDFv3,/root/Datasets/CelebDFv3/CelebDFv3/FAKE/FaceSwap/Celeb-DF-v2/id22_id26_0001.mp4,FaceSwap/Celeb-DF-v2,id22,id26,0,0.4782918095588684,-0.4782918095588684,0.0,22.776748657226562,30.0,0.0,0.0,0.014999577775597572,0.02782946638762951,0.017541909590363503,0.031177429482340813
CelebDFv3,/root/Datasets/CelebDFv3/CelebDFv3/FAKE/FaceSwap/GHOST/id22_id26_0005.mp4,FaceSwap/GHOST,id22,id26,0,1.3702123165130615,-1.3702123165130615,0.0,36.82438278198242,30.0,0.0,0.0,0.00450165243819356,0.003097381442785263,0.0017927702283486724,0.0031863106414675713
CelebDFv3,/root/Datasets/CelebDFv3/CelebDFv3/FAKE/FaceSwap/HifiFace/id22_id27_0005.mp4,FaceSwap/HifiFace,id22,id27,0,1.813981533050537,-1.813981533050537,0.0,34.647640228271484,30.0,0.0,0.0,0.004842010326683521,0.00312798167578876,0.001836082898080349,0.003263290273025632
CelebDFv3,/root/Datasets/CelebDFv3/CelebDFv3/FAKE/FaceSwap/InSwapper/id31_id9_0005.mp4,FaceSwap/InSwapper,id31,id9,0,-0.5942615866661072,0.5942615866661072,0.0,42.48188400268555,30.0,0.0,0.0,0.007790045812726021,0.007412053644657135,0.00274383882060647,0.004941235296428204
CelebDFv3,/root/Datasets/CelebDFv3/CelebDFv3/FAKE/FaceSwap/MobileFaceSwap/id23_id9_0000.mp4,FaceSwap/MobileFaceSwap,id23,id9,0,2.7925000190734863,-2.7925000190734863,0.0,25.58876609802246,30.0,0.0,0.0,0.0031012576073408127,0.00290543120354414,0.0016725362511351705,0.0029726168140769005
CelebDFv3,/root/Datasets/CelebDFv3/CelebDFv3/FAKE/FaceSwap/SimSwap/id51_id58_0008.mp4,FaceSwap/SimSwap,id51,id58,0,2.203674554824829,-2.203674554824829,0.0,23.65754508972168,30.0,0.0,0.0,0.006427881773561239,0.01609688065946102,0.004804018884897232,0.00860301312059164
CelebDFv3,/root/Datasets/CelebDFv3/CelebDFv3/FAKE/FaceSwap/UniFace/id51_id54_0002.mp4,FaceSwap/UniFace,id51,id54,0,0.9949666857719421,-0.9949666857719421,0.0,20.342456817626953,30.0,0.0,0.0,0.007890758104622364,0.010912483558058739,0.005107405595481396,0.009146315976977348
CelebDFv3,/root/Datasets/CelebDFv3/CelebDFv3/FAKE/TalkingFace/AniTalker/id59_0006_test_id08701_yty4X4F1mQY.mp4,TalkingFace/AniTalker,id59,,0,0.9157708883285522,-0.9157708883285522,0.0,25.125274658203125,25.0,0.0,0.0,0.00864168256521225,0.00941938441246748,0.0067998915910720825,0.0067998915910720825
CelebDFv3,/root/Datasets/CelebDFv3/CelebDFv3/FAKE/TalkingFace/EDTalk/id25_0006_test_id07802_MtoFAMWjUxM.mp4,TalkingFace/EDTalk,id25,,0,-2.915767192840576,2.915767192840576,0.0,94.48441314697266,25.0,0.0,0.0,0.012693965807557106,0.014247259125113487,0.005582744721323252,0.005582744721323252
CelebDFv3,/root/Datasets/CelebDFv3/CelebDFv3/FAKE/TalkingFace/EchoMimic/id22_0002_test_id02086_0zkXi4u4Rr0.mp4,TalkingFace/EchoMimic,id22,,0,5.7952775955200195,-5.7952775955200195,0.0,28.46143913269043,24.0,0.0,0.0,0.012050028890371323,0.01107133086770773,0.006293263286352158,0.006293263286352158
CelebDFv3,/root/Datasets/CelebDFv3/CelebDFv3/FAKE/TalkingFace/FLOAT/id54_0007_test_id01333_D9Eylmbz4Ik.mp4,TalkingFace/FLOAT,id54,,0,1.4361209869384766,-1.4361209869384766,0.0,40.63857650756836,25.0,0.0,0.0,0.02095349319279194,0.01990785077214241,0.011063497513532639,0.011063497513532639
CelebDFv3,/root/Datasets/CelebDFv3/CelebDFv3/FAKE/TalkingFace/IP_LAP/id31_0001_test_id09017_fsgr0uLbKVg.mp4,TalkingFace/IP_LAP,id31,,0,0.720589816570282,-0.720589816570282,0.0,24.399198532104492,25.0,0.0,0.0,0.010850023478269577,0.007766771130263805,0.008535731583833694,0.008535731583833694
CelebDFv3,/root/Datasets/CelebDFv3/CelebDFv3/FAKE/TalkingFace/Real3DPortrait/id56_0009_test_id06104_I5L50wxtK8Q.mp4,TalkingFace/Real3DPortrait,id56,,0,-0.6770211458206177,0.6770211458206177,0.0,37.50189208984375,25.0,0.0,0.0,0.014732779003679752,0.007824600674211979,0.010459610261023045,0.010459610261023045
CelebDFv3,/root/Datasets/CelebDFv3/CelebDFv3/FAKE/TalkingFace/SadTalker/id23_0007_test_id01593_xYSFA0pJBl0.mp4,TalkingFace/SadTalker,id23,,0,-4.341113090515137,4.341113090515137,0.0,68.94436645507812,25.0,0.0,0.0,0.0022486650850623846,0.008150671608746052,0.006176344584673643,0.0058130305260419846
CelebDFv3,/root/Datasets/CelebDFv3/CelebDFv3/FAKE/FaceReenact/DaGAN/id31_id17_0005.mp4,FaceReenact/DaGAN,id31,id17,0,-1.7710551023483276,1.7710551023483276,0.0,32.75172424316406,30.0,0.0,0.0,0.018917808309197426,0.017323222011327744,0.010066287592053413,0.010066287592053413
CelebDFv3,/root/Datasets/CelebDFv3/CelebDFv3/FAKE/FaceReenact/FSRT/id26_id30_0004.mp4,FaceReenact/FSRT,id26,id30,0,0.9857221245765686,-0.9857221245765686,0.0,27.574687957763672,20.0,0.0,0.0,0.018234621733427048,0.012446168810129166,0.005167428869754076,0.005167428869754076
CelebDFv3,/root/Datasets/CelebDFv3/CelebDFv3/FAKE/FaceReenact/HyperReenact/id31_id37_0004.mp4,FaceReenact/HyperReenact,id31,id37,0,1.4018359184265137,-1.4018359184265137,0.0,24.534412384033203,25.0,0.0,0.0,0.002956010401248932,0.0019434181740507483,0.00681410264223814,0.00681410264223814
CelebDFv3,/root/Datasets/CelebDFv3/CelebDFv3/FAKE/FaceReenact/LIA/id25_id21_0002.mp4,FaceReenact/LIA,id25,id21,0,2.4680638313293457,-2.4680638313293457,0.0,27.875038146972656,30.0,0.0,0.0,0.011259490624070168,0.024313896894454956,0.01109723187983036,0.01109723187983036
CelebDFv3,/root/Datasets/CelebDFv3/CelebDFv3/FAKE/FaceReenact/LivePortrait/id22_id20_0002.mp4,FaceReenact/LivePortrait,id22,id20,0,2.5084218978881836,-2.5084218978881836,0.0,20.515199661254883,30.0,1.0,0.015625,0.009717650711536407,0.009614754468202591,0.004751994740217924,0.008445771411061287
CelebDFv3,/root/Datasets/CelebDFv3/CelebDFv3/FAKE/FaceReenact/MCNET/id23_id30_0009.mp4,FaceReenact/MCNET,id23,id30,0,4.649156093597412,-4.649156093597412,0.0,24.05185317993164,30.0,0.0,0.0,0.007931486703455448,0.003376774489879608,0.00697306776419282,0.00697306776419282
CelebDFv3,/root/Datasets/CelebDFv3/CelebDFv3/FAKE/FaceReenact/TPSMM/id22_id26_0005.mp4,FaceReenact/TPSMM,id22,id26,0,3.373086929321289,-3.373086929321289,0.0,34.610897064208984,30.0,0.0,0.0,0.004357822239398956,0.0056509096175432205,0.0031419347506016493,0.0031419347506016493
CelebDFv3,/root/Datasets/CelebDFv3/CelebDFv3/FAKE/FaceSwap/BlendFace/id26_id37_0003.mp4,FaceSwap/BlendFace,id26,id37,0,-9.422534942626953,9.422534942626953,0.0,99.80535888671875,30.0,0.0,0.0,0.007875589653849602,0.011815233156085014,0.0037783682346343994,0.006788254715502262
CelebDFv3,/root/Datasets/CelebDFv3/CelebDFv3/FAKE/FaceSwap/Celeb-DF-v2/id54_id49_0009.mp4,FaceSwap/Celeb-DF-v2,id54,id49,0,0.8859330415725708,-0.8859330415725708,0.0,25.49102210998535,30.0,0.0,0.0,0.015307212248444557,0.01855667121708393,0.0035825350787490606,0.006415585987269878
CelebDFv3,/root/Datasets/CelebDFv3/CelebDFv3/FAKE/FaceSwap/GHOST/id26_id28_0002.mp4,FaceSwap/GHOST,id26,id28,0,0.05656754970550537,-0.05656754970550537,0.0,24.917631149291992,30.0,0.0,0.0,0.010523703880608082,0.01698409765958786,0.0037219601217657328,0.006686911918222904
CelebDFv3,/root/Datasets/CelebDFv3/CelebDFv3/FAKE/FaceSwap/HifiFace/id56_id50_0002.mp4,FaceSwap/HifiFace,id56,id50,0,3.1514153480529785,-3.1514153480529785,0.0,35.04384231567383,30.0,0.0,0.0,0.00859246775507927,0.00480232248082757,0.003591998480260372,0.006432532798498869
CelebDFv3,/root/Datasets/CelebDFv3/CelebDFv3/FAKE/FaceSwap/InSwapper/id11_id7_0008.mp4,FaceSwap/InSwapper,id11,id7,0,3.5387089252471924,-3.5387089252471924,0.0,19.264846801757812,30.0,0.0,0.0,0.01479243766516447,0.08203810453414917,0.033179089426994324,0.06304027140140533
CelebDFv3,/root/Datasets/CelebDFv3/CelebDFv3/FAKE/FaceSwap/MobileFaceSwap/id51_id50_0007.mp4,FaceSwap/MobileFaceSwap,id51,id50,0,-1.117581844329834,1.117581844329834,0.0,27.46625328063965,30.0,0.0,0.0,0.0037555634044110775,0.004576835781335831,0.0014611503574997187,0.002616620622575283
CelebDFv3,/root/Datasets/CelebDFv3/CelebDFv3/FAKE/FaceSwap/SimSwap/id23_id2_0005.mp4,FaceSwap/SimSwap,id23,id2,0,2.4511008262634277,-2.4511008262634277,0.0,27.086627960205078,30.0,0.0,0.0,0.008573878556489944,0.003433940466493368,0.004170107655227184,0.008536126464605331
CelebDFv3,/root/Datasets/CelebDFv3/CelebDFv3/FAKE/FaceSwap/UniFace/id31_id21_0002.mp4,FaceSwap/UniFace,id31,id21,0,0.19926732778549194,-0.19926732778549194,0.0,19.58806800842285,30.0,0.0,0.0,0.02082410827279091,0.04532229155302048,0.015025278553366661,0.027058232575654984
CelebDFv3,/root/Datasets/CelebDFv3/CelebDFv3/FAKE/TalkingFace/AniTalker/id11_0001_test_id04478_Rk34ptLauAE.mp4,TalkingFace/AniTalker,id11,,0,-1.8011763095855713,1.8011763095855713,0.0,38.32640838623047,25.0,0.0,0.0,0.010862305760383606,0.008031090721487999,0.00587304774671793,0.00587304774671793
CelebDFv3,/root/Datasets/CelebDFv3/CelebDFv3/FAKE/TalkingFace/EDTalk/id23_0006_test_id06104_D84wde8JJ_k.mp4,TalkingFace/EDTalk,id23,,0,5.333337783813477,-5.333337783813477,0.0,22.394222259521484,25.0,0.0,0.0,0.0121480543166399,0.012598041445016861,0.006866833195090294,0.006866833195090294
CelebDFv3,/root/Datasets/CelebDFv3/CelebDFv3/FAKE/TalkingFace/EchoMimic/id56_0009_test_id01437_LgnNNq3sfPY.mp4,TalkingFace/EchoMimic,id56,,0,-1.9933147430419922,1.9933147430419922,0.0,48.59649658203125,24.0,0.0,0.0,0.009327510371804237,0.012180119752883911,0.01059870608150959,0.01059870608150959
CelebDFv3,/root/Datasets/CelebDFv3/CelebDFv3/FAKE/TalkingFace/FLOAT/id22_0000_test_id00419_we1bS7x83WQ.mp4,TalkingFace/FLOAT,id22,,0,1.1464195251464844,-1.1464195251464844,0.0,26.679506301879883,25.0,0.0,0.0,0.011040798388421535,0.01258982252329588,0.01307161059230566,0.01307161059230566
CelebDFv3,/root/Datasets/CelebDFv3/CelebDFv3/FAKE/TalkingFace/IP_LAP/id25_0006_test_id04862_S-gP56qMDiI.mp4,TalkingFace/IP_LAP,id25,,0,-4.728582382202148,4.728582382202148,0.0,100.23890686035156,25.0,0.0,0.0,0.005774982739239931,0.007439776789397001,0.008054479956626892,0.008054479956626892
CelebDFv3,/root/Datasets/CelebDFv3/CelebDFv3/FAKE/TalkingFace/Real3DPortrait/id25_0006_test_id03347_iLd-6KT2Y2Q.mp4,TalkingFace/Real3DPortrait,id25,,0,-1.121029257774353,1.121029257774353,0.0,98.66226196289062,25.0,1.0,0.21875,0.011821217834949493,0.007830257527530193,0.009060248732566833,0.009060248732566833
CelebDFv3,/root/Datasets/CelebDFv3/CelebDFv3/FAKE/TalkingFace/SadTalker/id23_0008_test_id06811_Y6PB7tt3VPc.mp4,TalkingFace/SadTalker,id23,,0,1.5329818725585938,-1.5329818725585938,0.0,26.584239959716797,25.0,0.0,0.0,0.0029650607611984015,0.008808517828583717,0.00794648565351963,0.00794648565351963
CelebDFv3,/root/Datasets/CelebDFv3/CelebDFv3/FAKE/FaceReenact/DaGAN/id51_id56_0005.mp4,FaceReenact/DaGAN,id51,id56,0,0.3219107985496521,-0.3219107985496521,0.0,37.66582489013672,29.920000076293945,0.0,0.0,0.013988718390464783,0.01797061786055565,0.012439929880201817,0.012439929880201817
CelebDFv3,/root/Datasets/CelebDFv3/CelebDFv3/FAKE/FaceReenact/FSRT/id26_id33_0001.mp4,FaceReenact/FSRT,id26,id33,0,-0.3423694372177124,0.3423694372177124,0.0,38.79310989379883,20.0,1.0,0.140625,0.031710319221019745,0.02348027005791664,0.009321335703134537,0.009321335703134537
CelebDFv3,/root/Datasets/CelebDFv3/CelebDFv3/FAKE/FaceReenact/HyperReenact/id25_id22_0002.mp4,FaceReenact/HyperReenact,id25,id22,0,2.5329785346984863,-2.5329785346984863,0.0,18.28531265258789,25.0,0.0,0.0,0.01132882572710514,0.006086146458983421,0.00789849553257227,0.00789849553257227
CelebDFv3,/root/Datasets/CelebDFv3/CelebDFv3/FAKE/FaceReenact/LIA/id31_id35_0006.mp4,FaceReenact/LIA,id31,id35,0,0.7298529744148254,-0.7298529744148254,0.0,32.80561065673828,30.0,1.0,0.15625,0.023753685876727104,0.012808448635041714,0.0068271043710410595,0.0068271043710410595
CelebDFv3,/root/Datasets/CelebDFv3/CelebDFv3/FAKE/FaceReenact/LivePortrait/id26_id20_0000.mp4,FaceReenact/LivePortrait,id26,id20,0,-0.38068026304244995,0.38068026304244995,0.0,39.17293167114258,30.0,1.0,0.515625,0.002581934677436948,0.0030483852606266737,0.004837080370634794,0.008690346963703632
CelebDFv3,/root/Datasets/CelebDFv3/CelebDFv3/FAKE/FaceReenact/MCNET/id23_id38_0001.mp4,FaceReenact/MCNET,id23,id38,0,2.2243995666503906,-2.2243995666503906,0.0,29.932302474975586,30.0,0.0,0.0,0.0234394408762455,0.0064625926315784454,0.01583329401910305,0.01583329401910305
CelebDFv3,/root/Datasets/CelebDFv3/CelebDFv3/FAKE/FaceReenact/TPSMM/id23_id9_0006.mp4,FaceReenact/TPSMM,id23,id9,0,3.534935235977173,-3.534935235977173,0.0,17.911569595336914,30.0,0.0,0.0,0.023670105263590813,0.019533583894371986,0.008764686994254589,0.008764686994254589
CelebDFv3,/root/Datasets/CelebDFv3/CelebDFv3/FAKE/FaceSwap/BlendFace/id23_id20_0001.mp4,FaceSwap/BlendFace,id23,id20,0,2.289885997772217,-2.289885997772217,0.0,30.93243408203125,30.0,0.0,0.0,0.0042722513899207115,0.010626928880810738,0.007327706087380648,0.013023611158132553
CelebDFv3,/root/Datasets/CelebDFv3/CelebDFv3/FAKE/FaceSwap/Celeb-DF-v2/id56_id58_0000.mp4,FaceSwap/Celeb-DF-v2,id56,id58,0,2.7249746322631836,-2.7249746322631836,0.0,21.998008728027344,30.0,0.0,0.0,0.004350010305643082,0.006500533316284418,0.002045879140496254,0.0036637503653764725
CelebDFv3,/root/Datasets/CelebDFv3/CelebDFv3/FAKE/FaceSwap/GHOST/id11_id7_0009.mp4,FaceSwap/GHOST,id11,id7,0,-1.4288029670715332,1.4288029670715332,0.0,31.208269119262695,30.0,0.0,0.0,0.002682806458324194,0.004131427966058254,0.0011474897619336843,0.0021802305709570646
CelebDFv3,/root/Datasets/CelebDFv3/CelebDFv3/FAKE/FaceSwap/HifiFace/id26_id28_0002.mp4,FaceSwap/HifiFace,id26,id28,0,0.4333122670650482,-0.4333122670650482,0.0,26.861295700073242,30.0,1.0,0.015625,0.01030501164495945,0.016889872029423714,0.004746206570416689,0.00852708239108324
CelebDFv3,/root/Datasets/CelebDFv3/CelebDFv3/FAKE/FaceSwap/InSwapper/id23_id35_0005.mp4,FaceSwap/InSwapper,id23,id35,0,1.5523858070373535,-1.5523858070373535,0.0,26.59783363342285,30.0,0.0,0.0,0.008450035005807877,0.0035123287234455347,0.005046678241342306,0.010330448858439922
CelebDFv3,/root/Datasets/CelebDFv3/CelebDFv3/FAKE/FaceSwap/MobileFaceSwap/id31_id38_0001.mp4,FaceSwap/MobileFaceSwap,id31,id38,0,-0.6238033175468445,0.6238033175468445,0.0,25.733539581298828,30.0,0.0,0.0,0.005213489755988121,0.004809727426618338,0.0026063653640449047,0.004693666473031044
CelebDFv3,/root/Datasets/CelebDFv3/CelebDFv3/FAKE/FaceSwap/SimSwap/id25_id20_0003.mp4,FaceSwap/SimSwap,id25,id20,0,-1.12100350856781,1.12100350856781,0.0,23.22127342224121,30.0,0.0,0.0,0.012403943575918674,0.008600265718996525,0.0034055886790156364,0.006132945418357849
CelebDFv3,/root/Datasets/CelebDFv3/CelebDFv3/FAKE/FaceSwap/UniFace/id31_id33_0005.mp4,FaceSwap/UniFace,id31,id33,0,-0.8428288102149963,0.8428288102149963,0.0,42.2744026184082,30.0,0.0,0.0,0.007603292819112539,0.00705788703635335,0.0026266616769135,0.004730217158794403
CelebDFv3,/root/Datasets/CelebDFv3/CelebDFv3/FAKE/TalkingFace/AniTalker/id48_0007_test_id06209_HXpylMleqDk.mp4,TalkingFace/AniTalker,id48,,0,2.399569511413574,-2.399569511413574,0.0,33.3538703918457,25.0,0.0,0.0,0.006130805239081383,0.004367693327367306,0.00580317247658968,0.00580317247658968
CelebDFv3,/root/Datasets/CelebDFv3/CelebDFv3/FAKE/TalkingFace/EDTalk/id25_0004_test_id01509_I6T7sh7T2lU.mp4,TalkingFace/EDTalk,id25,,0,1.378372311592102,-1.378372311592102,0.0,34.79157257080078,25.0,0.0,0.0,0.011980018578469753,0.01590540073812008,0.00646592304110527,0.00646592304110527
CelebDFv3,/root/Datasets/CelebDFv3/CelebDFv3/FAKE/TalkingFace/EchoMimic/id23_0001_test_id04478_nhLuGj0vGb8.mp4,TalkingFace/EchoMimic,id23,,0,0.6128109693527222,-0.6128109693527222,0.0,39.23154830932617,24.0,0.0,0.0,0.00949303712695837,0.008915294893085957,0.006587690208107233,0.006587690208107233
CelebDFv3,/root/Datasets/CelebDFv3/CelebDFv3/FAKE/TalkingFace/FLOAT/id26_0005_test_id09017_oF8cALd6lU0.mp4,TalkingFace/FLOAT,id26,,0,-0.07570430636405945,0.07570430636405945,0.0,40.56401824951172,25.0,0.0,0.0,0.02175706997513771,0.012697860598564148,0.012038077227771282,0.012038077227771282
CelebDFv3,/root/Datasets/CelebDFv3/CelebDFv3/FAKE/TalkingFace/IP_LAP/id48_0003_test_id02542_gMKSu2wZpAA.mp4,TalkingFace/IP_LAP,id48,,0,0.2930639088153839,-0.2930639088153839,0.0,26.231252670288086,25.0,0.0,0.0,0.027116302400827408,0.009924102574586868,0.012249317020177841,0.012249317020177841
CelebDFv3,/root/Datasets/CelebDFv3/CelebDFv3/FAKE/TalkingFace/Real3DPortrait/id59_0002_test_id05055_vecDm0cNDVs.mp4,TalkingFace/Real3DPortrait,id59,,0,-5.615724563598633,5.615724563598633,0.0,53.26921844482422,25.0,1.0,1.0,0.0,0.0,0.0,0.0
CelebDFv3,/root/Datasets/CelebDFv3/CelebDFv3/FAKE/TalkingFace/SadTalker/id22_0007_test_id01822_zYv_noZ6yqw.mp4,TalkingFace/SadTalker,id22,,0,-5.492889404296875,5.492889404296875,0.0,48.113014221191406,25.0,0.0,0.0,0.005974781233817339,0.010916703380644321,0.005564515478909016,0.005564515478909016
CelebDFv3,/root/Datasets/CelebDFv3/CelebDFv3/FAKE/FaceReenact/DaGAN/id26_id1_0000.mp4,FaceReenact/DaGAN,id26,id1,0,0.924375057220459,-0.924375057220459,0.0,41.95159912109375,30.0,1.0,0.015625,0.031522952020168304,0.007276176009327173,0.024432141333818436,0.024255122989416122
CelebDFv3,/root/Datasets/CelebDFv3/CelebDFv3/FAKE/FaceReenact/FSRT/id56_id54_0001.mp4,FaceReenact/FSRT,id56,id54,0,3.767758846282959,-3.767758846282959,0.0,20.201274871826172,20.0,0.0,0.0,0.020330330356955528,0.030934900045394897,0.015516909770667553,0.015516909770667553
CelebDFv3,/root/Datasets/CelebDFv3/CelebDFv3/FAKE/FaceReenact/HyperReenact/id31_id20_0003.mp4,FaceReenact/HyperReenact,id31,id20,0,0.34192144870758057,-0.34192144870758057,0.0,32.76691818237305,25.0,0.0,0.0,0.0036835763603448868,0.0020732444245368242,0.008301571011543274,0.008301571011543274
CelebDFv3,/root/Datasets/CelebDFv3/CelebDFv3/FAKE/FaceReenact/LIA/id31_id38_0004.mp4,FaceReenact/LIA,id31,id38,0,-4.21598482131958,4.21598482131958,0.0,38.0026741027832,30.0,0.0,0.0,0.021297724917531013,0.008920043706893921,0.006590430624783039,0.006590430624783039
CelebDFv3,/root/Datasets/CelebDFv3/CelebDFv3/FAKE/FaceReenact/LivePortrait/id31_id29_0000.mp4,FaceReenact/LivePortrait,id31,id29,0,-0.03497406095266342,0.03497406095266342,0.0,19.941225051879883,30.0,0.0,0.0,0.005497978534549475,0.005558152683079243,0.0027497534174472094,0.004951885901391506
CelebDFv3,/root/Datasets/CelebDFv3/CelebDFv3/FAKE/FaceReenact/MCNET/id56_id52_0002.mp4,FaceReenact/MCNET,id56,id52,0,2.3805906772613525,-2.3805906772613525,0.0,25.006832122802734,30.0,1.0,0.0625,0.03103414736688137,0.008793146349489689,0.012934533879160881,0.012934533879160881
CelebDFv3,/root/Datasets/CelebDFv3/CelebDFv3/FAKE/FaceReenact/TPSMM/id31_id26_0000.mp4,FaceReenact/TPSMM,id31,id26,0,-0.4325007200241089,0.4325007200241089,0.0,21.482662200927734,30.0,0.0,0.0,0.006921518128365278,0.002804260002449155,0.009573128074407578,0.009573128074407578
CelebDFv3,/root/Datasets/CelebDFv3/CelebDFv3/FAKE/FaceSwap/BlendFace/id31_id6_0005.mp4,FaceSwap/BlendFace,id31,id6,0,0.6099125742912292,-0.6099125742912292,0.0,35.67899703979492,30.0,0.0,0.0,0.007647035177797079,0.0072597600519657135,0.002892181044444442,0.005208377260714769
CelebDFv3,/root/Datasets/CelebDFv3/CelebDFv3/FAKE/FaceSwap/Celeb-DF-v2/id51_id54_0009.mp4,FaceSwap/Celeb-DF-v2,id51,id54,0,0.25081589818000793,-0.25081589818000793,0.0,25.919736862182617,30.0,0.0,0.0,0.012755829840898514,0.007574738003313541,0.0038570917677134275,0.00690726051107049
CelebDFv3,/root/Datasets/CelebDFv3/CelebDFv3/FAKE/FaceSwap/GHOST/id26_id31_0008.mp4,FaceSwap/GHOST,id26,id31,0,4.258627414703369,-4.258627414703369,0.0,24.061582565307617,30.0,0.0,0.0,0.009662114083766937,0.006211502477526665,0.0024800992105156183,0.004516162909567356
CelebDFv3,/root/Datasets/CelebDFv3/CelebDFv3/FAKE/FaceSwap/HifiFace/id26_id27_0008.mp4,FaceSwap/HifiFace,id26,id27,0,4.11360502243042,-4.11360502243042,0.0,23.634506225585938,30.0,0.0,0.0,0.009488524869084358,0.006008770316839218,0.0025657517835497856,0.004672132898122072
CelebDFv3,/root/Datasets/CelebDFv3/CelebDFv3/FAKE/FaceSwap/InSwapper/id23_id4_0009.mp4,FaceSwap/InSwapper,id23,id4,0,2.886753797531128,-2.886753797531128,0.0,19.149864196777344,30.0,0.0,0.0,0.004825557582080364,0.006055992562323809,0.0030093942768871784,0.003984437789767981
CelebDFv3,/root/Datasets/CelebDFv3/CelebDFv3/FAKE/FaceSwap/MobileFaceSwap/id48_id40_0001.mp4,FaceSwap/MobileFaceSwap,id48,id40,0,2.179318904876709,-2.179318904876709,0.0,24.563066482543945,30.0,0.0,0.0,0.007180635817348957,0.009003990329802036,0.0031253185588866472,0.005580926779657602
CelebDFv3,/root/Datasets/CelebDFv3/CelebDFv3/FAKE/FaceSwap/SimSwap/id31_id34_0009.mp4,FaceSwap/SimSwap,id31,id34,0,1.7609058618545532,-1.7609058618545532,0.0,17.175277709960938,30.0,1.0,0.03125,0.003822614438831806,0.0061518121510744095,0.0028418446891009808,0.005117728374898434
CelebDFv3,/root/Datasets/CelebDFv3/CelebDFv3/FAKE/FaceSwap/UniFace/id23_id25_0002.mp4,FaceSwap/UniFace,id23,id25,0,0.22297881543636322,-0.22297881543636322,0.0,24.90015983581543,30.0,0.0,0.0,0.02077399007976055,0.01984523981809616,0.006091522052884102,0.010826529003679752
CelebDFv3,/root/Datasets/CelebDFv3/CelebDFv3/FAKE/TalkingFace/AniTalker/id26_0007_test_id01106_q01vvmTSJ9I.mp4,TalkingFace/AniTalker,id26,,0,0.5706937313079834,-0.5706937313079834,0.0,48.34147644042969,25.0,0.0,0.0,0.0109284408390522,0.00839853473007679,0.008472568355500698,0.008472568355500698
CelebDFv3,/root/Datasets/CelebDFv3/CelebDFv3/FAKE/TalkingFace/EDTalk/id48_0003_test_id04627_IjO3LUCaYLE.mp4,TalkingFace/EDTalk,id48,,0,0.6557698249816895,-0.6557698249816895,0.0,26.07066535949707,25.0,0.0,0.0,0.01351869385689497,0.010604528710246086,0.009865527041256428,0.009865527041256428
CelebDFv3,/root/Datasets/CelebDFv3/CelebDFv3/FAKE/TalkingFace/EchoMimic/id26_0000_test_id01460_9-RADuWsPHI.mp4,TalkingFace/EchoMimic,id26,,0,1.5476632118225098,-1.5476632118225098,0.0,38.40931701660156,24.0,0.0,0.0,0.005924554541707039,0.011167440563440323,0.005755398888140917,0.005755398888140917
CelebDFv3,/root/Datasets/CelebDFv3/CelebDFv3/FAKE/TalkingFace/FLOAT/id48_0005_test_id03862_CzGa5PRwiaY.mp4,TalkingFace/FLOAT,id48,,0,2.733049154281616,-2.733049154281616,0.0,32.97856140136719,25.0,0.0,0.0,0.026026040315628052,0.008153576403856277,0.0077488175593316555,0.0077488175593316555
CelebDFv3,/root/Datasets/CelebDFv3/CelebDFv3/FAKE/TalkingFace/IP_LAP/id48_0002_test_id01333_gujKn7v2CJg.mp4,TalkingFace/IP_LAP,id48,,0,1.6880998611450195,-1.6880998611450195,0.0,27.189655303955078,25.0,0.0,0.0,0.01348815020173788,0.009152166545391083,0.006278005428612232,0.006278005428612232
CelebDFv3,/root/Datasets/CelebDFv3/CelebDFv3/FAKE/TalkingFace/Real3DPortrait/id25_0004_test_id02685_byOnPiS1aKc.mp4,TalkingFace/Real3DPortrait,id25,,0,2.5759010314941406,-2.5759010314941406,0.0,34.195125579833984,25.0,0.0,0.0,0.014813878573477268,0.008482302539050579,0.010499922558665276,0.010499922558665276
CelebDFv3,/root/Datasets/CelebDFv3/CelebDFv3/FAKE/TalkingFace/SadTalker/id56_0000_test_id06692_EC9TCRJkBhI.mp4,TalkingFace/SadTalker,id56,,0,2.346252679824829,-2.346252679824829,0.0,22.436838150024414,25.0,1.0,0.078125,0.0027009707409888506,0.008559377864003181,0.00907956063747406,0.00907956063747406
CelebDFv3,/root/Datasets/CelebDFv3/CelebDFv3/FAKE/FaceReenact/DaGAN/id31_id38_0004.mp4,FaceReenact/DaGAN,id31,id38,0,-0.286956787109375,0.286956787109375,0.0,23.976369857788086,30.0,1.0,0.03125,0.022622212767601013,0.006897453218698502,0.014091890305280685,0.014091890305280685
CelebDFv3,/root/Datasets/CelebDFv3/CelebDFv3/FAKE/FaceReenact/FSRT/id11_id7_0004.mp4,FaceReenact/FSRT,id11,id7,0,0.420215904712677,-0.420215904712677,0.0,37.30703353881836,20.0,0.0,0.0,0.00923804473131895,0.0032626462634652853,0.008608573116362095,0.008608573116362095
CelebDFv3,/root/Datasets/CelebDFv3/CelebDFv3/FAKE/FaceReenact/HyperReenact/id25_id28_0002.mp4,FaceReenact/HyperReenact,id25,id28,0,0.22296296060085297,-0.22296296060085297,0.0,19.719453811645508,25.0,1.0,0.734375,0.0016785177867859602,0.0008187126368284225,0.00511037465184927,0.00511037465184927
CelebDFv3,/root/Datasets/CelebDFv3/CelebDFv3/FAKE/FaceReenact/LIA/id54_id55_0008.mp4,FaceReenact/LIA,id54,id55,0,1.1055057048797607,-1.1055057048797607,0.0,31.160066604614258,30.0,1.0,0.03125,0.017376532778143883,0.009548209607601166,0.009696360677480698,0.009696360677480698
CelebDFv3,/root/Datasets/CelebDFv3/CelebDFv3/FAKE/FaceReenact/LivePortrait/id51_id57_0008.mp4,FaceReenact/LivePortrait,id51,id57,0,2.464437961578369,-2.464437961578369,0.0,29.653284072875977,29.0,0.0,0.0,0.0036964768078178167,0.0032524142879992723,0.0025482557248324156,0.004563403781503439
CelebDFv3,/root/Datasets/CelebDFv3/CelebDFv3/FAKE/FaceReenact/MCNET/id23_id9_0009.mp4,FaceReenact/MCNET,id23,id9,0,5.176026821136475,-5.176026821136475,0.0,23.270341873168945,30.0,1.0,0.015625,0.02595481276512146,0.022529900074005127,0.02409864403307438,0.02409864403307438
CelebDFv3,/root/Datasets/CelebDFv3/CelebDFv3/FAKE/FaceReenact/TPSMM/id23_id2_0007.mp4,FaceReenact/TPSMM,id23,id2,0,2.139131546020508,-2.139131546020508,0.0,29.06992530822754,30.0,1.0,0.015625,0.012795865535736084,0.006281448062509298,0.006347268354147673,0.006347268354147673
CelebDFv3,/root/Datasets/CelebDFv3/CelebDFv3/FAKE/FaceSwap/BlendFace/id8_id7_0008.mp4,FaceSwap/BlendFace,id8,id7,0,0.699103593826294,-0.699103593826294,0.0,32.36771774291992,30.0,0.0,0.0,0.005967097356915474,0.006351596210151911,0.0011466654250398278,0.002160317962989211
CelebDFv3,/root/Datasets/CelebDFv3/CelebDFv3/FAKE/FaceSwap/Celeb-DF-v2/id23_id28_0003.mp4,FaceSwap/Celeb-DF-v2,id23,id28,0,-0.1617811918258667,0.1617811918258667,0.0,30.381746292114258,30.0,0.0,0.0,0.005815964657813311,0.0053608654998242855,0.0015436472604051232,0.0027435412630438805
CelebDFv3,/root/Datasets/CelebDFv3/CelebDFv3/FAKE/FaceSwap/GHOST/id26_id0_0001.mp4,FaceSwap/GHOST,id26,id0,0,1.7772284746170044,-1.7772284746170044,0.0,38.74797439575195,30.0,0.0,0.0,0.016408972442150116,0.010080356150865555,0.0026568970642983913,0.0047734081745147705
CelebDFv3,/root/Datasets/CelebDFv3/CelebDFv3/FAKE/FaceSwap/HifiFace/id56_id57_0001.mp4,FaceSwap/HifiFace,id56,id57,0,3.252239227294922,-3.252239227294922,0.0,22.96624755859375,30.0,0.0,0.0,0.0044131092727184296,0.018454089760780334,0.002781764604151249,0.004981570411473513
CelebDFv3,/root/Datasets/CelebDFv3/CelebDFv3/FAKE/FaceSwap/InSwapper/id31_id34_0004.mp4,FaceSwap/InSwapper,id31,id34,0,0.21284714341163635,-0.21284714341163635,0.0,28.486892700195312,30.0,0.0,0.0,0.009824001230299473,0.004122817423194647,0.0027406662702560425,0.004935522098094225
CelebDFv3,/root/Datasets/CelebDFv3/CelebDFv3/FAKE/FaceSwap/MobileFaceSwap/id23_id34_0009.mp4,FaceSwap/MobileFaceSwap,id23,id34,0,3.256091594696045,-3.256091594696045,0.0,19.594097137451172,30.0,0.0,0.0,0.0046281758695840836,0.005913444794714451,0.003694789484143257,0.004891900811344385
CelebDFv3,/root/Datasets/CelebDFv3/CelebDFv3/FAKE/FaceSwap/SimSwap/id25_id28_0005.mp4,FaceSwap/SimSwap,id25,id28,0,1.275415301322937,-1.275415301322937,0.0,23.406661987304688,30.0,0.0,0.0,0.019696960225701332,0.003963507246226072,0.004163570702075958,0.0061787390150129795
CelebDFv3,/root/Datasets/CelebDFv3/CelebDFv3/FAKE/FaceSwap/UniFace/id48_id45_0004.mp4,FaceSwap/UniFace,id48,id45,0,2.772709846496582,-2.772709846496582,0.0,34.659271240234375,30.0,0.0,0.0,0.0033893415238708258,0.003328475868329406,0.002174579305574298,0.003883177414536476
CelebDFv3,/root/Datasets/CelebDFv3/CelebDFv3/FAKE/TalkingFace/AniTalker/id23_0006_test_id06104_D84wde8JJ_k.mp4,TalkingFace/AniTalker,id23,,0,4.049088954925537,-4.049088954925537,0.0,20.344846725463867,25.0,0.0,0.0,0.010545196942985058,0.008262401446700096,0.005599680356681347,0.005599680356681347
CelebDFv3,/root/Datasets/CelebDFv3/CelebDFv3/FAKE/TalkingFace/EDTalk/id22_0009_test_id00562_0Zh6t-f8MsY.mp4,TalkingFace/EDTalk,id22,,0,1.3644375801086426,-1.3644375801086426,0.0,22.997737884521484,25.0,0.0,0.0,0.014332180842757225,0.011523411609232426,0.007913080975413322,0.007913080975413322
CelebDFv3,/root/Datasets/CelebDFv3/CelebDFv3/FAKE/TalkingFace/EchoMimic/id25_0004_test_id02685_byOnPiS1aKc.mp4,TalkingFace/EchoMimic,id25,,0,1.7381203174591064,-1.7381203174591064,0.0,33.41148376464844,24.0,0.0,0.0,0.01488927099853754,0.01598215661942959,0.00815205555409193,0.00815205555409193
CelebDFv3,/root/Datasets/CelebDFv3/CelebDFv3/FAKE/TalkingFace/FLOAT/id48_0006_test_id08392_AiCBF9JW-d8.mp4,TalkingFace/FLOAT,id48,,0,-1.3878726959228516,1.3878726959228516,0.0,25.079683303833008,25.0,0.0,0.0,0.014955013059079647,0.012310423888266087,0.009819988161325455,0.009819988161325455
CelebDFv3,/root/Datasets/CelebDFv3/CelebDFv3/FAKE/TalkingFace/IP_LAP/id56_0008_test_id08696_B8nZX3w62Fg.mp4,TalkingFace/IP_LAP,id56,,0,2.685384750366211,-2.685384750366211,0.0,21.7439022064209,25.0,1.0,0.03125,0.027104515582323074,0.010684359818696976,0.011133878491818905,0.011133878491818905
CelebDFv3,/root/Datasets/CelebDFv3/CelebDFv3/FAKE/TalkingFace/Real3DPortrait/id23_0003_test_id05055_n6FlxBOgOy4.mp4,TalkingFace/Real3DPortrait,id23,,0,1.5169227123260498,-1.5169227123260498,0.0,29.120203018188477,25.0,0.0,0.0,0.017729276791214943,0.007352977525442839,0.003810431808233261,0.003810431808233261
CelebDFv3,/root/Datasets/CelebDFv3/CelebDFv3/FAKE/TalkingFace/SadTalker/id54_0001_test_id03978_cLsHB_wl6DE.mp4,TalkingFace/SadTalker,id54,,0,-5.558578014373779,5.558578014373779,0.0,57.508602142333984,25.0,1.0,0.03125,0.0030711914878338575,0.004383975639939308,0.007152313366532326,0.007152313366532326
CelebDFv3,/root/Datasets/CelebDFv3/CelebDFv3/FAKE/FaceReenact/DaGAN/id23_id29_0002.mp4,FaceReenact/DaGAN,id23,id29,0,1.5502440929412842,-1.5502440929412842,0.0,18.827327728271484,30.0,1.0,0.609375,0.023894358426332474,0.009510149247944355,0.03351132199168205,0.03351132199168205
CelebDFv3,/root/Datasets/CelebDFv3/CelebDFv3/FAKE/FaceReenact/FSRT/id59_id5_0004.mp4,FaceReenact/FSRT,id59,id5,0,0.06388963758945465,-0.06388963758945465,0.0,21.611705780029297,20.0,1.0,0.25,0.05419738590717316,0.013708147220313549,0.007495284080505371,0.007495284080505371
CelebDFv3,/root/Datasets/CelebDFv3/CelebDFv3/FAKE/FaceReenact/HyperReenact/id26_id34_0006.mp4,FaceReenact/HyperReenact,id26,id34,0,1.3364402055740356,-1.3364402055740356,0.0,31.95015525817871,25.0,0.0,0.0,0.022626236081123352,0.00786681193858385,0.013029376976191998,0.013029376976191998
CelebDFv3,/root/Datasets/CelebDFv3/CelebDFv3/FAKE/FaceReenact/LIA/id31_id2_0001.mp4,FaceReenact/LIA,id31,id2,0,1.3997912406921387,-1.3997912406921387,0.0,28.0655574798584,30.0,0.0,0.0,0.009184054099023342,0.004626737907528877,0.0060022915713489056,0.0060022915713489056
CelebDFv3,/root/Datasets/CelebDFv3/CelebDFv3/FAKE/FaceReenact/LivePortrait/id11_id7_0000.mp4,FaceReenact/LivePortrait,id11,id7,0,2.1888558864593506,-2.1888558864593506,0.0,22.9359073638916,30.0,0.0,0.0,0.02722112089395523,0.0063453312031924725,0.014110475778579712,0.012699427083134651
CelebDFv3,/root/Datasets/CelebDFv3/CelebDFv3/FAKE/FaceReenact/MCNET/id48_id45_0002.mp4,FaceReenact/MCNET,id48,id45,0,-0.18157163262367249,0.18157163262367249,0.0,23.543071746826172,30.0,1.0,0.109375,0.02695845440030098,0.021096620708703995,0.04661974310874939,0.04661974310874939
CelebDFv3,/root/Datasets/CelebDFv3/CelebDFv3/FAKE/FaceReenact/TPSMM/id26_id30_0004.mp4,FaceReenact/TPSMM,id26,id30,0,1.3999114036560059,-1.3999114036560059,0.0,26.5651912689209,30.0,0.0,0.0,0.023253783583641052,0.015376393683254719,0.007301713339984417,0.007301713339984417
CelebDFv3,/root/Datasets/CelebDFv3/CelebDFv3/FAKE/FaceSwap/BlendFace/id26_id20_0000.mp4,FaceSwap/BlendFace,id26,id20,0,0.4361115097999573,-0.4361115097999573,0.0,36.277191162109375,30.0,0.0,0.0,0.0025452645495533943,0.0022240900434553623,0.0021805251017212868,0.003917553462088108
CelebDFv3,/root/Datasets/CelebDFv3/CelebDFv3/FAKE/FaceSwap/Celeb-DF-v2/id54_id53_0001.mp4,FaceSwap/Celeb-DF-v2,id54,id53,0,-0.885787844657898,0.885787844657898,0.0,35.39967727661133,30.0,0.0,0.0,0.01130925677716732,0.04479115456342697,0.004773958586156368,0.008549180813133717
CelebDFv3,/root/Datasets/CelebDFv3/CelebDFv3/FAKE/FaceSwap/GHOST/id48_id43_0008.mp4,FaceSwap/GHOST,id48,id43,0,-1.757328987121582,1.757328987121582,0.0,44.82162857055664,30.0,0.0,0.0,0.004211971070617437,0.003777561942115426,0.003675096435472369,0.0036603964399546385
CelebDFv3,/root/Datasets/CelebDFv3/CelebDFv3/FAKE/FaceSwap/HifiFace/id23_id32_0007.mp4,FaceSwap/HifiFace,id23,id32,0,2.496060848236084,-2.496060848236084,0.0,27.19404411315918,30.0,0.0,0.0,0.013993022963404655,0.03802838921546936,0.007948165759444237,0.013943549245595932
CelebDFv3,/root/Datasets/CelebDFv3/CelebDFv3/FAKE/FaceSwap/InSwapper/id25_id28_0005.mp4,FaceSwap/InSwapper,id25,id28,0,1.1835501194000244,-1.1835501194000244,0.0,22.920656204223633,30.0,0.0,0.0,0.020723020657896996,0.004480279516428709,0.004632003605365753,0.006873893551528454
CelebDFv3,/root/Datasets/CelebDFv3/CelebDFv3/FAKE/FaceSwap/MobileFaceSwap/id51_id55_0000.mp4,FaceSwap/MobileFaceSwap,id51,id55,0,0.24051472544670105,-0.24051472544670105,0.0,20.110456466674805,30.0,0.0,0.0,0.008268331177532673,0.004376404453068972,0.005604639183729887,0.010036759078502655
CelebDFv3,/root/Datasets/CelebDFv3/CelebDFv3/FAKE/FaceSwap/SimSwap/id26_id29_0008.mp4,FaceSwap/SimSwap,id26,id29,0,4.802274703979492,-4.802274703979492,0.0,23.63935661315918,30.0,0.0,0.0,0.009447413496673107,0.006454812362790108,0.002972337882965803,0.005412510596215725
CelebDFv3,/root/Datasets/CelebDFv3/CelebDFv3/FAKE/FaceSwap/UniFace/id31_id20_0002.mp4,FaceSwap/UniFace,id31,id20,0,0.0006321147084236145,-0.0006321147084236145,0.0,19.25193214416504,30.0,0.0,0.0,0.023571917787194252,0.051091283559799194,0.017029888927936554,0.0306682288646698
CelebDFv3,/root/Datasets/CelebDFv3/CelebDFv3/FAKE/TalkingFace/AniTalker/id59_0009_test_id03862_yHtRhESo9Q0.mp4,TalkingFace/AniTalker,id59,,0,-1.6471308469772339,1.6471308469772339,0.0,47.59617233276367,25.0,0.0,0.0,0.011313874274492264,0.011143284849822521,0.0044039105996489525,0.0044039105996489525
CelebDFv3,/root/Datasets/CelebDFv3/CelebDFv3/FAKE/TalkingFace/EDTalk/id48_0007_test_id06209_HXpylMleqDk.mp4,TalkingFace/EDTalk,id48,,0,3.080827236175537,-3.080827236175537,0.0,30.04135513305664,25.0,0.0,0.0,0.01647704280912876,0.012466018088161945,0.01037999615073204,0.01037999615073204
CelebDFv3,/root/Datasets/CelebDFv3/CelebDFv3/FAKE/TalkingFace/EchoMimic/id51_0000_test_id03862__FGtg4jkcME.mp4,TalkingFace/EchoMimic,id51,,0,-1.2945269346237183,1.2945269346237183,0.0,22.347164154052734,24.0,0.0,0.0,0.05107193812727928,0.0056530991569161415,0.012081162072718143,0.012081162072718143
CelebDFv3,/root/Datasets/CelebDFv3/CelebDFv3/FAKE/TalkingFace/FLOAT/id11_0005_test_id04094_BNAe-NhgItg.mp4,TalkingFace/FLOAT,id11,,0,-1.6066503524780273,1.6066503524780273,0.0,33.95682144165039,25.0,0.0,0.0,0.008244425989687443,0.008439144119620323,0.0067673055455088615,0.0067673055455088615
CelebDFv3,/root/Datasets/CelebDFv3/CelebDFv3/FAKE/TalkingFace/IP_LAP/id48_0009_test_id07961_l3Xn426T1IE.mp4,TalkingFace/IP_LAP,id48,,0,3.42264461517334,-3.42264461517334,0.0,31.178504943847656,25.0,0.0,0.0,0.014045672491192818,0.011416522786021233,0.008912315592169762,0.008912315592169762
CelebDFv3,/root/Datasets/CelebDFv3/CelebDFv3/FAKE/TalkingFace/Real3DPortrait/id59_0001_test_id08149_Ay1xwkYsNAE.mp4,TalkingFace/Real3DPortrait,id59,,0,-3.8506364822387695,3.8506364822387695,0.0,60.5328369140625,25.0,1.0,0.546875,0.007712883409112692,0.005550440400838852,0.005636907182633877,0.005636907182633877
CelebDFv3,/root/Datasets/CelebDFv3/CelebDFv3/FAKE/TalkingFace/SadTalker/id48_0001_test_id02057_wZC3dqygHUE.mp4,TalkingFace/SadTalker,id48,,0,1.4528857469558716,-1.4528857469558716,0.0,25.3427677154541,25.0,0.0,0.0,0.0015637519536539912,0.006221139803528786,0.003846857463940978,0.003846857463940978
CelebDFv3,/root/Datasets/CelebDFv3/CelebDFv3/FAKE/FaceReenact/DaGAN/id11_id7_0002.mp4,FaceReenact/DaGAN,id11,id7,0,2.3668410778045654,-2.3668410778045654,0.0,24.93335723876953,30.0,0.0,0.0,0.012563777156174183,0.008489184081554413,0.010826235637068748,0.010826235637068748
CelebDFv3,/root/Datasets/CelebDFv3/CelebDFv3/FAKE/FaceReenact/FSRT/id23_id1_0002.mp4,FaceReenact/FSRT,id23,id1,0,1.2817739248275757,-1.2817739248275757,0.0,26.12664031982422,20.0,0.0,0.0,0.012738499790430069,0.006826742086559534,0.009937056340277195,0.009937056340277195
CelebDFv3,/root/Datasets/CelebDFv3/CelebDFv3/FAKE/FaceReenact/HyperReenact/id26_id1_0004.mp4,FaceReenact/HyperReenact,id26,id1,0,0.67148756980896,-0.67148756980896,0.0,26.257183074951172,25.0,0.0,0.0,0.00429651839658618,0.00383515446446836,0.005147079471498728,0.005147079471498728
CelebDFv3,/root/Datasets/CelebDFv3/CelebDFv3/FAKE/FaceReenact/LIA/id48_id45_0007.mp4,FaceReenact/LIA,id48,id45,0,2.862821340560913,-2.862821340560913,0.0,28.813459396362305,30.0,1.0,0.09375,0.013424338772892952,0.010173056274652481,0.012071667239069939,0.012071667239069939
CelebDFv3,/root/Datasets/CelebDFv3/CelebDFv3/FAKE/FaceReenact/LivePortrait/id23_id22_0002.mp4,FaceReenact/LivePortrait,id23,id22,0,1.1946241855621338,-1.1946241855621338,0.0,24.28795623779297,30.0,0.0,0.0,0.006794713903218508,0.006811277940869331,0.0033577047288417816,0.005967685487121344
CelebDFv3,/root/Datasets/CelebDFv3/CelebDFv3/FAKE/FaceReenact/MCNET/id25_id23_0000.mp4,FaceReenact/MCNET,id25,id23,0,0.3490792512893677,-0.3490792512893677,0.0,42.50825881958008,30.0,0.0,0.0,0.012066707946360111,0.006636586971580982,0.007852407172322273,0.007852407172322273
CelebDFv3,/root/Datasets/CelebDFv3/CelebDFv3/FAKE/FaceReenact/TPSMM/id56_id58_0009.mp4,FaceReenact/TPSMM,id56,id58,0,-1.5363423824310303,1.5363423824310303,0.0,43.85240936279297,29.829999923706055,0.0,0.0,0.01842113584280014,0.012403067201375961,0.014970751479268074,0.014970751479268074
CelebDFv3,/root/Datasets/CelebDFv3/CelebDFv3/FAKE/FaceSwap/BlendFace/id31_id33_0000.mp4,FaceSwap/BlendFace,id31,id33,0,-0.7441413998603821,0.7441413998603821,0.0,26.562053680419922,30.0,0.0,0.0,0.005254617892205715,0.008056100457906723,0.0065017384476959705,0.011708639562129974
CelebDFv3,/root/Datasets/CelebDFv3/CelebDFv3/FAKE/FaceSwap/Celeb-DF-v2/id54_id53_0005.mp4,FaceSwap/Celeb-DF-v2,id54,id53,0,0.8000013828277588,-0.8000013828277588,0.0,22.712360382080078,30.0,0.0,0.0,0.019063180312514305,0.0031571134459227324,0.005064036231487989,0.00906865019351244
CelebDFv3,/root/Datasets/CelebDFv3/CelebDFv3/FAKE/FaceSwap/GHOST/id51_id54_0005.mp4,FaceSwap/GHOST,id51,id54,0,0.048688143491744995,-0.048688143491744995,0.0,33.55199432373047,30.0,0.0,0.0,0.01529180072247982,0.033793892711400986,0.0033778813667595387,0.006049092393368483
CelebDFv3,/root/Datasets/CelebDFv3/CelebDFv3/FAKE/FaceSwap/HifiFace/id56_id58_0006.mp4,FaceSwap/HifiFace,id56,id58,0,2.183980941772461,-2.183980941772461,0.0,26.167112350463867,30.0,0.0,0.0,0.012031572870910168,0.00827503576874733,0.0038681859150528908,0.006927128415554762
CelebDFv3,/root/Datasets/CelebDFv3/CelebDFv3/FAKE/FaceSwap/InSwapper/id48_id46_0005.mp4,FaceSwap/InSwapper,id48,id46,0,3.582834482192993,-3.582834482192993,0.0,35.808570861816406,30.0,0.0,0.0,0.00162108289077878,0.002787424251437187,0.0013337082928046584,0.0023816218599677086
CelebDFv3,/root/Datasets/CelebDFv3/CelebDFv3/FAKE/FaceSwap/MobileFaceSwap/id26_id30_0003.mp4,FaceSwap/MobileFaceSwap,id26,id30,0,-8.975553512573242,8.975553512573242,0.0,101.01940155029297,30.0,1.0,0.015625,0.007620431948453188,0.011397931724786758,0.003960879519581795,0.007116157095879316
CelebDFv3,/root/Datasets/CelebDFv3/CelebDFv3/FAKE/FaceSwap/SimSwap/id54_id49_0009.mp4,FaceSwap/SimSwap,id54,id49,0,0.9284857511520386,-0.9284857511520386,0.0,29.84860610961914,30.0,0.0,0.0,0.0073129585944116116,0.01607804372906685,0.0031902100890874863,0.005713013466447592
CelebDFv3,/root/Datasets/CelebDFv3/CelebDFv3/FAKE/FaceSwap/UniFace/id48_id45_0007.mp4,FaceSwap/UniFace,id48,id45,0,1.934124231338501,-1.934124231338501,0.0,32.30669403076172,30.0,0.0,0.0,0.0036476575769484043,0.00422136764973402,0.0015016653342172503,0.0019701849669218063
CelebDFv3,/root/Datasets/CelebDFv3/CelebDFv3/FAKE/TalkingFace/AniTalker/id48_0000_test_id02577_nA7mv5my4uk.mp4,TalkingFace/AniTalker,id48,,0,1.3841586112976074,-1.3841586112976074,0.0,25.21345329284668,25.0,0.0,0.0,0.013889191672205925,0.0055525945499539375,0.005339417140930891,0.005339417140930891
CelebDFv3,/root/Datasets/CelebDFv3/CelebDFv3/FAKE/TalkingFace/EDTalk/id26_0009_test_id01541_9OzhfBaZ1Bc.mp4,TalkingFace/EDTalk,id26,,0,2.017000198364258,-2.017000198364258,0.0,41.23564147949219,25.0,0.0,0.0,0.010610902681946754,0.013153192587196827,0.008380497805774212,0.008380497805774212
CelebDFv3,/root/Datasets/CelebDFv3/CelebDFv3/FAKE/TalkingFace/EchoMimic/id59_0005_test_id04295_4SPw-Qb6qH4.mp4,TalkingFace/EchoMimic,id59,,0,0.4375172555446625,-0.4375172555446625,0.0,26.360271453857422,24.0,0.0,0.0,0.004740288946777582,0.00372132146731019,0.005348828621208668,0.005348828621208668
CelebDFv3,/root/Datasets/CelebDFv3/CelebDFv3/FAKE/TalkingFace/FLOAT/id51_0005_test_id09017_sduESYpj2-I.mp4,TalkingFace/FLOAT,id51,,0,-0.2285851389169693,0.2285851389169693,0.0,38.800479888916016,25.0,0.0,0.0,0.01932985894382,0.01284043863415718,0.012845389544963837,0.012845389544963837
CelebDFv3,/root/Datasets/CelebDFv3/CelebDFv3/FAKE/TalkingFace/IP_LAP/id26_0006_test_id03127_HKow2vRfqzA.mp4,TalkingFace/IP_LAP,id26,,0,-0.15599781274795532,0.15599781274795532,0.0,68.38236999511719,25.0,1.0,0.03125,0.04661685228347778,0.012169607914984226,0.017841355875134468,0.017841355875134468
CelebDFv3,/root/Datasets/CelebDFv3/CelebDFv3/FAKE/TalkingFace/Real3DPortrait/id51_0003_test_id01228_ITBk58yOpCM.mp4,TalkingFace/Real3DPortrait,id51,,0,-1.86276376247406,1.86276376247406,0.0,57.38737869262695,25.0,0.0,0.0,0.014214204624295235,0.006551169790327549,0.008437437936663628,0.008437437936663628
CelebDFv3,/root/Datasets/CelebDFv3/CelebDFv3/FAKE/TalkingFace/SadTalker/id31_0008_test_id03862_olt0RNbtFxM.mp4,TalkingFace/SadTalker,id31,,0,3.0731606483459473,-3.0731606483459473,0.0,34.104331970214844,25.0,0.0,0.0,0.002277752384543419,0.0057164812460541725,0.0074917045421898365,0.0074917045421898365
CelebDFv3,/root/Datasets/CelebDFv3/CelebDFv3/FAKE/FaceReenact/DaGAN/id22_id23_0006.mp4,FaceReenact/DaGAN,id22,id23,0,3.9891180992126465,-3.9891180992126465,0.0,31.71416473388672,30.0,0.0,0.0,0.03238045051693916,0.013028711080551147,0.009090861305594444,0.009090861305594444
CelebDFv3,/root/Datasets/CelebDFv3/CelebDFv3/FAKE/FaceReenact/FSRT/id26_id34_0003.mp4,FaceReenact/FSRT,id26,id34,0,-5.6866455078125,5.6866455078125,0.0,83.45945739746094,20.0,1.0,0.140625,0.01415292825549841,0.04158550128340721,0.027551190927624702,0.027551190927624702
CelebDFv3,/root/Datasets/CelebDFv3/CelebDFv3/FAKE/FaceReenact/HyperReenact/id56_id53_0006.mp4,FaceReenact/HyperReenact,id56,id53,0,2.3726258277893066,-2.3726258277893066,0.0,29.537817001342773,25.0,0.0,0.0,0.002456970512866974,0.0024124779738485813,0.005330830346792936,0.005330830346792936
CelebDFv3,/root/Datasets/CelebDFv3/CelebDFv3/FAKE/FaceReenact/LIA/id23_id16_0007.mp4,FaceReenact/LIA,id23,id16,0,0.7290490865707397,-0.7290490865707397,0.0,40.4876594543457,30.0,0.0,0.0,0.00933908298611641,0.0077022067271173,0.006510928273200989,0.006510928273200989
CelebDFv3,/root/Datasets/CelebDFv3/CelebDFv3/FAKE/FaceReenact/LivePortrait/id23_id0_0006.mp4,FaceReenact/LivePortrait,id23,id0,0,3.6325368881225586,-3.6325368881225586,0.0,20.0809268951416,30.0,0.0,0.0,0.0010511657455936074,0.003214021911844611,0.001280867145396769,0.0016971491277217865
CelebDFv3,/root/Datasets/CelebDFv3/CelebDFv3/FAKE/FaceReenact/MCNET/id59_id5_0000.mp4,FaceReenact/MCNET,id59,id5,0,1.3082016706466675,-1.3082016706466675,0.0,26.135452270507812,30.0,0.0,0.0,0.026430191472172737,0.01549146044999361,0.006298798136413097,0.006298798136413097
CelebDFv3,/root/Datasets/CelebDFv3/CelebDFv3/FAKE/FaceReenact/TPSMM/id26_id1_0000.mp4,FaceReenact/TPSMM,id26,id1,0,0.520913302898407,-0.520913302898407,0.0,43.75273513793945,30.0,1.0,0.171875,0.028697650879621506,0.005871118977665901,0.026283811777830124,0.026283811777830124
CelebDFv3,/root/Datasets/CelebDFv3/CelebDFv3/FAKE/FaceSwap/BlendFace/id23_id30_0001.mp4,FaceSwap/BlendFace,id23,id30,0,2.654482126235962,-2.654482126235962,0.0,31.66477394104004,30.0,0.0,0.0,0.0032326688524335623,0.0047282068990170956,0.0014533211942762136,0.0025830036029219627
CelebDFv3,/root/Datasets/CelebDFv3/CelebDFv3/FAKE/FaceSwap/Celeb-DF-v2/id48_id45_0004.mp4,FaceSwap/Celeb-DF-v2,id48,id45,0,2.4488277435302734,-2.4488277435302734,0.0,33.984256744384766,30.0,0.0,0.0,0.0054727341048419476,0.003247752320021391,0.00596201978623867,0.010646465234458447
CelebDFv3,/root/Datasets/CelebDFv3/CelebDFv3/FAKE/FaceSwap/GHOST/id23_id0_0008.mp4,FaceSwap/GHOST,id23,id0,0,1.2734520435333252,-1.2734520435333252,0.0,24.775062561035156,30.0,0.0,0.0,0.00268960022367537,0.0039657424204051495,0.0034642103128135204,0.006077300291508436
CelebDFv3,/root/Datasets/CelebDFv3/CelebDFv3/FAKE/FaceSwap/HifiFace/id23_id2_0005.mp4,FaceSwap/HifiFace,id23,id2,0,2.4818220138549805,-2.4818220138549805,0.0,26.515785217285156,30.0,0.0,0.0,0.008758950978517532,0.0035378511529415846,0.003845995757728815,0.007872676476836205
CelebDFv3,/root/Datasets/CelebDFv3/CelebDFv3/FAKE/FaceSwap/InSwapper/id31_id35_0006.mp4,FaceSwap/InSwapper,id31,id35,0,-2.5895028114318848,2.5895028114318848,0.0,36.76272964477539,30.0,0.0,0.0,0.006365629844367504,0.01262681931257248,0.0034550728742033243,0.006222059018909931
CelebDFv3,/root/Datasets/CelebDFv3/CelebDFv3/FAKE/FaceSwap/MobileFaceSwap/id54_id57_0006.mp4,FaceSwap/MobileFaceSwap,id54,id57,0,-0.1710994690656662,0.1710994690656662,0.0,39.14975357055664,30.0,0.0,0.0,0.00647851824760437,0.010112685151398182,0.003232971765100956,0.0057895896025002
CelebDFv3,/root/Datasets/CelebDFv3/CelebDFv3/FAKE/FaceSwap/SimSwap/id8_id1_0003.mp4,FaceSwap/SimSwap,id8,id1,0,0.4051484763622284,-0.4051484763622284,0.0,36.80153274536133,30.0,0.0,0.0,0.003884900826960802,0.014745689928531647,0.00237685302272439,0.004477991256862879
CelebDFv3,/root/Datasets/CelebDFv3/CelebDFv3/FAKE/FaceSwap/UniFace/id31_id16_0007.mp4,FaceSwap/UniFace,id31,id16,0,-7.224434852600098,7.224434852600098,0.0,56.42214584350586,30.0,0.0,0.0,0.011489874683320522,0.0064255669713020325,0.006379617378115654,0.01148871798068285
CelebDFv3,/root/Datasets/CelebDFv3/CelebDFv3/FAKE/TalkingFace/AniTalker/id22_0003_test_id02548_RoMUUfqkYF4.mp4,TalkingFace/AniTalker,id22,,0,2.7862367630004883,-2.7862367630004883,0.0,45.341712951660156,25.0,0.0,0.0,0.012062775902450085,0.008893935941159725,0.004802722483873367,0.004802722483873367
CelebDFv3,/root/Datasets/CelebDFv3/CelebDFv3/FAKE/TalkingFace/EDTalk/id31_0008_test_id03862_olt0RNbtFxM.mp4,TalkingFace/EDTalk,id31,,0,6.06980037689209,-6.06980037689209,0.0,31.03449058532715,25.0,0.0,0.0,0.012310679070651531,0.015049132518470287,0.007738727610558271,0.007738727610558271
CelebDFv3,/root/Datasets/CelebDFv3/CelebDFv3/FAKE/TalkingFace/EchoMimic/id54_0007_test_id01298_gWkO0NOMazs.mp4,TalkingFace/EchoMimic,id54,,0,0.5410606861114502,-0.5410606861114502,0.0,41.11600875854492,24.0,0.0,0.0,0.012498468160629272,0.020108146592974663,0.007096690591424704,0.007096690591424704
CelebDFv3,/root/Datasets/CelebDFv3/CelebDFv3/FAKE/TalkingFace/FLOAT/id8_0008_test_id01460_oxJYG8REHG8.mp4,TalkingFace/FLOAT,id8,,0,-3.5618534088134766,3.5618534088134766,0.0,26.635635375976562,25.0,0.0,0.0,0.018230384215712547,0.00999739021062851,0.012706799432635307,0.012706799432635307
CelebDFv3,/root/Datasets/CelebDFv3/CelebDFv3/FAKE/TalkingFace/IP_LAP/id26_0001_test_id04276_qavM_wuPxtI.mp4,TalkingFace/IP_LAP,id26,,0,0.03481675684452057,-0.03481675684452057,0.0,44.61788558959961,25.0,0.0,0.0,0.05281270295381546,0.02701975405216217,0.007839828729629517,0.007839828729629517
CelebDFv3,/root/Datasets/CelebDFv3/CelebDFv3/FAKE/TalkingFace/Real3DPortrait/id59_0009_test_id03862_yHtRhESo9Q0.mp4,TalkingFace/Real3DPortrait,id59,,0,-0.8798218965530396,0.8798218965530396,0.0,70.27770233154297,25.0,1.0,0.0625,0.012182926759123802,0.006753815803676844,0.009151751175522804,0.009151751175522804
CelebDFv3,/root/Datasets/CelebDFv3/CelebDFv3/FAKE/TalkingFace/SadTalker/id51_0004_test_id01618_gdW26NMVO2g.mp4,TalkingFace/SadTalker,id51,,0,-2.7115259170532227,2.7115259170532227,0.0,30.62672996520996,25.0,1.0,0.984375,0.0,0.0,0.0,0.0
CelebDFv3,/root/Datasets/CelebDFv3/CelebDFv3/FAKE/FaceReenact/DaGAN/id23_id27_0000.mp4,FaceReenact/DaGAN,id23,id27,0,1.2333135604858398,-1.2333135604858398,0.0,26.02043342590332,30.0,1.0,0.015625,0.02822253666818142,0.014177306555211544,0.01185197290033102,0.01185197290033102
CelebDFv3,/root/Datasets/CelebDFv3/CelebDFv3/FAKE/FaceReenact/FSRT/id48_id43_0008.mp4,FaceReenact/FSRT,id48,id43,0,-4.913641929626465,4.913641929626465,0.0,44.87309646606445,20.0,1.0,0.453125,0.012956706807017326,0.007232154719531536,0.010117685422301292,0.010117685422301292
CelebDFv3,/root/Datasets/CelebDFv3/CelebDFv3/FAKE/FaceReenact/HyperReenact/id31_id1_0000.mp4,FaceReenact/HyperReenact,id31,id1,0,-1.0853211879730225,1.0853211879730225,0.0,22.11886215209961,25.0,0.0,0.0,0.013328741304576397,0.003598892129957676,0.010792304761707783,0.010792304761707783
CelebDFv3,/root/Datasets/CelebDFv3/CelebDFv3/FAKE/FaceReenact/LIA/id31_id38_0009.mp4,FaceReenact/LIA,id31,id38,0,3.1702823638916016,-3.1702823638916016,0.0,28.108545303344727,30.0,1.0,0.0625,0.026157628744840622,0.017586085945367813,0.013187802396714687,0.013187802396714687
CelebDFv3,/root/Datasets/CelebDFv3/CelebDFv3/FAKE/FaceReenact/LivePortrait/id26_id32_0001.mp4,FaceReenact/LivePortrait,id26,id32,0,-0.37230223417282104,0.37230223417282104,0.0,47.28948974609375,30.0,1.0,0.015625,0.004082387313246727,0.0032914781477302313,0.0015836036764085293,0.002845118520781398
CelebDFv3,/root/Datasets/CelebDFv3/CelebDFv3/FAKE/FaceReenact/MCNET/id22_id20_0002.mp4,FaceReenact/MCNET,id22,id20,0,5.721548080444336,-5.721548080444336,0.0,21.700942993164062,30.0,0.0,0.0,0.03812694549560547,0.012112336233258247,0.01148184947669506,0.01148184947669506
CelebDFv3,/root/Datasets/CelebDFv3/CelebDFv3/FAKE/FaceReenact/TPSMM/id54_id52_0005.mp4,FaceReenact/TPSMM,id54,id52,0,1.7736235857009888,-1.7736235857009888,0.0,24.000654220581055,30.0,1.0,0.03125,0.024090444669127464,0.01305664423853159,0.013541895896196365,0.013541895896196365
CelebDFv3,/root/Datasets/CelebDFv3/CelebDFv3/FAKE/FaceSwap/BlendFace/id8_id0_0008.mp4,FaceSwap/BlendFace,id8,id0,0,0.8226321935653687,-0.8226321935653687,0.0,28.59626007080078,30.0,0.0,0.0,0.005988813936710358,0.006582011468708515,0.001088092103600502,0.0020499653182923794
CelebDFv3,/root/Datasets/CelebDFv3/CelebDFv3/FAKE/FaceSwap/Celeb-DF-v2/id51_id50_0000.mp4,FaceSwap/Celeb-DF-v2,id51,id50,0,0.20710837841033936,-0.20710837841033936,0.0,19.065427780151367,30.0,0.0,0.0,0.009658544324338436,0.004915482364594936,0.006284930743277073,0.011255023069679737
CelebDFv3,/root/Datasets/CelebDFv3/CelebDFv3/FAKE/FaceSwap/GHOST/id26_id38_0002.mp4,FaceSwap/GHOST,id26,id38,0,2.086060047149658,-2.086060047149658,0.0,24.606307983398438,30.0,0.0,0.0,0.010499309748411179,0.016334913671016693,0.0036633345298469067,0.006581584457308054
CelebDFv3,/root/Datasets/CelebDFv3/CelebDFv3/FAKE/FaceSwap/HifiFace/id56_id49_0006.mp4,FaceSwap/HifiFace,id56,id49,0,1.0234339237213135,-1.0234339237213135,0.0,29.0538330078125,30.0,0.0,0.0,0.00986830797046423,0.008130346424877644,0.0035332227125763893,0.006327277980744839
CelebDFv3,/root/Datasets/CelebDFv3/CelebDFv3/FAKE/FaceSwap/InSwapper/id23_id3_0006.mp4,FaceSwap/InSwapper,id23,id3,0,1.1035531759262085,-1.1035531759262085,0.0,16.849454879760742,30.0,0.0,0.0,0.010841435752809048,0.0061471303924918175,0.003219368401914835,0.004265663214027882
CelebDFv3,/root/Datasets/CelebDFv3/CelebDFv3/FAKE/FaceSwap/MobileFaceSwap/id26_id37_0001.mp4,FaceSwap/MobileFaceSwap,id26,id37,0,2.245922088623047,-2.245922088623047,0.0,36.62876510620117,30.0,1.0,0.015625,0.019333161413669586,0.015102535486221313,0.0038612624630331993,0.006937182974070311
CelebDFv3,/root/Datasets/CelebDFv3/CelebDFv3/FAKE/FaceSwap/SimSwap/id26_id34_0006.mp4,FaceSwap/SimSwap,id26,id34,0,0.3825255036354065,-0.3825255036354065,0.0,70.43165588378906,30.0,1.0,0.015625,0.024448860436677933,0.009114788845181465,0.008320029824972153,0.015150448307394981
CelebDFv3,/root/Datasets/CelebDFv3/CelebDFv3/FAKE/FaceSwap/UniFace/id56_id55_0001.mp4,FaceSwap/UniFace,id56,id55,0,1.4251521825790405,-1.4251521825790405,0.0,24.487857818603516,30.0,0.0,0.0,0.003907575737684965,0.007930572144687176,0.0031782134901732206,0.005691528785973787
CelebDFv3,/root/Datasets/CelebDFv3/CelebDFv3/FAKE/TalkingFace/AniTalker/id8_0002_test_id00817_EPPT9urr8Ew.mp4,TalkingFace/AniTalker,id8,,0,2.493821144104004,-2.493821144104004,0.0,32.37775421142578,25.0,0.0,0.0,0.013308594934642315,0.009364117868244648,0.005193748977035284,0.005193748977035284
CelebDFv3,/root/Datasets/CelebDFv3/CelebDFv3/FAKE/TalkingFace/EDTalk/id25_0001_test_id00866_4wuP1StGqIA.mp4,TalkingFace/EDTalk,id25,,0,0.721952497959137,-0.721952497959137,0.0,29.612180709838867,25.0,0.0,0.0,0.014500638470053673,0.015804719179868698,0.004701250232756138,0.004701250232756138
CelebDFv3,/root/Datasets/CelebDFv3/CelebDFv3/FAKE/TalkingFace/EchoMimic/id26_0008_test_id02181_hIvctbfcBx8.mp4,TalkingFace/EchoMimic,id26,,0,4.091847896575928,-4.091847896575928,0.0,22.29473304748535,24.0,0.0,0.0,0.010045579634606838,0.010288267396390438,0.01117539219558239,0.01117539219558239
CelebDFv3,/root/Datasets/CelebDFv3/CelebDFv3/FAKE/TalkingFace/FLOAT/id31_0005_test_id03677_m2KRRpGumDo.mp4,TalkingFace/FLOAT,id31,,0,0.664086103439331,-0.664086103439331,0.0,31.57327651977539,25.0,0.0,0.0,0.014975650236010551,0.011441344395279884,0.007103662937879562,0.007103662937879562
CelebDFv3,/root/Datasets/CelebDFv3/CelebDFv3/FAKE/TalkingFace/IP_LAP/id59_0002_test_id03677_qPImh22zcl0.mp4,TalkingFace/IP_LAP,id59,,0,-2.822377920150757,2.822377920150757,0.0,41.49459457397461,25.0,1.0,0.71875,0.03380747139453888,0.0031850840896368027,0.006136104464530945,0.006136104464530945
CelebDFv3,/root/Datasets/CelebDFv3/CelebDFv3/FAKE/TalkingFace/Real3DPortrait/id54_0006_test_id07961_464OHFffwjI.mp4,TalkingFace/Real3DPortrait,id54,,0,-0.8517969846725464,0.8517969846725464,0.0,40.91777038574219,25.0,0.0,0.0,0.014971497468650341,0.006555442698299885,0.010356071405112743,0.010356071405112743
CelebDFv3,/root/Datasets/CelebDFv3/CelebDFv3/FAKE/TalkingFace/SadTalker/id26_0005_test_id09017_oF8cALd6lU0.mp4,TalkingFace/SadTalker,id26,,0,0.28525394201278687,-0.28525394201278687,0.0,48.626773834228516,25.0,0.0,0.0,0.0038127589505165815,0.009386524558067322,0.007130095735192299,0.007130095735192299
CelebDFv3,/root/Datasets/CelebDFv3/CelebDFv3/FAKE/FaceReenact/DaGAN/id31_id2_0005.mp4,FaceReenact/DaGAN,id31,id2,0,-1.5766242742538452,1.5766242742538452,0.0,32.71414566040039,30.0,0.0,0.0,0.013230036944150925,0.007033770438283682,0.007819569669663906,0.007819569669663906
CelebDFv3,/root/Datasets/CelebDFv3/CelebDFv3/FAKE/FaceReenact/FSRT/id26_id25_0003.mp4,FaceReenact/FSRT,id26,id25,0,-7.3555684089660645,7.3555684089660645,0.0,101.37208557128906,20.0,0.0,0.0,0.017768515273928642,0.014758588746190071,0.008987202309072018,0.008987202309072018
CelebDFv3,/root/Datasets/CelebDFv3/CelebDFv3/FAKE/FaceReenact/HyperReenact/id25_id26_0004.mp4,FaceReenact/HyperReenact,id25,id26,0,1.564988613128662,-1.564988613128662,0.0,34.03538131713867,25.0,0.0,0.0,0.005357563029974699,0.0026616291143000126,0.005178128369152546,0.005178128369152546
CelebDFv3,/root/Datasets/CelebDFv3/CelebDFv3/FAKE/FaceReenact/LIA/id26_id25_0004.mp4,FaceReenact/LIA,id26,id25,0,2.717409133911133,-2.717409133911133,0.0,24.454195022583008,30.0,1.0,0.171875,0.024227367714047432,0.014845490455627441,0.010811659507453442,0.010811659507453442
CelebDFv3,/root/Datasets/CelebDFv3/CelebDFv3/FAKE/FaceReenact/LivePortrait/id26_id35_0002.mp4,FaceReenact/LivePortrait,id26,id35,0,-0.5579197406768799,0.5579197406768799,0.0,24.80327606201172,30.0,0.0,0.0,0.006970682647079229,0.0071057225577533245,0.00474879564717412,0.008531734347343445
CelebDFv3,/root/Datasets/CelebDFv3/CelebDFv3/FAKE/FaceReenact/MCNET/id54_id49_0008.mp4,FaceReenact/MCNET,id54,id49,0,2.4335672855377197,-2.4335672855377197,0.0,31.225276947021484,30.0,0.0,0.0,0.017187394201755524,0.009455567225813866,0.009172292426228523,0.009172292426228523
CelebDFv3,/root/Datasets/CelebDFv3/CelebDFv3/FAKE/FaceReenact/TPSMM/id51_id57_0008.mp4,FaceReenact/TPSMM,id51,id57,0,3.353419780731201,-3.353419780731201,0.0,29.175416946411133,29.829999923706055,0.0,0.0,0.017705820500850677,0.010537601076066494,0.009440569207072258,0.009440569207072258
CelebDFv3,/root/Datasets/CelebDFv3/CelebDFv3/FAKE/FaceSwap/BlendFace/id23_id4_0007.mp4,FaceSwap/BlendFace,id23,id4,0,3.533900260925293,-3.533900260925293,0.0,23.21826171875,30.0,0.0,0.0,0.016034897416830063,0.032270245254039764,0.008100600913167,0.01421096920967102
CelebDFv3,/root/Datasets/CelebDFv3/CelebDFv3/FAKE/FaceSwap/Celeb-DF-v2/id25_id23_0002.mp4,FaceSwap/Celeb-DF-v2,id25,id23,0,2.799046754837036,-2.799046754837036,0.0,15.502073287963867,30.0,0.0,0.0,0.012140044011175632,0.02195657789707184,0.004067582078278065,0.007325095124542713
CelebDFv3,/root/Datasets/CelebDFv3/CelebDFv3/FAKE/FaceSwap/GHOST/id31_id9_0005.mp4,FaceSwap/GHOST,id31,id9,0,0.2283000349998474,-0.2283000349998474,0.0,35.315521240234375,30.0,0.0,0.0,0.007407544646412134,0.007048950996249914,0.0036303214728832245,0.006537654437124729
CelebDFv3,/root/Datasets/CelebDFv3/CelebDFv3/FAKE/FaceSwap/HifiFace/id8_id0_0008.mp4,FaceSwap/HifiFace,id8,id0,0,-0.4850747287273407,0.4850747287273407,0.0,29.44566535949707,30.0,0.0,0.0,0.005753680597990751,0.006296198349446058,0.0013736016117036343,0.002587865572422743
CelebDFv3,/root/Datasets/CelebDFv3/CelebDFv3/FAKE/FaceSwap/InSwapper/id31_id21_0001.mp4,FaceSwap/InSwapper,id31,id21,0,-1.9782397747039795,1.9782397747039795,0.0,29.20032501220703,30.0,0.0,0.0,0.0033204201608896255,0.004759622737765312,0.002120946766808629,0.003819501493126154
CelebDFv3,/root/Datasets/CelebDFv3/CelebDFv3/FAKE/FaceSwap/MobileFaceSwap/id26_id32_0001.mp4,FaceSwap/MobileFaceSwap,id26,id32,0,1.908281683921814,-1.908281683921814,0.0,36.1489143371582,30.0,1.0,0.03125,0.02241315320134163,0.019123250618577003,0.004854269325733185,0.008721228688955307
CelebDFv3,/root/Datasets/CelebDFv3/CelebDFv3/FAKE/FaceSwap/SimSwap/id23_id3_0009.mp4,FaceSwap/SimSwap,id23,id3,0,3.2570037841796875,-3.2570037841796875,0.0,19.42184829711914,30.0,0.0,0.0,0.004984622355550528,0.005812625866383314,0.0036952097434550524,0.004892457742244005
CelebDFv3,/root/Datasets/CelebDFv3/CelebDFv3/FAKE/FaceSwap/UniFace/id26_id30_0002.mp4,FaceSwap/UniFace,id26,id30,0,0.6990137100219727,-0.6990137100219727,0.0,25.916683197021484,30.0,0.0,0.0,0.011378126218914986,0.017272818833589554,0.003865334903821349,0.006944499909877777
CelebDFv3,/root/Datasets/CelebDFv3/CelebDFv3/FAKE/TalkingFace/AniTalker/id31_0000_test_id03041_qyCz5uttaAA.mp4,TalkingFace/AniTalker,id31,,0,0.470770001411438,-0.470770001411438,0.0,20.654254913330078,25.0,0.0,0.0,0.015350275672972202,0.00704873725771904,0.00510752247646451,0.00510752247646451
CelebDFv3,/root/Datasets/CelebDFv3/CelebDFv3/FAKE/TalkingFace/EDTalk/id22_0005_test_id05714_wFGNufaMbDY.mp4,TalkingFace/EDTalk,id22,,0,5.817550182342529,-5.817550182342529,0.0,29.465782165527344,25.0,0.0,0.0,0.01664799265563488,0.01159251481294632,0.007161181885749102,0.007161181885749102
CelebDFv3,/root/Datasets/CelebDFv3/CelebDFv3/FAKE/TalkingFace/EchoMimic/id23_0008_test_id06811_Y6PB7tt3VPc.mp4,TalkingFace/EchoMimic,id23,,0,2.566138744354248,-2.566138744354248,0.0,27.341520309448242,24.0,0.0,0.0,0.009066376835107803,0.010654348880052567,0.0066979373805224895,0.0066979373805224895
CelebDFv3,/root/Datasets/CelebDFv3/CelebDFv3/FAKE/TalkingFace/FLOAT/id23_0008_test_id05124_uPPqcWVd-dg.mp4,TalkingFace/FLOAT,id23,,0,2.2879672050476074,-2.2879672050476074,0.0,25.07522964477539,25.0,0.0,0.0,0.011382624506950378,0.012163665145635605,0.016119156032800674,0.016119156032800674
CelebDFv3,/root/Datasets/CelebDFv3/CelebDFv3/FAKE/TalkingFace/IP_LAP/id8_0005_test_id07802_XUhS4zwprEk.mp4,TalkingFace/IP_LAP,id8,,0,0.6231006383895874,-0.6231006383895874,0.0,32.033103942871094,25.0,0.0,0.0,0.019717788323760033,0.01541192177683115,0.02282663993537426,0.02282663993537426
CelebDFv3,/root/Datasets/CelebDFv3/CelebDFv3/FAKE/TalkingFace/Real3DPortrait/id59_0003_test_id01066_0n-7JunX4kg.mp4,TalkingFace/Real3DPortrait,id59,,0,-1.9758057594299316,1.9758057594299316,0.0,82.05705261230469,25.0,0.0,0.0,0.01399900857359171,0.006031564902514219,0.008255045861005783,0.008255045861005783
CelebDFv3,/root/Datasets/CelebDFv3/CelebDFv3/FAKE/TalkingFace/SadTalker/id56_0001_test_id01333_X8REn1clroY.mp4,TalkingFace/SadTalker,id56,,0,3.473881959915161,-3.473881959915161,0.0,21.97882843017578,25.0,0.0,0.0,0.003167673945426941,0.00801741424947977,0.017403405159711838,0.017403405159711838
CelebDFv3,/root/Datasets/CelebDFv3/CelebDFv3/FAKE/FaceReenact/DaGAN/id26_id35_0001.mp4,FaceReenact/DaGAN,id26,id35,0,0.7423663139343262,-0.7423663139343262,0.0,59.04951095581055,30.0,1.0,0.046875,0.01419832557439804,0.014196109026670456,0.009529925882816315,0.009529925882816315
CelebDFv3,/root/Datasets/CelebDFv3/CelebDFv3/FAKE/FaceReenact/FSRT/id22_id26_0001.mp4,FaceReenact/FSRT,id22,id26,0,2.139268636703491,-2.139268636703491,0.0,19.527429580688477,20.0,1.0,0.03125,0.03929658979177475,0.029126852750778198,0.02613871358335018,0.02613871358335018
CelebDFv3,/root/Datasets/CelebDFv3/CelebDFv3/FAKE/FaceReenact/HyperReenact/id56_id58_0002.mp4,FaceReenact/HyperReenact,id56,id58,0,4.5452399253845215,-4.5452399253845215,0.0,24.758403778076172,25.0,0.0,0.0,0.010141642764210701,0.0026121935807168484,0.01003347523510456,0.01003347523510456
CelebDFv3,/root/Datasets/CelebDFv3/CelebDFv3/FAKE/FaceReenact/LIA/id59_id60_0000.mp4,FaceReenact/LIA,id59,id60,0,0.5400198101997375,-0.5400198101997375,0.0,23.70297622680664,30.0,1.0,0.03125,0.04486249387264252,0.020935222506523132,0.0225063469260931,0.0225063469260931
CelebDFv3,/root/Datasets/CelebDFv3/CelebDFv3/FAKE/FaceReenact/LivePortrait/id26_id30_0006.mp4,FaceReenact/LivePortrait,id26,id30,0,1.6142759323120117,-1.6142759323120117,0.0,63.784889221191406,30.0,0.0,0.0,0.010854750871658325,0.009955178946256638,0.004484897013753653,0.008166821673512459
CelebDFv3,/root/Datasets/CelebDFv3/CelebDFv3/FAKE/FaceReenact/MCNET/id23_id9_0004.mp4,FaceReenact/MCNET,id23,id9,0,2.367152214050293,-2.367152214050293,0.0,24.626285552978516,30.0,0.0,0.0,0.014387693256139755,0.008745823055505753,0.007598310708999634,0.007598310708999634
CelebDFv3,/root/Datasets/CelebDFv3/CelebDFv3/FAKE/FaceReenact/TPSMM/id23_id19_0000.mp4,FaceReenact/TPSMM,id23,id19,0,1.478581428527832,-1.478581428527832,0.0,23.95330238342285,29.829999923706055,0.0,0.0,0.022226881235837936,0.020700402557849884,0.015967857092618942,0.015967857092618942
CelebDFv3,/root/Datasets/CelebDFv3/CelebDFv3/FAKE/FaceSwap/BlendFace/id22_id28_0005.mp4,FaceSwap/BlendFace,id22,id28,0,2.301805019378662,-2.301805019378662,0.0,34.075504302978516,30.0,0.0,0.0,0.008914451114833355,0.0037616470362991095,0.002395506016910076,0.004257559310644865
CelebDFv3,/root/Datasets/CelebDFv3/CelebDFv3/FAKE/FaceSwap/Celeb-DF-v2/id31_id2_0007.mp4,FaceSwap/Celeb-DF-v2,id31,id2,0,-6.940823078155518,6.940823078155518,0.0,59.906898498535156,30.0,1.0,0.015625,0.018298646435141563,0.005943842697888613,0.009955494664609432,0.01792832650244236
CelebDFv3,/root/Datasets/CelebDFv3/CelebDFv3/FAKE/FaceSwap/GHOST/id23_id38_0000.mp4,FaceSwap/GHOST,id23,id38,0,2.3404860496520996,-2.3404860496520996,0.0,24.561418533325195,30.0,0.0,0.0,0.003277219133451581,0.002642212435603142,0.0015415253583341837,0.0027397696394473314
CelebDFv3,/root/Datasets/CelebDFv3/CelebDFv3/FAKE/FaceSwap/HifiFace/id31_id37_0005.mp4,FaceSwap/HifiFace,id31,id37,0,0.35085439682006836,-0.35085439682006836,0.0,36.0155029296875,30.0,0.0,0.0,0.008428314700722694,0.006942199543118477,0.002172500127926469,0.0039123413152992725
CelebDFv3,/root/Datasets/CelebDFv3/CelebDFv3/FAKE/FaceSwap/InSwapper/id54_id52_0006.mp4,FaceSwap/InSwapper,id54,id52,0,-2.9996256828308105,2.9996256828308105,0.0,38.21009826660156,30.0,1.0,0.015625,0.006329280324280262,0.01038166880607605,0.004204554483294487,0.0075294943526387215
CelebDFv3,/root/Datasets/CelebDFv3/CelebDFv3/FAKE/FaceSwap/MobileFaceSwap/id23_id4_0005.mp4,FaceSwap/MobileFaceSwap,id23,id4,0,2.0994200706481934,-2.0994200706481934,0.0,26.88603973388672,30.0,0.0,0.0,0.008441089652478695,0.0034030438400804996,0.004213055595755577,0.008624040521681309
CelebDFv3,/root/Datasets/CelebDFv3/CelebDFv3/FAKE/FaceSwap/SimSwap/id54_id53_0000.mp4,FaceSwap/SimSwap,id54,id53,0,0.44796115159988403,-0.44796115159988403,0.0,27.59766960144043,30.0,0.0,0.0,0.012877755798399448,0.006999689619988203,0.0021239903289824724,0.003803631290793419
CelebDFv3,/root/Datasets/CelebDFv3/CelebDFv3/FAKE/FaceSwap/UniFace/id8_id2_0007.mp4,FaceSwap/UniFace,id8,id2,0,-0.055258169770240784,0.055258169770240784,0.0,24.414342880249023,30.0,0.0,0.0,0.013993099331855774,0.05531522259116173,0.002459669718518853,0.004634017590433359
CelebDFv3,/root/Datasets/CelebDFv3/CelebDFv3/FAKE/TalkingFace/AniTalker/id56_0004_test_id04366_GAE3onT-CHs.mp4,TalkingFace/AniTalker,id56,,0,2.606321096420288,-2.606321096420288,0.0,23.974138259887695,25.0,0.0,0.0,0.007516537792980671,0.003420544322580099,0.0040811472572386265,0.0040811472572386265
CelebDFv3,/root/Datasets/CelebDFv3/CelebDFv3/FAKE/TalkingFace/EDTalk/id51_0005_test_id09017_sduESYpj2-I.mp4,TalkingFace/EDTalk,id51,,0,0.927221953868866,-0.927221953868866,0.0,25.769378662109375,25.0,0.0,0.0,0.01507045328617096,0.012509548105299473,0.010653621517121792,0.010653621517121792
CelebDFv3,/root/Datasets/CelebDFv3/CelebDFv3/FAKE/TalkingFace/EchoMimic/id23_0004_test_id07961_DM8nW7joT3A.mp4,TalkingFace/EchoMimic,id23,,0,0.31888362765312195,-0.31888362765312195,0.0,38.36273193359375,24.0,0.0,0.0,0.014582923613488674,0.01621083915233612,0.00747779430821538,0.00747779430821538
CelebDFv3,/root/Datasets/CelebDFv3/CelebDFv3/FAKE/TalkingFace/FLOAT/id25_0002_test_id07620_fx5jKGlv9Ek.mp4,TalkingFace/FLOAT,id25,,0,2.30185604095459,-2.30185604095459,0.0,17.86136245727539,25.0,0.0,0.0,0.01734393648803234,0.014609363861382008,0.013058858923614025,0.013058858923614025
CelebDFv3,/root/Datasets/CelebDFv3/CelebDFv3/FAKE/TalkingFace/IP_LAP/id22_0003_test_id02317_YCBadU0v3AE.mp4,TalkingFace/IP_LAP,id22,,0,4.341310024261475,-4.341310024261475,0.0,56.97643280029297,25.0,1.0,0.296875,0.029480423778295517,0.009845808148384094,0.019323155283927917,0.019323155283927917
CelebDFv3,/root/Datasets/CelebDFv3/CelebDFv3/FAKE/TalkingFace/Real3DPortrait/id26_0008_test_id01541_SjibtkyrW1A.mp4,TalkingFace/Real3DPortrait,id26,,0,3.2202205657958984,-3.2202205657958984,0.0,22.761568069458008,25.0,0.0,0.0,0.018764764070510864,0.006687704008072615,0.007773546501994133,0.007773546501994133
CelebDFv3,/root/Datasets/CelebDFv3/CelebDFv3/FAKE/TalkingFace/SadTalker/id26_0004_test_id05654_veGIQ7p2ZSk.mp4,TalkingFace/SadTalker,id26,,0,0.6893898844718933,-0.6893898844718933,0.0,27.947744369506836,25.0,0.0,0.0,0.003013330278918147,0.007790909148752689,0.006017653737217188,0.006017653737217188
CelebDFv3,/root/Datasets/CelebDFv3/CelebDFv3/FAKE/FaceReenact/DaGAN/id48_id40_0009.mp4,FaceReenact/DaGAN,id48,id40,0,3.933953285217285,-3.933953285217285,0.0,28.891918182373047,30.0,0.0,0.0,0.023490596562623978,0.013277243822813034,0.01104737352579832,0.01104737352579832
CelebDFv3,/root/Datasets/CelebDFv3/CelebDFv3/FAKE/FaceReenact/FSRT/id31_id20_0002.mp4,FaceReenact/FSRT,id31,id20,0,-0.14075027406215668,0.14075027406215668,0.0,23.623205184936523,20.0,1.0,0.171875,0.03642135113477707,0.015885677188634872,0.04097450524568558,0.04097450524568558
CelebDFv3,/root/Datasets/CelebDFv3/CelebDFv3/FAKE/FaceReenact/HyperReenact/id56_id54_0008.mp4,FaceReenact/HyperReenact,id56,id54,0,1.581730604171753,-1.581730604171753,0.0,33.69743347167969,25.0,0.0,0.0,0.0063955471850931644,0.0027046415489166975,0.007677880115807056,0.007677880115807056
CelebDFv3,/root/Datasets/CelebDFv3/CelebDFv3/FAKE/FaceReenact/LIA/id48_id43_0001.mp4,FaceReenact/LIA,id48,id43,0,2.2423486709594727,-2.2423486709594727,0.0,23.641616821289062,30.0,0.0,0.0,0.017118515446782112,0.005124837625771761,0.005832431837916374,0.005832431837916374
CelebDFv3,/root/Datasets/CelebDFv3/CelebDFv3/FAKE/FaceReenact/LivePortrait/id26_id29_0008.mp4,FaceReenact/LivePortrait,id26,id29,0,2.3986904621124268,-2.3986904621124268,0.0,22.85464096069336,30.0,1.0,0.0625,0.0059409234672784805,0.005529314279556274,0.004562380723655224,0.00830791611224413
CelebDFv3,/root/Datasets/CelebDFv3/CelebDFv3/FAKE/FaceReenact/MCNET/id54_id53_0008.mp4,FaceReenact/MCNET,id54,id53,0,3.2085580825805664,-3.2085580825805664,0.0,28.358718872070312,30.0,0.0,0.0,0.009212756529450417,0.007458842359483242,0.0055548446252942085,0.0055548446252942085
CelebDFv3,/root/Datasets/CelebDFv3/CelebDFv3/FAKE/FaceReenact/TPSMM/id23_id27_0006.mp4,FaceReenact/TPSMM,id23,id27,0,2.694758415222168,-2.694758415222168,0.0,17.239782333374023,30.0,0.0,0.0,0.0248363446444273,0.01449056901037693,0.01570490561425686,0.01570490561425686
CelebDFv3,/root/Datasets/CelebDFv3/CelebDFv3/FAKE/FaceSwap/BlendFace/id48_id41_0006.mp4,FaceSwap/BlendFace,id48,id41,0,2.6148757934570312,-2.6148757934570312,0.0,24.879972457885742,30.0,0.0,0.0,0.008054534904658794,0.04595659300684929,0.006673103664070368,0.008755112066864967
CelebDFv3,/root/Datasets/CelebDFv3/CelebDFv3/FAKE/FaceSwap/Celeb-DF-v2/id23_id17_0000.mp4,FaceSwap/Celeb-DF-v2,id23,id17,0,2.8959250450134277,-2.8959250450134277,0.0,24.48041343688965,30.0,0.0,0.0,0.0035109613090753555,0.0026768678799271584,0.0020858244970440865,0.0037071583792567253
CelebDFv3,/root/Datasets/CelebDFv3/CelebDFv3/FAKE/FaceSwap/GHOST/id59_id60_0007.mp4,FaceSwap/GHOST,id59,id60,0,3.609961748123169,-3.609961748123169,0.0,30.693920135498047,30.0,0.0,0.0,0.008813455700874329,0.0048538995906710625,0.002114082919433713,0.0037858893629163504
CelebDFv3,/root/Datasets/CelebDFv3/CelebDFv3/FAKE/FaceSwap/HifiFace/id26_id30_0003.mp4,FaceSwap/HifiFace,id26,id30,0,-9.126358032226562,9.126358032226562,0.0,101.70753479003906,30.0,1.0,0.015625,0.007626798003911972,0.011466088704764843,0.0037759270053356886,0.0067838686518371105
CelebDFv3,/root/Datasets/CelebDFv3/CelebDFv3/FAKE/FaceSwap/InSwapper/id31_id17_0004.mp4,FaceSwap/InSwapper,id31,id17,0,-0.29739174246788025,0.29739174246788025,0.0,27.354509353637695,30.0,0.0,0.0,0.00935322418808937,0.004287625662982464,0.0027918291743844748,0.005027658771723509
CelebDFv3,/root/Datasets/CelebDFv3/CelebDFv3/FAKE/FaceSwap/MobileFaceSwap/id23_id30_0001.mp4,FaceSwap/MobileFaceSwap,id23,id30,0,3.123594284057617,-3.123594284057617,0.0,28.652238845825195,30.0,0.0,0.0,0.0034337679389864206,0.004761273041367531,0.0017176528926938772,0.003052803222090006
CelebDFv3,/root/Datasets/CelebDFv3/CelebDFv3/FAKE/FaceSwap/SimSwap/id26_id2_0005.mp4,FaceSwap/SimSwap,id26,id2,0,-0.927213191986084,0.927213191986084,0.0,59.16817092895508,30.0,0.0,0.0,0.004922911059111357,0.012276187539100647,0.006808293517678976,0.007555194664746523
CelebDFv3,/root/Datasets/CelebDFv3/CelebDFv3/FAKE/FaceSwap/UniFace/id23_id22_0002.mp4,FaceSwap/UniFace,id23,id22,0,1.0042914152145386,-1.0042914152145386,0.0,23.88899803161621,30.0,0.0,0.0,0.023417210206389427,0.019650774076581,0.010142228566110134,0.018025891855359077
CelebDFv3,/root/Datasets/CelebDFv3/CelebDFv3/FAKE/TalkingFace/AniTalker/id31_0001_test_id03839_pX7kYiDgFMA.mp4,TalkingFace/AniTalker,id31,,0,-0.5428162217140198,0.5428162217140198,0.0,29.928077697753906,25.0,0.0,0.0,0.009225986897945404,0.004109370056539774,0.006909957621246576,0.006909957621246576
CelebDFv3,/root/Datasets/CelebDFv3/CelebDFv3/FAKE/TalkingFace/EDTalk/id56_0001_test_id01106_mkgP19APekU.mp4,TalkingFace/EDTalk,id56,,0,4.806755065917969,-4.806755065917969,0.0,27.80100440979004,25.0,0.0,0.0,0.013467508368194103,0.014810474589467049,0.006571273785084486,0.006571273785084486
CelebDFv3,/root/Datasets/CelebDFv3/CelebDFv3/FAKE/TalkingFace/EchoMimic/id26_0009_test_id01224_0MbJ83_n8G0.mp4,TalkingFace/EchoMimic,id26,,0,2.3829116821289062,-2.3829116821289062,0.0,60.62431716918945,24.0,0.0,0.0,0.011645179241895676,0.00823107548058033,0.00992634892463684,0.00992634892463684
CelebDFv3,/root/Datasets/CelebDFv3/CelebDFv3/FAKE/TalkingFace/FLOAT/id25_0009_test_id05124_1HAXGOri_x0.mp4,TalkingFace/FLOAT,id25,,0,1.1491317749023438,-1.1491317749023438,0.0,23.144855499267578,25.0,0.0,0.0,0.01258663646876812,0.014883051626384258,0.01257209200412035,0.01257209200412035
CelebDFv3,/root/Datasets/CelebDFv3/CelebDFv3/FAKE/TalkingFace/IP_LAP/id25_0002_test_id03524_cxnnKLQYemo.mp4,TalkingFace/IP_LAP,id25,,0,2.370342493057251,-2.370342493057251,0.0,17.368152618408203,25.0,0.0,0.0,0.03666326403617859,0.028101876378059387,0.009165647439658642,0.009165647439658642
CelebDFv3,/root/Datasets/CelebDFv3/CelebDFv3/FAKE/TalkingFace/Real3DPortrait/id26_0005_test_id09017_oF8cALd6lU0.mp4,TalkingFace/Real3DPortrait,id26,,0,0.08497188985347748,-0.08497188985347748,0.0,50.5764274597168,25.0,0.0,0.0,0.015898896381258965,0.007937051355838776,0.005721937865018845,0.005721937865018845
CelebDFv3,/root/Datasets/CelebDFv3/CelebDFv3/FAKE/TalkingFace/SadTalker/id54_0007_test_id01333_D9Eylmbz4Ik.mp4,TalkingFace/SadTalker,id54,,0,0.8838611245155334,-0.8838611245155334,0.0,40.82188034057617,25.0,0.0,0.0,0.004476008005440235,0.011530563235282898,0.006946180481463671,0.006946180481463671
CelebDFv3,/root/Datasets/CelebDFv3/CelebDFv3/FAKE/FaceReenact/DaGAN/id23_id31_0007.mp4,FaceReenact/DaGAN,id23,id31,0,1.910270094871521,-1.910270094871521,0.0,32.92017364501953,30.0,0.0,0.0,0.00721441674977541,0.009132804349064827,0.005342049058526754,0.005342049058526754
CelebDFv3,/root/Datasets/CelebDFv3/CelebDFv3/FAKE/FaceReenact/FSRT/id26_id1_0004.mp4,FaceReenact/FSRT,id26,id1,0,1.3113840818405151,-1.3113840818405151,0.0,27.548194885253906,20.0,0.0,0.0,0.018898827955126762,0.008506357669830322,0.003591940738260746,0.003591940738260746
CelebDFv3,/root/Datasets/CelebDFv3/CelebDFv3/FAKE/FaceReenact/HyperReenact/id23_id34_0009.mp4,FaceReenact/HyperReenact,id23,id34,0,1.932011365890503,-1.932011365890503,0.0,23.66178321838379,25.0,0.0,0.0,0.003429024713113904,0.005583012010902166,0.008009765297174454,0.008009765297174454
CelebDFv3,/root/Datasets/CelebDFv3/CelebDFv3/FAKE/FaceReenact/LIA/id23_id25_0007.mp4,FaceReenact/LIA,id23,id25,0,0.3906192183494568,-0.3906192183494568,0.0,30.41666030883789,30.0,1.0,0.015625,0.031535737216472626,0.019868826493620872,0.018893074244260788,0.018893074244260788
CelebDFv3,/root/Datasets/CelebDFv3/CelebDFv3/FAKE/FaceReenact/LivePortrait/id31_id4_0001.mp4,FaceReenact/LivePortrait,id31,id4,0,0.09755811840295792,-0.09755811840295792,0.0,22.646020889282227,30.0,1.0,0.03125,0.008177008479833603,0.005843188147991896,0.0042852843180298805,0.00771714374423027
CelebDFv3,/root/Datasets/CelebDFv3/CelebDFv3/FAKE/FaceReenact/MCNET/id23_id3_0002.mp4,FaceReenact/MCNET,id23,id3,0,1.362109899520874,-1.362109899520874,0.0,21.344484329223633,30.0,0.0,0.0,0.04718265309929848,0.02414807677268982,0.024446597322821617,0.024446597322821617
CelebDFv3,/root/Datasets/CelebDFv3/CelebDFv3/FAKE/FaceReenact/TPSMM/id23_id29_0007.mp4,FaceReenact/TPSMM,id23,id29,0,1.6264631748199463,-1.6264631748199463,0.0,33.386165618896484,30.0,0.0,0.0,0.022746272385120392,0.019894249737262726,0.011030839756131172,0.011030839756131172
CelebDFv3,/root/Datasets/CelebDFv3/CelebDFv3/FAKE/FaceSwap/BlendFace/id59_id60_0006.mp4,FaceSwap/BlendFace,id59,id60,0,-0.006930947303771973,0.006930947303771973,0.0,23.440149307250977,30.0,1.0,0.03125,0.03286999836564064,0.014611693099141121,0.012116340920329094,0.021697882562875748
CelebDFv3,/root/Datasets/CelebDFv3/CelebDFv3/FAKE/FaceSwap/Celeb-DF-v2/id56_id51_0001.mp4,FaceSwap/Celeb-DF-v2,id56,id51,0,3.0772271156311035,-3.0772271156311035,0.0,22.388404846191406,30.0,0.0,0.0,0.004170623142272234,0.017867691814899445,0.003303757170215249,0.0059163509868085384
CelebDFv3,/root/Datasets/CelebDFv3/CelebDFv3/FAKE/FaceSwap/GHOST/id31_id37_0004.mp4,FaceSwap/GHOST,id31,id37,0,1.4312552213668823,-1.4312552213668823,0.0,23.83835792541504,30.0,0.0,0.0,0.009665611200034618,0.004303622525185347,0.0033421351108700037,0.006018675863742828
CelebDFv3,/root/Datasets/CelebDFv3/CelebDFv3/FAKE/FaceSwap/HifiFace/id48_id41_0006.mp4,FaceSwap/HifiFace,id48,id41,0,2.3678019046783447,-2.3678019046783447,0.0,25.13751220703125,30.0,0.0,0.0,0.008077233098447323,0.0398632250726223,0.006728555541485548,0.00882786512374878
CelebDFv3,/root/Datasets/CelebDFv3/CelebDFv3/FAKE/FaceSwap/InSwapper/id51_id53_0006.mp4,FaceSwap/InSwapper,id51,id53,0,1.2643530368804932,-1.2643530368804932,0.0,36.808929443359375,29.900009155273438,0.0,0.0,0.004660320933908224,0.032610923051834106,0.003012946806848049,0.005395569372922182
CelebDFv3,/root/Datasets/CelebDFv3/CelebDFv3/FAKE/FaceSwap/MobileFaceSwap/id8_id9_0003.mp4,FaceSwap/MobileFaceSwap,id8,id9,0,0.7655194401741028,-0.7655194401741028,0.0,40.58745574951172,30.0,0.0,0.0,0.003567006904631853,0.014883529394865036,0.0022570518776774406,0.004252286162227392
CelebDFv3,/root/Datasets/CelebDFv3/CelebDFv3/FAKE/FaceSwap/SimSwap/id25_id27_0005.mp4,FaceSwap/SimSwap,id25,id27,0,2.2725934982299805,-2.2725934982299805,0.0,23.948156356811523,30.0,0.0,0.0,0.020432980731129646,0.004329920746386051,0.004623654298484325,0.006861502770334482
CelebDFv3,/root/Datasets/CelebDFv3/CelebDFv3/FAKE/FaceSwap/UniFace/id56_id58_0000.mp4,FaceSwap/UniFace,id56,id58,0,2.8562920093536377,-2.8562920093536377,0.0,23.674625396728516,30.0,0.0,0.0,0.00404326943680644,0.006684016436338425,0.002130641369149089,0.0038155419752001762
CelebDFv3,/root/Datasets/CelebDFv3/CelebDFv3/FAKE/TalkingFace/AniTalker/id8_0004_test_id00866_4wuP1StGqIA.mp4,TalkingFace/AniTalker,id8,,0,-8.959724426269531,8.959724426269531,0.0,64.49219512939453,25.0,0.0,0.0,0.00882611982524395,0.00506239291280508,0.004123115912079811,0.004123115912079811
CelebDFv3,/root/Datasets/CelebDFv3/CelebDFv3/FAKE/TalkingFace/EDTalk/id56_0008_test_id05124_ksBpd5sIcA4.mp4,TalkingFace/EDTalk,id56,,0,0.7479870319366455,-0.7479870319366455,0.0,33.21882247924805,25.0,0.0,0.0,0.015941087156534195,0.013654609210789204,0.009125368669629097,0.009125368669629097
CelebDFv3,/root/Datasets/CelebDFv3/CelebDFv3/FAKE/TalkingFace/EchoMimic/id26_0005_test_id07868_jhzuERlEtYw.mp4,TalkingFace/EchoMimic,id26,,0,0.11801380664110184,-0.11801380664110184,0.0,48.36710739135742,24.0,0.0,0.0,0.014486693777143955,0.012639621272683144,0.013096656650304794,0.013096656650304794
CelebDFv3,/root/Datasets/CelebDFv3/CelebDFv3/FAKE/TalkingFace/FLOAT/id11_0000_test_id08696_w3hl-OW_TVI.mp4,TalkingFace/FLOAT,id11,,0,2.6867337226867676,-2.6867337226867676,0.0,25.6781063079834,25.0,0.0,0.0,0.018014738336205482,0.0050536091439425945,0.006261496804654598,0.006261496804654598
CelebDFv3,/root/Datasets/CelebDFv3/CelebDFv3/FAKE/TalkingFace/IP_LAP/id31_0004_test_id07426_s747isSlMFU.mp4,TalkingFace/IP_LAP,id31,,0,0.8942290544509888,-0.8942290544509888,0.0,24.10407066345215,25.0,0.0,0.0,0.020038504153490067,0.009515787474811077,0.008154306560754776,0.008154306560754776
CelebDFv3,/root/Datasets/CelebDFv3/CelebDFv3/FAKE/TalkingFace/Real3DPortrait/id11_0000_test_id08696_w3hl-OW_TVI.mp4,TalkingFace/Real3DPortrait,id11,,0,5.208769798278809,-5.208769798278809,0.0,25.550161361694336,25.0,0.0,0.0,0.015250843949615955,0.006750714033842087,0.004813884384930134,0.004813884384930134
CelebDFv3,/root/Datasets/CelebDFv3/CelebDFv3/FAKE/TalkingFace/SadTalker/id31_0002_test_id00562_9LAZqHI80BY.mp4,TalkingFace/SadTalker,id31,,0,-1.561058521270752,1.561058521270752,0.0,33.394561767578125,25.0,0.0,0.0,0.006660510785877705,0.008501354604959488,0.016651812940835953,0.016651812940835953
CelebDFv3,/root/Datasets/CelebDFv3/CelebDFv3/FAKE/FaceReenact/DaGAN/id26_id25_0004.mp4,FaceReenact/DaGAN,id26,id25,0,-0.38862350583076477,0.38862350583076477,0.0,26.406780242919922,30.0,0.0,0.0,0.02245061658322811,0.011666646227240562,0.004766746424138546,0.004766746424138546
CelebDFv3,/root/Datasets/CelebDFv3/CelebDFv3/FAKE/FaceReenact/FSRT/id22_id28_0002.mp4,FaceReenact/FSRT,id22,id28,0,5.717526435852051,-5.717526435852051,0.0,23.611591339111328,20.0,0.0,0.0,0.031340617686510086,0.0181612279266119,0.010949058458209038,0.010949058458209038
CelebDFv3,/root/Datasets/CelebDFv3/CelebDFv3/FAKE/FaceReenact/HyperReenact/id51_id50_0007.mp4,FaceReenact/HyperReenact,id51,id50,0,-0.18403683602809906,0.18403683602809906,0.0,24.924144744873047,25.0,0.0,0.0,0.01035701110959053,0.002255993662402034,0.010369625873863697,0.010369625873863697
CelebDFv3,/root/Datasets/CelebDFv3/CelebDFv3/FAKE/FaceReenact/LIA/id26_id33_0001.mp4,FaceReenact/LIA,id26,id33,0,-1.8643910884857178,1.8643910884857178,0.0,41.70027160644531,30.0,1.0,0.84375,0.006782985758036375,0.004230000544339418,0.002803616691380739,0.002803616691380739
CelebDFv3,/root/Datasets/CelebDFv3/CelebDFv3/FAKE/FaceReenact/LivePortrait/id51_id53_0007.mp4,FaceReenact/LivePortrait,id51,id53,0,-3.935999631881714,3.935999631881714,0.0,25.373653411865234,30.0,0.0,0.0,0.008073319680988789,0.0027986823115497828,0.002796002198010683,0.005007067229598761
CelebDFv3,/root/Datasets/CelebDFv3/CelebDFv3/FAKE/FaceReenact/MCNET/id31_id29_0007.mp4,FaceReenact/MCNET,id31,id29,0,1.5160861015319824,-1.5160861015319824,0.0,53.18552780151367,30.0,0.0,0.0,0.03714680299162865,0.02451406419277191,0.025111965835094452,0.025111965835094452
CelebDFv3,/root/Datasets/CelebDFv3/CelebDFv3/FAKE/FaceReenact/TPSMM/id31_id4_0007.mp4,FaceReenact/TPSMM,id31,id4,0,-2.988414764404297,2.988414764404297,0.0,60.36618423461914,30.0,0.0,0.0,0.02616712637245655,0.009953505359590054,0.01573837548494339,0.01573837548494339
CelebDFv3,/root/Datasets/CelebDFv3/CelebDFv3/FAKE/FaceSwap/BlendFace/id23_id2_0005.mp4,FaceSwap/BlendFace,id23,id2,0,2.9055943489074707,-2.9055943489074707,0.0,26.199270248413086,30.0,0.0,0.0,0.008361929096281528,0.003398406784981489,0.0035266096238046885,0.007218898739665747
CelebDFv3,/root/Datasets/CelebDFv3/CelebDFv3/FAKE/FaceSwap/Celeb-DF-v2/id26_id34_0003.mp4,FaceSwap/Celeb-DF-v2,id26,id34,0,-9.308079719543457,9.308079719543457,0.0,107.51551818847656,30.0,0.0,0.0,0.007772501558065414,0.011030019260942936,0.00324465474113822,0.005829379428178072
CelebDFv3,/root/Datasets/CelebDFv3/CelebDFv3/FAKE/FaceSwap/GHOST/id22_id28_0005.mp4,FaceSwap/GHOST,id22,id28,0,1.1140390634536743,-1.1140390634536743,0.0,34.964210510253906,30.0,0.0,0.0,0.005057909060269594,0.007237839046865702,0.0020003963727504015,0.0035553262569010258
CelebDFv3,/root/Datasets/CelebDFv3/CelebDFv3/FAKE/FaceSwap/HifiFace/id26_id3_0003.mp4,FaceSwap/HifiFace,id26,id3,0,-9.967915534973145,9.967915534973145,0.0,104.5973129272461,30.0,0.0,0.0,0.007798966486006975,0.011229049414396286,0.003998901229351759,0.0071844663470983505
CelebDFv3,/root/Datasets/CelebDFv3/CelebDFv3/FAKE/FaceSwap/InSwapper/id26_id20_0000.mp4,FaceSwap/InSwapper,id26,id20,0,0.22285515069961548,-0.22285515069961548,0.0,36.01642990112305,30.0,0.0,0.0,0.0027280652429908514,0.0021257491316646338,0.003221668768674135,0.005788082256913185
CelebDFv3,/root/Datasets/CelebDFv3/CelebDFv3/FAKE/FaceSwap/MobileFaceSwap/id23_id2_0000.mp4,FaceSwap/MobileFaceSwap,id23,id2,0,2.651364326477051,-2.651364326477051,0.0,26.352554321289062,30.0,0.0,0.0,0.0034323702566325665,0.002802423434332013,0.0015460278373211622,0.0027477722615003586
CelebDFv3,/root/Datasets/CelebDFv3/CelebDFv3/FAKE/FaceSwap/SimSwap/id31_id2_0001.mp4,FaceSwap/SimSwap,id31,id2,0,-2.281345844268799,2.281345844268799,0.0,30.03087615966797,30.0,0.0,0.0,0.0034859259612858295,0.0043723369017243385,0.003154005855321884,0.005679883062839508
CelebDFv3,/root/Datasets/CelebDFv3/CelebDFv3/FAKE/FaceSwap/UniFace/id26_id38_0001.mp4,FaceSwap/UniFace,id26,id38,0,2.843759536743164,-2.843759536743164,0.0,38.3360481262207,30.0,1.0,0.015625,0.021328767761588097,0.018494103103876114,0.004181652329862118,0.00751279853284359
CelebDFv3,/root/Datasets/CelebDFv3/CelebDFv3/FAKE/TalkingFace/AniTalker/id26_0008_test_id01228_wmWLkJeR_vI.mp4,TalkingFace/AniTalker,id26,,0,3.2308549880981445,-3.2308549880981445,0.0,22.880895614624023,25.0,0.0,0.0,0.01026917714625597,0.0060675377026200294,0.00698470463976264,0.00698470463976264
CelebDFv3,/root/Datasets/CelebDFv3/CelebDFv3/FAKE/TalkingFace/EDTalk/id26_0009_test_id05124_fRhAX7v_R6A.mp4,TalkingFace/EDTalk,id26,,0,2.0244877338409424,-2.0244877338409424,0.0,40.813602447509766,25.0,0.0,0.0,0.015095289796590805,0.012989142909646034,0.010503001511096954,0.010503001511096954
CelebDFv3,/root/Datasets/CelebDFv3/CelebDFv3/FAKE/TalkingFace/EchoMimic/id11_0006_test_id04030_UAQYdNL40Ug.mp4,TalkingFace/EchoMimic,id11,,0,-0.5845577716827393,0.5845577716827393,0.0,36.57085418701172,24.0,0.0,0.0,0.007154247723519802,0.010440001264214516,0.005859964527189732,0.005859964527189732
CelebDFv3,/root/Datasets/CelebDFv3/CelebDFv3/FAKE/TalkingFace/FLOAT/id8_0000_test_id03127_mcAK-RlInLY.mp4,TalkingFace/FLOAT,id8,,0,-7.210529327392578,7.210529327392578,0.0,98.67774200439453,25.0,0.0,0.0,0.023735184222459793,0.013416366651654243,0.018339747563004494,0.018339747563004494
CelebDFv3,/root/Datasets/CelebDFv3/CelebDFv3/FAKE/TalkingFace/IP_LAP/id22_0002_test_id05124_fRhAX7v_R6A.mp4,TalkingFace/IP_LAP,id22,,0,6.514919757843018,-6.514919757843018,0.0,21.9700927734375,25.0,0.0,0.0,0.033314064145088196,0.012676232494413853,0.01766737550497055,0.01766737550497055
CelebDFv3,/root/Datasets/CelebDFv3/CelebDFv3/FAKE/TalkingFace/Real3DPortrait/id23_0001_test_id03862_6W_l9CHyUZg.mp4,TalkingFace/Real3DPortrait,id23,,0,1.0167725086212158,-1.0167725086212158,0.0,31.80224609375,25.0,0.0,0.0,0.015683062374591827,0.008123504929244518,0.008180741220712662,0.008180741220712662
CelebDFv3,/root/Datasets/CelebDFv3/CelebDFv3/FAKE/TalkingFace/SadTalker/id8_0007_test_id05816_7jt8zGB27QQ.mp4,TalkingFace/SadTalker,id8,,0,-2.2323219776153564,2.2323219776153564,0.0,37.60964584350586,25.0,0.0,0.0,0.002644535154104233,0.0034330561757087708,0.005251956172287464,0.005251956172287464
CelebDFv3,/root/Datasets/CelebDFv3/CelebDFv3/FAKE/FaceReenact/DaGAN/id48_id44_0003.mp4,FaceReenact/DaGAN,id48,id44,0,-0.7912198305130005,0.7912198305130005,0.0,30.984830856323242,30.0,0.0,0.0,0.012287463061511517,0.007000138983130455,0.006858390290290117,0.006858390290290117
CelebDFv3,/root/Datasets/CelebDFv3/CelebDFv3/FAKE/FaceReenact/FSRT/id23_id29_0007.mp4,FaceReenact/FSRT,id23,id29,0,0.8035846948623657,-0.8035846948623657,0.0,29.975629806518555,20.0,0.0,0.0,0.02360333874821663,0.020538557320833206,0.009823163971304893,0.009823163971304893
CelebDFv3,/root/Datasets/CelebDFv3/CelebDFv3/FAKE/FaceReenact/HyperReenact/id31_id34_0009.mp4,FaceReenact/HyperReenact,id31,id34,0,1.796351671218872,-1.796351671218872,0.0,23.202516555786133,25.0,0.0,0.0,0.0033769982401281595,0.0060444120317697525,0.008668779395520687,0.008668779395520687
CelebDFv3,/root/Datasets/CelebDFv3/CelebDFv3/FAKE/FaceReenact/LIA/id48_id46_0007.mp4,FaceReenact/LIA,id48,id46,0,3.019660472869873,-3.019660472869873,0.0,29.59334945678711,30.0,1.0,0.046875,0.02301536127924919,0.011481350287795067,0.01821507140994072,0.01821507140994072
CelebDFv3,/root/Datasets/CelebDFv3/CelebDFv3/FAKE/FaceReenact/LivePortrait/id22_id21_0002.mp4,FaceReenact/LivePortrait,id22,id21,0,5.345039367675781,-5.345039367675781,0.0,24.124155044555664,30.0,1.0,0.03125,0.0061552273109555244,0.010955899953842163,0.004898819141089916,0.00870672520250082
CelebDFv3,/root/Datasets/CelebDFv3/CelebDFv3/FAKE/FaceReenact/MCNET/id54_id49_0001.mp4,FaceReenact/MCNET,id54,id49,0,-3.557997226715088,3.557997226715088,0.0,74.71992492675781,30.0,0.0,0.0,0.01826442964375019,0.00479960348457098,0.008163389749825,0.008163389749825
CelebDFv3,/root/Datasets/CelebDFv3/CelebDFv3/FAKE/FaceReenact/TPSMM/id26_id23_0002.mp4,FaceReenact/TPSMM,id26,id23,0,2.1300745010375977,-2.1300745010375977,0.0,19.04107093811035,30.0,1.0,0.1875,0.03473465144634247,0.010464874096214771,0.016126979142427444,0.016126979142427444
CelebDFv3,/root/Datasets/CelebDFv3/CelebDFv3/FAKE/FaceSwap/BlendFace/id31_id38_0009.mp4,FaceSwap/BlendFace,id31,id38,0,2.082211494445801,-2.082211494445801,0.0,18.252290725708008,30.0,1.0,0.03125,0.0036694074515253305,0.005573066417127848,0.0028083398938179016,0.005057392176240683
CelebDFv3,/root/Datasets/CelebDFv3/CelebDFv3/FAKE/FaceSwap/Celeb-DF-v2/id54_id51_0005.mp4,FaceSwap/Celeb-DF-v2,id54,id51,0,0.7336454391479492,-0.7336454391479492,0.0,24.108905792236328,30.0,0.0,0.0,0.021678458899259567,0.003977441228926182,0.004702476784586906,0.008421172387897968
CelebDFv3,/root/Datasets/CelebDFv3/CelebDFv3/FAKE/FaceSwap/GHOST/id23_id33_0004.mp4,FaceSwap/GHOST,id23,id33,0,2.4110107421875,-2.4110107421875,0.0,26.271682739257812,30.0,1.0,0.015625,0.02358020655810833,0.021763255819678307,0.01849498227238655,0.02493123710155487
CelebDFv3,/root/Datasets/CelebDFv3/CelebDFv3/FAKE/FaceSwap/HifiFace/id59_id61_0004.mp4,FaceSwap/HifiFace,id59,id61,0,-1.0610706806182861,1.0610706806182861,0.0,22.788240432739258,30.0,1.0,0.0625,0.012696606107056141,0.01824864186346531,0.004453097470104694,0.007974584586918354
CelebDFv3,/root/Datasets/CelebDFv3/CelebDFv3/FAKE/FaceSwap/InSwapper/id48_id44_0000.mp4,FaceSwap/InSwapper,id48,id44,0,-0.9558302164077759,0.9558302164077759,0.0,35.21518325805664,30.0,0.0,0.0,0.0032783958595246077,0.004385382868349552,0.0018095761770382524,0.003231386188417673
CelebDFv3,/root/Datasets/CelebDFv3/CelebDFv3/FAKE/FaceSwap/MobileFaceSwap/id23_id19_0002.mp4,FaceSwap/MobileFaceSwap,id23,id19,0,1.7297273874282837,-1.7297273874282837,0.0,23.667081832885742,30.0,0.0,0.0,0.02054208144545555,0.02009858749806881,0.007865558378398418,0.013979542069137096
CelebDFv3,/root/Datasets/CelebDFv3/CelebDFv3/FAKE/FaceSwap/SimSwap/id8_id5_0008.mp4,FaceSwap/SimSwap,id8,id5,0,-0.5533458590507507,0.5533458590507507,0.0,28.838857650756836,30.0,0.0,0.0,0.005526083521544933,0.006344970315694809,0.001093457918614149,0.0020600748248398304
CelebDFv3,/root/Datasets/CelebDFv3/CelebDFv3/FAKE/FaceSwap/UniFace/id25_id19_0003.mp4,FaceSwap/UniFace,id25,id19,0,-0.735995352268219,0.735995352268219,0.0,22.017576217651367,30.0,0.0,0.0,0.01264132559299469,0.009291211143136024,0.003229249268770218,0.005815385840833187
CelebDFv3,/root/Datasets/CelebDFv3/CelebDFv3/FAKE/TalkingFace/AniTalker/id59_0001_test_id05459_3TI6dVmEwzw.mp4,TalkingFace/AniTalker,id59,,0,-5.046907424926758,5.046907424926758,0.0,72.44031524658203,25.0,0.0,0.0,0.006351945456117392,0.007348032668232918,0.005131279118359089,0.005131279118359089
CelebDFv3,/root/Datasets/CelebDFv3/CelebDFv3/FAKE/TalkingFace/EDTalk/id59_0005_test_id08456_r83GAlBHvaQ.mp4,TalkingFace/EDTalk,id59,,0,1.635514736175537,-1.635514736175537,0.0,27.87381362915039,25.0,0.0,0.0,0.014326141215860844,0.010559174232184887,0.006635996513068676,0.006635996513068676
CelebDFv3,/root/Datasets/CelebDFv3/CelebDFv3/FAKE/TalkingFace/EchoMimic/id26_0002_test_id05055_6EIN7_SQQDM.mp4,TalkingFace/EchoMimic,id26,,0,0.17305271327495575,-0.17305271327495575,0.0,34.731258392333984,24.0,0.0,0.0,0.010320747271180153,0.00994094181805849,0.008847170509397984,0.008847170509397984
CelebDFv3,/root/Datasets/CelebDFv3/CelebDFv3/FAKE/TalkingFace/FLOAT/id8_0004_test_id05459_kkaYxtBZnNo.mp4,TalkingFace/FLOAT,id8,,0,-8.212837219238281,8.212837219238281,0.0,57.69181823730469,25.0,0.0,0.0,0.014677501283586025,0.020813025534152985,0.013495213352143764,0.013495213352143764
CelebDFv3,/root/Datasets/CelebDFv3/CelebDFv3/FAKE/TalkingFace/IP_LAP/id11_0008_test_id07802_qmTmtDbel1M.mp4,TalkingFace/IP_LAP,id11,,0,4.52297306060791,-4.52297306060791,0.0,23.753618240356445,25.0,0.0,0.0,0.021592330187559128,0.016149532049894333,0.006056033540517092,0.006056033540517092
CelebDFv3,/root/Datasets/CelebDFv3/CelebDFv3/FAKE/TalkingFace/Real3DPortrait/id8_0005_test_id03978_ywSqMWAhPPY.mp4,TalkingFace/Real3DPortrait,id8,,0,-2.381978988647461,2.381978988647461,0.0,30.01292610168457,25.0,0.0,0.0,0.01573437638580799,0.008213439956307411,0.01493406854569912,0.01493406854569912
CelebDFv3,/root/Datasets/CelebDFv3/CelebDFv3/FAKE/TalkingFace/SadTalker/id26_0009_test_id08392_3e5zvNaT-eU.mp4,TalkingFace/SadTalker,id26,,0,0.45805197954177856,-0.45805197954177856,0.0,62.31846237182617,25.0,0.0,0.0,0.0020442067179828882,0.0038925805129110813,0.00596016738563776,0.00596016738563776
CelebDFv3,/root/Datasets/CelebDFv3/CelebDFv3/FAKE/FaceReenact/DaGAN/id23_id30_0009.mp4,FaceReenact/DaGAN,id23,id30,0,4.552243232727051,-4.552243232727051,0.0,23.91571807861328,30.0,0.0,0.0,0.008456621319055557,0.003613450098782778,0.008690434508025646,0.008690434508025646
CelebDFv3,/root/Datasets/CelebDFv3/CelebDFv3/FAKE/FaceReenact/FSRT/id23_id22_0009.mp4,FaceReenact/FSRT,id23,id22,0,4.221033096313477,-4.221033096313477,0.0,20.546449661254883,20.0,1.0,0.03125,0.036976881325244904,0.014031611382961273,0.02328387275338173,0.02328387275338173
CelebDFv3,/root/Datasets/CelebDFv3/CelebDFv3/FAKE/FaceReenact/HyperReenact/id48_id45_0005.mp4,FaceReenact/HyperReenact,id48,id45,0,2.5040364265441895,-2.5040364265441895,0.0,36.791019439697266,25.0,0.0,0.0,0.0031511171255260706,0.001903814380057156,0.007420307025313377,0.007420307025313377
CelebDFv3,/root/Datasets/CelebDFv3/CelebDFv3/FAKE/FaceReenact/LIA/id51_id54_0006.mp4,FaceReenact/LIA,id51,id54,0,0.14002344012260437,-0.14002344012260437,0.0,38.837913513183594,30.0,0.0,0.0,0.02211197465658188,0.01631697081029415,0.0244187843054533,0.0244187843054533
CelebDFv3,/root/Datasets/CelebDFv3/CelebDFv3/FAKE/FaceReenact/LivePortrait/id31_id34_0002.mp4,FaceReenact/LivePortrait,id31,id34,0,-0.5190421938896179,0.5190421938896179,0.0,25.115325927734375,30.0,1.0,0.234375,0.008132574148476124,0.023568710312247276,0.0077120112255215645,0.013888156041502953
CelebDFv3,/root/Datasets/CelebDFv3/CelebDFv3/FAKE/FaceReenact/MCNET/id56_id55_0008.mp4,FaceReenact/MCNET,id56,id55,0,1.8347362279891968,-1.8347362279891968,0.0,20.77716636657715,30.0,1.0,0.09375,0.024405980482697487,0.013601049780845642,0.01671220175921917,0.01671220175921917
CelebDFv3,/root/Datasets/CelebDFv3/CelebDFv3/FAKE/FaceReenact/TPSMM/id31_id6_0005.mp4,FaceReenact/TPSMM,id31,id6,0,-0.5472713112831116,0.5472713112831116,0.0,29.579805374145508,30.0,0.0,0.0,0.01334983017295599,0.013162275776267052,0.00883739348500967,0.00883739348500967
CelebDFv3,/root/Datasets/CelebDFv3/CelebDFv3/FAKE/FaceSwap/BlendFace/id31_id17_0005.mp4,FaceSwap/BlendFace,id31,id17,0,0.06265082955360413,-0.06265082955360413,0.0,34.44252014160156,30.0,0.0,0.0,0.008739540353417397,0.007617604453116655,0.002453974448144436,0.004419234115630388
CelebDFv3,/root/Datasets/CelebDFv3/CelebDFv3/FAKE/FaceSwap/Celeb-DF-v2/id23_id31_0003.mp4,FaceSwap/Celeb-DF-v2,id23,id31,0,1.3273509740829468,-1.3273509740829468,0.0,30.0725040435791,30.0,0.0,0.0,0.005798239726573229,0.005274370312690735,0.0018208763794973493,0.003236263059079647
CelebDFv3,/root/Datasets/CelebDFv3/CelebDFv3/FAKE/FaceSwap/GHOST/id31_id38_0006.mp4,FaceSwap/GHOST,id31,id38,0,-0.03750336170196533,0.03750336170196533,0.0,34.42714309692383,30.0,0.0,0.0,0.006746960338205099,0.012588389217853546,0.00366389867849648,0.006598121952265501
CelebDFv3,/root/Datasets/CelebDFv3/CelebDFv3/FAKE/FaceSwap/HifiFace/id8_id1_0008.mp4,FaceSwap/HifiFace,id8,id1,0,-0.10087284445762634,0.10087284445762634,0.0,27.99188804626465,30.0,0.0,0.0,0.005965461488813162,0.006605721078813076,0.0011480464600026608,0.0021629196126013994
CelebDFv3,/root/Datasets/CelebDFv3/CelebDFv3/FAKE/FaceSwap/InSwapper/id51_id49_0001.mp4,FaceSwap/InSwapper,id51,id49,0,-2.3641223907470703,2.3641223907470703,0.0,66.62653350830078,30.0,1.0,0.0625,0.006663487292826176,0.007455958519130945,0.004947260022163391,0.008859528228640556
CelebDFv3,/root/Datasets/CelebDFv3/CelebDFv3/FAKE/FaceSwap/MobileFaceSwap/id31_id20_0003.mp4,FaceSwap/MobileFaceSwap,id31,id20,0,-3.0111947059631348,3.0111947059631348,0.0,31.036928176879883,30.0,0.0,0.0,0.005155388731509447,0.011289646849036217,0.0037113837897777557,0.006683636456727982
CelebDFv3,/root/Datasets/CelebDFv3/CelebDFv3/FAKE/FaceSwap/SimSwap/id48_id41_0006.mp4,FaceSwap/SimSwap,id48,id41,0,3.3471078872680664,-3.3471078872680664,0.0,25.33456802368164,30.0,0.0,0.0,0.007230656687170267,0.05389472469687462,0.007531153503805399,0.009880874305963516
CelebDFv3,/root/Datasets/CelebDFv3/CelebDFv3/FAKE/FaceSwap/UniFace/id48_id47_0008.mp4,FaceSwap/UniFace,id48,id47,0,-3.0153274536132812,3.0153274536132812,0.0,52.03419494628906,30.0,0.0,0.0,0.00417244341224432,0.0035899304784834385,0.0036429190076887608,0.0036283473018556833
CelebDFv3,/root/Datasets/CelebDFv3/CelebDFv3/FAKE/TalkingFace/AniTalker/id26_0003_test_id02317_V1il-79GsT4.mp4,TalkingFace/AniTalker,id26,,0,-9.566235542297363,9.566235542297363,0.0,107.87926483154297,25.0,0.0,0.0,0.011676281690597534,0.00567032303661108,0.007090485654771328,0.007090485654771328
CelebDFv3,/root/Datasets/CelebDFv3/CelebDFv3/FAKE/TalkingFace/EDTalk/id31_0002_test_id06913_CFoP6f5lk7M.mp4,TalkingFace/EDTalk,id31,,0,-2.559213161468506,2.559213161468506,0.0,74.1502456665039,25.0,0.0,0.0,0.015117251314222813,0.012923560105264187,0.006652209907770157,0.006652209907770157
CelebDFv3,/root/Datasets/CelebDFv3/CelebDFv3/FAKE/TalkingFace/EchoMimic/id26_0007_test_id05124_1HAXGOri_x0.mp4,TalkingFace/EchoMimic,id26,,0,-1.0043026208877563,1.0043026208877563,0.0,69.74409484863281,24.0,0.0,0.0,0.00836882833391428,0.02671651542186737,0.01765994355082512,0.01765994355082512
CelebDFv3,/root/Datasets/CelebDFv3/CelebDFv3/FAKE/TalkingFace/FLOAT/id59_0009_test_id03862_yHtRhESo9Q0.mp4,TalkingFace/FLOAT,id59,,0,-2.6277267932891846,2.6277267932891846,0.0,45.425071716308594,25.0,0.0,0.0,0.016494959592819214,0.01472007017582655,0.009377547539770603,0.009377547539770603
CelebDFv3,/root/Datasets/CelebDFv3/CelebDFv3/FAKE/TalkingFace/IP_LAP/id22_0008_test_id07396_6bbb_NOpqGY.mp4,TalkingFace/IP_LAP,id22,,0,-0.08278603106737137,0.08278603106737137,0.0,32.78733444213867,25.0,1.0,0.046875,0.011036243289709091,0.007452702149748802,0.010340936481952667,0.010340936481952667
CelebDFv3,/root/Datasets/CelebDFv3/CelebDFv3/FAKE/TalkingFace/Real3DPortrait/id56_0005_test_id07868_6qWwQj0a_uw.mp4,TalkingFace/Real3DPortrait,id56,,0,2.0077507495880127,-2.0077507495880127,0.0,27.828479766845703,25.0,0.0,0.0,0.013094383291900158,0.00709298811852932,0.004110356792807579,0.004110356792807579
CelebDFv3,/root/Datasets/CelebDFv3/CelebDFv3/FAKE/TalkingFace/SadTalker/id48_0004_test_id09017_D8dCOAYteTY.mp4,TalkingFace/SadTalker,id48,,0,3.2845864295959473,-3.2845864295959473,0.0,32.61385726928711,25.0,0.0,0.0,0.002294206293299794,0.004551352467387915,0.0063460818491876125,0.0063460818491876125
CelebDFv3,/root/Datasets/CelebDFv3/CelebDFv3/FAKE/FaceReenact/DaGAN/id26_id25_0001.mp4,FaceReenact/DaGAN,id26,id25,0,-1.3830525875091553,1.3830525875091553,0.0,42.42542266845703,30.0,1.0,0.015625,0.01974581554532051,0.006939486600458622,0.012568573467433453,0.012568573467433453
CelebDFv3,/root/Datasets/CelebDFv3/CelebDFv3/FAKE/FaceReenact/FSRT/id31_id2_0005.mp4,FaceReenact/FSRT,id31,id2,0,-0.7047813534736633,0.7047813534736633,0.0,28.588611602783203,20.0,0.0,0.0,0.011634264141321182,0.006810165010392666,0.0065478552132844925,0.0065478552132844925
CelebDFv3,/root/Datasets/CelebDFv3/CelebDFv3/FAKE/FaceReenact/HyperReenact/id31_id17_0003.mp4,FaceReenact/HyperReenact,id31,id17,0,0.8282201290130615,-0.8282201290130615,0.0,31.908288955688477,25.0,0.0,0.0,0.0018060293514281511,0.0021314010955393314,0.004631132818758488,0.004631132818758488
CelebDFv3,/root/Datasets/CelebDFv3/CelebDFv3/FAKE/FaceReenact/LIA/id23_id6_0005.mp4,FaceReenact/LIA,id23,id6,0,2.8932015895843506,-2.8932015895843506,0.0,24.610795974731445,30.0,0.0,0.0,0.00873431097716093,0.011361994780600071,0.006426765583455563,0.006426765583455563
CelebDFv3,/root/Datasets/CelebDFv3/CelebDFv3/FAKE/FaceReenact/LivePortrait/id56_id55_0001.mp4,FaceReenact/LivePortrait,id56,id55,0,3.862663507461548,-3.862663507461548,0.0,21.43587875366211,30.0,0.0,0.0,0.005001455545425415,0.005580421537160873,0.004024587571620941,0.007207210175693035
CelebDFv3,/root/Datasets/CelebDFv3/CelebDFv3/FAKE/FaceReenact/MCNET/id23_id16_0009.mp4,FaceReenact/MCNET,id23,id16,0,4.3171892166137695,-4.3171892166137695,0.0,23.137733459472656,30.0,0.0,0.0,0.023825300857424736,0.015082198195159435,0.009899767115712166,0.009899767115712166
CelebDFv3,/root/Datasets/CelebDFv3/CelebDFv3/FAKE/FaceReenact/TPSMM/id26_id30_0002.mp4,FaceReenact/TPSMM,id26,id30,0,1.2854721546173096,-1.2854721546173096,0.0,20.021541595458984,30.0,0.0,0.0,0.026134241372346878,0.010341375134885311,0.007745238021016121,0.007745238021016121
CelebDFv3,/root/Datasets/CelebDFv3/CelebDFv3/FAKE/FaceSwap/BlendFace/id51_id58_0002.mp4,FaceSwap/BlendFace,id51,id58,0,2.854506015777588,-2.854506015777588,0.0,18.93000602722168,30.0,0.0,0.0,0.008709014393389225,0.012939955107867718,0.004409801680594683,0.007897050119936466
CelebDFv3,/root/Datasets/CelebDFv3/CelebDFv3/FAKE/FaceSwap/Celeb-DF-v2/id26_id30_0000.mp4,FaceSwap/Celeb-DF-v2,id26,id30,0,-0.08938300609588623,0.08938300609588623,0.0,35.64390182495117,30.0,0.0,0.0,0.002704395679756999,0.0016525097889825702,0.0026576113887131214,0.004774691071361303
CelebDFv3,/root/Datasets/CelebDFv3/CelebDFv3/FAKE/FaceSwap/GHOST/id23_id26_0000.mp4,FaceSwap/GHOST,id23,id26,0,2.661010265350342,-2.661010265350342,0.0,25.56725311279297,30.0,0.0,0.0,0.0032317331060767174,0.002722161589190364,0.0015213661827147007,0.0027039404958486557
CelebDFv3,/root/Datasets/CelebDFv3/CelebDFv3/FAKE/FaceSwap/HifiFace/id23_id1_0007.mp4,FaceSwap/HifiFace,id23,id1,0,2.4584274291992188,-2.4584274291992188,0.0,25.35294532775879,30.0,0.0,0.0,0.015192908234894276,0.0417102687060833,0.009286024607717991,0.01629056967794895
CelebDFv3,/root/Datasets/CelebDFv3/CelebDFv3/FAKE/FaceSwap/InSwapper/id31_id26_0007.mp4,FaceSwap/InSwapper,id31,id26,0,-6.935142517089844,6.935142517089844,0.0,63.34505844116211,30.0,0.0,0.0,0.012846603989601135,0.005471514072269201,0.007269326597452164,0.013090948574244976
CelebDFv3,/root/Datasets/CelebDFv3/CelebDFv3/FAKE/FaceSwap/MobileFaceSwap/id31_id38_0006.mp4,FaceSwap/MobileFaceSwap,id31,id38,0,-0.3155081272125244,0.3155081272125244,0.0,30.26685333251953,30.0,0.0,0.0,0.006193578243255615,0.012602233327925205,0.0032316166907548904,0.005819649435579777
CelebDFv3,/root/Datasets/CelebDFv3/CelebDFv3/FAKE/FaceSwap/SimSwap/id56_id57_0001.mp4,FaceSwap/SimSwap,id56,id57,0,3.8928990364074707,-3.8928990364074707,0.0,22.58694839477539,30.0,0.0,0.0,0.004250774625688791,0.013897008262574673,0.003079062793403864,0.005513970274478197
CelebDFv3,/root/Datasets/CelebDFv3/CelebDFv3/FAKE/FaceSwap/UniFace/id51_id54_0006.mp4,FaceSwap/UniFace,id51,id54,0,1.5490410327911377,-1.5490410327911377,0.0,34.273807525634766,29.900009155273438,0.0,0.0,0.004381713457405567,0.02145078033208847,0.003339245682582259,0.005979904439300299
CelebDFv3,/root/Datasets/CelebDFv3/CelebDFv3/FAKE/TalkingFace/AniTalker/id26_0009_test_id01541_9OzhfBaZ1Bc.mp4,TalkingFace/AniTalker,id26,,0,-1.0168930292129517,1.0168930292129517,0.0,46.19801330566406,25.0,0.0,0.0,0.014201049692928791,0.008956855162978172,0.005950295366346836,0.005950295366346836
CelebDFv3,/root/Datasets/CelebDFv3/CelebDFv3/FAKE/TalkingFace/EDTalk/id22_0006_test_id07961_l3Xn426T1IE.mp4,TalkingFace/EDTalk,id22,,0,4.461241245269775,-4.461241245269775,0.0,35.88295364379883,25.0,0.0,0.0,0.015595442615449429,0.01136181503534317,0.005545496940612793,0.005545496940612793
CelebDFv3,/root/Datasets/CelebDFv3/CelebDFv3/FAKE/TalkingFace/EchoMimic/id8_0008_test_id01000_xjC2r6OXgBo.mp4,TalkingFace/EchoMimic,id8,,0,0.8714648485183716,-0.8714648485183716,0.0,35.78390121459961,24.0,0.0,0.0,0.008291958831250668,0.013700796291232109,0.006412448361515999,0.006412448361515999
CelebDFv3,/root/Datasets/CelebDFv3/CelebDFv3/FAKE/TalkingFace/FLOAT/id22_0009_test_id00866_0OxT7uyV-vU.mp4,TalkingFace/FLOAT,id22,,0,-0.3940543234348297,0.3940543234348297,0.0,30.0925350189209,25.0,0.0,0.0,0.02187442220747471,0.005941078998148441,0.013493969105184078,0.013493969105184078
CelebDFv3,/root/Datasets/CelebDFv3/CelebDFv3/FAKE/TalkingFace/IP_LAP/id51_0008_test_id03524_2DD4Np7SaWw.mp4,TalkingFace/IP_LAP,id51,,0,1.8441388607025146,-1.8441388607025146,0.0,27.10014533996582,25.0,0.0,0.0,0.023712486028671265,0.026912229135632515,0.011202630586922169,0.011202630586922169
CelebDFv3,/root/Datasets/CelebDFv3/CelebDFv3/FAKE/TalkingFace/Real3DPortrait/id51_0005_test_id08701_IF-okJTentA.mp4,TalkingFace/Real3DPortrait,id51,,0,0.19829964637756348,-0.19829964637756348,0.0,37.13702392578125,25.0,0.0,0.0,0.01334418449550867,0.007121657487004995,0.0076437415555119514,0.0076437415555119514
CelebDFv3,/root/Datasets/CelebDFv3/CelebDFv3/FAKE/TalkingFace/SadTalker/id48_0007_test_id06209_HXpylMleqDk.mp4,TalkingFace/SadTalker,id48,,0,1.1421716213226318,-1.1421716213226318,0.0,34.19503402709961,25.0,0.0,0.0,0.006393091287463903,0.013553429394960403,0.006989302579313517,0.006989302579313517
CelebDFv3,/root/Datasets/CelebDFv3/CelebDFv3/FAKE/FaceReenact/DaGAN/id22_id21_0005.mp4,FaceReenact/DaGAN,id22,id21,0,1.9811584949493408,-1.9811584949493408,0.0,32.59568405151367,30.0,1.0,0.015625,0.01782388798892498,0.024418525397777557,0.011276289820671082,0.01137087494134903
CelebDFv3,/root/Datasets/CelebDFv3/CelebDFv3/FAKE/FaceReenact/FSRT/id56_id49_0003.mp4,FaceReenact/FSRT,id56,id49,0,3.4759461879730225,-3.4759461879730225,0.0,23.23714256286621,20.0,0.0,0.0,0.009213308803737164,0.004926671274006367,0.007429583929479122,0.007429583929479122
CelebDFv3,/root/Datasets/CelebDFv3/CelebDFv3/FAKE/FaceReenact/HyperReenact/id31_id29_0001.mp4,FaceReenact/HyperReenact,id31,id29,0,-2.6312153339385986,2.6312153339385986,0.0,24.62879753112793,25.0,0.0,0.0,0.017807213589549065,0.003614759538322687,0.023644084110856056,0.023644084110856056
CelebDFv3,/root/Datasets/CelebDFv3/CelebDFv3/FAKE/FaceReenact/LIA/id23_id20_0001.mp4,FaceReenact/LIA,id23,id20,0,0.9637399911880493,-0.9637399911880493,0.0,37.69217300415039,30.0,0.0,0.0,0.016639238223433495,0.014657039195299149,0.008724895305931568,0.008724895305931568
CelebDFv3,/root/Datasets/CelebDFv3/CelebDFv3/FAKE/FaceReenact/LivePortrait/id23_id34_0009.mp4,FaceReenact/LivePortrait,id23,id34,0,0.6491220593452454,-0.6491220593452454,0.0,24.55626678466797,30.0,0.0,0.0,0.02502344734966755,0.011975484900176525,0.007708070334047079,0.010205484926700592
CelebDFv3,/root/Datasets/CelebDFv3/CelebDFv3/FAKE/FaceReenact/MCNET/id31_id37_0005.mp4,FaceReenact/MCNET,id31,id37,0,-0.9338666200637817,0.9338666200637817,0.0,29.782894134521484,30.0,1.0,0.03125,0.005836809054017067,0.007061405573040247,0.0067214034497737885,0.0067214034497737885
CelebDFv3,/root/Datasets/CelebDFv3/CelebDFv3/FAKE/FaceReenact/TPSMM/id51_id53_0006.mp4,FaceReenact/TPSMM,id51,id53,0,1.1151602268218994,-1.1151602268218994,0.0,28.022035598754883,30.0,0.0,0.0,0.012591293081641197,0.008378072641789913,0.012139908969402313,0.012139908969402313
CelebDFv3,/root/Datasets/CelebDFv3/CelebDFv3/FAKE/FaceSwap/BlendFace/id25_id23_0005.mp4,FaceSwap/BlendFace,id25,id23,0,2.0193614959716797,-2.0193614959716797,0.0,22.246986389160156,30.0,0.0,0.0,0.02051021344959736,0.004467164631932974,0.005583092570304871,0.008285309188067913
CelebDFv3,/root/Datasets/CelebDFv3/CelebDFv3/FAKE/FaceSwap/Celeb-DF-v2/id48_id42_0001.mp4,FaceSwap/Celeb-DF-v2,id48,id42,0,2.405075788497925,-2.405075788497925,0.0,23.127338409423828,30.0,0.0,0.0,0.007245343644171953,0.008766013197600842,0.0026490292511880398,0.004730409476906061
CelebDFv3,/root/Datasets/CelebDFv3/CelebDFv3/FAKE/FaceSwap/GHOST/id54_id51_0006.mp4,FaceSwap/GHOST,id54,id51,0,-1.5433926582336426,1.5433926582336426,0.0,39.46174240112305,30.0,0.0,0.0,0.0061552273109555244,0.01022734772413969,0.0032430789433419704,0.005807689391076565
CelebDFv3,/root/Datasets/CelebDFv3/CelebDFv3/FAKE/FaceSwap/HifiFace/id31_id17_0003.mp4,FaceSwap/HifiFace,id31,id17,0,-3.439368486404419,3.439368486404419,0.0,32.443267822265625,30.0,0.0,0.0,0.00685254018753767,0.006409060675650835,0.00483530992642045,0.008707655593752861
CelebDFv3,/root/Datasets/CelebDFv3/CelebDFv3/FAKE/FaceSwap/InSwapper/id31_id16_0002.mp4,FaceSwap/InSwapper,id31,id16,0,-0.23217348754405975,0.23217348754405975,0.0,21.32781982421875,30.0,0.0,0.0,0.020307935774326324,0.03998668119311333,0.014852509833872318,0.02674710378050804
CelebDFv3,/root/Datasets/CelebDFv3/CelebDFv3/FAKE/FaceSwap/MobileFaceSwap/id23_id22_0002.mp4,FaceSwap/MobileFaceSwap,id23,id22,0,1.5771162509918213,-1.5771162509918213,0.0,23.4810733795166,30.0,0.0,0.0,0.020605290308594704,0.01948031410574913,0.005376211367547512,0.009555199183523655
CelebDFv3,/root/Datasets/CelebDFv3/CelebDFv3/FAKE/FaceSwap/SimSwap/id23_id29_0007.mp4,FaceSwap/SimSwap,id23,id29,0,1.9124048948287964,-1.9124048948287964,0.0,30.96413803100586,30.0,0.0,0.0,0.015355241484940052,0.0375010184943676,0.006533843465149403,0.011462387628853321
CelebDFv3,/root/Datasets/CelebDFv3/CelebDFv3/FAKE/FaceSwap/UniFace/id31_id3_0005.mp4,FaceSwap/UniFace,id31,id3,0,-0.6337840557098389,0.6337840557098389,0.0,40.63016891479492,30.0,0.0,0.0,0.008367525413632393,0.007216410245746374,0.0018984763883054256,0.0034188663121312857
CelebDFv3,/root/Datasets/CelebDFv3/CelebDFv3/FAKE/TalkingFace/AniTalker/id59_0007_test_id02019_anSrwA_9RPE.mp4,TalkingFace/AniTalker,id59,,0,2.8304569721221924,-2.8304569721221924,0.0,32.407196044921875,25.0,0.0,0.0,0.007067929487675428,0.0034330354537814856,0.004788409452885389,0.004788409452885389
CelebDFv3,/root/Datasets/CelebDFv3/CelebDFv3/FAKE/TalkingFace/EDTalk/id59_0000_test_id00419_749eTxP4Us8.mp4,TalkingFace/EDTalk,id59,,0,3.2581100463867188,-3.2581100463867188,0.0,24.722652435302734,25.0,0.0,0.0,0.015236209146678448,0.012553704902529716,0.006765346042811871,0.006765346042811871
CelebDFv3,/root/Datasets/CelebDFv3/CelebDFv3/FAKE/TalkingFace/EchoMimic/id56_0002_test_id01000_f-mjLyC1-4g.mp4,TalkingFace/EchoMimic,id56,,0,2.4472122192382812,-2.4472122192382812,0.0,36.54753112792969,24.0,0.0,0.0,0.010976715013384819,0.007043405435979366,0.008511313237249851,0.008511313237249851
CelebDFv3,/root/Datasets/CelebDFv3/CelebDFv3/FAKE/TalkingFace/FLOAT/id56_0008_test_id04862_ORhcTM80e0A.mp4,TalkingFace/FLOAT,id56,,0,1.311458706855774,-1.311458706855774,0.0,23.22641372680664,25.0,0.0,0.0,0.018032602965831757,0.011949308216571808,0.007592630106955767,0.007592630106955767
CelebDFv3,/root/Datasets/CelebDFv3/CelebDFv3/FAKE/TalkingFace/IP_LAP/id31_0007_test_id02465_BfzqhbsRhuE.mp4,TalkingFace/IP_LAP,id31,,0,-3.945913076400757,3.945913076400757,0.0,50.47169494628906,25.0,1.0,0.328125,0.07730849832296371,0.010703357867896557,0.12290419638156891,0.12290419638156891
CelebDFv3,/root/Datasets/CelebDFv3/CelebDFv3/FAKE/TalkingFace/Real3DPortrait/id26_0003_test_id02317_quWGoFFkGr0.mp4,TalkingFace/Real3DPortrait,id26,,0,-6.371650695800781,6.371650695800781,0.0,101.61345672607422,25.0,0.0,0.0,0.015976594761013985,0.006871312391012907,0.0056192390620708466,0.0056192390620708466
CelebDFv3,/root/Datasets/CelebDFv3/CelebDFv3/FAKE/TalkingFace/SadTalker/id25_0010_test_id07426_1KNFfOFEhyI.mp4,TalkingFace/SadTalker,id25,,0,-2.4199752807617188,2.4199752807617188,0.0,36.0886116027832,25.0,0.0,0.0,0.003888435661792755,0.008823352865874767,0.0076254988089203835,0.0076254988089203835
CelebDFv3,/root/Datasets/CelebDFv3/CelebDFv3/FAKE/FaceReenact/DaGAN/id59_id60_0007.mp4,FaceReenact/DaGAN,id59,id60,0,1.2845680713653564,-1.2845680713653564,0.0,26.783851623535156,30.0,1.0,0.109375,0.0291975699365139,0.010563414543867111,0.018581299111247063,0.018581299111247063
CelebDFv3,/root/Datasets/CelebDFv3/CelebDFv3/FAKE/FaceReenact/FSRT/id26_id25_0001.mp4,FaceReenact/FSRT,id26,id25,0,-1.3513942956924438,1.3513942956924438,0.0,38.70473098754883,20.0,0.0,0.0,0.021348364651203156,0.005879880860447884,0.00834769569337368,0.00834769569337368
CelebDFv3,/root/Datasets/CelebDFv3/CelebDFv3/FAKE/FaceReenact/HyperReenact/id56_id54_0001.mp4,FaceReenact/HyperReenact,id56,id54,0,4.052741050720215,-4.052741050720215,0.0,20.602275848388672,25.0,0.0,0.0,0.008161603473126888,0.0031409626826643944,0.006179389543831348,0.006179389543831348
CelebDFv3,/root/Datasets/CelebDFv3/CelebDFv3/FAKE/FaceReenact/LIA/id22_id21_0004.mp4,FaceReenact/LIA,id22,id21,0,5.690025329589844,-5.690025329589844,0.0,32.98101043701172,30.0,0.0,0.0,0.025003232061862946,0.014851299114525318,0.011540943756699562,0.011540943756699562
CelebDFv3,/root/Datasets/CelebDFv3/CelebDFv3/FAKE/FaceReenact/LivePortrait/id56_id52_0008.mp4,FaceReenact/LivePortrait,id56,id52,0,0.22371147572994232,-0.22371147572994232,0.0,23.522520065307617,30.0,0.0,0.0,0.004381572362035513,0.0031020045280456543,0.0018897088011726737,0.0033840809483081102
CelebDFv3,/root/Datasets/CelebDFv3/CelebDFv3/FAKE/FaceReenact/MCNET/id23_id31_0002.mp4,FaceReenact/MCNET,id23,id31,0,0.8626503944396973,-0.8626503944396973,0.0,25.640525817871094,30.0,1.0,0.03125,0.019538067281246185,0.007518929895013571,0.021870438009500504,0.021870438009500504
CelebDFv3,/root/Datasets/CelebDFv3/CelebDFv3/FAKE/FaceReenact/TPSMM/id31_id37_0004.mp4,FaceReenact/TPSMM,id31,id37,0,0.558775782585144,-0.558775782585144,0.0,24.627887725830078,30.0,0.0,0.0,0.013559328392148018,0.010002459399402142,0.006940352730453014,0.006940352730453014
CelebDFv3,/root/Datasets/CelebDFv3/CelebDFv3/FAKE/FaceSwap/BlendFace/id23_id35_0006.mp4,FaceSwap/BlendFace,id23,id35,0,0.9448854923248291,-0.9448854923248291,0.0,17.04067039489746,30.0,0.0,0.0,0.01399484183639288,0.006157455500215292,0.00326832989230752,0.004330537281930447
CelebDFv3,/root/Datasets/CelebDFv3/CelebDFv3/FAKE/FaceSwap/Celeb-DF-v2/id48_id47_0000.mp4,FaceSwap/Celeb-DF-v2,id48,id47,0,-0.822394847869873,0.822394847869873,0.0,37.99599075317383,30.0,0.0,0.0,0.0033396994695067406,0.004248845390975475,0.0015362061094492674,0.002743225544691086
CelebDFv3,/root/Datasets/CelebDFv3/CelebDFv3/FAKE/FaceSwap/GHOST/id23_id9_0008.mp4,FaceSwap/GHOST,id23,id9,0,1.7017486095428467,-1.7017486095428467,0.0,23.966672897338867,30.0,0.0,0.0,0.002640829887241125,0.004010892938822508,0.002381283789873123,0.004177510738372803
CelebDFv3,/root/Datasets/CelebDFv3/CelebDFv3/FAKE/FaceSwap/HifiFace/id56_id50_0006.mp4,FaceSwap/HifiFace,id56,id50,0,2.2001280784606934,-2.2001280784606934,0.0,27.626880645751953,30.0,0.0,0.0,0.011010871268808842,0.0086170993745327,0.0033957059495151043,0.0060810125432908535
CelebDFv3,/root/Datasets/CelebDFv3/CelebDFv3/FAKE/FaceSwap/InSwapper/id23_id9_0008.mp4,FaceSwap/InSwapper,id23,id9,0,2.1844003200531006,-2.1844003200531006,0.0,23.692659378051758,30.0,0.0,0.0,0.0025968775153160095,0.004719777964055538,0.0037594458553940058,0.006595234852284193
CelebDFv3,/root/Datasets/CelebDFv3/CelebDFv3/FAKE/FaceSwap/MobileFaceSwap/id51_id55_0006.mp4,FaceSwap/MobileFaceSwap,id51,id55,0,0.966729998588562,-0.966729998588562,0.0,35.00596618652344,29.0,0.0,0.0,0.004280666820704937,0.020916830748319626,0.003286785911768675,0.005885960068553686
CelebDFv3,/root/Datasets/CelebDFv3/CelebDFv3/FAKE/FaceSwap/SimSwap/id22_id20_0002.mp4,FaceSwap/SimSwap,id22,id20,0,6.518496036529541,-6.518496036529541,0.0,23.44029998779297,30.0,0.0,0.0,0.010062971152365208,0.02144705504179001,0.006125038489699364,0.010886098258197308
CelebDFv3,/root/Datasets/CelebDFv3/CelebDFv3/FAKE/FaceSwap/UniFace/id23_id30_0009.mp4,FaceSwap/UniFace,id23,id30,0,3.3590524196624756,-3.3590524196624756,0.0,20.50667381286621,30.0,0.0,0.0,0.004735829774290323,0.006501116789877415,0.0036839002277702093,0.004877484403550625
CelebDFv3,/root/Datasets/CelebDFv3/CelebDFv3/FAKE/TalkingFace/AniTalker/id11_0003_test_id07621_9YfVlYjHf9o.mp4,TalkingFace/AniTalker,id11,,0,-3.591278076171875,3.591278076171875,0.0,42.34389877319336,25.0,0.0,0.0,0.008605808019638062,0.00674061244353652,0.005600671283900738,0.005600671283900738
CelebDFv3,/root/Datasets/CelebDFv3/CelebDFv3/FAKE/TalkingFace/EDTalk/id56_0006_test_id01333_D8Pv2f28x3Q.mp4,TalkingFace/EDTalk,id56,,0,1.7870986461639404,-1.7870986461639404,0.0,35.641082763671875,25.0,0.0,0.0,0.015692880377173424,0.012332507409155369,0.0068847425282001495,0.0068847425282001495
CelebDFv3,/root/Datasets/CelebDFv3/CelebDFv3/FAKE/TalkingFace/EchoMimic/id26_0009_test_id01437_uXAe0vbNWeo.mp4,TalkingFace/EchoMimic,id26,,0,2.0887322425842285,-2.0887322425842285,0.0,59.66951370239258,24.0,0.0,0.0,0.00921501126140356,0.011491493321955204,0.007819115184247494,0.007819115184247494
CelebDFv3,/root/Datasets/CelebDFv3/CelebDFv3/FAKE/TalkingFace/FLOAT/id51_0003_test_id01593_1EAgAgH4d04.mp4,TalkingFace/FLOAT,id51,,0,-3.018925189971924,3.018925189971924,0.0,47.57174301147461,25.0,0.0,0.0,0.01891431398689747,0.014084408059716225,0.014676382765173912,0.014676382765173912
CelebDFv3,/root/Datasets/CelebDFv3/CelebDFv3/FAKE/TalkingFace/IP_LAP/id54_0002_test_id00061_nrI2uwhFFto.mp4,TalkingFace/IP_LAP,id54,,0,0.7021147012710571,-0.7021147012710571,0.0,36.14498519897461,25.0,0.0,0.0,0.017629878595471382,0.019882114604115486,0.013594213873147964,0.013594213873147964
CelebDFv3,/root/Datasets/CelebDFv3/CelebDFv3/FAKE/TalkingFace/Real3DPortrait/id59_0004_test_id04232_AB9fk1MH2rA.mp4,TalkingFace/Real3DPortrait,id59,,0,-0.4686264395713806,0.4686264395713806,0.0,26.59027099609375,25.0,0.0,0.0,0.012415817007422447,0.006908445619046688,0.006428354885429144,0.006428354885429144
CelebDFv3,/root/Datasets/CelebDFv3/CelebDFv3/FAKE/TalkingFace/SadTalker/id25_0007_test_id01618_KHeRiXKiYZ8.mp4,TalkingFace/SadTalker,id25,,0,2.284400224685669,-2.284400224685669,0.0,50.9561653137207,25.0,0.0,0.0,0.0016966008115559816,0.0030979374423623085,0.004214195534586906,0.004214195534586906
CelebDFv3,/root/Datasets/CelebDFv3/CelebDFv3/FAKE/FaceReenact/DaGAN/id54_id49_0009.mp4,FaceReenact/DaGAN,id54,id49,0,4.977166175842285,-4.977166175842285,0.0,22.816143035888672,30.0,1.0,0.03125,0.012493974529206753,0.00867273285984993,0.012637156061828136,0.012637156061828136
CelebDFv3,/root/Datasets/CelebDFv3/CelebDFv3/FAKE/FaceReenact/FSRT/id59_id60_0007.mp4,FaceReenact/FSRT,id59,id60,0,2.7663798332214355,-2.7663798332214355,0.0,24.554460525512695,20.0,1.0,0.140625,0.03625123202800751,0.027646243572235107,0.03205331042408943,0.03205331042408943
CelebDFv3,/root/Datasets/CelebDFv3/CelebDFv3/FAKE/FaceReenact/HyperReenact/id31_id28_0004.mp4,FaceReenact/HyperReenact,id31,id28,0,1.9816465377807617,-1.9816465377807617,0.0,28.255903244018555,25.0,0.0,0.0,0.0029416275210678577,0.0017459122464060783,0.0037554013542830944,0.0037554013542830944
CelebDFv3,/root/Datasets/CelebDFv3/CelebDFv3/FAKE/FaceReenact/LIA/id22_id21_0002.mp4,FaceReenact/LIA,id22,id21,0,6.761573791503906,-6.761573791503906,0.0,27.472835540771484,30.0,0.0,0.0,0.012472216971218586,0.021899312734603882,0.01217622123658657,0.01217622123658657
CelebDFv3,/root/Datasets/CelebDFv3/CelebDFv3/FAKE/FaceReenact/LivePortrait/id56_id50_0005.mp4,FaceReenact/LivePortrait,id56,id50,0,-1.8486340045928955,1.8486340045928955,0.0,28.823497772216797,29.0,1.0,0.03125,0.0063338810577988625,0.004300448577851057,0.0019093831069767475,0.0034193138126283884
CelebDFv3,/root/Datasets/CelebDFv3/CelebDFv3/FAKE/FaceReenact/MCNET/id31_id33_0006.mp4,FaceReenact/MCNET,id31,id33,0,0.4010390043258667,-0.4010390043258667,0.0,23.157102584838867,30.0,1.0,0.171875,0.03918132558465004,0.017158938571810722,0.014029951766133308,0.014029951766133308
CelebDFv3,/root/Datasets/CelebDFv3/CelebDFv3/FAKE/FaceReenact/TPSMM/id26_id3_0008.mp4,FaceReenact/TPSMM,id26,id3,0,4.229628086090088,-4.229628086090088,0.0,23.60439682006836,30.0,0.0,0.0,0.0153153445571661,0.01815365068614483,0.006006123498082161,0.006006123498082161
CelebDFv3,/root/Datasets/CelebDFv3/CelebDFv3/FAKE/FaceSwap/BlendFace/id23_id38_0001.mp4,FaceSwap/BlendFace,id23,id38,0,3.404306411743164,-3.404306411743164,0.0,25.831905364990234,30.0,0.0,0.0,0.006658280733972788,0.022979876026511192,0.021299690008163452,0.037856169044971466
CelebDFv3,/root/Datasets/CelebDFv3/CelebDFv3/FAKE/FaceSwap/Celeb-DF-v2/id26_id30_0006.mp4,FaceSwap/Celeb-DF-v2,id26,id30,0,-1.2736564874649048,1.2736564874649048,0.0,66.42532348632812,30.0,1.0,0.03125,0.024567482993006706,0.008684058673679829,0.0061235614120960236,0.011150764301419258
CelebDFv3,/root/Datasets/CelebDFv3/CelebDFv3/FAKE/FaceSwap/GHOST/id56_id50_0006.mp4,FaceSwap/GHOST,id56,id50,0,2.287292957305908,-2.287292957305908,0.0,23.832523345947266,30.0,0.0,0.0,0.010720090940594673,0.008113507181406021,0.0035410907585173845,0.006341367959976196
CelebDFv3,/root/Datasets/CelebDFv3/CelebDFv3/FAKE/FaceSwap/HifiFace/id31_id16_0005.mp4,FaceSwap/HifiFace,id31,id16,0,-0.3088083863258362,0.3088083863258362,0.0,37.071128845214844,30.0,0.0,0.0,0.008924977853894234,0.0109386732801795,0.0027521206066012383,0.004956149496138096
CelebDFv3,/root/Datasets/CelebDFv3/CelebDFv3/FAKE/FaceSwap/InSwapper/id31_id9_0003.mp4,FaceSwap/InSwapper,id31,id9,0,-2.3482513427734375,2.3482513427734375,0.0,31.956026077270508,30.0,0.0,0.0,0.005218225996941328,0.0067419372498989105,0.003882287535816431,0.006991407368332148
CelebDFv3,/root/Datasets/CelebDFv3/CelebDFv3/FAKE/FaceSwap/MobileFaceSwap/id48_id46_0001.mp4,FaceSwap/MobileFaceSwap,id48,id46,0,3.310265064239502,-3.310265064239502,0.0,25.091947555541992,30.0,0.0,0.0,0.007237966172397137,0.009243418462574482,0.002784620737656951,0.00497253704816103
CelebDFv3,/root/Datasets/CelebDFv3/CelebDFv3/FAKE/FaceSwap/SimSwap/id51_id55_0006.mp4,FaceSwap/SimSwap,id51,id55,0,0.6177433729171753,-0.6177433729171753,0.0,36.03621292114258,29.899999618530273,0.0,0.0,0.004291842691600323,0.02051444537937641,0.0030372298788279295,0.00543905608355999
CelebDFv3,/root/Datasets/CelebDFv3/CelebDFv3/FAKE/FaceSwap/UniFace/id31_id1_0007.mp4,FaceSwap/UniFace,id31,id1,0,-7.057384490966797,7.057384490966797,0.0,57.6142692565918,30.0,0.0,0.0,0.013404466211795807,0.0057562170550227165,0.0077767083421349525,0.014004664495587349
CelebDFv3,/root/Datasets/CelebDFv3/CelebDFv3/FAKE/TalkingFace/AniTalker/id26_0002_test_id05055_6EIN7_SQQDM.mp4,TalkingFace/AniTalker,id26,,0,0.6810669898986816,-0.6810669898986816,0.0,25.936460494995117,25.0,0.0,0.0,0.007158620283007622,0.004315890371799469,0.007035560440272093,0.007035560440272093
CelebDFv3,/root/Datasets/CelebDFv3/CelebDFv3/FAKE/TalkingFace/EDTalk/id48_0008_test_id04862_NPOoEt--t_g.mp4,TalkingFace/EDTalk,id48,,0,-3.5717291831970215,3.5717291831970215,0.0,58.00190353393555,25.0,0.0,0.0,0.01228580716997385,0.012354401871562004,0.005697294138371944,0.005697294138371944
CelebDFv3,/root/Datasets/CelebDFv3/CelebDFv3/FAKE/TalkingFace/EchoMimic/id59_0003_test_id03347__NVxlFSjV0I.mp4,TalkingFace/EchoMimic,id59,,0,-1.8701822757720947,1.8701822757720947,0.0,70.66887664794922,24.0,0.0,0.0,0.00777363171800971,0.02157837711274624,0.007669674698263407,0.007669674698263407
CelebDFv3,/root/Datasets/CelebDFv3/CelebDFv3/FAKE/TalkingFace/FLOAT/id11_0002_test_id06811_Z8pDqRv3I8c.mp4,TalkingFace/FLOAT,id11,,0,1.349963903427124,-1.349963903427124,0.0,26.210391998291016,25.0,0.0,0.0,0.018398618325591087,0.015176142565906048,0.009513542987406254,0.009513542987406254
CelebDFv3,/root/Datasets/CelebDFv3/CelebDFv3/FAKE/TalkingFace/IP_LAP/id8_0008_test_id01000_xjC2r6OXgBo.mp4,TalkingFace/IP_LAP,id8,,0,1.3657772541046143,-1.3657772541046143,0.0,30.735868453979492,25.0,1.0,0.046875,0.03350409120321274,0.022967815399169922,0.010451665148139,0.010451665148139
CelebDFv3,/root/Datasets/CelebDFv3/CelebDFv3/FAKE/TalkingFace/Real3DPortrait/id11_0009_test_id00817_GAs8WnyFKJM.mp4,TalkingFace/Real3DPortrait,id11,,0,0.9867485761642456,-0.9867485761642456,0.0,32.575809478759766,25.0,0.0,0.0,0.013706796802580357,0.0065382542088627815,0.006061992142349482,0.006061992142349482
CelebDFv3,/root/Datasets/CelebDFv3/CelebDFv3/FAKE/TalkingFace/SadTalker/id56_0000_test_id01989_t3crub0ikyc.mp4,TalkingFace/SadTalker,id56,,0,2.348479747772217,-2.348479747772217,0.0,22.748245239257812,25.0,0.0,0.0,0.0030195529107004404,0.005317416973412037,0.006449407897889614,0.006449407897889614
CelebDFv3,/root/Datasets/CelebDFv3/CelebDFv3/FAKE/FaceReenact/DaGAN/id31_id1_0006.mp4,FaceReenact/DaGAN,id31,id1,0,0.3962976932525635,-0.3962976932525635,0.0,27.75436782836914,30.0,0.0,0.0,0.012108942493796349,0.009659496136009693,0.008275158703327179,0.008275158703327179
CelebDFv3,/root/Datasets/CelebDFv3/CelebDFv3/FAKE/FaceReenact/FSRT/id23_id16_0009.mp4,FaceReenact/FSRT,id23,id16,0,4.775282859802246,-4.775282859802246,0.0,21.983322143554688,20.0,0.0,0.0,0.02471209317445755,0.015997013077139854,0.012942030094563961,0.012942030094563961
CelebDFv3,/root/Datasets/CelebDFv3/CelebDFv3/FAKE/FaceReenact/HyperReenact/id8_id2_0003.mp4,FaceReenact/HyperReenact,id8,id2,0,1.6142334938049316,-1.6142334938049316,0.0,33.22963333129883,25.0,0.0,0.0,0.0016767771448940039,0.0019740567076951265,0.0027506700716912746,0.0027506700716912746
CelebDFv3,/root/Datasets/CelebDFv3/CelebDFv3/FAKE/FaceReenact/LIA/id26_id34_0003.mp4,FaceReenact/LIA,id26,id34,0,-5.720893383026123,5.720893383026123,0.0,69.88005828857422,30.0,1.0,0.375,0.0074730562046170235,0.010331117548048496,0.0101856030523777,0.0101856030523777
CelebDFv3,/root/Datasets/CelebDFv3/CelebDFv3/FAKE/FaceReenact/LivePortrait/id51_id58_0000.mp4,FaceReenact/LivePortrait,id51,id58,0,-1.8436298370361328,1.8436298370361328,0.0,21.100130081176758,30.0,0.0,0.0,0.008874736726284027,0.005231605842709541,0.005656592082232237,0.010129795409739017
CelebDFv3,/root/Datasets/CelebDFv3/CelebDFv3/FAKE/FaceReenact/MCNET/id31_id2_0005.mp4,FaceReenact/MCNET,id31,id2,0,-1.1124637126922607,1.1124637126922607,0.0,31.420719146728516,30.0,1.0,0.015625,0.012643259949982166,0.006636306643486023,0.008102497085928917,0.008102497085928917
CelebDFv3,/root/Datasets/CelebDFv3/CelebDFv3/FAKE/FaceReenact/TPSMM/id26_id29_0008.mp4,FaceReenact/TPSMM,id26,id29,0,4.046976089477539,-4.046976089477539,0.0,23.09183692932129,30.0,1.0,0.09375,0.01726476661860943,0.012224209494888783,0.014253037981688976,0.014253037981688976
CelebDFv3,/root/Datasets/CelebDFv3/CelebDFv3/FAKE/FaceSwap/BlendFace/id23_id30_0003.mp4,FaceSwap/BlendFace,id23,id30,0,1.1273341178894043,-1.1273341178894043,0.0,28.455001831054688,30.0,0.0,0.0,0.005783009342849255,0.005286120809614658,0.0021806524600833654,0.003875697497278452
CelebDFv3,/root/Datasets/CelebDFv3/CelebDFv3/FAKE/FaceSwap/Celeb-DF-v2/id25_id22_0010.mp4,FaceSwap/Celeb-DF-v2,id25,id22,0,-1.4555542469024658,1.4555542469024658,0.0,32.81340026855469,30.0,0.0,0.0,0.008033597841858864,0.006893550977110863,0.0027930799406021833,0.005018074996769428
CelebDFv3,/root/Datasets/CelebDFv3/CelebDFv3/FAKE/FaceSwap/GHOST/id22_id25_0003.mp4,FaceSwap/GHOST,id22,id25,0,2.3730766773223877,-2.3730766773223877,0.0,48.90351867675781,30.0,1.0,0.1875,0.04074500873684883,0.027940649539232254,0.020171405747532845,0.03585086017847061
CelebDFv3,/root/Datasets/CelebDFv3/CelebDFv3/FAKE/FaceSwap/HifiFace/id31_id38_0001.mp4,FaceSwap/HifiFace,id31,id38,0,-1.567101001739502,1.567101001739502,0.0,28.206762313842773,30.0,0.0,0.0,0.003228207351639867,0.004757683724164963,0.002214644104242325,0.00398823618888855
CelebDFv3,/root/Datasets/CelebDFv3/CelebDFv3/FAKE/FaceSwap/InSwapper/id8_id7_0008.mp4,FaceSwap/InSwapper,id8,id7,0,0.1486435830593109,-0.1486435830593109,0.0,29.738962173461914,30.0,0.0,0.0,0.00557643873617053,0.006026935297995806,0.0011199845466762781,0.0021100512240082026
CelebDFv3,/root/Datasets/CelebDFv3/CelebDFv3/FAKE/FaceSwap/MobileFaceSwap/id31_id33_0001.mp4,FaceSwap/MobileFaceSwap,id31,id33,0,0.012569248676300049,-0.012569248676300049,0.0,24.743656158447266,30.0,0.0,0.0,0.004614478908479214,0.004853396210819483,0.0020972639322280884,0.0037768525071442127
CelebDFv3,/root/Datasets/CelebDFv3/CelebDFv3/FAKE/FaceSwap/SimSwap/id26_id1_0004.mp4,FaceSwap/SimSwap,id26,id1,0,1.517657995223999,-1.517657995223999,0.0,27.307817459106445,30.0,0.0,0.0,0.005943607538938522,0.014053316786885262,0.0030777892097830772,0.005529587157070637
CelebDFv3,/root/Datasets/CelebDFv3/CelebDFv3/FAKE/FaceSwap/UniFace/id31_id4_0007.mp4,FaceSwap/UniFace,id31,id4,0,-8.419124603271484,8.419124603271484,0.0,62.06998825073242,30.0,0.0,0.0,0.011917151510715485,0.005641481839120388,0.006787766702473164,0.01222373265773058
CelebDFv3,/root/Datasets/CelebDFv3/CelebDFv3/FAKE/TalkingFace/AniTalker/id22_0005_test_id08392_V2DQaPnQhBs.mp4,TalkingFace/AniTalker,id22,,0,0.5978822112083435,-0.5978822112083435,0.0,35.509552001953125,25.0,0.0,0.0,0.0068651908077299595,0.012207834050059319,0.0067135910503566265,0.0067135910503566265
CelebDFv3,/root/Datasets/CelebDFv3/CelebDFv3/FAKE/TalkingFace/EDTalk/id56_0002_test_id04276_j7kziDG61kk.mp4,TalkingFace/EDTalk,id56,,0,4.195343971252441,-4.195343971252441,0.0,28.638065338134766,25.0,0.0,0.0,0.013927130028605461,0.014980788342654705,0.00570180406793952,0.00570180406793952
CelebDFv3,/root/Datasets/CelebDFv3/CelebDFv3/FAKE/TalkingFace/EchoMimic/id48_0009_test_id04536_A01JVLKHbTM.mp4,TalkingFace/EchoMimic,id48,,0,4.06083345413208,-4.06083345413208,0.0,35.11069107055664,24.0,0.0,0.0,0.014244289137423038,0.015351536683738232,0.008006686344742775,0.008006686344742775
CelebDFv3,/root/Datasets/CelebDFv3/CelebDFv3/FAKE/TalkingFace/FLOAT/id23_0006_test_id00017_kN2iEvnTHc4.mp4,TalkingFace/FLOAT,id23,,0,3.2982800006866455,-3.2982800006866455,0.0,18.677383422851562,25.0,0.0,0.0,0.01945575326681137,0.016671176999807358,0.005597859621047974,0.005597859621047974
CelebDFv3,/root/Datasets/CelebDFv3/CelebDFv3/FAKE/TalkingFace/IP_LAP/id8_0007_test_id00419_DkYa8HiTgJs.mp4,TalkingFace/IP_LAP,id8,,0,1.063637137413025,-1.063637137413025,0.0,34.138328552246094,25.0,0.0,0.0,0.026237402111291885,0.017102455720305443,0.01236125361174345,0.01236125361174345
CelebDFv3,/root/Datasets/CelebDFv3/CelebDFv3/FAKE/TalkingFace/Real3DPortrait/id59_0001_test_id05459_3TI6dVmEwzw.mp4,TalkingFace/Real3DPortrait,id59,,0,-4.49324893951416,4.49324893951416,0.0,65.27837371826172,25.0,1.0,0.578125,0.007312294095754623,0.005349504295736551,0.008538342081010342,0.008538342081010342
CelebDFv3,/root/Datasets/CelebDFv3/CelebDFv3/FAKE/TalkingFace/SadTalker/id59_0000_test_id00419_749eTxP4Us8.mp4,TalkingFace/SadTalker,id59,,0,-1.332399845123291,1.332399845123291,0.0,32.20319747924805,25.0,0.0,0.0,0.0024432819336652756,0.0026870325673371553,0.005248451605439186,0.00493971910327673
CelebDFv3,/root/Datasets/CelebDFv3/CelebDFv3/FAKE/FaceReenact/DaGAN/id26_id33_0006.mp4,FaceReenact/DaGAN,id26,id33,0,0.46849650144577026,-0.46849650144577026,0.0,63.975494384765625,30.0,1.0,0.34375,0.02377019077539444,0.02839336358010769,0.03604168817400932,0.03604168817400932
CelebDFv3,/root/Datasets/CelebDFv3/CelebDFv3/FAKE/FaceReenact/FSRT/id31_id3_0000.mp4,FaceReenact/FSRT,id31,id3,0,0.14198562502861023,-0.14198562502861023,0.0,20.17778205871582,20.0,1.0,0.015625,0.024648580700159073,0.026158243417739868,0.012603849172592163,0.012603849172592163
CelebDFv3,/root/Datasets/CelebDFv3/CelebDFv3/FAKE/FaceReenact/HyperReenact/id56_id57_0009.mp4,FaceReenact/HyperReenact,id56,id57,0,1.8409082889556885,-1.8409082889556885,0.0,24.322811126708984,25.0,0.0,0.0,0.0037810823414474726,0.0033816457726061344,0.004512963350862265,0.004512963350862265
CelebDFv3,/root/Datasets/CelebDFv3/CelebDFv3/FAKE/FaceReenact/LIA/id26_id6_0006.mp4,FaceReenact/LIA,id26,id6,0,-0.35645800828933716,0.35645800828933716,0.0,73.14630889892578,30.0,1.0,0.515625,0.01052477490156889,0.009853226132690907,0.01876438967883587,0.01876438967883587
CelebDFv3,/root/Datasets/CelebDFv3/CelebDFv3/FAKE/FaceReenact/LivePortrait/id56_id53_0006.mp4,FaceReenact/LivePortrait,id56,id53,0,0.0797550231218338,-0.0797550231218338,0.0,26.666231155395508,30.0,0.0,0.0,0.002954355673864484,0.0027220207266509533,0.0015838156687095761,0.002836288884282112
CelebDFv3,/root/Datasets/CelebDFv3/CelebDFv3/FAKE/FaceReenact/MCNET/id31_id28_0004.mp4,FaceReenact/MCNET,id31,id28,0,0.016636930406093597,-0.016636930406093597,0.0,24.91718101501465,30.0,0.0,0.0,0.014786533080041409,0.0067761619575321674,0.007626879028975964,0.007626879028975964
CelebDFv3,/root/Datasets/CelebDFv3/CelebDFv3/FAKE/FaceReenact/TPSMM/id8_id1_0003.mp4,FaceReenact/TPSMM,id8,id1,0,0.6771913170814514,-0.6771913170814514,0.0,30.714481353759766,30.0,1.0,0.015625,0.022383395582437515,0.005977927707135677,0.013403959572315216,0.013403959572315216
CelebDFv3,/root/Datasets/CelebDFv3/CelebDFv3/FAKE/FaceSwap/BlendFace/id51_id49_0005.mp4,FaceSwap/BlendFace,id51,id49,0,0.5866934657096863,-0.5866934657096863,0.0,33.234703063964844,30.0,0.0,0.0,0.014969155192375183,0.03182417154312134,0.004851615987718105,0.008688249625265598
CelebDFv3,/root/Datasets/CelebDFv3/CelebDFv3/FAKE/FaceSwap/Celeb-DF-v2/id26_id24_0001.mp4,FaceSwap/Celeb-DF-v2,id26,id24,0,1.4074047803878784,-1.4074047803878784,0.0,35.818180084228516,30.0,1.0,0.015625,0.021778849884867668,0.017933396622538567,0.004366076551377773,0.007844137027859688
CelebDFv3,/root/Datasets/CelebDFv3/CelebDFv3/FAKE/FaceSwap/GHOST/id48_id43_0003.mp4,FaceSwap/GHOST,id48,id43,0,1.7572216987609863,-1.7572216987609863,0.0,28.283863067626953,30.0,1.0,0.0625,0.009808680973947048,0.03523007407784462,0.014986573718488216,0.02676173858344555
CelebDFv3,/root/Datasets/CelebDFv3/CelebDFv3/FAKE/FaceSwap/HifiFace/id23_id20_0007.mp4,FaceSwap/HifiFace,id23,id20,0,2.0548181533813477,-2.0548181533813477,0.0,26.43336296081543,30.0,0.0,0.0,0.014783402904868126,0.04356376826763153,0.007870816625654697,0.013807855546474457
CelebDFv3,/root/Datasets/CelebDFv3/CelebDFv3/FAKE/FaceSwap/InSwapper/id23_id17_0006.mp4,FaceSwap/InSwapper,id23,id17,0,2.0421249866485596,-2.0421249866485596,0.0,16.6055965423584,30.0,0.0,0.0,0.01094879861921072,0.006126383785158396,0.003066220786422491,0.004062742926180363
CelebDFv3,/root/Datasets/CelebDFv3/CelebDFv3/FAKE/FaceSwap/MobileFaceSwap/id23_id4_0009.mp4,FaceSwap/MobileFaceSwap,id23,id4,0,2.369123935699463,-2.369123935699463,0.0,19.850406646728516,30.0,0.0,0.0,0.004744115751236677,0.005989347118884325,0.0036800799425691366,0.004872425924986601
CelebDFv3,/root/Datasets/CelebDFv3/CelebDFv3/FAKE/FaceSwap/SimSwap/id23_id1_0002.mp4,FaceSwap/SimSwap,id23,id1,0,2.1674046516418457,-2.1674046516418457,0.0,23.4166202545166,30.0,0.0,0.0,0.020631659775972366,0.020217763260006905,0.004724588245153427,0.008397063240408897
CelebDFv3,/root/Datasets/CelebDFv3/CelebDFv3/FAKE/FaceSwap/UniFace/id31_id16_0002.mp4,FaceSwap/UniFace,id31,id16,0,-0.2632025182247162,0.2632025182247162,0.0,20.213003158569336,30.0,0.0,0.0,0.022122127935290337,0.04442547634243965,0.017035016790032387,0.030677463859319687
CelebDFv3,/root/Datasets/CelebDFv3/CelebDFv3/FAKE/TalkingFace/AniTalker/id11_0000_test_id04006__bENbO3pwL0.mp4,TalkingFace/AniTalker,id11,,0,3.4579827785491943,-3.4579827785491943,0.0,25.704421997070312,25.0,0.0,0.0,0.014497644267976284,0.005985666997730732,0.006875937804579735,0.006875937804579735
CelebDFv3,/root/Datasets/CelebDFv3/CelebDFv3/FAKE/TalkingFace/EDTalk/id31_0000_test_id03041_qyCz5uttaAA.mp4,TalkingFace/EDTalk,id31,,0,3.5796453952789307,-3.5796453952789307,0.0,23.866168975830078,25.0,0.0,0.0,0.014176012016832829,0.014051992446184158,0.006974227726459503,0.006974227726459503
CelebDFv3,/root/Datasets/CelebDFv3/CelebDFv3/FAKE/TalkingFace/EchoMimic/id26_0003_test_id02317_quWGoFFkGr0.mp4,TalkingFace/EchoMimic,id26,,0,-7.817997932434082,7.817997932434082,0.0,93.5357437133789,24.0,0.0,0.0,0.014133768156170845,0.006642941385507584,0.006245007738471031,0.006245007738471031
CelebDFv3,/root/Datasets/CelebDFv3/CelebDFv3/FAKE/TalkingFace/FLOAT/id8_0001_test_id01989_t3crub0ikyc.mp4,TalkingFace/FLOAT,id8,,0,-1.413211464881897,1.413211464881897,0.0,25.983322143554688,25.0,0.0,0.0,0.019016996026039124,0.015882011502981186,0.014536038041114807,0.014536038041114807
CelebDFv3,/root/Datasets/CelebDFv3/CelebDFv3/FAKE/TalkingFace/IP_LAP/id11_0006_test_id04862_i6aGUMQW5jA.mp4,TalkingFace/IP_LAP,id11,,0,2.988868474960327,-2.988868474960327,0.0,36.0490608215332,25.0,0.0,0.0,0.022260500118136406,0.010903775691986084,0.007147400639951229,0.007147400639951229
CelebDFv3,/root/Datasets/CelebDFv3/CelebDFv3/FAKE/TalkingFace/Real3DPortrait/id51_0009_test_id01106_q01vvmTSJ9I.mp4,TalkingFace/Real3DPortrait,id51,,0,-1.0480939149856567,1.0480939149856567,0.0,25.253162384033203,25.0,0.0,0.0,0.006070150528103113,0.007394352927803993,0.006758561823517084,0.006758561823517084
CelebDFv3,/root/Datasets/CelebDFv3/CelebDFv3/FAKE/TalkingFace/SadTalker/id11_0005_test_id04094_BNAe-NhgItg.mp4,TalkingFace/SadTalker,id11,,0,-2.4179177284240723,2.4179177284240723,0.0,33.79970932006836,25.0,0.0,0.0,0.005679566878825426,0.00878858845680952,0.005934299901127815,0.005934299901127815
CelebDFv3,/root/Datasets/CelebDFv3/CelebDFv3/FAKE/FaceReenact/DaGAN/id31_id35_0007.mp4,FaceReenact/DaGAN,id31,id35,0,-2.37679386138916,2.37679386138916,0.0,61.89411163330078,30.0,1.0,0.078125,0.018931180238723755,0.025206545367836952,0.016588201746344566,0.016588201746344566
CelebDFv3,/root/Datasets/CelebDFv3/CelebDFv3/FAKE/FaceReenact/FSRT/id31_id16_0002.mp4,FaceReenact/FSRT,id31,id16,0,0.3495963215827942,-0.3495963215827942,0.0,24.13765525817871,20.0,1.0,0.0625,0.047249723225831985,0.012199867516756058,0.018286220729351044,0.018286220729351044
CelebDFv3,/root/Datasets/CelebDFv3/CelebDFv3/FAKE/FaceReenact/HyperReenact/id51_id58_0004.mp4,FaceReenact/HyperReenact,id51,id58,0,0.42465755343437195,-0.42465755343437195,0.0,25.633878707885742,25.0,0.0,0.0,0.03601484000682831,0.005103236995637417,0.013926886022090912,0.013926886022090912
CelebDFv3,/root/Datasets/CelebDFv3/CelebDFv3/FAKE/FaceReenact/LIA/id26_id22_0003.mp4,FaceReenact/LIA,id26,id22,0,-5.042613506317139,5.042613506317139,0.0,86.75615692138672,30.0,0.0,0.0,0.026421159505844116,0.014118824154138565,0.009311381727457047,0.009311381727457047
CelebDFv3,/root/Datasets/CelebDFv3/CelebDFv3/FAKE/FaceReenact/LivePortrait/id26_id21_0004.mp4,FaceReenact/LivePortrait,id26,id21,0,0.3256341814994812,-0.3256341814994812,0.0,26.534358978271484,30.0,0.0,0.0,0.014943661168217659,0.013585244305431843,0.00691345427185297,0.012420780956745148
CelebDFv3,/root/Datasets/CelebDFv3/CelebDFv3/FAKE/FaceReenact/MCNET/id48_id43_0003.mp4,FaceReenact/MCNET,id48,id43,0,-0.12918218970298767,0.12918218970298767,0.0,28.325979232788086,30.0,0.0,0.0,0.01219963002949953,0.010914151556789875,0.00750932889059186,0.00750932889059186
CelebDFv3,/root/Datasets/CelebDFv3/CelebDFv3/FAKE/FaceReenact/TPSMM/id31_id1_0001.mp4,FaceReenact/TPSMM,id31,id1,0,1.0675963163375854,-1.0675963163375854,0.0,23.08779525756836,30.0,1.0,0.140625,0.026881009340286255,0.008747264742851257,0.011955921538174152,0.011955921538174152
CelebDFv3,/root/Datasets/CelebDFv3/CelebDFv3/FAKE/FaceSwap/BlendFace/id25_id28_0005.mp4,FaceSwap/BlendFace,id25,id28,0,2.115485668182373,-2.115485668182373,0.0,24.141681671142578,30.0,0.0,0.0,0.01845163106918335,0.0044725071638822556,0.0039707510732114315,0.0058925943449139595
CelebDFv3,/root/Datasets/CelebDFv3/CelebDFv3/FAKE/FaceSwap/Celeb-DF-v2/id31_id20_0007.mp4,FaceSwap/Celeb-DF-v2,id31,id20,0,-5.671374797821045,5.671374797821045,0.0,63.8826904296875,30.0,0.0,0.0,0.010622960515320301,0.0062373606488108635,0.007767413277179003,0.01398792676627636
CelebDFv3,/root/Datasets/CelebDFv3/CelebDFv3/FAKE/FaceSwap/GHOST/id23_id4_0004.mp4,FaceSwap/GHOST,id23,id4,0,1.8644429445266724,-1.8644429445266724,0.0,26.99685287475586,30.0,1.0,0.015625,0.023585688322782516,0.02168644219636917,0.015345652587711811,0.020685940980911255
CelebDFv3,/root/Datasets/CelebDFv3/CelebDFv3/FAKE/FaceSwap/HifiFace/id51_id53_0008.mp4,FaceSwap/HifiFace,id51,id53,0,1.3608336448669434,-1.3608336448669434,0.0,24.517192840576172,30.0,0.0,0.0,0.006433294154703617,0.01404664758592844,0.003548497799783945,0.006354631390422583
CelebDFv3,/root/Datasets/CelebDFv3/CelebDFv3/FAKE/FaceSwap/InSwapper/id31_id38_0000.mp4,FaceSwap/InSwapper,id31,id38,0,-0.636535108089447,0.636535108089447,0.0,24.723905563354492,30.0,0.0,0.0,0.005418784450739622,0.007198266219347715,0.0032574913930147886,0.005866245366632938
CelebDFv3,/root/Datasets/CelebDFv3/CelebDFv3/FAKE/FaceSwap/MobileFaceSwap/id56_id49_0006.mp4,FaceSwap/MobileFaceSwap,id56,id49,0,2.3089423179626465,-2.3089423179626465,0.0,24.09853172302246,30.0,0.0,0.0,0.009776953607797623,0.008114964701235294,0.0037368405610322952,0.006691914517432451
CelebDFv3,/root/Datasets/CelebDFv3/CelebDFv3/FAKE/FaceSwap/SimSwap/id22_id28_0005.mp4,FaceSwap/SimSwap,id22,id28,0,0.4938167929649353,-0.4938167929649353,0.0,34.89565658569336,30.0,0.0,0.0,0.004698958247900009,0.003206644207239151,0.0018068387871608138,0.0032113140914589167
CelebDFv3,/root/Datasets/CelebDFv3/CelebDFv3/FAKE/FaceSwap/UniFace/id31_id33_0009.mp4,FaceSwap/UniFace,id31,id33,0,1.0959194898605347,-1.0959194898605347,0.0,20.4352970123291,30.0,0.0,0.0,0.006666266825050116,0.007036418654024601,0.001874806941486895,0.0033762415405362844
CelebDFv3,/root/Datasets/CelebDFv3/CelebDFv3/FAKE/TalkingFace/AniTalker/id26_0001_test_id03524_T8R_BWJi2KI.mp4,TalkingFace/AniTalker,id26,,0,-0.03660837933421135,0.03660837933421135,0.0,57.399723052978516,25.0,0.0,0.0,0.00778541062027216,0.004490451421588659,0.0036170794628560543,0.0036170794628560543
CelebDFv3,/root/Datasets/CelebDFv3/CelebDFv3/FAKE/TalkingFace/EDTalk/id11_0003_test_id07621_9YfVlYjHf9o.mp4,TalkingFace/EDTalk,id11,,0,-0.9014941453933716,0.9014941453933716,0.0,38.216636657714844,25.0,0.0,0.0,0.012029208242893219,0.013238571584224701,0.005518157966434956,0.005518157966434956
CelebDFv3,/root/Datasets/CelebDFv3/CelebDFv3/FAKE/TalkingFace/EchoMimic/id26_0001_test_id01041_VUK1CbfpTRM.mp4,TalkingFace/EchoMimic,id26,,0,-1.4716428518295288,1.4716428518295288,0.0,72.6275634765625,24.0,0.0,0.0,0.003168717958033085,0.007837596349418163,0.0053284489549696445,0.0053284489549696445
CelebDFv3,/root/Datasets/CelebDFv3/CelebDFv3/FAKE/TalkingFace/FLOAT/id54_0000_test_id08374_8V4tFXw2UxY.mp4,TalkingFace/FLOAT,id54,,0,-1.018936276435852,1.018936276435852,0.0,28.077117919921875,25.0,0.0,0.0,0.014558259397745132,0.016830064356327057,0.00972068402916193,0.00972068402916193
CelebDFv3,/root/Datasets/CelebDFv3/CelebDFv3/FAKE/TalkingFace/IP_LAP/id59_0006_test_id08696_rszCIqLKMBQ.mp4,TalkingFace/IP_LAP,id59,,0,2.989323139190674,-2.989323139190674,0.0,22.427309036254883,25.0,1.0,0.015625,0.05704652518033981,0.02057073265314102,0.04403967782855034,0.04403967782855034
CelebDFv3,/root/Datasets/CelebDFv3/CelebDFv3/FAKE/TalkingFace/Real3DPortrait/id25_0009_test_id06310_yv5n45E1Db0.mp4,TalkingFace/Real3DPortrait,id25,,0,3.8737363815307617,-3.8737363815307617,0.0,22.58014488220215,25.0,0.0,0.0,0.01267301570624113,0.005945584736764431,0.004720859229564667,0.004720859229564667
CelebDFv3,/root/Datasets/CelebDFv3/CelebDFv3/FAKE/TalkingFace/SadTalker/id22_0003_test_id02548_RoMUUfqkYF4.mp4,TalkingFace/SadTalker,id22,,0,3.823671817779541,-3.823671817779541,0.0,57.312068939208984,25.0,1.0,0.8125,0.0016399240121245384,0.0014754504663869739,0.004961138591170311,0.004961138591170311
CelebDFv3,/root/Datasets/CelebDFv3/CelebDFv3/FAKE/FaceReenact/DaGAN/id31_id33_0001.mp4,FaceReenact/DaGAN,id31,id33,0,-0.696723222732544,0.696723222732544,0.0,18.75415802001953,30.0,1.0,0.25,0.03070136532187462,0.019281543791294098,0.024505142122507095,0.024505142122507095
CelebDFv3,/root/Datasets/CelebDFv3/CelebDFv3/FAKE/FaceReenact/FSRT/id26_id32_0001.mp4,FaceReenact/FSRT,id26,id32,0,-0.4643595218658447,0.4643595218658447,0.0,38.0994758605957,20.0,1.0,0.03125,0.019513767212629318,0.014999531209468842,0.01133235078305006,0.01133235078305006
CelebDFv3,/root/Datasets/CelebDFv3/CelebDFv3/FAKE/FaceReenact/HyperReenact/id48_id47_0004.mp4,FaceReenact/HyperReenact,id48,id47,0,1.996448278427124,-1.996448278427124,0.0,37.037696838378906,25.0,0.0,0.0,0.0021531733218580484,0.002857785439118743,0.005355526693165302,0.005355526693165302
CelebDFv3,/root/Datasets/CelebDFv3/CelebDFv3/FAKE/FaceReenact/LIA/id26_id34_0006.mp4,FaceReenact/LIA,id26,id34,0,2.5352349281311035,-2.5352349281311035,0.0,64.4580307006836,30.0,1.0,0.171875,0.024973921477794647,0.018506789579987526,0.01602243073284626,0.01602243073284626
CelebDFv3,/root/Datasets/CelebDFv3/CelebDFv3/FAKE/FaceReenact/LivePortrait/id31_id37_0002.mp4,FaceReenact/LivePortrait,id31,id37,0,-1.2823913097381592,1.2823913097381592,0.0,29.269119262695312,30.0,1.0,0.03125,0.004417958669364452,0.013299794867634773,0.01036783866584301,0.01867089606821537
CelebDFv3,/root/Datasets/CelebDFv3/CelebDFv3/FAKE/FaceReenact/MCNET/id48_id40_0001.mp4,FaceReenact/MCNET,id48,id40,0,3.530536651611328,-3.530536651611328,0.0,19.84409523010254,30.0,1.0,0.046875,0.04108741506934166,0.04631949961185455,0.022164683789014816,0.022164683789014816
CelebDFv3,/root/Datasets/CelebDFv3/CelebDFv3/FAKE/FaceReenact/TPSMM/id23_id29_0006.mp4,FaceReenact/TPSMM,id23,id29,0,2.6165785789489746,-2.6165785789489746,0.0,18.421606063842773,30.0,0.0,0.0,0.012382538057863712,0.01299186423420906,0.008620602078735828,0.008620602078735828
CelebDFv3,/root/Datasets/CelebDFv3/CelebDFv3/FAKE/FaceSwap/BlendFace/id48_id46_0007.mp4,FaceSwap/BlendFace,id48,id46,0,2.533449649810791,-2.533449649810791,0.0,33.14457702636719,30.0,0.0,0.0,0.0035048769786953926,0.004165193531662226,0.001223239116370678,0.0016048895195126534
CelebDFv3,/root/Datasets/CelebDFv3/CelebDFv3/FAKE/FaceSwap/Celeb-DF-v2/id23_id2_0007.mp4,FaceSwap/Celeb-DF-v2,id23,id2,0,2.1512913703918457,-2.1512913703918457,0.0,25.919597625732422,30.0,0.0,0.0,0.0143681475892663,0.039430487900972366,0.008207272738218307,0.014398101717233658
CelebDFv3,/root/Datasets/CelebDFv3/CelebDFv3/FAKE/FaceSwap/GHOST/id8_id1_0003.mp4,FaceSwap/GHOST,id8,id1,0,0.4420025944709778,-0.4420025944709778,0.0,33.854042053222656,30.0,0.0,0.0,0.004066482186317444,0.015111287124454975,0.0023601318243891,0.004446487873792648
CelebDFv3,/root/Datasets/CelebDFv3/CelebDFv3/FAKE/FaceSwap/HifiFace/id56_id52_0008.mp4,FaceSwap/HifiFace,id56,id52,0,2.235597610473633,-2.235597610473633,0.0,22.738672256469727,30.0,0.0,0.0,0.008081699721515179,0.005446881987154484,0.0036992537789046764,0.0066246045753359795
CelebDFv3,/root/Datasets/CelebDFv3/CelebDFv3/FAKE/FaceSwap/InSwapper/id31_id26_0006.mp4,FaceSwap/InSwapper,id31,id26,0,-1.9417519569396973,1.9417519569396973,0.0,37.369895935058594,30.0,0.0,0.0,0.006395864300429821,0.012642597779631615,0.004005108028650284,0.007212588097900152
CelebDFv3,/root/Datasets/CelebDFv3/CelebDFv3/FAKE/FaceSwap/MobileFaceSwap/id51_id53_0006.mp4,FaceSwap/MobileFaceSwap,id51,id53,0,1.423810601234436,-1.423810601234436,0.0,36.098392486572266,29.0,0.0,0.0,0.004429587163031101,0.021095195785164833,0.00358381075784564,0.006417871452867985
CelebDFv3,/root/Datasets/CelebDFv3/CelebDFv3/FAKE/FaceSwap/SimSwap/id48_id40_0007.mp4,FaceSwap/SimSwap,id48,id40,0,2.067671537399292,-2.067671537399292,0.0,30.507841110229492,30.0,0.0,0.0,0.003798849182203412,0.00434117903932929,0.0016504121012985706,0.0021653405856341124
CelebDFv3,/root/Datasets/CelebDFv3/CelebDFv3/FAKE/FaceSwap/UniFace/id26_id23_0002.mp4,FaceSwap/UniFace,id26,id23,0,0.4446913003921509,-0.4446913003921509,0.0,25.866735458374023,30.0,0.0,0.0,0.011040234938263893,0.01743062399327755,0.0033064186573028564,0.005940345581620932
CelebDFv3,/root/Datasets/CelebDFv3/CelebDFv3/FAKE/TalkingFace/AniTalker/id51_0005_test_id04862_i6aGUMQW5jA.mp4,TalkingFace/AniTalker,id51,,0,0.28185102343559265,-0.28185102343559265,0.0,38.195125579833984,25.0,0.0,0.0,0.007328464649617672,0.007534580305218697,0.006853987462818623,0.006853987462818623
CelebDFv3,/root/Datasets/CelebDFv3/CelebDFv3/FAKE/TalkingFace/EDTalk/id59_0008_test_id06104_I5L50wxtK8Q.mp4,TalkingFace/EDTalk,id59,,0,3.407867908477783,-3.407867908477783,0.0,27.316308975219727,25.0,0.0,0.0,0.013960765674710274,0.013971001841127872,0.005524917040020227,0.005524917040020227
CelebDFv3,/root/Datasets/CelebDFv3/CelebDFv3/FAKE/TalkingFace/EchoMimic/id26_0000_test_id03862_KIZ12swYhdI.mp4,TalkingFace/EchoMimic,id26,,0,1.5789296627044678,-1.5789296627044678,0.0,38.32728576660156,24.0,0.0,0.0,0.005527154542505741,0.010076265782117844,0.005283386912196875,0.005283386912196875
CelebDFv3,/root/Datasets/CelebDFv3/CelebDFv3/FAKE/TalkingFace/FLOAT/id59_0007_test_id02317_5moKZXlJTEs.mp4,TalkingFace/FLOAT,id59,,0,2.2693662643432617,-2.2693662643432617,0.0,30.0362606048584,25.0,0.0,0.0,0.016801822930574417,0.014294628985226154,0.0067524779587984085,0.0067524779587984085
CelebDFv3,/root/Datasets/CelebDFv3/CelebDFv3/FAKE/TalkingFace/IP_LAP/id25_0001_test_id00866_4wuP1StGqIA.mp4,TalkingFace/IP_LAP,id25,,0,0.3427633047103882,-0.3427633047103882,0.0,37.79478073120117,25.0,1.0,0.015625,0.016025327146053314,0.009597607888281345,0.012715453281998634,0.012715453281998634
CelebDFv3,/root/Datasets/CelebDFv3/CelebDFv3/FAKE/TalkingFace/Real3DPortrait/id51_0005_test_id04478_c0nsCu5jxLk.mp4,TalkingFace/Real3DPortrait,id51,,0,0.21748554706573486,-0.21748554706573486,0.0,37.13883972167969,25.0,0.0,0.0,0.014617789536714554,0.007059404626488686,0.010413791984319687,0.010413791984319687
CelebDFv3,/root/Datasets/CelebDFv3/CelebDFv3/FAKE/TalkingFace/SadTalker/id25_0009_test_id02465_mzyWUVgjQn0.mp4,TalkingFace/SadTalker,id25,,0,0.6814590692520142,-0.6814590692520142,0.0,23.543983459472656,25.0,0.0,0.0,0.004226018209010363,0.005251614842563868,0.006486775819212198,0.006486775819212198
CelebDFv3,/root/Datasets/CelebDFv3/CelebDFv3/FAKE/FaceReenact/DaGAN/id31_id30_0005.mp4,FaceReenact/DaGAN,id31,id30,0,-2.317554473876953,2.317554473876953,0.0,31.78277015686035,30.0,0.0,0.0,0.01793377473950386,0.0057183909229934216,0.012076666578650475,0.012076666578650475
CelebDFv3,/root/Datasets/CelebDFv3/CelebDFv3/FAKE/FaceReenact/FSRT/id26_id2_0005.mp4,FaceReenact/FSRT,id26,id2,0,0.5636395215988159,-0.5636395215988159,0.0,50.6627082824707,20.0,0.0,0.0,0.010349787771701813,0.006934025324881077,0.006210521329194307,0.006210521329194307
CelebDFv3,/root/Datasets/CelebDFv3/CelebDFv3/FAKE/FaceReenact/HyperReenact/id26_id28_0004.mp4,FaceReenact/HyperReenact,id26,id28,0,0.05847935378551483,-0.05847935378551483,0.0,27.768207550048828,25.0,0.0,0.0,0.0028756496030837297,0.0018542204052209854,0.004115551710128784,0.004115551710128784
CelebDFv3,/root/Datasets/CelebDFv3/CelebDFv3/FAKE/FaceReenact/LIA/id23_id3_0002.mp4,FaceReenact/LIA,id23,id3,0,1.484023094177246,-1.484023094177246,0.0,27.438608169555664,30.0,1.0,0.109375,0.025052066892385483,0.014820871874690056,0.01822846196591854,0.01822846196591854
CelebDFv3,/root/Datasets/CelebDFv3/CelebDFv3/FAKE/FaceReenact/LivePortrait/id59_id60_0007.mp4,FaceReenact/LivePortrait,id59,id60,0,0.5094266533851624,-0.5094266533851624,0.0,31.489219665527344,30.0,0.0,0.0,0.009896595031023026,0.004412548616528511,0.003157619386911392,0.005654649809002876
CelebDFv3,/root/Datasets/CelebDFv3/CelebDFv3/FAKE/FaceReenact/MCNET/id56_id55_0003.mp4,FaceReenact/MCNET,id56,id55,0,3.6297707557678223,-3.6297707557678223,0.0,21.865564346313477,30.0,1.0,0.109375,0.027714818716049194,0.014514680951833725,0.011921071447432041,0.011921071447432041
CelebDFv3,/root/Datasets/CelebDFv3/CelebDFv3/FAKE/FaceReenact/TPSMM/id26_id33_0001.mp4,FaceReenact/TPSMM,id26,id33,0,-1.254070520401001,1.254070520401001,0.0,46.109859466552734,30.0,1.0,0.265625,0.028361663222312927,0.01935994252562523,0.022246796637773514,0.022246796637773514
CelebDFv3,/root/Datasets/CelebDFv3/CelebDFv3/FAKE/FaceSwap/BlendFace/id48_id42_0001.mp4,FaceSwap/BlendFace,id48,id42,0,2.825263023376465,-2.825263023376465,0.0,24.217805862426758,30.0,0.0,0.0,0.007281165104359388,0.008773782290518284,0.0025063680950552225,0.004475657362490892
CelebDFv3,/root/Datasets/CelebDFv3/CelebDFv3/FAKE/FaceSwap/Celeb-DF-v2/id23_id34_0002.mp4,FaceSwap/Celeb-DF-v2,id23,id34,0,1.4023947715759277,-1.4023947715759277,0.0,22.885154724121094,30.0,0.0,0.0,0.020579762756824493,0.019464725628495216,0.006133600138127804,0.010901314206421375
CelebDFv3,/root/Datasets/CelebDFv3/CelebDFv3/FAKE/FaceSwap/GHOST/id23_id22_0002.mp4,FaceSwap/GHOST,id23,id22,0,1.055905818939209,-1.055905818939209,0.0,23.97015380859375,30.0,0.0,0.0,0.021572846919298172,0.019157711416482925,0.003456653095781803,0.006143547594547272
CelebDFv3,/root/Datasets/CelebDFv3/CelebDFv3/FAKE/FaceSwap/HifiFace/id48_id47_0004.mp4,FaceSwap/HifiFace,id48,id47,0,2.3909244537353516,-2.3909244537353516,0.0,34.149078369140625,30.0,0.0,0.0,0.0033861210104078054,0.0033229885157197714,0.0035061128437519073,0.0062609161250293255
CelebDFv3,/root/Datasets/CelebDFv3/CelebDFv3/FAKE/FaceSwap/InSwapper/id22_id20_0002.mp4,FaceSwap/InSwapper,id22,id20,0,5.113036155700684,-5.113036155700684,0.0,23.349077224731445,30.0,0.0,0.0,0.009844891726970673,0.02107863686978817,0.006073718890547752,0.010794887319207191
CelebDFv3,/root/Datasets/CelebDFv3/CelebDFv3/FAKE/FaceSwap/MobileFaceSwap/id31_id16_0002.mp4,FaceSwap/MobileFaceSwap,id31,id16,0,0.32515203952789307,-0.32515203952789307,0.0,19.419422149658203,30.0,0.0,0.0,0.029431814327836037,0.06181900203227997,0.02177376300096512,0.039211224764585495
CelebDFv3,/root/Datasets/CelebDFv3/CelebDFv3/FAKE/FaceSwap/SimSwap/id26_id17_0000.mp4,FaceSwap/SimSwap,id26,id17,0,0.2857852280139923,-0.2857852280139923,0.0,36.294898986816406,30.0,0.0,0.0,0.0024395869113504887,0.0024278005585074425,0.002384891966357827,0.004284720867872238
CelebDFv3,/root/Datasets/CelebDFv3/CelebDFv3/FAKE/FaceSwap/UniFace/id51_id50_0008.mp4,FaceSwap/UniFace,id51,id50,0,1.004944086074829,-1.004944086074829,0.0,24.5450382232666,30.0,0.0,0.0,0.006385012064129114,0.014313561841845512,0.003366008633747697,0.0060278307646512985
CelebDFv3,/root/Datasets/CelebDFv3/CelebDFv3/FAKE/TalkingFace/AniTalker/id25_0010_test_id08552_xOecUNBV_Q0.mp4,TalkingFace/AniTalker,id25,,0,-2.30477237701416,2.30477237701416,0.0,38.17910385131836,25.0,0.0,0.0,0.00890342053025961,0.004564149770885706,0.005893998313695192,0.005893998313695192
CelebDFv3,/root/Datasets/CelebDFv3/CelebDFv3/FAKE/TalkingFace/EDTalk/id59_0003_test_id01066_0n-7JunX4kg.mp4,TalkingFace/EDTalk,id59,,0,-2.9863572120666504,2.9863572120666504,0.0,55.96409606933594,25.0,0.0,0.0,0.017427003011107445,0.013389687985181808,0.008414795622229576,0.008414795622229576
CelebDFv3,/root/Datasets/CelebDFv3/CelebDFv3/FAKE/TalkingFace/EchoMimic/id48_0009_test_id01509_BOCzIO28WqA.mp4,TalkingFace/EchoMimic,id48,,0,4.292655944824219,-4.292655944824219,0.0,35.47180938720703,24.0,0.0,0.0,0.014197398908436298,0.014377536252140999,0.007427325006574392,0.007427325006574392
CelebDFv3,/root/Datasets/CelebDFv3/CelebDFv3/FAKE/TalkingFace/FLOAT/id51_0000_test_id07802_MtoFAMWjUxM.mp4,TalkingFace/FLOAT,id51,,0,0.5899049043655396,-0.5899049043655396,0.0,22.007692337036133,25.0,0.0,0.0,0.02355312928557396,0.013754227198660374,0.009262260049581528,0.009262260049581528
CelebDFv3,/root/Datasets/CelebDFv3/CelebDFv3/FAKE/TalkingFace/IP_LAP/id25_0002_test_id07620_fx5jKGlv9Ek.mp4,TalkingFace/IP_LAP,id25,,0,3.024871826171875,-3.024871826171875,0.0,16.71414566040039,25.0,0.0,0.0,0.042042482644319534,0.031745124608278275,0.010630954056978226,0.010630954056978226
CelebDFv3,/root/Datasets/CelebDFv3/CelebDFv3/FAKE/TalkingFace/Real3DPortrait/id31_0007_test_id03978_ywSqMWAhPPY.mp4,TalkingFace/Real3DPortrait,id31,,0,-4.951462745666504,4.951462745666504,0.0,59.37340545654297,25.0,0.0,0.0,0.05008910596370697,0.01416824758052826,0.059763286262750626,0.059763286262750626
CelebDFv3,/root/Datasets/CelebDFv3/CelebDFv3/FAKE/TalkingFace/SadTalker/id48_0003_test_id01228_wQ0cqLka-oQ.mp4,TalkingFace/SadTalker,id48,,0,-0.438947468996048,0.438947468996048,0.0,31.099300384521484,25.0,0.0,0.0,0.001378362998366356,0.003761818166822195,0.003982648719102144,0.003982648719102144
CelebDFv3,/root/Datasets/CelebDFv3/CelebDFv3/FAKE/FaceReenact/DaGAN/id51_id50_0008.mp4,FaceReenact/DaGAN,id51,id50,0,2.365967273712158,-2.365967273712158,0.0,27.43000030517578,30.0,1.0,0.046875,0.020680904388427734,0.010619684122502804,0.01600549928843975,0.01600549928843975
CelebDFv3,/root/Datasets/CelebDFv3/CelebDFv3/FAKE/FaceReenact/FSRT/id26_id6_0002.mp4,FaceReenact/FSRT,id26,id6,0,0.6016658544540405,-0.6016658544540405,0.0,20.67073631286621,20.0,0.0,0.0,0.01354058925062418,0.0043244436383247375,0.0052297525107860565,0.0052297525107860565
CelebDFv3,/root/Datasets/CelebDFv3/CelebDFv3/FAKE/FaceReenact/HyperReenact/id23_id28_0001.mp4,FaceReenact/HyperReenact,id23,id28,0,1.6454859972000122,-1.6454859972000122,0.0,27.878742218017578,25.0,0.0,0.0,0.0030600465834140778,0.003010180313140154,0.005889291409403086,0.005889291409403086
CelebDFv3,/root/Datasets/CelebDFv3/CelebDFv3/FAKE/FaceReenact/LIA/id26_id30_0002.mp4,FaceReenact/LIA,id26,id30,0,1.701414942741394,-1.701414942741394,0.0,21.583751678466797,30.0,0.0,0.0,0.02555813640356064,0.009833181276917458,0.008215270936489105,0.008215270936489105
CelebDFv3,/root/Datasets/CelebDFv3/CelebDFv3/FAKE/FaceReenact/LivePortrait/id31_id4_0007.mp4,FaceReenact/LivePortrait,id31,id4,0,-5.2710280418396,5.2710280418396,0.0,55.15250015258789,30.0,0.0,0.0,0.015047588385641575,0.0058309417217969894,0.00908796675503254,0.01636604219675064
CelebDFv3,/root/Datasets/CelebDFv3/CelebDFv3/FAKE/FaceReenact/MCNET/id56_id49_0003.mp4,FaceReenact/MCNET,id56,id49,0,2.6968531608581543,-2.6968531608581543,0.0,24.529624938964844,30.0,0.0,0.0,0.009845953434705734,0.0060242111794650555,0.00664630439132452,0.00664630439132452
CelebDFv3,/root/Datasets/CelebDFv3/CelebDFv3/FAKE/FaceReenact/TPSMM/id48_id43_0001.mp4,FaceReenact/TPSMM,id48,id43,0,3.0617902278900146,-3.0617902278900146,0.0,25.205854415893555,30.0,0.0,0.0,0.018424207344651222,0.00454011932015419,0.008746366016566753,0.008746366016566753
CelebDFv3,/root/Datasets/CelebDFv3/CelebDFv3/FAKE/FaceSwap/BlendFace/id31_id35_0000.mp4,FaceSwap/BlendFace,id31,id35,0,-1.4148335456848145,1.4148335456848145,0.0,27.156156539916992,30.0,0.0,0.0,0.005369936116039753,0.007436816580593586,0.0035231374204158783,0.0063446336425840855
CelebDFv3,/root/Datasets/CelebDFv3/CelebDFv3/FAKE/FaceSwap/Celeb-DF-v2/id22_id24_0002.mp4,FaceSwap/Celeb-DF-v2,id22,id24,0,5.367097854614258,-5.367097854614258,0.0,22.51400375366211,30.0,0.0,0.0,0.01005128026008606,0.021319886669516563,0.006227381993085146,0.011067992076277733
CelebDFv3,/root/Datasets/CelebDFv3/CelebDFv3/FAKE/FaceSwap/GHOST/id54_id49_0008.mp4,FaceSwap/GHOST,id54,id49,0,0.11977210640907288,-0.11977210640907288,0.0,31.678327560424805,30.0,0.0,0.0,0.003582283155992627,0.005228864029049873,0.0019463351927697659,0.0034854868426918983
CelebDFv3,/root/Datasets/CelebDFv3/CelebDFv3/FAKE/FaceSwap/HifiFace/id23_id1_0003.mp4,FaceSwap/HifiFace,id23,id1,0,0.6337742805480957,-0.6337742805480957,0.0,29.42162322998047,30.0,0.0,0.0,0.00579215120524168,0.005292041227221489,0.0018648162949830294,0.0033143581822514534
CelebDFv3,/root/Datasets/CelebDFv3/CelebDFv3/FAKE/FaceSwap/InSwapper/id22_id23_0001.mp4,FaceSwap/InSwapper,id22,id23,0,-0.6342038512229919,0.6342038512229919,0.0,24.35551643371582,30.0,0.0,0.0,0.015250720083713531,0.0273390281945467,0.018799103796482086,0.03341184929013252
CelebDFv3,/root/Datasets/CelebDFv3/CelebDFv3/FAKE/FaceSwap/MobileFaceSwap/id26_id35_0002.mp4,FaceSwap/MobileFaceSwap,id26,id35,0,1.2268179655075073,-1.2268179655075073,0.0,23.049880981445312,30.0,1.0,0.046875,0.01052031759172678,0.0190420038998127,0.00979034136980772,0.017589425668120384
CelebDFv3,/root/Datasets/CelebDFv3/CelebDFv3/FAKE/FaceSwap/SimSwap/id23_id17_0006.mp4,FaceSwap/SimSwap,id23,id17,0,1.0836467742919922,-1.0836467742919922,0.0,16.61472511291504,30.0,0.0,0.0,0.01103685237467289,0.0062904516234993935,0.003625056939199567,0.004803200718015432
CelebDFv3,/root/Datasets/CelebDFv3/CelebDFv3/FAKE/FaceSwap/UniFace/id31_id37_0007.mp4,FaceSwap/UniFace,id31,id37,0,-5.002338409423828,5.002338409423828,0.0,56.77280807495117,30.0,0.0,0.0,0.015115219168365002,0.006580110639333725,0.006790365092456341,0.012228414416313171
CelebDFv3,/root/Datasets/CelebDFv3/CelebDFv3/FAKE/TalkingFace/AniTalker/id51_0002_test_id01593_tLFWX-IdAwI.mp4,TalkingFace/AniTalker,id51,,0,1.054424524307251,-1.054424524307251,0.0,24.801002502441406,25.0,0.0,0.0,0.010574827902019024,0.008339595049619675,0.00606771232560277,0.00606771232560277
CelebDFv3,/root/Datasets/CelebDFv3/CelebDFv3/FAKE/TalkingFace/EDTalk/id11_0006_test_id04030_UAQYdNL40Ug.mp4,TalkingFace/EDTalk,id11,,0,2.134758949279785,-2.134758949279785,0.0,30.184158325195312,25.0,0.0,0.0,0.01624310575425625,0.01050567626953125,0.008686704561114311,0.008686704561114311
CelebDFv3,/root/Datasets/CelebDFv3/CelebDFv3/FAKE/TalkingFace/EchoMimic/id26_0002_test_id03030_wcPmp1C6XeU.mp4,TalkingFace/EchoMimic,id26,,0,0.4746982455253601,-0.4746982455253601,0.0,34.147361755371094,24.0,0.0,0.0,0.010328145697712898,0.012740854173898697,0.010118776001036167,0.010118776001036167
CelebDFv3,/root/Datasets/CelebDFv3/CelebDFv3/FAKE/TalkingFace/FLOAT/id25_0003_test_id02576_5O2ih1vInAE.mp4,TalkingFace/FLOAT,id25,,0,0.6455965042114258,-0.6455965042114258,0.0,27.35147476196289,25.0,0.0,0.0,0.014216648414731026,0.007505418732762337,0.008148834109306335,0.008148834109306335
CelebDFv3,/root/Datasets/CelebDFv3/CelebDFv3/FAKE/TalkingFace/IP_LAP/id11_0008_test_id03030_jSaAmd-y53U.mp4,TalkingFace/IP_LAP,id11,,0,4.638528823852539,-4.638528823852539,0.0,23.67510223388672,25.0,0.0,0.0,0.015864722430706024,0.019657814875245094,0.007063279394060373,0.007063279394060373
CelebDFv3,/root/Datasets/CelebDFv3/CelebDFv3/FAKE/TalkingFace/Real3DPortrait/id31_0003_test_id01333_gujKn7v2CJg.mp4,TalkingFace/Real3DPortrait,id31,,0,-3.45449161529541,3.45449161529541,0.0,34.145843505859375,25.0,0.0,0.0,0.013492133468389511,0.006563704926520586,0.006369202863425016,0.006369202863425016
CelebDFv3,/root/Datasets/CelebDFv3/CelebDFv3/FAKE/TalkingFace/SadTalker/id59_0004_test_id05015_0SsJwWGC0c4.mp4,TalkingFace/SadTalker,id59,,0,-2.231910467147827,2.231910467147827,0.0,26.914377212524414,25.0,0.0,0.0,0.002074469579383731,0.004022178705781698,0.007850990630686283,0.007850990630686283
CelebDFv3,/root/Datasets/CelebDFv3/CelebDFv3/FAKE/FaceReenact/DaGAN/id48_id42_0001.mp4,FaceReenact/DaGAN,id48,id42,0,3.2584826946258545,-3.2584826946258545,0.0,25.47958755493164,30.0,0.0,0.0,0.01152612455189228,0.005381797440350056,0.005349067039787769,0.005349067039787769
CelebDFv3,/root/Datasets/CelebDFv3/CelebDFv3/FAKE/FaceReenact/FSRT/id26_id30_0002.mp4,FaceReenact/FSRT,id26,id30,0,1.0145095586776733,-1.0145095586776733,0.0,19.96358299255371,20.0,0.0,0.0,0.022792940959334373,0.008105136454105377,0.00860199611634016,0.00860199611634016
CelebDFv3,/root/Datasets/CelebDFv3/CelebDFv3/FAKE/FaceReenact/HyperReenact/id8_id5_0008.mp4,FaceReenact/HyperReenact,id8,id5,0,3.524754047393799,-3.524754047393799,0.0,33.37726974487305,25.0,0.0,0.0,0.00810049194842577,0.005368410609662533,0.007633006200194359,0.007633006200194359
CelebDFv3,/root/Datasets/CelebDFv3/CelebDFv3/FAKE/FaceReenact/LIA/id22_id23_0001.mp4,FaceReenact/LIA,id22,id23,0,0.30577173829078674,-0.30577173829078674,0.0,33.14076614379883,30.0,0.0,0.0,0.012821150943636894,0.010094359517097473,0.0075504654087126255,0.0075504654087126255
CelebDFv3,/root/Datasets/CelebDFv3/CelebDFv3/FAKE/FaceReenact/LivePortrait/id54_id53_0008.mp4,FaceReenact/LivePortrait,id54,id53,0,3.263460397720337,-3.263460397720337,0.0,32.82790756225586,30.0,0.0,0.0,0.004949731286615133,0.0035658266860991716,0.0030655201990157366,0.005489718168973923
CelebDFv3,/root/Datasets/CelebDFv3/CelebDFv3/FAKE/FaceReenact/MCNET/id48_id41_0006.mp4,FaceReenact/MCNET,id48,id41,0,1.2343101501464844,-1.2343101501464844,0.0,26.49043846130371,30.0,1.0,0.1875,0.008988089859485626,0.003974227700382471,0.00660315528512001,0.00660315528512001
CelebDFv3,/root/Datasets/CelebDFv3/CelebDFv3/FAKE/FaceReenact/TPSMM/id31_id33_0000.mp4,FaceReenact/TPSMM,id31,id33,0,1.4209545850753784,-1.4209545850753784,0.0,19.662750244140625,30.0,1.0,0.015625,0.050758227705955505,0.025028003379702568,0.020528391003608704,0.020528391003608704
CelebDFv3,/root/Datasets/CelebDFv3/CelebDFv3/FAKE/FaceSwap/BlendFace/id25_id21_0002.mp4,FaceSwap/BlendFace,id25,id21,0,2.8633458614349365,-2.8633458614349365,0.0,14.88507080078125,30.0,0.0,0.0,0.013722694478929043,0.02767941914498806,0.0030410289764404297,0.005476429592818022
CelebDFv3,/root/Datasets/CelebDFv3/CelebDFv3/FAKE/FaceSwap/Celeb-DF-v2/id26_id22_0001.mp4,FaceSwap/Celeb-DF-v2,id26,id22,0,1.1555711030960083,-1.1555711030960083,0.0,37.450862884521484,30.0,1.0,0.015625,0.021619927138090134,0.017937907949090004,0.004484872333705425,0.008057567290961742
CelebDFv3,/root/Datasets/CelebDFv3/CelebDFv3/FAKE/FaceSwap/GHOST/id25_id23_0000.mp4,FaceSwap/GHOST,id25,id23,0,-1.6944491863250732,1.6944491863250732,0.0,46.85325622558594,30.0,0.0,0.0,0.023097634315490723,0.025506848469376564,0.009727075695991516,0.017516978085041046
CelebDFv3,/root/Datasets/CelebDFv3/CelebDFv3/FAKE/FaceSwap/HifiFace/id51_id58_0000.mp4,FaceSwap/HifiFace,id51,id58,0,-0.18149855732917786,0.18149855732917786,0.0,18.76852035522461,30.0,0.0,0.0,0.009335728362202644,0.0045822481624782085,0.006577045191079378,0.011778140440583229
CelebDFv3,/root/Datasets/CelebDFv3/CelebDFv3/FAKE/FaceSwap/InSwapper/id11_id7_0009.mp4,FaceSwap/InSwapper,id11,id7,0,-2.7702324390411377,2.7702324390411377,0.0,30.729267120361328,30.0,0.0,0.0,0.0027035423554480076,0.0041728634387254715,0.0010174621129408479,0.0019331781659275293
CelebDFv3,/root/Datasets/CelebDFv3/CelebDFv3/FAKE/FaceSwap/MobileFaceSwap/id56_id52_0009.mp4,FaceSwap/MobileFaceSwap,id56,id52,0,-0.4895990490913391,0.4895990490913391,0.0,35.614192962646484,30.0,0.0,0.0,0.012578429654240608,0.0029822818469256163,0.0024909249041229486,0.004460735246539116
CelebDFv3,/root/Datasets/CelebDFv3/CelebDFv3/FAKE/FaceSwap/SimSwap/id56_id49_0006.mp4,FaceSwap/SimSwap,id56,id49,0,2.135847806930542,-2.135847806930542,0.0,27.142520904541016,30.0,0.0,0.0,0.011046091094613075,0.007916880771517754,0.0037535869050771,0.006721904966980219
CelebDFv3,/root/Datasets/CelebDFv3/CelebDFv3/FAKE/FaceSwap/UniFace/id59_id60_0000.mp4,FaceSwap/UniFace,id59,id60,0,1.0461190938949585,-1.0461190938949585,0.0,28.951026916503906,30.0,1.0,0.015625,0.017545759677886963,0.017156900838017464,0.004084449727088213,0.007314411457628012
CelebDFv3,/root/Datasets/CelebDFv3/CelebDFv3/FAKE/TalkingFace/AniTalker/id8_0008_test_id01000_xjC2r6OXgBo.mp4,TalkingFace/AniTalker,id8,,0,-1.1999232769012451,1.1999232769012451,0.0,37.450469970703125,25.0,0.0,0.0,0.006521122995764017,0.0051544844172894955,0.003304019570350647,0.003304019570350647
CelebDFv3,/root/Datasets/CelebDFv3/CelebDFv3/FAKE/TalkingFace/EDTalk/id25_0002_test_id03524_cxnnKLQYemo.mp4,TalkingFace/EDTalk,id25,,0,4.226173400878906,-4.226173400878906,0.0,27.72225570678711,25.0,0.0,0.0,0.01798870973289013,0.01332214754074812,0.005733343306928873,0.005733343306928873
CelebDFv3,/root/Datasets/CelebDFv3/CelebDFv3/FAKE/TalkingFace/EchoMimic/id31_0002_test_id00562_9LAZqHI80BY.mp4,TalkingFace/EchoMimic,id31,,0,-2.2856638431549072,2.2856638431549072,0.0,44.21079635620117,24.0,0.0,0.0,0.010773241519927979,0.0062140170484781265,0.016344521194696426,0.016344521194696426
CelebDFv3,/root/Datasets/CelebDFv3/CelebDFv3/FAKE/TalkingFace/FLOAT/id11_0001_test_id04478_skNa9nGYlDU.mp4,TalkingFace/FLOAT,id11,,0,-2.868741750717163,2.868741750717163,0.0,38.014259338378906,25.0,0.0,0.0,0.019516173750162125,0.007536576595157385,0.006537335924804211,0.006537335924804211
CelebDFv3,/root/Datasets/CelebDFv3/CelebDFv3/FAKE/TalkingFace/IP_LAP/id51_0005_test_id01509_I6T7sh7T2lU.mp4,TalkingFace/IP_LAP,id51,,0,-0.3067076802253723,0.3067076802253723,0.0,35.851009368896484,25.0,0.0,0.0,0.031089188531041145,0.034203995019197464,0.009962130337953568,0.009962130337953568
CelebDFv3,/root/Datasets/CelebDFv3/CelebDFv3/FAKE/TalkingFace/Real3DPortrait/id56_0000_test_id05015_k_TJD7DmraQ.mp4,TalkingFace/Real3DPortrait,id56,,0,3.232933282852173,-3.232933282852173,0.0,22.772851943969727,25.0,1.0,0.125,0.014828033745288849,0.007232150062918663,0.0094543332234025,0.0094543332234025
CelebDFv3,/root/Datasets/CelebDFv3/CelebDFv3/FAKE/TalkingFace/SadTalker/id51_0005_test_id04862_i6aGUMQW5jA.mp4,TalkingFace/SadTalker,id51,,0,-0.22842884063720703,0.22842884063720703,0.0,38.0352668762207,25.0,0.0,0.0,0.0032363797072321177,0.013187581673264503,0.006878504063934088,0.006878504063934088
CelebDFv3,/root/Datasets/CelebDFv3/CelebDFv3/FAKE/FaceReenact/DaGAN/id23_id0_0007.mp4,FaceReenact/DaGAN,id23,id0,0,1.7202520370483398,-1.7202520370483398,0.0,26.06471824645996,30.0,1.0,0.234375,0.005634908098727465,0.006457289215177298,0.005398182664066553,0.005398182664066553
CelebDFv3,/root/Datasets/CelebDFv3/CelebDFv3/FAKE/FaceReenact/FSRT/id25_id20_0003.mp4,FaceReenact/FSRT,id25,id20,0,1.1667567491531372,-1.1667567491531372,0.0,24.770423889160156,20.0,0.0,0.0,0.006764744874089956,0.018082762137055397,0.008481715805828571,0.008481715805828571
CelebDFv3,/root/Datasets/CelebDFv3/CelebDFv3/FAKE/FaceReenact/HyperReenact/id26_id29_0004.mp4,FaceReenact/HyperReenact,id26,id29,0,-0.6956257820129395,0.6956257820129395,0.0,25.642322540283203,25.0,1.0,0.015625,0.01208903081715107,0.007514913100749254,0.007879488170146942,0.007879488170146942
CelebDFv3,/root/Datasets/CelebDFv3/CelebDFv3/FAKE/FaceReenact/LIA/id26_id3_0006.mp4,FaceReenact/LIA,id26,id3,0,0.576262354850769,-0.576262354850769,0.0,62.480159759521484,30.0,1.0,0.015625,0.02809755690395832,0.014821646735072136,0.0134798688814044,0.0134798688814044
CelebDFv3,/root/Datasets/CelebDFv3/CelebDFv3/FAKE/FaceReenact/LivePortrait/id23_id16_0009.mp4,FaceReenact/LivePortrait,id23,id16,0,2.334111213684082,-2.334111213684082,0.0,23.63362693786621,30.0,0.0,0.0,0.00455379718914628,0.007809084374457598,0.004359369166195393,0.005771804600954056
CelebDFv3,/root/Datasets/CelebDFv3/CelebDFv3/FAKE/FaceReenact/MCNET/id23_id20_0002.mp4,FaceReenact/MCNET,id23,id20,0,0.5036935210227966,-0.5036935210227966,0.0,18.264812469482422,30.0,1.0,0.6875,0.012830338440835476,0.0036082174628973007,0.013946905732154846,0.013946905732154846
CelebDFv3,/root/Datasets/CelebDFv3/CelebDFv3/FAKE/FaceReenact/TPSMM/id26_id28_0004.mp4,FaceReenact/TPSMM,id26,id28,0,1.3882942199707031,-1.3882942199707031,0.0,26.628875732421875,30.0,0.0,0.0,0.015652120113372803,0.007586326915770769,0.00462378328666091,0.00462378328666091
CelebDFv3,/root/Datasets/CelebDFv3/CelebDFv3/FAKE/FaceSwap/BlendFace/id31_id6_0006.mp4,FaceSwap/BlendFace,id31,id6,0,0.6992921233177185,-0.6992921233177185,0.0,33.31953430175781,30.0,0.0,0.0,0.006195658352226019,0.012270023114979267,0.0040478515438735485,0.007289563305675983
CelebDFv3,/root/Datasets/CelebDFv3/CelebDFv3/FAKE/FaceSwap/Celeb-DF-v2/id23_id30_0009.mp4,FaceSwap/Celeb-DF-v2,id23,id30,0,2.5224196910858154,-2.5224196910858154,0.0,20.402477264404297,30.0,0.0,0.0,0.00473145442083478,0.006331822369247675,0.0038072606548666954,0.005040813237428665
CelebDFv3,/root/Datasets/CelebDFv3/CelebDFv3/FAKE/FaceSwap/GHOST/id54_id56_0008.mp4,FaceSwap/GHOST,id54,id56,0,2.317108392715454,-2.317108392715454,0.0,26.547687530517578,30.0,0.0,0.0,0.0033849868923425674,0.005170632619410753,0.0021973541006445885,0.003935010638087988
CelebDFv3,/root/Datasets/CelebDFv3/CelebDFv3/FAKE/FaceSwap/HifiFace/id31_id20_0008.mp4,FaceSwap/HifiFace,id31,id20,0,2.49776029586792,-2.49776029586792,0.0,35.1934814453125,30.0,0.0,0.0,0.00541386753320694,0.011812535114586353,0.007159461732953787,0.01289309747517109
CelebDFv3,/root/Datasets/CelebDFv3/CelebDFv3/FAKE/FaceSwap/InSwapper/id25_id22_0002.mp4,FaceSwap/InSwapper,id25,id22,0,4.076082229614258,-4.076082229614258,0.0,15.782929420471191,30.0,0.0,0.0,0.014216945506632328,0.027335522696375847,0.0035311896353960037,0.006359133869409561
CelebDFv3,/root/Datasets/CelebDFv3/CelebDFv3/FAKE/FaceSwap/MobileFaceSwap/id56_id52_0008.mp4,FaceSwap/MobileFaceSwap,id56,id52,0,3.046461582183838,-3.046461582183838,0.0,21.05366325378418,30.0,1.0,0.015625,0.0074134087190032005,0.005020231008529663,0.0028954516164958477,0.00518516032025218
CelebDFv3,/root/Datasets/CelebDFv3/CelebDFv3/FAKE/FaceSwap/SimSwap/id22_id27_0005.mp4,FaceSwap/SimSwap,id22,id27,0,2.087099313735962,-2.087099313735962,0.0,35.53397750854492,30.0,0.0,0.0,0.004495145753026009,0.0030494513921439648,0.0016923367511481047,0.0030078087002038956
CelebDFv3,/root/Datasets/CelebDFv3/CelebDFv3/FAKE/FaceSwap/UniFace/id26_id37_0008.mp4,FaceSwap/UniFace,id26,id37,0,4.9636640548706055,-4.9636640548706055,0.0,23.73019027709961,30.0,0.0,0.0,0.009391932748258114,0.006175126414746046,0.002345249755308032,0.004270607605576515
CelebDFv3,/root/Datasets/CelebDFv3/CelebDFv3/FAKE/TalkingFace/AniTalker/id11_0008_test_id03030_jSaAmd-y53U.mp4,TalkingFace/AniTalker,id11,,0,4.2171244621276855,-4.2171244621276855,0.0,22.03169822692871,25.0,0.0,0.0,0.00797738041728735,0.010899549350142479,0.004879440180957317,0.004879440180957317
CelebDFv3,/root/Datasets/CelebDFv3/CelebDFv3/FAKE/TalkingFace/EDTalk/id25_0005_test_id06692_IwB3vu418E4.mp4,TalkingFace/EDTalk,id25,,0,4.967959403991699,-4.967959403991699,0.0,21.286216735839844,25.0,0.0,0.0,0.015410336665809155,0.012945477850735188,0.005305731203407049,0.005305731203407049
CelebDFv3,/root/Datasets/CelebDFv3/CelebDFv3/FAKE/TalkingFace/EchoMimic/id51_0007_test_id07663_Um4MKhndp_0.mp4,TalkingFace/EchoMimic,id51,,0,-3.9477334022521973,3.9477334022521973,0.0,43.240089416503906,24.0,0.0,0.0,0.005505655892193317,0.00835366826504469,0.005838681012392044,0.005838681012392044
CelebDFv3,/root/Datasets/CelebDFv3/CelebDFv3/FAKE/TalkingFace/FLOAT/id25_0010_test_id04862_4r-u7YAGLoA.mp4,TalkingFace/FLOAT,id25,,0,-2.3573317527770996,2.3573317527770996,0.0,33.41572189331055,25.0,0.0,0.0,0.0121558653190732,0.012455196119844913,0.0099876020103693,0.0099876020103693
CelebDFv3,/root/Datasets/CelebDFv3/CelebDFv3/FAKE/TalkingFace/IP_LAP/id31_0004_test_id04295_1fSjOItVYVg.mp4,TalkingFace/IP_LAP,id31,,0,0.9628585577011108,-0.9628585577011108,0.0,24.111190795898438,25.0,0.0,0.0,0.022129397839307785,0.009086528792977333,0.007613569963723421,0.007613569963723421
CelebDFv3,/root/Datasets/CelebDFv3/CelebDFv3/FAKE/TalkingFace/Real3DPortrait/id31_0001_test_id04862_Y0Gt6M5g3UM.mp4,TalkingFace/Real3DPortrait,id31,,0,1.4894359111785889,-1.4894359111785889,0.0,25.22344970703125,25.0,0.0,0.0,0.018132686614990234,0.006149128079414368,0.004992718808352947,0.004992718808352947
CelebDFv3,/root/Datasets/CelebDFv3/CelebDFv3/FAKE/TalkingFace/SadTalker/id25_0000_test_id06209_6oI-FJQS9V0.mp4,TalkingFace/SadTalker,id25,,0,-1.908670425415039,1.908670425415039,0.0,47.96138000488281,25.0,0.0,0.0,0.003183822613209486,0.013855382800102234,0.00923315342515707,0.00923315342515707
CelebDFv3,/root/Datasets/CelebDFv3/CelebDFv3/FAKE/FaceReenact/DaGAN/id48_id46_0007.mp4,FaceReenact/DaGAN,id48,id46,0,1.890861988067627,-1.890861988067627,0.0,35.78438186645508,30.0,1.0,0.09375,0.011343894526362419,0.01306428387761116,0.00861712358891964,0.00861712358891964
CelebDFv3,/root/Datasets/CelebDFv3/CelebDFv3/FAKE/FaceReenact/FSRT/id31_id16_0007.mp4,FaceReenact/FSRT,id31,id16,0,-3.3336753845214844,3.3336753845214844,0.0,61.80392837524414,20.0,1.0,0.125,0.020976031199097633,0.008605733513832092,0.019195418804883957,0.019195418804883957
CelebDFv3,/root/Datasets/CelebDFv3/CelebDFv3/FAKE/FaceReenact/HyperReenact/id23_id4_0009.mp4,FaceReenact/HyperReenact,id23,id4,0,3.3128151893615723,-3.3128151893615723,0.0,22.346435546875,25.0,0.0,0.0,0.004125882405787706,0.0058381641283631325,0.007706174626946449,0.007706174626946449
CelebDFv3,/root/Datasets/CelebDFv3/CelebDFv3/FAKE/FaceReenact/LIA/id31_id21_0005.mp4,FaceReenact/LIA,id31,id21,0,-7.510477066040039,7.510477066040039,0.0,63.98202896118164,30.0,1.0,0.796875,0.003300786018371582,0.002381233498454094,0.002467016689479351,0.002467016689479351
CelebDFv3,/root/Datasets/CelebDFv3/CelebDFv3/FAKE/FaceReenact/LivePortrait/id23_id29_0002.mp4,FaceReenact/LivePortrait,id23,id29,0,1.5283907651901245,-1.5283907651901245,0.0,21.748098373413086,30.0,1.0,0.109375,0.029712365940213203,0.011323580518364906,0.022069497033953667,0.03922436013817787
CelebDFv3,/root/Datasets/CelebDFv3/CelebDFv3/FAKE/FaceReenact/MCNET/id23_id2_0007.mp4,FaceReenact/MCNET,id23,id2,0,2.1020421981811523,-2.1020421981811523,0.0,28.65989112854004,30.0,0.0,0.0,0.011871876195073128,0.006121302023530006,0.007042757235467434,0.007042757235467434
CelebDFv3,/root/Datasets/CelebDFv3/CelebDFv3/FAKE/FaceReenact/TPSMM/id54_id55_0006.mp4,FaceReenact/TPSMM,id54,id55,0,-0.5227824449539185,0.5227824449539185,0.0,37.932098388671875,30.0,0.0,0.0,0.009264620020985603,0.006640467792749405,0.005820039194077253,0.005820039194077253
CelebDFv3,/root/Datasets/CelebDFv3/CelebDFv3/FAKE/FaceSwap/BlendFace/id23_id29_0007.mp4,FaceSwap/BlendFace,id23,id29,0,2.721182107925415,-2.721182107925415,0.0,25.6667537689209,30.0,0.0,0.0,0.01588699221611023,0.026791434735059738,0.005854387767612934,0.010270413011312485
CelebDFv3,/root/Datasets/CelebDFv3/CelebDFv3/FAKE/FaceSwap/Celeb-DF-v2/id26_id16_0001.mp4,FaceSwap/Celeb-DF-v2,id26,id16,0,-0.1931467056274414,0.1931467056274414,0.0,43.37360763549805,30.0,1.0,0.015625,0.019195150583982468,0.01500996109098196,0.003604995785281062,0.006476772017776966
CelebDFv3,/root/Datasets/CelebDFv3/CelebDFv3/FAKE/FaceSwap/GHOST/id31_id3_0005.mp4,FaceSwap/GHOST,id31,id3,0,0.901564359664917,-0.901564359664917,0.0,31.543527603149414,30.0,0.0,0.0,0.008956719189882278,0.006884460337460041,0.003274938091635704,0.005897664465010166
CelebDFv3,/root/Datasets/CelebDFv3/CelebDFv3/FAKE/FaceSwap/HifiFace/id23_id0_0006.mp4,FaceSwap/HifiFace,id23,id0,0,1.077690601348877,-1.077690601348877,0.0,15.55764102935791,30.0,0.0,0.0,0.014704241417348385,0.006024337839335203,0.006003567483276129,0.007954727858304977
CelebDFv3,/root/Datasets/CelebDFv3/CelebDFv3/FAKE/FaceSwap/InSwapper/id26_id0_0001.mp4,FaceSwap/InSwapper,id26,id0,0,1.9679021835327148,-1.9679021835327148,0.0,40.986183166503906,30.0,1.0,0.015625,0.02300814352929592,0.01931370235979557,0.004844162613153458,0.008703071624040604
CelebDFv3,/root/Datasets/CelebDFv3/CelebDFv3/FAKE/FaceSwap/MobileFaceSwap/id26_id25_0004.mp4,FaceSwap/MobileFaceSwap,id26,id25,0,-0.17090415954589844,0.17090415954589844,0.0,27.90138053894043,30.0,0.0,0.0,0.006188726052641869,0.013434326276183128,0.0029881088994443417,0.005368466954678297
CelebDFv3,/root/Datasets/CelebDFv3/CelebDFv3/FAKE/FaceSwap/SimSwap/id31_id37_0002.mp4,FaceSwap/SimSwap,id31,id37,0,0.7044949531555176,-0.7044949531555176,0.0,19.225906372070312,30.0,0.0,0.0,0.030563104897737503,0.06683684140443802,0.022919725626707077,0.04127493128180504
CelebDFv3,/root/Datasets/CelebDFv3/CelebDFv3/FAKE/FaceSwap/UniFace/id48_id44_0000.mp4,FaceSwap/UniFace,id48,id44,0,-0.8463777899742126,0.8463777899742126,0.0,39.18561553955078,30.0,0.0,0.0,0.0027080343570560217,0.0041633425280451775,0.001298750750720501,0.0023191978689283133
CelebDFv3,/root/Datasets/CelebDFv3/CelebDFv3/FAKE/TalkingFace/AniTalker/id48_0003_test_id02542_gMKSu2wZpAA.mp4,TalkingFace/AniTalker,id48,,0,-0.20759066939353943,0.20759066939353943,0.0,31.23616600036621,25.0,0.0,0.0,0.007182175759226084,0.005079908762127161,0.005245165433734655,0.005245165433734655
CelebDFv3,/root/Datasets/CelebDFv3/CelebDFv3/FAKE/TalkingFace/EDTalk/id31_0003_test_id02542_cwgUjse_REU.mp4,TalkingFace/EDTalk,id31,,0,-1.0593422651290894,1.0593422651290894,0.0,37.0306282043457,25.0,0.0,0.0,0.016460757702589035,0.013829074800014496,0.014709169045090675,0.014709169045090675
CelebDFv3,/root/Datasets/CelebDFv3/CelebDFv3/FAKE/TalkingFace/EchoMimic/id54_0007_test_id05055_HU7kokWzb4M.mp4,TalkingFace/EchoMimic,id54,,0,0.9120979309082031,-0.9120979309082031,0.0,42.17679977416992,24.0,0.0,0.0,0.011607721447944641,0.010221097618341446,0.006812612526118755,0.006812612526118755
CelebDFv3,/root/Datasets/CelebDFv3/CelebDFv3/FAKE/TalkingFace/FLOAT/id51_0000_test_id03862__FGtg4jkcME.mp4,TalkingFace/FLOAT,id51,,0,0.4819624722003937,-0.4819624722003937,0.0,22.732322692871094,25.0,0.0,0.0,0.02170112170279026,0.023010091856122017,0.014619702473282814,0.014619702473282814
CelebDFv3,/root/Datasets/CelebDFv3/CelebDFv3/FAKE/TalkingFace/IP_LAP/id8_0003_test_id00081_jO5DSKhhcqQ.mp4,TalkingFace/IP_LAP,id8,,0,2.385826349258423,-2.385826349258423,0.0,33.10554122924805,25.0,0.0,0.0,0.020550617948174477,0.019502460956573486,0.010498362593352795,0.010498362593352795
CelebDFv3,/root/Datasets/CelebDFv3/CelebDFv3/FAKE/TalkingFace/Real3DPortrait/id54_0003_test_id02317_B_Tih3Eph2k.mp4,TalkingFace/Real3DPortrait,id54,,0,1.0230820178985596,-1.0230820178985596,0.0,48.39228439331055,25.0,0.0,0.0,0.013767926953732967,0.0060827420093119144,0.005661638919264078,0.005661638919264078
CelebDFv3,/root/Datasets/CelebDFv3/CelebDFv3/FAKE/TalkingFace/SadTalker/id59_0008_test_id08552_oBMdypJLT0M.mp4,TalkingFace/SadTalker,id59,,0,1.6224675178527832,-1.6224675178527832,0.0,30.54873275756836,25.0,0.0,0.0,0.0033348139841109514,0.007284564897418022,0.0060325744561851025,0.006434745620936155
CelebDFv3,/root/Datasets/CelebDFv3/CelebDFv3/FAKE/FaceReenact/DaGAN/id23_id24_0002.mp4,FaceReenact/DaGAN,id23,id24,0,2.3878252506256104,-2.3878252506256104,0.0,20.008852005004883,30.0,0.0,0.0,0.016478536650538445,0.0066442545503377914,0.007648544851690531,0.007648544851690531
CelebDFv3,/root/Datasets/CelebDFv3/CelebDFv3/FAKE/FaceReenact/FSRT/id26_id29_0008.mp4,FaceReenact/FSRT,id26,id29,0,3.5468437671661377,-3.5468437671661377,0.0,20.356985092163086,20.0,1.0,0.078125,0.02890668250620365,0.011819087900221348,0.028341788798570633,0.028341788798570633
CelebDFv3,/root/Datasets/CelebDFv3/CelebDFv3/FAKE/FaceReenact/HyperReenact/id54_id55_0006.mp4,FaceReenact/HyperReenact,id54,id55,0,-1.8065656423568726,1.8065656423568726,0.0,36.09686279296875,25.0,0.0,0.0,0.002087107626721263,0.002670798683539033,0.008663471788167953,0.008663471788167953
CelebDFv3,/root/Datasets/CelebDFv3/CelebDFv3/FAKE/FaceReenact/LIA/id31_id29_0002.mp4,FaceReenact/LIA,id31,id29,0,-0.3445025086402893,0.3445025086402893,0.0,44.89019012451172,30.0,1.0,0.015625,0.024306824430823326,0.014307587407529354,0.03342795744538307,0.03342795744538307
CelebDFv3,/root/Datasets/CelebDFv3/CelebDFv3/FAKE/FaceReenact/LivePortrait/id26_id33_0001.mp4,FaceReenact/LivePortrait,id26,id33,0,-1.1921586990356445,1.1921586990356445,0.0,42.57974624633789,30.0,1.0,0.453125,0.0023313327692449093,0.0024061081930994987,0.0025798708666116,0.004635022487491369
CelebDFv3,/root/Datasets/CelebDFv3/CelebDFv3/FAKE/FaceReenact/MCNET/id23_id16_0007.mp4,FaceReenact/MCNET,id23,id16,0,2.1198458671569824,-2.1198458671569824,0.0,32.7790641784668,30.0,0.0,0.0,0.008197454735636711,0.007227838505059481,0.006901522167026997,0.006901522167026997
CelebDFv3,/root/Datasets/CelebDFv3/CelebDFv3/FAKE/FaceReenact/TPSMM/id56_id57_0008.mp4,FaceReenact/TPSMM,id56,id57,0,1.9224326610565186,-1.9224326610565186,0.0,22.538375854492188,29.829999923706055,0.0,0.0,0.020814822986721992,0.0106669245287776,0.010387472808361053,0.010387472808361053
CelebDFv3,/root/Datasets/CelebDFv3/CelebDFv3/FAKE/FaceSwap/BlendFace/id26_id6_0006.mp4,FaceSwap/BlendFace,id26,id6,0,0.05534625053405762,-0.05534625053405762,0.0,68.34010314941406,30.0,0.0,0.0,0.023962050676345825,0.009066817350685596,0.005444800481200218,0.009914766997098923
CelebDFv3,/root/Datasets/CelebDFv3/CelebDFv3/FAKE/FaceSwap/Celeb-DF-v2/id8_id1_0002.mp4,FaceSwap/Celeb-DF-v2,id8,id1,0,1.4059224128723145,-1.4059224128723145,0.0,32.215057373046875,30.0,0.0,0.0,0.005589091219007969,0.022616056725382805,0.007073723711073399,0.013355190865695477
CelebDFv3,/root/Datasets/CelebDFv3/CelebDFv3/FAKE/FaceSwap/GHOST/id26_id37_0003.mp4,FaceSwap/GHOST,id26,id37,0,-8.792055130004883,8.792055130004883,0.0,98.8055648803711,30.0,0.0,0.0,0.007708959747105837,0.011574489995837212,0.00387526280246675,0.006962336599826813
CelebDFv3,/root/Datasets/CelebDFv3/CelebDFv3/FAKE/FaceSwap/HifiFace/id23_id31_0007.mp4,FaceSwap/HifiFace,id23,id31,0,2.492330551147461,-2.492330551147461,0.0,25.693660736083984,30.0,0.0,0.0,0.015060659497976303,0.03290418162941933,0.007689870428293943,0.01349041797220707
CelebDFv3,/root/Datasets/CelebDFv3/CelebDFv3/FAKE/FaceSwap/InSwapper/id23_id30_0001.mp4,FaceSwap/InSwapper,id23,id30,0,3.269117593765259,-3.269117593765259,0.0,32.70473861694336,30.0,0.0,0.0,0.0035473324824124575,0.004609941970556974,0.0016036578454077244,0.0028501986525952816
CelebDFv3,/root/Datasets/CelebDFv3/CelebDFv3/FAKE/FaceSwap/MobileFaceSwap/id31_id29_0007.mp4,FaceSwap/MobileFaceSwap,id31,id29,0,-3.2622079849243164,3.2622079849243164,0.0,50.848819732666016,30.0,1.0,0.078125,0.03859870880842209,0.013946937397122383,0.020759321749210358,0.03738437220454216
CelebDFv3,/root/Datasets/CelebDFv3/CelebDFv3/FAKE/FaceSwap/SimSwap/id31_id9_0005.mp4,FaceSwap/SimSwap,id31,id9,0,0.546077311038971,-0.546077311038971,0.0,35.8121223449707,30.0,0.0,0.0,0.007186529226601124,0.006934824865311384,0.0023842058144509792,0.004293590784072876
CelebDFv3,/root/Datasets/CelebDFv3/CelebDFv3/FAKE/FaceSwap/UniFace/id56_id53_0006.mp4,FaceSwap/UniFace,id56,id53,0,1.3643262386322021,-1.3643262386322021,0.0,26.465147018432617,30.0,0.0,0.0,0.009755871258676052,0.007878068834543228,0.0036295868922024965,0.006499845068901777
CelebDFv3,/root/Datasets/CelebDFv3/CelebDFv3/FAKE/TalkingFace/AniTalker/id23_0003_test_id02086_BPA1JbriSlg.mp4,TalkingFace/AniTalker,id23,,0,0.06411437690258026,-0.06411437690258026,0.0,29.854026794433594,25.0,0.0,0.0,0.013665609993040562,0.009789761155843735,0.004954926669597626,0.004954926669597626
CelebDFv3,/root/Datasets/CelebDFv3/CelebDFv3/FAKE/TalkingFace/EDTalk/id56_0000_test_id04862_oKjLVc6gbbo.mp4,TalkingFace/EDTalk,id56,,0,4.195054054260254,-4.195054054260254,0.0,23.656063079833984,25.0,0.0,0.0,0.014599939808249474,0.014424229972064495,0.007363695185631514,0.007363695185631514
CelebDFv3,/root/Datasets/CelebDFv3/CelebDFv3/FAKE/TalkingFace/EchoMimic/id51_0009_test_id01106_q01vvmTSJ9I.mp4,TalkingFace/EchoMimic,id51,,0,0.24936531484127045,-0.24936531484127045,0.0,33.85218048095703,24.0,0.0,0.0,0.009128888137638569,0.012603056617081165,0.008906129747629166,0.008906129747629166
CelebDFv3,/root/Datasets/CelebDFv3/CelebDFv3/FAKE/TalkingFace/FLOAT/id8_0000_test_id04295_GLhfd-vlEOM.mp4,TalkingFace/FLOAT,id8,,0,-7.211408615112305,7.211408615112305,0.0,100.91374969482422,25.0,0.0,0.0,0.0226735882461071,0.009785120375454426,0.01538704801350832,0.01538704801350832
CelebDFv3,/root/Datasets/CelebDFv3/CelebDFv3/FAKE/TalkingFace/IP_LAP/id51_0000_test_id05124_69HB1cXEoac.mp4,TalkingFace/IP_LAP,id51,,0,0.9058740139007568,-0.9058740139007568,0.0,19.442472457885742,25.0,0.0,0.0,0.05314597114920616,0.009822899475693703,0.016113007441163063,0.016113007441163063
CelebDFv3,/root/Datasets/CelebDFv3/CelebDFv3/FAKE/TalkingFace/Real3DPortrait/id23_0004_test_id02181_O4CvSRCA9Ro.mp4,TalkingFace/Real3DPortrait,id23,,0,1.7206684350967407,-1.7206684350967407,0.0,27.729888916015625,25.0,0.0,0.0,0.013233906589448452,0.005969908554106951,0.00569526432082057,0.00569526432082057
CelebDFv3,/root/Datasets/CelebDFv3/CelebDFv3/FAKE/TalkingFace/SadTalker/id11_0009_test_id00817_GAs8WnyFKJM.mp4,TalkingFace/SadTalker,id11,,0,-1.9985277652740479,1.9985277652740479,0.0,32.28108215332031,25.0,0.0,0.0,0.0034064832143485546,0.011832810007035732,0.006141821388155222,0.006141821388155222
CelebDFv3,/root/Datasets/CelebDFv3/CelebDFv3/FAKE/FaceReenact/DaGAN/id56_id52_0008.mp4,FaceReenact/DaGAN,id56,id52,0,1.3400812149047852,-1.3400812149047852,0.0,22.593482971191406,30.0,0.0,0.0,0.01025307085365057,0.006270004902034998,0.007289636880159378,0.007289636880159378
CelebDFv3,/root/Datasets/CelebDFv3/CelebDFv3/FAKE/FaceReenact/FSRT/id26_id28_0003.mp4,FaceReenact/FSRT,id26,id28,0,-8.591133117675781,8.591133117675781,0.0,100.84762573242188,20.0,0.0,0.0,0.01247931644320488,0.00873650424182415,0.007674085907638073,0.007674085907638073
CelebDFv3,/root/Datasets/CelebDFv3/CelebDFv3/FAKE/FaceReenact/HyperReenact/id31_id38_0000.mp4,FaceReenact/HyperReenact,id31,id38,0,-2.143418788909912,2.143418788909912,0.0,24.346641540527344,25.0,0.0,0.0,0.013890950940549374,0.0026545950677245855,0.012595017440617085,0.012595017440617085
CelebDFv3,/root/Datasets/CelebDFv3/CelebDFv3/FAKE/FaceReenact/LIA/id23_id28_0000.mp4,FaceReenact/LIA,id23,id28,0,2.207444906234741,-2.207444906234741,0.0,24.12405014038086,30.0,1.0,0.109375,0.028283853083848953,0.038468122482299805,0.02669021487236023,0.02669021487236023
CelebDFv3,/root/Datasets/CelebDFv3/CelebDFv3/FAKE/FaceReenact/LivePortrait/id31_id38_0009.mp4,FaceReenact/LivePortrait,id31,id38,0,-1.113945484161377,1.113945484161377,0.0,15.617605209350586,30.0,1.0,0.484375,0.009272092953324318,0.02907393127679825,0.009145128540694714,0.01646898128092289
CelebDFv3,/root/Datasets/CelebDFv3/CelebDFv3/FAKE/FaceReenact/MCNET/id48_id40_0009.mp4,FaceReenact/MCNET,id48,id40,0,3.248110771179199,-3.248110771179199,0.0,29.000118255615234,30.0,0.0,0.0,0.024781957268714905,0.013864151202142239,0.011262886226177216,0.011262886226177216
CelebDFv3,/root/Datasets/CelebDFv3/CelebDFv3/FAKE/FaceReenact/TPSMM/id56_id52_0009.mp4,FaceReenact/TPSMM,id56,id52,0,-0.28804099559783936,0.28804099559783936,0.0,37.089202880859375,30.0,1.0,0.015625,0.06128265708684921,0.016633599996566772,0.026720600202679634,0.026720600202679634
CelebDFv3,/root/Datasets/CelebDFv3/CelebDFv3/FAKE/FaceSwap/BlendFace/id23_id29_0001.mp4,FaceSwap/BlendFace,id23,id29,0,2.6199216842651367,-2.6199216842651367,0.0,29.326204299926758,30.0,0.0,0.0,0.005757194943726063,0.018892308697104454,0.01652655005455017,0.029372818768024445
CelebDFv3,/root/Datasets/CelebDFv3/CelebDFv3/FAKE/FaceSwap/Celeb-DF-v2/id31_id38_0005.mp4,FaceSwap/Celeb-DF-v2,id31,id38,0,-0.5217913389205933,0.5217913389205933,0.0,37.368896484375,30.0,0.0,0.0,0.009209728799760342,0.007400579750537872,0.0020244538318365812,0.0036457323003560305
CelebDFv3,/root/Datasets/CelebDFv3/CelebDFv3/FAKE/FaceSwap/GHOST/id31_id20_0003.mp4,FaceSwap/GHOST,id31,id20,0,-4.196642875671387,4.196642875671387,0.0,31.873619079589844,30.0,0.0,0.0,0.0046900296583771706,0.007072657812386751,0.003602780634537339,0.006488058716058731
CelebDFv3,/root/Datasets/CelebDFv3/CelebDFv3/FAKE/FaceSwap/HifiFace/id31_id35_0000.mp4,FaceSwap/HifiFace,id31,id35,0,-1.1719673871994019,1.1719673871994019,0.0,24.362348556518555,30.0,0.0,0.0,0.005085751414299011,0.007387139834463596,0.0035871113650500774,0.006459840573370457
CelebDFv3,/root/Datasets/CelebDFv3/CelebDFv3/FAKE/FaceSwap/InSwapper/id31_id9_0002.mp4,FaceSwap/InSwapper,id31,id9,0,-0.38049790263175964,0.38049790263175964,0.0,22.06614875793457,30.0,1.0,0.015625,0.020363343879580498,0.04206264764070511,0.01500249095261097,0.027017198503017426
CelebDFv3,/root/Datasets/CelebDFv3/CelebDFv3/FAKE/FaceSwap/MobileFaceSwap/id23_id27_0007.mp4,FaceSwap/MobileFaceSwap,id23,id27,0,2.6520628929138184,-2.6520628929138184,0.0,23.811420440673828,30.0,0.0,0.0,0.015543163754045963,0.03878093510866165,0.009680550545454025,0.01698268949985504
CelebDFv3,/root/Datasets/CelebDFv3/CelebDFv3/FAKE/FaceSwap/SimSwap/id26_id37_0000.mp4,FaceSwap/SimSwap,id26,id37,0,0.7082905769348145,-0.7082905769348145,0.0,36.34714126586914,30.0,0.0,0.0,0.0030593432020395994,0.0022608789149671793,0.002506778109818697,0.004503703210502863
CelebDFv3,/root/Datasets/CelebDFv3/CelebDFv3/FAKE/FaceSwap/UniFace/id48_id42_0004.mp4,FaceSwap/UniFace,id48,id42,0,1.1479190587997437,-1.1479190587997437,0.0,35.4279670715332,30.0,0.0,0.0,0.003648570505902171,0.003770355135202408,0.001990426331758499,0.003554333234205842
CelebDFv3,/root/Datasets/CelebDFv3/CelebDFv3/FAKE/TalkingFace/AniTalker/id25_0007_test_id00812_uCF5yBvYa9k.mp4,TalkingFace/AniTalker,id25,,0,0.3971145749092102,-0.3971145749092102,0.0,54.41283416748047,25.0,0.0,0.0,0.009051870554685593,0.005656210705637932,0.0040580169297754765,0.0040580169297754765
CelebDFv3,/root/Datasets/CelebDFv3/CelebDFv3/FAKE/TalkingFace/EDTalk/id31_0004_test_id03524_nP1pWlXGexc.mp4,TalkingFace/EDTalk,id31,,0,2.6808385848999023,-2.6808385848999023,0.0,40.726131439208984,25.0,0.0,0.0,0.01660960167646408,0.014459908939898014,0.007815214805305004,0.007815214805305004
CelebDFv3,/root/Datasets/CelebDFv3/CelebDFv3/FAKE/TalkingFace/EchoMimic/id22_0005_test_id05714_wFGNufaMbDY.mp4,TalkingFace/EchoMimic,id22,,0,2.466484308242798,-2.466484308242798,0.0,34.30128860473633,24.0,0.0,0.0,0.012309657409787178,0.006735401228070259,0.009862959384918213,0.009862959384918213
CelebDFv3,/root/Datasets/CelebDFv3/CelebDFv3/FAKE/TalkingFace/FLOAT/id59_0002_test_id04232_lcNvUKfW9tY.mp4,TalkingFace/FLOAT,id59,,0,-1.0106165409088135,1.0106165409088135,0.0,29.760347366333008,25.0,0.0,0.0,0.013349206186830997,0.005959987640380859,0.008049133233726025,0.008049133233726025
CelebDFv3,/root/Datasets/CelebDFv3/CelebDFv3/FAKE/TalkingFace/IP_LAP/id25_0000_test_id02286_cp_LOv6mdJA.mp4,TalkingFace/IP_LAP,id25,,0,-0.25409984588623047,0.25409984588623047,0.0,43.29691696166992,25.0,1.0,0.09375,0.06279391050338745,0.018594935536384583,0.08151482045650482,0.08151482045650482
CelebDFv3,/root/Datasets/CelebDFv3/CelebDFv3/FAKE/TalkingFace/Real3DPortrait/id48_0006_test_id01298_tAQVEmDyrPs.mp4,TalkingFace/Real3DPortrait,id48,,0,-0.7932630777359009,0.7932630777359009,0.0,26.6051082611084,25.0,1.0,0.96875,7.928504055598751e-05,0.00031714016222395003,0.00015857008111197501,0.00015857008111197501
CelebDFv3,/root/Datasets/CelebDFv3/CelebDFv3/FAKE/TalkingFace/SadTalker/id8_0007_test_id00419_DkYa8HiTgJs.mp4,TalkingFace/SadTalker,id8,,0,-2.3176674842834473,2.3176674842834473,0.0,37.38327407836914,25.0,0.0,0.0,0.002448831684887409,0.0075215790420770645,0.004910632967948914,0.004910632967948914
CelebDFv3,/root/Datasets/CelebDFv3/CelebDFv3/FAKE/FaceReenact/DaGAN/id11_id7_0009.mp4,FaceReenact/DaGAN,id11,id7,0,-3.252249240875244,3.252249240875244,0.0,31.988237380981445,30.0,0.0,0.0,0.01044173538684845,0.00870183203369379,0.008117114193737507,0.008117114193737507
CelebDFv3,/root/Datasets/CelebDFv3/CelebDFv3/FAKE/FaceReenact/FSRT/id26_id37_0001.mp4,FaceReenact/FSRT,id26,id37,0,0.8262640833854675,-0.8262640833854675,0.0,41.21445083618164,20.0,1.0,0.046875,0.03708456829190254,0.004024936351925135,0.01494123600423336,0.01494123600423336
CelebDFv3,/root/Datasets/CelebDFv3/CelebDFv3/FAKE/FaceReenact/HyperReenact/id23_id19_0009.mp4,FaceReenact/HyperReenact,id23,id19,0,3.2905025482177734,-3.2905025482177734,0.0,22.06831169128418,25.0,0.0,0.0,0.009576482698321342,0.003423441667109728,0.006641167216002941,0.006641167216002941
CelebDFv3,/root/Datasets/CelebDFv3/CelebDFv3/FAKE/FaceReenact/LIA/id54_id49_0008.mp4,FaceReenact/LIA,id54,id49,0,2.786633014678955,-2.786633014678955,0.0,29.73218536376953,30.0,0.0,0.0,0.017946064472198486,0.007441805675625801,0.008500400930643082,0.008500400930643082
CelebDFv3,/root/Datasets/CelebDFv3/CelebDFv3/FAKE/FaceReenact/LivePortrait/id56_id49_0003.mp4,FaceReenact/LivePortrait,id56,id49,0,0.31167423725128174,-0.31167423725128174,0.0,26.09130096435547,30.0,0.0,0.0,0.003965931944549084,0.004064169712364674,0.00173059175722301,0.003099135123193264
CelebDFv3,/root/Datasets/CelebDFv3/CelebDFv3/FAKE/FaceReenact/MCNET/id51_id50_0008.mp4,FaceReenact/MCNET,id51,id50,0,2.365690231323242,-2.365690231323242,0.0,29.46609878540039,30.0,0.0,0.0,0.013134555891156197,0.01129370927810669,0.019885383546352386,0.019885383546352386
CelebDFv3,/root/Datasets/CelebDFv3/CelebDFv3/FAKE/FaceReenact/TPSMM/id23_id0_0008.mp4,FaceReenact/TPSMM,id23,id0,0,1.6084041595458984,-1.6084041595458984,0.0,24.475175857543945,30.0,1.0,0.234375,0.014843376353383064,0.013667915016412735,0.01096266694366932,0.01096266694366932
CelebDFv3,/root/Datasets/CelebDFv3/CelebDFv3/FAKE/FaceSwap/BlendFace/id23_id34_0009.mp4,FaceSwap/BlendFace,id23,id34,0,3.4156298637390137,-3.4156298637390137,0.0,21.865894317626953,30.0,0.0,0.0,0.004801033064723015,0.005742866545915604,0.004019216168671846,0.005321442149579525
CelebDFv3,/root/Datasets/CelebDFv3/CelebDFv3/FAKE/FaceSwap/Celeb-DF-v2/id26_id22_0000.mp4,FaceSwap/Celeb-DF-v2,id26,id22,0,0.5263309478759766,-0.5263309478759766,0.0,36.756195068359375,30.0,0.0,0.0,0.002621494699269533,0.0022505209781229496,0.002721531083807349,0.004889531061053276
CelebDFv3,/root/Datasets/CelebDFv3/CelebDFv3/FAKE/FaceSwap/GHOST/id51_id55_0006.mp4,FaceSwap/GHOST,id51,id55,0,-0.10625065118074417,0.10625065118074417,0.0,35.63341522216797,29.900009155273438,0.0,0.0,0.004343771375715733,0.021402399986982346,0.0032964323181658983,0.005903234239667654
CelebDFv3,/root/Datasets/CelebDFv3/CelebDFv3/FAKE/FaceSwap/HifiFace/id26_id25_0003.mp4,FaceSwap/HifiFace,id26,id25,0,-10.000045776367188,10.000045776367188,0.0,105.49280548095703,30.0,0.0,0.0,0.007976510562002659,0.011160883121192455,0.004189282655715942,0.00752650760114193
CelebDFv3,/root/Datasets/CelebDFv3/CelebDFv3/FAKE/FaceSwap/InSwapper/id22_id28_0009.mp4,FaceSwap/InSwapper,id22,id28,0,-1.8788329362869263,1.8788329362869263,0.0,29.73670768737793,30.0,1.0,0.21875,0.017078746110200882,0.01356523483991623,0.0029603440780192614,0.0052614519372582436
CelebDFv3,/root/Datasets/CelebDFv3/CelebDFv3/FAKE/FaceSwap/MobileFaceSwap/id23_id9_0006.mp4,FaceSwap/MobileFaceSwap,id23,id9,0,1.1197617053985596,-1.1197617053985596,0.0,16.189533233642578,30.0,0.0,0.0,0.010783870704472065,0.0056487685069441795,0.002859055530279875,0.0037882481701672077
CelebDFv3,/root/Datasets/CelebDFv3/CelebDFv3/FAKE/FaceSwap/SimSwap/id23_id30_0006.mp4,FaceSwap/SimSwap,id23,id30,0,0.7021531462669373,-0.7021531462669373,0.0,16.313608169555664,30.0,0.0,0.0,0.011058475822210312,0.006192898377776146,0.0032795125152915716,0.004345354624092579
CelebDFv3,/root/Datasets/CelebDFv3/CelebDFv3/FAKE/FaceSwap/UniFace/id56_id50_0005.mp4,FaceSwap/UniFace,id56,id50,0,-0.9541501998901367,0.9541501998901367,0.0,28.846378326416016,29.899993896484375,0.0,0.0,0.003515492891892791,0.007757007610052824,0.001503747422248125,0.0026929036248475313
CelebDFv3,/root/Datasets/CelebDFv3/CelebDFv3/FAKE/TalkingFace/AniTalker/id56_0001_test_id03030_jSaAmd-y53U.mp4,TalkingFace/AniTalker,id56,,0,5.7058634757995605,-5.7058634757995605,0.0,23.228073120117188,25.0,0.0,0.0,0.00789135042577982,0.010550659149885178,0.0037993714213371277,0.0037993714213371277
CelebDFv3,/root/Datasets/CelebDFv3/CelebDFv3/FAKE/TalkingFace/EDTalk/id22_0003_test_id01593_xYSFA0pJBl0.mp4,TalkingFace/EDTalk,id22,,0,1.7993993759155273,-1.7993993759155273,0.0,43.66996765136719,25.0,0.0,0.0,0.016125500202178955,0.013094363734126091,0.010023226961493492,0.010023226961493492
CelebDFv3,/root/Datasets/CelebDFv3/CelebDFv3/FAKE/TalkingFace/EchoMimic/id31_0004_test_id04295_1fSjOItVYVg.mp4,TalkingFace/EchoMimic,id31,,0,1.5324817895889282,-1.5324817895889282,0.0,40.028255462646484,24.0,0.0,0.0,0.0035475678741931915,0.006556302774697542,0.00528445141389966,0.00528445141389966
CelebDFv3,/root/Datasets/CelebDFv3/CelebDFv3/FAKE/TalkingFace/FLOAT/id48_0004_test_id01509_XmSD0fC9gX4.mp4,TalkingFace/FLOAT,id48,,0,3.267838954925537,-3.267838954925537,0.0,31.272783279418945,25.0,0.0,0.0,0.020564019680023193,0.0086973886936903,0.0130558330565691,0.0130558330565691
CelebDFv3,/root/Datasets/CelebDFv3/CelebDFv3/FAKE/TalkingFace/IP_LAP/id48_0001_test_id04295_GLhfd-vlEOM.mp4,TalkingFace/IP_LAP,id48,,0,3.344933032989502,-3.344933032989502,0.0,23.43663787841797,25.0,0.0,0.0,0.03109198622405529,0.027030181139707565,0.012713512405753136,0.012713512405753136
CelebDFv3,/root/Datasets/CelebDFv3/CelebDFv3/FAKE/TalkingFace/Real3DPortrait/id48_0002_test_id00817_Aw0R9CBKeYY.mp4,TalkingFace/Real3DPortrait,id48,,0,1.2682594060897827,-1.2682594060897827,0.0,26.742969512939453,25.0,1.0,0.140625,0.01155593991279602,0.006230645813047886,0.008942139334976673,0.008942139334976673
CelebDFv3,/root/Datasets/CelebDFv3/CelebDFv3/FAKE/TalkingFace/SadTalker/id8_0009_test_id02086_UpjWerN0hoE.mp4,TalkingFace/SadTalker,id8,,0,-4.545083999633789,4.545083999633789,0.0,28.767173767089844,25.0,0.0,0.0,0.0036236215382814407,0.009852447547018528,0.008149653673171997,0.008149653673171997
CelebDFv3,/root/Datasets/CelebDFv3/CelebDFv3/FAKE/FaceReenact/DaGAN/id54_id58_0004.mp4,FaceReenact/DaGAN,id54,id58,0,-1.580542802810669,1.580542802810669,0.0,54.88707733154297,30.0,1.0,0.0625,0.019931446760892868,0.012162617407739162,0.014209090732038021,0.014209090732038021
CelebDFv3,/root/Datasets/CelebDFv3/CelebDFv3/FAKE/FaceReenact/FSRT/id31_id6_0006.mp4,FaceReenact/FSRT,id31,id6,0,-0.7635582685470581,0.7635582685470581,0.0,30.724090576171875,20.0,0.0,0.0,0.015395993366837502,0.011904793791472912,0.008832300081849098,0.008832300081849098
CelebDFv3,/root/Datasets/CelebDFv3/CelebDFv3/FAKE/FaceReenact/HyperReenact/id56_id55_0008.mp4,FaceReenact/HyperReenact,id56,id55,0,1.3460559844970703,-1.3460559844970703,0.0,30.574949264526367,25.0,0.0,0.0,0.0165097713470459,0.004530562087893486,0.006813595537096262,0.006813595537096262
CelebDFv3,/root/Datasets/CelebDFv3/CelebDFv3/FAKE/FaceReenact/LIA/id22_id26_0005.mp4,FaceReenact/LIA,id22,id26,0,2.9706897735595703,-2.9706897735595703,0.0,34.02375793457031,30.0,0.0,0.0,0.004990709945559502,0.0056380718015134335,0.004192051477730274,0.004192051477730274
CelebDFv3,/root/Datasets/CelebDFv3/CelebDFv3/FAKE/FaceReenact/LivePortrait/id23_id19_0000.mp4,FaceReenact/LivePortrait,id23,id19,0,2.058208703994751,-2.058208703994751,0.0,26.146381378173828,29.0,1.0,0.015625,0.002182923723012209,0.003617702517658472,0.002557160332798958,0.004544869065284729
CelebDFv3,/root/Datasets/CelebDFv3/CelebDFv3/FAKE/FaceReenact/MCNET/id48_id45_0007.mp4,FaceReenact/MCNET,id48,id45,0,1.48635733127594,-1.48635733127594,0.0,36.452354431152344,30.0,0.0,0.0,0.015712056308984756,0.012586777098476887,0.011276565492153168,0.011276565492153168
CelebDFv3,/root/Datasets/CelebDFv3/CelebDFv3/FAKE/FaceReenact/TPSMM/id25_id21_0008.mp4,FaceReenact/TPSMM,id25,id21,0,2.7709412574768066,-2.7709412574768066,0.0,22.783390045166016,30.0,0.0,0.0,0.03610555827617645,0.02422274649143219,0.012292375788092613,0.012292375788092613
CelebDFv3,/root/Datasets/CelebDFv3/CelebDFv3/FAKE/FaceSwap/BlendFace/id31_id17_0003.mp4,FaceSwap/BlendFace,id31,id17,0,-2.4817442893981934,2.4817442893981934,0.0,30.068443298339844,30.0,0.0,0.0,0.006500675342977047,0.006737342104315758,0.0045408690348267555,0.008177411742508411
CelebDFv3,/root/Datasets/CelebDFv3/CelebDFv3/FAKE/FaceSwap/Celeb-DF-v2/id23_id38_0006.mp4,FaceSwap/Celeb-DF-v2,id23,id38,0,1.468895435333252,-1.468895435333252,0.0,15.979679107666016,30.0,0.0,0.0,0.011155501939356327,0.005959443747997284,0.0035554496571421623,0.0047109704464674
CelebDFv3,/root/Datasets/CelebDFv3/CelebDFv3/FAKE/FaceSwap/GHOST/id31_id32_0003.mp4,FaceSwap/GHOST,id31,id32,0,-2.4055371284484863,2.4055371284484863,0.0,31.611635208129883,30.0,0.0,0.0,0.006138195283710957,0.008949678391218185,0.0037942298222333193,0.006832829210907221
CelebDFv3,/root/Datasets/CelebDFv3/CelebDFv3/FAKE/FaceSwap/HifiFace/id23_id24_0009.mp4,FaceSwap/HifiFace,id23,id24,0,3.1376378536224365,-3.1376378536224365,0.0,18.908615112304688,30.0,0.0,0.0,0.004726483952254057,0.005817672237753868,0.003018480958417058,0.003996468614786863
CelebDFv3,/root/Datasets/CelebDFv3/CelebDFv3/FAKE/FaceSwap/InSwapper/id26_id28_0004.mp4,FaceSwap/InSwapper,id26,id28,0,1.303091287612915,-1.303091287612915,0.0,27.569093704223633,30.0,0.0,0.0,0.005949945189058781,0.01353771984577179,0.0030771614983677864,0.005528459791094065
CelebDFv3,/root/Datasets/CelebDFv3/CelebDFv3/FAKE/FaceSwap/MobileFaceSwap/id26_id25_0001.mp4,FaceSwap/MobileFaceSwap,id26,id25,0,1.9802415370941162,-1.9802415370941162,0.0,37.419189453125,30.0,1.0,0.015625,0.02291327342391014,0.01965329423546791,0.004455768968909979,0.008005280047655106
CelebDFv3,/root/Datasets/CelebDFv3/CelebDFv3/FAKE/FaceSwap/SimSwap/id22_id26_0005.mp4,FaceSwap/SimSwap,id22,id26,0,0.7954762578010559,-0.7954762578010559,0.0,34.70504379272461,30.0,0.0,0.0,0.004887830000370741,0.003110151272267103,0.0014548817416653037,0.0025857773143798113
CelebDFv3,/root/Datasets/CelebDFv3/CelebDFv3/FAKE/FaceSwap/UniFace/id26_id28_0002.mp4,FaceSwap/UniFace,id26,id28,0,0.5829620361328125,-0.5829620361328125,0.0,25.02789878845215,30.0,0.0,0.0,0.01123344898223877,0.016817064955830574,0.004128326661884785,0.007416993845254183
CelebDFv3,/root/Datasets/CelebDFv3/CelebDFv3/FAKE/TalkingFace/AniTalker/id48_0002_test_id00817_Aw0R9CBKeYY.mp4,TalkingFace/AniTalker,id48,,0,1.4130709171295166,-1.4130709171295166,0.0,29.014211654663086,25.0,0.0,0.0,0.021673206239938736,0.007267054170370102,0.006819023750722408,0.006819023750722408
CelebDFv3,/root/Datasets/CelebDFv3/CelebDFv3/FAKE/TalkingFace/EDTalk/id31_0002_test_id03839_xtBkY9xYpjA.mp4,TalkingFace/EDTalk,id31,,0,-2.171729803085327,2.171729803085327,0.0,76.43992614746094,25.0,0.0,0.0,0.013461899012327194,0.015497153624892235,0.009386962279677391,0.009386962279677391
CelebDFv3,/root/Datasets/CelebDFv3/CelebDFv3/FAKE/TalkingFace/EchoMimic/id51_0005_test_id08701_IF-okJTentA.mp4,TalkingFace/EchoMimic,id51,,0,-0.32783767580986023,0.32783767580986023,0.0,31.797393798828125,24.0,0.0,0.0,0.008203567937016487,0.015508254989981651,0.008548361249268055,0.008548361249268055
CelebDFv3,/root/Datasets/CelebDFv3/CelebDFv3/FAKE/TalkingFace/FLOAT/id51_0001_test_id05055_1lsf8QC-Lck.mp4,TalkingFace/FLOAT,id51,,0,-1.2562121152877808,1.2562121152877808,0.0,51.33573532104492,25.0,0.0,0.0,0.010262159630656242,0.005741994362324476,0.009739820845425129,0.009739820845425129
CelebDFv3,/root/Datasets/CelebDFv3/CelebDFv3/FAKE/TalkingFace/IP_LAP/id48_0000_test_id02445_ZX_6RMrTEP0.mp4,TalkingFace/IP_LAP,id48,,0,0.9918907284736633,-0.9918907284736633,0.0,32.88852310180664,25.0,0.0,0.0,0.01158019620925188,0.009102783165872097,0.010234740562736988,0.010234740562736988
CelebDFv3,/root/Datasets/CelebDFv3/CelebDFv3/FAKE/TalkingFace/Real3DPortrait/id22_0001_test_id04657_LIpH4pzgzJ8.mp4,TalkingFace/Real3DPortrait,id22,,0,-0.25641560554504395,0.25641560554504395,0.0,24.791351318359375,25.0,0.0,0.0,0.01664307340979576,0.007840633392333984,0.01301191933453083,0.01301191933453083
CelebDFv3,/root/Datasets/CelebDFv3/CelebDFv3/FAKE/TalkingFace/SadTalker/id11_0008_test_id07802_qmTmtDbel1M.mp4,TalkingFace/SadTalker,id11,,0,3.6323790550231934,-3.6323790550231934,0.0,24.129474639892578,25.0,0.0,0.0,0.0030928184278309345,0.010053232312202454,0.0045915828086435795,0.0045915828086435795
CelebDFv3,/root/Datasets/CelebDFv3/CelebDFv3/FAKE/FaceReenact/DaGAN/id48_id40_0007.mp4,FaceReenact/DaGAN,id48,id40,0,0.7270562052726746,-0.7270562052726746,0.0,35.21449279785156,30.0,0.0,0.0,0.01069466583430767,0.010788779705762863,0.007493297569453716,0.007493297569453716
CelebDFv3,/root/Datasets/CelebDFv3/CelebDFv3/FAKE/FaceReenact/FSRT/id23_id0_0007.mp4,FaceReenact/FSRT,id23,id0,0,1.409452199935913,-1.409452199935913,0.0,23.340011596679688,20.0,1.0,0.234375,0.005918447393923998,0.005667726043611765,0.004088039975613356,0.004088039975613356
CelebDFv3,/root/Datasets/CelebDFv3/CelebDFv3/FAKE/FaceReenact/HyperReenact/id22_id23_0006.mp4,FaceReenact/HyperReenact,id22,id23,0,2.1563708782196045,-2.1563708782196045,0.0,31.3453426361084,25.0,0.0,0.0,0.007918912917375565,0.004385163076221943,0.008718603290617466,0.008718603290617466
CelebDFv3,/root/Datasets/CelebDFv3/CelebDFv3/FAKE/FaceReenact/LIA/id56_id57_0009.mp4,FaceReenact/LIA,id56,id57,0,-1.348888874053955,1.348888874053955,0.0,42.850067138671875,29.0,1.0,0.03125,0.02604902721941471,0.017964160069823265,0.009345807135105133,0.009345807135105133
CelebDFv3,/root/Datasets/CelebDFv3/CelebDFv3/FAKE/FaceReenact/LivePortrait/id51_id54_0006.mp4,FaceReenact/LivePortrait,id51,id54,0,1.302865743637085,-1.302865743637085,0.0,31.49422264099121,30.0,0.0,0.0,0.005298933479934931,0.006253569852560759,0.003420264460146427,0.00612499238923192
CelebDFv3,/root/Datasets/CelebDFv3/CelebDFv3/FAKE/FaceReenact/MCNET/id23_id22_0002.mp4,FaceReenact/MCNET,id23,id22,0,0.9437461495399475,-0.9437461495399475,0.0,22.235851287841797,30.0,1.0,0.09375,0.062157049775123596,0.020877797156572342,0.05626445263624191,0.05626445263624191
CelebDFv3,/root/Datasets/CelebDFv3/CelebDFv3/FAKE/FaceReenact/TPSMM/id23_id17_0000.mp4,FaceReenact/TPSMM,id23,id17,0,2.4309775829315186,-2.4309775829315186,0.0,26.129261016845703,30.0,0.0,0.0,0.019475022330880165,0.007056461647152901,0.0029905703850090504,0.0029905703850090504
CelebDFv3,/root/Datasets/CelebDFv3/CelebDFv3/FAKE/FaceSwap/BlendFace/id23_id17_0006.mp4,FaceSwap/BlendFace,id23,id17,0,0.93923020362854,-0.93923020362854,0.0,17.844181060791016,30.0,0.0,0.0,0.010612024925649166,0.006015157792717218,0.00413230387493968,0.00547530222684145
CelebDFv3,/root/Datasets/CelebDFv3/CelebDFv3/FAKE/FaceSwap/Celeb-DF-v2/id31_id21_0005.mp4,FaceSwap/Celeb-DF-v2,id31,id21,0,0.5799903869628906,-0.5799903869628906,0.0,36.68524169921875,30.0,0.0,0.0,0.008670845068991184,0.007302748039364815,0.0024845912121236324,0.0044743698090314865
CelebDFv3,/root/Datasets/CelebDFv3/CelebDFv3/FAKE/FaceSwap/GHOST/id23_id0_0001.mp4,FaceSwap/GHOST,id23,id0,0,2.0770509243011475,-2.0770509243011475,0.0,27.341642379760742,30.0,0.0,0.0,0.004204471129924059,0.009736637584865093,0.007794362958520651,0.013853006064891815
CelebDFv3,/root/Datasets/CelebDFv3/CelebDFv3/FAKE/FaceSwap/HifiFace/id26_id30_0006.mp4,FaceSwap/HifiFace,id26,id30,0,-0.13334956765174866,0.13334956765174866,0.0,66.3004379272461,30.0,1.0,0.03125,0.025199009105563164,0.008214189670979977,0.0062371110543608665,0.011357534676790237
CelebDFv3,/root/Datasets/CelebDFv3/CelebDFv3/FAKE/FaceSwap/InSwapper/id25_id20_0003.mp4,FaceSwap/InSwapper,id25,id20,0,-1.0780686140060425,1.0780686140060425,0.0,22.08767318725586,30.0,0.0,0.0,0.012609929777681828,0.009216724894940853,0.003973974380642176,0.007156520616263151
CelebDFv3,/root/Datasets/CelebDFv3/CelebDFv3/FAKE/FaceSwap/MobileFaceSwap/id31_id37_0002.mp4,FaceSwap/MobileFaceSwap,id31,id37,0,0.0721423476934433,-0.0721423476934433,0.0,19.73138999938965,30.0,0.0,0.0,0.021552158519625664,0.04442311450839043,0.015626750886440277,0.02814139798283577
CelebDFv3,/root/Datasets/CelebDFv3/CelebDFv3/FAKE/FaceSwap/SimSwap/id56_id52_0008.mp4,FaceSwap/SimSwap,id56,id52,0,2.269745349884033,-2.269745349884033,0.0,20.963459014892578,30.0,1.0,0.015625,0.0076571376994252205,0.005034466739743948,0.002941069658845663,0.005266853142529726
CelebDFv3,/root/Datasets/CelebDFv3/CelebDFv3/FAKE/FaceSwap/UniFace/id25_id28_0005.mp4,FaceSwap/UniFace,id25,id28,0,0.40735840797424316,-0.40735840797424316,0.0,23.656723022460938,30.0,0.0,0.0,0.02042815461754799,0.004232263192534447,0.005030439235270023,0.007465171627700329
CelebDFv3,/root/Datasets/CelebDFv3/CelebDFv3/FAKE/TalkingFace/AniTalker/id22_0001_test_id02542_gMKSu2wZpAA.mp4,TalkingFace/AniTalker,id22,,0,2.3382349014282227,-2.3382349014282227,0.0,24.571256637573242,25.0,0.0,0.0,0.009210202842950821,0.005325712263584137,0.0048058354295790195,0.0048058354295790195
CelebDFv3,/root/Datasets/CelebDFv3/CelebDFv3/FAKE/TalkingFace/EDTalk/id11_0000_test_id00081_xjfPXNgzW6o.mp4,TalkingFace/EDTalk,id11,,0,5.225749492645264,-5.225749492645264,0.0,22.236032485961914,25.0,0.0,0.0,0.013524430803954601,0.013734815642237663,0.006910952739417553,0.006910952739417553
CelebDFv3,/root/Datasets/CelebDFv3/CelebDFv3/FAKE/TalkingFace/EchoMimic/id8_0009_test_id02086_UpjWerN0hoE.mp4,TalkingFace/EchoMimic,id8,,0,-2.4332993030548096,2.4332993030548096,0.0,47.83710479736328,24.0,0.0,0.0,0.017216412350535393,0.010084955021739006,0.009019232355058193,0.009019232355058193
CelebDFv3,/root/Datasets/CelebDFv3/CelebDFv3/FAKE/TalkingFace/FLOAT/id26_0008_test_id02181_hIvctbfcBx8.mp4,TalkingFace/FLOAT,id26,,0,3.0885283946990967,-3.0885283946990967,0.0,22.628902435302734,25.0,0.0,0.0,0.013200027868151665,0.006832423619925976,0.007099628914147615,0.007099628914147615
CelebDFv3,/root/Datasets/CelebDFv3/CelebDFv3/FAKE/TalkingFace/IP_LAP/id22_0009_test_id01041_Ry0R8LwJEYU.mp4,TalkingFace/IP_LAP,id22,,0,1.1216063499450684,-1.1216063499450684,0.0,26.94763946533203,25.0,1.0,0.046875,0.03881295770406723,0.014554496854543686,0.013292655348777771,0.013292655348777771
CelebDFv3,/root/Datasets/CelebDFv3/CelebDFv3/FAKE/TalkingFace/Real3DPortrait/id23_0002_test_id05850_WNF1CY-Lu3I.mp4,TalkingFace/Real3DPortrait,id23,,0,2.599168300628662,-2.599168300628662,0.0,27.47385597229004,25.0,0.0,0.0,0.0226060152053833,0.0063427528366446495,0.01830703765153885,0.01830703765153885
CelebDFv3,/root/Datasets/CelebDFv3/CelebDFv3/FAKE/TalkingFace/SadTalker/id8_0009_test_id07961_gvLf2DggTu0.mp4,TalkingFace/SadTalker,id8,,0,-3.6013412475585938,3.6013412475585938,0.0,28.791635513305664,25.0,0.0,0.0,0.003372002625837922,0.009496696293354034,0.006149592809379101,0.006149592809379101
CelebDFv3,/root/Datasets/CelebDFv3/CelebDFv3/FAKE/FaceReenact/DaGAN/id31_id37_0004.mp4,FaceReenact/DaGAN,id31,id37,0,-0.2870023846626282,0.2870023846626282,0.0,25.31252670288086,30.0,0.0,0.0,0.014295908622443676,0.010285544209182262,0.008316559717059135,0.008316559717059135
CelebDFv3,/root/Datasets/CelebDFv3/CelebDFv3/FAKE/FaceReenact/FSRT/id31_id9_0003.mp4,FaceReenact/FSRT,id31,id9,0,-1.7289010286331177,1.7289010286331177,0.0,27.60697364807129,20.0,1.0,0.015625,0.027254927903413773,0.009677194058895111,0.030066192150115967,0.030066192150115967
CelebDFv3,/root/Datasets/CelebDFv3/CelebDFv3/FAKE/FaceReenact/HyperReenact/id22_id21_0006.mp4,FaceReenact/HyperReenact,id22,id21,0,3.282845973968506,-3.282845973968506,0.0,32.30445098876953,25.0,0.0,0.0,0.010892199352383614,0.0021919512655586004,0.007867426611483097,0.007867426611483097
CelebDFv3,/root/Datasets/CelebDFv3/CelebDFv3/FAKE/FaceReenact/LIA/id31_id33_0005.mp4,FaceReenact/LIA,id31,id33,0,-3.9057297706604004,3.9057297706604004,0.0,55.342655181884766,30.0,1.0,0.578125,0.02342945523560047,0.003574688220396638,0.006506700534373522,0.006506700534373522
CelebDFv3,/root/Datasets/CelebDFv3/CelebDFv3/FAKE/FaceReenact/LivePortrait/id22_id25_0003.mp4,FaceReenact/LivePortrait,id22,id25,0,0.7511130571365356,-0.7511130571365356,0.0,38.416236877441406,30.0,1.0,0.28125,0.009114263579249382,0.009103070944547653,0.006408400367945433,0.0113897193223238
CelebDFv3,/root/Datasets/CelebDFv3/CelebDFv3/FAKE/FaceReenact/MCNET/id23_id1_0003.mp4,FaceReenact/MCNET,id23,id1,0,-0.8711383938789368,0.8711383938789368,0.0,27.66360855102539,30.0,0.0,0.0,0.03355973958969116,0.007593192625790834,0.012457719072699547,0.012457719072699547
CelebDFv3,/root/Datasets/CelebDFv3/CelebDFv3/FAKE/FaceReenact/TPSMM/id23_id1_0003.mp4,FaceReenact/TPSMM,id23,id1,0,-0.6442084312438965,0.6442084312438965,0.0,27.11796760559082,30.0,0.0,0.0,0.03026089444756508,0.0071480777114629745,0.009931955486536026,0.009931955486536026
CelebDFv3,/root/Datasets/CelebDFv3/CelebDFv3/FAKE/FaceSwap/BlendFace/id31_id3_0005.mp4,FaceSwap/BlendFace,id31,id3,0,0.5069738030433655,-0.5069738030433655,0.0,32.225154876708984,30.0,0.0,0.0,0.010743256658315659,0.006838686764240265,0.002767212688922882,0.004983328282833099
CelebDFv3,/root/Datasets/CelebDFv3/CelebDFv3/FAKE/FaceSwap/Celeb-DF-v2/id26_id28_0004.mp4,FaceSwap/Celeb-DF-v2,id26,id28,0,-0.07439881563186646,0.07439881563186646,0.0,27.491710662841797,30.0,0.0,0.0,0.005901601631194353,0.013889559544622898,0.003530314192175865,0.006342597771435976
CelebDFv3,/root/Datasets/CelebDFv3/CelebDFv3/FAKE/FaceSwap/GHOST/id31_id20_0008.mp4,FaceSwap/GHOST,id31,id20,0,1.5473499298095703,-1.5473499298095703,0.0,34.45961380004883,30.0,0.0,0.0,0.006320025306195021,0.012290332466363907,0.007146481890231371,0.01286972314119339
CelebDFv3,/root/Datasets/CelebDFv3/CelebDFv3/FAKE/FaceSwap/HifiFace/id56_id50_0005.mp4,FaceSwap/HifiFace,id56,id50,0,-0.8187785148620605,0.8187785148620605,0.0,28.764310836791992,29.899993896484375,0.0,0.0,0.0034421191085129976,0.007593698333948851,0.0016718520782887936,0.0029939443338662386
CelebDFv3,/root/Datasets/CelebDFv3/CelebDFv3/FAKE/FaceSwap/InSwapper/id23_id16_0007.mp4,FaceSwap/InSwapper,id23,id16,0,1.8082232475280762,-1.8082232475280762,0.0,27.625532150268555,30.0,0.0,0.0,0.01608092151582241,0.02888336591422558,0.00853598490357399,0.014974766410887241
CelebDFv3,/root/Datasets/CelebDFv3/CelebDFv3/FAKE/FaceSwap/MobileFaceSwap/id23_id9_0009.mp4,FaceSwap/MobileFaceSwap,id23,id9,0,3.2714314460754395,-3.2714314460754395,0.0,19.38534164428711,30.0,0.0,0.0,0.004833500366657972,0.006041490472853184,0.004224782343953848,0.00559361232444644
CelebDFv3,/root/Datasets/CelebDFv3/CelebDFv3/FAKE/FaceSwap/SimSwap/id23_id4_0007.mp4,FaceSwap/SimSwap,id23,id4,0,2.5563948154449463,-2.5563948154449463,0.0,26.744796752929688,30.0,0.0,0.0,0.014851339161396027,0.03837823122739792,0.008502396754920483,0.01491584349423647
CelebDFv3,/root/Datasets/CelebDFv3/CelebDFv3/FAKE/FaceSwap/UniFace/id54_id51_0006.mp4,FaceSwap/UniFace,id54,id51,0,-3.9341132640838623,3.9341132640838623,0.0,39.204978942871094,30.0,1.0,0.015625,0.006463720928877592,0.009152715094387531,0.005447990261018276,0.009756233543157578
CelebDFv3,/root/Datasets/CelebDFv3/CelebDFv3/FAKE/TalkingFace/AniTalker/id23_0007_test_id01593_xYSFA0pJBl0.mp4,TalkingFace/AniTalker,id23,,0,1.9004004001617432,-1.9004004001617432,0.0,34.57744216918945,25.0,0.0,0.0,0.012127524241805077,0.011601253412663937,0.006431940943002701,0.006431940943002701
CelebDFv3,/root/Datasets/CelebDFv3/CelebDFv3/FAKE/TalkingFace/EDTalk/id56_0008_test_id04862_ORhcTM80e0A.mp4,TalkingFace/EDTalk,id56,,0,1.0887713432312012,-1.0887713432312012,0.0,31.03986167907715,25.0,0.0,0.0,0.015548618510365486,0.013220643624663353,0.007476549595594406,0.007476549595594406
CelebDFv3,/root/Datasets/CelebDFv3/CelebDFv3/FAKE/TalkingFace/EchoMimic/id23_0006_test_id02057_QZYXK4dWZoY.mp4,TalkingFace/EchoMimic,id23,,0,3.2762668132781982,-3.2762668132781982,0.0,29.912466049194336,24.0,0.0,0.0,0.006256452761590481,0.00819525495171547,0.007482054643332958,0.007482054643332958
CelebDFv3,/root/Datasets/CelebDFv3/CelebDFv3/FAKE/TalkingFace/FLOAT/id31_0006_test_id05654_lgnVNGGeF7E.mp4,TalkingFace/FLOAT,id31,,0,-2.363659381866455,2.363659381866455,0.0,33.13188934326172,25.0,0.0,0.0,0.015762552618980408,0.010098939761519432,0.009895316325128078,0.009895316325128078
CelebDFv3,/root/Datasets/CelebDFv3/CelebDFv3/FAKE/TalkingFace/IP_LAP/id31_0000_test_id03178_O13kGQ2rTE8.mp4,TalkingFace/IP_LAP,id31,,0,-1.2730590105056763,1.2730590105056763,0.0,25.792083740234375,25.0,0.0,0.0,0.01943293586373329,0.014463648200035095,0.01030974555760622,0.01030974555760622
CelebDFv3,/root/Datasets/CelebDFv3/CelebDFv3/FAKE/TalkingFace/Real3DPortrait/id54_0008_test_id04253_Hfwc0GtiEWs.mp4,TalkingFace/Real3DPortrait,id54,,0,2.999901533126831,-2.999901533126831,0.0,30.15766143798828,25.0,0.0,0.0,0.0149569446220994,0.008102769032120705,0.004996462259441614,0.004996462259441614
CelebDFv3,/root/Datasets/CelebDFv3/CelebDFv3/FAKE/TalkingFace/SadTalker/id8_0004_test_id02745_5oDO9Avn0qg.mp4,TalkingFace/SadTalker,id8,,0,-7.122140407562256,7.122140407562256,0.0,70.91586303710938,25.0,0.0,0.0,0.0032560043036937714,0.007803168147802353,0.006524615455418825,0.006524615455418825
CelebDFv3,/root/Datasets/CelebDFv3/CelebDFv3/FAKE/FaceReenact/DaGAN/id54_id55_0008.mp4,FaceReenact/DaGAN,id54,id55,0,3.259575843811035,-3.259575843811035,0.0,26.25927734375,30.0,1.0,0.0625,0.032153282314538956,0.018175523728132248,0.016883714124560356,0.016883714124560356
CelebDFv3,/root/Datasets/CelebDFv3/CelebDFv3/FAKE/FaceReenact/FSRT/id31_id17_0005.mp4,FaceReenact/FSRT,id31,id17,0,-0.7279787659645081,0.7279787659645081,0.0,29.28870964050293,20.0,0.0,0.0,0.01854851469397545,0.01759922131896019,0.016303036361932755,0.016303036361932755
CelebDFv3,/root/Datasets/CelebDFv3/CelebDFv3/FAKE/FaceReenact/HyperReenact/id59_id60_0006.mp4,FaceReenact/HyperReenact,id59,id60,0,0.6473333835601807,-0.6473333835601807,0.0,25.553956985473633,25.0,1.0,0.125,0.03661753982305527,0.009314203634858131,0.016393696889281273,0.016393696889281273
CelebDFv3,/root/Datasets/CelebDFv3/CelebDFv3/FAKE/FaceReenact/LIA/id26_id20_0000.mp4,FaceReenact/LIA,id26,id20,0,0.9978046417236328,-0.9978046417236328,0.0,37.13715362548828,30.0,1.0,0.078125,0.026073608547449112,0.021291470155119896,0.02652628719806671,0.02652628719806671
CelebDFv3,/root/Datasets/CelebDFv3/CelebDFv3/FAKE/FaceReenact/LivePortrait/id8_id9_0003.mp4,FaceReenact/LivePortrait,id8,id9,0,-2.0846452713012695,2.0846452713012695,0.0,38.093040466308594,30.0,0.0,0.0,0.003132474608719349,0.003166718641296029,0.0014239733573049307,0.002682765945792198
CelebDFv3,/root/Datasets/CelebDFv3/CelebDFv3/FAKE/FaceReenact/MCNET/id23_id33_0004.mp4,FaceReenact/MCNET,id23,id33,0,1.366642951965332,-1.366642951965332,0.0,21.38786506652832,30.0,1.0,0.125,0.015217847190797329,0.011025245301425457,0.026920299977064133,0.026920299977064133
CelebDFv3,/root/Datasets/CelebDFv3/CelebDFv3/FAKE/FaceReenact/TPSMM/id54_id56_0008.mp4,FaceReenact/TPSMM,id54,id56,0,3.427828788757324,-3.427828788757324,0.0,25.20149803161621,30.0,0.0,0.0,0.01914791949093342,0.009423539973795414,0.009678102098405361,0.009678102098405361
CelebDFv3,/root/Datasets/CelebDFv3/CelebDFv3/FAKE/FaceSwap/BlendFace/id51_id57_0008.mp4,FaceSwap/BlendFace,id51,id57,0,1.4644231796264648,-1.4644231796264648,0.0,25.448122024536133,30.0,0.0,0.0,0.007106063421815634,0.01641843095421791,0.0051981378346681595,0.009308800101280212
CelebDFv3,/root/Datasets/CelebDFv3/CelebDFv3/FAKE/FaceSwap/Celeb-DF-v2/id23_id33_0007.mp4,FaceSwap/Celeb-DF-v2,id23,id33,0,1.5753223896026611,-1.5753223896026611,0.0,25.281827926635742,30.0,0.0,0.0,0.015378043055534363,0.043111950159072876,0.008618395775556564,0.015119340270757675
CelebDFv3,/root/Datasets/CelebDFv3/CelebDFv3/FAKE/FaceSwap/GHOST/id23_id28_0001.mp4,FaceSwap/GHOST,id23,id28,0,1.886260986328125,-1.886260986328125,0.0,30.662158966064453,30.0,0.0,0.0,0.0034116916358470917,0.005023573990911245,0.0026689181104302406,0.00474349781870842
CelebDFv3,/root/Datasets/CelebDFv3/CelebDFv3/FAKE/FaceSwap/HifiFace/id8_id4_0007.mp4,FaceSwap/HifiFace,id8,id4,0,-1.0224692821502686,1.0224692821502686,0.0,22.77790069580078,30.0,0.0,0.0,0.017436949536204338,0.0676281601190567,0.0020997279789298773,0.003955887630581856
CelebDFv3,/root/Datasets/CelebDFv3/CelebDFv3/FAKE/FaceSwap/InSwapper/id26_id30_0003.mp4,FaceSwap/InSwapper,id26,id30,0,-8.813923835754395,8.813923835754395,0.0,101.193115234375,30.0,0.0,0.0,0.007828064262866974,0.011696632951498032,0.004024144262075424,0.0072298189625144005
CelebDFv3,/root/Datasets/CelebDFv3/CelebDFv3/FAKE/FaceSwap/MobileFaceSwap/id22_id24_0005.mp4,FaceSwap/MobileFaceSwap,id22,id24,0,3.4294841289520264,-3.4294841289520264,0.0,36.69887924194336,30.0,0.0,0.0,0.004645284730941057,0.003442797577008605,0.001506416592746973,0.0026773703284561634
CelebDFv3,/root/Datasets/CelebDFv3/CelebDFv3/FAKE/FaceSwap/SimSwap/id31_id29_0002.mp4,FaceSwap/SimSwap,id31,id29,0,-0.04751800000667572,0.04751800000667572,0.0,21.875558853149414,30.0,1.0,0.0625,0.016973420977592468,0.03356735035777092,0.011336138471961021,0.020414654165506363
CelebDFv3,/root/Datasets/CelebDFv3/CelebDFv3/FAKE/FaceSwap/UniFace/id54_id52_0005.mp4,FaceSwap/UniFace,id54,id52,0,-0.2565879225730896,0.2565879225730896,0.0,22.702728271484375,30.0,0.0,0.0,0.016762221232056618,0.0033924614544957876,0.005314989946782589,0.009518057107925415
CelebDFv3,/root/Datasets/CelebDFv3/CelebDFv3/FAKE/TalkingFace/AniTalker/id8_0002_test_id03524_2DD4Np7SaWw.mp4,TalkingFace/AniTalker,id8,,0,2.3785953521728516,-2.3785953521728516,0.0,34.17015838623047,25.0,0.0,0.0,0.0088035948574543,0.007211363408714533,0.004374801646918058,0.004374801646918058
CelebDFv3,/root/Datasets/CelebDFv3/CelebDFv3/FAKE/TalkingFace/EDTalk/id8_0008_test_id04253_goriueKsSfQ.mp4,TalkingFace/EDTalk,id8,,0,0.7443462610244751,-0.7443462610244751,0.0,36.30891799926758,25.0,0.0,0.0,0.014159709215164185,0.012110576033592224,0.005432832520455122,0.005432832520455122
CelebDFv3,/root/Datasets/CelebDFv3/CelebDFv3/FAKE/TalkingFace/EchoMimic/id54_0003_test_id01822_jmFGgwXCuW0.mp4,TalkingFace/EchoMimic,id54,,0,-2.75956130027771,2.75956130027771,0.0,58.304073333740234,24.0,0.0,0.0,0.009571942500770092,0.009561331942677498,0.006186903454363346,0.006186903454363346
CelebDFv3,/root/Datasets/CelebDFv3/CelebDFv3/FAKE/TalkingFace/FLOAT/id56_0001_test_id01460_Jib6MuNwg7Y.mp4,TalkingFace/FLOAT,id56,,0,4.3043212890625,-4.3043212890625,0.0,23.539234161376953,25.0,0.0,0.0,0.010962115600705147,0.016376323997974396,0.007000383920967579,0.007000383920967579
CelebDFv3,/root/Datasets/CelebDFv3/CelebDFv3/FAKE/TalkingFace/IP_LAP/id11_0006_test_id01509_XmSD0fC9gX4.mp4,TalkingFace/IP_LAP,id11,,0,2.9651596546173096,-2.9651596546173096,0.0,35.915035247802734,25.0,0.0,0.0,0.01731979101896286,0.012383325025439262,0.007385155186057091,0.007385155186057091
CelebDFv3,/root/Datasets/CelebDFv3/CelebDFv3/FAKE/TalkingFace/Real3DPortrait/id23_0008_test_id06811_Y6PB7tt3VPc.mp4,TalkingFace/Real3DPortrait,id23,,0,4.668750762939453,-4.668750762939453,0.0,22.79863739013672,25.0,0.0,0.0,0.015448025427758694,0.007272588089108467,0.007760827895253897,0.007760827895253897
CelebDFv3,/root/Datasets/CelebDFv3/CelebDFv3/FAKE/TalkingFace/SadTalker/id54_0003_test_id00562_2KLM0Lact6A.mp4,TalkingFace/SadTalker,id54,,0,-0.010984938591718674,0.010984938591718674,0.0,46.72611618041992,25.0,0.0,0.0,0.007313399109989405,0.007473555393517017,0.004386306740343571,0.004386306740343571
CelebDFv3,/root/Datasets/CelebDFv3/CelebDFv3/FAKE/FaceReenact/DaGAN/id31_id16_0002.mp4,FaceReenact/DaGAN,id31,id16,0,0.053738608956336975,-0.053738608956336975,0.0,25.652738571166992,30.0,1.0,0.125,0.04207701236009598,0.011406009085476398,0.01888374425470829,0.01888374425470829
CelebDFv3,/root/Datasets/CelebDFv3/CelebDFv3/FAKE/FaceReenact/FSRT/id23_id28_0000.mp4,FaceReenact/FSRT,id23,id28,0,3.8433704376220703,-3.8433704376220703,0.0,22.26675033569336,20.0,0.0,0.0,0.02741539105772972,0.023565838113427162,0.013196149840950966,0.013196149840950966
CelebDFv3,/root/Datasets/CelebDFv3/CelebDFv3/FAKE/FaceReenact/HyperReenact/id48_id40_0009.mp4,FaceReenact/HyperReenact,id48,id40,0,0.5234127044677734,-0.5234127044677734,0.0,29.444629669189453,25.0,0.0,0.0,0.011259924620389938,0.002599004190415144,0.005518027581274509,0.005518027581274509
CelebDFv3,/root/Datasets/CelebDFv3/CelebDFv3/FAKE/FaceReenact/LIA/id23_id32_0007.mp4,FaceReenact/LIA,id23,id32,0,-0.9542295932769775,0.9542295932769775,0.0,45.18947219848633,30.0,0.0,0.0,0.010363670065999031,0.01332508958876133,0.006351463496685028,0.006351463496685028
CelebDFv3,/root/Datasets/CelebDFv3/CelebDFv3/FAKE/FaceReenact/LivePortrait/id31_id38_0001.mp4,FaceReenact/LivePortrait,id31,id38,0,-0.5478675365447998,0.5478675365447998,0.0,25.197521209716797,30.0,0.0,0.0,0.005894956644624472,0.0035405352246016264,0.0026729884557425976,0.004813644103705883
CelebDFv3,/root/Datasets/CelebDFv3/CelebDFv3/FAKE/FaceReenact/MCNET/id54_id53_0000.mp4,FaceReenact/MCNET,id54,id53,0,0.7766509056091309,-0.7766509056091309,0.0,30.6424503326416,30.0,0.0,0.0,0.015209835954010487,0.007083771750330925,0.006958466023206711,0.006958466023206711
CelebDFv3,/root/Datasets/CelebDFv3/CelebDFv3/FAKE/FaceReenact/TPSMM/id22_id25_0003.mp4,FaceReenact/TPSMM,id22,id25,0,4.4795942306518555,-4.4795942306518555,0.0,52.91494369506836,30.0,1.0,0.21875,0.014709453098475933,0.01620289497077465,0.010292820632457733,0.010292820632457733
CelebDFv3,/root/Datasets/CelebDFv3/CelebDFv3/FAKE/FaceSwap/BlendFace/id23_id1_0002.mp4,FaceSwap/BlendFace,id23,id1,0,1.6424962282180786,-1.6424962282180786,0.0,23.928905487060547,30.0,0.0,0.0,0.021288877353072166,0.020347990095615387,0.0071678864769637585,0.01273956336081028
CelebDFv3,/root/Datasets/CelebDFv3/CelebDFv3/FAKE/FaceSwap/Celeb-DF-v2/id48_id44_0007.mp4,FaceSwap/Celeb-DF-v2,id48,id44,0,2.5092625617980957,-2.5092625617980957,0.0,32.29141616821289,30.0,0.0,0.0,0.003798646619543433,0.004072302952408791,0.0018277957569807768,0.0023980680853128433
CelebDFv3,/root/Datasets/CelebDFv3/CelebDFv3/FAKE/FaceSwap/GHOST/id23_id31_0007.mp4,FaceSwap/GHOST,id23,id31,0,2.725813388824463,-2.725813388824463,0.0,25.230058670043945,30.0,0.0,0.0,0.015257531777024269,0.04277801513671875,0.006277844309806824,0.011013287119567394
CelebDFv3,/root/Datasets/CelebDFv3/CelebDFv3/FAKE/FaceSwap/HifiFace/id23_id21_0007.mp4,FaceSwap/HifiFace,id23,id21,0,2.4413580894470215,-2.4413580894470215,0.0,26.051227569580078,30.0,0.0,0.0,0.015329399146139622,0.04180384799838066,0.010035826824605465,0.01760595478117466
CelebDFv3,/root/Datasets/CelebDFv3/CelebDFv3/FAKE/FaceSwap/InSwapper/id31_id29_0002.mp4,FaceSwap/InSwapper,id31,id29,0,0.21944329142570496,-0.21944329142570496,0.0,20.87908363342285,30.0,0.0,0.0,0.03084581159055233,0.06609385460615158,0.02028241939842701,0.03652554377913475
CelebDFv3,/root/Datasets/CelebDFv3/CelebDFv3/FAKE/FaceSwap/MobileFaceSwap/id26_id31_0002.mp4,FaceSwap/MobileFaceSwap,id26,id31,0,0.5991018414497375,-0.5991018414497375,0.0,24.38275909423828,30.0,1.0,0.03125,0.010640758089721203,0.01648307591676712,0.003362440038472414,0.006040994077920914
CelebDFv3,/root/Datasets/CelebDFv3/CelebDFv3/FAKE/FaceSwap/SimSwap/id31_id32_0006.mp4,FaceSwap/SimSwap,id31,id32,0,-3.119929313659668,3.119929313659668,0.0,36.4304313659668,30.0,1.0,0.03125,0.0057000527158379555,0.012086988426744938,0.0027900966815650463,0.005024538841098547
CelebDFv3,/root/Datasets/CelebDFv3/CelebDFv3/FAKE/FaceSwap/UniFace/id51_id54_0005.mp4,FaceSwap/UniFace,id51,id54,0,-0.3636140525341034,0.3636140525341034,0.0,31.796871185302734,30.0,0.0,0.0,0.014490014873445034,0.03119540587067604,0.0026576127856969833,0.004759239498525858
CelebDFv3,/root/Datasets/CelebDFv3/CelebDFv3/FAKE/TalkingFace/AniTalker/id22_0004_test_id01333_LI6eLfuTn6I.mp4,TalkingFace/AniTalker,id22,,0,4.408546447753906,-4.408546447753906,0.0,37.80032730102539,25.0,0.0,0.0,0.00506201945245266,0.006551212165504694,0.007211318705230951,0.007211318705230951
CelebDFv3,/root/Datasets/CelebDFv3/CelebDFv3/FAKE/TalkingFace/EDTalk/id22_0007_test_id03347_JbbZ8at5OF8.mp4,TalkingFace/EDTalk,id22,,0,-3.3663675785064697,3.3663675785064697,0.0,51.95627975463867,25.0,0.0,0.0,0.014605637639760971,0.01641615852713585,0.008331051096320152,0.008331051096320152
CelebDFv3,/root/Datasets/CelebDFv3/CelebDFv3/FAKE/TalkingFace/EchoMimic/id51_0003_test_id01228_ITBk58yOpCM.mp4,TalkingFace/EchoMimic,id51,,0,-3.298892021179199,3.298892021179199,0.0,39.368309020996094,24.0,0.0,0.0,0.01175101287662983,0.01935301162302494,0.013736538589000702,0.013736538589000702
CelebDFv3,/root/Datasets/CelebDFv3/CelebDFv3/FAKE/TalkingFace/FLOAT/id54_0004_test_id06104_HSe6gXwgeRs.mp4,TalkingFace/FLOAT,id54,,0,-1.9712135791778564,1.9712135791778564,0.0,50.072261810302734,25.0,0.0,0.0,0.016804153099656105,0.01353258453309536,0.010940609499812126,0.010940609499812126
CelebDFv3,/root/Datasets/CelebDFv3/CelebDFv3/FAKE/TalkingFace/IP_LAP/id59_0000_test_id05055_n6FlxBOgOy4.mp4,TalkingFace/IP_LAP,id59,,0,2.3464303016662598,-2.3464303016662598,0.0,26.672779083251953,25.0,1.0,0.015625,0.04260621592402458,0.01776261255145073,0.02873109094798565,0.02873109094798565
CelebDFv3,/root/Datasets/CelebDFv3/CelebDFv3/FAKE/TalkingFace/Real3DPortrait/id31_0000_test_id08456_ajf9MieCX4k.mp4,TalkingFace/Real3DPortrait,id31,,0,-0.1115373969078064,0.1115373969078064,0.0,23.508708953857422,25.0,1.0,0.015625,0.01628393679857254,0.0075149876065552235,0.015090472996234894,0.015090472996234894
CelebDFv3,/root/Datasets/CelebDFv3/CelebDFv3/FAKE/TalkingFace/SadTalker/id11_0010_test_id09017_I5fFZuGVAvs.mp4,TalkingFace/SadTalker,id11,,0,3.5153868198394775,-3.5153868198394775,0.0,25.22199058532715,25.0,0.0,0.0,0.003257045755162835,0.010422957129776478,0.005992785096168518,0.006848896853625774
CelebDFv3,/root/Datasets/CelebDFv3/CelebDFv3/FAKE/FaceReenact/DaGAN/id56_id50_0008.mp4,FaceReenact/DaGAN,id56,id50,0,1.482958197593689,-1.482958197593689,0.0,21.106054306030273,30.0,1.0,0.171875,0.020899804309010506,0.012856140732765198,0.007135877851396799,0.007135877851396799
CelebDFv3,/root/Datasets/CelebDFv3/CelebDFv3/FAKE/FaceReenact/FSRT/id51_id55_0000.mp4,FaceReenact/FSRT,id51,id55,0,0.4551337957382202,-0.4551337957382202,0.0,20.745927810668945,20.0,0.0,0.0,0.05051843076944351,0.011126548051834106,0.03276871517300606,0.03276871517300606
CelebDFv3,/root/Datasets/CelebDFv3/CelebDFv3/FAKE/FaceReenact/HyperReenact/id31_id29_0002.mp4,FaceReenact/HyperReenact,id31,id29,0,-0.760228157043457,0.760228157043457,0.0,38.59115982055664,25.0,1.0,0.03125,0.008336075581610203,0.004128519911319017,0.0180040430277586,0.0180040430277586
CelebDFv3,/root/Datasets/CelebDFv3/CelebDFv3/FAKE/FaceReenact/LIA/id31_id35_0002.mp4,FaceReenact/LIA,id31,id35,0,0.2827853858470917,-0.2827853858470917,0.0,38.23725891113281,30.0,1.0,0.015625,0.050553612411022186,0.010267575271427631,0.05252506211400032,0.05252506211400032
CelebDFv3,/root/Datasets/CelebDFv3/CelebDFv3/FAKE/FaceReenact/LivePortrait/id31_id32_0003.mp4,FaceReenact/LivePortrait,id31,id32,0,-1.6776098012924194,1.6776098012924194,0.0,34.86087417602539,30.0,1.0,0.015625,0.009201793000102043,0.01773017644882202,0.0062463050708174706,0.011248643510043621
CelebDFv3,/root/Datasets/CelebDFv3/CelebDFv3/FAKE/FaceReenact/MCNET/id26_id33_0001.mp4,FaceReenact/MCNET,id26,id33,0,-0.9145824909210205,0.9145824909210205,0.0,43.767425537109375,30.0,1.0,0.234375,0.03070858307182789,0.020211046561598778,0.01288473978638649,0.01288473978638649
CelebDFv3,/root/Datasets/CelebDFv3/CelebDFv3/FAKE/FaceReenact/TPSMM/id48_id40_0003.mp4,FaceReenact/TPSMM,id48,id40,0,1.0075701475143433,-1.0075701475143433,0.0,22.343420028686523,30.0,1.0,0.03125,0.017683323472738266,0.012542985379695892,0.008311639539897442,0.008311639539897442
CelebDFv3,/root/Datasets/CelebDFv3/CelebDFv3/FAKE/FaceSwap/BlendFace/id48_id39_0002.mp4,FaceSwap/BlendFace,id48,id39,0,1.617201805114746,-1.617201805114746,0.0,29.779691696166992,30.0,0.0,0.0,0.003607105230912566,0.00486226798966527,0.0023568521719425917,0.004208664875477552
CelebDFv3,/root/Datasets/CelebDFv3/CelebDFv3/FAKE/FaceSwap/Celeb-DF-v2/id23_id1_0004.mp4,FaceSwap/Celeb-DF-v2,id23,id1,0,3.007963180541992,-3.007963180541992,0.0,24.03097915649414,30.0,1.0,0.03125,0.021600719541311264,0.02033665031194687,0.01248606201261282,0.016831211745738983
CelebDFv3,/root/Datasets/CelebDFv3/CelebDFv3/FAKE/FaceSwap/GHOST/id26_id30_0004.mp4,FaceSwap/GHOST,id26,id30,0,0.6565423607826233,-0.6565423607826233,0.0,27.474172592163086,30.0,0.0,0.0,0.0056483009830117226,0.014010407030582428,0.0036050258204340935,0.006476825103163719
CelebDFv3,/root/Datasets/CelebDFv3/CelebDFv3/FAKE/FaceSwap/HifiFace/id56_id55_0008.mp4,FaceSwap/HifiFace,id56,id55,0,1.5607678890228271,-1.5607678890228271,0.0,22.718706130981445,30.0,1.0,0.015625,0.007033375091850758,0.005126157775521278,0.0037218001671135426,0.006664981134235859
CelebDFv3,/root/Datasets/CelebDFv3/CelebDFv3/FAKE/FaceSwap/InSwapper/id25_id26_0004.mp4,FaceSwap/InSwapper,id25,id26,0,0.7997578382492065,-0.7997578382492065,0.0,32.05050277709961,30.0,0.0,0.0,0.010533766821026802,0.008836251683533192,0.004044791683554649,0.007284052670001984
CelebDFv3,/root/Datasets/CelebDFv3/CelebDFv3/FAKE/FaceSwap/MobileFaceSwap/id11_id7_0004.mp4,FaceSwap/MobileFaceSwap,id11,id7,0,-0.6703715324401855,0.6703715324401855,0.0,35.89984130859375,30.0,1.0,0.0625,0.0020974453072994947,0.003554321127012372,0.0019454465946182609,0.003696348052471876
CelebDFv3,/root/Datasets/CelebDFv3/CelebDFv3/FAKE/FaceSwap/SimSwap/id31_id21_0001.mp4,FaceSwap/SimSwap,id31,id21,0,-0.6040853261947632,0.6040853261947632,0.0,26.893102645874023,30.0,0.0,0.0,0.003450969001278281,0.004418467171490192,0.002276394981890917,0.004099439829587936
CelebDFv3,/root/Datasets/CelebDFv3/CelebDFv3/FAKE/FaceSwap/UniFace/id23_id0_0003.mp4,FaceSwap/UniFace,id23,id0,0,-0.4262025058269501,0.4262025058269501,0.0,30.343833923339844,30.0,0.0,0.0,0.005941948387771845,0.0051268525421619415,0.0019028274109587073,0.00338191632181406
CelebDFv3,/root/Datasets/CelebDFv3/CelebDFv3/FAKE/TalkingFace/AniTalker/id8_0000_test_id03862_znMGUBKuVsI.mp4,TalkingFace/AniTalker,id8,,0,-8.910552978515625,8.910552978515625,0.0,121.13196563720703,25.0,0.0,0.0,0.007662174757570028,0.004623048007488251,0.006924412213265896,0.006924412213265896
CelebDFv3,/root/Datasets/CelebDFv3/CelebDFv3/FAKE/TalkingFace/EDTalk/id31_0003_test_id04627_IjO3LUCaYLE.mp4,TalkingFace/EDTalk,id31,,0,-1.1895811557769775,1.1895811557769775,0.0,34.16266632080078,25.0,0.0,0.0,0.01625853404402733,0.012525337748229504,0.01647212915122509,0.01647212915122509
CelebDFv3,/root/Datasets/CelebDFv3/CelebDFv3/FAKE/TalkingFace/EchoMimic/id54_0005_test_id03178_NLOzCF7vIio.mp4,TalkingFace/EchoMimic,id54,,0,-0.464425265789032,0.464425265789032,0.0,26.522275924682617,24.0,0.0,0.0,0.005423052702099085,0.013219139538705349,0.005524107720702887,0.005524107720702887
CelebDFv3,/root/Datasets/CelebDFv3/CelebDFv3/FAKE/TalkingFace/FLOAT/id11_0003_test_id06209_6oI-FJQS9V0.mp4,TalkingFace/FLOAT,id11,,0,-3.338642120361328,3.338642120361328,0.0,43.01118469238281,25.0,0.0,0.0,0.022417332977056503,0.00944565236568451,0.01025948766618967,0.01025948766618967
CelebDFv3,/root/Datasets/CelebDFv3/CelebDFv3/FAKE/TalkingFace/IP_LAP/id54_0008_test_id00017_Nd3m-TBtp6A.mp4,TalkingFace/IP_LAP,id54,,0,3.0758872032165527,-3.0758872032165527,0.0,27.2078800201416,25.0,0.0,0.0,0.009183906018733978,0.010138358920812607,0.006527619436383247,0.006527619436383247
CelebDFv3,/root/Datasets/CelebDFv3/CelebDFv3/FAKE/TalkingFace/Real3DPortrait/id51_0009_test_id03862_CzGa5PRwiaY.mp4,TalkingFace/Real3DPortrait,id51,,0,-0.852893054485321,0.852893054485321,0.0,25.05052947998047,25.0,0.0,0.0,0.0063643245957791805,0.0077537428587675095,0.009586451575160027,0.009586451575160027
CelebDFv3,/root/Datasets/CelebDFv3/CelebDFv3/FAKE/TalkingFace/SadTalker/id22_0004_test_id01333_LI6eLfuTn6I.mp4,TalkingFace/SadTalker,id22,,0,4.264931678771973,-4.264931678771973,0.0,34.205467224121094,25.0,0.0,0.0,0.0035884464159607887,0.003849778790026903,0.005758550483733416,0.00541981216520071
CelebDFv3,/root/Datasets/CelebDFv3/CelebDFv3/FAKE/FaceReenact/DaGAN/id51_id53_0007.mp4,FaceReenact/DaGAN,id51,id53,0,1.3106143474578857,-1.3106143474578857,0.0,26.961376190185547,30.0,1.0,0.140625,0.03925253823399544,0.010747822001576424,0.028849158436059952,0.028849158436059952
CelebDFv3,/root/Datasets/CelebDFv3/CelebDFv3/FAKE/FaceReenact/FSRT/id11_id7_0003.mp4,FaceReenact/FSRT,id11,id7,0,-1.229813575744629,1.229813575744629,0.0,36.24038314819336,20.0,0.0,0.0,0.03374353051185608,0.018202004954218864,0.015712829306721687,0.015712829306721687
CelebDFv3,/root/Datasets/CelebDFv3/CelebDFv3/FAKE/FaceReenact/HyperReenact/id56_id58_0009.mp4,FaceReenact/HyperReenact,id56,id58,0,0.02829711325466633,-0.02829711325466633,0.0,34.440093994140625,25.0,0.0,0.0,0.006852461025118828,0.003277101321145892,0.006329668685793877,0.006329668685793877
CelebDFv3,/root/Datasets/CelebDFv3/CelebDFv3/FAKE/FaceReenact/LIA/id48_id40_0003.mp4,FaceReenact/LIA,id48,id40,0,-1.8247959613800049,1.8247959613800049,0.0,28.5567569732666,30.0,0.0,0.0,0.017272450029850006,0.012570218183100224,0.008008502423763275,0.008008502423763275
CelebDFv3,/root/Datasets/CelebDFv3/CelebDFv3/FAKE/FaceReenact/LivePortrait/id23_id33_0006.mp4,FaceReenact/LivePortrait,id23,id33,0,2.0554821491241455,-2.0554821491241455,0.0,18.114944458007812,30.0,0.0,0.0,0.007896152324974537,0.005834335461258888,0.002812485210597515,0.0037265424616634846
CelebDFv3,/root/Datasets/CelebDFv3/CelebDFv3/FAKE/FaceReenact/MCNET/id59_id60_0001.mp4,FaceReenact/MCNET,id59,id60,0,-2.4416451454162598,2.4416451454162598,0.0,34.88152313232422,30.0,1.0,0.171875,0.050309520214796066,0.03301580995321274,0.022874729707837105,0.022874729707837105
CelebDFv3,/root/Datasets/CelebDFv3/CelebDFv3/FAKE/FaceReenact/TPSMM/id31_id34_0002.mp4,FaceReenact/TPSMM,id31,id34,0,0.21898698806762695,-0.21898698806762695,0.0,25.587064743041992,30.0,1.0,0.03125,0.03650473803281784,0.021380238234996796,0.04599786922335625,0.04599786922335625
CelebDFv3,/root/Datasets/CelebDFv3/CelebDFv3/FAKE/FaceSwap/BlendFace/id31_id20_0001.mp4,FaceSwap/BlendFace,id31,id20,0,0.7577030062675476,-0.7577030062675476,0.0,24.188228607177734,30.0,0.0,0.0,0.003323870012536645,0.004747533239424229,0.0029889559373259544,0.005382653791457415
CelebDFv3,/root/Datasets/CelebDFv3/CelebDFv3/FAKE/FaceSwap/Celeb-DF-v2/id31_id29_0002.mp4,FaceSwap/Celeb-DF-v2,id31,id29,0,-0.0960153192281723,0.0960153192281723,0.0,20.090259552001953,30.0,0.0,0.0,0.021601345390081406,0.04325714707374573,0.014876234345138073,0.0267898291349411
CelebDFv3,/root/Datasets/CelebDFv3/CelebDFv3/FAKE/FaceSwap/GHOST/id54_id57_0008.mp4,FaceSwap/GHOST,id54,id57,0,2.041062831878662,-2.041062831878662,0.0,24.228477478027344,30.0,0.0,0.0,0.0036112309899181128,0.005361656192690134,0.0018359193345531821,0.003287755185738206
CelebDFv3,/root/Datasets/CelebDFv3/CelebDFv3/FAKE/FaceSwap/HifiFace/id23_id16_0004.mp4,FaceSwap/HifiFace,id23,id16,0,2.071672201156616,-2.071672201156616,0.0,26.116994857788086,30.0,1.0,0.03125,0.024909548461437225,0.02190219797194004,0.017588382586836815,0.023709138855338097
CelebDFv3,/root/Datasets/CelebDFv3/CelebDFv3/FAKE/FaceSwap/InSwapper/id31_id32_0003.mp4,FaceSwap/InSwapper,id31,id32,0,-3.4194717407226562,3.4194717407226562,0.0,34.91310119628906,30.0,0.0,0.0,0.005253911949694157,0.006859375163912773,0.0041369288228452206,0.007449976168572903
CelebDFv3,/root/Datasets/CelebDFv3/CelebDFv3/FAKE/FaceSwap/MobileFaceSwap/id56_id57_0009.mp4,FaceSwap/MobileFaceSwap,id56,id57,0,-0.14466196298599243,0.14466196298599243,0.0,35.14427947998047,30.0,0.0,0.0,0.010714971460402012,0.0028268720488995314,0.002703174017369747,0.004840830806642771
CelebDFv3,/root/Datasets/CelebDFv3/CelebDFv3/FAKE/FaceSwap/SimSwap/id22_id25_0003.mp4,FaceSwap/SimSwap,id22,id25,0,4.184702396392822,-4.184702396392822,0.0,48.472957611083984,30.0,1.0,0.28125,0.03441449627280235,0.016048666089773178,0.01899520680308342,0.03376038372516632
CelebDFv3,/root/Datasets/CelebDFv3/CelebDFv3/FAKE/FaceSwap/UniFace/id23_id2_0009.mp4,FaceSwap/UniFace,id23,id2,0,3.0857276916503906,-3.0857276916503906,0.0,19.6675968170166,30.0,0.0,0.0,0.0049025691114366055,0.006173876579850912,0.0035683070309460163,0.004724439233541489
CelebDFv3,/root/Datasets/CelebDFv3/CelebDFv3/FAKE/TalkingFace/AniTalker/id54_0008_test_id01437_p9H07e_p8go.mp4,TalkingFace/AniTalker,id54,,0,2.2341551780700684,-2.2341551780700684,0.0,33.492279052734375,25.0,0.0,0.0,0.01315485592931509,0.006154912058264017,0.006478640716522932,0.006478640716522932
CelebDFv3,/root/Datasets/CelebDFv3/CelebDFv3/FAKE/TalkingFace/EDTalk/id31_0000_test_id08456_ajf9MieCX4k.mp4,TalkingFace/EDTalk,id31,,0,3.497286796569824,-3.497286796569824,0.0,24.16383934020996,25.0,0.0,0.0,0.01570783741772175,0.012569126673042774,0.00641589006409049,0.00641589006409049
CelebDFv3,/root/Datasets/CelebDFv3/CelebDFv3/FAKE/TalkingFace/EchoMimic/id54_0007_test_id01333_D9Eylmbz4Ik.mp4,TalkingFace/EchoMimic,id54,,0,0.683369517326355,-0.683369517326355,0.0,41.17348098754883,24.0,0.0,0.0,0.012107986025512218,0.018763747066259384,0.011922366917133331,0.011922366917133331
CelebDFv3,/root/Datasets/CelebDFv3/CelebDFv3/FAKE/TalkingFace/FLOAT/id59_0009_test_id03980_DLgfEilskfc.mp4,TalkingFace/FLOAT,id59,,0,-2.5163471698760986,2.5163471698760986,0.0,43.526947021484375,25.0,0.0,0.0,0.01155178528279066,0.012250068597495556,0.007008219137787819,0.007008219137787819
CelebDFv3,/root/Datasets/CelebDFv3/CelebDFv3/FAKE/TalkingFace/IP_LAP/id25_0008_test_id08696_MnjuyAG_DCg.mp4,TalkingFace/IP_LAP,id25,,0,1.595234751701355,-1.595234751701355,0.0,23.39072036743164,25.0,1.0,0.015625,0.02725658193230629,0.009374329820275307,0.024106767028570175,0.024106767028570175
CelebDFv3,/root/Datasets/CelebDFv3/CelebDFv3/FAKE/TalkingFace/Real3DPortrait/id48_0005_test_id01618_kzxW2WAFWLI.mp4,TalkingFace/Real3DPortrait,id48,,0,2.1565914154052734,-2.1565914154052734,0.0,30.431886672973633,25.0,1.0,0.09375,0.016713980585336685,0.006759021896868944,0.007547633722424507,0.007547633722424507
CelebDFv3,/root/Datasets/CelebDFv3/CelebDFv3/FAKE/TalkingFace/SadTalker/id23_0002_test_id07961_Q7QhiPMMMVA.mp4,TalkingFace/SadTalker,id23,,0,2.350040912628174,-2.350040912628174,0.0,26.199453353881836,25.0,0.0,0.0,0.0030612957198172808,0.006505716126412153,0.00821622833609581,0.00821622833609581
CelebDFv3,/root/Datasets/CelebDFv3/CelebDFv3/FAKE/FaceReenact/DaGAN/id48_id43_0008.mp4,FaceReenact/DaGAN,id48,id43,0,-4.685818672180176,4.685818672180176,0.0,47.638038635253906,30.0,1.0,0.4375,0.014043495059013367,0.007693197578191757,0.011126859113574028,0.011126859113574028
CelebDFv3,/root/Datasets/CelebDFv3/CelebDFv3/FAKE/FaceReenact/FSRT/id54_id50_0004.mp4,FaceReenact/FSRT,id54,id50,0,-1.1951603889465332,1.1951603889465332,0.0,56.78343963623047,20.0,0.0,0.0,0.026970721781253815,0.00724370451644063,0.010143041610717773,0.010143041610717773
CelebDFv3,/root/Datasets/CelebDFv3/CelebDFv3/FAKE/FaceReenact/HyperReenact/id26_id35_0001.mp4,FaceReenact/HyperReenact,id26,id35,0,2.8073434829711914,-2.8073434829711914,0.0,29.848651885986328,25.0,0.0,0.0,0.02034442313015461,0.004240192472934723,0.010847046039998531,0.010847046039998531
CelebDFv3,/root/Datasets/CelebDFv3/CelebDFv3/FAKE/FaceReenact/LIA/id23_id27_0006.mp4,FaceReenact/LIA,id23,id27,0,2.4854297637939453,-2.4854297637939453,0.0,23.9206485748291,30.0,1.0,0.015625,0.024632975459098816,0.009838052093982697,0.01027115248143673,0.01027115248143673
CelebDFv3,/root/Datasets/CelebDFv3/CelebDFv3/FAKE/FaceReenact/LivePortrait/id23_id34_0000.mp4,FaceReenact/LivePortrait,id23,id34,0,0.8233925104141235,-0.8233925104141235,0.0,24.999984741210938,30.0,1.0,0.015625,0.0029105746652930975,0.004854510072618723,0.0031387920025736094,0.005578609649091959
CelebDFv3,/root/Datasets/CelebDFv3/CelebDFv3/FAKE/FaceReenact/MCNET/id48_id39_0008.mp4,FaceReenact/MCNET,id48,id39,0,-3.706547737121582,3.706547737121582,0.0,47.52690887451172,30.0,0.0,0.0,0.007650642190128565,0.005563580896705389,0.008392938412725925,0.008392938412725925
CelebDFv3,/root/Datasets/CelebDFv3/CelebDFv3/FAKE/FaceReenact/TPSMM/id31_id17_0005.mp4,FaceReenact/TPSMM,id31,id17,0,-1.3410544395446777,1.3410544395446777,0.0,30.4593505859375,30.0,0.0,0.0,0.017326168715953827,0.014873035252094269,0.010547777637839317,0.010547777637839317
CelebDFv3,/root/Datasets/CelebDFv3/CelebDFv3/FAKE/FaceSwap/BlendFace/id59_id61_0004.mp4,FaceSwap/BlendFace,id59,id61,0,-0.23834063112735748,0.23834063112735748,0.0,22.46583366394043,30.0,1.0,0.03125,0.010756788775324821,0.01816699095070362,0.002575488528236747,0.004612171556800604
CelebDFv3,/root/Datasets/CelebDFv3/CelebDFv3/FAKE/FaceSwap/Celeb-DF-v2/id25_id26_0002.mp4,FaceSwap/Celeb-DF-v2,id25,id26,0,2.301070213317871,-2.301070213317871,0.0,15.253558158874512,30.0,0.0,0.0,0.0135154128074646,0.026272516697645187,0.003628967795521021,0.006535217631608248
CelebDFv3,/root/Datasets/CelebDFv3/CelebDFv3/FAKE/FaceSwap/GHOST/id31_id16_0004.mp4,FaceSwap/GHOST,id31,id16,0,0.34594500064849854,-0.34594500064849854,0.0,26.2639217376709,30.0,0.0,0.0,0.009606403298676014,0.004123212769627571,0.0033760596998035908,0.00607976783066988
CelebDFv3,/root/Datasets/CelebDFv3/CelebDFv3/FAKE/FaceSwap/HifiFace/id31_id9_0005.mp4,FaceSwap/HifiFace,id31,id9,0,-0.559948205947876,0.559948205947876,0.0,36.523677825927734,30.0,0.0,0.0,0.008082937449216843,0.006919730920344591,0.002504178322851658,0.0045096431858837605
CelebDFv3,/root/Datasets/CelebDFv3/CelebDFv3/FAKE/FaceSwap/InSwapper/id23_id19_0002.mp4,FaceSwap/InSwapper,id23,id19,0,2.813450813293457,-2.813450813293457,0.0,26.498641967773438,30.0,0.0,0.0,0.022098494693636894,0.019999291747808456,0.0067606354132294655,0.012015750631690025
CelebDFv3,/root/Datasets/CelebDFv3/CelebDFv3/FAKE/FaceSwap/MobileFaceSwap/id26_id38_0001.mp4,FaceSwap/MobileFaceSwap,id26,id38,0,2.3703155517578125,-2.3703155517578125,0.0,36.39033508300781,30.0,1.0,0.015625,0.02126534841954708,0.01834394596517086,0.00447221240028739,0.008034823462367058
CelebDFv3,/root/Datasets/CelebDFv3/CelebDFv3/FAKE/FaceSwap/SimSwap/id48_id42_0004.mp4,FaceSwap/SimSwap,id48,id42,0,4.011647701263428,-4.011647701263428,0.0,33.953025817871094,30.0,0.0,0.0,0.004156529903411865,0.0031550186686217785,0.0037370764184743166,0.006673350464552641
CelebDFv3,/root/Datasets/CelebDFv3/CelebDFv3/FAKE/FaceSwap/UniFace/id26_id32_0001.mp4,FaceSwap/UniFace,id26,id32,0,2.9154574871063232,-2.9154574871063232,0.0,37.886810302734375,30.0,0.0,0.0,0.0213828943669796,0.018676133826375008,0.003881558310240507,0.006973647512495518
CelebDFv3,/root/Datasets/CelebDFv3/CelebDFv3/FAKE/TalkingFace/AniTalker/id31_0008_test_id01593_xYSFA0pJBl0.mp4,TalkingFace/AniTalker,id31,,0,5.657625675201416,-5.657625675201416,0.0,30.302541732788086,25.0,0.0,0.0,0.010710615664720535,0.013107075355947018,0.009218963794410229,0.009218963794410229
CelebDFv3,/root/Datasets/CelebDFv3/CelebDFv3/FAKE/TalkingFace/EDTalk/id59_0009_test_id06484_W9YT6lAdJ3Y.mp4,TalkingFace/EDTalk,id59,,0,-1.1463382244110107,1.1463382244110107,0.0,32.41289138793945,25.0,0.0,0.0,0.01465294137597084,0.012651685625314713,0.006933862809091806,0.006933862809091806
CelebDFv3,/root/Datasets/CelebDFv3/CelebDFv3/FAKE/TalkingFace/EchoMimic/id56_0009_test_id01460_Es6CkRmkIBY.mp4,TalkingFace/EchoMimic,id56,,0,-1.8920445442199707,1.8920445442199707,0.0,49.247283935546875,24.0,0.0,0.0,0.010054416954517365,0.01593960076570511,0.009349801577627659,0.009349801577627659
CelebDFv3,/root/Datasets/CelebDFv3/CelebDFv3/FAKE/TalkingFace/FLOAT/id23_0006_test_id06104_D84wde8JJ_k.mp4,TalkingFace/FLOAT,id23,,0,2.631117820739746,-2.631117820739746,0.0,18.622074127197266,25.0,0.0,0.0,0.0211628470569849,0.009419967420399189,0.00972369872033596,0.00972369872033596
CelebDFv3,/root/Datasets/CelebDFv3/CelebDFv3/FAKE/TalkingFace/IP_LAP/id22_0008_test_id01593_sU-ejsiL4Fc.mp4,TalkingFace/IP_LAP,id22,,0,-0.18451784551143646,0.18451784551143646,0.0,33.90836715698242,25.0,0.0,0.0,0.014377379789948463,0.008747351355850697,0.008141024969518185,0.008141024969518185
CelebDFv3,/root/Datasets/CelebDFv3/CelebDFv3/FAKE/TalkingFace/Real3DPortrait/id23_0006_test_id09017_W9dkqIcvdBg.mp4,TalkingFace/Real3DPortrait,id23,,0,5.751482009887695,-5.751482009887695,0.0,18.526865005493164,25.0,0.0,0.0,0.01591249741613865,0.007648664526641369,0.007731142919510603,0.007731142919510603
CelebDFv3,/root/Datasets/CelebDFv3/CelebDFv3/FAKE/TalkingFace/SadTalker/id54_0001_test_id01228_Jz8TtqKaxhA.mp4,TalkingFace/SadTalker,id54,,0,-5.330305576324463,5.330305576324463,0.0,57.08021926879883,25.0,0.0,0.0,0.00467681884765625,0.005168513860553503,0.007483916822820902,0.007483916822820902
CelebDFv3,/root/Datasets/CelebDFv3/CelebDFv3/FAKE/FaceReenact/DaGAN/id51_id57_0008.mp4,FaceReenact/DaGAN,id51,id57,0,3.3372817039489746,-3.3372817039489746,0.0,28.536428451538086,29.829999923706055,0.0,0.0,0.013970970176160336,0.009300057776272297,0.007924031466245651,0.007924031466245651
CelebDFv3,/root/Datasets/CelebDFv3/CelebDFv3/FAKE/FaceReenact/FSRT/id54_id51_0003.mp4,FaceReenact/FSRT,id54,id51,0,-0.47923898696899414,0.47923898696899414,0.0,37.715782165527344,20.0,1.0,0.234375,0.030515408143401146,0.02360624261200428,0.04075201228260994,0.04075201228260994
CelebDFv3,/root/Datasets/CelebDFv3/CelebDFv3/FAKE/FaceReenact/HyperReenact/id26_id24_0001.mp4,FaceReenact/HyperReenact,id26,id24,0,2.009883165359497,-2.009883165359497,0.0,32.11126708984375,25.0,0.0,0.0,0.004755073692649603,0.006820137612521648,0.0073983254842460155,0.0073983254842460155
CelebDFv3,/root/Datasets/CelebDFv3/CelebDFv3/FAKE/FaceReenact/LIA/id48_id40_0007.mp4,FaceReenact/LIA,id48,id40,0,3.5457968711853027,-3.5457968711853027,0.0,29.29292869567871,30.0,0.0,0.0,0.011526230722665787,0.010455439798533916,0.01230088621377945,0.01230088621377945
CelebDFv3,/root/Datasets/CelebDFv3/CelebDFv3/FAKE/FaceReenact/LivePortrait/id56_id58_0009.mp4,FaceReenact/LivePortrait,id56,id58,0,-0.5784047245979309,0.5784047245979309,0.0,33.79692077636719,29.0,0.0,0.0,0.016574537381529808,0.006593548692762852,0.003304332261905074,0.005917381960898638
CelebDFv3,/root/Datasets/CelebDFv3/CelebDFv3/FAKE/FaceReenact/MCNET/id11_id7_0008.mp4,FaceReenact/MCNET,id11,id7,0,2.70251202583313,-2.70251202583313,0.0,23.326171875,30.0,0.0,0.0,0.014113892801105976,0.0070558758452534676,0.007652299478650093,0.007652299478650093
CelebDFv3,/root/Datasets/CelebDFv3/CelebDFv3/FAKE/FaceReenact/TPSMM/id23_id9_0009.mp4,FaceReenact/TPSMM,id23,id9,0,5.429350852966309,-5.429350852966309,0.0,24.219289779663086,30.0,1.0,0.015625,0.020631780847907066,0.01907864771783352,0.02042502351105213,0.02042502351105213
CelebDFv3,/root/Datasets/CelebDFv3/CelebDFv3/FAKE/FaceSwap/BlendFace/id51_id55_0004.mp4,FaceSwap/BlendFace,id51,id55,0,-0.6940159201622009,0.6940159201622009,0.0,25.024394989013672,29.0,1.0,0.1875,0.004104882478713989,0.00536592211574316,0.0043569291010499,0.007802367210388184
CelebDFv3,/root/Datasets/CelebDFv3/CelebDFv3/FAKE/FaceSwap/Celeb-DF-v2/id54_id55_0008.mp4,FaceSwap/Celeb-DF-v2,id54,id55,0,2.9652044773101807,-2.9652044773101807,0.0,23.583019256591797,30.0,0.0,0.0,0.003508253488689661,0.004937462974339724,0.002138433512300253,0.00382949598133564
CelebDFv3,/root/Datasets/CelebDFv3/CelebDFv3/FAKE/FaceSwap/GHOST/id31_id34_0006.mp4,FaceSwap/GHOST,id31,id34,0,-1.2040808200836182,1.2040808200836182,0.0,38.41709518432617,30.0,0.0,0.0,0.006546946242451668,0.01232676487416029,0.003617482725530863,0.0065145343542099
CelebDFv3,/root/Datasets/CelebDFv3/CelebDFv3/FAKE/FaceSwap/HifiFace/id26_id17_0004.mp4,FaceSwap/HifiFace,id26,id17,0,1.0633728504180908,-1.0633728504180908,0.0,26.597509384155273,30.0,0.0,0.0,0.006112555041909218,0.014213927090168,0.004832311999052763,0.00868178065866232
CelebDFv3,/root/Datasets/CelebDFv3/CelebDFv3/FAKE/FaceSwap/InSwapper/id31_id34_0009.mp4,FaceSwap/InSwapper,id31,id34,0,0.28975656628608704,-0.28975656628608704,0.0,21.784883499145508,30.0,1.0,0.03125,0.003508712165057659,0.006228625774383545,0.0026447593700140715,0.004762807860970497
CelebDFv3,/root/Datasets/CelebDFv3/CelebDFv3/FAKE/FaceSwap/MobileFaceSwap/id54_id51_0006.mp4,FaceSwap/MobileFaceSwap,id54,id51,0,-0.7941248416900635,0.7941248416900635,0.0,37.928646087646484,30.0,1.0,0.015625,0.006342444568872452,0.01051192544400692,0.003771830815821886,0.0067545752972364426
CelebDFv3,/root/Datasets/CelebDFv3/CelebDFv3/FAKE/FaceSwap/SimSwap/id31_id29_0001.mp4,FaceSwap/SimSwap,id31,id29,0,-1.6084078550338745,1.6084078550338745,0.0,29.996562957763672,30.0,0.0,0.0,0.0031139282509684563,0.004878444597125053,0.001644014148041606,0.0029606185853481293
CelebDFv3,/root/Datasets/CelebDFv3/CelebDFv3/FAKE/FaceSwap/UniFace/id56_id52_0008.mp4,FaceSwap/UniFace,id56,id52,0,1.8834686279296875,-1.8834686279296875,0.0,20.806455612182617,30.0,1.0,0.015625,0.009085503406822681,0.0055550173856318,0.006252281833440065,0.011196554638445377
CelebDFv3,/root/Datasets/CelebDFv3/CelebDFv3/FAKE/TalkingFace/AniTalker/id22_0003_test_id00081_jO5DSKhhcqQ.mp4,TalkingFace/AniTalker,id22,,0,3.5434932708740234,-3.5434932708740234,0.0,48.452030181884766,25.0,0.0,0.0,0.01206087227910757,0.010526702739298344,0.00830885861068964,0.00830885861068964
CelebDFv3,/root/Datasets/CelebDFv3/CelebDFv3/FAKE/TalkingFace/EDTalk/id54_0003_test_id00562_2KLM0Lact6A.mp4,TalkingFace/EDTalk,id54,,0,-1.5586413145065308,1.5586413145065308,0.0,53.1129264831543,25.0,0.0,0.0,0.01654069870710373,0.011806890368461609,0.005650807172060013,0.005650807172060013
CelebDFv3,/root/Datasets/CelebDFv3/CelebDFv3/FAKE/TalkingFace/EchoMimic/id59_0007_test_id02019_anSrwA_9RPE.mp4,TalkingFace/EchoMimic,id59,,0,2.849553346633911,-2.849553346633911,0.0,35.24531936645508,24.0,0.0,0.0,0.003132980316877365,0.006928049027919769,0.007748075760900974,0.007748075760900974
CelebDFv3,/root/Datasets/CelebDFv3/CelebDFv3/FAKE/TalkingFace/FLOAT/id26_0000_test_id01593_Clw9yg6Jd34.mp4,TalkingFace/FLOAT,id26,,0,-0.6301770806312561,0.6301770806312561,0.0,39.244407653808594,25.0,0.0,0.0,0.012921972200274467,0.012236936949193478,0.00707685761153698,0.00707685761153698
CelebDFv3,/root/Datasets/CelebDFv3/CelebDFv3/FAKE/TalkingFace/IP_LAP/id22_0006_test_id04478_qfn8NllQPNY.mp4,TalkingFace/IP_LAP,id22,,0,4.608531951904297,-4.608531951904297,0.0,32.365943908691406,25.0,0.0,0.0,0.013980161398649216,0.007525348570197821,0.004543352406471968,0.004543352406471968
CelebDFv3,/root/Datasets/CelebDFv3/CelebDFv3/FAKE/TalkingFace/Real3DPortrait/id51_0006_test_id07312_0LWllHGohPY.mp4,TalkingFace/Real3DPortrait,id51,,0,1.4292292594909668,-1.4292292594909668,0.0,30.055448532104492,25.0,0.0,0.0,0.015035556629300117,0.006785294972360134,0.012828594073653221,0.012828594073653221
CelebDFv3,/root/Datasets/CelebDFv3/CelebDFv3/FAKE/TalkingFace/SadTalker/id54_0000_test_id01593_Clw9yg6Jd34.mp4,TalkingFace/SadTalker,id54,,0,-0.5141816139221191,0.5141816139221191,0.0,29.742652893066406,25.0,0.0,0.0,0.0041907913982868195,0.004349825903773308,0.0049565862864255905,0.00466502271592617
CelebDFv3,/root/Datasets/CelebDFv3/CelebDFv3/FAKE/FaceReenact/DaGAN/id26_id30_0003.mp4,FaceReenact/DaGAN,id26,id30,0,-3.6946868896484375,3.6946868896484375,0.0,77.41714477539062,30.0,0.0,0.0,0.027597974985837936,0.018247904255986214,0.011066736653447151,0.011066736653447151
CelebDFv3,/root/Datasets/CelebDFv3/CelebDFv3/FAKE/FaceReenact/FSRT/id11_id7_0002.mp4,FaceReenact/FSRT,id11,id7,0,2.2758491039276123,-2.2758491039276123,0.0,25.451427459716797,20.0,0.0,0.0,0.014032004401087761,0.00907145906239748,0.009707136079668999,0.009707136079668999
CelebDFv3,/root/Datasets/CelebDFv3/CelebDFv3/FAKE/FaceReenact/HyperReenact/id23_id26_0001.mp4,FaceReenact/HyperReenact,id23,id26,0,2.1091628074645996,-2.1091628074645996,0.0,28.29462432861328,25.0,0.0,0.0,0.029635943472385406,0.0028379771392792463,0.021800437942147255,0.021800437942147255
CelebDFv3,/root/Datasets/CelebDFv3/CelebDFv3/FAKE/FaceReenact/LIA/id26_id2_0005.mp4,FaceReenact/LIA,id26,id2,0,-1.6096553802490234,1.6096553802490234,0.0,56.93265914916992,30.0,1.0,0.265625,0.008573971688747406,0.003822518512606621,0.00430064694955945,0.00430064694955945
CelebDFv3,/root/Datasets/CelebDFv3/CelebDFv3/FAKE/FaceReenact/LivePortrait/id22_id23_0001.mp4,FaceReenact/LivePortrait,id22,id23,0,1.8919179439544678,-1.8919179439544678,0.0,24.37454605102539,30.0,0.0,0.0,0.0015511020319536328,0.001564420759677887,0.0007730439538136125,0.0013739395653828979
CelebDFv3,/root/Datasets/CelebDFv3/CelebDFv3/FAKE/FaceReenact/MCNET/id51_id53_0006.mp4,FaceReenact/MCNET,id51,id53,0,1.306480884552002,-1.306480884552002,0.0,30.797521591186523,30.0,0.0,0.0,0.011796468868851662,0.006611785851418972,0.010787082836031914,0.010787082836031914
CelebDFv3,/root/Datasets/CelebDFv3/CelebDFv3/FAKE/FaceReenact/TPSMM/id25_id21_0002.mp4,FaceReenact/TPSMM,id25,id21,0,2.2610278129577637,-2.2610278129577637,0.0,19.148649215698242,30.0,0.0,0.0,0.013711508363485336,0.02481907792389393,0.011079641059041023,0.011079641059041023
CelebDFv3,/root/Datasets/CelebDFv3/CelebDFv3/FAKE/FaceSwap/BlendFace/id56_id55_0003.mp4,FaceSwap/BlendFace,id56,id55,0,0.21753652393817902,-0.21753652393817902,0.0,25.460262298583984,30.0,0.0,0.0,0.007543334271758795,0.00564868189394474,0.006246050354093313,0.011185395531356335
CelebDFv3,/root/Datasets/CelebDFv3/CelebDFv3/FAKE/FaceSwap/Celeb-DF-v2/id31_id33_0008.mp4,FaceSwap/Celeb-DF-v2,id31,id33,0,2.4667253494262695,-2.4667253494262695,0.0,32.144771575927734,30.0,0.0,0.0,0.005328763276338577,0.01167586911469698,0.004624767694622278,0.008328501135110855
CelebDFv3,/root/Datasets/CelebDFv3/CelebDFv3/FAKE/FaceSwap/GHOST/id23_id34_0009.mp4,FaceSwap/GHOST,id23,id34,0,2.6672921180725098,-2.6672921180725098,0.0,20.17966079711914,30.0,0.0,0.0,0.004634094424545765,0.005902906414121389,0.0028016413561999798,0.0037093735300004482
CelebDFv3,/root/Datasets/CelebDFv3/CelebDFv3/FAKE/FaceSwap/HifiFace/id25_id20_0005.mp4,FaceSwap/HifiFace,id25,id20,0,0.7548083066940308,-0.7548083066940308,0.0,24.060956954956055,30.0,0.0,0.0,0.019587773829698563,0.004402797203511,0.00518002500757575,0.007687157019972801
CelebDFv3,/root/Datasets/CelebDFv3/CelebDFv3/FAKE/FaceSwap/InSwapper/id54_id58_0004.mp4,FaceSwap/InSwapper,id54,id58,0,-0.5172827243804932,0.5172827243804932,0.0,57.760589599609375,30.0,0.0,0.0,0.0024802323896437883,0.020106440410017967,0.010347520932555199,0.018530288711190224
CelebDFv3,/root/Datasets/CelebDFv3/CelebDFv3/FAKE/FaceSwap/MobileFaceSwap/id31_id1_0001.mp4,FaceSwap/MobileFaceSwap,id31,id1,0,-0.982763409614563,0.982763409614563,0.0,26.499608993530273,30.0,0.0,0.0,0.0032946113497018814,0.004303802270442247,0.0021802049595862627,0.003926216624677181
CelebDFv3,/root/Datasets/CelebDFv3/CelebDFv3/FAKE/FaceSwap/SimSwap/id26_id38_0001.mp4,FaceSwap/SimSwap,id26,id38,0,1.8948895931243896,-1.8948895931243896,0.0,40.12517166137695,30.0,0.0,0.0,0.02324056252837181,0.019803734496235847,0.004512604791671038,0.008107392117381096
CelebDFv3,/root/Datasets/CelebDFv3/CelebDFv3/FAKE/FaceSwap/UniFace/id11_id7_0003.mp4,FaceSwap/UniFace,id11,id7,0,-3.828021764755249,3.828021764755249,0.0,41.56109619140625,30.0,0.0,0.0,0.005285865161567926,0.010174699127674103,0.0023696203716099262,0.0045022787526249886
CelebDFv3,/root/Datasets/CelebDFv3/CelebDFv3/FAKE/TalkingFace/AniTalker/id22_0005_test_id04276_Sgb1KpIJt90.mp4,TalkingFace/AniTalker,id22,,0,1.6398451328277588,-1.6398451328277588,0.0,35.33226013183594,25.0,0.0,0.0,0.006197644863277674,0.0076113296672701836,0.006526910699903965,0.006526910699903965
CelebDFv3,/root/Datasets/CelebDFv3/CelebDFv3/FAKE/TalkingFace/EDTalk/id25_0007_test_id00812_uCF5yBvYa9k.mp4,TalkingFace/EDTalk,id25,,0,1.197873830795288,-1.197873830795288,0.0,57.28598403930664,25.0,0.0,0.0,0.015073614194989204,0.013676216825842857,0.006097723264247179,0.006097723264247179
CelebDFv3,/root/Datasets/CelebDFv3/CelebDFv3/FAKE/TalkingFace/EchoMimic/id31_0007_test_id05459_7UxF1t_taDk.mp4,TalkingFace/EchoMimic,id31,,0,-6.753042697906494,6.753042697906494,0.0,77.73896026611328,24.0,0.0,0.0,0.011557470075786114,0.008649281226098537,0.012372042052447796,0.012372042052447796
CelebDFv3,/root/Datasets/CelebDFv3/CelebDFv3/FAKE/TalkingFace/FLOAT/id59_0008_test_id01228_wQ0cqLka-oQ.mp4,TalkingFace/FLOAT,id59,,0,1.4234678745269775,-1.4234678745269775,0.0,29.38224983215332,25.0,0.0,0.0,0.014062751084566116,0.007596025709062815,0.006618894170969725,0.006618894170969725
CelebDFv3,/root/Datasets/CelebDFv3/CelebDFv3/FAKE/TalkingFace/IP_LAP/id8_0001_test_id00926_KV8f4Uucosc.mp4,TalkingFace/IP_LAP,id8,,0,-0.10274714231491089,0.10274714231491089,0.0,25.512840270996094,25.0,0.0,0.0,0.010091432370245457,0.02338254079222679,0.012210625223815441,0.012210625223815441
CelebDFv3,/root/Datasets/CelebDFv3/CelebDFv3/FAKE/TalkingFace/Real3DPortrait/id8_0005_test_id07312_0LWllHGohPY.mp4,TalkingFace/Real3DPortrait,id8,,0,-2.6123688220977783,2.6123688220977783,0.0,29.85530662536621,25.0,0.0,0.0,0.015738993883132935,0.00825208518654108,0.01612486131489277,0.01612486131489277
CelebDFv3,/root/Datasets/CelebDFv3/CelebDFv3/FAKE/TalkingFace/SadTalker/id48_0006_test_id04094_iuzHh5LLoUo.mp4,TalkingFace/SadTalker,id48,,0,-1.1055251359939575,1.1055251359939575,0.0,27.419048309326172,25.0,0.0,0.0,0.0034530814737081528,0.004633280448615551,0.007674386724829674,0.007674386724829674
CelebDFv3,/root/Datasets/CelebDFv3/CelebDFv3/FAKE/FaceReenact/DaGAN/id48_id39_0007.mp4,FaceReenact/DaGAN,id48,id39,0,2.1701371669769287,-2.1701371669769287,0.0,33.9307975769043,30.0,1.0,0.296875,0.011325270868837833,0.005166445393115282,0.006377159617841244,0.006377159617841244
CelebDFv3,/root/Datasets/CelebDFv3/CelebDFv3/FAKE/FaceReenact/FSRT/id8_id0_0008.mp4,FaceReenact/FSRT,id8,id0,0,-0.43707388639450073,0.43707388639450073,0.0,22.58665657043457,20.0,1.0,0.546875,0.01215590164065361,0.011234020814299583,0.005566272884607315,0.005566272884607315
CelebDFv3,/root/Datasets/CelebDFv3/CelebDFv3/FAKE/FaceReenact/HyperReenact/id59_id5_0004.mp4,FaceReenact/HyperReenact,id59,id5,0,-1.6223015785217285,1.6223015785217285,0.0,23.643306732177734,25.0,0.0,0.0,0.024172892794013023,0.004054095130413771,0.008306263945996761,0.008306263945996761
CelebDFv3,/root/Datasets/CelebDFv3/CelebDFv3/FAKE/FaceReenact/LIA/id48_id42_0001.mp4,FaceReenact/LIA,id48,id42,0,3.0614938735961914,-3.0614938735961914,0.0,27.597444534301758,30.0,0.0,0.0,0.015058395452797413,0.006788335740566254,0.005454057361930609,0.005454057361930609
CelebDFv3,/root/Datasets/CelebDFv3/CelebDFv3/FAKE/FaceReenact/LivePortrait/id31_id20_0003.mp4,FaceReenact/LivePortrait,id31,id20,0,-4.429788589477539,4.429788589477539,0.0,39.56459045410156,30.0,0.0,0.0,0.0022615548223257065,0.011074962094426155,0.003626488149166107,0.0065307533368468285
CelebDFv3,/root/Datasets/CelebDFv3/CelebDFv3/FAKE/FaceReenact/MCNET/id31_id35_0007.mp4,FaceReenact/MCNET,id31,id35,0,-2.0389552116394043,2.0389552116394043,0.0,55.689186096191406,30.0,1.0,0.0625,0.053082242608070374,0.0247148759663105,0.05639578774571419,0.05639578774571419
CelebDFv3,/root/Datasets/CelebDFv3/CelebDFv3/FAKE/FaceReenact/TPSMM/id31_id35_0002.mp4,FaceReenact/TPSMM,id31,id35,0,0.5787273645401001,-0.5787273645401001,0.0,25.80778694152832,30.0,0.0,0.0,0.020464714616537094,0.00952861923724413,0.012834088876843452,0.012834088876843452
CelebDFv3,/root/Datasets/CelebDFv3/CelebDFv3/FAKE/FaceSwap/BlendFace/id31_id20_0002.mp4,FaceSwap/BlendFace,id31,id20,0,0.9760984182357788,-0.9760984182357788,0.0,17.89451026916504,30.0,0.0,0.0,0.027167458087205887,0.06282287836074829,0.019256431609392166,0.0346778966486454
CelebDFv3,/root/Datasets/CelebDFv3/CelebDFv3/FAKE/FaceSwap/Celeb-DF-v2/id26_id9_0002.mp4,FaceSwap/Celeb-DF-v2,id26,id9,0,-2.056685447692871,2.056685447692871,0.0,26.512908935546875,30.0,0.0,0.0,0.010581613518297672,0.016999732702970505,0.004057867452502251,0.0072904061526060104
CelebDFv3,/root/Datasets/CelebDFv3/CelebDFv3/FAKE/FaceSwap/GHOST/id54_id57_0006.mp4,FaceSwap/GHOST,id54,id57,0,-1.2977219820022583,1.2977219820022583,0.0,40.53333282470703,30.0,0.0,0.0,0.006284572184085846,0.00990227423608303,0.00245065800845623,0.0043886261992156506
CelebDFv3,/root/Datasets/CelebDFv3/CelebDFv3/FAKE/FaceSwap/HifiFace/id26_id6_0002.mp4,FaceSwap/HifiFace,id26,id6,0,1.253474473953247,-1.253474473953247,0.0,25.252426147460938,30.0,0.0,0.0,0.010849041864275932,0.016573674976825714,0.005001157522201538,0.008985130116343498
CelebDFv3,/root/Datasets/CelebDFv3/CelebDFv3/FAKE/FaceSwap/InSwapper/id31_id28_0004.mp4,FaceSwap/InSwapper,id31,id28,0,-0.1456393152475357,0.1456393152475357,0.0,28.474576950073242,30.0,0.0,0.0,0.009600757621228695,0.00381579902023077,0.003283717669546604,0.0059134745970368385
CelebDFv3,/root/Datasets/CelebDFv3/CelebDFv3/FAKE/FaceSwap/MobileFaceSwap/id26_id9_0008.mp4,FaceSwap/MobileFaceSwap,id26,id9,0,3.8740882873535156,-3.8740882873535156,0.0,24.642375946044922,30.0,0.0,0.0,0.00899543333798647,0.006244484800845385,0.0028702158015221357,0.005226550158113241
CelebDFv3,/root/Datasets/CelebDFv3/CelebDFv3/FAKE/FaceSwap/SimSwap/id31_id26_0007.mp4,FaceSwap/SimSwap,id31,id26,0,-6.964879989624023,6.964879989624023,0.0,55.8927001953125,30.0,0.0,0.0,0.017824959009885788,0.007484879344701767,0.010419622994959354,0.018764153122901917
CelebDFv3,/root/Datasets/CelebDFv3/CelebDFv3/FAKE/FaceSwap/UniFace/id23_id32_0009.mp4,FaceSwap/UniFace,id23,id32,0,2.860556125640869,-2.860556125640869,0.0,20.4153995513916,30.0,1.0,0.015625,0.004795262590050697,0.006363950669765472,0.00587720051407814,0.007781413849443197
CelebDFv3,/root/Datasets/CelebDFv3/CelebDFv3/FAKE/TalkingFace/AniTalker/id23_0000_test_id01509_6wp2Lht90Fw.mp4,TalkingFace/AniTalker,id23,,0,3.57883358001709,-3.57883358001709,0.0,25.38910484313965,25.0,0.0,0.0,0.006482014898210764,0.0033881335984915495,0.00358478631824255,0.00358478631824255
CelebDFv3,/root/Datasets/CelebDFv3/CelebDFv3/FAKE/TalkingFace/EDTalk/id23_0000_test_id01541_H1G3yUV598w.mp4,TalkingFace/EDTalk,id23,,0,3.7931132316589355,-3.7931132316589355,0.0,25.127975463867188,25.0,0.0,0.0,0.01800122857093811,0.013500871136784554,0.0070952451787889,0.0070952451787889
CelebDFv3,/root/Datasets/CelebDFv3/CelebDFv3/FAKE/TalkingFace/EchoMimic/id51_0000_test_id05124_69HB1cXEoac.mp4,TalkingFace/EchoMimic,id51,,0,-1.3033188581466675,1.3033188581466675,0.0,23.15597915649414,24.0,0.0,0.0,0.05630744621157646,0.011214189231395721,0.008476804941892624,0.008476804941892624
CelebDFv3,/root/Datasets/CelebDFv3/CelebDFv3/FAKE/TalkingFace/FLOAT/id22_0005_test_id04276_Sgb1KpIJt90.mp4,TalkingFace/FLOAT,id22,,0,1.4050182104110718,-1.4050182104110718,0.0,35.22726058959961,25.0,0.0,0.0,0.00995459221303463,0.012887892313301563,0.0068326955661177635,0.0068326955661177635
CelebDFv3,/root/Datasets/CelebDFv3/CelebDFv3/FAKE/TalkingFace/IP_LAP/id11_0005_test_id02465_PhHBC9xmnUQ.mp4,TalkingFace/IP_LAP,id11,,0,-0.8492410182952881,0.8492410182952881,0.0,32.47811508178711,25.0,0.0,0.0,0.037770986557006836,0.014920019544661045,0.010165810585021973,0.010165810585021973
CelebDFv3,/root/Datasets/CelebDFv3/CelebDFv3/FAKE/TalkingFace/Real3DPortrait/id51_0006_test_id01892_aYQNf2Z8dGI.mp4,TalkingFace/Real3DPortrait,id51,,0,1.360745906829834,-1.360745906829834,0.0,30.344711303710938,25.0,1.0,0.03125,0.01551593653857708,0.006464953534305096,0.011136507615447044,0.011136507615447044
CelebDFv3,/root/Datasets/CelebDFv3/CelebDFv3/FAKE/TalkingFace/SadTalker/id51_0005_test_id08701_IF-okJTentA.mp4,TalkingFace/SadTalker,id51,,0,-0.2454022467136383,0.2454022467136383,0.0,37.829246520996094,25.0,0.0,0.0,0.003131274366751313,0.014818858355283737,0.008318798616528511,0.008318798616528511
CelebDFv3,/root/Datasets/CelebDFv3/CelebDFv3/FAKE/FaceReenact/DaGAN/id51_id58_0000.mp4,FaceReenact/DaGAN,id51,id58,0,1.7862513065338135,-1.7862513065338135,0.0,22.380449295043945,30.0,1.0,0.015625,0.024185141548514366,0.01312714908272028,0.019494177773594856,0.019494177773594856
CelebDFv3,/root/Datasets/CelebDFv3/CelebDFv3/FAKE/FaceReenact/FSRT/id22_id24_0009.mp4,FaceReenact/FSRT,id22,id24,0,0.3334028124809265,-0.3334028124809265,0.0,29.150327682495117,20.0,0.0,0.0,0.018414409831166267,0.010250507853925228,0.016078881919384003,0.016078881919384003
CelebDFv3,/root/Datasets/CelebDFv3/CelebDFv3/FAKE/FaceReenact/HyperReenact/id48_id40_0007.mp4,FaceReenact/HyperReenact,id48,id40,0,2.824528932571411,-2.824528932571411,0.0,33.817169189453125,25.0,0.0,0.0,0.004218707326799631,0.003462623804807663,0.003613463370129466,0.003613463370129466
CelebDFv3,/root/Datasets/CelebDFv3/CelebDFv3/FAKE/FaceReenact/LIA/id23_id29_0005.mp4,FaceReenact/LIA,id23,id29,0,1.6115148067474365,-1.6115148067474365,0.0,23.681514739990234,30.0,0.0,0.0,0.04402412101626396,0.010544747114181519,0.015521585941314697,0.015521585941314697
CelebDFv3,/root/Datasets/CelebDFv3/CelebDFv3/FAKE/FaceReenact/LivePortrait/id26_id37_0008.mp4,FaceReenact/LivePortrait,id26,id37,0,3.4548416137695312,-3.4548416137695312,0.0,22.8594970703125,30.0,0.0,0.0,0.00439429422840476,0.007921149954199791,0.0029625380411744118,0.005394665524363518
CelebDFv3,/root/Datasets/CelebDFv3/CelebDFv3/FAKE/FaceReenact/MCNET/id51_id58_0002.mp4,FaceReenact/MCNET,id51,id58,0,2.54860782623291,-2.54860782623291,0.0,24.613475799560547,30.0,0.0,0.0,0.019714854657649994,0.01609247364103794,0.016641749069094658,0.016641749069094658
CelebDFv3,/root/Datasets/CelebDFv3/CelebDFv3/FAKE/FaceReenact/TPSMM/id23_id4_0007.mp4,FaceReenact/TPSMM,id23,id4,0,3.1913375854492188,-3.1913375854492188,0.0,27.345809936523438,30.0,0.0,0.0,0.027916938066482544,0.009846930392086506,0.008829130791127682,0.008829130791127682
CelebDFv3,/root/Datasets/CelebDFv3/CelebDFv3/FAKE/FaceSwap/BlendFace/id56_id50_0005.mp4,FaceSwap/BlendFace,id56,id50,0,0.3627241849899292,-0.3627241849899292,0.0,26.088422775268555,29.899993896484375,0.0,0.0,0.003663392271846533,0.007700628601014614,0.0016048343386501074,0.0028739292174577713
CelebDFv3,/root/Datasets/CelebDFv3/CelebDFv3/FAKE/FaceSwap/Celeb-DF-v2/id31_id3_0009.mp4,FaceSwap/Celeb-DF-v2,id31,id3,0,-0.23150132596492767,0.23150132596492767,0.0,17.933382034301758,30.0,1.0,0.03125,0.007764163427054882,0.006355821155011654,0.0023895171470940113,0.004303155932575464
CelebDFv3,/root/Datasets/CelebDFv3/CelebDFv3/FAKE/FaceSwap/GHOST/id25_id23_0005.mp4,FaceSwap/GHOST,id25,id23,0,1.661270022392273,-1.661270022392273,0.0,23.74418830871582,30.0,0.0,0.0,0.020354220643639565,0.004427407402545214,0.0049506062641739845,0.00734670041128993
CelebDFv3,/root/Datasets/CelebDFv3/CelebDFv3/FAKE/FaceSwap/HifiFace/id54_id53_0008.mp4,FaceSwap/HifiFace,id54,id53,0,1.999935507774353,-1.999935507774353,0.0,29.9357852935791,30.0,0.0,0.0,0.0034813140518963337,0.005397235509008169,0.001876942114904523,0.003361218608915806
CelebDFv3,/root/Datasets/CelebDFv3/CelebDFv3/FAKE/FaceSwap/InSwapper/id26_id17_0006.mp4,FaceSwap/InSwapper,id26,id17,0,-0.43116772174835205,0.43116772174835205,0.0,65.96582794189453,30.0,1.0,0.03125,0.02536427415907383,0.009164281189441681,0.00667121447622776,0.012148018926382065
CelebDFv3,/root/Datasets/CelebDFv3/CelebDFv3/FAKE/FaceSwap/MobileFaceSwap/id31_id1_0000.mp4,FaceSwap/MobileFaceSwap,id31,id1,0,-0.04998160898685455,0.04998160898685455,0.0,22.30436134338379,30.0,0.0,0.0,0.0054018534719944,0.007421225309371948,0.0027339623775333166,0.0049234493635594845
CelebDFv3,/root/Datasets/CelebDFv3/CelebDFv3/FAKE/FaceSwap/SimSwap/id8_id1_0008.mp4,FaceSwap/SimSwap,id8,id1,0,0.5314182639122009,-0.5314182639122009,0.0,28.901920318603516,30.0,0.0,0.0,0.0055833556689321995,0.006307763978838921,0.0011290552793070674,0.0021271402947604656
CelebDFv3,/root/Datasets/CelebDFv3/CelebDFv3/FAKE/FaceSwap/UniFace/id31_id20_0001.mp4,FaceSwap/UniFace,id31,id20,0,-2.1597607135772705,2.1597607135772705,0.0,26.12311363220215,30.0,0.0,0.0,0.0032634565141052008,0.004916188772767782,0.0023333101999014616,0.004201936069875956
CelebDFv3,/root/Datasets/CelebDFv3/CelebDFv3/FAKE/TalkingFace/AniTalker/id25_0008_test_id05654_kf8VbORusoE.mp4,TalkingFace/AniTalker,id25,,0,3.2761693000793457,-3.2761693000793457,0.0,22.64156723022461,25.0,0.0,0.0,0.01220359094440937,0.012936193495988846,0.004869043827056885,0.004869043827056885
CelebDFv3,/root/Datasets/CelebDFv3/CelebDFv3/FAKE/TalkingFace/EDTalk/id23_0006_test_id02057_QZYXK4dWZoY.mp4,TalkingFace/EDTalk,id23,,0,4.920015811920166,-4.920015811920166,0.0,21.493173599243164,25.0,0.0,0.0,0.01330359186977148,0.01578846015036106,0.007124155759811401,0.007124155759811401
CelebDFv3,/root/Datasets/CelebDFv3/CelebDFv3/FAKE/TalkingFace/EchoMimic/id59_0009_test_id03862_yHtRhESo9Q0.mp4,TalkingFace/EchoMimic,id59,,0,-1.4835153818130493,1.4835153818130493,0.0,42.727230072021484,24.0,0.0,0.0,0.003376723499968648,0.006935950368642807,0.004096717108041048,0.004096717108041048
CelebDFv3,/root/Datasets/CelebDFv3/CelebDFv3/FAKE/TalkingFace/FLOAT/id22_0007_test_id05594_etgiFErH_K0.mp4,TalkingFace/FLOAT,id22,,0,-5.06019401550293,5.06019401550293,0.0,41.149776458740234,25.0,0.0,0.0,0.01379157230257988,0.018494581803679466,0.008744499646127224,0.008744499646127224
CelebDFv3,/root/Datasets/CelebDFv3/CelebDFv3/FAKE/TalkingFace/IP_LAP/id54_0005_test_id03178_NLOzCF7vIio.mp4,TalkingFace/IP_LAP,id54,,0,0.9314903020858765,-0.9314903020858765,0.0,26.075942993164062,25.0,0.0,0.0,0.008386742323637009,0.006505720317363739,0.006457997485995293,0.006457997485995293
CelebDFv3,/root/Datasets/CelebDFv3/CelebDFv3/FAKE/TalkingFace/Real3DPortrait/id48_0004_test_id09017_D8dCOAYteTY.mp4,TalkingFace/Real3DPortrait,id48,,0,3.258796453475952,-3.258796453475952,0.0,31.72920799255371,25.0,0.0,0.0,0.015259490348398685,0.007663622032850981,0.009206912480294704,0.009206912480294704
CelebDFv3,/root/Datasets/CelebDFv3/CelebDFv3/FAKE/TalkingFace/SadTalker/id51_0006_test_id02685_WRyNA6xW_T0.mp4,TalkingFace/SadTalker,id51,,0,1.0124183893203735,-1.0124183893203735,0.0,33.25849533081055,25.0,0.0,0.0,0.0035211530048400164,0.00857695285230875,0.00972453411668539,0.00972453411668539
CelebDFv3,/root/Datasets/CelebDFv3/CelebDFv3/FAKE/FaceReenact/DaGAN/id31_id37_0002.mp4,FaceReenact/DaGAN,id31,id37,0,0.5325170755386353,-0.5325170755386353,0.0,28.360885620117188,30.0,1.0,0.015625,0.016305766999721527,0.0069291493855416775,0.026751957833766937,0.026751957833766937
CelebDFv3,/root/Datasets/CelebDFv3/CelebDFv3/FAKE/FaceReenact/FSRT/id31_id37_0004.mp4,FaceReenact/FSRT,id31,id37,0,-0.19294436275959015,0.19294436275959015,0.0,25.16705322265625,20.0,0.0,0.0,0.013557023368775845,0.009545582346618176,0.007402192801237106,0.007402192801237106
CelebDFv3,/root/Datasets/CelebDFv3/CelebDFv3/FAKE/FaceReenact/HyperReenact/id31_id6_0005.mp4,FaceReenact/HyperReenact,id31,id6,0,-0.28036195039749146,0.28036195039749146,0.0,36.161190032958984,25.0,0.0,0.0,0.0053656259551644325,0.002262553432956338,0.0065254149958491325,0.0065254149958491325
CelebDFv3,/root/Datasets/CelebDFv3/CelebDFv3/FAKE/FaceReenact/LIA/id26_id30_0006.mp4,FaceReenact/LIA,id26,id30,0,0.8525580763816833,-0.8525580763816833,0.0,62.66740036010742,30.0,1.0,0.140625,0.011814402416348457,0.01136020664125681,0.018566235899925232,0.018566235899925232
CelebDFv3,/root/Datasets/CelebDFv3/CelebDFv3/FAKE/FaceReenact/LivePortrait/id26_id32_0006.mp4,FaceReenact/LivePortrait,id26,id32,0,0.2731701135635376,-0.2731701135635376,0.0,59.364009857177734,30.0,1.0,0.453125,0.008350478485226631,0.01959158666431904,0.024413567036390305,0.04445614293217659
CelebDFv3,/root/Datasets/CelebDFv3/CelebDFv3/FAKE/FaceReenact/MCNET/id23_id29_0007.mp4,FaceReenact/MCNET,id23,id29,0,1.8215200901031494,-1.8215200901031494,0.0,31.909101486206055,30.0,0.0,0.0,0.02281230315566063,0.019511772319674492,0.010647401213645935,0.010647401213645935
CelebDFv3,/root/Datasets/CelebDFv3/CelebDFv3/FAKE/FaceReenact/TPSMM/id23_id22_0002.mp4,FaceReenact/TPSMM,id23,id22,0,0.5268558263778687,-0.5268558263778687,0.0,24.646282196044922,30.0,1.0,0.15625,0.030321992933750153,0.007705269381403923,0.01297062262892723,0.01297062262892723
CelebDFv3,/root/Datasets/CelebDFv3/CelebDFv3/FAKE/FaceSwap/BlendFace/id48_id45_0003.mp4,FaceSwap/BlendFace,id48,id45,0,0.9320391416549683,-0.9320391416549683,0.0,31.00156021118164,30.0,1.0,0.0625,0.009737629443407059,0.027909543365240097,0.009558758698403835,0.01706921122968197
CelebDFv3,/root/Datasets/CelebDFv3/CelebDFv3/FAKE/FaceSwap/Celeb-DF-v2/id51_id53_0007.mp4,FaceSwap/Celeb-DF-v2,id51,id53,0,-1.1026527881622314,1.1026527881622314,0.0,28.293380737304688,30.0,0.0,0.0,0.003785565495491028,0.004378920421004295,0.001438105828128755,0.0025753530208021402
CelebDFv3,/root/Datasets/CelebDFv3/CelebDFv3/FAKE/FaceSwap/GHOST/id59_id60_0001.mp4,FaceSwap/GHOST,id59,id60,0,-4.836457252502441,4.836457252502441,0.0,61.50708770751953,30.0,0.0,0.0,0.005600179545581341,0.0038611581549048424,0.0025098598562180996,0.004494643770158291
CelebDFv3,/root/Datasets/CelebDFv3/CelebDFv3/FAKE/FaceSwap/HifiFace/id51_id49_0001.mp4,FaceSwap/HifiFace,id51,id49,0,-2.8349692821502686,2.8349692821502686,0.0,65.05291748046875,30.0,1.0,0.046875,0.006418272387236357,0.0072846366092562675,0.004182363860309124,0.007489756681025028
CelebDFv3,/root/Datasets/CelebDFv3/CelebDFv3/FAKE/FaceSwap/InSwapper/id56_id52_0008.mp4,FaceSwap/InSwapper,id56,id52,0,2.7178924083709717,-2.7178924083709717,0.0,21.614805221557617,30.0,1.0,0.015625,0.006478128023445606,0.0052495477721095085,0.0023230137303471565,0.004160041455179453
CelebDFv3,/root/Datasets/CelebDFv3/CelebDFv3/FAKE/FaceSwap/MobileFaceSwap/id26_id28_0004.mp4,FaceSwap/MobileFaceSwap,id26,id28,0,0.6145009398460388,-0.6145009398460388,0.0,28.295263290405273,30.0,0.0,0.0,0.006154521834105253,0.01387804839760065,0.003263960825279355,0.0058640651404857635
CelebDFv3,/root/Datasets/CelebDFv3/CelebDFv3/FAKE/FaceSwap/SimSwap/id31_id37_0007.mp4,FaceSwap/SimSwap,id31,id37,0,-6.472772121429443,6.472772121429443,0.0,52.788414001464844,30.0,0.0,0.0,0.013408617116510868,0.005498830229043961,0.005472882650792599,0.009855827316641808
CelebDFv3,/root/Datasets/CelebDFv3/CelebDFv3/FAKE/FaceSwap/UniFace/id25_id27_0005.mp4,FaceSwap/UniFace,id25,id27,0,0.7974176406860352,-0.7974176406860352,0.0,22.994300842285156,30.0,0.0,0.0,0.020239025354385376,0.004414635710418224,0.004446486476808786,0.006598586216568947
CelebDFv3,/root/Datasets/CelebDFv3/CelebDFv3/FAKE/TalkingFace/AniTalker/id8_0007_test_id00419_DkYa8HiTgJs.mp4,TalkingFace/AniTalker,id8,,0,-1.580391526222229,1.580391526222229,0.0,35.59562301635742,25.0,0.0,0.0,0.007841872051358223,0.005629231221973896,0.006338228937238455,0.006338228937238455
CelebDFv3,/root/Datasets/CelebDFv3/CelebDFv3/FAKE/TalkingFace/EDTalk/id56_0004_test_id04232__k0hgacT2zc.mp4,TalkingFace/EDTalk,id56,,0,5.074319839477539,-5.074319839477539,0.0,21.993160247802734,25.0,0.0,0.0,0.013167192228138447,0.010266033932566643,0.006976487580686808,0.006976487580686808
CelebDFv3,/root/Datasets/CelebDFv3/CelebDFv3/FAKE/TalkingFace/EchoMimic/id48_0000_test_id08701_nb6GRAMAOQI.mp4,TalkingFace/EchoMimic,id48,,0,1.4230296611785889,-1.4230296611785889,0.0,28.460683822631836,24.0,0.0,0.0,0.009107875637710094,0.009550906717777252,0.007169893942773342,0.007169893942773342
CelebDFv3,/root/Datasets/CelebDFv3/CelebDFv3/FAKE/TalkingFace/FLOAT/id26_0009_test_id01224_0MbJ83_n8G0.mp4,TalkingFace/FLOAT,id26,,0,-1.2421481609344482,1.2421481609344482,0.0,53.03441619873047,25.0,0.0,0.0,0.011089256964623928,0.005289317108690739,0.009914113208651543,0.009914113208651543
CelebDFv3,/root/Datasets/CelebDFv3/CelebDFv3/FAKE/TalkingFace/IP_LAP/id22_0008_test_id07868_Lw-dcrg4BcQ.mp4,TalkingFace/IP_LAP,id22,,0,-0.1738581359386444,0.1738581359386444,0.0,33.744415283203125,25.0,0.0,0.0,0.016482988372445107,0.007785967085510492,0.008654480800032616,0.008654480800032616
CelebDFv3,/root/Datasets/CelebDFv3/CelebDFv3/FAKE/TalkingFace/Real3DPortrait/id25_0001_test_id00817_Aw0R9CBKeYY.mp4,TalkingFace/Real3DPortrait,id25,,0,0.9357186555862427,-0.9357186555862427,0.0,42.223331451416016,25.0,1.0,1.0,0.0,0.0,0.0,0.0
CelebDFv3,/root/Datasets/CelebDFv3/CelebDFv3/FAKE/TalkingFace/SadTalker/id26_0003_test_id02317_V1il-79GsT4.mp4,TalkingFace/SadTalker,id26,,0,-12.378180503845215,12.378180503845215,0.0,108.2711181640625,25.0,0.0,0.0,0.0026917520444840193,0.010118408128619194,0.009005849249660969,0.009005849249660969
CelebDFv3,/root/Datasets/CelebDFv3/CelebDFv3/FAKE/FaceReenact/DaGAN/id31_id9_0002.mp4,FaceReenact/DaGAN,id31,id9,0,0.7111096382141113,-0.7111096382141113,0.0,29.44212532043457,30.0,0.0,0.0,0.009381655603647232,0.00912945345044136,0.010785878635942936,0.010785878635942936
CelebDFv3,/root/Datasets/CelebDFv3/CelebDFv3/FAKE/FaceReenact/FSRT/id56_id58_0009.mp4,FaceReenact/FSRT,id56,id58,0,-0.7497119903564453,0.7497119903564453,0.0,43.38243865966797,20.0,0.0,0.0,0.020934760570526123,0.014005899429321289,0.012510326690971851,0.012510326690971851
CelebDFv3,/root/Datasets/CelebDFv3/CelebDFv3/FAKE/FaceReenact/HyperReenact/id56_id49_0006.mp4,FaceReenact/HyperReenact,id56,id49,0,0.60697340965271,-0.60697340965271,0.0,27.553224563598633,25.0,0.0,0.0,0.007876097224652767,0.002671455265954137,0.004978356882929802,0.004978356882929802
CelebDFv3,/root/Datasets/CelebDFv3/CelebDFv3/FAKE/FaceReenact/LIA/id8_id7_0008.mp4,FaceReenact/LIA,id8,id7,0,2.0731992721557617,-2.0731992721557617,0.0,38.48222732543945,30.0,0.0,0.0,0.009253219701349735,0.006116009317338467,0.006510403472930193,0.006510403472930193
CelebDFv3,/root/Datasets/CelebDFv3/CelebDFv3/FAKE/FaceReenact/LivePortrait/id23_id26_0001.mp4,FaceReenact/LivePortrait,id23,id26,0,0.6542642116546631,-0.6542642116546631,0.0,27.21575927734375,30.0,1.0,0.0625,0.00860623549669981,0.012164952233433723,0.0036076286341995,0.0064118774607777596
CelebDFv3,/root/Datasets/CelebDFv3/CelebDFv3/FAKE/FaceReenact/MCNET/id26_id34_0006.mp4,FaceReenact/MCNET,id26,id34,0,1.7594020366668701,-1.7594020366668701,0.0,68.17462921142578,30.0,1.0,0.34375,0.017669714987277985,0.01473134383559227,0.010539279319345951,0.010539279319345951
CelebDFv3,/root/Datasets/CelebDFv3/CelebDFv3/FAKE/FaceReenact/TPSMM/id23_id4_0009.mp4,FaceReenact/TPSMM,id23,id4,0,4.936285972595215,-4.936285972595215,0.0,23.400774002075195,30.0,0.0,0.0,0.01340053603053093,0.010121389292180538,0.015090344473719597,0.015090344473719597
CelebDFv3,/root/Datasets/CelebDFv3/CelebDFv3/FAKE/FaceSwap/BlendFace/id56_id55_0001.mp4,FaceSwap/BlendFace,id56,id55,0,2.544137954711914,-2.544137954711914,0.0,23.268253326416016,30.0,0.0,0.0,0.0041162059642374516,0.010622987523674965,0.004153751768171787,0.007438517641276121
CelebDFv3,/root/Datasets/CelebDFv3/CelebDFv3/FAKE/FaceSwap/Celeb-DF-v2/id31_id4_0007.mp4,FaceSwap/Celeb-DF-v2,id31,id4,0,-6.540523529052734,6.540523529052734,0.0,58.482696533203125,30.0,0.0,0.0,0.018463054671883583,0.006377378012984991,0.009473972953855991,0.017061177641153336
CelebDFv3,/root/Datasets/CelebDFv3/CelebDFv3/FAKE/FaceSwap/GHOST/id31_id38_0009.mp4,FaceSwap/GHOST,id31,id38,0,1.377192497253418,-1.377192497253418,0.0,17.968172073364258,30.0,0.0,0.0,0.003816696349531412,0.006793574895709753,0.002810703357681632,0.005061647854745388
CelebDFv3,/root/Datasets/CelebDFv3/CelebDFv3/FAKE/FaceSwap/HifiFace/id23_id25_0002.mp4,FaceSwap/HifiFace,id23,id25,0,1.4369747638702393,-1.4369747638702393,0.0,24.556697845458984,30.0,0.0,0.0,0.021646086126565933,0.01970501057803631,0.004289002623409033,0.00762289110571146
CelebDFv3,/root/Datasets/CelebDFv3/CelebDFv3/FAKE/FaceSwap/InSwapper/id59_id61_0004.mp4,FaceSwap/InSwapper,id59,id61,0,-1.5012383460998535,1.5012383460998535,0.0,23.21961212158203,30.0,1.0,0.171875,0.010897153988480568,0.026486318558454514,0.008058765903115273,0.014431597664952278
CelebDFv3,/root/Datasets/CelebDFv3/CelebDFv3/FAKE/FaceSwap/MobileFaceSwap/id31_id32_0001.mp4,FaceSwap/MobileFaceSwap,id31,id32,0,-1.6995242834091187,1.6995242834091187,0.0,28.180450439453125,30.0,0.0,0.0,0.0032963594421744347,0.004662408027797937,0.002695670584216714,0.004854490980505943
CelebDFv3,/root/Datasets/CelebDFv3/CelebDFv3/FAKE/FaceSwap/SimSwap/id31_id9_0003.mp4,FaceSwap/SimSwap,id31,id9,0,-2.5130200386047363,2.5130200386047363,0.0,30.37680435180664,30.0,0.0,0.0,0.004818407353013754,0.0069116344675421715,0.003910982981324196,0.007043084129691124
CelebDFv3,/root/Datasets/CelebDFv3/CelebDFv3/FAKE/FaceSwap/UniFace/id26_id29_0008.mp4,FaceSwap/UniFace,id26,id29,0,4.510777950286865,-4.510777950286865,0.0,24.108673095703125,30.0,0.0,0.0,0.009172228164970875,0.006320401094853878,0.0026181491557508707,0.004767546430230141
CelebDFv3,/root/Datasets/CelebDFv3/CelebDFv3/FAKE/TalkingFace/AniTalker/id11_0000_test_id00081_xjfPXNgzW6o.mp4,TalkingFace/AniTalker,id11,,0,3.831317901611328,-3.831317901611328,0.0,25.858125686645508,25.0,0.0,0.0,0.008398588746786118,0.005316055379807949,0.005265542306005955,0.005265542306005955
CelebDFv3,/root/Datasets/CelebDFv3/CelebDFv3/FAKE/TalkingFace/EDTalk/id11_0008_test_id05124_uPPqcWVd-dg.mp4,TalkingFace/EDTalk,id11,,0,4.4859724044799805,-4.4859724044799805,0.0,20.225194931030273,25.0,0.0,0.0,0.015894725918769836,0.012379497289657593,0.008547225967049599,0.008547225967049599
CelebDFv3,/root/Datasets/CelebDFv3/CelebDFv3/FAKE/TalkingFace/EchoMimic/id51_0006_test_id01460_oxJYG8REHG8.mp4,TalkingFace/EchoMimic,id51,,0,0.45897555351257324,-0.45897555351257324,0.0,35.370628356933594,24.0,0.0,0.0,0.00971967913210392,0.016590094193816185,0.015109334141016006,0.015109334141016006
CelebDFv3,/root/Datasets/CelebDFv3/CelebDFv3/FAKE/TalkingFace/FLOAT/id48_0003_test_id00081_S4aLSTDVi44.mp4,TalkingFace/FLOAT,id48,,0,0.3146819472312927,-0.3146819472312927,0.0,30.242021560668945,25.0,0.0,0.0,0.016594599932432175,0.006105225067585707,0.01299036480486393,0.01299036480486393
CelebDFv3,/root/Datasets/CelebDFv3/CelebDFv3/FAKE/TalkingFace/IP_LAP/id48_0000_test_id00817_EPPT9urr8Ew.mp4,TalkingFace/IP_LAP,id48,,0,0.960918664932251,-0.960918664932251,0.0,32.033660888671875,25.0,0.0,0.0,0.013797720894217491,0.008067019283771515,0.007727127987891436,0.007727127987891436
CelebDFv3,/root/Datasets/CelebDFv3/CelebDFv3/FAKE/TalkingFace/Real3DPortrait/id48_0002_test_id01333_gujKn7v2CJg.mp4,TalkingFace/Real3DPortrait,id48,,0,1.4130053520202637,-1.4130053520202637,0.0,26.548656463623047,25.0,1.0,0.140625,0.011666560545563698,0.0070092277601361275,0.009497163817286491,0.009497163817286491
CelebDFv3,/root/Datasets/CelebDFv3/CelebDFv3/FAKE/TalkingFace/SadTalker/id54_0002_test_id06692_V4zhQ3M892E.mp4,TalkingFace/SadTalker,id54,,0,-0.47592678666114807,0.47592678666114807,0.0,37.91217041015625,25.0,0.0,0.0,0.006833508610725403,0.004486911930143833,0.003998156636953354,0.003998156636953354
CelebDFv3,/root/Datasets/CelebDFv3/CelebDFv3/FAKE/FaceReenact/DaGAN/id31_id9_0003.mp4,FaceReenact/DaGAN,id31,id9,0,-0.47060203552246094,0.47060203552246094,0.0,24.721586227416992,30.0,1.0,0.109375,0.03971228748559952,0.02096058987081051,0.047116346657276154,0.047116346657276154
CelebDFv3,/root/Datasets/CelebDFv3/CelebDFv3/FAKE/FaceReenact/FSRT/id31_id20_0001.mp4,FaceReenact/FSRT,id31,id20,0,-2.4281153678894043,2.4281153678894043,0.0,25.110219955444336,20.0,1.0,0.828125,0.005756921134889126,0.007175326347351074,0.005724168848246336,0.005724168848246336
CelebDFv3,/root/Datasets/CelebDFv3/CelebDFv3/FAKE/FaceReenact/HyperReenact/id51_id53_0006.mp4,FaceReenact/HyperReenact,id51,id53,0,1.0638887882232666,-1.0638887882232666,0.0,32.293827056884766,25.0,0.0,0.0,0.004559059627354145,0.0023350254632532597,0.005284304264932871,0.005284304264932871
CelebDFv3,/root/Datasets/CelebDFv3/CelebDFv3/FAKE/FaceReenact/LIA/id23_id21_0007.mp4,FaceReenact/LIA,id23,id21,0,1.0926164388656616,-1.0926164388656616,0.0,39.35568618774414,30.0,1.0,0.015625,0.015688156709074974,0.007842929102480412,0.008331585675477982,0.008331585675477982
CelebDFv3,/root/Datasets/CelebDFv3/CelebDFv3/FAKE/FaceReenact/LivePortrait/id48_id42_0004.mp4,FaceReenact/LivePortrait,id48,id42,0,0.9213732481002808,-0.9213732481002808,0.0,33.75734329223633,30.0,1.0,0.171875,0.011746017262339592,0.006424021907150745,0.013965833000838757,0.02493898570537567
CelebDFv3,/root/Datasets/CelebDFv3/CelebDFv3/FAKE/FaceReenact/MCNET/id51_id55_0004.mp4,FaceReenact/MCNET,id51,id55,0,2.187761068344116,-2.187761068344116,0.0,21.249977111816406,30.0,1.0,0.265625,0.018537012860178947,0.02770008146762848,0.022274641320109367,0.022274641320109367
CelebDFv3,/root/Datasets/CelebDFv3/CelebDFv3/FAKE/FaceReenact/TPSMM/id26_id37_0004.mp4,FaceReenact/TPSMM,id26,id37,0,2.1970746517181396,-2.1970746517181396,0.0,25.884084701538086,30.0,0.0,0.0,0.014501599594950676,0.00960764940828085,0.006843762006610632,0.006843762006610632
CelebDFv3,/root/Datasets/CelebDFv3/CelebDFv3/FAKE/FaceSwap/BlendFace/id23_id6_0005.mp4,FaceSwap/BlendFace,id23,id6,0,3.666788339614868,-3.666788339614868,0.0,24.892213821411133,30.0,0.0,0.0,0.008391574956476688,0.0037526865489780903,0.0037739663384854794,0.00772523321211338
CelebDFv3,/root/Datasets/CelebDFv3/CelebDFv3/FAKE/FaceSwap/Celeb-DF-v2/id25_id22_0002.mp4,FaceSwap/Celeb-DF-v2,id25,id22,0,2.1620020866394043,-2.1620020866394043,0.0,17.27754020690918,30.0,0.0,0.0,0.013997204601764679,0.02720140852034092,0.003924317192286253,0.007067096419632435
CelebDFv3,/root/Datasets/CelebDFv3/CelebDFv3/FAKE/FaceSwap/GHOST/id26_id27_0008.mp4,FaceSwap/GHOST,id26,id27,0,4.3175272941589355,-4.3175272941589355,0.0,24.171085357666016,30.0,0.0,0.0,0.009783202782273293,0.006048193201422691,0.0025269172620028257,0.004601416643708944
CelebDFv3,/root/Datasets/CelebDFv3/CelebDFv3/FAKE/FaceSwap/HifiFace/id23_id4_0009.mp4,FaceSwap/HifiFace,id23,id4,0,2.7728686332702637,-2.7728686332702637,0.0,19.164825439453125,30.0,0.0,0.0,0.004866784438490868,0.005859791301190853,0.004729933105409145,0.00626243045553565
CelebDFv3,/root/Datasets/CelebDFv3/CelebDFv3/FAKE/FaceSwap/InSwapper/id59_id60_0001.mp4,FaceSwap/InSwapper,id59,id60,0,-5.9841156005859375,5.9841156005859375,0.0,62.84971618652344,30.0,0.0,0.0,0.005839168094098568,0.0042048003524541855,0.0021919910795986652,0.003925406374037266
CelebDFv3,/root/Datasets/CelebDFv3/CelebDFv3/FAKE/FaceSwap/MobileFaceSwap/id31_id26_0007.mp4,FaceSwap/MobileFaceSwap,id31,id26,0,-5.4528632164001465,5.4528632164001465,0.0,52.04206085205078,30.0,0.0,0.0,0.012831145897507668,0.005615787114948034,0.007330155000090599,0.013200489804148674
CelebDFv3,/root/Datasets/CelebDFv3/CelebDFv3/FAKE/FaceSwap/SimSwap/id31_id20_0008.mp4,FaceSwap/SimSwap,id31,id20,0,3.2946689128875732,-3.2946689128875732,0.0,36.13109588623047,30.0,0.0,0.0,0.0062464880757033825,0.01214473508298397,0.0077980272471904755,0.014043056406080723
CelebDFv3,/root/Datasets/CelebDFv3/CelebDFv3/FAKE/FaceSwap/UniFace/id31_id6_0005.mp4,FaceSwap/UniFace,id31,id6,0,-0.9872959852218628,0.9872959852218628,0.0,40.32699203491211,30.0,0.0,0.0,0.006892385892570019,0.00723408255726099,0.002628613030537963,0.004733731038868427
CelebDFv3,/root/Datasets/CelebDFv3/CelebDFv3/FAKE/TalkingFace/AniTalker/id51_0003_test_id07802_uR07SccMsXA.mp4,TalkingFace/AniTalker,id51,,0,-2.1299257278442383,2.1299257278442383,0.0,32.06534957885742,25.0,0.0,0.0,0.013288595713675022,0.007060648873448372,0.00665789470076561,0.00665789470076561
CelebDFv3,/root/Datasets/CelebDFv3/CelebDFv3/FAKE/TalkingFace/EDTalk/id25_0005_test_id06811_Y6PB7tt3VPc.mp4,TalkingFace/EDTalk,id25,,0,5.234151840209961,-5.234151840209961,0.0,21.03334617614746,25.0,0.0,0.0,0.017394183203577995,0.014143608510494232,0.007417713291943073,0.007417713291943073
CelebDFv3,/root/Datasets/CelebDFv3/CelebDFv3/FAKE/TalkingFace/EchoMimic/id8_0001_test_id04656_4MhYXxGH8aU.mp4,TalkingFace/EchoMimic,id8,,0,-2.4703564643859863,2.4703564643859863,0.0,27.378093719482422,24.0,0.0,0.0,0.006758371368050575,0.004302849527448416,0.005792062263935804,0.005792062263935804
CelebDFv3,/root/Datasets/CelebDFv3/CelebDFv3/FAKE/TalkingFace/FLOAT/id26_0009_test_id01437_uXAe0vbNWeo.mp4,TalkingFace/FLOAT,id26,,0,-0.8979232311248779,0.8979232311248779,0.0,51.631900787353516,25.0,0.0,0.0,0.014852170832455158,0.011677108705043793,0.013047775253653526,0.013047775253653526
CelebDFv3,/root/Datasets/CelebDFv3/CelebDFv3/FAKE/TalkingFace/IP_LAP/id23_0004_test_id04570_961AefP1-is.mp4,TalkingFace/IP_LAP,id23,,0,3.489442825317383,-3.489442825317383,0.0,24.061691284179688,25.0,0.0,0.0,0.05450873821973801,0.02184854820370674,0.018031731247901917,0.018031731247901917
CelebDFv3,/root/Datasets/CelebDFv3/CelebDFv3/FAKE/TalkingFace/Real3DPortrait/id48_0000_test_id06310_MNZMZ6ChMZQ.mp4,TalkingFace/Real3DPortrait,id48,,0,0.5525017380714417,-0.5525017380714417,0.0,34.341331481933594,25.0,0.0,0.0,0.02183774672448635,0.008211242035031319,0.021221034228801727,0.021221034228801727
CelebDFv3,/root/Datasets/CelebDFv3/CelebDFv3/FAKE/TalkingFace/SadTalker/id48_0001_test_id00817_rXXQYz0mm0o.mp4,TalkingFace/SadTalker,id48,,0,1.4973223209381104,-1.4973223209381104,0.0,24.874034881591797,25.0,0.0,0.0,0.004233784042298794,0.010830691084265709,0.007422097492963076,0.007422097492963076
CelebDFv3,/root/Datasets/CelebDFv3/CelebDFv3/FAKE/FaceReenact/DaGAN/id26_id38_0002.mp4,FaceReenact/DaGAN,id26,id38,0,0.5811284780502319,-0.5811284780502319,0.0,19.719812393188477,30.0,1.0,0.15625,0.03243716433644295,0.009521344676613808,0.01948774978518486,0.01948774978518486
CelebDFv3,/root/Datasets/CelebDFv3/CelebDFv3/FAKE/FaceReenact/FSRT/id23_id19_0002.mp4,FaceReenact/FSRT,id23,id19,0,1.1674232482910156,-1.1674232482910156,0.0,25.134000778198242,20.0,1.0,0.078125,0.02410496398806572,0.01152367889881134,0.020335793495178223,0.020335793495178223
CelebDFv3,/root/Datasets/CelebDFv3/CelebDFv3/FAKE/FaceReenact/HyperReenact/id23_id27_0001.mp4,FaceReenact/HyperReenact,id23,id27,0,3.2958571910858154,-3.2958571910858154,0.0,29.640005111694336,25.0,0.0,0.0,0.0035968972370028496,0.0018864247249439359,0.004883711691945791,0.004883711691945791
CelebDFv3,/root/Datasets/CelebDFv3/CelebDFv3/FAKE/FaceReenact/LIA/id11_id7_0004.mp4,FaceReenact/LIA,id11,id7,0,0.846691370010376,-0.846691370010376,0.0,52.88385009765625,30.0,0.0,0.0,0.008225807920098305,0.00289007811807096,0.004499548114836216,0.004499548114836216
CelebDFv3,/root/Datasets/CelebDFv3/CelebDFv3/FAKE/FaceReenact/LivePortrait/id23_id16_0004.mp4,FaceReenact/LivePortrait,id23,id16,0,2.302816390991211,-2.302816390991211,0.0,23.20536231994629,30.0,0.0,0.0,0.011024488136172295,0.011369774118065834,0.008911127224564552,0.012012198567390442
CelebDFv3,/root/Datasets/CelebDFv3/CelebDFv3/FAKE/FaceReenact/MCNET/id59_id5_0004.mp4,FaceReenact/MCNET,id59,id5,0,-0.10156042873859406,0.10156042873859406,0.0,21.811893463134766,30.0,1.0,0.046875,0.06266128271818161,0.021617209538817406,0.02840488776564598,0.02840488776564598
CelebDFv3,/root/Datasets/CelebDFv3/CelebDFv3/FAKE/FaceReenact/TPSMM/id23_id1_0007.mp4,FaceReenact/TPSMM,id23,id1,0,2.478989601135254,-2.478989601135254,0.0,34.43247985839844,30.0,0.0,0.0,0.002856853185221553,0.0019158697687089443,0.005016454495489597,0.005016454495489597
CelebDFv3,/root/Datasets/CelebDFv3/CelebDFv3/FAKE/FaceSwap/BlendFace/id23_id26_0009.mp4,FaceSwap/BlendFace,id23,id26,0,3.5133721828460693,-3.5133721828460693,0.0,20.991851806640625,30.0,0.0,0.0,0.004721370525658131,0.005951769184321165,0.00414630863815546,0.005489712581038475
CelebDFv3,/root/Datasets/CelebDFv3/CelebDFv3/FAKE/FaceSwap/Celeb-DF-v2/id26_id23_0002.mp4,FaceSwap/Celeb-DF-v2,id26,id23,0,1.1834516525268555,-1.1834516525268555,0.0,23.6699161529541,30.0,0.0,0.0,0.010807787999510765,0.016363704577088356,0.0035226335749030113,0.006328800227493048
CelebDFv3,/root/Datasets/CelebDFv3/CelebDFv3/FAKE/FaceSwap/GHOST/id23_id24_0009.mp4,FaceSwap/GHOST,id23,id24,0,2.995169162750244,-2.995169162750244,0.0,18.276426315307617,30.0,0.0,0.0,0.004974083974957466,0.00589629914611578,0.003163105808198452,0.0041879527270793915
CelebDFv3,/root/Datasets/CelebDFv3/CelebDFv3/FAKE/FaceSwap/HifiFace/id54_id49_0001.mp4,FaceSwap/HifiFace,id54,id49,0,-1.3325096368789673,1.3325096368789673,0.0,36.26102828979492,30.0,0.0,0.0,0.011260290630161762,0.04509775713086128,0.004634291864931583,0.008299066685140133
CelebDFv3,/root/Datasets/CelebDFv3/CelebDFv3/FAKE/FaceSwap/InSwapper/id51_id53_0008.mp4,FaceSwap/InSwapper,id51,id53,0,2.317892074584961,-2.317892074584961,0.0,23.85141372680664,30.0,0.0,0.0,0.006831390783190727,0.016065115109086037,0.005422861315310001,0.009711232967674732
CelebDFv3,/root/Datasets/CelebDFv3/CelebDFv3/FAKE/FaceSwap/MobileFaceSwap/id31_id32_0006.mp4,FaceSwap/MobileFaceSwap,id31,id32,0,-0.5069753527641296,0.5069753527641296,0.0,28.393640518188477,30.0,1.0,0.03125,0.008988584391772747,0.012799237854778767,0.0067933048121631145,0.012233705259859562
CelebDFv3,/root/Datasets/CelebDFv3/CelebDFv3/FAKE/FaceSwap/SimSwap/id51_id54_0004.mp4,FaceSwap/SimSwap,id51,id54,0,0.902756929397583,-0.902756929397583,0.0,20.76310157775879,29.0,1.0,0.21875,0.003923090640455484,0.005177916493266821,0.004531585145741701,0.008115139789879322
CelebDFv3,/root/Datasets/CelebDFv3/CelebDFv3/FAKE/FaceSwap/UniFace/id23_id20_0002.mp4,FaceSwap/UniFace,id23,id20,0,0.18134351074695587,-0.18134351074695587,0.0,24.70652961730957,30.0,0.0,0.0,0.022190634161233902,0.019374888390302658,0.007958870381116867,0.014145385473966599
CelebDFv3,/root/Datasets/CelebDFv3/CelebDFv3/FAKE/TalkingFace/AniTalker/id59_0002_test_id04232_lcNvUKfW9tY.mp4,TalkingFace/AniTalker,id59,,0,0.40594103932380676,-0.40594103932380676,0.0,32.496395111083984,25.0,0.0,0.0,0.005177777726203203,0.0038850782439112663,0.004863746464252472,0.004863746464252472
CelebDFv3,/root/Datasets/CelebDFv3/CelebDFv3/FAKE/TalkingFace/EDTalk/id26_0007_test_id08552_7kf2EfS9G6Q.mp4,TalkingFace/EDTalk,id26,,0,1.7219579219818115,-1.7219579219818115,0.0,56.6900749206543,25.0,0.0,0.0,0.01611229032278061,0.012046890333294868,0.008364904671907425,0.008364904671907425
CelebDFv3,/root/Datasets/CelebDFv3/CelebDFv3/FAKE/TalkingFace/EchoMimic/id59_0000_test_id04627_IjO3LUCaYLE.mp4,TalkingFace/EchoMimic,id59,,0,-0.33505481481552124,0.33505481481552124,0.0,34.5861930847168,24.0,0.0,0.0,0.011370537802577019,0.008475057780742645,0.007411196827888489,0.007411196827888489
CelebDFv3,/root/Datasets/CelebDFv3/CelebDFv3/FAKE/TalkingFace/FLOAT/id8_0000_test_id07874_PWsVa_9b3ok.mp4,TalkingFace/FLOAT,id8,,0,-7.040121078491211,7.040121078491211,0.0,101.43244171142578,25.0,0.0,0.0,0.022548925131559372,0.014220310375094414,0.01792122796177864,0.01792122796177864
CelebDFv3,/root/Datasets/CelebDFv3/CelebDFv3/FAKE/TalkingFace/IP_LAP/id56_0000_test_id06692_EC9TCRJkBhI.mp4,TalkingFace/IP_LAP,id56,,0,3.492231607437134,-3.492231607437134,0.0,23.95958709716797,25.0,0.0,0.0,0.014469750225543976,0.007979231886565685,0.007661014795303345,0.007661014795303345
CelebDFv3,/root/Datasets/CelebDFv3/CelebDFv3/FAKE/TalkingFace/Real3DPortrait/id11_0008_test_id05124_uPPqcWVd-dg.mp4,TalkingFace/Real3DPortrait,id11,,0,5.027509689331055,-5.027509689331055,0.0,23.013065338134766,25.0,0.0,0.0,0.01377512514591217,0.0063158851116895676,0.006687951274216175,0.006687951274216175
CelebDFv3,/root/Datasets/CelebDFv3/CelebDFv3/FAKE/TalkingFace/SadTalker/id23_0003_test_id00061_bdkqfVtDZVY.mp4,TalkingFace/SadTalker,id23,,0,-0.41425594687461853,0.41425594687461853,0.0,29.87629508972168,25.0,0.0,0.0,0.004482920281589031,0.00623396085575223,0.003388464916497469,0.003388464916497469
CelebDFv3,/root/Datasets/CelebDFv3/CelebDFv3/FAKE/FaceReenact/DaGAN/id26_id32_0001.mp4,FaceReenact/DaGAN,id26,id32,0,-0.06405540555715561,0.06405540555715561,0.0,42.1141357421875,30.0,0.0,0.0,0.019325219094753265,0.013411883264780045,0.011641044169664383,0.011641044169664383
CelebDFv3,/root/Datasets/CelebDFv3/CelebDFv3/FAKE/FaceReenact/FSRT/id31_id17_0003.mp4,FaceReenact/FSRT,id31,id17,0,-2.922942638397217,2.922942638397217,0.0,32.861053466796875,20.0,0.0,0.0,0.010124772787094116,0.008909217081964016,0.009987741708755493,0.009987741708755493
CelebDFv3,/root/Datasets/CelebDFv3/CelebDFv3/FAKE/FaceReenact/HyperReenact/id25_id23_0005.mp4,FaceReenact/HyperReenact,id25,id23,0,3.527256488800049,-3.527256488800049,0.0,31.104244232177734,25.0,0.0,0.0,0.006995278410613537,0.0014280788600444794,0.0068207792937755585,0.0068207792937755585
CelebDFv3,/root/Datasets/CelebDFv3/CelebDFv3/FAKE/FaceReenact/LIA/id23_id33_0006.mp4,FaceReenact/LIA,id23,id33,0,4.111753463745117,-4.111753463745117,0.0,21.572397232055664,30.0,0.0,0.0,0.0414690300822258,0.013651946559548378,0.017485540360212326,0.017485540360212326
CelebDFv3,/root/Datasets/CelebDFv3/CelebDFv3/FAKE/FaceReenact/LivePortrait/id31_id37_0005.mp4,FaceReenact/LivePortrait,id31,id37,0,0.159171923995018,-0.159171923995018,0.0,34.9308967590332,30.0,0.0,0.0,0.006627708673477173,0.0037370617501437664,0.0028096141759306192,0.005059686489403248
CelebDFv3,/root/Datasets/CelebDFv3/CelebDFv3/FAKE/FaceReenact/MCNET/id23_id4_0004.mp4,FaceReenact/MCNET,id23,id4,0,-0.7002441883087158,0.7002441883087158,0.0,22.969011306762695,30.0,1.0,0.03125,0.01718246191740036,0.02752985805273056,0.027781622484326363,0.027781622484326363
CelebDFv3,/root/Datasets/CelebDFv3/CelebDFv3/FAKE/FaceReenact/TPSMM/id31_id32_0006.mp4,FaceReenact/TPSMM,id31,id32,0,-1.4074389934539795,1.4074389934539795,0.0,25.80604362487793,30.0,1.0,0.015625,0.02170911431312561,0.021202079951763153,0.014859732240438461,0.014859732240438461
CelebDFv3,/root/Datasets/CelebDFv3/CelebDFv3/FAKE/FaceSwap/BlendFace/id31_id21_0005.mp4,FaceSwap/BlendFace,id31,id21,0,0.8256524801254272,-0.8256524801254272,0.0,32.747135162353516,30.0,0.0,0.0,0.009344933554530144,0.007468581199645996,0.0028334774542599916,0.00510266050696373
CelebDFv3,/root/Datasets/CelebDFv3/CelebDFv3/FAKE/FaceSwap/Celeb-DF-v2/id26_id37_0006.mp4,FaceSwap/Celeb-DF-v2,id26,id37,0,-0.6501806378364563,0.6501806378364563,0.0,67.84247589111328,30.0,1.0,0.03125,0.024311192333698273,0.007739179767668247,0.005477827042341232,0.009974908083677292
CelebDFv3,/root/Datasets/CelebDFv3/CelebDFv3/FAKE/FaceSwap/GHOST/id48_id45_0008.mp4,FaceSwap/GHOST,id48,id45,0,-0.9864715337753296,0.9864715337753296,0.0,48.49354934692383,30.0,0.0,0.0,0.004301752429455519,0.0037889345549046993,0.0034166404511779547,0.0034029739908874035
CelebDFv3,/root/Datasets/CelebDFv3/CelebDFv3/FAKE/FaceSwap/HifiFace/id23_id0_0003.mp4,FaceSwap/HifiFace,id23,id0,0,-0.2753875255584717,0.2753875255584717,0.0,29.861133575439453,30.0,0.0,0.0,0.0058143166825175285,0.005202339496463537,0.0016688643954694271,0.0029660905711352825
CelebDFv3,/root/Datasets/CelebDFv3/CelebDFv3/FAKE/FaceSwap/InSwapper/id26_id25_0003.mp4,FaceSwap/InSwapper,id26,id25,0,-11.198373794555664,11.198373794555664,0.0,108.1460952758789,30.0,0.0,0.0,0.007880031131207943,0.01100001111626625,0.004246511496603489,0.007629326079040766
CelebDFv3,/root/Datasets/CelebDFv3/CelebDFv3/FAKE/FaceSwap/MobileFaceSwap/id56_id57_0001.mp4,FaceSwap/MobileFaceSwap,id56,id57,0,4.136926651000977,-4.136926651000977,0.0,20.403486251831055,30.0,0.0,0.0,0.004203605931252241,0.02029246836900711,0.002942568389698863,0.005269537214189768
CelebDFv3,/root/Datasets/CelebDFv3/CelebDFv3/FAKE/FaceSwap/SimSwap/id26_id29_0003.mp4,FaceSwap/SimSwap,id26,id29,0,-10.045736312866211,10.045736312866211,0.0,109.84871673583984,30.0,1.0,0.015625,0.007594505324959755,0.011713959276676178,0.0041626072488725185,0.007478581741452217
CelebDFv3,/root/Datasets/CelebDFv3/CelebDFv3/FAKE/FaceSwap/UniFace/id54_id57_0006.mp4,FaceSwap/UniFace,id54,id57,0,-1.8797814846038818,1.8797814846038818,0.0,41.442813873291016,30.0,0.0,0.0,0.006711923982948065,0.00933864340186119,0.003335676621645689,0.005973512772470713
CelebDFv3,/root/Datasets/CelebDFv3/CelebDFv3/FAKE/TalkingFace/AniTalker/id48_0000_test_id06310_MNZMZ6ChMZQ.mp4,TalkingFace/AniTalker,id48,,0,0.5166814923286438,-0.5166814923286438,0.0,26.16065788269043,25.0,0.0,0.0,0.010444297455251217,0.0053335390985012054,0.0072909011505544186,0.0072909011505544186
CelebDFv3,/root/Datasets/CelebDFv3/CelebDFv3/FAKE/TalkingFace/EDTalk/id48_0006_test_id08392_AiCBF9JW-d8.mp4,TalkingFace/EDTalk,id48,,0,-0.9432439804077148,0.9432439804077148,0.0,23.925527572631836,25.0,0.0,0.0,0.011815319769084454,0.012129909358918667,0.007180552929639816,0.007180552929639816
CelebDFv3,/root/Datasets/CelebDFv3/CelebDFv3/FAKE/TalkingFace/EchoMimic/id48_0005_test_id04006__bENbO3pwL0.mp4,TalkingFace/EchoMimic,id48,,0,3.3182759284973145,-3.3182759284973145,0.0,38.140010833740234,24.0,0.0,0.0,0.011873827315866947,0.014146002940833569,0.008468852378427982,0.008468852378427982
CelebDFv3,/root/Datasets/CelebDFv3/CelebDFv3/FAKE/TalkingFace/FLOAT/id11_0000_test_id06913_ihOLv6bL4yA.mp4,TalkingFace/FLOAT,id11,,0,3.299142837524414,-3.299142837524414,0.0,25.61711883544922,25.0,0.0,0.0,0.016569774597883224,0.006776412017643452,0.007292009890079498,0.007292009890079498
CelebDFv3,/root/Datasets/CelebDFv3/CelebDFv3/FAKE/TalkingFace/IP_LAP/id8_0002_test_id03524_2DD4Np7SaWw.mp4,TalkingFace/IP_LAP,id8,,0,2.138869285583496,-2.138869285583496,0.0,31.98240852355957,25.0,0.0,0.0,0.017574796453118324,0.012964973226189613,0.008664727210998535,0.008664727210998535
CelebDFv3,/root/Datasets/CelebDFv3/CelebDFv3/FAKE/TalkingFace/Real3DPortrait/id25_0009_test_id05124_1HAXGOri_x0.mp4,TalkingFace/Real3DPortrait,id25,,0,3.6694602966308594,-3.6694602966308594,0.0,22.44666290283203,25.0,0.0,0.0,0.01351163350045681,0.005744817666709423,0.003223080188035965,0.003223080188035965
CelebDFv3,/root/Datasets/CelebDFv3/CelebDFv3/FAKE/TalkingFace/SadTalker/id25_0002_test_id07620_fx5jKGlv9Ek.mp4,TalkingFace/SadTalker,id25,,0,2.2501611709594727,-2.2501611709594727,0.0,19.49514389038086,25.0,0.0,0.0,0.0030147708021104336,0.012471888214349747,0.006473192013800144,0.006473192013800144
CelebDFv3,/root/Datasets/CelebDFv3/CelebDFv3/FAKE/FaceReenact/DaGAN/id23_id30_0001.mp4,FaceReenact/DaGAN,id23,id30,0,2.0964484214782715,-2.0964484214782715,0.0,27.972848892211914,30.0,1.0,0.203125,0.03245461732149124,0.014120083302259445,0.03036119043827057,0.03036119043827057
CelebDFv3,/root/Datasets/CelebDFv3/CelebDFv3/FAKE/FaceReenact/FSRT/id23_id33_0004.mp4,FaceReenact/FSRT,id23,id33,0,1.820734977722168,-1.820734977722168,0.0,22.315595626831055,20.0,1.0,0.09375,0.02153083123266697,0.012816691771149635,0.009446408599615097,0.009446408599615097
CelebDFv3,/root/Datasets/CelebDFv3/CelebDFv3/FAKE/FaceReenact/HyperReenact/id31_id2_0005.mp4,FaceReenact/HyperReenact,id31,id2,0,0.7064343690872192,-0.7064343690872192,0.0,28.733060836791992,25.0,0.0,0.0,0.05119803547859192,0.005672098603099585,0.005754218902438879,0.005754218902438879
CelebDFv3,/root/Datasets/CelebDFv3/CelebDFv3/FAKE/FaceReenact/LIA/id31_id4_0007.mp4,FaceReenact/LIA,id31,id4,0,-2.0679094791412354,2.0679094791412354,0.0,65.41099548339844,30.0,1.0,0.078125,0.03547225520014763,0.006962754763662815,0.023561056703329086,0.023561056703329086
CelebDFv3,/root/Datasets/CelebDFv3/CelebDFv3/FAKE/FaceReenact/LivePortrait/id26_id37_0003.mp4,FaceReenact/LivePortrait,id26,id37,0,-7.639116287231445,7.639116287231445,0.0,100.0035171508789,30.0,1.0,0.015625,0.008734769187867641,0.0056328484788537025,0.005177986342459917,0.00930282287299633
CelebDFv3,/root/Datasets/CelebDFv3/CelebDFv3/FAKE/FaceReenact/MCNET/id22_id21_0006.mp4,FaceReenact/MCNET,id22,id21,0,3.3114404678344727,-3.3114404678344727,0.0,31.021596908569336,30.0,0.0,0.0,0.036227643489837646,0.007166387513279915,0.011656428687274456,0.011656428687274456
CelebDFv3,/root/Datasets/CelebDFv3/CelebDFv3/FAKE/FaceReenact/TPSMM/id26_id30_0006.mp4,FaceReenact/TPSMM,id26,id30,0,-0.25050750374794006,0.25050750374794006,0.0,55.15604782104492,30.0,1.0,0.09375,0.015263175591826439,0.013914232142269611,0.010883351787924767,0.010883351787924767
CelebDFv3,/root/Datasets/CelebDFv3/CelebDFv3/FAKE/FaceSwap/BlendFace/id23_id0_0008.mp4,FaceSwap/BlendFace,id23,id0,0,3.1331233978271484,-3.1331233978271484,0.0,27.5245304107666,30.0,0.0,0.0,0.0026259967125952244,0.00437029916793108,0.004020966589450836,0.007054023910313845
CelebDFv3,/root/Datasets/CelebDFv3/CelebDFv3/FAKE/FaceSwap/Celeb-DF-v2/id51_id57_0008.mp4,FaceSwap/Celeb-DF-v2,id51,id57,0,2.3207125663757324,-2.3207125663757324,0.0,24.612770080566406,30.0,0.0,0.0,0.0066395970061421394,0.0160833690315485,0.005461778491735458,0.009780924767255783
CelebDFv3,/root/Datasets/CelebDFv3/CelebDFv3/FAKE/FaceSwap/GHOST/id31_id2_0002.mp4,FaceSwap/GHOST,id31,id2,0,0.11234033852815628,-0.11234033852815628,0.0,18.757436752319336,30.0,1.0,0.03125,0.023019930347800255,0.040116775780916214,0.014930750243365765,0.026888001710176468
CelebDFv3,/root/Datasets/CelebDFv3/CelebDFv3/FAKE/FaceSwap/HifiFace/id23_id29_0007.mp4,FaceSwap/HifiFace,id23,id29,0,2.2801311016082764,-2.2801311016082764,0.0,25.720823287963867,30.0,0.0,0.0,0.014755083248019218,0.029087048023939133,0.007677172310650349,0.013468142598867416
CelebDFv3,/root/Datasets/CelebDFv3/CelebDFv3/FAKE/FaceSwap/InSwapper/id22_id24_0009.mp4,FaceSwap/InSwapper,id22,id24,0,-0.8731799125671387,0.8731799125671387,0.0,25.30804443359375,30.0,1.0,0.171875,0.021794606000185013,0.0179889015853405,0.009433387778699398,0.01676606386899948
CelebDFv3,/root/Datasets/CelebDFv3/CelebDFv3/FAKE/FaceSwap/MobileFaceSwap/id23_id17_0006.mp4,FaceSwap/MobileFaceSwap,id23,id17,0,1.3881018161773682,-1.3881018161773682,0.0,16.66836929321289,30.0,0.0,0.0,0.010740067809820175,0.006007096730172634,0.0032746964134275913,0.004338973201811314
CelebDFv3,/root/Datasets/CelebDFv3/CelebDFv3/FAKE/FaceSwap/SimSwap/id48_id47_0004.mp4,FaceSwap/SimSwap,id48,id47,0,3.8557534217834473,-3.8557534217834473,0.0,35.75518035888672,30.0,0.0,0.0,0.003413451835513115,0.0035412684082984924,0.0026609543710947037,0.004751704167574644
CelebDFv3,/root/Datasets/CelebDFv3/CelebDFv3/FAKE/FaceSwap/UniFace/id48_id42_0001.mp4,FaceSwap/UniFace,id48,id42,0,1.9900200366973877,-1.9900200366973877,0.0,22.536367416381836,30.0,0.0,0.0,0.007146368734538555,0.009250326082110405,0.002264939248561859,0.004044533707201481
CelebDFv3,/root/Datasets/CelebDFv3/CelebDFv3/FAKE/TalkingFace/AniTalker/id54_0007_test_id01298_gWkO0NOMazs.mp4,TalkingFace/AniTalker,id54,,0,1.357290506362915,-1.357290506362915,0.0,42.841026306152344,25.0,0.0,0.0,0.010751000605523586,0.006283293478190899,0.007425062824040651,0.007425062824040651
CelebDFv3,/root/Datasets/CelebDFv3/CelebDFv3/FAKE/TalkingFace/EDTalk/id31_0007_test_id04276_j7kziDG61kk.mp4,TalkingFace/EDTalk,id31,,0,-2.276502847671509,2.276502847671509,0.0,57.60901641845703,25.0,0.0,0.0,0.014702006243169308,0.014934083446860313,0.010614469647407532,0.010614469647407532
CelebDFv3,/root/Datasets/CelebDFv3/CelebDFv3/FAKE/TalkingFace/EchoMimic/id26_0004_test_id01333_SwmQTyhzge8.mp4,TalkingFace/EchoMimic,id26,,0,1.9447276592254639,-1.9447276592254639,0.0,28.89131736755371,24.0,0.0,0.0,0.006075624842196703,0.01074413862079382,0.005907537415623665,0.005907537415623665
CelebDFv3,/root/Datasets/CelebDFv3/CelebDFv3/FAKE/TalkingFace/FLOAT/id31_0009_test_id00081_xjfPXNgzW6o.mp4,TalkingFace/FLOAT,id31,,0,0.7391457557678223,-0.7391457557678223,0.0,21.454387664794922,25.0,0.0,0.0,0.021299157291650772,0.014455219730734825,0.008302181027829647,0.008302181027829647
CelebDFv3,/root/Datasets/CelebDFv3/CelebDFv3/FAKE/TalkingFace/IP_LAP/id8_0003_test_id07620_axaQeZdVOgM.mp4,TalkingFace/IP_LAP,id8,,0,1.2440344095230103,-1.2440344095230103,0.0,34.37562942504883,25.0,0.0,0.0,0.018175017088651657,0.01523937564343214,0.006551201920956373,0.006551201920956373
CelebDFv3,/root/Datasets/CelebDFv3/CelebDFv3/FAKE/TalkingFace/Real3DPortrait/id22_0000_test_id03839_xtBkY9xYpjA.mp4,TalkingFace/Real3DPortrait,id22,,0,2.255582571029663,-2.255582571029663,0.0,33.32509231567383,25.0,0.0,0.0,0.01782853901386261,0.00654258020222187,0.011846214532852173,0.011846214532852173
CelebDFv3,/root/Datasets/CelebDFv3/CelebDFv3/FAKE/TalkingFace/SadTalker/id11_0006_test_id04862_i6aGUMQW5jA.mp4,TalkingFace/SadTalker,id11,,0,0.16992723941802979,-0.16992723941802979,0.0,35.748870849609375,25.0,0.0,0.0,0.004700906109064817,0.00856342725455761,0.0067036449909210205,0.0067036449909210205
CelebDFv3,/root/Datasets/CelebDFv3/CelebDFv3/FAKE/FaceReenact/DaGAN/id26_id29_0008.mp4,FaceReenact/DaGAN,id26,id29,0,3.7047057151794434,-3.7047057151794434,0.0,22.043378829956055,30.0,1.0,0.09375,0.015640268102288246,0.011200472712516785,0.013032004237174988,0.013032004237174988
CelebDFv3,/root/Datasets/CelebDFv3/CelebDFv3/FAKE/FaceReenact/FSRT/id23_id9_0004.mp4,FaceReenact/FSRT,id23,id9,0,2.2740120887756348,-2.2740120887756348,0.0,25.773942947387695,20.0,0.0,0.0,0.01168157160282135,0.008628299459815025,0.005803914275020361,0.005803914275020361
CelebDFv3,/root/Datasets/CelebDFv3/CelebDFv3/FAKE/FaceReenact/HyperReenact/id31_id17_0004.mp4,FaceReenact/HyperReenact,id31,id17,0,1.9343845844268799,-1.9343845844268799,0.0,25.98900032043457,25.0,0.0,0.0,0.008854608982801437,0.006576310843229294,0.00878464337438345,0.00878464337438345
CelebDFv3,/root/Datasets/CelebDFv3/CelebDFv3/FAKE/FaceReenact/LIA/id56_id58_0009.mp4,FaceReenact/LIA,id56,id58,0,-0.08656325936317444,0.08656325936317444,0.0,40.262847900390625,29.0,0.0,0.0,0.017970215529203415,0.012233389541506767,0.007534787990152836,0.007534787990152836
CelebDFv3,/root/Datasets/CelebDFv3/CelebDFv3/FAKE/FaceReenact/LivePortrait/id23_id1_0007.mp4,FaceReenact/LivePortrait,id23,id1,0,-4.645116806030273,4.645116806030273,0.0,71.67355346679688,30.0,0.0,0.0,0.0011380129726603627,0.0006613147561438382,0.0015640778001397848,0.0027438774704933167
CelebDFv3,/root/Datasets/CelebDFv3/CelebDFv3/FAKE/FaceReenact/MCNET/id22_id26_0001.mp4,FaceReenact/MCNET,id22,id26,0,1.9974913597106934,-1.9974913597106934,0.0,19.606924057006836,30.0,1.0,0.0625,0.041580524295568466,0.027673691511154175,0.02305961586534977,0.02305961586534977
CelebDFv3,/root/Datasets/CelebDFv3/CelebDFv3/FAKE/FaceReenact/TPSMM/id25_id19_0007.mp4,FaceReenact/TPSMM,id25,id19,0,2.584059953689575,-2.584059953689575,0.0,53.03421401977539,30.0,1.0,0.015625,0.012304265983402729,0.00700521282851696,0.008389187045395374,0.008389187045395374
CelebDFv3,/root/Datasets/CelebDFv3/CelebDFv3/FAKE/FaceSwap/BlendFace/id22_id21_0005.mp4,FaceSwap/BlendFace,id22,id21,0,1.9812486171722412,-1.9812486171722412,0.0,35.848087310791016,30.0,0.0,0.0,0.0050367321819067,0.003485739463940263,0.002220726804807782,0.0039469217881560326
CelebDFv3,/root/Datasets/CelebDFv3/CelebDFv3/FAKE/FaceSwap/Celeb-DF-v2/id31_id29_0000.mp4,FaceSwap/Celeb-DF-v2,id31,id29,0,-0.7265084981918335,0.7265084981918335,0.0,23.126100540161133,30.0,0.0,0.0,0.005234669893980026,0.007456101942807436,0.0031111419666558504,0.005602692719548941
CelebDFv3,/root/Datasets/CelebDFv3/CelebDFv3/FAKE/FaceSwap/GHOST/id48_id45_0002.mp4,FaceSwap/GHOST,id48,id45,0,2.1995956897735596,-2.1995956897735596,0.0,29.23627281188965,30.0,0.0,0.0,0.0036561605520546436,0.005055916961282492,0.0016769960056990385,0.002994635608047247
CelebDFv3,/root/Datasets/CelebDFv3/CelebDFv3/FAKE/FaceSwap/HifiFace/id22_id24_0005.mp4,FaceSwap/HifiFace,id22,id24,0,1.4431596994400024,-1.4431596994400024,0.0,34.88578796386719,30.0,0.0,0.0,0.00484383013099432,0.003008904866874218,0.001760194543749094,0.0031284126453101635
CelebDFv3,/root/Datasets/CelebDFv3/CelebDFv3/FAKE/FaceSwap/InSwapper/id8_id4_0007.mp4,FaceSwap/InSwapper,id8,id4,0,-1.0929709672927856,1.0929709672927856,0.0,23.272838592529297,30.0,0.0,0.0,0.014673035591840744,0.05874200910329819,0.002018172759562731,0.003802237333729863
CelebDFv3,/root/Datasets/CelebDFv3/CelebDFv3/FAKE/FaceSwap/MobileFaceSwap/id31_id34_0006.mp4,FaceSwap/MobileFaceSwap,id31,id34,0,-0.006263256072998047,0.006263256072998047,0.0,30.37540054321289,30.0,1.0,0.015625,0.006075222045183182,0.01217485312372446,0.0028284082654863596,0.005093531683087349
CelebDFv3,/root/Datasets/CelebDFv3/CelebDFv3/FAKE/FaceSwap/SimSwap/id56_id57_0008.mp4,FaceSwap/SimSwap,id56,id57,0,2.3775837421417236,-2.3775837421417236,0.0,21.160137176513672,30.0,1.0,0.015625,0.007981158792972565,0.005380810238420963,0.0028077499009668827,0.005028104409575462
CelebDFv3,/root/Datasets/CelebDFv3/CelebDFv3/FAKE/FaceSwap/UniFace/id48_id40_0003.mp4,FaceSwap/UniFace,id48,id40,0,-0.2817367613315582,0.2817367613315582,0.0,29.462324142456055,30.0,1.0,0.0625,0.010455469600856304,0.033988505601882935,0.011383859440684319,0.020328320562839508
CelebDFv3,/root/Datasets/CelebDFv3/CelebDFv3/FAKE/TalkingFace/AniTalker/id23_0002_test_id01593_QZPwKUYcJ30.mp4,TalkingFace/AniTalker,id23,,0,3.6763927936553955,-3.6763927936553955,0.0,23.2759952545166,25.0,0.0,0.0,0.005624385550618172,0.007358795963227749,0.006618906278163195,0.006618906278163195
CelebDFv3,/root/Datasets/CelebDFv3/CelebDFv3/FAKE/TalkingFace/EDTalk/id59_0002_test_id05055_vecDm0cNDVs.mp4,TalkingFace/EDTalk,id59,,0,-0.9067143797874451,0.9067143797874451,0.0,25.426664352416992,25.0,0.0,0.0,0.013646543957293034,0.015540693886578083,0.006804578471928835,0.006804578471928835
CelebDFv3,/root/Datasets/CelebDFv3/CelebDFv3/FAKE/TalkingFace/EchoMimic/id11_0005_test_id04094_BNAe-NhgItg.mp4,TalkingFace/EchoMimic,id11,,0,-2.800887107849121,2.800887107849121,0.0,32.81770706176758,24.0,0.0,0.0,0.008610193617641926,0.01136990450322628,0.006284327246248722,0.006284327246248722
CelebDFv3,/root/Datasets/CelebDFv3/CelebDFv3/FAKE/TalkingFace/FLOAT/id26_0002_test_id07494_xQ0YMPe-9u8.mp4,TalkingFace/FLOAT,id26,,0,0.2138766348361969,-0.2138766348361969,0.0,22.124160766601562,25.0,0.0,0.0,0.01704593375325203,0.013800011947751045,0.010780208744108677,0.010780208744108677
CelebDFv3,/root/Datasets/CelebDFv3/CelebDFv3/FAKE/TalkingFace/IP_LAP/id56_0001_test_id01106_mkgP19APekU.mp4,TalkingFace/IP_LAP,id56,,0,4.705021858215332,-4.705021858215332,0.0,21.144224166870117,25.0,0.0,0.0,0.016158245503902435,0.011333724483847618,0.010381346568465233,0.010381346568465233
CelebDFv3,/root/Datasets/CelebDFv3/CelebDFv3/FAKE/TalkingFace/Real3DPortrait/id23_0002_test_id01593_NxfyefwggDQ.mp4,TalkingFace/Real3DPortrait,id23,,0,2.44954514503479,-2.44954514503479,0.0,27.7136173248291,25.0,0.0,0.0,0.014925147406756878,0.0063780443742871284,0.014024393633008003,0.014024393633008003
CelebDFv3,/root/Datasets/CelebDFv3/CelebDFv3/FAKE/TalkingFace/SadTalker/id31_0002_test_id00812_BDoGOx3Jgbk.mp4,TalkingFace/SadTalker,id31,,0,-1.7954623699188232,1.7954623699188232,0.0,33.404293060302734,25.0,0.0,0.0,0.004705063533037901,0.004852939862757921,0.01294729020446539,0.01294729020446539
CelebDFv3,/root/Datasets/CelebDFv3/CelebDFv3/FAKE/FaceReenact/DaGAN/id54_id53_0008.mp4,FaceReenact/DaGAN,id54,id53,0,2.749647378921509,-2.749647378921509,0.0,30.754436492919922,30.0,0.0,0.0,0.009292008355259895,0.0067965867929160595,0.005161804147064686,0.005161804147064686
CelebDFv3,/root/Datasets/CelebDFv3/CelebDFv3/FAKE/FaceReenact/FSRT/id23_id28_0001.mp4,FaceReenact/FSRT,id23,id28,0,2.148519515991211,-2.148519515991211,0.0,22.130693435668945,20.0,1.0,0.09375,0.01729431375861168,0.007680795155465603,0.016773557290434837,0.016773557290434837
CelebDFv3,/root/Datasets/CelebDFv3/CelebDFv3/FAKE/FaceReenact/HyperReenact/id26_id30_0004.mp4,FaceReenact/HyperReenact,id26,id30,0,-0.9324293732643127,0.9324293732643127,0.0,27.426868438720703,25.0,0.0,0.0,0.006071821786463261,0.002539037261158228,0.0055072372779250145,0.0055072372779250145
CelebDFv3,/root/Datasets/CelebDFv3/CelebDFv3/FAKE/FaceReenact/LIA/id23_id9_0000.mp4,FaceReenact/LIA,id23,id9,0,1.1832709312438965,-1.1832709312438965,0.0,27.061908721923828,30.0,1.0,0.03125,0.016009502112865448,0.016883648931980133,0.009277562610805035,0.009277562610805035
CelebDFv3,/root/Datasets/CelebDFv3/CelebDFv3/FAKE/FaceReenact/LivePortrait/id31_id9_0002.mp4,FaceReenact/LivePortrait,id31,id9,0,-0.6958626508712769,0.6958626508712769,0.0,22.005184173583984,30.0,1.0,0.125,0.014216361567378044,0.035991813987493515,0.007687744684517384,0.013844453729689121
CelebDFv3,/root/Datasets/CelebDFv3/CelebDFv3/FAKE/FaceReenact/MCNET/id51_id49_0005.mp4,FaceReenact/MCNET,id51,id49,0,1.2437829971313477,-1.2437829971313477,0.0,38.06758117675781,30.0,1.0,0.09375,0.014274007640779018,0.011679801158607006,0.011593807488679886,0.011593807488679886
CelebDFv3,/root/Datasets/CelebDFv3/CelebDFv3/FAKE/FaceReenact/TPSMM/id26_id30_0003.mp4,FaceReenact/TPSMM,id26,id30,0,-3.2308902740478516,3.2308902740478516,0.0,67.93637084960938,30.0,0.0,0.0,0.026475168764591217,0.016908898949623108,0.009721443057060242,0.009721443057060242
CelebDFv3,/root/Datasets/CelebDFv3/CelebDFv3/FAKE/FaceSwap/BlendFace/id23_id20_0007.mp4,FaceSwap/BlendFace,id23,id20,0,2.005340337753296,-2.005340337753296,0.0,25.662822723388672,30.0,0.0,0.0,0.016841838136315346,0.029884926974773407,0.008815109729766846,0.015464438125491142
CelebDFv3,/root/Datasets/CelebDFv3/CelebDFv3/FAKE/FaceSwap/Celeb-DF-v2/id26_id31_0003.mp4,FaceSwap/Celeb-DF-v2,id26,id31,0,-9.265920639038086,9.265920639038086,0.0,100.69880676269531,30.0,1.0,0.015625,0.007611089386045933,0.011011922731995583,0.0037173693999648094,0.006678663659840822
CelebDFv3,/root/Datasets/CelebDFv3/CelebDFv3/FAKE/FaceSwap/GHOST/id8_id4_0007.mp4,FaceSwap/GHOST,id8,id4,0,-0.4171702265739441,0.4171702265739441,0.0,22.033777236938477,30.0,0.0,0.0,0.014558473601937294,0.05768468603491783,0.002445090329274535,0.004606550559401512
CelebDFv3,/root/Datasets/CelebDFv3/CelebDFv3/FAKE/FaceSwap/HifiFace/id48_id46_0001.mp4,FaceSwap/HifiFace,id48,id46,0,2.7914412021636963,-2.7914412021636963,0.0,22.862464904785156,30.0,0.0,0.0,0.007120688911527395,0.009296548552811146,0.0027029700577259064,0.004826732445508242
CelebDFv3,/root/Datasets/CelebDFv3/CelebDFv3/FAKE/FaceSwap/InSwapper/id31_id29_0001.mp4,FaceSwap/InSwapper,id31,id29,0,-3.032543182373047,3.032543182373047,0.0,30.190723419189453,30.0,0.0,0.0,0.003393064718693495,0.004660109523683786,0.002230552025139332,0.004016884136945009
CelebDFv3,/root/Datasets/CelebDFv3/CelebDFv3/FAKE/FaceSwap/MobileFaceSwap/id48_id40_0003.mp4,FaceSwap/MobileFaceSwap,id48,id40,0,0.5214663743972778,-0.5214663743972778,0.0,29.48065757751465,30.0,1.0,0.046875,0.008784845471382141,0.03413223475217819,0.012964042834937572,0.02315007708966732
CelebDFv3,/root/Datasets/CelebDFv3/CelebDFv3/FAKE/FaceSwap/SimSwap/id48_id45_0007.mp4,FaceSwap/SimSwap,id48,id45,0,2.450981616973877,-2.450981616973877,0.0,29.911855697631836,30.0,0.0,0.0,0.0037153095472604036,0.004235668107867241,0.0017501231050118804,0.0022961616050451994
CelebDFv3,/root/Datasets/CelebDFv3/CelebDFv3/FAKE/FaceSwap/UniFace/id51_id50_0007.mp4,FaceSwap/UniFace,id51,id50,0,-2.8149430751800537,2.8149430751800537,0.0,33.73896408081055,30.0,0.0,0.0,0.004088040441274643,0.004453699104487896,0.002736032707616687,0.004899673163890839
CelebDFv3,/root/Datasets/CelebDFv3/CelebDFv3/FAKE/TalkingFace/AniTalker/id31_0001_test_id09017_fsgr0uLbKVg.mp4,TalkingFace/AniTalker,id31,,0,-0.8507077693939209,0.8507077693939209,0.0,31.8338680267334,25.0,0.0,0.0,0.009340026415884495,0.007227111607789993,0.007541964296251535,0.007541964296251535
CelebDFv3,/root/Datasets/CelebDFv3/CelebDFv3/FAKE/TalkingFace/EDTalk/id25_0003_test_id01066_7B-KDiAofNk.mp4,TalkingFace/EDTalk,id25,,0,4.904257774353027,-4.904257774353027,0.0,22.552396774291992,25.0,0.0,0.0,0.014024078845977783,0.013685749843716621,0.007674341090023518,0.007674341090023518
CelebDFv3,/root/Datasets/CelebDFv3/CelebDFv3/FAKE/TalkingFace/EchoMimic/id11_0009_test_id08149_Ay1xwkYsNAE.mp4,TalkingFace/EchoMimic,id11,,0,-2.2419519424438477,2.2419519424438477,0.0,31.323457717895508,24.0,0.0,0.0,0.00978147517889738,0.013375641778111458,0.0070234639570117,0.0070234639570117
CelebDFv3,/root/Datasets/CelebDFv3/CelebDFv3/FAKE/TalkingFace/FLOAT/id31_0000_test_id03041_qyCz5uttaAA.mp4,TalkingFace/FLOAT,id31,,0,0.5683055520057678,-0.5683055520057678,0.0,21.716955184936523,25.0,0.0,0.0,0.012689892202615738,0.011110838502645493,0.009604278951883316,0.009604278951883316
CelebDFv3,/root/Datasets/CelebDFv3/CelebDFv3/FAKE/TalkingFace/IP_LAP/id25_0006_test_id03347_iLd-6KT2Y2Q.mp4,TalkingFace/IP_LAP,id25,,0,-4.845057487487793,4.845057487487793,0.0,100.5350112915039,25.0,0.0,0.0,0.005520660430192947,0.00759861757978797,0.007836302742362022,0.007836302742362022
CelebDFv3,/root/Datasets/CelebDFv3/CelebDFv3/FAKE/TalkingFace/Real3DPortrait/id54_0007_test_id01298_gWkO0NOMazs.mp4,TalkingFace/Real3DPortrait,id54,,0,0.3523944616317749,-0.3523944616317749,0.0,43.16212463378906,25.0,1.0,0.015625,0.015193182975053787,0.007401447743177414,0.013295590877532959,0.013295590877532959
CelebDFv3,/root/Datasets/CelebDFv3/CelebDFv3/FAKE/TalkingFace/SadTalker/id11_0001_test_id01224_rjzQSZ-p8d0.mp4,TalkingFace/SadTalker,id11,,0,-3.6994190216064453,3.6994190216064453,0.0,39.01895523071289,25.0,0.0,0.0,0.0038060303777456284,0.008698725141584873,0.005448001436889172,0.005448001436889172
CelebDFv3,/root/Datasets/CelebDFv3/CelebDFv3/FAKE/FaceReenact/DaGAN/id23_id4_0005.mp4,FaceReenact/DaGAN,id23,id4,0,1.65571129322052,-1.65571129322052,0.0,23.42705726623535,30.0,0.0,0.0,0.01982741802930832,0.02182798832654953,0.010820871219038963,0.010820871219038963
CelebDFv3,/root/Datasets/CelebDFv3/CelebDFv3/FAKE/FaceReenact/FSRT/id25_id21_0002.mp4,FaceReenact/FSRT,id25,id21,0,2.416828155517578,-2.416828155517578,0.0,18.324878692626953,20.0,1.0,0.078125,0.01576017215847969,0.02699800580739975,0.011940868571400642,0.011940868571400642
CelebDFv3,/root/Datasets/CelebDFv3/CelebDFv3/FAKE/FaceReenact/HyperReenact/id11_id7_0003.mp4,FaceReenact/HyperReenact,id11,id7,0,-0.579731822013855,0.579731822013855,0.0,25.443918228149414,25.0,0.0,0.0,0.006145450286567211,0.0025877091102302074,0.006856378633528948,0.006856378633528948
CelebDFv3,/root/Datasets/CelebDFv3/CelebDFv3/FAKE/FaceReenact/LIA/id31_id38_0006.mp4,FaceReenact/LIA,id31,id38,0,-2.2535252571105957,2.2535252571105957,0.0,30.367773056030273,30.0,0.0,0.0,0.020289316773414612,0.006959787104278803,0.019609911367297173,0.019609911367297173
CelebDFv3,/root/Datasets/CelebDFv3/CelebDFv3/FAKE/FaceReenact/LivePortrait/id23_id29_0007.mp4,FaceReenact/LivePortrait,id23,id29,0,-2.6701719760894775,2.6701719760894775,0.0,53.25626754760742,30.0,0.0,0.0,0.036077436059713364,0.03599707782268524,0.008638297207653522,0.015154252760112286
CelebDFv3,/root/Datasets/CelebDFv3/CelebDFv3/FAKE/FaceReenact/MCNET/id31_id2_0001.mp4,FaceReenact/MCNET,id31,id2,0,3.6376194953918457,-3.6376194953918457,0.0,25.117061614990234,30.0,0.0,0.0,0.008687075227499008,0.004652542062103748,0.006870118901133537,0.006870118901133537
CelebDFv3,/root/Datasets/CelebDFv3/CelebDFv3/FAKE/FaceReenact/TPSMM/id31_id9_0002.mp4,FaceReenact/TPSMM,id31,id9,0,0.810517430305481,-0.810517430305481,0.0,28.590744018554688,30.0,0.0,0.0,0.010689268819987774,0.00990329310297966,0.009479896165430546,0.009479896165430546
CelebDFv3,/root/Datasets/CelebDFv3/CelebDFv3/FAKE/FaceSwap/BlendFace/id26_id32_0006.mp4,FaceSwap/BlendFace,id26,id32,0,0.5646732449531555,-0.5646732449531555,0.0,64.80587005615234,30.0,0.0,0.0,0.024969959631562233,0.008808134123682976,0.007093371823430061,0.012916752137243748
CelebDFv3,/root/Datasets/CelebDFv3/CelebDFv3/FAKE/FaceSwap/Celeb-DF-v2/id51_id55_0000.mp4,FaceSwap/Celeb-DF-v2,id51,id55,0,0.00825488567352295,-0.00825488567352295,0.0,19.10997772216797,30.0,0.0,0.0,0.009842103347182274,0.004765762016177177,0.006195857655256987,0.011095510795712471
CelebDFv3,/root/Datasets/CelebDFv3/CelebDFv3/FAKE/FaceSwap/GHOST/id51_id57_0007.mp4,FaceSwap/GHOST,id51,id57,0,-1.0264148712158203,1.0264148712158203,0.0,27.515655517578125,30.0,0.0,0.0,0.003722067689523101,0.004553200677037239,0.0018852704670280218,0.0033761325757950544
CelebDFv3,/root/Datasets/CelebDFv3/CelebDFv3/FAKE/FaceSwap/HifiFace/id25_id28_0002.mp4,FaceSwap/HifiFace,id25,id28,0,2.1579232215881348,-2.1579232215881348,0.0,17.0567626953125,30.0,0.0,0.0,0.011998956091701984,0.022203857079148293,0.0031100811902433634,0.00560078164562583
CelebDFv3,/root/Datasets/CelebDFv3/CelebDFv3/FAKE/FaceSwap/InSwapper/id23_id24_0009.mp4,FaceSwap/InSwapper,id23,id24,0,2.6939697265625,-2.6939697265625,0.0,20.050214767456055,30.0,0.0,0.0,0.00476129911839962,0.006079570855945349,0.0032247542403638363,0.004269574768841267
CelebDFv3,/root/Datasets/CelebDFv3/CelebDFv3/FAKE/FaceSwap/MobileFaceSwap/id51_id57_0008.mp4,FaceSwap/MobileFaceSwap,id51,id57,0,2.253788471221924,-2.253788471221924,0.0,25.52651596069336,30.0,0.0,0.0,0.00670967623591423,0.01646389067173004,0.004900651518255472,0.008776062168180943
CelebDFv3,/root/Datasets/CelebDFv3/CelebDFv3/FAKE/FaceSwap/SimSwap/id8_id7_0008.mp4,FaceSwap/SimSwap,id8,id7,0,-0.17915284633636475,0.17915284633636475,0.0,31.368621826171875,30.0,0.0,0.0,0.0055005415342748165,0.00615705456584692,0.000978940981440246,0.0018443248700350523
CelebDFv3,/root/Datasets/CelebDFv3/CelebDFv3/FAKE/FaceSwap/UniFace/id8_id2_0003.mp4,FaceSwap/UniFace,id8,id2,0,0.2801753878593445,-0.2801753878593445,0.0,38.50446319580078,30.0,0.0,0.0,0.004124891944229603,0.014888732694089413,0.0025088631082326174,0.0047266981564462185
CelebDFv3,/root/Datasets/CelebDFv3/CelebDFv3/FAKE/TalkingFace/AniTalker/id59_0007_test_id02317_5moKZXlJTEs.mp4,TalkingFace/AniTalker,id59,,0,2.727633237838745,-2.727633237838745,0.0,31.859766006469727,25.0,0.0,0.0,0.008245623670518398,0.005561667960137129,0.005517484620213509,0.005517484620213509
CelebDFv3,/root/Datasets/CelebDFv3/CelebDFv3/FAKE/TalkingFace/EDTalk/id23_0002_test_id03347_JbbZ8at5OF8.mp4,TalkingFace/EDTalk,id23,,0,3.2704074382781982,-3.2704074382781982,0.0,27.55457878112793,25.0,0.0,0.0,0.013292278163135052,0.015258082188665867,0.011387331411242485,0.011387331411242485
CelebDFv3,/root/Datasets/CelebDFv3/CelebDFv3/FAKE/TalkingFace/EchoMimic/id22_0001_test_id02542_gMKSu2wZpAA.mp4,TalkingFace/EchoMimic,id22,,0,1.8651384115219116,-1.8651384115219116,0.0,25.53371810913086,24.0,0.0,0.0,0.002258049324154854,0.005100189242511988,0.005766445305198431,0.005766445305198431
CelebDFv3,/root/Datasets/CelebDFv3/CelebDFv3/FAKE/TalkingFace/FLOAT/id31_0007_test_id08456_Kz89r1sNI6k.mp4,TalkingFace/FLOAT,id31,,0,-2.7289316654205322,2.7289316654205322,0.0,57.332576751708984,25.0,0.0,0.0,0.012846616096794605,0.009210515767335892,0.007681345567107201,0.007681345567107201
CelebDFv3,/root/Datasets/CelebDFv3/CelebDFv3/FAKE/TalkingFace/IP_LAP/id31_0003_test_id04627_IjO3LUCaYLE.mp4,TalkingFace/IP_LAP,id31,,0,-2.68648624420166,2.68648624420166,0.0,30.797636032104492,25.0,0.0,0.0,0.02951832488179207,0.009829978458583355,0.016280198469758034,0.016280198469758034
CelebDFv3,/root/Datasets/CelebDFv3/CelebDFv3/FAKE/TalkingFace/Real3DPortrait/id56_0004_test_id09017_oF8cALd6lU0.mp4,TalkingFace/Real3DPortrait,id56,,0,3.975001096725464,-3.975001096725464,0.0,33.57205581665039,25.0,0.0,0.0,0.013142716139554977,0.00732475845143199,0.009830533526837826,0.009830533526837826
CelebDFv3,/root/Datasets/CelebDFv3/CelebDFv3/FAKE/TalkingFace/SadTalker/id59_0002_test_id03524_Lt7XKpDEmh0.mp4,TalkingFace/SadTalker,id59,,0,-1.9746317863464355,1.9746317863464355,0.0,31.457866668701172,25.0,0.0,0.0,0.002701597986742854,0.009065990336239338,0.004586556926369667,0.004586556926369667
CelebDFv3,/root/Datasets/CelebDFv3/CelebDFv3/FAKE/FaceReenact/DaGAN/id54_id49_0008.mp4,FaceReenact/DaGAN,id54,id49,0,1.628860592842102,-1.628860592842102,0.0,35.19951248168945,30.0,0.0,0.0,0.018820080906152725,0.009548851288855076,0.012430203147232533,0.012430203147232533
CelebDFv3,/root/Datasets/CelebDFv3/CelebDFv3/FAKE/FaceReenact/FSRT/id23_id21_0007.mp4,FaceReenact/FSRT,id23,id21,0,-0.11997613310813904,0.11997613310813904,0.0,38.2538948059082,20.0,0.0,0.0,0.018500257283449173,0.0076470328494906425,0.007592848502099514,0.007592848502099514
CelebDFv3,/root/Datasets/CelebDFv3/CelebDFv3/FAKE/FaceReenact/HyperReenact/id48_id45_0002.mp4,FaceReenact/HyperReenact,id48,id45,0,0.283865362405777,-0.283865362405777,0.0,31.614763259887695,25.0,0.0,0.0,0.004511446692049503,0.002822879934683442,0.006984211504459381,0.006984211504459381
CelebDFv3,/root/Datasets/CelebDFv3/CelebDFv3/FAKE/FaceReenact/LIA/id56_id50_0005.mp4,FaceReenact/LIA,id56,id50,0,2.6028518676757812,-2.6028518676757812,0.0,36.955894470214844,29.0,1.0,0.078125,0.026400817558169365,0.008992118760943413,0.006371674593538046,0.006371674593538046
CelebDFv3,/root/Datasets/CelebDFv3/CelebDFv3/FAKE/FaceReenact/LivePortrait/id48_id43_0003.mp4,FaceReenact/LivePortrait,id48,id43,0,1.6790211200714111,-1.6790211200714111,0.0,28.92029571533203,30.0,0.0,0.0,0.00949845276772976,0.03369583562016487,0.010848556645214558,0.019372425973415375
CelebDFv3,/root/Datasets/CelebDFv3/CelebDFv3/FAKE/FaceReenact/MCNET/id54_id57_0008.mp4,FaceReenact/MCNET,id54,id57,0,2.899979591369629,-2.899979591369629,0.0,28.931270599365234,29.829999923706055,0.0,0.0,0.02137514390051365,0.012158694677054882,0.011941837146878242,0.011941837146878242
CelebDFv3,/root/Datasets/CelebDFv3/CelebDFv3/FAKE/FaceReenact/TPSMM/id23_id16_0009.mp4,FaceReenact/TPSMM,id23,id16,0,4.590616226196289,-4.590616226196289,0.0,23.242225646972656,30.0,0.0,0.0,0.022448811680078506,0.013487749733030796,0.009390892460942268,0.009390892460942268
CelebDFv3,/root/Datasets/CelebDFv3/CelebDFv3/FAKE/FaceSwap/BlendFace/id54_id55_0006.mp4,FaceSwap/BlendFace,id54,id55,0,-2.8153820037841797,2.8153820037841797,0.0,41.684288024902344,30.0,0.0,0.0,0.006205962039530277,0.0097679253667593,0.004224169999361038,0.007564622443169355
CelebDFv3,/root/Datasets/CelebDFv3/CelebDFv3/FAKE/FaceSwap/Celeb-DF-v2/id51_id55_0001.mp4,FaceSwap/Celeb-DF-v2,id51,id55,0,-2.7788476943969727,2.7788476943969727,0.0,65.69854736328125,30.0,1.0,0.046875,0.006449009757488966,0.00744779035449028,0.005322766490280628,0.009531984105706215
CelebDFv3,/root/Datasets/CelebDFv3/CelebDFv3/FAKE/FaceSwap/GHOST/id31_id33_0009.mp4,FaceSwap/GHOST,id31,id33,0,1.8513801097869873,-1.8513801097869873,0.0,17.266448974609375,30.0,1.0,0.015625,0.00500589469447732,0.006685839965939522,0.0036635822616517544,0.006597552448511124
CelebDFv3,/root/Datasets/CelebDFv3/CelebDFv3/FAKE/FaceSwap/HifiFace/id51_id55_0000.mp4,FaceSwap/HifiFace,id51,id55,0,-0.9301106333732605,0.9301106333732605,0.0,18.886863708496094,30.0,0.0,0.0,0.009194738231599331,0.00514744408428669,0.008474469184875488,0.015176037326455116
CelebDFv3,/root/Datasets/CelebDFv3/CelebDFv3/FAKE/FaceSwap/InSwapper/id23_id30_0000.mp4,FaceSwap/InSwapper,id23,id30,0,3.3999154567718506,-3.3999154567718506,0.0,24.62807846069336,30.0,0.0,0.0,0.003296452108770609,0.002762951422482729,0.0013871408300474286,0.0024653805885463953
CelebDFv3,/root/Datasets/CelebDFv3/CelebDFv3/FAKE/FaceSwap/MobileFaceSwap/id31_id32_0008.mp4,FaceSwap/MobileFaceSwap,id31,id32,0,3.60591721534729,-3.60591721534729,0.0,30.175167083740234,30.0,0.0,0.0,0.00439711008220911,0.011939579620957375,0.00584038719534874,0.010517646558582783
CelebDFv3,/root/Datasets/CelebDFv3/CelebDFv3/FAKE/FaceSwap/SimSwap/id48_id43_0003.mp4,FaceSwap/SimSwap,id48,id43,0,0.18676936626434326,-0.18676936626434326,0.0,28.465456008911133,30.0,1.0,0.0625,0.010003906674683094,0.03209294006228447,0.0129123255610466,0.0230577252805233
CelebDFv3,/root/Datasets/CelebDFv3/CelebDFv3/FAKE/FaceSwap/UniFace/id26_id27_0008.mp4,FaceSwap/UniFace,id26,id27,0,4.776218414306641,-4.776218414306641,0.0,23.367141723632812,30.0,0.0,0.0,0.009694280102849007,0.006212444975972176,0.0027138255536556244,0.0049417694099247456
CelebDFv3,/root/Datasets/CelebDFv3/CelebDFv3/FAKE/TalkingFace/AniTalker/id22_0006_test_id04478_qfn8NllQPNY.mp4,TalkingFace/AniTalker,id22,,0,3.376645565032959,-3.376645565032959,0.0,33.31168746948242,25.0,0.0,0.0,0.009897337295114994,0.0041907490231096745,0.004795794375240803,0.004795794375240803
CelebDFv3,/root/Datasets/CelebDFv3/CelebDFv3/FAKE/TalkingFace/EDTalk/id11_0005_test_id02465_PhHBC9xmnUQ.mp4,TalkingFace/EDTalk,id11,,0,1.0973231792449951,-1.0973231792449951,0.0,29.942533493041992,25.0,0.0,0.0,0.013517729938030243,0.011370518244802952,0.010855058208107948,0.010855058208107948
CelebDFv3,/root/Datasets/CelebDFv3/CelebDFv3/FAKE/TalkingFace/EchoMimic/id25_0004_test_id01593_tLFWX-IdAwI.mp4,TalkingFace/EchoMimic,id25,,0,2.052327871322632,-2.052327871322632,0.0,33.28199768066406,24.0,0.0,0.0,0.01886238344013691,0.015762431547045708,0.009802502579987049,0.009802502579987049
CelebDFv3,/root/Datasets/CelebDFv3/CelebDFv3/FAKE/TalkingFace/FLOAT/id31_0006_test_id01333_oeu8HplVJz8.mp4,TalkingFace/FLOAT,id31,,0,-1.882775902748108,1.882775902748108,0.0,30.454492568969727,25.0,0.0,0.0,0.011851458810269833,0.014651291072368622,0.013295646756887436,0.013295646756887436
CelebDFv3,/root/Datasets/CelebDFv3/CelebDFv3/FAKE/TalkingFace/IP_LAP/id26_0008_test_id01541_SjibtkyrW1A.mp4,TalkingFace/IP_LAP,id26,,0,4.665692329406738,-4.665692329406738,0.0,22.075212478637695,25.0,0.0,0.0,0.032696615904569626,0.008749173954129219,0.01676228456199169,0.01676228456199169
CelebDFv3,/root/Datasets/CelebDFv3/CelebDFv3/FAKE/TalkingFace/Real3DPortrait/id8_0001_test_id04656_4MhYXxGH8aU.mp4,TalkingFace/Real3DPortrait,id8,,0,0.5831558108329773,-0.5831558108329773,0.0,23.949573516845703,25.0,1.0,0.125,0.013051073998212814,0.0076082730665802956,0.0062598567456007,0.0062598567456007
CelebDFv3,/root/Datasets/CelebDFv3/CelebDFv3/FAKE/TalkingFace/SadTalker/id54_0003_test_id02317_B_Tih3Eph2k.mp4,TalkingFace/SadTalker,id54,,0,0.2445402443408966,-0.2445402443408966,0.0,46.189388275146484,25.0,0.0,0.0,0.007729805074632168,0.008318590000271797,0.005405722185969353,0.005405722185969353
CelebDFv3,/root/Datasets/CelebDFv3/CelebDFv3/FAKE/FaceReenact/DaGAN/id48_id43_0003.mp4,FaceReenact/DaGAN,id48,id43,0,-0.39108020067214966,0.39108020067214966,0.0,29.028453826904297,30.0,0.0,0.0,0.013089712709188461,0.011164793744683266,0.007070017047226429,0.007070017047226429
CelebDFv3,/root/Datasets/CelebDFv3/CelebDFv3/FAKE/FaceReenact/FSRT/id23_id1_0003.mp4,FaceReenact/FSRT,id23,id1,0,-0.7436646223068237,0.7436646223068237,0.0,26.489791870117188,20.0,0.0,0.0,0.033160675317049026,0.007866554893553257,0.009906873106956482,0.009906873106956482
CelebDFv3,/root/Datasets/CelebDFv3/CelebDFv3/FAKE/FaceReenact/HyperReenact/id31_id38_0001.mp4,FaceReenact/HyperReenact,id31,id38,0,0.525850236415863,-0.525850236415863,0.0,27.61918067932129,25.0,0.0,0.0,0.00710495887324214,0.002564209047704935,0.005646367557346821,0.005646367557346821
CelebDFv3,/root/Datasets/CelebDFv3/CelebDFv3/FAKE/FaceReenact/LIA/id31_id16_0004.mp4,FaceReenact/LIA,id31,id16,0,-1.5834074020385742,1.5834074020385742,0.0,30.292959213256836,30.0,1.0,0.015625,0.03163331747055054,0.009959639050066471,0.014797152951359749,0.014797152951359749
CelebDFv3,/root/Datasets/CelebDFv3/CelebDFv3/FAKE/FaceReenact/LivePortrait/id51_id49_0005.mp4,FaceReenact/LivePortrait,id51,id49,0,0.24948832392692566,-0.24948832392692566,0.0,38.403106689453125,30.0,1.0,0.078125,0.0062270574271678925,0.007906889542937279,0.0038240656722337008,0.006848116870969534
CelebDFv3,/root/Datasets/CelebDFv3/CelebDFv3/FAKE/FaceReenact/MCNET/id48_id40_0003.mp4,FaceReenact/MCNET,id48,id40,0,1.1268136501312256,-1.1268136501312256,0.0,22.88622283935547,30.0,1.0,0.03125,0.018545210361480713,0.01376462634652853,0.007821567356586456,0.007821567356586456
CelebDFv3,/root/Datasets/CelebDFv3/CelebDFv3/FAKE/FaceReenact/TPSMM/id26_id35_0002.mp4,FaceReenact/TPSMM,id26,id35,0,1.568697452545166,-1.568697452545166,0.0,21.488176345825195,30.0,0.0,0.0,0.021954741328954697,0.009286751970648766,0.009424850344657898,0.009424850344657898
CelebDFv3,/root/Datasets/CelebDFv3/CelebDFv3/FAKE/FaceSwap/BlendFace/id23_id26_0001.mp4,FaceSwap/BlendFace,id23,id26,0,2.119023084640503,-2.119023084640503,0.0,29.479982376098633,30.0,0.0,0.0,0.003492950228974223,0.00475546158850193,0.0017760316841304302,0.0031565604731440544
CelebDFv3,/root/Datasets/CelebDFv3/CelebDFv3/FAKE/FaceSwap/Celeb-DF-v2/id25_id27_0005.mp4,FaceSwap/Celeb-DF-v2,id25,id27,0,1.526258945465088,-1.526258945465088,0.0,23.39595603942871,30.0,0.0,0.0,0.019488196820020676,0.004465742036700249,0.005187211558222771,0.007697821594774723
CelebDFv3,/root/Datasets/CelebDFv3/CelebDFv3/FAKE/FaceSwap/GHOST/id23_id16_0004.mp4,FaceSwap/GHOST,id23,id16,0,1.126573085784912,-1.126573085784912,0.0,29.794710159301758,30.0,1.0,0.046875,0.021063584834337234,0.020813817158341408,0.013106299564242363,0.017667291685938835
CelebDFv3,/root/Datasets/CelebDFv3/CelebDFv3/FAKE/FaceSwap/HifiFace/id26_id35_0002.mp4,FaceSwap/HifiFace,id26,id35,0,0.4838935136795044,-0.4838935136795044,0.0,26.55229377746582,30.0,1.0,0.015625,0.010327151976525784,0.016801349818706512,0.004338669590651989,0.007794898469001055
CelebDFv3,/root/Datasets/CelebDFv3/CelebDFv3/FAKE/FaceSwap/InSwapper/id23_id26_0009.mp4,FaceSwap/InSwapper,id23,id26,0,2.6616721153259277,-2.6616721153259277,0.0,19.91195297241211,30.0,0.0,0.0,0.004830037243664265,0.005868635140359402,0.00397295830771327,0.005260196980088949
CelebDFv3,/root/Datasets/CelebDFv3/CelebDFv3/FAKE/FaceSwap/MobileFaceSwap/id26_id3_0006.mp4,FaceSwap/MobileFaceSwap,id26,id3,0,-0.06240592896938324,0.06240592896938324,0.0,66.40436553955078,30.0,0.0,0.0,0.025444772094488144,0.009374617598950863,0.006499627139419317,0.01183556579053402
CelebDFv3,/root/Datasets/CelebDFv3/CelebDFv3/FAKE/FaceSwap/SimSwap/id48_id39_0007.mp4,FaceSwap/SimSwap,id48,id39,0,2.4215095043182373,-2.4215095043182373,0.0,29.899620056152344,30.0,0.0,0.0,0.0037771007046103477,0.004187982529401779,0.001675621373578906,0.0021984148770570755
CelebDFv3,/root/Datasets/CelebDFv3/CelebDFv3/FAKE/FaceSwap/UniFace/id54_id52_0006.mp4,FaceSwap/UniFace,id54,id52,0,-3.1759443283081055,3.1759443283081055,0.0,39.636207580566406,30.0,0.0,0.0,0.0069673676043748856,0.008861303329467773,0.00362773728556931,0.006496534217149019
CelebDFv3,/root/Datasets/CelebDFv3/CelebDFv3/FAKE/TalkingFace/AniTalker/id54_0000_test_id08374_8V4tFXw2UxY.mp4,TalkingFace/AniTalker,id54,,0,-0.36108532547950745,0.36108532547950745,0.0,30.02238655090332,25.0,0.0,0.0,0.005556893534958363,0.004570580553263426,0.006117682904005051,0.006117682904005051
CelebDFv3,/root/Datasets/CelebDFv3/CelebDFv3/FAKE/TalkingFace/EDTalk/id31_0000_test_id08701_UeUyLqpLz70.mp4,TalkingFace/EDTalk,id31,,0,3.670950412750244,-3.670950412750244,0.0,24.047279357910156,25.0,0.0,0.0,0.01675335317850113,0.011755125597119331,0.0050360350869596004,0.0050360350869596004
CelebDFv3,/root/Datasets/CelebDFv3/CelebDFv3/FAKE/TalkingFace/EchoMimic/id56_0003_test_id04862_GaEmvf_9c3Q.mp4,TalkingFace/EchoMimic,id56,,0,-0.02737288922071457,0.02737288922071457,0.0,34.26534652709961,24.0,0.0,0.0,0.004817143082618713,0.010556792840361595,0.0065648360177874565,0.0065648360177874565
CelebDFv3,/root/Datasets/CelebDFv3/CelebDFv3/FAKE/TalkingFace/FLOAT/id54_0005_test_id06104_HSe6gXwgeRs.mp4,TalkingFace/FLOAT,id54,,0,0.08060435205698013,-0.08060435205698013,0.0,25.10028648376465,25.0,0.0,0.0,0.020301617681980133,0.011208332143723965,0.014519142918288708,0.014519142918288708
CelebDFv3,/root/Datasets/CelebDFv3/CelebDFv3/FAKE/TalkingFace/IP_LAP/id51_0004_test_id08392_V2DQaPnQhBs.mp4,TalkingFace/IP_LAP,id51,,0,0.3687879741191864,-0.3687879741191864,0.0,21.094085693359375,25.0,1.0,0.234375,0.008200240321457386,0.009205849841237068,0.015218628570437431,0.015218628570437431
CelebDFv3,/root/Datasets/CelebDFv3/CelebDFv3/FAKE/TalkingFace/Real3DPortrait/id11_0001_test_id04478_GZQGZOmFU5U.mp4,TalkingFace/Real3DPortrait,id11,,0,-0.20085428655147552,0.20085428655147552,0.0,38.57963180541992,25.0,0.0,0.0,0.013538751751184464,0.00834337342530489,0.00703011266887188,0.00703011266887188
CelebDFv3,/root/Datasets/CelebDFv3/CelebDFv3/FAKE/TalkingFace/SadTalker/id51_0007_test_id07663_Um4MKhndp_0.mp4,TalkingFace/SadTalker,id51,,0,-3.003627061843872,3.003627061843872,0.0,33.894508361816406,25.0,0.0,0.0,0.0013798552099615335,0.004761408548802137,0.004739828407764435,0.004739828407764435
CelebDFv3,/root/Datasets/CelebDFv3/CelebDFv3/FAKE/FaceReenact/DaGAN/id54_id56_0002.mp4,FaceReenact/DaGAN,id54,id56,0,1.3461483716964722,-1.3461483716964722,0.0,36.124298095703125,30.0,0.0,0.0,0.030996058136224747,0.01080996822565794,0.018766596913337708,0.018766596913337708
CelebDFv3,/root/Datasets/CelebDFv3/CelebDFv3/FAKE/FaceReenact/FSRT/id22_id21_0006.mp4,FaceReenact/FSRT,id22,id21,0,3.196851968765259,-3.196851968765259,0.0,32.1817512512207,20.0,0.0,0.0,0.03290267288684845,0.006727281957864761,0.009854455478489399,0.009854455478489399
CelebDFv3,/root/Datasets/CelebDFv3/CelebDFv3/FAKE/FaceReenact/HyperReenact/id54_id49_0001.mp4,FaceReenact/HyperReenact,id54,id49,0,-4.84907341003418,4.84907341003418,0.0,55.52939987182617,25.0,0.0,0.0,0.004658044315874577,0.0027434194926172495,0.005159765016287565,0.005159765016287565
CelebDFv3,/root/Datasets/CelebDFv3/CelebDFv3/FAKE/FaceReenact/LIA/id26_id37_0001.mp4,FaceReenact/LIA,id26,id37,0,-1.5328242778778076,1.5328242778778076,0.0,45.97180938720703,30.0,1.0,0.0625,0.030099013820290565,0.0037921995390206575,0.007436105981469154,0.007436105981469154
CelebDFv3,/root/Datasets/CelebDFv3/CelebDFv3/FAKE/FaceReenact/LivePortrait/id23_id33_0002.mp4,FaceReenact/LivePortrait,id23,id33,0,-0.35789069533348083,0.35789069533348083,0.0,19.208908081054688,30.0,1.0,0.28125,0.02483103796839714,0.016849350184202194,0.0072097741067409515,0.012814008630812168
CelebDFv3,/root/Datasets/CelebDFv3/CelebDFv3/FAKE/FaceReenact/MCNET/id23_id9_0008.mp4,FaceReenact/MCNET,id23,id9,0,2.784317970275879,-2.784317970275879,0.0,20.46369743347168,30.0,1.0,0.28125,0.03125961124897003,0.005639788694679737,0.013191208243370056,0.013191208243370056
CelebDFv3,/root/Datasets/CelebDFv3/CelebDFv3/FAKE/FaceReenact/TPSMM/id26_id25_0001.mp4,FaceReenact/TPSMM,id26,id25,0,-2.902833938598633,2.902833938598633,0.0,46.74024963378906,30.0,1.0,0.296875,0.012161117047071457,0.006124296225607395,0.020607858896255493,0.020607858896255493
CelebDFv3,/root/Datasets/CelebDFv3/CelebDFv3/FAKE/FaceSwap/BlendFace/id48_id47_0002.mp4,FaceSwap/BlendFace,id48,id47,0,1.4701160192489624,-1.4701160192489624,0.0,29.012788772583008,30.0,0.0,0.0,0.0037907969672232866,0.004904538858681917,0.001751710195094347,0.0031280540861189365
CelebDFv3,/root/Datasets/CelebDFv3/CelebDFv3/FAKE/FaceSwap/Celeb-DF-v2/id31_id26_0002.mp4,FaceSwap/Celeb-DF-v2,id31,id26,0,-0.17261722683906555,0.17261722683906555,0.0,20.54688262939453,30.0,0.0,0.0,0.019539369270205498,0.03853330388665199,0.013250334188342094,0.023861829191446304
CelebDFv3,/root/Datasets/CelebDFv3/CelebDFv3/FAKE/FaceSwap/GHOST/id48_id40_0003.mp4,FaceSwap/GHOST,id48,id40,0,1.7296679019927979,-1.7296679019927979,0.0,30.283517837524414,30.0,1.0,0.03125,0.010237055830657482,0.03497958183288574,0.014585595577955246,0.026045706123113632
CelebDFv3,/root/Datasets/CelebDFv3/CelebDFv3/FAKE/FaceSwap/HifiFace/id31_id26_0007.mp4,FaceSwap/HifiFace,id31,id26,0,-5.80136251449585,5.80136251449585,0.0,59.80986785888672,30.0,0.0,0.0,0.028144456446170807,0.009443260729312897,0.014905024319887161,0.026841674000024796
CelebDFv3,/root/Datasets/CelebDFv3/CelebDFv3/FAKE/FaceSwap/InSwapper/id26_id31_0002.mp4,FaceSwap/InSwapper,id26,id31,0,-0.47392335534095764,0.47392335534095764,0.0,27.761476516723633,30.0,0.0,0.0,0.011163273826241493,0.016922155395150185,0.004209625534713268,0.0075630564242601395
CelebDFv3,/root/Datasets/CelebDFv3/CelebDFv3/FAKE/FaceSwap/MobileFaceSwap/id48_id41_0006.mp4,FaceSwap/MobileFaceSwap,id48,id41,0,3.0664846897125244,-3.0664846897125244,0.0,24.87291717529297,30.0,0.0,0.0,0.009566783905029297,0.06537549197673798,0.010586845688521862,0.01388994138687849
CelebDFv3,/root/Datasets/CelebDFv3/CelebDFv3/FAKE/FaceSwap/SimSwap/id31_id9_0002.mp4,FaceSwap/SimSwap,id31,id9,0,0.7349494695663452,-0.7349494695663452,0.0,19.65769386291504,30.0,0.0,0.0,0.02435770072042942,0.058306992053985596,0.015152105130255222,0.027286630123853683
CelebDFv3,/root/Datasets/CelebDFv3/CelebDFv3/FAKE/FaceSwap/UniFace/id11_id7_0009.mp4,FaceSwap/UniFace,id11,id7,0,-3.4123873710632324,3.4123873710632324,0.0,32.530818939208984,30.0,0.0,0.0,0.0028719769325107336,0.004167636390775442,0.001452396041713655,0.0027595525607466698
CelebDFv3,/root/Datasets/CelebDFv3/CelebDFv3/FAKE/TalkingFace/AniTalker/id59_0008_test_id06104_I5L50wxtK8Q.mp4,TalkingFace/AniTalker,id59,,0,1.5386478900909424,-1.5386478900909424,0.0,29.03835105895996,25.0,0.0,0.0,0.008347275666892529,0.007167307659983635,0.005711882840842009,0.005711882840842009
CelebDFv3,/root/Datasets/CelebDFv3/CelebDFv3/FAKE/TalkingFace/EDTalk/id11_0009_test_id00817_GAs8WnyFKJM.mp4,TalkingFace/EDTalk,id11,,0,0.33501213788986206,-0.33501213788986206,0.0,24.926937103271484,25.0,0.0,0.0,0.015077418647706509,0.013204130344092846,0.0056029730476439,0.0056029730476439
CelebDFv3,/root/Datasets/CelebDFv3/CelebDFv3/FAKE/TalkingFace/EchoMimic/id23_0002_test_id07961_Q7QhiPMMMVA.mp4,TalkingFace/EchoMimic,id23,,0,3.2619054317474365,-3.2619054317474365,0.0,28.780471801757812,24.0,0.0,0.0,0.012933307327330112,0.012905140407383442,0.012266142293810844,0.012266142293810844
CelebDFv3,/root/Datasets/CelebDFv3/CelebDFv3/FAKE/TalkingFace/FLOAT/id51_0008_test_id03524_2DD4Np7SaWw.mp4,TalkingFace/FLOAT,id51,,0,2.548319101333618,-2.548319101333618,0.0,29.521045684814453,25.0,0.0,0.0,0.013706953264772892,0.01161675900220871,0.005673693958669901,0.005673693958669901
CelebDFv3,/root/Datasets/CelebDFv3/CelebDFv3/FAKE/TalkingFace/IP_LAP/id48_0006_test_id04094_iuzHh5LLoUo.mp4,TalkingFace/IP_LAP,id48,,0,0.9209811091423035,-0.9209811091423035,0.0,27.086580276489258,25.0,0.0,0.0,0.011439934372901917,0.009379446506500244,0.006926916539669037,0.006926916539669037
CelebDFv3,/root/Datasets/CelebDFv3/CelebDFv3/FAKE/TalkingFace/Real3DPortrait/id25_0010_test_id01437_TLJh3OC21Ms.mp4,TalkingFace/Real3DPortrait,id25,,0,1.107603669166565,-1.107603669166565,0.0,31.024444580078125,25.0,0.0,0.0,0.01412773597985506,0.006420057732611895,0.007839593105018139,0.007839593105018139
CelebDFv3,/root/Datasets/CelebDFv3/CelebDFv3/FAKE/TalkingFace/SadTalker/id31_0003_test_id02542_cwgUjse_REU.mp4,TalkingFace/SadTalker,id31,,0,-1.8762989044189453,1.8762989044189453,0.0,33.95085906982422,25.0,0.0,0.0,0.007738179061561823,0.01690697856247425,0.013293031603097916,0.013293031603097916
CelebDFv3,/root/Datasets/CelebDFv3/CelebDFv3/FAKE/FaceReenact/DaGAN/id51_id55_0004.mp4,FaceReenact/DaGAN,id51,id55,0,2.0567779541015625,-2.0567779541015625,0.0,20.978761672973633,30.0,1.0,0.234375,0.016245931386947632,0.03140610456466675,0.03011167049407959,0.03011167049407959
CelebDFv3,/root/Datasets/CelebDFv3/CelebDFv3/FAKE/FaceReenact/FSRT/id51_id49_0001.mp4,FaceReenact/FSRT,id51,id49,0,-1.9230101108551025,1.9230101108551025,0.0,36.20394515991211,20.0,1.0,0.03125,0.02100871503353119,0.005589637439697981,0.015039460733532906,0.015039460733532906
CelebDFv3,/root/Datasets/CelebDFv3/CelebDFv3/FAKE/FaceReenact/HyperReenact/id56_id50_0006.mp4,FaceReenact/HyperReenact,id56,id50,0,1.886918544769287,-1.886918544769287,0.0,29.19488525390625,25.0,0.0,0.0,0.0063673341646790504,0.00366439251229167,0.0047674113884568214,0.0047674113884568214
CelebDFv3,/root/Datasets/CelebDFv3/CelebDFv3/FAKE/FaceReenact/LIA/id26_id3_0008.mp4,FaceReenact/LIA,id26,id3,0,3.736229181289673,-3.736229181289673,0.0,23.745777130126953,30.0,0.0,0.0,0.013776395469903946,0.015434028580784798,0.009792291559278965,0.009792291559278965
CelebDFv3,/root/Datasets/CelebDFv3/CelebDFv3/FAKE/FaceReenact/LivePortrait/id22_id21_0006.mp4,FaceReenact/LivePortrait,id22,id21,0,3.544511079788208,-3.544511079788208,0.0,32.398128509521484,30.0,0.0,0.0,0.009089897386729717,0.003483404638245702,0.0025399387814104557,0.004514260683208704
CelebDFv3,/root/Datasets/CelebDFv3/CelebDFv3/FAKE/FaceReenact/MCNET/id31_id16_0005.mp4,FaceReenact/MCNET,id31,id16,0,-0.6855671405792236,0.6855671405792236,0.0,29.73333168029785,30.0,1.0,0.03125,0.018456585705280304,0.01290616113692522,0.012529300525784492,0.012529300525784492
CelebDFv3,/root/Datasets/CelebDFv3/CelebDFv3/FAKE/FaceReenact/TPSMM/id23_id3_0006.mp4,FaceReenact/TPSMM,id23,id3,0,3.6290576457977295,-3.6290576457977295,0.0,16.677698135375977,30.0,1.0,0.25,0.027283046394586563,0.015970969572663307,0.015940073877573013,0.015940073877573013
CelebDFv3,/root/Datasets/CelebDFv3/CelebDFv3/FAKE/FaceSwap/BlendFace/id56_id52_0008.mp4,FaceSwap/BlendFace,id56,id52,0,3.6685075759887695,-3.6685075759887695,0.0,20.65182876586914,30.0,0.0,0.0,0.007516689598560333,0.005578395910561085,0.003607630729675293,0.006460527889430523
CelebDFv3,/root/Datasets/CelebDFv3/CelebDFv3/FAKE/FaceSwap/Celeb-DF-v2/id56_id58_0005.mp4,FaceSwap/Celeb-DF-v2,id56,id58,0,-0.36730942130088806,0.36730942130088806,0.0,26.375165939331055,29.899993896484375,0.0,0.0,0.0035166023299098015,0.0076235379092395306,0.0014239259762689471,0.002549959346652031
CelebDFv3,/root/Datasets/CelebDFv3/CelebDFv3/FAKE/FaceSwap/GHOST/id23_id2_0007.mp4,FaceSwap/GHOST,id23,id2,0,3.6891636848449707,-3.6891636848449707,0.0,27.05157470703125,30.0,0.0,0.0,0.014717472717165947,0.04544566944241524,0.007097301073372364,0.01245086919516325
CelebDFv3,/root/Datasets/CelebDFv3/CelebDFv3/FAKE/FaceSwap/HifiFace/id31_id35_0002.mp4,FaceSwap/HifiFace,id31,id35,0,0.46414414048194885,-0.46414414048194885,0.0,19.92055320739746,30.0,0.0,0.0,0.025949526578187943,0.05953169986605644,0.017045512795448303,0.030696365982294083
CelebDFv3,/root/Datasets/CelebDFv3/CelebDFv3/FAKE/FaceSwap/InSwapper/id31_id3_0000.mp4,FaceSwap/InSwapper,id31,id3,0,-0.6503043174743652,0.6503043174743652,0.0,24.168407440185547,30.0,0.0,0.0,0.005379478447139263,0.00792431365698576,0.0026417027693241835,0.00475730374455452
CelebDFv3,/root/Datasets/CelebDFv3/CelebDFv3/FAKE/FaceSwap/MobileFaceSwap/id23_id20_0001.mp4,FaceSwap/MobileFaceSwap,id23,id20,0,3.00089430809021,-3.00089430809021,0.0,28.057445526123047,30.0,0.0,0.0,0.005042858421802521,0.014408239163458347,0.010846264660358429,0.019277185201644897
CelebDFv3,/root/Datasets/CelebDFv3/CelebDFv3/FAKE/FaceSwap/SimSwap/id8_id6_0007.mp4,FaceSwap/SimSwap,id8,id6,0,-0.2664910554885864,0.2664910554885864,0.0,24.32221794128418,30.0,0.0,0.0,0.01571863517165184,0.0626182109117508,0.0023665092885494232,0.004458503797650337
CelebDFv3,/root/Datasets/CelebDFv3/CelebDFv3/FAKE/FaceSwap/UniFace/id26_id1_0000.mp4,FaceSwap/UniFace,id26,id1,0,0.41338372230529785,-0.41338372230529785,0.0,38.108821868896484,30.0,0.0,0.0,0.0026541000697761774,0.0021218834444880486,0.002466884907335043,0.004432030953466892
CelebDFv3,/root/Datasets/CelebDFv3/CelebDFv3/FAKE/TalkingFace/AniTalker/id22_0000_test_id00926_TOxtKuoggFI.mp4,TalkingFace/AniTalker,id22,,0,1.5662791728973389,-1.5662791728973389,0.0,32.932254791259766,25.0,0.0,0.0,0.010779840871691704,0.005500955041497946,0.010371082462370396,0.010371082462370396
CelebDFv3,/root/Datasets/CelebDFv3/CelebDFv3/FAKE/TalkingFace/EDTalk/id56_0007_test_id07663_qqRVoQRN1vg.mp4,TalkingFace/EDTalk,id56,,0,-0.9637065529823303,0.9637065529823303,0.0,71.3994369506836,25.0,0.0,0.0,0.01143251359462738,0.015153498388826847,0.010075144469738007,0.010075144469738007
CelebDFv3,/root/Datasets/CelebDFv3/CelebDFv3/FAKE/TalkingFace/EchoMimic/id56_0004_test_id09017_oF8cALd6lU0.mp4,TalkingFace/EchoMimic,id56,,0,1.853808879852295,-1.853808879852295,0.0,27.051908493041992,24.0,0.0,0.0,0.016497833654284477,0.013395741581916809,0.017683805897831917,0.017683805897831917
CelebDFv3,/root/Datasets/CelebDFv3/CelebDFv3/FAKE/TalkingFace/FLOAT/id23_0004_test_id04276_H1Xnb_rtgqY.mp4,TalkingFace/FLOAT,id23,,0,0.8412177562713623,-0.8412177562713623,0.0,27.08266830444336,25.0,0.0,0.0,0.012605505995452404,0.015421370044350624,0.009957471862435341,0.009957471862435341
CelebDFv3,/root/Datasets/CelebDFv3/CelebDFv3/FAKE/TalkingFace/IP_LAP/id59_0006_test_id08701_yty4X4F1mQY.mp4,TalkingFace/IP_LAP,id59,,0,2.787234306335449,-2.787234306335449,0.0,22.93209457397461,25.0,1.0,0.03125,0.04646182432770729,0.020914429798722267,0.031571704894304276,0.031571704894304276
CelebDFv3,/root/Datasets/CelebDFv3/CelebDFv3/FAKE/TalkingFace/Real3DPortrait/id59_0002_test_id04232_lcNvUKfW9tY.mp4,TalkingFace/Real3DPortrait,id59,,0,-5.50998592376709,5.50998592376709,0.0,53.49211502075195,25.0,1.0,1.0,0.0,0.0,0.0,0.0
CelebDFv3,/root/Datasets/CelebDFv3/CelebDFv3/FAKE/TalkingFace/SadTalker/id56_0004_test_id04366_GAE3onT-CHs.mp4,TalkingFace/SadTalker,id56,,0,3.808382749557495,-3.808382749557495,0.0,34.42607116699219,25.0,0.0,0.0,0.0037858416326344013,0.006233932450413704,0.010650590062141418,0.010650590062141418
CelebDFv3,/root/Datasets/CelebDFv3/CelebDFv3/FAKE/FaceReenact/DaGAN/id48_id42_0003.mp4,FaceReenact/DaGAN,id48,id42,0,-0.35163626074790955,0.35163626074790955,0.0,28.553565979003906,30.0,0.0,0.0,0.0290943942964077,0.007876560091972351,0.015663843601942062,0.015663843601942062
CelebDFv3,/root/Datasets/CelebDFv3/CelebDFv3/FAKE/FaceReenact/FSRT/id26_id0_0000.mp4,FaceReenact/FSRT,id26,id0,0,-0.7258627414703369,0.7258627414703369,0.0,40.595916748046875,20.0,1.0,0.34375,0.02977600321173668,0.011291461065411568,0.008208168670535088,0.008208168670535088
CelebDFv3,/root/Datasets/CelebDFv3/CelebDFv3/FAKE/FaceReenact/HyperReenact/id31_id16_0004.mp4,FaceReenact/HyperReenact,id31,id16,0,0.5591934323310852,-0.5591934323310852,0.0,23.14725685119629,25.0,0.0,0.0,0.024712951853871346,0.00420570932328701,0.014776177704334259,0.014776177704334259
CelebDFv3,/root/Datasets/CelebDFv3/CelebDFv3/FAKE/FaceReenact/LIA/id48_id45_0008.mp4,FaceReenact/LIA,id48,id45,0,-3.714773178100586,3.714773178100586,0.0,54.221580505371094,30.0,0.0,0.0,0.010158156044781208,0.011014919728040695,0.010713743045926094,0.010713743045926094
CelebDFv3,/root/Datasets/CelebDFv3/CelebDFv3/FAKE/FaceReenact/LivePortrait/id26_id1_0004.mp4,FaceReenact/LivePortrait,id26,id1,0,1.0283068418502808,-1.0283068418502808,0.0,28.857397079467773,30.0,0.0,0.0,0.007693447172641754,0.007985888980329037,0.0025822054594755173,0.00463921669870615
CelebDFv3,/root/Datasets/CelebDFv3/CelebDFv3/FAKE/FaceReenact/MCNET/id25_id21_0008.mp4,FaceReenact/MCNET,id25,id21,0,2.1949024200439453,-2.1949024200439453,0.0,23.19293212890625,30.0,0.0,0.0,0.0420101098716259,0.0288772564381361,0.014911995269358158,0.014911995269358158
CelebDFv3,/root/Datasets/CelebDFv3/CelebDFv3/FAKE/FaceReenact/TPSMM/id22_id21_0004.mp4,FaceReenact/TPSMM,id22,id21,0,5.811598777770996,-5.811598777770996,0.0,31.14291763305664,30.0,0.0,0.0,0.02659674733877182,0.017756974324584007,0.009567144326865673,0.009567144326865673
CelebDFv3,/root/Datasets/CelebDFv3/CelebDFv3/FAKE/FaceSwap/BlendFace/id23_id0_0003.mp4,FaceSwap/BlendFace,id23,id0,0,0.9184003472328186,-0.9184003472328186,0.0,29.932483673095703,30.0,0.0,0.0,0.0056707668118178844,0.005296000745147467,0.0020820361096411943,0.0037004253827035427
CelebDFv3,/root/Datasets/CelebDFv3/CelebDFv3/FAKE/FaceSwap/Celeb-DF-v2/id23_id31_0000.mp4,FaceSwap/Celeb-DF-v2,id23,id31,0,3.997173309326172,-3.997173309326172,0.0,25.47098731994629,30.0,0.0,0.0,0.003038313239812851,0.0027529331855475903,0.0014773817965760827,0.0026257666759192944
CelebDFv3,/root/Datasets/CelebDFv3/CelebDFv3/FAKE/FaceSwap/GHOST/id54_id52_0005.mp4,FaceSwap/GHOST,id54,id52,0,1.0236152410507202,-1.0236152410507202,0.0,24.204214096069336,30.0,0.0,0.0,0.01562507078051567,0.004068809095770121,0.004130749963223934,0.007397326175123453
CelebDFv3,/root/Datasets/CelebDFv3/CelebDFv3/FAKE/FaceSwap/HifiFace/id48_id40_0007.mp4,FaceSwap/HifiFace,id48,id40,0,2.2562246322631836,-2.2562246322631836,0.0,31.23098373413086,30.0,0.0,0.0,0.0037346649914979935,0.0042566899210214615,0.0018331166356801987,0.0024050490465015173
CelebDFv3,/root/Datasets/CelebDFv3/CelebDFv3/FAKE/FaceSwap/InSwapper/id31_id37_0004.mp4,FaceSwap/InSwapper,id31,id37,0,0.15420855581760406,-0.15420855581760406,0.0,25.765220642089844,30.0,0.0,0.0,0.009592018090188503,0.003934128675609827,0.002860007807612419,0.0051504382863640785
CelebDFv3,/root/Datasets/CelebDFv3/CelebDFv3/FAKE/FaceSwap/MobileFaceSwap/id54_id52_0003.mp4,FaceSwap/MobileFaceSwap,id54,id52,0,1.4448127746582031,-1.4448127746582031,0.0,38.42272186279297,30.0,0.0,0.0,0.0032033377792686224,0.020149730145931244,0.003108569420874119,0.0055668107233941555
CelebDFv3,/root/Datasets/CelebDFv3/CelebDFv3/FAKE/FaceSwap/SimSwap/id51_id53_0007.mp4,FaceSwap/SimSwap,id51,id53,0,-0.5919268727302551,0.5919268727302551,0.0,28.33128547668457,30.0,0.0,0.0,0.003782265353947878,0.004049054812639952,0.0018835931550711393,0.003373129293322563
CelebDFv3,/root/Datasets/CelebDFv3/CelebDFv3/FAKE/FaceSwap/UniFace/id26_id22_0003.mp4,FaceSwap/UniFace,id26,id22,0,-9.11343765258789,9.11343765258789,0.0,103.14761352539062,30.0,0.0,0.0,0.007862672209739685,0.011541174724698067,0.003583367448300123,0.0064379144459962845
CelebDFv3,/root/Datasets/CelebDFv3/CelebDFv3/FAKE/TalkingFace/AniTalker/id11_0003_test_id06209_6oI-FJQS9V0.mp4,TalkingFace/AniTalker,id11,,0,-3.262371063232422,3.262371063232422,0.0,44.547542572021484,25.0,0.0,0.0,0.005893365480005741,0.003718775697052479,0.0056904759258031845,0.0056904759258031845
CelebDFv3,/root/Datasets/CelebDFv3/CelebDFv3/FAKE/TalkingFace/EDTalk/id25_0000_test_id06209_6oI-FJQS9V0.mp4,TalkingFace/EDTalk,id25,,0,2.5527398586273193,-2.5527398586273193,0.0,46.98115921020508,25.0,0.0,0.0,0.01486840471625328,0.011821727268397808,0.008652975782752037,0.008652975782752037
CelebDFv3,/root/Datasets/CelebDFv3/CelebDFv3/FAKE/TalkingFace/EchoMimic/id11_0003_test_id02725_37kUrf6RJdw.mp4,TalkingFace/EchoMimic,id11,,0,-4.82255744934082,4.82255744934082,0.0,53.958709716796875,24.0,0.0,0.0,0.009346168488264084,0.011766464449465275,0.006631617899984121,0.006631617899984121
CelebDFv3,/root/Datasets/CelebDFv3/CelebDFv3/FAKE/TalkingFace/FLOAT/id25_0004_test_id00926_TOxtKuoggFI.mp4,TalkingFace/FLOAT,id25,,0,-0.38049596548080444,0.38049596548080444,0.0,34.86513900756836,25.0,0.0,0.0,0.021968267858028412,0.008457859978079796,0.01003410667181015,0.01003410667181015
CelebDFv3,/root/Datasets/CelebDFv3/CelebDFv3/FAKE/TalkingFace/IP_LAP/id23_0007_test_id03127_XaxvcU5-eGY.mp4,TalkingFace/IP_LAP,id23,,0,2.5799202919006348,-2.5799202919006348,0.0,26.48009490966797,25.0,0.0,0.0,0.02984241396188736,0.02405909076333046,0.013208606280386448,0.013208606280386448
CelebDFv3,/root/Datasets/CelebDFv3/CelebDFv3/FAKE/TalkingFace/Real3DPortrait/id54_0005_test_id03178_NLOzCF7vIio.mp4,TalkingFace/Real3DPortrait,id54,,0,0.8414861559867859,-0.8414861559867859,0.0,25.708179473876953,25.0,0.0,0.0,0.014024781063199043,0.007651558145880699,0.007598093710839748,0.007598093710839748
CelebDFv3,/root/Datasets/CelebDFv3/CelebDFv3/FAKE/TalkingFace/SadTalker/id22_0002_test_id02086_0zkXi4u4Rr0.mp4,TalkingFace/SadTalker,id22,,0,5.451633453369141,-5.451633453369141,0.0,27.048086166381836,25.0,0.0,0.0,0.0016616962384432554,0.003346365410834551,0.003643040545284748,0.003643040545284748
CelebDFv3,/root/Datasets/CelebDFv3/CelebDFv3/FAKE/FaceReenact/DaGAN/id31_id1_0001.mp4,FaceReenact/DaGAN,id31,id1,0,0.49745601415634155,-0.49745601415634155,0.0,22.01592254638672,30.0,1.0,0.125,0.028413664549589157,0.011214607395231724,0.012380936183035374,0.012380936183035374
CelebDFv3,/root/Datasets/CelebDFv3/CelebDFv3/FAKE/FaceReenact/FSRT/id31_id17_0004.mp4,FaceReenact/FSRT,id31,id17,0,0.17541195452213287,-0.17541195452213287,0.0,22.681554794311523,20.0,1.0,0.109375,0.017606887966394424,0.013886875472962856,0.009012804366648197,0.009012804366648197
CelebDFv3,/root/Datasets/CelebDFv3/CelebDFv3/FAKE/FaceReenact/HyperReenact/id23_id19_0002.mp4,FaceReenact/HyperReenact,id23,id19,0,1.9635999202728271,-1.9635999202728271,0.0,27.424610137939453,25.0,0.0,0.0,0.006247248034924269,0.0032367100939154625,0.009258998557925224,0.009258998557925224
CelebDFv3,/root/Datasets/CelebDFv3/CelebDFv3/FAKE/FaceReenact/LIA/id23_id2_0009.mp4,FaceReenact/LIA,id23,id2,0,4.755898952484131,-4.755898952484131,0.0,30.36188316345215,30.0,0.0,0.0,0.015378116630017757,0.009980256669223309,0.010976077988743782,0.010976077988743782
CelebDFv3,/root/Datasets/CelebDFv3/CelebDFv3/FAKE/FaceReenact/LivePortrait/id31_id2_0002.mp4,FaceReenact/LivePortrait,id31,id2,0,-0.4655967950820923,0.4655967950820923,0.0,23.995553970336914,30.0,1.0,0.1875,0.010777219198644161,0.022503752261400223,0.010102055966854095,0.018192261457443237
CelebDFv3,/root/Datasets/CelebDFv3/CelebDFv3/FAKE/FaceReenact/MCNET/id23_id4_0005.mp4,FaceReenact/MCNET,id23,id4,0,1.8985404968261719,-1.8985404968261719,0.0,23.272558212280273,30.0,0.0,0.0,0.020236292853951454,0.02265026606619358,0.013151911087334156,0.013151911087334156
CelebDFv3,/root/Datasets/CelebDFv3/CelebDFv3/FAKE/FaceReenact/TPSMM/id22_id28_0005.mp4,FaceReenact/TPSMM,id22,id28,0,2.912846088409424,-2.912846088409424,0.0,32.3237190246582,30.0,0.0,0.0,0.011893533170223236,0.010800488293170929,0.009595459327101707,0.009595459327101707
CelebDFv3,/root/Datasets/CelebDFv3/CelebDFv3/FAKE/FaceSwap/BlendFace/id23_id17_0000.mp4,FaceSwap/BlendFace,id23,id17,0,4.333071708679199,-4.333071708679199,0.0,24.84491729736328,30.0,0.0,0.0,0.003350375685840845,0.0026490939781069756,0.0021563400514423847,0.0038324864581227303
CelebDFv3,/root/Datasets/CelebDFv3/CelebDFv3/FAKE/FaceSwap/Celeb-DF-v2/id59_id61_0007.mp4,FaceSwap/Celeb-DF-v2,id59,id61,0,2.3935904502868652,-2.3935904502868652,0.0,28.88113784790039,30.0,0.0,0.0,0.02866336889564991,0.02751774713397026,0.003433351404964924,0.0061484286561608315
CelebDFv3,/root/Datasets/CelebDFv3/CelebDFv3/FAKE/FaceSwap/GHOST/id23_id9_0006.mp4,FaceSwap/GHOST,id23,id9,0,1.2246187925338745,-1.2246187925338745,0.0,16.178319931030273,30.0,0.0,0.0,0.010632909834384918,0.005791307892650366,0.003462465014308691,0.004587765317410231
CelebDFv3,/root/Datasets/CelebDFv3/CelebDFv3/FAKE/FaceSwap/HifiFace/id48_id43_0008.mp4,FaceSwap/HifiFace,id48,id43,0,-4.406769752502441,4.406769752502441,0.0,57.146507263183594,30.0,0.0,0.0,0.004005428869277239,0.0038265218026936054,0.0039835721254348755,0.003967638127505779
CelebDFv3,/root/Datasets/CelebDFv3/CelebDFv3/FAKE/FaceSwap/InSwapper/id31_id20_0008.mp4,FaceSwap/InSwapper,id31,id20,0,2.0221285820007324,-2.0221285820007324,0.0,37.94047164916992,30.0,0.0,0.0,0.004758837632834911,0.01169769186526537,0.007190216798335314,0.012948484160006046
CelebDFv3,/root/Datasets/CelebDFv3/CelebDFv3/FAKE/FaceSwap/MobileFaceSwap/id26_id16_0003.mp4,FaceSwap/MobileFaceSwap,id26,id16,0,-8.887655258178711,8.887655258178711,0.0,102.09286499023438,30.0,0.0,0.0,0.007922015152871609,0.010950524359941483,0.003979703411459923,0.007149976212531328
CelebDFv3,/root/Datasets/CelebDFv3/CelebDFv3/FAKE/FaceSwap/SimSwap/id31_id34_0004.mp4,FaceSwap/SimSwap,id31,id34,0,0.5448378324508667,-0.5448378324508667,0.0,25.074934005737305,30.0,0.0,0.0,0.009433290921151638,0.003694449784234166,0.003459317609667778,0.006229703314602375
CelebDFv3,/root/Datasets/CelebDFv3/CelebDFv3/FAKE/FaceSwap/UniFace/id22_id20_0002.mp4,FaceSwap/UniFace,id22,id20,0,4.531665325164795,-4.531665325164795,0.0,24.51837158203125,30.0,0.0,0.0,0.009964323602616787,0.021501947194337845,0.006277980748564005,0.011157924309372902
CelebDFv3,/root/Datasets/CelebDFv3/CelebDFv3/FAKE/TalkingFace/AniTalker/id48_0006_test_id01298_tAQVEmDyrPs.mp4,TalkingFace/AniTalker,id48,,0,-1.4910025596618652,1.4910025596618652,0.0,27.6893367767334,25.0,0.0,0.0,0.008864416740834713,0.005402438808232546,0.007812493946403265,0.007812493946403265
CelebDFv3,/root/Datasets/CelebDFv3/CelebDFv3/FAKE/TalkingFace/EDTalk/id8_0005_test_id09017_D8dCOAYteTY.mp4,TalkingFace/EDTalk,id8,,0,-0.7322989702224731,0.7322989702224731,0.0,33.981910705566406,25.0,0.0,0.0,0.015223954804241657,0.010209904052317142,0.0051844618283212185,0.0051844618283212185
CelebDFv3,/root/Datasets/CelebDFv3/CelebDFv3/FAKE/TalkingFace/EchoMimic/id54_0008_test_id08456_ajf9MieCX4k.mp4,TalkingFace/EchoMimic,id54,,0,0.6306297183036804,-0.6306297183036804,0.0,46.99735641479492,24.0,0.0,0.0,0.006550564430654049,0.01471383310854435,0.005735278595238924,0.005735278595238924
CelebDFv3,/root/Datasets/CelebDFv3/CelebDFv3/FAKE/TalkingFace/FLOAT/id8_0009_test_id02086_UpjWerN0hoE.mp4,TalkingFace/FLOAT,id8,,0,-2.0530219078063965,2.0530219078063965,0.0,24.457164764404297,25.0,0.0,0.0,0.01441379263997078,0.008765578269958496,0.009984402917325497,0.009984402917325497
CelebDFv3,/root/Datasets/CelebDFv3/CelebDFv3/FAKE/TalkingFace/IP_LAP/id22_0008_test_id03347_y_F4aAkN0d8.mp4,TalkingFace/IP_LAP,id22,,0,-0.14994841814041138,0.14994841814041138,0.0,33.84269714355469,25.0,0.0,0.0,0.014886188320815563,0.007649313658475876,0.008173633366823196,0.008173633366823196
CelebDFv3,/root/Datasets/CelebDFv3/CelebDFv3/FAKE/TalkingFace/Real3DPortrait/id26_0002_test_id05055_6EIN7_SQQDM.mp4,TalkingFace/Real3DPortrait,id26,,0,0.008628450334072113,-0.008628450334072113,0.0,23.58154296875,25.0,0.0,0.0,0.013597841374576092,0.00691019743680954,0.004460447002202272,0.004460447002202272
CelebDFv3,/root/Datasets/CelebDFv3/CelebDFv3/FAKE/TalkingFace/SadTalker/id51_0007_test_id08696_rszCIqLKMBQ.mp4,TalkingFace/SadTalker,id51,,0,-2.7486727237701416,2.7486727237701416,0.0,32.03609848022461,25.0,0.0,0.0,0.008408681489527225,0.007921780459582806,0.004913872107863426,0.004913872107863426
CelebDFv3,/root/Datasets/CelebDFv3/CelebDFv3/FAKE/FaceReenact/DaGAN/id56_id55_0001.mp4,FaceReenact/DaGAN,id56,id55,0,5.217536926269531,-5.217536926269531,0.0,21.145111083984375,30.0,0.0,0.0,0.017167890444397926,0.012714175507426262,0.011060287244617939,0.011060287244617939
CelebDFv3,/root/Datasets/CelebDFv3/CelebDFv3/FAKE/FaceReenact/FSRT/id31_id38_0001.mp4,FaceReenact/FSRT,id31,id38,0,2.0932061672210693,-2.0932061672210693,0.0,24.174692153930664,20.0,1.0,0.015625,0.016889948397874832,0.00633560586720705,0.012383218854665756,0.012383218854665756
CelebDFv3,/root/Datasets/CelebDFv3/CelebDFv3/FAKE/FaceReenact/HyperReenact/id23_id17_0006.mp4,FaceReenact/HyperReenact,id23,id17,0,2.7307493686676025,-2.7307493686676025,0.0,22.64335060119629,25.0,0.0,0.0,0.009674599394202232,0.005173566285520792,0.006762491539120674,0.006762491539120674
CelebDFv3,/root/Datasets/CelebDFv3/CelebDFv3/FAKE/FaceReenact/LIA/id8_id6_0007.mp4,FaceReenact/LIA,id8,id6,0,1.610527753829956,-1.610527753829956,0.0,34.64700698852539,30.0,1.0,0.046875,0.030719488859176636,0.0072156162932515144,0.019241536036133766,0.019241536036133766
CelebDFv3,/root/Datasets/CelebDFv3/CelebDFv3/FAKE/FaceReenact/LivePortrait/id59_id5_0004.mp4,FaceReenact/LivePortrait,id59,id5,0,-0.7068429589271545,0.7068429589271545,0.0,20.821983337402344,30.0,1.0,0.1875,0.027155153453350067,0.011593936942517757,0.007931580767035484,0.01420383621007204
CelebDFv3,/root/Datasets/CelebDFv3/CelebDFv3/FAKE/FaceReenact/MCNET/id31_id3_0000.mp4,FaceReenact/MCNET,id31,id3,0,0.570661187171936,-0.570661187171936,0.0,19.583894729614258,30.0,1.0,0.140625,0.023172341287136078,0.026746263727545738,0.01613648422062397,0.01613648422062397
CelebDFv3,/root/Datasets/CelebDFv3/CelebDFv3/FAKE/FaceReenact/TPSMM/id31_id3_0000.mp4,FaceReenact/TPSMM,id31,id3,0,0.23669666051864624,-0.23669666051864624,0.0,20.062870025634766,30.0,1.0,0.09375,0.01954776979982853,0.020985614508390427,0.010112040676176548,0.010112040676176548
CelebDFv3,/root/Datasets/CelebDFv3/CelebDFv3/FAKE/FaceSwap/BlendFace/id23_id0_0007.mp4,FaceSwap/BlendFace,id23,id0,0,3.5968542098999023,-3.5968542098999023,0.0,23.21880531311035,30.0,0.0,0.0,0.016793396323919296,0.029691603034734726,0.008126026950776577,0.014255572110414505
CelebDFv3,/root/Datasets/CelebDFv3/CelebDFv3/FAKE/FaceSwap/Celeb-DF-v2/id51_id50_0002.mp4,FaceSwap/Celeb-DF-v2,id51,id50,0,1.4598360061645508,-1.4598360061645508,0.0,20.084043502807617,30.0,0.0,0.0,0.008742835372686386,0.016697091981768608,0.006039822939783335,0.010816085152328014
CelebDFv3,/root/Datasets/CelebDFv3/CelebDFv3/FAKE/FaceSwap/GHOST/id54_id53_0001.mp4,FaceSwap/GHOST,id54,id53,0,-1.4618568420410156,1.4618568420410156,0.0,37.97503662109375,30.0,0.0,0.0,0.011127190664410591,0.04473632946610451,0.004424423910677433,0.007923235185444355
CelebDFv3,/root/Datasets/CelebDFv3/CelebDFv3/FAKE/FaceSwap/HifiFace/id56_id49_0003.mp4,FaceSwap/HifiFace,id56,id49,0,0.5644747018814087,-0.5644747018814087,0.0,28.061290740966797,30.0,0.0,0.0,0.00774963665753603,0.005627522245049477,0.005193787161260843,0.009301007725298405
CelebDFv3,/root/Datasets/CelebDFv3/CelebDFv3/FAKE/FaceSwap/InSwapper/id31_id20_0002.mp4,FaceSwap/InSwapper,id31,id20,0,-0.2215547114610672,0.2215547114610672,0.0,20.31812858581543,30.0,0.0,0.0,0.020610030740499496,0.040621984750032425,0.014252221211791039,0.025666074827313423
CelebDFv3,/root/Datasets/CelebDFv3/CelebDFv3/FAKE/FaceSwap/MobileFaceSwap/id23_id0_0007.mp4,FaceSwap/MobileFaceSwap,id23,id0,0,2.413027763366699,-2.413027763366699,0.0,25.768461227416992,30.0,0.0,0.0,0.014049668796360493,0.034692272543907166,0.0066157118417322636,0.011606012471020222
CelebDFv3,/root/Datasets/CelebDFv3/CelebDFv3/FAKE/FaceSwap/SimSwap/id26_id28_0004.mp4,FaceSwap/SimSwap,id26,id28,0,1.0530824661254883,-1.0530824661254883,0.0,27.953752517700195,30.0,0.0,0.0,0.005997278727591038,0.013977505266666412,0.003300379728898406,0.005929495207965374
CelebDFv3,/root/Datasets/CelebDFv3/CelebDFv3/FAKE/FaceSwap/UniFace/id23_id35_0005.mp4,FaceSwap/UniFace,id23,id35,0,1.617456316947937,-1.617456316947937,0.0,26.600433349609375,30.0,0.0,0.0,0.008334396407008171,0.0032667960040271282,0.0041786376386880875,0.008553587831556797
CelebDFv3,/root/Datasets/CelebDFv3/CelebDFv3/FAKE/TalkingFace/AniTalker/id26_0006_test_id04232_ROWN2ssXek8.mp4,TalkingFace/AniTalker,id26,,0,-0.7456108331680298,0.7456108331680298,0.0,74.21512603759766,25.0,0.0,0.0,0.011885950341820717,0.004987318068742752,0.007152940146625042,0.007152940146625042
CelebDFv3,/root/Datasets/CelebDFv3/CelebDFv3/FAKE/TalkingFace/EDTalk/id23_0007_test_id04295_zjlNcdVhso4.mp4,TalkingFace/EDTalk,id23,,0,1.4698374271392822,-1.4698374271392822,0.0,39.6015510559082,25.0,0.0,0.0,0.014484616927802563,0.01361323893070221,0.005465554539114237,0.005465554539114237
CelebDFv3,/root/Datasets/CelebDFv3/CelebDFv3/FAKE/TalkingFace/EchoMimic/id23_0001_test_id03862_6W_l9CHyUZg.mp4,TalkingFace/EchoMimic,id23,,0,0.5742393732070923,-0.5742393732070923,0.0,39.42749786376953,24.0,0.0,0.0,0.008065634407103062,0.009594355709850788,0.004983808379620314,0.004983808379620314
CelebDFv3,/root/Datasets/CelebDFv3/CelebDFv3/FAKE/TalkingFace/FLOAT/id54_0008_test_id08456_ajf9MieCX4k.mp4,TalkingFace/FLOAT,id54,,0,1.5292778015136719,-1.5292778015136719,0.0,32.3255729675293,25.0,0.0,0.0,0.01567061059176922,0.013290287926793098,0.008014286868274212,0.008014286868274212
CelebDFv3,/root/Datasets/CelebDFv3/CelebDFv3/FAKE/TalkingFace/IP_LAP/id59_0007_test_id07621_50AxdGn25as.mp4,TalkingFace/IP_LAP,id59,,0,2.4907748699188232,-2.4907748699188232,0.0,30.8239688873291,25.0,0.0,0.0,0.026121988892555237,0.007430553436279297,0.010321966372430325,0.010321966372430325
CelebDFv3,/root/Datasets/CelebDFv3/CelebDFv3/FAKE/TalkingFace/Real3DPortrait/id51_0005_test_id09017_sduESYpj2-I.mp4,TalkingFace/Real3DPortrait,id51,,0,0.17827561497688293,-0.17827561497688293,0.0,37.21399688720703,25.0,0.0,0.0,0.014053218066692352,0.00693637365475297,0.008490841835737228,0.008490841835737228
CelebDFv3,/root/Datasets/CelebDFv3/CelebDFv3/FAKE/TalkingFace/SadTalker/id11_0003_test_id02725_37kUrf6RJdw.mp4,TalkingFace/SadTalker,id11,,0,-6.15750789642334,6.15750789642334,0.0,48.926177978515625,25.0,0.0,0.0,0.0031892273109406233,0.004526438191533089,0.0062070912681519985,0.0062070912681519985
CelebDFv3,/root/Datasets/CelebDFv3/CelebDFv3/FAKE/FaceReenact/DaGAN/id11_id7_0003.mp4,FaceReenact/DaGAN,id11,id7,0,-0.6511627435684204,0.6511627435684204,0.0,34.887794494628906,30.0,0.0,0.0,0.03149290010333061,0.01953200250864029,0.016937408596277237,0.016937408596277237
CelebDFv3,/root/Datasets/CelebDFv3/CelebDFv3/FAKE/FaceReenact/FSRT/id54_id52_0006.mp4,FaceReenact/FSRT,id54,id52,0,0.8254286646842957,-0.8254286646842957,0.0,33.87079620361328,20.0,0.0,0.0,0.017931055277585983,0.006632939912378788,0.009856029413640499,0.009856029413640499
CelebDFv3,/root/Datasets/CelebDFv3/CelebDFv3/FAKE/FaceReenact/HyperReenact/id22_id26_0005.mp4,FaceReenact/HyperReenact,id22,id26,0,6.032848358154297,-6.032848358154297,0.0,35.505226135253906,25.0,0.0,0.0,0.0017970495391637087,0.0017663742182776332,0.0045284247025847435,0.0045284247025847435
CelebDFv3,/root/Datasets/CelebDFv3/CelebDFv3/FAKE/FaceReenact/LIA/id31_id9_0003.mp4,FaceReenact/LIA,id31,id9,0,0.6684631109237671,-0.6684631109237671,0.0,33.83462905883789,30.0,1.0,0.03125,0.03113589622080326,0.01736915484070778,0.02235584519803524,0.02235584519803524
CelebDFv3,/root/Datasets/CelebDFv3/CelebDFv3/FAKE/FaceReenact/LivePortrait/id26_id3_0008.mp4,FaceReenact/LivePortrait,id26,id3,0,3.581570625305176,-3.581570625305176,0.0,24.172744750976562,30.0,0.0,0.0,0.004034890793263912,0.009928573854267597,0.00332079641520977,0.006047039292752743
CelebDFv3,/root/Datasets/CelebDFv3/CelebDFv3/FAKE/FaceReenact/MCNET/id26_id29_0008.mp4,FaceReenact/MCNET,id26,id29,0,3.994083881378174,-3.994083881378174,0.0,22.426305770874023,30.0,1.0,0.125,0.014749136753380299,0.009156460873782635,0.01576719805598259,0.01576719805598259
CelebDFv3,/root/Datasets/CelebDFv3/CelebDFv3/FAKE/FaceReenact/TPSMM/id31_id29_0001.mp4,FaceReenact/TPSMM,id31,id29,0,2.0631322860717773,-2.0631322860717773,0.0,21.25099754333496,30.0,1.0,0.171875,0.03889859840273857,0.01264159195125103,0.02964058890938759,0.02964058890938759
CelebDFv3,/root/Datasets/CelebDFv3/CelebDFv3/FAKE/FaceSwap/BlendFace/id23_id38_0000.mp4,FaceSwap/BlendFace,id23,id38,0,3.3111512660980225,-3.3111512660980225,0.0,24.54525375366211,30.0,0.0,0.0,0.0032543239649385214,0.002626606961712241,0.0019588947761803865,0.0034815650433301926
CelebDFv3,/root/Datasets/CelebDFv3/CelebDFv3/FAKE/FaceSwap/Celeb-DF-v2/id54_id51_0000.mp4,FaceSwap/Celeb-DF-v2,id54,id51,0,-1.3551902770996094,1.3551902770996094,0.0,26.87116241455078,30.0,0.0,0.0,0.012975214049220085,0.007020213641226292,0.0036266890820115805,0.0064946566708385944
CelebDFv3,/root/Datasets/CelebDFv3/CelebDFv3/FAKE/FaceSwap/GHOST/id56_id53_0006.mp4,FaceSwap/GHOST,id56,id53,0,1.6754941940307617,-1.6754941940307617,0.0,24.792179107666016,30.0,0.0,0.0,0.006923865061253309,0.008148390799760818,0.003533927956596017,0.00632854038849473
CelebDFv3,/root/Datasets/CelebDFv3/CelebDFv3/FAKE/FaceSwap/HifiFace/id23_id0_0001.mp4,FaceSwap/HifiFace,id23,id0,0,3.075930118560791,-3.075930118560791,0.0,27.579345703125,30.0,0.0,0.0,0.003478684928268194,0.005012758541852236,0.0015246859984472394,0.002709840890020132
CelebDFv3,/root/Datasets/CelebDFv3/CelebDFv3/FAKE/FaceSwap/InSwapper/id51_id57_0000.mp4,FaceSwap/InSwapper,id51,id57,0,0.4805425703525543,-0.4805425703525543,0.0,20.398731231689453,30.0,0.0,0.0,0.007527415174990892,0.004467154387384653,0.005563225597143173,0.00996259693056345
CelebDFv3,/root/Datasets/CelebDFv3/CelebDFv3/FAKE/FaceSwap/MobileFaceSwap/id8_id1_0003.mp4,FaceSwap/MobileFaceSwap,id8,id1,0,1.0456578731536865,-1.0456578731536865,0.0,37.09648513793945,30.0,0.0,0.0,0.004033186472952366,0.01500004157423973,0.0025343461893498898,0.004774708300828934
CelebDFv3,/root/Datasets/CelebDFv3/CelebDFv3/FAKE/FaceSwap/SimSwap/id31_id3_0000.mp4,FaceSwap/SimSwap,id31,id3,0,0.3866375982761383,-0.3866375982761383,0.0,23.06603240966797,30.0,0.0,0.0,0.005468061659485102,0.007830675691366196,0.0037305327132344246,0.006718120537698269
CelebDFv3,/root/Datasets/CelebDFv3/CelebDFv3/FAKE/FaceSwap/UniFace/id23_id30_0002.mp4,FaceSwap/UniFace,id23,id30,0,0.7284718751907349,-0.7284718751907349,0.0,25.18157386779785,30.0,0.0,0.0,0.021026894450187683,0.01982508972287178,0.005947744008153677,0.010570989921689034
CelebDFv3,/root/Datasets/CelebDFv3/CelebDFv3/FAKE/TalkingFace/AniTalker/id48_0008_test_id04094_XXOtyg4RxTE.mp4,TalkingFace/AniTalker,id48,,0,-3.803128480911255,3.803128480911255,0.0,51.21312713623047,25.0,0.0,0.0,0.004616511054337025,0.006422226317226887,0.0043676262721419334,0.0043676262721419334
CelebDFv3,/root/Datasets/CelebDFv3/CelebDFv3/FAKE/TalkingFace/EDTalk/id48_0005_test_id01618_kzxW2WAFWLI.mp4,TalkingFace/EDTalk,id48,,0,4.109597206115723,-4.109597206115723,0.0,31.382556915283203,25.0,0.0,0.0,0.013097750954329967,0.014558001421391964,0.00863745529204607,0.00863745529204607
CelebDFv3,/root/Datasets/CelebDFv3/CelebDFv3/FAKE/TalkingFace/EchoMimic/id11_0001_test_id04478_GZQGZOmFU5U.mp4,TalkingFace/EchoMimic,id11,,0,-3.6767165660858154,3.6767165660858154,0.0,38.7041015625,24.0,0.0,0.0,0.005997892934828997,0.01053021103143692,0.005761916749179363,0.005761916749179363
CelebDFv3,/root/Datasets/CelebDFv3/CelebDFv3/FAKE/TalkingFace/FLOAT/id25_0002_test_id03969_jDDsg0LLY2Y.mp4,TalkingFace/FLOAT,id25,,0,2.0775671005249023,-2.0775671005249023,0.0,17.95199966430664,25.0,0.0,0.0,0.021583758294582367,0.015964290127158165,0.018835261464118958,0.018835261464118958
CelebDFv3,/root/Datasets/CelebDFv3/CelebDFv3/FAKE/TalkingFace/IP_LAP/id54_0004_test_id01106_mkgP19APekU.mp4,TalkingFace/IP_LAP,id54,,0,-0.2412530928850174,0.2412530928850174,0.0,61.32215881347656,25.0,0.0,0.0,0.006506794132292271,0.013468578457832336,0.008929919451475143,0.008929919451475143
CelebDFv3,/root/Datasets/CelebDFv3/CelebDFv3/FAKE/TalkingFace/Real3DPortrait/id22_0000_test_id00926_TOxtKuoggFI.mp4,TalkingFace/Real3DPortrait,id22,,0,2.2583889961242676,-2.2583889961242676,0.0,33.73516082763672,25.0,0.0,0.0,0.014683393761515617,0.006646788213402033,0.010417988523840904,0.010417988523840904
CelebDFv3,/root/Datasets/CelebDFv3/CelebDFv3/FAKE/TalkingFace/SadTalker/id22_0005_test_id04276_Sgb1KpIJt90.mp4,TalkingFace/SadTalker,id22,,0,2.3084702491760254,-2.3084702491760254,0.0,34.924259185791016,25.0,0.0,0.0,0.004937666468322277,0.0059509072452783585,0.006091361865401268,0.006091361865401268
CelebDFv3,/root/Datasets/CelebDFv3/CelebDFv3/FAKE/FaceReenact/DaGAN/id26_id0_0000.mp4,FaceReenact/DaGAN,id26,id0,0,-0.07192102819681168,0.07192102819681168,0.0,39.210426330566406,30.0,1.0,0.28125,0.027387255802750587,0.010406378656625748,0.007824034430086613,0.007824034430086613
CelebDFv3,/root/Datasets/CelebDFv3/CelebDFv3/FAKE/FaceReenact/FSRT/id26_id20_0000.mp4,FaceReenact/FSRT,id26,id20,0,-0.3275323212146759,0.3275323212146759,0.0,41.12217712402344,20.0,1.0,0.125,0.02913067489862442,0.01780295930802822,0.015064751729369164,0.015064751729369164
CelebDFv3,/root/Datasets/CelebDFv3/CelebDFv3/FAKE/FaceReenact/HyperReenact/id23_id30_0003.mp4,FaceReenact/HyperReenact,id23,id30,0,1.9047632217407227,-1.9047632217407227,0.0,30.312580108642578,25.0,0.0,0.0,0.005448249168694019,0.004928854294121265,0.003838117467239499,0.003838117467239499
CelebDFv3,/root/Datasets/CelebDFv3/CelebDFv3/FAKE/FaceReenact/LIA/id31_id33_0001.mp4,FaceReenact/LIA,id31,id33,0,0.6630476713180542,-0.6630476713180542,0.0,20.514720916748047,30.0,1.0,0.5625,0.006846625357866287,0.009082295000553131,0.008565472438931465,0.008565472438931465
CelebDFv3,/root/Datasets/CelebDFv3/CelebDFv3/FAKE/FaceReenact/LivePortrait/id22_id28_0002.mp4,FaceReenact/LivePortrait,id22,id28,0,5.049006462097168,-5.049006462097168,0.0,26.575138092041016,30.0,0.0,0.0,0.004947601817548275,0.005239950492978096,0.00418755691498518,0.007442590780556202
CelebDFv3,/root/Datasets/CelebDFv3/CelebDFv3/FAKE/FaceReenact/MCNET/id54_id52_0006.mp4,FaceReenact/MCNET,id54,id52,0,1.9293732643127441,-1.9293732643127441,0.0,32.91291046142578,29.670000076293945,0.0,0.0,0.01686471700668335,0.006001484580338001,0.008487631566822529,0.008487631566822529
CelebDFv3,/root/Datasets/CelebDFv3/CelebDFv3/FAKE/FaceReenact/TPSMM/id26_id1_0004.mp4,FaceReenact/TPSMM,id26,id1,0,1.6353563070297241,-1.6353563070297241,0.0,27.485980987548828,30.0,0.0,0.0,0.02677731215953827,0.01114711444824934,0.004324255511164665,0.004324255511164665
CelebDFv3,/root/Datasets/CelebDFv3/CelebDFv3/FAKE/FaceSwap/BlendFace/id22_id26_0001.mp4,FaceSwap/BlendFace,id22,id26,0,2.1255404949188232,-2.1255404949188232,0.0,22.336952209472656,30.0,0.0,0.0,0.015198996290564537,0.028062252327799797,0.0175993200391531,0.031279467046260834
CelebDFv3,/root/Datasets/CelebDFv3/CelebDFv3/FAKE/FaceSwap/Celeb-DF-v2/id48_id45_0007.mp4,FaceSwap/Celeb-DF-v2,id48,id45,0,2.0429577827453613,-2.0429577827453613,0.0,32.759117126464844,30.0,0.0,0.0,0.0037416545674204826,0.004305366892367601,0.0017741684569045901,0.0023277089931070805
CelebDFv3,/root/Datasets/CelebDFv3/CelebDFv3/FAKE/FaceSwap/GHOST/id23_id20_0001.mp4,FaceSwap/GHOST,id23,id20,0,2.204263210296631,-2.204263210296631,0.0,29.142677307128906,30.0,0.0,0.0,0.005041676573455334,0.013414962217211723,0.012003444135189056,0.021333852782845497
CelebDFv3,/root/Datasets/CelebDFv3/CelebDFv3/FAKE/FaceSwap/HifiFace/id26_id6_0006.mp4,FaceSwap/HifiFace,id26,id6,0,-0.2906773090362549,0.2906773090362549,0.0,66.50265502929688,30.0,1.0,0.015625,0.024874087423086166,0.009052593261003494,0.006454849615693092,0.011754028499126434
CelebDFv3,/root/Datasets/CelebDFv3/CelebDFv3/FAKE/FaceSwap/InSwapper/id48_id40_0009.mp4,FaceSwap/InSwapper,id48,id40,0,1.7282028198242188,-1.7282028198242188,0.0,33.02416229248047,30.0,0.0,0.0,0.004548008553683758,0.00504712201654911,0.002243541646748781,0.004011756740510464
CelebDFv3,/root/Datasets/CelebDFv3/CelebDFv3/FAKE/FaceSwap/MobileFaceSwap/id31_id23_0000.mp4,FaceSwap/MobileFaceSwap,id31,id23,0,-1.4416637420654297,1.4416637420654297,0.0,25.004528045654297,30.0,0.0,0.0,0.005479493178427219,0.00733293779194355,0.002961760852485895,0.005333679728209972
CelebDFv3,/root/Datasets/CelebDFv3/CelebDFv3/FAKE/FaceSwap/SimSwap/id31_id38_0000.mp4,FaceSwap/SimSwap,id31,id38,0,-1.0986285209655762,1.0986285209655762,0.0,24.45453453063965,30.0,0.0,0.0,0.005532058887183666,0.008231133222579956,0.004052361939102411,0.007297685369849205
CelebDFv3,/root/Datasets/CelebDFv3/CelebDFv3/FAKE/FaceSwap/UniFace/id59_id60_0006.mp4,FaceSwap/UniFace,id59,id60,0,-0.7745435237884521,0.7745435237884521,0.0,25.361534118652344,30.0,1.0,0.03125,0.02925320714712143,0.01594829559326172,0.011954352259635925,0.021407796069979668
CelebDFv3,/root/Datasets/CelebDFv3/CelebDFv3/FAKE/TalkingFace/AniTalker/id23_0005_test_id07494_XMEIdqio6ic.mp4,TalkingFace/AniTalker,id23,,0,2.8942980766296387,-2.8942980766296387,0.0,25.682849884033203,25.0,0.0,0.0,0.0077866073697805405,0.005435418803244829,0.005217005964368582,0.005217005964368582
CelebDFv3,/root/Datasets/CelebDFv3/CelebDFv3/FAKE/TalkingFace/EDTalk/id11_0000_test_id06913_ihOLv6bL4yA.mp4,TalkingFace/EDTalk,id11,,0,5.272338390350342,-5.272338390350342,0.0,22.331439971923828,25.0,0.0,0.0,0.015974728390574455,0.01094814296811819,0.007924402132630348,0.007924402132630348
CelebDFv3,/root/Datasets/CelebDFv3/CelebDFv3/FAKE/TalkingFace/EchoMimic/id11_0004_test_id08696_ttUSQacqnRA.mp4,TalkingFace/EchoMimic,id11,,0,-1.2127004861831665,1.2127004861831665,0.0,41.9886360168457,24.0,0.0,0.0,0.007327358704060316,0.005143748130649328,0.005572071764618158,0.005572071764618158
CelebDFv3,/root/Datasets/CelebDFv3/CelebDFv3/FAKE/TalkingFace/FLOAT/id23_0002_test_id05850_WNF1CY-Lu3I.mp4,TalkingFace/FLOAT,id23,,0,0.9225530028343201,-0.9225530028343201,0.0,23.27224349975586,25.0,0.0,0.0,0.0176349226385355,0.01180165447294712,0.009470622055232525,0.009470622055232525
CelebDFv3,/root/Datasets/CelebDFv3/CelebDFv3/FAKE/TalkingFace/IP_LAP/id26_0000_test_id01541_TU5SEgxdqSg.mp4,TalkingFace/IP_LAP,id26,,0,1.2432410717010498,-1.2432410717010498,0.0,38.320953369140625,25.0,0.0,0.0,0.007525458931922913,0.0030444124713540077,0.006835457403212786,0.006835457403212786
CelebDFv3,/root/Datasets/CelebDFv3/CelebDFv3/FAKE/TalkingFace/Real3DPortrait/id31_0008_test_id01509_qLxfiUMYgQg.mp4,TalkingFace/Real3DPortrait,id31,,0,4.411118507385254,-4.411118507385254,0.0,34.239959716796875,25.0,0.0,0.0,0.014284901320934296,0.006404566578567028,0.0065793246030807495,0.0065793246030807495
CelebDFv3,/root/Datasets/CelebDFv3/CelebDFv3/FAKE/TalkingFace/SadTalker/id8_0004_test_id03839_pX7kYiDgFMA.mp4,TalkingFace/SadTalker,id8,,0,-7.166131496429443,7.166131496429443,0.0,70.59696960449219,25.0,0.0,0.0,0.0035954550839960575,0.0059250155463814735,0.003823623526841402,0.003823623526841402
CelebDFv3,/root/Datasets/CelebDFv3/CelebDFv3/FAKE/FaceReenact/DaGAN/id31_id9_0005.mp4,FaceReenact/DaGAN,id31,id9,0,0.1548251211643219,-0.1548251211643219,0.0,28.455507278442383,30.0,1.0,0.25,0.041891537606716156,0.01954362727701664,0.05173662304878235,0.05173662304878235
CelebDFv3,/root/Datasets/CelebDFv3/CelebDFv3/FAKE/FaceReenact/FSRT/id26_id25_0008.mp4,FaceReenact/FSRT,id26,id25,0,3.849853515625,-3.849853515625,0.0,20.06041717529297,20.0,1.0,0.421875,0.016519133001565933,0.009379965253174305,0.013041868805885315,0.013041868805885315
CelebDFv3,/root/Datasets/CelebDFv3/CelebDFv3/FAKE/FaceReenact/HyperReenact/id26_id27_0008.mp4,FaceReenact/HyperReenact,id26,id27,0,4.20280122756958,-4.20280122756958,0.0,24.333280563354492,25.0,0.0,0.0,0.020227797329425812,0.006864743307232857,0.021391361951828003,0.021391361951828003
CelebDFv3,/root/Datasets/CelebDFv3/CelebDFv3/FAKE/FaceReenact/LIA/id26_id33_0006.mp4,FaceReenact/LIA,id26,id33,0,-0.2294211983680725,0.2294211983680725,0.0,62.094539642333984,30.0,1.0,0.5,0.0374569334089756,0.022844713181257248,0.0538499541580677,0.0538499541580677
CelebDFv3,/root/Datasets/CelebDFv3/CelebDFv3/FAKE/FaceReenact/LivePortrait/id31_id32_0006.mp4,FaceReenact/LivePortrait,id31,id32,0,-3.4431304931640625,3.4431304931640625,0.0,42.66976547241211,30.0,1.0,0.375,0.0045079756528139114,0.006581414956599474,0.006168506108224392,0.011108538135886192
CelebDFv3,/root/Datasets/CelebDFv3/CelebDFv3/FAKE/FaceReenact/MCNET/id23_id19_0000.mp4,FaceReenact/MCNET,id23,id19,0,0.492300420999527,-0.492300420999527,0.0,26.10164451599121,29.829999923706055,1.0,0.046875,0.020032130181789398,0.014891291037201881,0.009931527078151703,0.009931527078151703
CelebDFv3,/root/Datasets/CelebDFv3/CelebDFv3/FAKE/FaceReenact/TPSMM/id51_id49_0004.mp4,FaceReenact/TPSMM,id51,id49,0,0.7772075533866882,-0.7772075533866882,0.0,20.482959747314453,30.0,1.0,0.359375,0.03419243171811104,0.031407471746206284,0.0229107104241848,0.0229107104241848
CelebDFv3,/root/Datasets/CelebDFv3/CelebDFv3/FAKE/FaceSwap/BlendFace/id59_id60_0007.mp4,FaceSwap/BlendFace,id59,id60,0,3.908377170562744,-3.908377170562744,0.0,31.233179092407227,30.0,0.0,0.0,0.00859690923243761,0.003306877100840211,0.0016612388426437974,0.0029749381355941296
CelebDFv3,/root/Datasets/CelebDFv3/CelebDFv3/FAKE/FaceSwap/Celeb-DF-v2/id26_id37_0004.mp4,FaceSwap/Celeb-DF-v2,id26,id37,0,1.6081105470657349,-1.6081105470657349,0.0,27.502689361572266,30.0,0.0,0.0,0.006150033324956894,0.013422369956970215,0.0032889542635530233,0.0059089683927595615
CelebDFv3,/root/Datasets/CelebDFv3/CelebDFv3/FAKE/FaceSwap/GHOST/id31_id32_0008.mp4,FaceSwap/GHOST,id31,id32,0,5.5331621170043945,-5.5331621170043945,0.0,36.253990173339844,30.0,0.0,0.0,0.005934699438512325,0.01155034452676773,0.005404631607234478,0.00973291601985693
CelebDFv3,/root/Datasets/CelebDFv3/CelebDFv3/FAKE/FaceSwap/HifiFace/id26_id29_0009.mp4,FaceSwap/HifiFace,id26,id29,0,-1.168135404586792,1.168135404586792,0.0,50.65428924560547,30.0,0.0,0.0,0.01730589009821415,0.010624805465340614,0.007014690898358822,0.012773474678397179
CelebDFv3,/root/Datasets/CelebDFv3/CelebDFv3/FAKE/FaceSwap/InSwapper/id48_id47_0002.mp4,FaceSwap/InSwapper,id48,id47,0,1.1736350059509277,-1.1736350059509277,0.0,28.491254806518555,30.0,0.0,0.0,0.0036828520242124796,0.004930237773805857,0.0017587643815204501,0.003140650223940611
CelebDFv3,/root/Datasets/CelebDFv3/CelebDFv3/FAKE/FaceSwap/MobileFaceSwap/id31_id35_0006.mp4,FaceSwap/MobileFaceSwap,id31,id35,0,-1.55610990524292,1.55610990524292,0.0,31.534814834594727,30.0,1.0,0.015625,0.0059362719766795635,0.0119793601334095,0.003617888782173395,0.006515266373753548
CelebDFv3,/root/Datasets/CelebDFv3/CelebDFv3/FAKE/FaceSwap/SimSwap/id59_id60_0007.mp4,FaceSwap/SimSwap,id59,id60,0,3.3667023181915283,-3.3667023181915283,0.0,30.5460262298584,30.0,0.0,0.0,0.03367754817008972,0.03399605304002762,0.002967595122754574,0.005314355716109276
CelebDFv3,/root/Datasets/CelebDFv3/CelebDFv3/FAKE/FaceSwap/UniFace/id26_id37_0000.mp4,FaceSwap/UniFace,id26,id37,0,0.8105841875076294,-0.8105841875076294,0.0,36.49159240722656,30.0,0.0,0.0,0.0026212858501821756,0.0018157484009861946,0.0028760028071701527,0.005167054943740368
CelebDFv3,/root/Datasets/CelebDFv3/CelebDFv3/FAKE/TalkingFace/AniTalker/id59_0004_test_id04232_AB9fk1MH2rA.mp4,TalkingFace/AniTalker,id59,,0,-0.011417672038078308,0.011417672038078308,0.0,25.540342330932617,25.0,0.0,0.0,0.012865167111158371,0.01079612784087658,0.00749633926898241,0.00749633926898241
CelebDFv3,/root/Datasets/CelebDFv3/CelebDFv3/FAKE/TalkingFace/EDTalk/id23_0008_test_id06811_Y6PB7tt3VPc.mp4,TalkingFace/EDTalk,id23,,0,3.1847705841064453,-3.1847705841064453,0.0,25.148332595825195,25.0,0.0,0.0,0.01659981533885002,0.014651987701654434,0.010707825422286987,0.010707825422286987
CelebDFv3,/root/Datasets/CelebDFv3/CelebDFv3/FAKE/TalkingFace/EchoMimic/id31_0003_test_id02542_cwgUjse_REU.mp4,TalkingFace/EchoMimic,id31,,0,-3.9320907592773438,3.9320907592773438,0.0,45.38286209106445,24.0,0.0,0.0,0.019061148166656494,0.01264141034334898,0.013531888835132122,0.013531888835132122
CelebDFv3,/root/Datasets/CelebDFv3/CelebDFv3/FAKE/TalkingFace/FLOAT/id54_0006_test_id01567_vpFlNPO9OGM.mp4,TalkingFace/FLOAT,id54,,0,1.0561518669128418,-1.0561518669128418,0.0,32.549129486083984,25.0,0.0,0.0,0.011469374410808086,0.010461410507559776,0.006276897620409727,0.006276897620409727
CelebDFv3,/root/Datasets/CelebDFv3/CelebDFv3/FAKE/TalkingFace/IP_LAP/id11_0008_test_id05124_uPPqcWVd-dg.mp4,TalkingFace/IP_LAP,id11,,0,4.830099105834961,-4.830099105834961,0.0,23.59773826599121,25.0,0.0,0.0,0.01626969873905182,0.0211943406611681,0.0072492314502596855,0.0072492314502596855
CelebDFv3,/root/Datasets/CelebDFv3/CelebDFv3/FAKE/TalkingFace/Real3DPortrait/id23_0004_test_id07961_DM8nW7joT3A.mp4,TalkingFace/Real3DPortrait,id23,,0,1.7707068920135498,-1.7707068920135498,0.0,27.90029525756836,25.0,0.0,0.0,0.01624823734164238,0.006357446312904358,0.004113981034606695,0.004113981034606695
CelebDFv3,/root/Datasets/CelebDFv3/CelebDFv3/FAKE/TalkingFace/SadTalker/id26_0007_test_id05124_1HAXGOri_x0.mp4,TalkingFace/SadTalker,id26,,0,1.7479052543640137,-1.7479052543640137,0.0,44.073909759521484,25.0,0.0,0.0,0.005406717304140329,0.009858550503849983,0.006913439370691776,0.0073743355460464954
CelebDFv3,/root/Datasets/CelebDFv3/CelebDFv3/FAKE/FaceReenact/DaGAN/id23_id2_0000.mp4,FaceReenact/DaGAN,id23,id2,0,2.9761810302734375,-2.9761810302734375,0.0,25.186323165893555,30.0,0.0,0.0,0.009327207691967487,0.006533271633088589,0.008136486634612083,0.008136486634612083
CelebDFv3,/root/Datasets/CelebDFv3/CelebDFv3/FAKE/FaceReenact/FSRT/id48_id45_0002.mp4,FaceReenact/FSRT,id48,id45,0,0.7509677410125732,-0.7509677410125732,0.0,24.480731964111328,20.0,1.0,0.125,0.022108469158411026,0.012483113445341587,0.030787881463766098,0.030787881463766098
CelebDFv3,/root/Datasets/CelebDFv3/CelebDFv3/FAKE/FaceReenact/HyperReenact/id25_id27_0004.mp4,FaceReenact/HyperReenact,id25,id27,0,-0.39132899045944214,0.39132899045944214,0.0,34.79301071166992,25.0,0.0,0.0,0.017069950699806213,0.0057013328187167645,0.012373989447951317,0.012373989447951317
CelebDFv3,/root/Datasets/CelebDFv3/CelebDFv3/FAKE/FaceReenact/LIA/id56_id52_0001.mp4,FaceReenact/LIA,id56,id52,0,3.6237404346466064,-3.6237404346466064,0.0,20.271713256835938,30.0,1.0,0.109375,0.028776157647371292,0.026004228740930557,0.009109467267990112,0.009109467267990112
CelebDFv3,/root/Datasets/CelebDFv3/CelebDFv3/FAKE/FaceReenact/LivePortrait/id51_id54_0005.mp4,FaceReenact/LivePortrait,id51,id54,0,-0.08964549005031586,0.08964549005031586,0.0,37.53017807006836,30.0,0.0,0.0,0.0022313562221825123,0.003975455183535814,0.00330168753862381,0.0059126452542841434
CelebDFv3,/root/Datasets/CelebDFv3/CelebDFv3/FAKE/FaceReenact/MCNET/id26_id16_0003.mp4,FaceReenact/MCNET,id26,id16,0,-4.940570831298828,4.940570831298828,0.0,96.71114349365234,30.0,0.0,0.0,0.028463762253522873,0.0038723074831068516,0.011506802402436733,0.011506802402436733
CelebDFv3,/root/Datasets/CelebDFv3/CelebDFv3/FAKE/FaceReenact/TPSMM/id31_id2_0005.mp4,FaceReenact/TPSMM,id31,id2,0,-1.419946312904358,1.419946312904358,0.0,30.774335861206055,30.0,0.0,0.0,0.011340171098709106,0.006435837130993605,0.005968874786049128,0.005968874786049128
CelebDFv3,/root/Datasets/CelebDFv3/CelebDFv3/FAKE/FaceSwap/BlendFace/id23_id0_0006.mp4,FaceSwap/BlendFace,id23,id0,0,0.9028177857398987,-0.9028177857398987,0.0,15.743597030639648,30.0,0.0,0.0,0.01598478853702545,0.006477010902017355,0.003694073064252734,0.004894646350294352
CelebDFv3,/root/Datasets/CelebDFv3/CelebDFv3/FAKE/FaceSwap/Celeb-DF-v2/id51_id58_0001.mp4,FaceSwap/Celeb-DF-v2,id51,id58,0,-1.445879578590393,1.445879578590393,0.0,65.60773468017578,30.0,1.0,0.03125,0.006071893032640219,0.0076179723255336285,0.006018499843776226,0.01077789906412363
CelebDFv3,/root/Datasets/CelebDFv3/CelebDFv3/FAKE/FaceSwap/GHOST/id54_id50_0004.mp4,FaceSwap/GHOST,id54,id50,0,-0.6519497632980347,0.6519497632980347,0.0,54.12428665161133,30.0,0.0,0.0,0.002996468683704734,0.020337704569101334,0.010952070355415344,0.019612912088632584
CelebDFv3,/root/Datasets/CelebDFv3/CelebDFv3/FAKE/FaceSwap/HifiFace/id51_id55_0004.mp4,FaceSwap/HifiFace,id51,id55,0,1.053041934967041,-1.053041934967041,0.0,21.795366287231445,29.0,1.0,0.140625,0.013784014619886875,0.02135832980275154,0.014224513433873653,0.025473186746239662
CelebDFv3,/root/Datasets/CelebDFv3/CelebDFv3/FAKE/FaceSwap/InSwapper/id23_id2_0007.mp4,FaceSwap/InSwapper,id23,id2,0,2.4707424640655518,-2.4707424640655518,0.0,29.712663650512695,30.0,0.0,0.0,0.01590440236032009,0.04033464193344116,0.006274527404457331,0.011007467284798622
CelebDFv3,/root/Datasets/CelebDFv3/CelebDFv3/FAKE/FaceSwap/MobileFaceSwap/id54_id51_0003.mp4,FaceSwap/MobileFaceSwap,id54,id51,0,1.7408652305603027,-1.7408652305603027,0.0,39.94485855102539,30.0,0.0,0.0,0.003071513958275318,0.020274760201573372,0.002861659275367856,0.005124645307660103
CelebDFv3,/root/Datasets/CelebDFv3/CelebDFv3/FAKE/FaceSwap/SimSwap/id26_id22_0003.mp4,FaceSwap/SimSwap,id26,id22,0,-7.610673904418945,7.610673904418945,0.0,102.97687530517578,30.0,0.0,0.0,0.00784438569098711,0.011379987001419067,0.0038382785860449076,0.006895890925079584
CelebDFv3,/root/Datasets/CelebDFv3/CelebDFv3/FAKE/FaceSwap/UniFace/id23_id24_0009.mp4,FaceSwap/UniFace,id23,id24,0,4.452507019042969,-4.452507019042969,0.0,20.213890075683594,30.0,0.0,0.0,0.004999266937375069,0.00663501862436533,0.003994180355221033,0.005288294982165098
CelebDFv3,/root/Datasets/CelebDFv3/CelebDFv3/FAKE/TalkingFace/AniTalker/id54_0009_test_id01989_t3crub0ikyc.mp4,TalkingFace/AniTalker,id54,,0,1.2785639762878418,-1.2785639762878418,0.0,31.450550079345703,25.0,0.0,0.0,0.005482855718582869,0.006241955794394016,0.005897796247154474,0.005897796247154474
CelebDFv3,/root/Datasets/CelebDFv3/CelebDFv3/FAKE/TalkingFace/EDTalk/id23_0006_test_id09017_W9dkqIcvdBg.mp4,TalkingFace/EDTalk,id23,,0,5.14138126373291,-5.14138126373291,0.0,21.6127872467041,25.0,0.0,0.0,0.011568831279873848,0.012390922755002975,0.006099732592701912,0.006099732592701912
CelebDFv3,/root/Datasets/CelebDFv3/CelebDFv3/FAKE/TalkingFace/EchoMimic/id11_0005_test_id02317_B_Tih3Eph2k.mp4,TalkingFace/EchoMimic,id11,,0,-2.9147257804870605,2.9147257804870605,0.0,32.2334098815918,24.0,0.0,0.0,0.013203928247094154,0.007411830127239227,0.008290874771773815,0.008290874771773815
CelebDFv3,/root/Datasets/CelebDFv3/CelebDFv3/FAKE/TalkingFace/FLOAT/id54_0007_test_id01298_gWkO0NOMazs.mp4,TalkingFace/FLOAT,id54,,0,2.422301769256592,-2.422301769256592,0.0,39.932647705078125,25.0,0.0,0.0,0.015345524065196514,0.013176515698432922,0.011655498296022415,0.011655498296022415
CelebDFv3,/root/Datasets/CelebDFv3/CelebDFv3/FAKE/TalkingFace/IP_LAP/id48_0007_test_id04094_BExUTQV-HpQ.mp4,TalkingFace/IP_LAP,id48,,0,2.3283119201660156,-2.3283119201660156,0.0,33.51036071777344,25.0,0.0,0.0,0.011784507893025875,0.010833404026925564,0.0057743629440665245,0.0057743629440665245
CelebDFv3,/root/Datasets/CelebDFv3/CelebDFv3/FAKE/TalkingFace/Real3DPortrait/id54_0000_test_id08374_8V4tFXw2UxY.mp4,TalkingFace/Real3DPortrait,id54,,0,0.4108661413192749,-0.4108661413192749,0.0,29.155855178833008,25.0,0.0,0.0,0.013979856856167316,0.0070235710591077805,0.008136582560837269,0.008136582560837269
CelebDFv3,/root/Datasets/CelebDFv3/CelebDFv3/FAKE/TalkingFace/SadTalker/id59_0008_test_id05055__PvDDInENOI.mp4,TalkingFace/SadTalker,id59,,0,1.8637356758117676,-1.8637356758117676,0.0,30.4089412689209,25.0,0.0,0.0,0.0034802330192178488,0.005667494609951973,0.004189928062260151,0.0044692568480968475
CelebDFv3,/root/Datasets/CelebDFv3/CelebDFv3/FAKE/FaceReenact/DaGAN/id48_id45_0008.mp4,FaceReenact/DaGAN,id48,id45,0,-4.1448259353637695,4.1448259353637695,0.0,50.07719802856445,30.0,1.0,0.046875,0.008153465576469898,0.009197145700454712,0.011334593407809734,0.011334593407809734
CelebDFv3,/root/Datasets/CelebDFv3/CelebDFv3/FAKE/FaceReenact/FSRT/id56_id55_0003.mp4,FaceReenact/FSRT,id56,id55,0,4.145776271820068,-4.145776271820068,0.0,22.266124725341797,20.0,1.0,0.015625,0.024698620662093163,0.016106463968753815,0.018121691420674324,0.018121691420674324
CelebDFv3,/root/Datasets/CelebDFv3/CelebDFv3/FAKE/FaceReenact/HyperReenact/id51_id58_0002.mp4,FaceReenact/HyperReenact,id51,id58,0,1.2570264339447021,-1.2570264339447021,0.0,30.13470458984375,25.0,0.0,0.0,0.010575355961918831,0.002229084959253669,0.014477047137916088,0.014477047137916088
CelebDFv3,/root/Datasets/CelebDFv3/CelebDFv3/FAKE/FaceReenact/LIA/id54_id52_0001.mp4,FaceReenact/LIA,id54,id52,0,-2.36612606048584,2.36612606048584,0.0,43.3588981628418,30.0,1.0,0.09375,0.046424318104982376,0.03861336037516594,0.01297113299369812,0.01297113299369812
CelebDFv3,/root/Datasets/CelebDFv3/CelebDFv3/FAKE/FaceReenact/LivePortrait/id23_id25_0002.mp4,FaceReenact/LivePortrait,id23,id25,0,1.89955472946167,-1.89955472946167,0.0,19.732118606567383,30.0,0.0,0.0,0.0070233759470283985,0.014370467513799667,0.0066646309569478035,0.011845121160149574
CelebDFv3,/root/Datasets/CelebDFv3/CelebDFv3/FAKE/FaceReenact/MCNET/id8_id1_0003.mp4,FaceReenact/MCNET,id8,id1,0,0.5838680863380432,-0.5838680863380432,0.0,29.21549415588379,30.0,1.0,0.046875,0.02394314855337143,0.0058346036821603775,0.016639528796076775,0.016639528796076775
CelebDFv3,/root/Datasets/CelebDFv3/CelebDFv3/FAKE/FaceReenact/TPSMM/id48_id45_0003.mp4,FaceReenact/TPSMM,id48,id45,0,-0.9292007684707642,0.9292007684707642,0.0,31.743207931518555,30.0,0.0,0.0,0.009634116664528847,0.007191394921392202,0.010227399878203869,0.010227399878203869
CelebDFv3,/root/Datasets/CelebDFv3/CelebDFv3/FAKE/FaceSwap/BlendFace/id23_id28_0000.mp4,FaceSwap/BlendFace,id23,id28,0,4.404539108276367,-4.404539108276367,0.0,25.269195556640625,30.0,0.0,0.0,0.00321786105632782,0.0025320742279291153,0.0016058922046795487,0.0028541695792227983
CelebDFv3,/root/Datasets/CelebDFv3/CelebDFv3/FAKE/FaceSwap/Celeb-DF-v2/id31_id17_0000.mp4,FaceSwap/Celeb-DF-v2,id31,id17,0,-0.29485058784484863,0.29485058784484863,0.0,23.003393173217773,30.0,0.0,0.0,0.0053637209348380566,0.0076684243977069855,0.002880180487409234,0.005186765920370817
CelebDFv3,/root/Datasets/CelebDFv3/CelebDFv3/FAKE/FaceSwap/GHOST/id51_id49_0001.mp4,FaceSwap/GHOST,id51,id49,0,-3.2029576301574707,3.2029576301574707,0.0,65.25408172607422,30.0,1.0,0.03125,0.006766908802092075,0.007854081690311432,0.003882678924128413,0.006953082047402859
CelebDFv3,/root/Datasets/CelebDFv3/CelebDFv3/FAKE/FaceSwap/HifiFace/id54_id55_0008.mp4,FaceSwap/HifiFace,id54,id55,0,1.2689366340637207,-1.2689366340637207,0.0,30.246030807495117,30.0,0.0,0.0,0.0033960475120693445,0.004831756930798292,0.0019870358519256115,0.0035583737771958113
CelebDFv3,/root/Datasets/CelebDFv3/CelebDFv3/FAKE/FaceSwap/InSwapper/id56_id50_0005.mp4,FaceSwap/InSwapper,id56,id50,0,-1.7110235691070557,1.7110235691070557,0.0,29.802764892578125,29.899993896484375,0.0,0.0,0.0034218321088701487,0.007508700713515282,0.0016644170973449945,0.002980629913508892
CelebDFv3,/root/Datasets/CelebDFv3/CelebDFv3/FAKE/FaceSwap/MobileFaceSwap/id26_id37_0008.mp4,FaceSwap/MobileFaceSwap,id26,id37,0,4.472423553466797,-4.472423553466797,0.0,24.11580467224121,30.0,0.0,0.0,0.00918577704578638,0.005855056457221508,0.0022582223173230886,0.004112134221941233
CelebDFv3,/root/Datasets/CelebDFv3/CelebDFv3/FAKE/FaceSwap/SimSwap/id31_id26_0006.mp4,FaceSwap/SimSwap,id31,id26,0,-1.4475574493408203,1.4475574493408203,0.0,34.773250579833984,30.0,1.0,0.015625,0.0064504812471568584,0.012235338799655437,0.004266491625458002,0.007683300878852606
CelebDFv3,/root/Datasets/CelebDFv3/CelebDFv3/FAKE/FaceSwap/UniFace/id48_id39_0008.mp4,FaceSwap/UniFace,id48,id39,0,-4.285901069641113,4.285901069641113,0.0,52.375640869140625,30.0,0.0,0.0,0.003982527647167444,0.003639310598373413,0.003228199202567339,0.0032152861822396517
CelebDFv3,/root/Datasets/CelebDFv3/CelebDFv3/FAKE/TalkingFace/AniTalker/id22_0005_test_id05459_smpeQd0vnD8.mp4,TalkingFace/AniTalker,id22,,0,2.381978988647461,-2.381978988647461,0.0,34.848751068115234,25.0,0.0,0.0,0.007867040112614632,0.004019491840153933,0.006497910711914301,0.006497910711914301
CelebDFv3,/root/Datasets/CelebDFv3/CelebDFv3/FAKE/TalkingFace/EDTalk/id11_0010_test_id05459_wq3Z0I944wU.mp4,TalkingFace/EDTalk,id11,,0,3.0133492946624756,-3.0133492946624756,0.0,31.19761085510254,25.0,0.0,0.0,0.01380652654916048,0.011206142604351044,0.006559501402080059,0.006559501402080059
CelebDFv3,/root/Datasets/CelebDFv3/CelebDFv3/FAKE/TalkingFace/EchoMimic/id56_0009_test_id06104_I5L50wxtK8Q.mp4,TalkingFace/EchoMimic,id56,,0,-2.175140142440796,2.175140142440796,0.0,49.94956970214844,24.0,0.0,0.0,0.009910392574965954,0.012322081252932549,0.007142767310142517,0.007142767310142517
CelebDFv3,/root/Datasets/CelebDFv3/CelebDFv3/FAKE/TalkingFace/FLOAT/id11_0000_test_id04006__bENbO3pwL0.mp4,TalkingFace/FLOAT,id11,,0,2.6546168327331543,-2.6546168327331543,0.0,25.296655654907227,25.0,0.0,0.0,0.024348760023713112,0.010049696080386639,0.008353917859494686,0.008353917859494686
CelebDFv3,/root/Datasets/CelebDFv3/CelebDFv3/FAKE/TalkingFace/IP_LAP/id54_0003_test_id01822_jmFGgwXCuW0.mp4,TalkingFace/IP_LAP,id54,,0,1.3675057888031006,-1.3675057888031006,0.0,44.24955749511719,25.0,0.0,0.0,0.0063758734613657,0.01089594978839159,0.007159819360822439,0.007159819360822439
CelebDFv3,/root/Datasets/CelebDFv3/CelebDFv3/FAKE/TalkingFace/Real3DPortrait/id54_0003_test_id03524_NDFq9szuzN0.mp4,TalkingFace/Real3DPortrait,id54,,0,0.699244499206543,-0.699244499206543,0.0,48.66918182373047,25.0,0.0,0.0,0.013641659170389175,0.006903532426804304,0.005950926337391138,0.005950926337391138
CelebDFv3,/root/Datasets/CelebDFv3/CelebDFv3/FAKE/TalkingFace/SadTalker/id56_0000_test_id05015_k_TJD7DmraQ.mp4,TalkingFace/SadTalker,id56,,0,2.3843913078308105,-2.3843913078308105,0.0,22.850677490234375,25.0,0.0,0.0,0.0026257846038788557,0.005950518883764744,0.0084295142441988,0.0084295142441988
CelebDFv3,/root/Datasets/CelebDFv3/CelebDFv3/FAKE/FaceReenact/DaGAN/id23_id9_0000.mp4,FaceReenact/DaGAN,id23,id9,0,2.4138710498809814,-2.4138710498809814,0.0,24.10039710998535,30.0,0.0,0.0,0.013580325059592724,0.008317658677697182,0.004288708325475454,0.004288708325475454
CelebDFv3,/root/Datasets/CelebDFv3/CelebDFv3/FAKE/FaceReenact/FSRT/id31_id20_0003.mp4,FaceReenact/FSRT,id31,id20,0,-2.5120062828063965,2.5120062828063965,0.0,32.08121109008789,20.0,0.0,0.0,0.007878283970057964,0.016864512115716934,0.010873168706893921,0.010873168706893921
CelebDFv3,/root/Datasets/CelebDFv3/CelebDFv3/FAKE/FaceReenact/HyperReenact/id31_id38_0004.mp4,FaceReenact/HyperReenact,id31,id38,0,1.725466012954712,-1.725466012954712,0.0,22.544734954833984,25.0,0.0,0.0,0.019567370414733887,0.006106905173510313,0.011879303492605686,0.011879303492605686
CelebDFv3,/root/Datasets/CelebDFv3/CelebDFv3/FAKE/FaceReenact/LIA/id22_id24_0005.mp4,FaceReenact/LIA,id22,id24,0,6.809404373168945,-6.809404373168945,0.0,28.28524398803711,30.0,0.0,0.0,0.012645382434129715,0.016681574285030365,0.010559439659118652,0.010559439659118652
CelebDFv3,/root/Datasets/CelebDFv3/CelebDFv3/FAKE/FaceReenact/LivePortrait/id26_id3_0003.mp4,FaceReenact/LivePortrait,id26,id3,0,-11.039092063903809,11.039092063903809,0.0,107.41690826416016,30.0,0.0,0.0,0.003647581906989217,0.005752237513661385,0.002258030232042074,0.004056800156831741
CelebDFv3,/root/Datasets/CelebDFv3/CelebDFv3/FAKE/FaceReenact/MCNET/id25_id28_0002.mp4,FaceReenact/MCNET,id25,id28,0,2.5670666694641113,-2.5670666694641113,0.0,18.700374603271484,30.0,0.0,0.0,0.026824573054909706,0.015344473533332348,0.00887375045567751,0.00887375045567751
CelebDFv3,/root/Datasets/CelebDFv3/CelebDFv3/FAKE/FaceReenact/TPSMM/id48_id42_0004.mp4,FaceReenact/TPSMM,id48,id42,0,4.080697059631348,-4.080697059631348,0.0,27.069164276123047,30.0,0.0,0.0,0.017290111631155014,0.01502807904034853,0.010531154461205006,0.010531154461205006
CelebDFv3,/root/Datasets/CelebDFv3/CelebDFv3/FAKE/FaceSwap/BlendFace/id31_id33_0006.mp4,FaceSwap/BlendFace,id31,id33,0,-1.343475580215454,1.343475580215454,0.0,34.31694793701172,30.0,0.0,0.0,0.006204442586749792,0.012564602307975292,0.003079865360632539,0.005546367261558771
CelebDFv3,/root/Datasets/CelebDFv3/CelebDFv3/FAKE/FaceSwap/Celeb-DF-v2/id31_id26_0007.mp4,FaceSwap/Celeb-DF-v2,id31,id26,0,-6.404773235321045,6.404773235321045,0.0,57.96207809448242,30.0,1.0,0.015625,0.017273936420679092,0.005139468237757683,0.00771140493452549,0.013887064531445503
CelebDFv3,/root/Datasets/CelebDFv3/CelebDFv3/FAKE/FaceSwap/GHOST/id48_id42_0003.mp4,FaceSwap/GHOST,id48,id42,0,2.238468647003174,-2.238468647003174,0.0,28.430465698242188,30.0,1.0,0.0625,0.011074403300881386,0.041615720838308334,0.01598319783806801,0.028541425243020058
CelebDFv3,/root/Datasets/CelebDFv3/CelebDFv3/FAKE/FaceSwap/HifiFace/id25_id22_0002.mp4,FaceSwap/HifiFace,id25,id22,0,2.941187858581543,-2.941187858581543,0.0,16.230098724365234,30.0,0.0,0.0,0.013970810920000076,0.027087314054369926,0.003662276081740856,0.006595199927687645
CelebDFv3,/root/Datasets/CelebDFv3/CelebDFv3/FAKE/FaceSwap/InSwapper/id23_id34_0000.mp4,FaceSwap/InSwapper,id23,id34,0,3.389791488647461,-3.389791488647461,0.0,24.1365966796875,30.0,0.0,0.0,0.003462622407823801,0.0027086057234555483,0.001966760726645589,0.003495545359328389
CelebDFv3,/root/Datasets/CelebDFv3/CelebDFv3/FAKE/FaceSwap/MobileFaceSwap/id54_id49_0009.mp4,FaceSwap/MobileFaceSwap,id54,id49,0,0.9542874693870544,-0.9542874693870544,0.0,27.24482536315918,30.0,0.0,0.0,0.018257729709148407,0.01845288835465908,0.0032817586325109005,0.005876956507563591
CelebDFv3,/root/Datasets/CelebDFv3/CelebDFv3/FAKE/FaceSwap/SimSwap/id23_id34_0000.mp4,FaceSwap/SimSwap,id23,id34,0,2.5069937705993652,-2.5069937705993652,0.0,24.339174270629883,30.0,0.0,0.0,0.003213856602087617,0.002851559082046151,0.0017017126083374023,0.0030244726222008467
CelebDFv3,/root/Datasets/CelebDFv3/CelebDFv3/FAKE/FaceSwap/UniFace/id51_id55_0006.mp4,FaceSwap/UniFace,id51,id55,0,0.8263905048370361,-0.8263905048370361,0.0,34.646846771240234,29.900009155273438,0.0,0.0,0.004373065195977688,0.021146491169929504,0.0031593763269484043,0.005657795816659927
CelebDFv3,/root/Datasets/CelebDFv3/CelebDFv3/FAKE/TalkingFace/AniTalker/id23_0000_test_id01541_H1G3yUV598w.mp4,TalkingFace/AniTalker,id23,,0,3.663499116897583,-3.663499116897583,0.0,24.989517211914062,25.0,0.0,0.0,0.010665650479495525,0.007638771552592516,0.005799734964966774,0.005799734964966774
CelebDFv3,/root/Datasets/CelebDFv3/CelebDFv3/FAKE/TalkingFace/EDTalk/id48_0004_test_id01509_XmSD0fC9gX4.mp4,TalkingFace/EDTalk,id48,,0,5.777543067932129,-5.777543067932129,0.0,33.81232452392578,25.0,0.0,0.0,0.013303177431225777,0.012633349746465683,0.008399548940360546,0.008399548940360546
CelebDFv3,/root/Datasets/CelebDFv3/CelebDFv3/FAKE/TalkingFace/EchoMimic/id54_0001_test_id03978_cLsHB_wl6DE.mp4,TalkingFace/EchoMimic,id54,,0,-4.709191799163818,4.709191799163818,0.0,51.493629455566406,24.0,0.0,0.0,0.005847174674272537,0.01076627615839243,0.006146880332380533,0.006146880332380533
CelebDFv3,/root/Datasets/CelebDFv3/CelebDFv3/FAKE/TalkingFace/FLOAT/id23_0003_test_id04030_LbbwMkj_5cE.mp4,TalkingFace/FLOAT,id23,,0,-0.6994189023971558,0.6994189023971558,0.0,29.471694946289062,25.0,0.0,0.0,0.014614629559218884,0.012526027858257294,0.005448039621114731,0.005448039621114731
CelebDFv3,/root/Datasets/CelebDFv3/CelebDFv3/FAKE/TalkingFace/IP_LAP/id23_0000_test_id07802_aUfv9KTIO2E.mp4,TalkingFace/IP_LAP,id23,,0,2.593946933746338,-2.593946933746338,0.0,25.636390686035156,25.0,0.0,0.0,0.017773600295186043,0.007325866725295782,0.008082023821771145,0.008082023821771145
CelebDFv3,/root/Datasets/CelebDFv3/CelebDFv3/FAKE/TalkingFace/Real3DPortrait/id25_0003_test_id07620_1OEnUjSVBcE.mp4,TalkingFace/Real3DPortrait,id25,,0,3.3636627197265625,-3.3636627197265625,0.0,25.729665756225586,25.0,0.0,0.0,0.015756109729409218,0.007658118382096291,0.011476004496216774,0.011476004496216774
CelebDFv3,/root/Datasets/CelebDFv3/CelebDFv3/FAKE/TalkingFace/SadTalker/id11_0009_test_id08149_Ay1xwkYsNAE.mp4,TalkingFace/SadTalker,id11,,0,-2.0384912490844727,2.0384912490844727,0.0,33.153656005859375,25.0,0.0,0.0,0.003302082885056734,0.006095482036471367,0.005196853540837765,0.005196853540837765
CelebDFv3,/root/Datasets/CelebDFv3/CelebDFv3/FAKE/FaceReenact/DaGAN/id31_id20_0003.mp4,FaceReenact/DaGAN,id31,id20,0,-5.502534866333008,5.502534866333008,0.0,35.0363655090332,30.0,0.0,0.0,0.008577143773436546,0.01969289407134056,0.011299378238618374,0.011299378238618374
CelebDFv3,/root/Datasets/CelebDFv3/CelebDFv3/FAKE/FaceReenact/FSRT/id23_id9_0002.mp4,FaceReenact/FSRT,id23,id9,0,1.1834443807601929,-1.1834443807601929,0.0,26.6778507232666,20.0,0.0,0.0,0.010910889133810997,0.00935390219092369,0.008897366933524609,0.008897366933524609
CelebDFv3,/root/Datasets/CelebDFv3/CelebDFv3/FAKE/FaceReenact/HyperReenact/id23_id9_0006.mp4,FaceReenact/HyperReenact,id23,id9,0,4.962665557861328,-4.962665557861328,0.0,20.90167236328125,25.0,0.0,0.0,0.005203167907893658,0.006773484405130148,0.0070799305103719234,0.0070799305103719234
CelebDFv3,/root/Datasets/CelebDFv3/CelebDFv3/FAKE/FaceReenact/LIA/id23_id9_0004.mp4,FaceReenact/LIA,id23,id9,0,0.6790769696235657,-0.6790769696235657,0.0,26.27047348022461,30.0,0.0,0.0,0.017053691670298576,0.011179529130458832,0.011437890119850636,0.011437890119850636
CelebDFv3,/root/Datasets/CelebDFv3/CelebDFv3/FAKE/FaceReenact/LivePortrait/id26_id0_0000.mp4,FaceReenact/LivePortrait,id26,id0,0,0.09322673082351685,-0.09322673082351685,0.0,37.577274322509766,30.0,1.0,0.515625,0.005841342732310295,0.0048624370247125626,0.00277329096570611,0.004982522688806057
CelebDFv3,/root/Datasets/CelebDFv3/CelebDFv3/FAKE/FaceReenact/MCNET/id22_id28_0009.mp4,FaceReenact/MCNET,id22,id28,0,1.700035810470581,-1.700035810470581,0.0,31.72523307800293,30.0,0.0,0.0,0.007045496255159378,0.00456584244966507,0.008126435801386833,0.008126435801386833
CelebDFv3,/root/Datasets/CelebDFv3/CelebDFv3/FAKE/FaceReenact/TPSMM/id56_id58_0006.mp4,FaceReenact/TPSMM,id56,id58,0,4.910350799560547,-4.910350799560547,0.0,25.44854164123535,30.0,0.0,0.0,0.013355689123272896,0.0100731011480093,0.011401629075407982,0.011401629075407982
CelebDFv3,/root/Datasets/CelebDFv3/CelebDFv3/FAKE/FaceSwap/BlendFace/id56_id58_0001.mp4,FaceSwap/BlendFace,id56,id58,0,4.035411357879639,-4.035411357879639,0.0,21.317928314208984,30.0,0.0,0.0,0.0041501689702272415,0.01058165542781353,0.0038409652188420296,0.0068783811293542385
CelebDFv3,/root/Datasets/CelebDFv3/CelebDFv3/FAKE/FaceSwap/Celeb-DF-v2/id48_id42_0005.mp4,FaceSwap/Celeb-DF-v2,id48,id42,0,3.549283981323242,-3.549283981323242,0.0,34.74205017089844,30.0,0.0,0.0,0.0016253323992714286,0.0028243737760931253,0.0010876251617446542,0.0019421877805143595
CelebDFv3,/root/Datasets/CelebDFv3/CelebDFv3/FAKE/FaceSwap/GHOST/id23_id3_0006.mp4,FaceSwap/GHOST,id23,id3,0,2.4184885025024414,-2.4184885025024414,0.0,16.53166389465332,30.0,0.0,0.0,0.0106594143435359,0.006084881257265806,0.003839478362351656,0.005087309051305056
CelebDFv3,/root/Datasets/CelebDFv3/CelebDFv3/FAKE/FaceSwap/HifiFace/id26_id29_0004.mp4,FaceSwap/HifiFace,id26,id29,0,0.5001446008682251,-0.5001446008682251,0.0,26.634340286254883,30.0,0.0,0.0,0.006289901677519083,0.01371752843260765,0.004953046329319477,0.008898693136870861
CelebDFv3,/root/Datasets/CelebDFv3/CelebDFv3/FAKE/FaceSwap/InSwapper/id26_id6_0002.mp4,FaceSwap/InSwapper,id26,id6,0,1.6293160915374756,-1.6293160915374756,0.0,25.33781623840332,30.0,0.0,0.0,0.010869159363210201,0.016889603808522224,0.004731183405965567,0.008500092662870884
CelebDFv3,/root/Datasets/CelebDFv3/CelebDFv3/FAKE/FaceSwap/MobileFaceSwap/id26_id1_0000.mp4,FaceSwap/MobileFaceSwap,id26,id1,0,0.7962207794189453,-0.7962207794189453,0.0,39.105709075927734,30.0,0.0,0.0,0.002458554692566395,0.002309214323759079,0.003181223524734378,0.005715418606996536
CelebDFv3,/root/Datasets/CelebDFv3/CelebDFv3/FAKE/FaceSwap/SimSwap/id8_id3_0002.mp4,FaceSwap/SimSwap,id8,id3,0,2.562163829803467,-2.562163829803467,0.0,31.297327041625977,30.0,0.0,0.0,0.005439175758510828,0.02201658859848976,0.006553363054990768,0.012346536852419376
CelebDFv3,/root/Datasets/CelebDFv3/CelebDFv3/FAKE/FaceSwap/UniFace/id26_id6_0002.mp4,FaceSwap/UniFace,id26,id6,0,0.9462383985519409,-0.9462383985519409,0.0,24.84213638305664,30.0,0.0,0.0,0.011330393142998219,0.01704558916389942,0.004373068921267986,0.00785670056939125
CelebDFv3,/root/Datasets/CelebDFv3/CelebDFv3/FAKE/TalkingFace/AniTalker/id51_0008_test_id04657_WdJ_DuU0ack.mp4,TalkingFace/AniTalker,id51,,0,2.1610660552978516,-2.1610660552978516,0.0,29.73945426940918,25.0,0.0,0.0,0.01003267616033554,0.006719726603478193,0.007012461312115192,0.007012461312115192
CelebDFv3,/root/Datasets/CelebDFv3/CelebDFv3/FAKE/TalkingFace/EDTalk/id51_0007_test_id07663_Um4MKhndp_0.mp4,TalkingFace/EDTalk,id51,,0,-2.00938081741333,2.00938081741333,0.0,40.616695404052734,25.0,0.0,0.0,0.01531338319182396,0.013915452174842358,0.007713464088737965,0.007713464088737965
CelebDFv3,/root/Datasets/CelebDFv3/CelebDFv3/FAKE/TalkingFace/EchoMimic/id11_0009_test_id01106_kk4eYuQIvDo.mp4,TalkingFace/EchoMimic,id11,,0,-2.1403937339782715,2.1403937339782715,0.0,31.583459854125977,24.0,0.0,0.0,0.009222937747836113,0.009826850146055222,0.004972236696630716,0.004972236696630716
CelebDFv3,/root/Datasets/CelebDFv3/CelebDFv3/FAKE/TalkingFace/FLOAT/id54_0009_test_id03862_MbKTN9ENeFQ.mp4,TalkingFace/FLOAT,id54,,0,0.08926695585250854,-0.08926695585250854,0.0,29.428010940551758,25.0,0.0,0.0,0.013152402825653553,0.009354373440146446,0.008282404392957687,0.008282404392957687
CelebDFv3,/root/Datasets/CelebDFv3/CelebDFv3/FAKE/TalkingFace/IP_LAP/id26_0004_test_id02465_PhHBC9xmnUQ.mp4,TalkingFace/IP_LAP,id26,,0,1.4644014835357666,-1.4644014835357666,0.0,27.95347785949707,25.0,0.0,0.0,0.011167095974087715,0.021092185750603676,0.005997090134769678,0.005997090134769678
CelebDFv3,/root/Datasets/CelebDFv3/CelebDFv3/FAKE/TalkingFace/Real3DPortrait/id25_0003_test_id06811_szilQ-DsQIo.mp4,TalkingFace/Real3DPortrait,id25,,0,3.4275970458984375,-3.4275970458984375,0.0,25.753406524658203,25.0,0.0,0.0,0.014418833889067173,0.007312610745429993,0.009881717152893543,0.009881717152893543
CelebDFv3,/root/Datasets/CelebDFv3/CelebDFv3/FAKE/TalkingFace/SadTalker/id54_0008_test_id00017_Nd3m-TBtp6A.mp4,TalkingFace/SadTalker,id54,,0,3.033245325088501,-3.033245325088501,0.0,30.20490264892578,25.0,0.0,0.0,0.0026818031910806894,0.006454638205468655,0.003148554125800729,0.003148554125800729
CelebDFv3,/root/Datasets/CelebDFv3/CelebDFv3/FAKE/FaceReenact/DaGAN/id8_id4_0007.mp4,FaceReenact/DaGAN,id8,id4,0,-0.5124909281730652,0.5124909281730652,0.0,35.771427154541016,30.0,0.0,0.0,0.02767051011323929,0.009196559898555279,0.011484473943710327,0.011484473943710327
CelebDFv3,/root/Datasets/CelebDFv3/CelebDFv3/FAKE/FaceReenact/FSRT/id48_id44_0003.mp4,FaceReenact/FSRT,id48,id44,0,-0.41417476534843445,0.41417476534843445,0.0,30.497055053710938,20.0,0.0,0.0,0.011707073077559471,0.006941300816833973,0.006069981027394533,0.006069981027394533
CelebDFv3,/root/Datasets/CelebDFv3/CelebDFv3/FAKE/FaceReenact/HyperReenact/id54_id58_0004.mp4,FaceReenact/HyperReenact,id54,id58,0,-1.3989986181259155,1.3989986181259155,0.0,35.96865463256836,25.0,0.0,0.0,0.039688412100076675,0.004295759834349155,0.01314929686486721,0.01314929686486721
CelebDFv3,/root/Datasets/CelebDFv3/CelebDFv3/FAKE/FaceReenact/LIA/id23_id30_0003.mp4,FaceReenact/LIA,id23,id30,0,3.1698355674743652,-3.1698355674743652,0.0,27.741626739501953,30.0,0.0,0.0,0.020711809396743774,0.018196750432252884,0.015342612750828266,0.015342612750828266
CelebDFv3,/root/Datasets/CelebDFv3/CelebDFv3/FAKE/FaceReenact/LivePortrait/id23_id16_0007.mp4,FaceReenact/LivePortrait,id23,id16,0,-3.8559231758117676,3.8559231758117676,0.0,63.96318817138672,30.0,0.0,0.0,0.002141549251973629,0.004201448522508144,0.002475566230714321,0.004342911299318075
CelebDFv3,/root/Datasets/CelebDFv3/CelebDFv3/FAKE/FaceReenact/MCNET/id22_id28_0002.mp4,FaceReenact/MCNET,id22,id28,0,6.790556907653809,-6.790556907653809,0.0,23.59585189819336,30.0,0.0,0.0,0.03370947763323784,0.017646856606006622,0.010264573618769646,0.010264573618769646
CelebDFv3,/root/Datasets/CelebDFv3/CelebDFv3/FAKE/FaceReenact/TPSMM/id51_id54_0005.mp4,FaceReenact/TPSMM,id51,id54,0,0.17944836616516113,-0.17944836616516113,0.0,36.893192291259766,30.0,0.0,0.0,0.010301384143531322,0.007650288287550211,0.006732559762895107,0.006732559762895107
CelebDFv3,/root/Datasets/CelebDFv3/CelebDFv3/FAKE/FaceSwap/BlendFace/id54_id52_0001.mp4,FaceSwap/BlendFace,id54,id52,0,-1.635529637336731,1.635529637336731,0.0,39.1901969909668,30.0,0.0,0.0,0.011099768802523613,0.04449903219938278,0.004892360419034958,0.008761215023696423
CelebDFv3,/root/Datasets/CelebDFv3/CelebDFv3/FAKE/FaceSwap/Celeb-DF-v2/id31_id37_0007.mp4,FaceSwap/Celeb-DF-v2,id31,id37,0,-6.0173187255859375,6.0173187255859375,0.0,55.58222961425781,30.0,1.0,0.015625,0.02025170996785164,0.005996440537273884,0.006394957657903433,0.011516343802213669
CelebDFv3,/root/Datasets/CelebDFv3/CelebDFv3/FAKE/FaceSwap/GHOST/id23_id29_0007.mp4,FaceSwap/GHOST,id23,id29,0,2.0346951484680176,-2.0346951484680176,0.0,27.727792739868164,30.0,0.0,0.0,0.014954768121242523,0.034964293241500854,0.006190289743244648,0.010859689675271511
CelebDFv3,/root/Datasets/CelebDFv3/CelebDFv3/FAKE/FaceSwap/HifiFace/id23_id4_0004.mp4,FaceSwap/HifiFace,id23,id4,0,2.685466766357422,-2.685466766357422,0.0,25.58138084411621,30.0,1.0,0.015625,0.02419660985469818,0.02179141715168953,0.014650416560471058,0.019748762249946594
CelebDFv3,/root/Datasets/CelebDFv3/CelebDFv3/FAKE/FaceSwap/InSwapper/id56_id58_0006.mp4,FaceSwap/InSwapper,id56,id58,0,2.426255702972412,-2.426255702972412,0.0,24.836795806884766,30.0,0.0,0.0,0.008060275577008724,0.007949545979499817,0.003382032038643956,0.006056525744497776
CelebDFv3,/root/Datasets/CelebDFv3/CelebDFv3/FAKE/FaceSwap/MobileFaceSwap/id23_id31_0002.mp4,FaceSwap/MobileFaceSwap,id23,id31,0,1.3500938415527344,-1.3500938415527344,0.0,23.607913970947266,30.0,1.0,0.015625,0.019997738301753998,0.01969357579946518,0.005338672548532486,0.009488481096923351
CelebDFv3,/root/Datasets/CelebDFv3/CelebDFv3/FAKE/FaceSwap/SimSwap/id31_id33_0005.mp4,FaceSwap/SimSwap,id31,id33,0,-0.22354039549827576,0.22354039549827576,0.0,36.9273567199707,30.0,0.0,0.0,0.00910293497145176,0.007077161222696304,0.002285981085151434,0.004116703290492296
CelebDFv3,/root/Datasets/CelebDFv3/CelebDFv3/FAKE/FaceSwap/UniFace/id31_id35_0001.mp4,FaceSwap/UniFace,id31,id35,0,-2.6139400005340576,2.6139400005340576,0.0,26.840343475341797,30.0,0.0,0.0,0.0034687905572354794,0.004501750227063894,0.0026131710037589073,0.004705921746790409
CelebDFv3,/root/Datasets/CelebDFv3/CelebDFv3/FAKE/TalkingFace/AniTalker/id22_0007_test_id01822_zYv_noZ6yqw.mp4,TalkingFace/AniTalker,id22,,0,-5.285612106323242,5.285612106323242,0.0,51.970306396484375,25.0,0.0,0.0,0.006178918294608593,0.004359247628599405,0.006406405009329319,0.006406405009329319
CelebDFv3,/root/Datasets/CelebDFv3/CelebDFv3/FAKE/TalkingFace/EDTalk/id31_0007_test_id02465_BfzqhbsRhuE.mp4,TalkingFace/EDTalk,id31,,0,-2.3188815116882324,2.3188815116882324,0.0,57.61296081542969,25.0,0.0,0.0,0.013770566321909428,0.015345013700425625,0.010796891525387764,0.010796891525387764
CelebDFv3,/root/Datasets/CelebDFv3/CelebDFv3/FAKE/TalkingFace/EchoMimic/id8_0006_test_id01298_xv4IT9v17l4.mp4,TalkingFace/EchoMimic,id8,,0,-6.345290660858154,6.345290660858154,0.0,38.07265853881836,24.0,0.0,0.0,0.010560059919953346,0.010348417796194553,0.008176561444997787,0.008176561444997787
CelebDFv3,/root/Datasets/CelebDFv3/CelebDFv3/FAKE/TalkingFace/FLOAT/id11_0007_test_id02576_vNPd7HDp1uM.mp4,TalkingFace/FLOAT,id11,,0,-1.7998570203781128,1.7998570203781128,0.0,28.464323043823242,25.0,0.0,0.0,0.013670029118657112,0.00884140096604824,0.009283825755119324,0.009283825755119324
CelebDFv3,/root/Datasets/CelebDFv3/CelebDFv3/FAKE/TalkingFace/IP_LAP/id31_0009_test_id03839_C_MwvSBvUy8.mp4,TalkingFace/IP_LAP,id31,,0,2.251495599746704,-2.251495599746704,0.0,18.945276260375977,25.0,1.0,0.0625,0.02898213267326355,0.011443443596363068,0.011300372891128063,0.011300372891128063
CelebDFv3,/root/Datasets/CelebDFv3/CelebDFv3/FAKE/TalkingFace/Real3DPortrait/id26_0002_test_id00017_Nd3m-TBtp6A.mp4,TalkingFace/Real3DPortrait,id26,,0,-0.17444002628326416,0.17444002628326416,0.0,23.86336326599121,25.0,0.0,0.0,0.01329762116074562,0.006681480444967747,0.0038641609717160463,0.0038641609717160463
CelebDFv3,/root/Datasets/CelebDFv3/CelebDFv3/FAKE/TalkingFace/SadTalker/id59_0006_test_id04657_dn4XY5c6mEw.mp4,TalkingFace/SadTalker,id59,,0,1.606651782989502,-1.606651782989502,0.0,26.573894500732422,25.0,0.0,0.0,0.001763031934387982,0.008748309686779976,0.0050049941055476665,0.0050049941055476665
CelebDFv3,/root/Datasets/CelebDFv3/CelebDFv3/FAKE/FaceReenact/DaGAN/id23_id3_0003.mp4,FaceReenact/DaGAN,id23,id3,0,1.3786497116088867,-1.3786497116088867,0.0,28.671796798706055,30.0,0.0,0.0,0.023732788860797882,0.017885709181427956,0.006153761874884367,0.006153761874884367
CelebDFv3,/root/Datasets/CelebDFv3/CelebDFv3/FAKE/FaceReenact/FSRT/id26_id32_0006.mp4,FaceReenact/FSRT,id26,id32,0,-0.9667344689369202,0.9667344689369202,0.0,68.93240356445312,20.0,1.0,0.390625,0.012893128208816051,0.02134598232805729,0.018475694581866264,0.018475694581866264
CelebDFv3,/root/Datasets/CelebDFv3/CelebDFv3/FAKE/FaceReenact/HyperReenact/id54_id49_0009.mp4,FaceReenact/HyperReenact,id54,id49,0,-0.5952975749969482,0.5952975749969482,0.0,24.51325225830078,25.0,0.0,0.0,0.005158921238034964,0.002659703604876995,0.008442533202469349,0.008442533202469349
CelebDFv3,/root/Datasets/CelebDFv3/CelebDFv3/FAKE/FaceReenact/LIA/id25_id22_0002.mp4,FaceReenact/LIA,id25,id22,0,1.5001859664916992,-1.5001859664916992,0.0,30.799840927124023,30.0,1.0,0.03125,0.03305414691567421,0.01439257338643074,0.012393821030855179,0.012393821030855179
CelebDFv3,/root/Datasets/CelebDFv3/CelebDFv3/FAKE/FaceReenact/LivePortrait/id31_id20_0008.mp4,FaceReenact/LivePortrait,id31,id20,0,2.6057472229003906,-2.6057472229003906,0.0,34.73207473754883,30.0,0.0,0.0,0.0035442314110696316,0.00603496003895998,0.005349006969481707,0.009632744826376438
CelebDFv3,/root/Datasets/CelebDFv3/CelebDFv3/FAKE/FaceReenact/MCNET/id8_id3_0002.mp4,FaceReenact/MCNET,id8,id3,0,0.5021790862083435,-0.5021790862083435,0.0,29.748315811157227,30.0,0.0,0.0,0.038467489182949066,0.0183221735060215,0.010035722516477108,0.010035722516477108
CelebDFv3,/root/Datasets/CelebDFv3/CelebDFv3/FAKE/FaceReenact/TPSMM/id54_id50_0004.mp4,FaceReenact/TPSMM,id54,id50,0,-2.378692626953125,2.378692626953125,0.0,55.8493537902832,30.0,1.0,0.0625,0.023614704608917236,0.005958449561148882,0.011174933053553104,0.011174933053553104
CelebDFv3,/root/Datasets/CelebDFv3/CelebDFv3/FAKE/FaceSwap/BlendFace/id56_id58_0000.mp4,FaceSwap/BlendFace,id56,id58,0,2.9660136699676514,-2.9660136699676514,0.0,27.483562469482422,30.0,0.0,0.0,0.003970537334680557,0.006092802621424198,0.0021310821175575256,0.00381633173674345
CelebDFv3,/root/Datasets/CelebDFv3/CelebDFv3/FAKE/FaceSwap/Celeb-DF-v2/id54_id49_0001.mp4,FaceSwap/Celeb-DF-v2,id54,id49,0,-0.17982956767082214,0.17982956767082214,0.0,35.98183059692383,30.0,0.0,0.0,0.011374762281775475,0.04482211172580719,0.004928531125187874,0.008825989440083504
CelebDFv3,/root/Datasets/CelebDFv3/CelebDFv3/FAKE/FaceSwap/GHOST/id26_id29_0004.mp4,FaceSwap/GHOST,id26,id29,0,0.495752215385437,-0.495752215385437,0.0,27.24481964111328,30.0,0.0,0.0,0.00591988256201148,0.013943243771791458,0.0029695623088628054,0.00533514516428113
CelebDFv3,/root/Datasets/CelebDFv3/CelebDFv3/FAKE/FaceSwap/HifiFace/id26_id29_0003.mp4,FaceSwap/HifiFace,id26,id29,0,-9.752615928649902,9.752615928649902,0.0,105.3370361328125,30.0,0.0,0.0,0.007806897163391113,0.011755811050534248,0.004557878710329533,0.008188731968402863
CelebDFv3,/root/Datasets/CelebDFv3/CelebDFv3/FAKE/FaceSwap/InSwapper/id26_id28_0002.mp4,FaceSwap/InSwapper,id26,id28,0,-0.5224789381027222,0.5224789381027222,0.0,26.056222915649414,30.0,1.0,0.015625,0.010503587312996387,0.016621334478259087,0.004137516021728516,0.007433503400534391
CelebDFv3,/root/Datasets/CelebDFv3/CelebDFv3/FAKE/FaceSwap/MobileFaceSwap/id23_id2_0007.mp4,FaceSwap/MobileFaceSwap,id23,id2,0,2.704707145690918,-2.704707145690918,0.0,26.21514892578125,30.0,0.0,0.0,0.013966848142445087,0.03691793233156204,0.007710850797593594,0.013527225703001022
CelebDFv3,/root/Datasets/CelebDFv3/CelebDFv3/FAKE/FaceSwap/SimSwap/id31_id6_0006.mp4,FaceSwap/SimSwap,id31,id6,0,0.25755783915519714,-0.25755783915519714,0.0,33.954280853271484,30.0,1.0,0.015625,0.0057822647504508495,0.012256316840648651,0.0035094914492219687,0.006320057902485132
CelebDFv3,/root/Datasets/CelebDFv3/CelebDFv3/FAKE/FaceSwap/UniFace/id26_id24_0001.mp4,FaceSwap/UniFace,id26,id24,0,2.4833171367645264,-2.4833171367645264,0.0,40.8759880065918,30.0,1.0,0.015625,0.016427651047706604,0.01049000583589077,0.0032039291691035032,0.0057562123984098434
CelebDFv3,/root/Datasets/CelebDFv3/CelebDFv3/FAKE/TalkingFace/AniTalker/id11_0005_test_id02317_B_Tih3Eph2k.mp4,TalkingFace/AniTalker,id11,,0,-0.13680613040924072,0.13680613040924072,0.0,34.141239166259766,25.0,0.0,0.0,0.00885648000985384,0.006211909465491772,0.006042237393558025,0.006042237393558025
CelebDFv3,/root/Datasets/CelebDFv3/CelebDFv3/FAKE/TalkingFace/EDTalk/id59_0005_test_id01593__gyaAyVi6SA.mp4,TalkingFace/EDTalk,id59,,0,1.7000088691711426,-1.7000088691711426,0.0,31.395666122436523,25.0,0.0,0.0,0.013224123977124691,0.01123904064297676,0.006546579301357269,0.006546579301357269
CelebDFv3,/root/Datasets/CelebDFv3/CelebDFv3/FAKE/TalkingFace/EchoMimic/id59_0004_test_id04232_AB9fk1MH2rA.mp4,TalkingFace/EchoMimic,id59,,0,-0.3556959629058838,0.3556959629058838,0.0,25.901277542114258,24.0,0.0,0.0,0.009638942778110504,0.020553015172481537,0.00790127832442522,0.00790127832442522
CelebDFv3,/root/Datasets/CelebDFv3/CelebDFv3/FAKE/TalkingFace/FLOAT/id54_0000_test_id01593_Clw9yg6Jd34.mp4,TalkingFace/FLOAT,id54,,0,-0.5743488073348999,0.5743488073348999,0.0,29.342052459716797,25.0,0.0,0.0,0.016949983313679695,0.012555057182908058,0.010223465040326118,0.010223465040326118
CelebDFv3,/root/Datasets/CelebDFv3/CelebDFv3/FAKE/TalkingFace/IP_LAP/id31_0009_test_id00926_TOxtKuoggFI.mp4,TalkingFace/IP_LAP,id31,,0,2.0076780319213867,-2.0076780319213867,0.0,19.837984085083008,25.0,0.0,0.0,0.03382164612412453,0.0072420076467096806,0.006847643759101629,0.006847643759101629
CelebDFv3,/root/Datasets/CelebDFv3/CelebDFv3/FAKE/TalkingFace/Real3DPortrait/id59_0003_test_id03347__NVxlFSjV0I.mp4,TalkingFace/Real3DPortrait,id59,,0,-2.1709465980529785,2.1709465980529785,0.0,81.23365783691406,25.0,0.0,0.0,0.012698870152235031,0.006666900590062141,0.008759909309446812,0.008759909309446812
CelebDFv3,/root/Datasets/CelebDFv3/CelebDFv3/FAKE/TalkingFace/SadTalker/id23_0007_test_id03127_XaxvcU5-eGY.mp4,TalkingFace/SadTalker,id23,,0,-4.370050430297852,4.370050430297852,0.0,69.12360382080078,25.0,0.0,0.0,0.0028832899406552315,0.01610579900443554,0.007094876375049353,0.006677530240267515
CelebDFv3,/root/Datasets/CelebDFv3/CelebDFv3/FAKE/FaceReenact/DaGAN/id51_id54_0005.mp4,FaceReenact/DaGAN,id51,id54,0,0.21032850444316864,-0.21032850444316864,0.0,37.75299835205078,30.0,0.0,0.0,0.009078177623450756,0.006619897671043873,0.009084062650799751,0.009084062650799751
CelebDFv3,/root/Datasets/CelebDFv3/CelebDFv3/FAKE/FaceReenact/FSRT/id23_id31_0002.mp4,FaceReenact/FSRT,id23,id31,0,1.7520915269851685,-1.7520915269851685,0.0,24.4090576171875,20.0,1.0,0.046875,0.008561257272958755,0.004878776613622904,0.012204229831695557,0.012204229831695557
CelebDFv3,/root/Datasets/CelebDFv3/CelebDFv3/FAKE/FaceReenact/HyperReenact/id23_id9_0002.mp4,FaceReenact/HyperReenact,id23,id9,0,2.772397518157959,-2.772397518157959,0.0,27.463191986083984,25.0,0.0,0.0,0.004242008551955223,0.002743815304711461,0.008244362659752369,0.008244362659752369
CelebDFv3,/root/Datasets/CelebDFv3/CelebDFv3/FAKE/FaceReenact/LIA/id23_id27_0007.mp4,FaceReenact/LIA,id23,id27,0,0.9682406783103943,-0.9682406783103943,0.0,37.651668548583984,30.0,0.0,0.0,0.021399831399321556,0.016962168738245964,0.010469937697052956,0.010469937697052956
CelebDFv3,/root/Datasets/CelebDFv3/CelebDFv3/FAKE/FaceReenact/LivePortrait/id31_id23_0000.mp4,FaceReenact/LivePortrait,id31,id23,0,0.2762165665626526,-0.2762165665626526,0.0,19.548784255981445,30.0,1.0,0.25,0.005275193601846695,0.0023303916677832603,0.003741054330021143,0.0067370678298175335
CelebDFv3,/root/Datasets/CelebDFv3/CelebDFv3/FAKE/FaceReenact/MCNET/id25_id22_0003.mp4,FaceReenact/MCNET,id25,id22,0,0.8758378624916077,-0.8758378624916077,0.0,24.510995864868164,30.0,1.0,0.265625,0.022231990471482277,0.009426683187484741,0.016681227833032608,0.016681227833032608
CelebDFv3,/root/Datasets/CelebDFv3/CelebDFv3/FAKE/FaceReenact/TPSMM/id23_id19_0009.mp4,FaceReenact/TPSMM,id23,id19,0,4.994227409362793,-4.994227409362793,0.0,22.473440170288086,30.0,0.0,0.0,0.01494527142494917,0.007784372195601463,0.009631558321416378,0.009631558321416378
CelebDFv3,/root/Datasets/CelebDFv3/CelebDFv3/FAKE/FaceSwap/BlendFace/id31_id29_0009.mp4,FaceSwap/BlendFace,id31,id29,0,1.7646323442459106,-1.7646323442459106,0.0,18.327564239501953,30.0,1.0,0.015625,0.004175376612693071,0.007273961789906025,0.0035861278884112835,0.006458069663494825
CelebDFv3,/root/Datasets/CelebDFv3/CelebDFv3/FAKE/FaceSwap/Celeb-DF-v2/id23_id30_0000.mp4,FaceSwap/Celeb-DF-v2,id23,id30,0,3.0678045749664307,-3.0678045749664307,0.0,25.30263900756836,30.0,0.0,0.0,0.003332632128149271,0.002646971959620714,0.001737714628688991,0.0030884589068591595
CelebDFv3,/root/Datasets/CelebDFv3/CelebDFv3/FAKE/FaceSwap/GHOST/id51_id53_0008.mp4,FaceSwap/GHOST,id51,id53,0,1.6412688493728638,-1.6412688493728638,0.0,25.02113151550293,30.0,0.0,0.0,0.006561249494552612,0.01634044758975506,0.004825173411518335,0.008640896528959274
CelebDFv3,/root/Datasets/CelebDFv3/CelebDFv3/FAKE/FaceSwap/HifiFace/id26_id9_0008.mp4,FaceSwap/HifiFace,id26,id9,0,3.6766085624694824,-3.6766085624694824,0.0,24.178298950195312,30.0,0.0,0.0,0.00913672149181366,0.006165367551147938,0.0031416367273777723,0.005720797460526228
CelebDFv3,/root/Datasets/CelebDFv3/CelebDFv3/FAKE/FaceSwap/InSwapper/id51_id54_0005.mp4,FaceSwap/InSwapper,id51,id54,0,0.4697408080101013,-0.4697408080101013,0.0,31.4810791015625,30.0,0.0,0.0,0.013552140444517136,0.026840155944228172,0.003733206307515502,0.006685406900942326
CelebDFv3,/root/Datasets/CelebDFv3/CelebDFv3/FAKE/FaceSwap/MobileFaceSwap/id23_id24_0002.mp4,FaceSwap/MobileFaceSwap,id23,id24,0,1.7605793476104736,-1.7605793476104736,0.0,24.067401885986328,30.0,0.0,0.0,0.020372731611132622,0.01989428885281086,0.004508486017584801,0.008012980222702026
CelebDFv3,/root/Datasets/CelebDFv3/CelebDFv3/FAKE/FaceSwap/SimSwap/id26_id3_0008.mp4,FaceSwap/SimSwap,id26,id3,0,5.415282249450684,-5.415282249450684,0.0,23.784984588623047,30.0,0.0,0.0,0.009378106333315372,0.006104225292801857,0.0023130476474761963,0.004211968742311001
CelebDFv3,/root/Datasets/CelebDFv3/CelebDFv3/FAKE/FaceSwap/UniFace/id8_id7_0008.mp4,FaceSwap/UniFace,id8,id7,0,-0.195262610912323,0.195262610912323,0.0,28.226634979248047,30.0,0.0,0.0,0.005824555177241564,0.006236924324184656,0.0010081278160214424,0.0018993128323927522
CelebDFv3,/root/Datasets/CelebDFv3/CelebDFv3/FAKE/TalkingFace/AniTalker/id54_0005_test_id03862_QAjCTPnQTOY.mp4,TalkingFace/AniTalker,id54,,0,1.0013728141784668,-1.0013728141784668,0.0,26.668832778930664,25.0,0.0,0.0,0.01271070633083582,0.0101210568100214,0.006637769751250744,0.006637769751250744
CelebDFv3,/root/Datasets/CelebDFv3/CelebDFv3/FAKE/TalkingFace/EDTalk/id54_0007_test_id06484_4K-ops4JwUA.mp4,TalkingFace/EDTalk,id54,,0,1.5078343152999878,-1.5078343152999878,0.0,38.40177917480469,25.0,0.0,0.0,0.01521057914942503,0.01582058146595955,0.009892987087368965,0.009892987087368965
CelebDFv3,/root/Datasets/CelebDFv3/CelebDFv3/FAKE/TalkingFace/EchoMimic/id56_0001_test_id05055_9wdCne17C3Y.mp4,TalkingFace/EchoMimic,id56,,0,5.043294429779053,-5.043294429779053,0.0,26.160140991210938,24.0,0.0,0.0,0.00975194200873375,0.009692530147731304,0.004121435806155205,0.004121435806155205
CelebDFv3,/root/Datasets/CelebDFv3/CelebDFv3/FAKE/TalkingFace/FLOAT/id48_0009_test_id08374_8V4tFXw2UxY.mp4,TalkingFace/FLOAT,id48,,0,2.8281946182250977,-2.8281946182250977,0.0,27.850688934326172,25.0,0.0,0.0,0.021052148193120956,0.011034400202333927,0.01083334069699049,0.01083334069699049
CelebDFv3,/root/Datasets/CelebDFv3/CelebDFv3/FAKE/TalkingFace/IP_LAP/id31_0007_test_id05459_7UxF1t_taDk.mp4,TalkingFace/IP_LAP,id31,,0,-3.6817235946655273,3.6817235946655273,0.0,53.50728988647461,25.0,1.0,0.265625,0.06803850084543228,0.008173857815563679,0.10511364042758942,0.10511364042758942
CelebDFv3,/root/Datasets/CelebDFv3/CelebDFv3/FAKE/TalkingFace/Real3DPortrait/id11_0010_test_id09017_I5fFZuGVAvs.mp4,TalkingFace/Real3DPortrait,id11,,0,3.4030351638793945,-3.4030351638793945,0.0,24.87990379333496,25.0,0.0,0.0,0.016464417800307274,0.0071088154800236225,0.004990212619304657,0.004990212619304657
CelebDFv3,/root/Datasets/CelebDFv3/CelebDFv3/FAKE/TalkingFace/SadTalker/id59_0007_test_id04657_yqkK6MUhXgk.mp4,TalkingFace/SadTalker,id59,,0,1.6105682849884033,-1.6105682849884033,0.0,32.19838333129883,25.0,0.0,0.0,0.0036370388697832823,0.0036211181432008743,0.006718616932630539,0.007166524417698383
CelebDFv3,/root/Datasets/CelebDFv3/CelebDFv3/FAKE/FaceReenact/DaGAN/id31_id35_0000.mp4,FaceReenact/DaGAN,id31,id35,0,0.35275548696517944,-0.35275548696517944,0.0,19.451826095581055,30.0,0.0,0.0,0.02435890957713127,0.019013654440641403,0.014691299758851528,0.014691299758851528
CelebDFv3,/root/Datasets/CelebDFv3/CelebDFv3/FAKE/FaceReenact/FSRT/id48_id47_0008.mp4,FaceReenact/FSRT,id48,id47,0,0.7058539986610413,-0.7058539986610413,0.0,47.4275016784668,20.0,0.0,0.0,0.015218487940728664,0.00837087631225586,0.00785342138260603,0.00785342138260603
CelebDFv3,/root/Datasets/CelebDFv3/CelebDFv3/FAKE/FaceReenact/HyperReenact/id23_id20_0001.mp4,FaceReenact/HyperReenact,id23,id20,0,2.7071290016174316,-2.7071290016174316,0.0,28.554412841796875,25.0,0.0,0.0,0.007099410519003868,0.003649546531960368,0.008701741695404053,0.008701741695404053
CelebDFv3,/root/Datasets/CelebDFv3/CelebDFv3/FAKE/FaceReenact/LIA/id51_id58_0000.mp4,FaceReenact/LIA,id51,id58,0,-0.019872114062309265,0.019872114062309265,0.0,24.70330810546875,30.0,0.0,0.0,0.03651713207364082,0.013264331966638565,0.01397508941590786,0.01397508941590786
CelebDFv3,/root/Datasets/CelebDFv3/CelebDFv3/FAKE/FaceReenact/LivePortrait/id23_id27_0006.mp4,FaceReenact/LivePortrait,id23,id27,0,0.21042890846729279,-0.21042890846729279,0.0,16.68711280822754,30.0,1.0,0.078125,0.01470840536057949,0.011788141913712025,0.004293585661798716,0.005689000710844994
CelebDFv3,/root/Datasets/CelebDFv3/CelebDFv3/FAKE/FaceReenact/MCNET/id8_id9_0003.mp4,FaceReenact/MCNET,id8,id9,0,2.209369659423828,-2.209369659423828,0.0,30.518007278442383,30.0,0.0,0.0,0.011554150842130184,0.00935794971883297,0.011434217914938927,0.011434217914938927
CelebDFv3,/root/Datasets/CelebDFv3/CelebDFv3/FAKE/FaceReenact/TPSMM/id23_id27_0001.mp4,FaceReenact/TPSMM,id23,id27,0,2.0944132804870605,-2.0944132804870605,0.0,28.840606689453125,30.0,0.0,0.0,0.014340187422931194,0.00727596553042531,0.006032431498169899,0.006032431498169899
CelebDFv3,/root/Datasets/CelebDFv3/CelebDFv3/FAKE/FaceSwap/BlendFace/id26_id25_0003.mp4,FaceSwap/BlendFace,id26,id25,0,-10.94062614440918,10.94062614440918,0.0,109.52459716796875,30.0,0.0,0.0,0.007708611898124218,0.011567399837076664,0.003892238950356841,0.006992836017161608
CelebDFv3,/root/Datasets/CelebDFv3/CelebDFv3/FAKE/FaceSwap/Celeb-DF-v2/id59_id5_0008.mp4,FaceSwap/Celeb-DF-v2,id59,id5,0,1.6800765991210938,-1.6800765991210938,0.0,29.24209213256836,30.0,0.0,0.0,0.0018257800256833434,0.0014089106116443872,0.0016457176534458995,0.0029471423476934433
CelebDFv3,/root/Datasets/CelebDFv3/CelebDFv3/FAKE/FaceSwap/GHOST/id31_id26_0007.mp4,FaceSwap/GHOST,id31,id26,0,-6.071681022644043,6.071681022644043,0.0,62.28866195678711,30.0,0.0,0.0,0.012834105640649796,0.006028143223375082,0.006219945847988129,0.01120117399841547
CelebDFv3,/root/Datasets/CelebDFv3/CelebDFv3/FAKE/FaceSwap/HifiFace/id31_id33_0000.mp4,FaceSwap/HifiFace,id31,id33,0,-0.31380003690719604,0.31380003690719604,0.0,22.98080062866211,30.0,0.0,0.0,0.005425792653113604,0.007391417399048805,0.0037710932083427906,0.006791164167225361
CelebDFv3,/root/Datasets/CelebDFv3/CelebDFv3/FAKE/FaceSwap/InSwapper/id51_id58_0002.mp4,FaceSwap/InSwapper,id51,id58,0,2.371767520904541,-2.371767520904541,0.0,19.461820602416992,30.0,0.0,0.0,0.00878842268139124,0.010716316290199757,0.004275043960660696,0.007655727677047253
CelebDFv3,/root/Datasets/CelebDFv3/CelebDFv3/FAKE/FaceSwap/MobileFaceSwap/id11_id7_0003.mp4,FaceSwap/MobileFaceSwap,id11,id7,0,-4.145503997802734,4.145503997802734,0.0,44.79153060913086,30.0,0.0,0.0,0.005392326973378658,0.009768703021109104,0.002299896441400051,0.004369803238660097
CelebDFv3,/root/Datasets/CelebDFv3/CelebDFv3/FAKE/FaceSwap/SimSwap/id23_id0_0006.mp4,FaceSwap/SimSwap,id23,id0,0,1.340062141418457,-1.340062141418457,0.0,16.272090911865234,30.0,0.0,0.0,0.010877130553126335,0.006058600731194019,0.003481160616502166,0.004612538497895002
CelebDFv3,/root/Datasets/CelebDFv3/CelebDFv3/FAKE/FaceSwap/UniFace/id56_id52_0001.mp4,FaceSwap/UniFace,id56,id52,0,2.705639362335205,-2.705639362335205,0.0,22.09921646118164,30.0,0.0,0.0,0.004293307662010193,0.01839587464928627,0.003066730685532093,0.0054918862879276276
CelebDFv3,/root/Datasets/CelebDFv3/CelebDFv3/FAKE/TalkingFace/AniTalker/id31_0009_test_id09017_rINrNM431yc.mp4,TalkingFace/AniTalker,id31,,0,1.6857131719589233,-1.6857131719589233,0.0,22.720529556274414,25.0,0.0,0.0,0.00817925576120615,0.010279289446771145,0.007380943279713392,0.007380943279713392
CelebDFv3,/root/Datasets/CelebDFv3/CelebDFv3/FAKE/TalkingFace/EDTalk/id23_0001_test_id07961_Q7QhiPMMMVA.mp4,TalkingFace/EDTalk,id23,,0,1.4251422882080078,-1.4251422882080078,0.0,33.25600051879883,25.0,0.0,0.0,0.013437791727483273,0.015123439021408558,0.007405572570860386,0.007405572570860386
CelebDFv3,/root/Datasets/CelebDFv3/CelebDFv3/FAKE/TalkingFace/EchoMimic/id51_0002_test_id03862_znMGUBKuVsI.mp4,TalkingFace/EchoMimic,id51,,0,1.3561193943023682,-1.3561193943023682,0.0,26.475156784057617,24.0,0.0,0.0,0.0037322761490941048,0.006222518626600504,0.005315911956131458,0.005315911956131458
CelebDFv3,/root/Datasets/CelebDFv3/CelebDFv3/FAKE/TalkingFace/FLOAT/id59_0006_test_id04657_dn4XY5c6mEw.mp4,TalkingFace/FLOAT,id59,,0,0.8789329528808594,-0.8789329528808594,0.0,24.493356704711914,25.0,0.0,0.0,0.016181830316781998,0.02010738104581833,0.010582013987004757,0.010582013987004757
CelebDFv3,/root/Datasets/CelebDFv3/CelebDFv3/FAKE/TalkingFace/IP_LAP/id8_0006_test_id04657__k6cgeecD88.mp4,TalkingFace/IP_LAP,id8,,0,-1.5148372650146484,1.5148372650146484,0.0,34.805747985839844,25.0,0.0,0.0,0.008493427187204361,0.02890758588910103,0.01512239035218954,0.01512239035218954
CelebDFv3,/root/Datasets/CelebDFv3/CelebDFv3/FAKE/TalkingFace/Real3DPortrait/id31_0006_test_id05654_lgnVNGGeF7E.mp4,TalkingFace/Real3DPortrait,id31,,0,-1.7385175228118896,1.7385175228118896,0.0,32.42375564575195,25.0,1.0,0.28125,0.008749067783355713,0.0063268099911510944,0.014959369786083698,0.014959369786083698
CelebDFv3,/root/Datasets/CelebDFv3/CelebDFv3/FAKE/TalkingFace/SadTalker/id11_0007_test_id05055_g-9k9_PcxVY.mp4,TalkingFace/SadTalker,id11,,0,0.7895560264587402,-0.7895560264587402,0.0,28.786352157592773,25.0,0.0,0.0,0.005278501659631729,0.010323300957679749,0.008482715114951134,0.008482715114951134
CelebDFv3,/root/Datasets/CelebDFv3/CelebDFv3/FAKE/FaceReenact/DaGAN/id23_id19_0002.mp4,FaceReenact/DaGAN,id23,id19,0,0.9789727330207825,-0.9789727330207825,0.0,24.65032958984375,30.0,1.0,0.109375,0.02589127980172634,0.012311019003391266,0.022526154294610023,0.022526154294610023
CelebDFv3,/root/Datasets/CelebDFv3/CelebDFv3/FAKE/FaceReenact/FSRT/id31_id32_0001.mp4,FaceReenact/FSRT,id31,id32,0,1.606856346130371,-1.606856346130371,0.0,24.713178634643555,20.0,0.0,0.0,0.022948041558265686,0.016335707157850266,0.008396517485380173,0.008396517485380173
CelebDFv3,/root/Datasets/CelebDFv3/CelebDFv3/FAKE/FaceReenact/HyperReenact/id54_id49_0008.mp4,FaceReenact/HyperReenact,id54,id49,0,2.3749444484710693,-2.3749444484710693,0.0,23.562732696533203,25.0,0.0,0.0,0.006017028354108334,0.0022169710136950016,0.004569420590996742,0.004569420590996742
CelebDFv3,/root/Datasets/CelebDFv3/CelebDFv3/FAKE/FaceReenact/LIA/id31_id33_0006.mp4,FaceReenact/LIA,id31,id33,0,-1.193197250366211,1.193197250366211,0.0,26.33218002319336,30.0,0.0,0.0,0.043093256652355194,0.013164635747671127,0.012392175383865833,0.012392175383865833
CelebDFv3,/root/Datasets/CelebDFv3/CelebDFv3/FAKE/FaceReenact/LivePortrait/id31_id33_0009.mp4,FaceReenact/LivePortrait,id31,id33,0,1.3268365859985352,-1.3268365859985352,0.0,18.114545822143555,30.0,1.0,0.09375,0.013759479857981205,0.012601763010025024,0.010381716303527355,0.018695887178182602
CelebDFv3,/root/Datasets/CelebDFv3/CelebDFv3/FAKE/FaceReenact/MCNET/id26_id33_0006.mp4,FaceReenact/MCNET,id26,id33,0,0.29256483912467957,-0.29256483912467957,0.0,63.13644790649414,30.0,1.0,0.359375,0.024035710841417313,0.01689903996884823,0.014563359320163727,0.014563359320163727
CelebDFv3,/root/Datasets/CelebDFv3/CelebDFv3/FAKE/FaceReenact/TPSMM/id11_id7_0006.mp4,FaceReenact/TPSMM,id11,id7,0,1.1412792205810547,-1.1412792205810547,0.0,31.524568557739258,30.0,0.0,0.0,0.06688953936100006,0.021583979949355125,0.02007301151752472,0.02007301151752472
CelebDFv3,/root/Datasets/CelebDFv3/CelebDFv3/FAKE/FaceSwap/BlendFace/id48_id45_0005.mp4,FaceSwap/BlendFace,id48,id45,0,3.5990264415740967,-3.5990264415740967,0.0,34.31020736694336,30.0,0.0,0.0,0.001348891295492649,0.002711639739573002,0.001244135433807969,0.0022216704674065113
CelebDFv3,/root/Datasets/CelebDFv3/CelebDFv3/FAKE/FaceSwap/Celeb-DF-v2/id23_id25_0006.mp4,FaceSwap/Celeb-DF-v2,id23,id25,0,0.9689008593559265,-0.9689008593559265,0.0,15.741873741149902,30.0,0.0,0.0,0.014525185339152813,0.00581918703392148,0.0034485773649066687,0.004569365177303553
CelebDFv3,/root/Datasets/CelebDFv3/CelebDFv3/FAKE/FaceSwap/GHOST/id31_id6_0005.mp4,FaceSwap/GHOST,id31,id6,0,0.005168404430150986,-0.005168404430150986,0.0,36.02737045288086,30.0,0.0,0.0,0.008351737633347511,0.007052142638713121,0.0035730479285120964,0.006434513721615076
CelebDFv3,/root/Datasets/CelebDFv3/CelebDFv3/FAKE/FaceSwap/HifiFace/id23_id1_0002.mp4,FaceSwap/HifiFace,id23,id1,0,2.2658143043518066,-2.2658143043518066,0.0,23.598039627075195,30.0,0.0,0.0,0.02169400081038475,0.020054921507835388,0.00435284897685051,0.0077363657765090466
CelebDFv3,/root/Datasets/CelebDFv3/CelebDFv3/FAKE/FaceSwap/InSwapper/id23_id20_0007.mp4,FaceSwap/InSwapper,id23,id20,0,1.1864569187164307,-1.1864569187164307,0.0,29.895498275756836,30.0,0.0,0.0,0.01503169909119606,0.04424169659614563,0.010466119274497032,0.018360823392868042
CelebDFv3,/root/Datasets/CelebDFv3/CelebDFv3/FAKE/FaceSwap/MobileFaceSwap/id23_id29_0007.mp4,FaceSwap/MobileFaceSwap,id23,id29,0,2.6365904808044434,-2.6365904808044434,0.0,27.34355354309082,30.0,0.0,0.0,0.014811069704592228,0.035600218921899796,0.006377870216965675,0.011188764125108719
CelebDFv3,/root/Datasets/CelebDFv3/CelebDFv3/FAKE/FaceSwap/SimSwap/id26_id37_0003.mp4,FaceSwap/SimSwap,id26,id37,0,-8.614503860473633,8.614503860473633,0.0,105.72003936767578,30.0,0.0,0.0,0.007912923581898212,0.011119942180812359,0.0032273430842906237,0.005798277445137501
CelebDFv3,/root/Datasets/CelebDFv3/CelebDFv3/FAKE/FaceSwap/UniFace/id23_id27_0001.mp4,FaceSwap/UniFace,id23,id27,0,2.0013973712921143,-2.0013973712921143,0.0,31.752286911010742,30.0,0.0,0.0,0.003414042294025421,0.004658710211515427,0.0018095960840582848,0.0032162147108465433
CelebDFv3,/root/Datasets/CelebDFv3/CelebDFv3/FAKE/TalkingFace/AniTalker/id31_0003_test_id01333_gujKn7v2CJg.mp4,TalkingFace/AniTalker,id31,,0,-3.158508777618408,3.158508777618408,0.0,36.32942199707031,25.0,0.0,0.0,0.00779078621417284,0.010848166421055794,0.015518431551754475,0.015518431551754475
CelebDFv3,/root/Datasets/CelebDFv3/CelebDFv3/FAKE/TalkingFace/EDTalk/id11_0005_test_id05654_6UV8K4t_6Xw.mp4,TalkingFace/EDTalk,id11,,0,0.8407947421073914,-0.8407947421073914,0.0,29.829036712646484,25.0,0.0,0.0,0.014757944270968437,0.011296444572508335,0.007918227463960648,0.007918227463960648
CelebDFv3,/root/Datasets/CelebDFv3/CelebDFv3/FAKE/TalkingFace/EchoMimic/id11_0000_test_id08696_w3hl-OW_TVI.mp4,TalkingFace/EchoMimic,id11,,0,4.270803451538086,-4.270803451538086,0.0,26.677162170410156,24.0,0.0,0.0,0.016390318050980568,0.017320608720183372,0.005216153804212809,0.005216153804212809
CelebDFv3,/root/Datasets/CelebDFv3/CelebDFv3/FAKE/TalkingFace/FLOAT/id48_0003_test_id02542_gMKSu2wZpAA.mp4,TalkingFace/FLOAT,id48,,0,-0.08464362472295761,0.08464362472295761,0.0,30.01083755493164,25.0,0.0,0.0,0.025266358628869057,0.007925793528556824,0.01665274240076542,0.01665274240076542
CelebDFv3,/root/Datasets/CelebDFv3/CelebDFv3/FAKE/TalkingFace/IP_LAP/id59_0005_test_id08392_V2DQaPnQhBs.mp4,TalkingFace/IP_LAP,id59,,0,1.465691328048706,-1.465691328048706,0.0,23.138273239135742,25.0,0.0,0.0,0.013406137935817242,0.005363555159419775,0.0046777804382145405,0.0046777804382145405
CelebDFv3,/root/Datasets/CelebDFv3/CelebDFv3/FAKE/TalkingFace/Real3DPortrait/id23_0006_test_id02542_X1EwhLOXzpM.mp4,TalkingFace/Real3DPortrait,id23,,0,5.746499538421631,-5.746499538421631,0.0,18.711050033569336,25.0,0.0,0.0,0.014136409386992455,0.007142261136323214,0.007777548395097256,0.007777548395097256
CelebDFv3,/root/Datasets/CelebDFv3/CelebDFv3/FAKE/TalkingFace/SadTalker/id25_0007_test_id00926_daYw42Tsdgs.mp4,TalkingFace/SadTalker,id25,,0,2.722320556640625,-2.722320556640625,0.0,50.68569564819336,25.0,0.0,0.0,0.0021942968014627695,0.008899878710508347,0.005605881102383137,0.005605881102383137
CelebDFv3,/root/Datasets/CelebDFv3/CelebDFv3/FAKE/FaceReenact/DaGAN/id22_id25_0006.mp4,FaceReenact/DaGAN,id22,id25,0,3.814727783203125,-3.814727783203125,0.0,32.391502380371094,30.0,0.0,0.0,0.0037725314032286406,0.00783963780850172,0.007644942030310631,0.007644942030310631
CelebDFv3,/root/Datasets/CelebDFv3/CelebDFv3/FAKE/FaceReenact/FSRT/id23_id30_0000.mp4,FaceReenact/FSRT,id23,id30,0,3.9680964946746826,-3.9680964946746826,0.0,22.076902389526367,20.0,1.0,0.03125,0.03388423100113869,0.024183079600334167,0.013040713965892792,0.013040713965892792
CelebDFv3,/root/Datasets/CelebDFv3/CelebDFv3/FAKE/FaceReenact/HyperReenact/id23_id2_0006.mp4,FaceReenact/HyperReenact,id23,id2,0,4.996469020843506,-4.996469020843506,0.0,18.135156631469727,25.0,0.0,0.0,0.007543018087744713,0.0036134091205894947,0.006396077573299408,0.006396077573299408
CelebDFv3,/root/Datasets/CelebDFv3/CelebDFv3/FAKE/FaceReenact/LIA/id23_id22_0009.mp4,FaceReenact/LIA,id23,id22,0,4.898179531097412,-4.898179531097412,0.0,28.73769187927246,30.0,1.0,0.03125,0.02030295878648758,0.01240428164601326,0.012042129412293434,0.012042129412293434
CelebDFv3,/root/Datasets/CelebDFv3/CelebDFv3/FAKE/FaceReenact/LivePortrait/id23_id3_0002.mp4,FaceReenact/LivePortrait,id23,id3,0,1.0898290872573853,-1.0898290872573853,0.0,22.182058334350586,30.0,0.0,0.0,0.025619806721806526,0.01977619342505932,0.013054504990577698,0.02320191077888012
CelebDFv3,/root/Datasets/CelebDFv3/CelebDFv3/FAKE/FaceReenact/MCNET/id23_id30_0003.mp4,FaceReenact/MCNET,id23,id30,0,1.1246386766433716,-1.1246386766433716,0.0,27.870668411254883,30.0,0.0,0.0,0.0273077841848135,0.019031774252653122,0.007959181442856789,0.007959181442856789
CelebDFv3,/root/Datasets/CelebDFv3/CelebDFv3/FAKE/FaceReenact/TPSMM/id56_id57_0001.mp4,FaceReenact/TPSMM,id56,id57,0,4.349519729614258,-4.349519729614258,0.0,22.0067138671875,30.0,0.0,0.0,0.02184995450079441,0.007999182678759098,0.007394237909466028,0.007394237909466028
CelebDFv3,/root/Datasets/CelebDFv3/CelebDFv3/FAKE/FaceSwap/BlendFace/id22_id23_0006.mp4,FaceSwap/BlendFace,id22,id23,0,5.063684463500977,-5.063684463500977,0.0,37.28147506713867,30.0,0.0,0.0,0.006805534474551678,0.00414787232875824,0.0019136585760861635,0.003401166293770075
CelebDFv3,/root/Datasets/CelebDFv3/CelebDFv3/FAKE/FaceSwap/Celeb-DF-v2/id26_id3_0002.mp4,FaceSwap/Celeb-DF-v2,id26,id3,0,1.420292854309082,-1.420292854309082,0.0,22.17106819152832,30.0,0.0,0.0,0.01092392485588789,0.01656278781592846,0.0035202172584831715,0.006324457935988903
CelebDFv3,/root/Datasets/CelebDFv3/CelebDFv3/FAKE/FaceSwap/GHOST/id51_id58_0004.mp4,FaceSwap/GHOST,id51,id58,0,0.6401111483573914,-0.6401111483573914,0.0,19.965171813964844,29.0,1.0,0.15625,0.008297630585730076,0.012942586094141006,0.008571448735892773,0.015349706634879112
CelebDFv3,/root/Datasets/CelebDFv3/CelebDFv3/FAKE/FaceSwap/HifiFace/id26_id32_0001.mp4,FaceSwap/HifiFace,id26,id32,0,1.9841411113739014,-1.9841411113739014,0.0,40.59926986694336,30.0,1.0,0.015625,0.022997146472334862,0.01942320726811886,0.004771588370203972,0.008572683669626713
CelebDFv3,/root/Datasets/CelebDFv3/CelebDFv3/FAKE/FaceSwap/InSwapper/id23_id29_0006.mp4,FaceSwap/InSwapper,id23,id29,0,0.8077434301376343,-0.8077434301376343,0.0,16.33632469177246,30.0,0.0,0.0,0.01286111306399107,0.006125722546130419,0.003838418750092387,0.00508590554818511
CelebDFv3,/root/Datasets/CelebDFv3/CelebDFv3/FAKE/FaceSwap/MobileFaceSwap/id26_id29_0009.mp4,FaceSwap/MobileFaceSwap,id26,id29,0,-1.4562568664550781,1.4562568664550781,0.0,51.20219039916992,30.0,1.0,0.015625,0.016807101666927338,0.010667343623936176,0.005866312887519598,0.010682325810194016
CelebDFv3,/root/Datasets/CelebDFv3/CelebDFv3/FAKE/FaceSwap/SimSwap/id54_id56_0008.mp4,FaceSwap/SimSwap,id54,id56,0,3.4278481006622314,-3.4278481006622314,0.0,26.426000595092773,30.0,0.0,0.0,0.0035221667494624853,0.005217495374381542,0.0025974749587476254,0.004651544615626335
CelebDFv3,/root/Datasets/CelebDFv3/CelebDFv3/FAKE/FaceSwap/UniFace/id23_id33_0002.mp4,FaceSwap/UniFace,id23,id33,0,0.5637242197990417,-0.5637242197990417,0.0,24.623401641845703,30.0,0.0,0.0,0.02096378244459629,0.01977410726249218,0.006210304331034422,0.011037641204893589
CelebDFv3,/root/Datasets/CelebDFv3/CelebDFv3/FAKE/TalkingFace/AniTalker/id25_0002_test_id03524_cxnnKLQYemo.mp4,TalkingFace/AniTalker,id25,,0,2.1964244842529297,-2.1964244842529297,0.0,16.623218536376953,25.0,0.0,0.0,0.004522021394222975,0.004368854220956564,0.005858652293682098,0.005858652293682098
CelebDFv3,/root/Datasets/CelebDFv3/CelebDFv3/FAKE/TalkingFace/EDTalk/id51_0005_test_id01509_I6T7sh7T2lU.mp4,TalkingFace/EDTalk,id51,,0,1.516362190246582,-1.516362190246582,0.0,27.09161376953125,25.0,0.0,0.0,0.010920541360974312,0.01520509086549282,0.007537768222391605,0.007537768222391605
CelebDFv3,/root/Datasets/CelebDFv3/CelebDFv3/FAKE/TalkingFace/EchoMimic/id8_0007_test_id00562_6J0PC3tcSh8.mp4,TalkingFace/EchoMimic,id8,,0,-2.262111186981201,2.262111186981201,0.0,37.4963493347168,24.0,0.0,0.0,0.0015372703783214092,0.004204402677714825,0.006193130277097225,0.006193130277097225
CelebDFv3,/root/Datasets/CelebDFv3/CelebDFv3/FAKE/TalkingFace/FLOAT/id25_0002_test_id03524_cxnnKLQYemo.mp4,TalkingFace/FLOAT,id25,,0,2.267648696899414,-2.267648696899414,0.0,18.30970573425293,25.0,0.0,0.0,0.019891854375600815,0.013427898287773132,0.018030518665909767,0.018030518665909767
CelebDFv3,/root/Datasets/CelebDFv3/CelebDFv3/FAKE/TalkingFace/IP_LAP/id26_0000_test_id01593_Clw9yg6Jd34.mp4,TalkingFace/IP_LAP,id26,,0,1.3111498355865479,-1.3111498355865479,0.0,38.301143646240234,25.0,0.0,0.0,0.006979939062148333,0.002868784824386239,0.0054480391554534435,0.0054480391554534435
CelebDFv3,/root/Datasets/CelebDFv3/CelebDFv3/FAKE/TalkingFace/Real3DPortrait/id23_0005_test_id06310_MNZMZ6ChMZQ.mp4,TalkingFace/Real3DPortrait,id23,,0,2.57330322265625,-2.57330322265625,0.0,23.514249801635742,25.0,0.0,0.0,0.017309699207544327,0.008552869781851768,0.005352843552827835,0.005352843552827835
CelebDFv3,/root/Datasets/CelebDFv3/CelebDFv3/FAKE/TalkingFace/SadTalker/id56_0002_test_id08696_1GdGZIP2kb4.mp4,TalkingFace/SadTalker,id56,,0,3.193905830383301,-3.193905830383301,0.0,26.495637893676758,25.0,0.0,0.0,0.0032246713526546955,0.006716479081660509,0.009794437326490879,0.009794437326490879
CelebDFv3,/root/Datasets/CelebDFv3/CelebDFv3/FAKE/FaceReenact/DaGAN/id31_id38_0009.mp4,FaceReenact/DaGAN,id31,id38,0,2.582469940185547,-2.582469940185547,0.0,18.59967041015625,30.0,1.0,0.03125,0.03922801464796066,0.02212614193558693,0.03798942640423775,0.03798942640423775
CelebDFv3,/root/Datasets/CelebDFv3/CelebDFv3/FAKE/FaceReenact/FSRT/id56_id57_0008.mp4,FaceReenact/FSRT,id56,id57,0,2.4099485874176025,-2.4099485874176025,0.0,21.81109619140625,20.0,0.0,0.0,0.019008111208677292,0.009444419294595718,0.010469678789377213,0.010469678789377213
CelebDFv3,/root/Datasets/CelebDFv3/CelebDFv3/FAKE/FaceReenact/HyperReenact/id56_id55_0001.mp4,FaceReenact/HyperReenact,id56,id55,0,4.375967025756836,-4.375967025756836,0.0,23.34302520751953,25.0,0.0,0.0,0.006740599870681763,0.0030859450343996286,0.003784235566854477,0.003784235566854477
CelebDFv3,/root/Datasets/CelebDFv3/CelebDFv3/FAKE/FaceReenact/LIA/id31_id1_0007.mp4,FaceReenact/LIA,id31,id1,0,-3.8709280490875244,3.8709280490875244,0.0,70.50225067138672,30.0,1.0,0.6875,0.026355139911174774,0.002313699573278427,0.02750455029308796,0.02750455029308796
CelebDFv3,/root/Datasets/CelebDFv3/CelebDFv3/FAKE/FaceReenact/LivePortrait/id25_id28_0002.mp4,FaceReenact/LivePortrait,id25,id28,0,1.875772476196289,-1.875772476196289,0.0,18.838449478149414,30.0,0.0,0.0,0.00350427208468318,0.003298121737316251,0.0021609491668641567,0.003891540225595236
CelebDFv3,/root/Datasets/CelebDFv3/CelebDFv3/FAKE/FaceReenact/MCNET/id26_id29_0004.mp4,FaceReenact/MCNET,id26,id29,0,0.7270026206970215,-0.7270026206970215,0.0,25.263456344604492,30.0,0.0,0.0,0.018256258219480515,0.017099522054195404,0.008236772380769253,0.008236772380769253
CelebDFv3,/root/Datasets/CelebDFv3/CelebDFv3/FAKE/FaceReenact/TPSMM/id8_id3_0002.mp4,FaceReenact/TPSMM,id8,id3,0,0.6316657066345215,-0.6316657066345215,0.0,29.475048065185547,30.0,0.0,0.0,0.0345052070915699,0.01716471090912819,0.00927570927888155,0.00927570927888155
CelebDFv3,/root/Datasets/CelebDFv3/CelebDFv3/FAKE/FaceSwap/BlendFace/id26_id17_0006.mp4,FaceSwap/BlendFace,id26,id17,0,-0.5176925659179688,0.5176925659179688,0.0,68.34256744384766,30.0,1.0,0.015625,0.024872783571481705,0.013980601914227009,0.012020986527204514,0.021889744326472282
CelebDFv3,/root/Datasets/CelebDFv3/CelebDFv3/FAKE/FaceSwap/Celeb-DF-v2/id31_id33_0004.mp4,FaceSwap/Celeb-DF-v2,id31,id33,0,0.5895081758499146,-0.5895081758499146,0.0,23.266836166381836,30.0,0.0,0.0,0.009940501302480698,0.004121097736060619,0.002745324745774269,0.004943910986185074
CelebDFv3,/root/Datasets/CelebDFv3/CelebDFv3/FAKE/FaceSwap/GHOST/id25_id28_0005.mp4,FaceSwap/GHOST,id25,id28,0,1.4875028133392334,-1.4875028133392334,0.0,23.78563690185547,30.0,0.0,0.0,0.019559117034077644,0.004116689320653677,0.004190370440483093,0.006218509748578072
CelebDFv3,/root/Datasets/CelebDFv3/CelebDFv3/FAKE/FaceSwap/HifiFace/id26_id32_0006.mp4,FaceSwap/HifiFace,id26,id32,0,-0.28719058632850647,0.28719058632850647,0.0,66.9095458984375,30.0,1.0,0.03125,0.024978766217827797,0.00840686820447445,0.006366472691297531,0.011593097820878029
CelebDFv3,/root/Datasets/CelebDFv3/CelebDFv3/FAKE/FaceSwap/InSwapper/id31_id33_0009.mp4,FaceSwap/InSwapper,id31,id33,0,0.8452281951904297,-0.8452281951904297,0.0,22.272058486938477,30.0,1.0,0.03125,0.007723296992480755,0.007307655643671751,0.005756206810474396,0.010366049595177174
CelebDFv3,/root/Datasets/CelebDFv3/CelebDFv3/FAKE/FaceSwap/MobileFaceSwap/id48_id47_0008.mp4,FaceSwap/MobileFaceSwap,id48,id47,0,-1.8022565841674805,1.8022565841674805,0.0,42.15386199951172,30.0,0.0,0.0,0.004076719284057617,0.0037437111604958773,0.003844878636300564,0.003829499240964651
CelebDFv3,/root/Datasets/CelebDFv3/CelebDFv3/FAKE/FaceSwap/SimSwap/id11_id7_0009.mp4,FaceSwap/SimSwap,id11,id7,0,-0.8178014159202576,0.8178014159202576,0.0,29.593830108642578,30.0,0.0,0.0,0.002758119022473693,0.0042058140970766544,0.0010705959284678102,0.0020341321360319853
CelebDFv3,/root/Datasets/CelebDFv3/CelebDFv3/FAKE/FaceSwap/UniFace/id23_id28_0006.mp4,FaceSwap/UniFace,id23,id28,0,-0.4373263120651245,0.4373263120651245,0.0,16.521831512451172,30.0,0.0,0.0,0.013024701736867428,0.005667285528033972,0.004140815231949091,0.005486580077558756
CelebDFv3,/root/Datasets/CelebDFv3/CelebDFv3/FAKE/TalkingFace/AniTalker/id25_0009_test_id05124_1HAXGOri_x0.mp4,TalkingFace/AniTalker,id25,,0,2.0387611389160156,-2.0387611389160156,0.0,23.735292434692383,25.0,0.0,0.0,0.00896370131522417,0.005544247105717659,0.006201237440109253,0.006201237440109253
CelebDFv3,/root/Datasets/CelebDFv3/CelebDFv3/FAKE/TalkingFace/EDTalk/id51_0009_test_id04094_XXOtyg4RxTE.mp4,TalkingFace/EDTalk,id51,,0,1.8349746465682983,-1.8349746465682983,0.0,30.782550811767578,25.0,0.0,0.0,0.013070362620055676,0.010431453585624695,0.004264356102794409,0.004264356102794409
CelebDFv3,/root/Datasets/CelebDFv3/CelebDFv3/FAKE/TalkingFace/EchoMimic/id22_0003_test_id02317_YCBadU0v3AE.mp4,TalkingFace/EchoMimic,id22,,0,2.0740089416503906,-2.0740089416503906,0.0,57.73777770996094,24.0,0.0,0.0,0.01214195042848587,0.013531172648072243,0.008907042443752289,0.008907042443752289
CelebDFv3,/root/Datasets/CelebDFv3/CelebDFv3/FAKE/TalkingFace/FLOAT/id22_0009_test_id00562_0Zh6t-f8MsY.mp4,TalkingFace/FLOAT,id22,,0,-0.3041037321090698,0.3041037321090698,0.0,29.43447494506836,25.0,0.0,0.0,0.016165856271982193,0.01641758717596531,0.007156158331781626,0.007156158331781626
CelebDFv3,/root/Datasets/CelebDFv3/CelebDFv3/FAKE/TalkingFace/IP_LAP/id48_0005_test_id04006__bENbO3pwL0.mp4,TalkingFace/IP_LAP,id48,,0,3.510087490081787,-3.510087490081787,0.0,35.433326721191406,25.0,0.0,0.0,0.006885860115289688,0.0067316219210624695,0.00624204333871603,0.00624204333871603
CelebDFv3,/root/Datasets/CelebDFv3/CelebDFv3/FAKE/TalkingFace/Real3DPortrait/id54_0008_test_id08456_ajf9MieCX4k.mp4,TalkingFace/Real3DPortrait,id54,,0,3.082724094390869,-3.082724094390869,0.0,29.96600341796875,25.0,0.0,0.0,0.01417242269963026,0.008329098112881184,0.005102879833430052,0.005102879833430052
CelebDFv3,/root/Datasets/CelebDFv3/CelebDFv3/FAKE/TalkingFace/SadTalker/id8_0002_test_id03524_2DD4Np7SaWw.mp4,TalkingFace/SadTalker,id8,,0,0.6589876413345337,-0.6589876413345337,0.0,34.341835021972656,25.0,0.0,0.0,0.0040682959370315075,0.008790845051407814,0.005040641408413649,0.005040641408413649
CelebDFv3,/root/Datasets/CelebDFv3/CelebDFv3/FAKE/FaceReenact/DaGAN/id23_id27_0006.mp4,FaceReenact/DaGAN,id23,id27,0,2.8142952919006348,-2.8142952919006348,0.0,17.898836135864258,30.0,0.0,0.0,0.026624411344528198,0.01596103422343731,0.01396472193300724,0.01396472193300724
CelebDFv3,/root/Datasets/CelebDFv3/CelebDFv3/FAKE/FaceReenact/FSRT/id26_id17_0006.mp4,FaceReenact/FSRT,id26,id17,0,-1.4151418209075928,1.4151418209075928,0.0,68.79942321777344,20.0,1.0,0.03125,0.047478631138801575,0.021472733467817307,0.018385281786322594,0.018385281786322594
CelebDFv3,/root/Datasets/CelebDFv3/CelebDFv3/FAKE/FaceReenact/HyperReenact/id26_id32_0006.mp4,FaceReenact/HyperReenact,id26,id32,0,0.9181983470916748,-0.9181983470916748,0.0,29.608135223388672,25.0,0.0,0.0,0.006476652342826128,0.006961722858250141,0.009147610515356064,0.009147610515356064
CelebDFv3,/root/Datasets/CelebDFv3/CelebDFv3/FAKE/FaceReenact/LIA/id51_id58_0004.mp4,FaceReenact/LIA,id51,id58,0,1.6541526317596436,-1.6541526317596436,0.0,16.9984130859375,30.0,1.0,0.140625,0.05965661257505417,0.04216194897890091,0.03394535928964615,0.03394535928964615
CelebDFv3,/root/Datasets/CelebDFv3/CelebDFv3/FAKE/FaceReenact/LivePortrait/id48_id47_0002.mp4,FaceReenact/LivePortrait,id48,id47,0,1.6040209531784058,-1.6040209531784058,0.0,24.79408073425293,30.0,1.0,0.1875,0.006457765586674213,0.01196193601936102,0.005452656652778387,0.009736888110637665
CelebDFv3,/root/Datasets/CelebDFv3/CelebDFv3/FAKE/FaceReenact/MCNET/id26_id25_0004.mp4,FaceReenact/MCNET,id26,id25,0,0.10498380661010742,-0.10498380661010742,0.0,26.505355834960938,30.0,0.0,0.0,0.022059012204408646,0.01138271763920784,0.007407391909509897,0.007407391909509897
CelebDFv3,/root/Datasets/CelebDFv3/CelebDFv3/FAKE/FaceReenact/TPSMM/id31_id20_0002.mp4,FaceReenact/TPSMM,id31,id20,0,-0.09050402790307999,0.09050402790307999,0.0,23.51788902282715,30.0,1.0,0.203125,0.03565382957458496,0.016169719398021698,0.04063810408115387,0.04063810408115387
CelebDFv3,/root/Datasets/CelebDFv3/CelebDFv3/FAKE/FaceSwap/BlendFace/id56_id49_0006.mp4,FaceSwap/BlendFace,id56,id49,0,1.316518783569336,-1.316518783569336,0.0,26.249181747436523,30.0,0.0,0.0,0.00737798260524869,0.008009534329175949,0.0035390802659094334,0.006337767466902733
CelebDFv3,/root/Datasets/CelebDFv3/CelebDFv3/FAKE/FaceSwap/Celeb-DF-v2/id56_id54_0005.mp4,FaceSwap/Celeb-DF-v2,id56,id54,0,0.17429734766483307,-0.17429734766483307,0.0,26.899580001831055,29.899993896484375,0.0,0.0,0.003461262909695506,0.007619387004524469,0.0018403652356937528,0.0032957170624285936
CelebDFv3,/root/Datasets/CelebDFv3/CelebDFv3/FAKE/FaceSwap/GHOST/id22_id23_0006.mp4,FaceSwap/GHOST,id22,id23,0,4.533094882965088,-4.533094882965088,0.0,32.9047737121582,30.0,0.0,0.0,0.006742348428815603,0.004065474029630423,0.002180339302867651,0.003875141032040119
CelebDFv3,/root/Datasets/CelebDFv3/CelebDFv3/FAKE/FaceSwap/HifiFace/id11_id7_0000.mp4,FaceSwap/HifiFace,id11,id7,0,0.6330517530441284,-0.6330517530441284,0.0,22.736207962036133,30.0,1.0,0.09375,0.015166245400905609,0.006287123076617718,0.0036065324675291777,0.003245879430323839
CelebDFv3,/root/Datasets/CelebDFv3/CelebDFv3/FAKE/FaceSwap/InSwapper/id23_id20_0002.mp4,FaceSwap/InSwapper,id23,id20,0,0.8159927129745483,-0.8159927129745483,0.0,24.38807487487793,30.0,0.0,0.0,0.020978152751922607,0.019933393225073814,0.005593496840447187,0.009941382333636284
CelebDFv3,/root/Datasets/CelebDFv3/CelebDFv3/FAKE/FaceSwap/MobileFaceSwap/id26_id17_0000.mp4,FaceSwap/MobileFaceSwap,id26,id17,0,0.3595152497291565,-0.3595152497291565,0.0,38.74972915649414,30.0,0.0,0.0,0.002640793099999428,0.0021977024152874947,0.0020207322668284178,0.003630467690527439
CelebDFv3,/root/Datasets/CelebDFv3/CelebDFv3/FAKE/FaceSwap/SimSwap/id54_id57_0006.mp4,FaceSwap/SimSwap,id54,id57,0,-0.43834811449050903,0.43834811449050903,0.0,39.72737121582031,30.0,0.0,0.0,0.007054071873426437,0.011848182417452335,0.0037458259612321854,0.006708006374537945
CelebDFv3,/root/Datasets/CelebDFv3/CelebDFv3/FAKE/FaceSwap/UniFace/id31_id29_0001.mp4,FaceSwap/UniFace,id31,id29,0,-2.63181209564209,2.63181209564209,0.0,27.697141647338867,30.0,0.0,0.0,0.003486485918983817,0.004891982302069664,0.0025062405038625,0.004513357300311327
CelebDFv3,/root/Datasets/CelebDFv3/CelebDFv3/FAKE/TalkingFace/AniTalker/id51_0001_test_id08149_d9B3S3Lm208.mp4,TalkingFace/AniTalker,id51,,0,-0.6260467767715454,0.6260467767715454,0.0,37.65813064575195,25.0,0.0,0.0,0.009647578001022339,0.005875797476619482,0.0066247074864804745,0.0066247074864804745
CelebDFv3,/root/Datasets/CelebDFv3/CelebDFv3/FAKE/TalkingFace/EDTalk/id54_0002_test_id08149_d9B3S3Lm208.mp4,TalkingFace/EDTalk,id54,,0,-0.2650414705276489,0.2650414705276489,0.0,36.720054626464844,25.0,0.0,0.0,0.01369223091751337,0.012976869940757751,0.007546946872025728,0.007546946872025728
CelebDFv3,/root/Datasets/CelebDFv3/CelebDFv3/FAKE/TalkingFace/EchoMimic/id22_0006_test_id04478_qfn8NllQPNY.mp4,TalkingFace/EchoMimic,id22,,0,3.9240469932556152,-3.9240469932556152,0.0,30.124866485595703,24.0,0.0,0.0,0.0076753487810492516,0.012966170907020569,0.006741320248693228,0.006741320248693228
CelebDFv3,/root/Datasets/CelebDFv3/CelebDFv3/FAKE/TalkingFace/FLOAT/id54_0006_test_id01228_JML4qGlGgJQ.mp4,TalkingFace/FLOAT,id54,,0,0.682883620262146,-0.682883620262146,0.0,32.443111419677734,25.0,0.0,0.0,0.013028239831328392,0.009155448526144028,0.005733277648687363,0.005733277648687363
CelebDFv3,/root/Datasets/CelebDFv3/CelebDFv3/FAKE/TalkingFace/IP_LAP/id22_0001_test_id04657_LIpH4pzgzJ8.mp4,TalkingFace/IP_LAP,id22,,0,0.5864200592041016,-0.5864200592041016,0.0,23.91646957397461,25.0,0.0,0.0,0.00788106955587864,0.008194820955395699,0.005992981139570475,0.005992981139570475
CelebDFv3,/root/Datasets/CelebDFv3/CelebDFv3/FAKE/TalkingFace/Real3DPortrait/id25_0000_test_id02286_cp_LOv6mdJA.mp4,TalkingFace/Real3DPortrait,id25,,0,-1.8756577968597412,1.8756577968597412,0.0,47.13637924194336,25.0,0.0,0.0,0.013743637129664421,0.008280772715806961,0.022170430049300194,0.022170430049300194
CelebDFv3,/root/Datasets/CelebDFv3/CelebDFv3/FAKE/TalkingFace/SadTalker/id48_0005_test_id08374_p-HisCd2lIg.mp4,TalkingFace/SadTalker,id48,,0,1.938625693321228,-1.938625693321228,0.0,35.09111022949219,25.0,0.0,0.0,0.005252428352832794,0.005062956362962723,0.007924714125692844,0.007924714125692844
CelebDFv3,/root/Datasets/CelebDFv3/CelebDFv3/FAKE/FaceReenact/DaGAN/id26_id37_0000.mp4,FaceReenact/DaGAN,id26,id37,0,0.4892241358757019,-0.4892241358757019,0.0,39.982818603515625,30.0,0.0,0.0,0.013911690562963486,0.017781220376491547,0.03258576616644859,0.03258576616644859
CelebDFv3,/root/Datasets/CelebDFv3/CelebDFv3/FAKE/FaceReenact/FSRT/id31_id34_0009.mp4,FaceReenact/FSRT,id31,id34,0,0.9512903094291687,-0.9512903094291687,0.0,19.269330978393555,20.0,1.0,0.234375,0.03911532461643219,0.01752249337732792,0.015193161554634571,0.015193161554634571
CelebDFv3,/root/Datasets/CelebDFv3/CelebDFv3/FAKE/FaceReenact/HyperReenact/id31_id35_0007.mp4,FaceReenact/HyperReenact,id31,id35,0,-2.0717709064483643,2.0717709064483643,0.0,47.47075653076172,25.0,0.0,0.0,0.006414966192096472,0.00354715040884912,0.006907897535711527,0.006907897535711527
CelebDFv3,/root/Datasets/CelebDFv3/CelebDFv3/FAKE/FaceReenact/LIA/id8_id5_0008.mp4,FaceReenact/LIA,id8,id5,0,-1.6679316759109497,1.6679316759109497,0.0,34.60519790649414,30.0,0.0,0.0,0.025285037234425545,0.011123370379209518,0.00737198768183589,0.00737198768183589
CelebDFv3,/root/Datasets/CelebDFv3/CelebDFv3/FAKE/FaceReenact/LivePortrait/id31_id32_0001.mp4,FaceReenact/LivePortrait,id31,id32,0,-0.2422722578048706,0.2422722578048706,0.0,22.827041625976562,30.0,0.0,0.0,0.005603286437690258,0.005653616040945053,0.0031928992830216885,0.00574992410838604
CelebDFv3,/root/Datasets/CelebDFv3/CelebDFv3/FAKE/FaceReenact/MCNET/id31_id26_0007.mp4,FaceReenact/MCNET,id31,id26,0,-2.752192497253418,2.752192497253418,0.0,50.34537887573242,30.0,1.0,0.09375,0.07446186989545822,0.021690769121050835,0.08963480591773987,0.08963480591773987
CelebDFv3,/root/Datasets/CelebDFv3/CelebDFv3/FAKE/FaceReenact/TPSMM/id25_id26_0004.mp4,FaceReenact/TPSMM,id25,id26,0,2.0439698696136475,-2.0439698696136475,0.0,33.76255798339844,30.0,0.0,0.0,0.012737954035401344,0.014448513276875019,0.010998045094311237,0.010998045094311237
CelebDFv3,/root/Datasets/CelebDFv3/CelebDFv3/FAKE/FaceSwap/BlendFace/id56_id58_0009.mp4,FaceSwap/BlendFace,id56,id58,0,-0.12567128241062164,0.12567128241062164,0.0,31.168506622314453,30.0,0.0,0.0,0.01611144281923771,0.002894451841711998,0.002779813250526786,0.004978075623512268
CelebDFv3,/root/Datasets/CelebDFv3/CelebDFv3/FAKE/FaceSwap/Celeb-DF-v2/id26_id4_0004.mp4,FaceSwap/Celeb-DF-v2,id26,id4,0,-0.07256175577640533,0.07256175577640533,0.0,27.60811424255371,30.0,0.0,0.0,0.006128502544015646,0.013900484889745712,0.0030314128380268812,0.005446267314255238
CelebDFv3,/root/Datasets/CelebDFv3/CelebDFv3/FAKE/FaceSwap/GHOST/id25_id19_0007.mp4,FaceSwap/GHOST,id25,id19,0,0.30208706855773926,-0.30208706855773926,0.0,47.89704513549805,30.0,0.0,0.0,0.013331982307136059,0.007842723280191422,0.0054885223507881165,0.007376574445515871
CelebDFv3,/root/Datasets/CelebDFv3/CelebDFv3/FAKE/FaceSwap/HifiFace/id48_id39_0008.mp4,FaceSwap/HifiFace,id48,id39,0,-4.453909873962402,4.453909873962402,0.0,58.2390022277832,30.0,0.0,0.0,0.004021898843348026,0.004002810455858707,0.0038603271823376417,0.0038448856212198734
CelebDFv3,/root/Datasets/CelebDFv3/CelebDFv3/FAKE/FaceSwap/InSwapper/id31_id32_0006.mp4,FaceSwap/InSwapper,id31,id32,0,-0.5394088625907898,0.5394088625907898,0.0,41.67769241333008,30.0,1.0,0.03125,0.005777173209935427,0.012131201103329659,0.003478913102298975,0.00626499205827713
CelebDFv3,/root/Datasets/CelebDFv3/CelebDFv3/FAKE/FaceSwap/MobileFaceSwap/id26_id35_0008.mp4,FaceSwap/MobileFaceSwap,id26,id35,0,4.272714138031006,-4.272714138031006,0.0,24.706361770629883,30.0,0.0,0.0,0.009514685720205307,0.006220085080713034,0.0030394610948860645,0.005534738767892122
CelebDFv3,/root/Datasets/CelebDFv3/CelebDFv3/FAKE/FaceSwap/SimSwap/id23_id0_0008.mp4,FaceSwap/SimSwap,id23,id0,0,3.1844611167907715,-3.1844611167907715,0.0,28.226089477539062,30.0,0.0,0.0,0.002912243129685521,0.004124134313315153,0.0032052816823124886,0.005623058415949345
CelebDFv3,/root/Datasets/CelebDFv3/CelebDFv3/FAKE/FaceSwap/UniFace/id26_id2_0005.mp4,FaceSwap/UniFace,id26,id2,0,-0.8983268737792969,0.8983268737792969,0.0,54.67074966430664,30.0,0.0,0.0,0.0025334961246699095,0.003787220688536763,0.00351876113563776,0.0039047859609127045
CelebDFv3,/root/Datasets/CelebDFv3/CelebDFv3/FAKE/TalkingFace/AniTalker/id54_0002_test_id09017_Kd4_VMFbdeo.mp4,TalkingFace/AniTalker,id54,,0,-0.4955006241798401,0.4955006241798401,0.0,38.00714111328125,25.0,0.0,0.0,0.009534555487334728,0.008522434160113335,0.006510477047413588,0.006510477047413588
CelebDFv3,/root/Datasets/CelebDFv3/CelebDFv3/FAKE/TalkingFace/EDTalk/id31_0009_test_id09017_rINrNM431yc.mp4,TalkingFace/EDTalk,id31,,0,1.911475419998169,-1.911475419998169,0.0,29.333545684814453,25.0,0.0,0.0,0.01515565998852253,0.012014047242701054,0.012944498099386692,0.012944498099386692
CelebDFv3,/root/Datasets/CelebDFv3/CelebDFv3/FAKE/TalkingFace/EchoMimic/id26_0009_test_id05124_fRhAX7v_R6A.mp4,TalkingFace/EchoMimic,id26,,0,2.272176504135132,-2.272176504135132,0.0,59.90792465209961,24.0,0.0,0.0,0.00789274275302887,0.012580347247421741,0.010850981809198856,0.010850981809198856
CelebDFv3,/root/Datasets/CelebDFv3/CelebDFv3/FAKE/TalkingFace/FLOAT/id26_0003_test_id02317_quWGoFFkGr0.mp4,TalkingFace/FLOAT,id26,,0,-9.913798332214355,9.913798332214355,0.0,104.33075714111328,25.0,0.0,0.0,0.013164017349481583,0.008772519417107105,0.0054838345386087894,0.0054838345386087894
CelebDFv3,/root/Datasets/CelebDFv3/CelebDFv3/FAKE/TalkingFace/IP_LAP/id25_0006_test_id07802_MtoFAMWjUxM.mp4,TalkingFace/IP_LAP,id25,,0,-4.784473896026611,4.784473896026611,0.0,100.598876953125,25.0,0.0,0.0,0.003748956834897399,0.010396158322691917,0.007407811004668474,0.007407811004668474
CelebDFv3,/root/Datasets/CelebDFv3/CelebDFv3/FAKE/TalkingFace/Real3DPortrait/id11_0009_test_id08149_Ay1xwkYsNAE.mp4,TalkingFace/Real3DPortrait,id11,,0,1.1490027904510498,-1.1490027904510498,0.0,32.57405471801758,25.0,0.0,0.0,0.013844721019268036,0.006888188887387514,0.004104687832295895,0.004104687832295895
CelebDFv3,/root/Datasets/CelebDFv3/CelebDFv3/FAKE/TalkingFace/SadTalker/id59_0001_test_id05459_3TI6dVmEwzw.mp4,TalkingFace/SadTalker,id59,,0,-5.013172149658203,5.013172149658203,0.0,68.7209243774414,25.0,0.0,0.0,0.0015326589345932007,0.0032919463701546192,0.00471432926133275,0.00471432926133275
CelebDFv3,/root/Datasets/CelebDFv3/CelebDFv3/FAKE/FaceReenact/DaGAN/id26_id1_0004.mp4,FaceReenact/DaGAN,id26,id1,0,1.093886137008667,-1.093886137008667,0.0,28.13442611694336,30.0,0.0,0.0,0.020262252539396286,0.008150763809680939,0.0040966784581542015,0.0040966784581542015
CelebDFv3,/root/Datasets/CelebDFv3/CelebDFv3/FAKE/FaceReenact/FSRT/id51_id58_0004.mp4,FaceReenact/FSRT,id51,id58,0,2.3619747161865234,-2.3619747161865234,0.0,21.292694091796875,20.0,0.0,0.0,0.019775712862610817,0.008607516065239906,0.006137789227068424,0.006137789227068424
CelebDFv3,/root/Datasets/CelebDFv3/CelebDFv3/FAKE/FaceReenact/HyperReenact/id22_id20_0002.mp4,FaceReenact/HyperReenact,id22,id20,0,5.113883018493652,-5.113883018493652,0.0,25.208730697631836,25.0,0.0,0.0,0.021745499223470688,0.005532978568226099,0.008280470967292786,0.008280470967292786
CelebDFv3,/root/Datasets/CelebDFv3/CelebDFv3/FAKE/FaceReenact/LIA/id26_id37_0003.mp4,FaceReenact/LIA,id26,id37,0,-5.532647132873535,5.532647132873535,0.0,81.0783462524414,30.0,0.0,0.0,0.027699299156665802,0.012427866458892822,0.016553383320569992,0.016553383320569992
CelebDFv3,/root/Datasets/CelebDFv3/CelebDFv3/FAKE/FaceReenact/LivePortrait/id31_id35_0002.mp4,FaceReenact/LivePortrait,id31,id35,0,-0.5073704719543457,0.5073704719543457,0.0,21.737768173217773,30.0,1.0,0.09375,0.018520066514611244,0.05101219564676285,0.026693133637309074,0.048070263117551804
CelebDFv3,/root/Datasets/CelebDFv3/CelebDFv3/FAKE/FaceReenact/MCNET/id26_id0_0000.mp4,FaceReenact/MCNET,id26,id0,0,-0.14103400707244873,0.14103400707244873,0.0,39.712554931640625,30.0,1.0,0.28125,0.028074054047465324,0.009954676032066345,0.008518876507878304,0.008518876507878304
CelebDFv3,/root/Datasets/CelebDFv3/CelebDFv3/FAKE/FaceReenact/TPSMM/id56_id49_0006.mp4,FaceReenact/TPSMM,id56,id49,0,2.6513307094573975,-2.6513307094573975,0.0,21.897037506103516,30.0,1.0,0.015625,0.05770111456513405,0.05312102288007736,0.03672851249575615,0.03672851249575615
CelebDFv3,/root/Datasets/CelebDFv3/CelebDFv3/FAKE/FaceSwap/BlendFace/id8_id3_0002.mp4,FaceSwap/BlendFace,id8,id3,0,2.238833427429199,-2.238833427429199,0.0,32.27722930908203,30.0,1.0,0.015625,0.005148730240762234,0.018848905339837074,0.006120437756180763,0.011530904099345207
CelebDFv3,/root/Datasets/CelebDFv3/CelebDFv3/FAKE/FaceSwap/Celeb-DF-v2/id23_id24_0004.mp4,FaceSwap/Celeb-DF-v2,id23,id24,0,3.1756019592285156,-3.1756019592285156,0.0,24.118976593017578,30.0,1.0,0.015625,0.023470325395464897,0.02131548710167408,0.01384197548031807,0.01865898258984089
CelebDFv3,/root/Datasets/CelebDFv3/CelebDFv3/FAKE/FaceSwap/GHOST/id23_id35_0005.mp4,FaceSwap/GHOST,id23,id35,0,2.651404857635498,-2.651404857635498,0.0,25.776514053344727,30.0,0.0,0.0,0.00851005595177412,0.0031967880204319954,0.002829784993082285,0.005792512558400631
CelebDFv3,/root/Datasets/CelebDFv3/CelebDFv3/FAKE/FaceSwap/HifiFace/id48_id44_0000.mp4,FaceSwap/HifiFace,id48,id44,0,-1.122408151626587,1.122408151626587,0.0,38.8748779296875,30.0,0.0,0.0,0.0031142679508775473,0.004317136947065592,0.001631840830668807,0.002914001699537039
CelebDFv3,/root/Datasets/CelebDFv3/CelebDFv3/FAKE/FaceSwap/InSwapper/id23_id30_0006.mp4,FaceSwap/InSwapper,id23,id30,0,0.36716681718826294,-0.36716681718826294,0.0,16.44890594482422,30.0,0.0,0.0,0.01091160997748375,0.006043268367648125,0.002948319772258401,0.003906523808836937
CelebDFv3,/root/Datasets/CelebDFv3/CelebDFv3/FAKE/FaceSwap/MobileFaceSwap/id51_id56_0005.mp4,FaceSwap/MobileFaceSwap,id51,id56,0,0.19128000736236572,-0.19128000736236572,0.0,35.492462158203125,30.0,0.0,0.0,0.014633186161518097,0.032854679971933365,0.008120955899357796,0.014542967081069946
CelebDFv3,/root/Datasets/CelebDFv3/CelebDFv3/FAKE/FaceSwap/SimSwap/id11_id7_0003.mp4,FaceSwap/SimSwap,id11,id7,0,-4.5079345703125,4.5079345703125,0.0,49.312095642089844,30.0,0.0,0.0,0.005344707053154707,0.009261785075068474,0.0019501320784911513,0.003705250797793269
CelebDFv3,/root/Datasets/CelebDFv3/CelebDFv3/FAKE/FaceSwap/UniFace/id48_id42_0003.mp4,FaceSwap/UniFace,id48,id42,0,-0.20372828841209412,0.20372828841209412,0.0,28.56317138671875,30.0,1.0,0.046875,0.009200974367558956,0.031158369034528732,0.013729838654398918,0.024517569690942764
CelebDFv3,/root/Datasets/CelebDFv3/CelebDFv3/FAKE/TalkingFace/AniTalker/id26_0007_test_id05124_1HAXGOri_x0.mp4,TalkingFace/AniTalker,id26,,0,1.233104944229126,-1.233104944229126,0.0,48.365867614746094,25.0,0.0,0.0,0.008885729126632214,0.004280440509319305,0.005454158876091242,0.005454158876091242
CelebDFv3,/root/Datasets/CelebDFv3/CelebDFv3/FAKE/TalkingFace/EDTalk/id8_0003_test_id00081_jO5DSKhhcqQ.mp4,TalkingFace/EDTalk,id8,,0,1.820509433746338,-1.820509433746338,0.0,32.074214935302734,25.0,0.0,0.0,0.01392706111073494,0.012252191081643105,0.006936770863831043,0.006936770863831043
CelebDFv3,/root/Datasets/CelebDFv3/CelebDFv3/FAKE/TalkingFace/EchoMimic/id51_0009_test_id08701_cTjRf4YfAHg.mp4,TalkingFace/EchoMimic,id51,,0,0.35641515254974365,-0.35641515254974365,0.0,33.21162796020508,24.0,0.0,0.0,0.007768003735691309,0.011166947893798351,0.007134214974939823,0.007134214974939823
CelebDFv3,/root/Datasets/CelebDFv3/CelebDFv3/FAKE/TalkingFace/FLOAT/id23_0007_test_id04295_zjlNcdVhso4.mp4,TalkingFace/FLOAT,id23,,0,-0.6130118370056152,0.6130118370056152,0.0,44.418556213378906,25.0,0.0,0.0,0.01838969811797142,0.008243692107498646,0.0068129887804389,0.0068129887804389
CelebDFv3,/root/Datasets/CelebDFv3/CelebDFv3/FAKE/TalkingFace/IP_LAP/id59_0004_test_id07494_ebeMtxwdAVc.mp4,TalkingFace/IP_LAP,id59,,0,-1.448310375213623,1.448310375213623,0.0,23.23322868347168,25.0,0.0,0.0,0.021699674427509308,0.006390797905623913,0.009100861847400665,0.009100861847400665
CelebDFv3,/root/Datasets/CelebDFv3/CelebDFv3/FAKE/TalkingFace/Real3DPortrait/id8_0008_test_id02548_RoMUUfqkYF4.mp4,TalkingFace/Real3DPortrait,id8,,0,0.6466894149780273,-0.6466894149780273,0.0,36.80773162841797,25.0,0.0,0.0,0.01459179911762476,0.005735897459089756,0.005589467938989401,0.005589467938989401
CelebDFv3,/root/Datasets/CelebDFv3/CelebDFv3/FAKE/TalkingFace/SadTalker/id48_0009_test_id01041_Ry0R8LwJEYU.mp4,TalkingFace/SadTalker,id48,,0,2.339001178741455,-2.339001178741455,0.0,30.492891311645508,25.0,0.0,0.0,0.003935789689421654,0.012603363022208214,0.010561943054199219,0.010561943054199219
CelebDFv3,/root/Datasets/CelebDFv3/CelebDFv3/FAKE/FaceReenact/DaGAN/id26_id37_0001.mp4,FaceReenact/DaGAN,id26,id37,0,-0.17433348298072815,0.17433348298072815,0.0,45.17803955078125,30.0,1.0,0.046875,0.03710007667541504,0.005701816640794277,0.015598239377140999,0.015598239377140999
CelebDFv3,/root/Datasets/CelebDFv3/CelebDFv3/FAKE/FaceReenact/FSRT/id22_id23_0006.mp4,FaceReenact/FSRT,id22,id23,0,3.053354263305664,-3.053354263305664,0.0,33.38222122192383,20.0,0.0,0.0,0.03146898001432419,0.01226323377341032,0.006699112709611654,0.006699112709611654
CelebDFv3,/root/Datasets/CelebDFv3/CelebDFv3/FAKE/FaceReenact/HyperReenact/id54_id53_0008.mp4,FaceReenact/HyperReenact,id54,id53,0,2.7642858028411865,-2.7642858028411865,0.0,22.600675582885742,25.0,0.0,0.0,0.004391136579215527,0.0023992585483938456,0.006416943855583668,0.006416943855583668
CelebDFv3,/root/Datasets/CelebDFv3/CelebDFv3/FAKE/FaceReenact/LIA/id31_id34_0009.mp4,FaceReenact/LIA,id31,id34,0,1.2938185930252075,-1.2938185930252075,0.0,22.503204345703125,30.0,0.0,0.0,0.03937475010752678,0.018098866567015648,0.026768166571855545,0.026768166571855545
CelebDFv3,/root/Datasets/CelebDFv3/CelebDFv3/FAKE/FaceReenact/LivePortrait/id54_id55_0008.mp4,FaceReenact/LivePortrait,id54,id55,0,0.9267497658729553,-0.9267497658729553,0.0,29.302095413208008,30.0,0.0,0.0,0.0107308654114604,0.006868322845548391,0.0025558308698236942,0.004576968960464001
CelebDFv3,/root/Datasets/CelebDFv3/CelebDFv3/FAKE/FaceReenact/MCNET/id31_id20_0003.mp4,FaceReenact/MCNET,id31,id20,0,-5.328699111938477,5.328699111938477,0.0,34.86543273925781,30.0,0.0,0.0,0.008990239351987839,0.019827527925372124,0.011132560670375824,0.011132560670375824
CelebDFv3,/root/Datasets/CelebDFv3/CelebDFv3/FAKE/FaceReenact/TPSMM/id31_id21_0002.mp4,FaceReenact/TPSMM,id31,id21,0,0.01688714325428009,-0.01688714325428009,0.0,29.253355026245117,30.0,0.0,0.0,0.010984490625560284,0.02418765425682068,0.01664130762219429,0.01664130762219429
CelebDFv3,/root/Datasets/CelebDFv3/CelebDFv3/FAKE/FaceSwap/BlendFace/id51_id56_0005.mp4,FaceSwap/BlendFace,id51,id56,0,1.0863168239593506,-1.0863168239593506,0.0,31.053184509277344,30.0,0.0,0.0,0.015303095802664757,0.0381266213953495,0.004130625165998936,0.007397102192044258
CelebDFv3,/root/Datasets/CelebDFv3/CelebDFv3/FAKE/FaceSwap/Celeb-DF-v2/id23_id20_0003.mp4,FaceSwap/Celeb-DF-v2,id23,id20,0,0.7037985324859619,-0.7037985324859619,0.0,30.104785919189453,30.0,0.0,0.0,0.0059136212803423405,0.005200191400945187,0.0016379693988710642,0.002911180956289172
CelebDFv3,/root/Datasets/CelebDFv3/CelebDFv3/FAKE/FaceSwap/GHOST/id31_id6_0000.mp4,FaceSwap/GHOST,id31,id6,0,0.41924095153808594,-0.41924095153808594,0.0,23.37062644958496,30.0,0.0,0.0,0.005392451770603657,0.007457336410880089,0.002978532575070858,0.005363883450627327
CelebDFv3,/root/Datasets/CelebDFv3/CelebDFv3/FAKE/FaceSwap/HifiFace/id22_id21_0006.mp4,FaceSwap/HifiFace,id22,id21,0,3.7456395626068115,-3.7456395626068115,0.0,32.003170013427734,30.0,0.0,0.0,0.00676619540899992,0.0042008874006569386,0.001771967625245452,0.0031493371352553368
CelebDFv3,/root/Datasets/CelebDFv3/CelebDFv3/FAKE/FaceSwap/InSwapper/id23_id32_0007.mp4,FaceSwap/InSwapper,id23,id32,0,0.8080682754516602,-0.8080682754516602,0.0,30.33197593688965,30.0,0.0,0.0,0.014762555249035358,0.03070467710494995,0.008165853098034859,0.014325439929962158
CelebDFv3,/root/Datasets/CelebDFv3/CelebDFv3/FAKE/FaceSwap/MobileFaceSwap/id26_id38_0002.mp4,FaceSwap/MobileFaceSwap,id26,id38,0,1.5159809589385986,-1.5159809589385986,0.0,23.4930419921875,30.0,1.0,0.015625,0.01098034717142582,0.018612917512655258,0.00786620657891035,0.014132506214082241
CelebDFv3,/root/Datasets/CelebDFv3/CelebDFv3/FAKE/FaceSwap/SimSwap/id31_id2_0005.mp4,FaceSwap/SimSwap,id31,id2,0,0.7984912991523743,-0.7984912991523743,0.0,34.78691101074219,30.0,0.0,0.0,0.008325520902872086,0.006803590338677168,0.0025861761532723904,0.004657309036701918
CelebDFv3,/root/Datasets/CelebDFv3/CelebDFv3/FAKE/FaceSwap/UniFace/id22_id28_0009.mp4,FaceSwap/UniFace,id22,id28,0,-1.0869425535202026,1.0869425535202026,0.0,25.470502853393555,30.0,1.0,0.1875,0.017921101301908493,0.013582879677414894,0.002850733930245042,0.005066640209406614
CelebDFv3,/root/Datasets/CelebDFv3/CelebDFv3/FAKE/TalkingFace/AniTalker/id59_0009_test_id08374_nrw4btrElp8.mp4,TalkingFace/AniTalker,id59,,0,-1.0602715015411377,1.0602715015411377,0.0,47.22764587402344,25.0,0.0,0.0,0.007697446271777153,0.008438147604465485,0.005038705188781023,0.005038705188781023
CelebDFv3,/root/Datasets/CelebDFv3/CelebDFv3/FAKE/TalkingFace/EDTalk/id51_0008_test_id03524_2DD4Np7SaWw.mp4,TalkingFace/EDTalk,id51,,0,3.2431626319885254,-3.2431626319885254,0.0,28.01268196105957,25.0,0.0,0.0,0.013042532838881016,0.011542269960045815,0.005376086104661226,0.005376086104661226
CelebDFv3,/root/Datasets/CelebDFv3/CelebDFv3/FAKE/TalkingFace/EchoMimic/id25_0002_test_id03969_jDDsg0LLY2Y.mp4,TalkingFace/EchoMimic,id25,,0,2.476140260696411,-2.476140260696411,0.0,29.337650299072266,24.0,0.0,0.0,0.012255718000233173,0.014736080542206764,0.01114952377974987,0.01114952377974987
CelebDFv3,/root/Datasets/CelebDFv3/CelebDFv3/FAKE/TalkingFace/FLOAT/id22_0002_test_id05124_fRhAX7v_R6A.mp4,TalkingFace/FLOAT,id22,,0,5.705965042114258,-5.705965042114258,0.0,25.197912216186523,25.0,0.0,0.0,0.014740398153662682,0.009507901966571808,0.005448387004435062,0.005448387004435062
CelebDFv3,/root/Datasets/CelebDFv3/CelebDFv3/FAKE/TalkingFace/IP_LAP/id51_0001_test_id08149_d9B3S3Lm208.mp4,TalkingFace/IP_LAP,id51,,0,-0.730323314666748,0.730323314666748,0.0,51.60898971557617,25.0,0.0,0.0,0.016417451202869415,0.011835489422082901,0.011556891724467278,0.011556891724467278
CelebDFv3,/root/Datasets/CelebDFv3/CelebDFv3/FAKE/TalkingFace/Real3DPortrait/id22_0008_test_id03347_y_F4aAkN0d8.mp4,TalkingFace/Real3DPortrait,id22,,0,-1.5154023170471191,1.5154023170471191,0.0,35.86016082763672,25.0,1.0,0.046875,0.017535706982016563,0.0075649055652320385,0.00825558416545391,0.00825558416545391
CelebDFv3,/root/Datasets/CelebDFv3/CelebDFv3/FAKE/TalkingFace/SadTalker/id8_0009_test_id07414_hhYGsoX_H3g.mp4,TalkingFace/SadTalker,id8,,0,-3.217834234237671,3.217834234237671,0.0,28.848779678344727,25.0,0.0,0.0,0.002755611902102828,0.007983215153217316,0.006095679011195898,0.006095679011195898
CelebDFv3,/root/Datasets/CelebDFv3/CelebDFv3/FAKE/FaceReenact/DaGAN/id51_id54_0002.mp4,FaceReenact/DaGAN,id51,id54,0,2.492415428161621,-2.492415428161621,0.0,23.130430221557617,30.0,0.0,0.0,0.01567004807293415,0.019740672782063484,0.0069719054736196995,0.0069719054736196995
CelebDFv3,/root/Datasets/CelebDFv3/CelebDFv3/FAKE/FaceReenact/FSRT/id56_id57_0001.mp4,FaceReenact/FSRT,id56,id57,0,3.981484889984131,-3.981484889984131,0.0,21.366464614868164,20.0,0.0,0.0,0.020600879564881325,0.007350764237344265,0.005767371971160173,0.005767371971160173
CelebDFv3,/root/Datasets/CelebDFv3/CelebDFv3/FAKE/FaceReenact/HyperReenact/id48_id44_0003.mp4,FaceReenact/HyperReenact,id48,id44,0,2.798837184906006,-2.798837184906006,0.0,35.26527404785156,25.0,0.0,0.0,0.004500309005379677,0.004214833956211805,0.007303889840841293,0.007303889840841293
CelebDFv3,/root/Datasets/CelebDFv3/CelebDFv3/FAKE/FaceReenact/LIA/id54_id56_0008.mp4,FaceReenact/LIA,id54,id56,0,2.6667490005493164,-2.6667490005493164,0.0,32.83860397338867,30.0,0.0,0.0,0.012465156614780426,0.008373475633561611,0.008191796019673347,0.008191796019673347
CelebDFv3,/root/Datasets/CelebDFv3/CelebDFv3/FAKE/FaceReenact/LivePortrait/id56_id50_0002.mp4,FaceReenact/LivePortrait,id56,id50,0,1.3694592714309692,-1.3694592714309692,0.0,27.62335777282715,30.0,0.0,0.0,0.002044616499915719,0.00269023678265512,0.0016669499455019832,0.0029851654544472694
CelebDFv3,/root/Datasets/CelebDFv3/CelebDFv3/FAKE/FaceReenact/MCNET/id56_id53_0006.mp4,FaceReenact/MCNET,id56,id53,0,4.595770835876465,-4.595770835876465,0.0,24.60104751586914,30.0,0.0,0.0,0.011548764072358608,0.008960559964179993,0.007913696579635143,0.007913696579635143
CelebDFv3,/root/Datasets/CelebDFv3/CelebDFv3/FAKE/FaceReenact/TPSMM/id56_id58_0000.mp4,FaceReenact/TPSMM,id56,id58,0,4.811886787414551,-4.811886787414551,0.0,23.419063568115234,30.0,1.0,0.015625,0.0181987714022398,0.012322265654802322,0.012927121482789516,0.012927121482789516
CelebDFv3,/root/Datasets/CelebDFv3/CelebDFv3/FAKE/FaceSwap/BlendFace/id54_id56_0002.mp4,FaceSwap/BlendFace,id54,id56,0,0.4106283187866211,-0.4106283187866211,0.0,39.498863220214844,30.0,0.0,0.0,0.0037622698582708836,0.0056231459602713585,0.0018238724442198873,0.0032661815639585257
CelebDFv3,/root/Datasets/CelebDFv3/CelebDFv3/FAKE/FaceSwap/Celeb-DF-v2/id23_id19_0007.mp4,FaceSwap/Celeb-DF-v2,id23,id19,0,1.7837436199188232,-1.7837436199188232,0.0,26.459579467773438,30.0,0.0,0.0,0.015242451801896095,0.027546338737010956,0.007273816503584385,0.012760531157255173
CelebDFv3,/root/Datasets/CelebDFv3/CelebDFv3/FAKE/FaceSwap/GHOST/id26_id35_0001.mp4,FaceSwap/GHOST,id26,id35,0,2.073665142059326,-2.073665142059326,0.0,39.206851959228516,30.0,0.0,0.0,0.02207694947719574,0.01797223836183548,0.004094997886568308,0.007357115391641855
CelebDFv3,/root/Datasets/CelebDFv3/CelebDFv3/FAKE/FaceSwap/HifiFace/id31_id20_0001.mp4,FaceSwap/HifiFace,id31,id20,0,-2.1859629154205322,2.1859629154205322,0.0,29.48182487487793,30.0,0.0,0.0,0.003319587092846632,0.005109655670821667,0.002267880132421851,0.00408410606905818
CelebDFv3,/root/Datasets/CelebDFv3/CelebDFv3/FAKE/FaceSwap/InSwapper/id26_id28_0003.mp4,FaceSwap/InSwapper,id26,id28,0,-9.786348342895508,9.786348342895508,0.0,104.4501953125,30.0,0.0,0.0,0.007640041410923004,0.011448666453361511,0.0038953579496592283,0.006998440250754356
CelebDFv3,/root/Datasets/CelebDFv3/CelebDFv3/FAKE/FaceSwap/MobileFaceSwap/id31_id28_0007.mp4,FaceSwap/MobileFaceSwap,id31,id28,0,-4.9757981300354,4.9757981300354,0.0,47.23634719848633,30.0,0.0,0.0,0.019107023254036903,0.006534473039209843,0.010344251990318298,0.018628422170877457
CelebDFv3,/root/Datasets/CelebDFv3/CelebDFv3/FAKE/FaceSwap/SimSwap/id26_id33_0006.mp4,FaceSwap/SimSwap,id26,id33,0,0.3045254945755005,-0.3045254945755005,0.0,67.14252471923828,30.0,1.0,0.015625,0.024499159306287766,0.010809623636305332,0.01057251263409853,0.019252130761742592
CelebDFv3,/root/Datasets/CelebDFv3/CelebDFv3/FAKE/FaceSwap/UniFace/id26_id21_0004.mp4,FaceSwap/UniFace,id26,id21,0,-0.19938285648822784,0.19938285648822784,0.0,28.813974380493164,30.0,0.0,0.0,0.005919366143643856,0.01394367590546608,0.003112100763246417,0.00559123232960701
CelebDFv3,/root/Datasets/CelebDFv3/CelebDFv3/FAKE/TalkingFace/AniTalker/id23_0006_test_id02057_QZYXK4dWZoY.mp4,TalkingFace/AniTalker,id23,,0,4.101275444030762,-4.101275444030762,0.0,20.3798770904541,25.0,0.0,0.0,0.010390027426183224,0.007418829947710037,0.004286277573555708,0.004286277573555708
CelebDFv3,/root/Datasets/CelebDFv3/CelebDFv3/FAKE/TalkingFace/EDTalk/id26_0007_test_id05124_1HAXGOri_x0.mp4,TalkingFace/EDTalk,id26,,0,2.139409303665161,-2.139409303665161,0.0,54.45014953613281,25.0,0.0,0.0,0.014453818090260029,0.012256634421646595,0.0064275674521923065,0.0064275674521923065
CelebDFv3,/root/Datasets/CelebDFv3/CelebDFv3/FAKE/TalkingFace/EchoMimic/id25_0009_test_id02465_mzyWUVgjQn0.mp4,TalkingFace/EchoMimic,id25,,0,0.1712101399898529,-0.1712101399898529,0.0,25.046829223632812,24.0,0.0,0.0,0.0060516586527228355,0.00553890923038125,0.006255122367292643,0.006255122367292643
CelebDFv3,/root/Datasets/CelebDFv3/CelebDFv3/FAKE/TalkingFace/FLOAT/id51_0008_test_id02548_RoMUUfqkYF4.mp4,TalkingFace/FLOAT,id51,,0,2.359400749206543,-2.359400749206543,0.0,29.587486267089844,25.0,0.0,0.0,0.014439898543059826,0.015478471294045448,0.007728898897767067,0.007728898897767067
CelebDFv3,/root/Datasets/CelebDFv3/CelebDFv3/FAKE/TalkingFace/IP_LAP/id25_0001_test_id04232_AB9fk1MH2rA.mp4,TalkingFace/IP_LAP,id25,,0,0.6548165678977966,-0.6548165678977966,0.0,36.867740631103516,25.0,1.0,0.0625,0.015739453956484795,0.009905706159770489,0.011507718823850155,0.011507718823850155
CelebDFv3,/root/Datasets/CelebDFv3/CelebDFv3/FAKE/TalkingFace/Real3DPortrait/id22_0002_test_id07354_3Vnq2AKOm5I.mp4,TalkingFace/Real3DPortrait,id22,,0,6.914943218231201,-6.914943218231201,0.0,25.787813186645508,25.0,0.0,0.0,0.01703328639268875,0.008596748113632202,0.014822741970419884,0.014822741970419884
CelebDFv3,/root/Datasets/CelebDFv3/CelebDFv3/FAKE/TalkingFace/SadTalker/id11_0004_test_id08696_FUGi6S_tSJY.mp4,TalkingFace/SadTalker,id11,,0,-1.215752124786377,1.215752124786377,0.0,38.671566009521484,25.0,0.0,0.0,0.0023016235791146755,0.002670682966709137,0.003306441707536578,0.0031119452323764563
CelebDFv3,/root/Datasets/CelebDFv3/CelebDFv3/FAKE/FaceReenact/DaGAN/id31_id16_0004.mp4,FaceReenact/DaGAN,id31,id16,0,-0.7825750112533569,0.7825750112533569,0.0,19.094707489013672,30.0,1.0,0.5,0.024901214987039566,0.006951633840799332,0.023277657106518745,0.023277657106518745
CelebDFv3,/root/Datasets/CelebDFv3/CelebDFv3/FAKE/FaceReenact/FSRT/id22_id21_0005.mp4,FaceReenact/FSRT,id22,id21,0,1.7150986194610596,-1.7150986194610596,0.0,33.56559371948242,20.0,1.0,0.046875,0.014964633621275425,0.02209950052201748,0.00845229160040617,0.00845229160040617
CelebDFv3,/root/Datasets/CelebDFv3/CelebDFv3/FAKE/FaceReenact/HyperReenact/id31_id29_0009.mp4,FaceReenact/HyperReenact,id31,id29,0,1.3793869018554688,-1.3793869018554688,0.0,20.211538314819336,25.0,0.0,0.0,0.01999981701374054,0.0064155058935284615,0.013221053406596184,0.013221053406596184
CelebDFv3,/root/Datasets/CelebDFv3/CelebDFv3/FAKE/FaceReenact/LIA/id11_id7_0009.mp4,FaceReenact/LIA,id11,id7,0,-0.18330168724060059,0.18330168724060059,0.0,26.908357620239258,30.0,0.0,0.0,0.010217717848718166,0.008908428251743317,0.005659578368067741,0.005659578368067741
CelebDFv3,/root/Datasets/CelebDFv3/CelebDFv3/FAKE/FaceReenact/LivePortrait/id31_id28_0007.mp4,FaceReenact/LivePortrait,id31,id28,0,-6.495233535766602,6.495233535766602,0.0,98.1401596069336,30.0,0.0,0.0,0.02169850841164589,0.012880489230155945,0.010176381096243858,0.018326111137866974
CelebDFv3,/root/Datasets/CelebDFv3/CelebDFv3/FAKE/FaceReenact/MCNET/id23_id21_0007.mp4,FaceReenact/MCNET,id23,id21,0,-0.025251850485801697,0.025251850485801697,0.0,36.28335952758789,30.0,0.0,0.0,0.018038220703601837,0.007441726513206959,0.0065585533156991005,0.0065585533156991005
CelebDFv3,/root/Datasets/CelebDFv3/CelebDFv3/FAKE/FaceReenact/TPSMM/id8_id6_0007.mp4,FaceReenact/TPSMM,id8,id6,0,0.38811010122299194,-0.38811010122299194,0.0,36.395328521728516,30.0,0.0,0.0,0.03583938255906105,0.006740744225680828,0.014125273562967777,0.014125273562967777
CelebDFv3,/root/Datasets/CelebDFv3/CelebDFv3/FAKE/FaceSwap/BlendFace/id23_id19_0009.mp4,FaceSwap/BlendFace,id23,id19,0,2.5998024940490723,-2.5998024940490723,0.0,21.777767181396484,30.0,0.0,0.0,0.004552201833575964,0.006059379782527685,0.003924638032913208,0.005196221172809601
CelebDFv3,/root/Datasets/CelebDFv3/CelebDFv3/FAKE/FaceSwap/Celeb-DF-v2/id23_id32_0006.mp4,FaceSwap/Celeb-DF-v2,id23,id32,0,1.1598304510116577,-1.1598304510116577,0.0,16.420982360839844,30.0,0.0,0.0,0.014479659497737885,0.005610776133835316,0.004133515991270542,0.0054769087582826614
CelebDFv3,/root/Datasets/CelebDFv3/CelebDFv3/FAKE/FaceSwap/GHOST/id25_id21_0008.mp4,FaceSwap/GHOST,id25,id21,0,1.6128681898117065,-1.6128681898117065,0.0,24.31658172607422,30.0,0.0,0.0,0.009958638809621334,0.00386435491964221,0.003350011771544814,0.004502415657043457
CelebDFv3,/root/Datasets/CelebDFv3/CelebDFv3/FAKE/FaceSwap/HifiFace/id23_id30_0003.mp4,FaceSwap/HifiFace,id23,id30,0,0.3359314799308777,-0.3359314799308777,0.0,29.400226593017578,30.0,0.0,0.0,0.005910620559006929,0.0053983330726623535,0.0018415736267343163,0.0032730489037930965
CelebDFv3,/root/Datasets/CelebDFv3/CelebDFv3/FAKE/FaceSwap/InSwapper/id23_id4_0007.mp4,FaceSwap/InSwapper,id23,id4,0,2.0466699600219727,-2.0466699600219727,0.0,28.019277572631836,30.0,0.0,0.0,0.016553297638893127,0.03846485912799835,0.007353025022894144,0.012899486348032951
CelebDFv3,/root/Datasets/CelebDFv3/CelebDFv3/FAKE/FaceSwap/MobileFaceSwap/id23_id25_0007.mp4,FaceSwap/MobileFaceSwap,id23,id25,0,2.3616836071014404,-2.3616836071014404,0.0,25.48672866821289,30.0,0.0,0.0,0.014519775286316872,0.044766489416360855,0.00714367488399148,0.012532223016023636
CelebDFv3,/root/Datasets/CelebDFv3/CelebDFv3/FAKE/FaceSwap/SimSwap/id22_id23_0001.mp4,FaceSwap/SimSwap,id22,id23,0,0.43099671602249146,-0.43099671602249146,0.0,24.04595184326172,30.0,0.0,0.0,0.01508884597569704,0.02758040279150009,0.019065331667661667,0.03388502076268196
CelebDFv3,/root/Datasets/CelebDFv3/CelebDFv3/FAKE/FaceSwap/UniFace/id51_id49_0001.mp4,FaceSwap/UniFace,id51,id49,0,-2.371890068054199,2.371890068054199,0.0,65.79718017578125,30.0,1.0,0.0625,0.006674035452306271,0.007777088321745396,0.003351940307766199,0.0060026380233466625
CelebDFv3,/root/Datasets/CelebDFv3/CelebDFv3/FAKE/TalkingFace/AniTalker/id56_0003_test_id07868_G6yM82HVOKI.mp4,TalkingFace/AniTalker,id56,,0,1.3963942527770996,-1.3963942527770996,0.0,26.509347915649414,25.0,0.0,0.0,0.009132067672908306,0.0058319405652582645,0.005300535820424557,0.005300535820424557
CelebDFv3,/root/Datasets/CelebDFv3/CelebDFv3/FAKE/TalkingFace/EDTalk/id22_0003_test_id02317_YCBadU0v3AE.mp4,TalkingFace/EDTalk,id22,,0,1.703521728515625,-1.703521728515625,0.0,45.04432678222656,25.0,0.0,0.0,0.014367838390171528,0.013774462975561619,0.008053670637309551,0.008053670637309551
CelebDFv3,/root/Datasets/CelebDFv3/CelebDFv3/FAKE/TalkingFace/EchoMimic/id8_0002_test_id03524_2DD4Np7SaWw.mp4,TalkingFace/EchoMimic,id8,,0,2.9628567695617676,-2.9628567695617676,0.0,36.46113586425781,24.0,0.0,0.0,0.011906090192496777,0.012311107479035854,0.009026264771819115,0.009026264771819115
CelebDFv3,/root/Datasets/CelebDFv3/CelebDFv3/FAKE/TalkingFace/FLOAT/id56_0004_test_id08374_nrw4btrElp8.mp4,TalkingFace/FLOAT,id56,,0,2.572007894515991,-2.572007894515991,0.0,25.103008270263672,25.0,0.0,0.0,0.016390390694141388,0.007120213937014341,0.010434598661959171,0.010434598661959171
CelebDFv3,/root/Datasets/CelebDFv3/CelebDFv3/FAKE/TalkingFace/IP_LAP/id23_0005_test_id06310_MNZMZ6ChMZQ.mp4,TalkingFace/IP_LAP,id23,,0,2.3316073417663574,-2.3316073417663574,0.0,25.226537704467773,25.0,0.0,0.0,0.010989515110850334,0.00435000192373991,0.007261198945343494,0.007261198945343494
CelebDFv3,/root/Datasets/CelebDFv3/CelebDFv3/FAKE/TalkingFace/Real3DPortrait/id54_0007_test_id05055_HU7kokWzb4M.mp4,TalkingFace/Real3DPortrait,id54,,0,0.4123120903968811,-0.4123120903968811,0.0,43.17832565307617,25.0,1.0,0.03125,0.015865642577409744,0.00804886594414711,0.014093678444623947,0.014093678444623947
CelebDFv3,/root/Datasets/CelebDFv3/CelebDFv3/FAKE/TalkingFace/SadTalker/id23_0007_test_id04295_1fSjOItVYVg.mp4,TalkingFace/SadTalker,id23,,0,-4.399839401245117,4.399839401245117,0.0,68.5464859008789,25.0,0.0,0.0,0.0029213230591267347,0.011493749916553497,0.007469698786735535,0.007030305452644825
CelebDFv3,/root/Datasets/CelebDFv3/CelebDFv3/FAKE/FaceReenact/DaGAN/id23_id30_0006.mp4,FaceReenact/DaGAN,id23,id30,0,2.388920307159424,-2.388920307159424,0.0,14.094003677368164,30.0,1.0,0.21875,0.028074219822883606,0.01585807465016842,0.011495562270283699,0.011495562270283699
CelebDFv3,/root/Datasets/CelebDFv3/CelebDFv3/FAKE/FaceReenact/FSRT/id54_id51_0006.mp4,FaceReenact/FSRT,id54,id51,0,-0.6312570571899414,0.6312570571899414,0.0,36.69207000732422,20.0,1.0,0.046875,0.029526202008128166,0.020284119993448257,0.013505825772881508,0.013505825772881508
