dataset,path,method,target_id,donor_id,label_real,anomaly_score,predictive_mean,predictive_std,embedding_norm,fps,face_any_miss,face_miss_fraction,center_x_jitter,center_y_jitter,width_jitter,height_jitter
CelebDFv3,/root/Datasets/CelebDFv3/CelebDFv3/REAL/Real_WEB/id11_0000.mp4,real/Real_WEB,id11,,1,1.3063831329345703,-1.3063831329345703,0.0,97.82161712646484,30.0,0.0,0.0,0.0,0.0,0.0,0.0
CelebDFv3,/root/Datasets/CelebDFv3/CelebDFv3/REAL/Real_WEB/id11_0001.mp4,real/Real_WEB,id11,,1,-0.6579779386520386,0.6579779386520386,0.0,177.46969604492188,30.0,0.0,0.0,0.0,0.0,0.0,0.0
CelebDFv3,/root/Datasets/CelebDFv3/CelebDFv3/REAL/Real_WEB/id11_0002.mp4,real/Real_WEB,id11,,1,4.768999099731445,-4.768999099731445,0.0,124.61233520507812,30.0,0.0,0.0,0.0,0.0,0.0,0.0
CelebDFv3,/root/Datasets/CelebDFv3/CelebDFv3/REAL/Real_WEB/id11_0003.mp4,real/Real_WEB,id11,,1,0.07937631011009216,-0.07937631011009216,0.0,131.22952270507812,30.0,0.0,0.0,0.0,0.0,0.0,0.0
CelebDFv3,/root/Datasets/CelebDFv3/CelebDFv3/REAL/Real_WEB/id11_0004.mp4,real/Real_WEB,id11,,1,1.8593356609344482,-1.8593356609344482,0.0,98.87325286865234,30.0,0.0,0.0,0.0,0.0,0.0,0.0
CelebDFv3,/root/Datasets/CelebDFv3/CelebDFv3/REAL/Real_WEB/id11_0005.mp4,real/Real_WEB,id11,,1,1.5081627368927002,-1.5081627368927002,0.0,112.77718353271484,30.0,0.0,0.0,0.0,0.0,0.0,0.0
CelebDFv3,/root/Datasets/CelebDFv3/CelebDFv3/REAL/Real_WEB/id11_0006.mp4,real/Real_WEB,id11,,1,-0.9762937426567078,0.9762937426567078,0.0,129.86708068847656,30.0,0.0,0.0,0.0,0.0,0.0,0.0
CelebDFv3,/root/Datasets/CelebDFv3/CelebDFv3/REAL/Real_WEB/id11_0007.mp4,real/Real_WEB,id11,,1,-2.57473087310791,2.57473087310791,0.0,100.8616943359375,30.0,0.0,0.0,0.0,0.0,0.0,0.0
CelebDFv3,/root/Datasets/CelebDFv3/CelebDFv3/REAL/Real_WEB/id11_0008.mp4,real/Real_WEB,id11,,1,-6.148653507232666,6.148653507232666,0.0,104.21346282958984,30.0,0.0,0.0,0.0,0.0,0.0,0.0
CelebDFv3,/root/Datasets/CelebDFv3/CelebDFv3/REAL/Real_WEB/id11_0009.mp4,real/Real_WEB,id11,,1,-1.3707711696624756,1.3707711696624756,0.0,124.02784729003906,30.0,0.0,0.0,0.0,0.0,0.0,0.0
CelebDFv3,/root/Datasets/CelebDFv3/CelebDFv3/REAL/Real_WEB/id11_0010.mp4,real/Real_WEB,id11,,1,-5.2840895652771,5.2840895652771,0.0,94.2579574584961,30.0,0.0,0.0,0.0,0.0,0.0,0.0
CelebDFv3,/root/Datasets/CelebDFv3/CelebDFv3/REAL/Real_WEB/id22_0000.mp4,real/Real_WEB,id22,,1,-1.5001778602600098,1.5001778602600098,0.0,120.28124237060547,30.0,0.0,0.0,0.0,0.0,0.0,0.0
CelebDFv3,/root/Datasets/CelebDFv3/CelebDFv3/REAL/Real_WEB/id22_0001.mp4,real/Real_WEB,id22,,1,-2.1014270782470703,2.1014270782470703,0.0,99.16188049316406,30.0,0.0,0.0,0.0,0.0,0.0,0.0
CelebDFv3,/root/Datasets/CelebDFv3/CelebDFv3/REAL/Real_WEB/id22_0002.mp4,real/Real_WEB,id22,,1,-2.7258949279785156,2.7258949279785156,0.0,95.14302062988281,30.0,0.0,0.0,0.0,0.0,0.0,0.0
CelebDFv3,/root/Datasets/CelebDFv3/CelebDFv3/REAL/Real_WEB/id22_0003.mp4,real/Real_WEB,id22,,1,-6.96486759185791,6.96486759185791,0.0,176.63931274414062,30.0,0.0,0.0,0.0,0.0,0.0,0.0
CelebDFv3,/root/Datasets/CelebDFv3/CelebDFv3/REAL/Real_WEB/id22_0004.mp4,real/Real_WEB,id22,,1,-0.3167854845523834,0.3167854845523834,0.0,126.22589874267578,30.0,0.0,0.0,0.0,0.0,0.0,0.0
CelebDFv3,/root/Datasets/CelebDFv3/CelebDFv3/REAL/Real_WEB/id22_0005.mp4,real/Real_WEB,id22,,1,3.0936379432678223,-3.0936379432678223,0.0,182.86740112304688,30.0,0.0,0.0,0.0,0.0,0.0,0.0
CelebDFv3,/root/Datasets/CelebDFv3/CelebDFv3/REAL/Real_WEB/id22_0006.mp4,real/Real_WEB,id22,,1,-1.1892788410186768,1.1892788410186768,0.0,166.81031799316406,30.0,0.0,0.0,0.0,0.0,0.0,0.0
CelebDFv3,/root/Datasets/CelebDFv3/CelebDFv3/REAL/Real_WEB/id22_0007.mp4,real/Real_WEB,id22,,1,-6.307931900024414,6.307931900024414,0.0,188.19595336914062,30.0,0.0,0.0,0.0,0.0,0.0,0.0
CelebDFv3,/root/Datasets/CelebDFv3/CelebDFv3/REAL/Real_WEB/id22_0008.mp4,real/Real_WEB,id22,,1,-3.250771999359131,3.250771999359131,0.0,174.54141235351562,30.0,0.0,0.0,0.0,0.0,0.0,0.0
CelebDFv3,/root/Datasets/CelebDFv3/CelebDFv3/REAL/Real_WEB/id22_0009.mp4,real/Real_WEB,id22,,1,-14.59860897064209,14.59860897064209,0.0,206.49310302734375,30.0,0.0,0.0,0.0,0.0,0.0,0.0
CelebDFv3,/root/Datasets/CelebDFv3/CelebDFv3/REAL/Real_WEB/id23_0000.mp4,real/Real_WEB,id23,,1,2.6371400356292725,-2.6371400356292725,0.0,99.14803314208984,30.0,0.0,0.0,0.0,0.0,0.0,0.0
CelebDFv3,/root/Datasets/CelebDFv3/CelebDFv3/REAL/Real_WEB/id23_0001.mp4,real/Real_WEB,id23,,1,4.650479793548584,-4.650479793548584,0.0,122.0883560180664,30.0,0.0,0.0,0.0,0.0,0.0,0.0
CelebDFv3,/root/Datasets/CelebDFv3/CelebDFv3/REAL/Real_WEB/id23_0002.mp4,real/Real_WEB,id23,,1,2.5432190895080566,-2.5432190895080566,0.0,92.50691223144531,30.0,0.0,0.0,0.0,0.0,0.0,0.0
CelebDFv3,/root/Datasets/CelebDFv3/CelebDFv3/REAL/Real_WEB/id23_0003.mp4,real/Real_WEB,id23,,1,-2.8549880981445312,2.8549880981445312,0.0,115.0711669921875,30.0,0.0,0.0,0.0,0.0,0.0,0.0
CelebDFv3,/root/Datasets/CelebDFv3/CelebDFv3/REAL/Real_WEB/id23_0004.mp4,real/Real_WEB,id23,,1,-0.5514757037162781,0.5514757037162781,0.0,118.58063507080078,30.0,0.0,0.0,0.0,0.0,0.0,0.0
CelebDFv3,/root/Datasets/CelebDFv3/CelebDFv3/REAL/Real_WEB/id23_0005.mp4,real/Real_WEB,id23,,1,1.6203536987304688,-1.6203536987304688,0.0,90.39932250976562,30.0,0.0,0.0,0.0,0.0,0.0,0.0
CelebDFv3,/root/Datasets/CelebDFv3/CelebDFv3/REAL/Real_WEB/id23_0006.mp4,real/Real_WEB,id23,,1,-2.8888397216796875,2.8888397216796875,0.0,110.70430755615234,30.0,0.0,0.0,0.0,0.0,0.0,0.0
CelebDFv3,/root/Datasets/CelebDFv3/CelebDFv3/REAL/Real_WEB/id23_0007.mp4,real/Real_WEB,id23,,1,-10.04112434387207,10.04112434387207,0.0,192.17413330078125,30.0,0.0,0.0,0.0,0.0,0.0,0.0
CelebDFv3,/root/Datasets/CelebDFv3/CelebDFv3/REAL/Real_WEB/id23_0008.mp4,real/Real_WEB,id23,,1,-0.1802627444267273,0.1802627444267273,0.0,110.12492370605469,30.0,0.0,0.0,0.0,0.0,0.0,0.0
CelebDFv3,/root/Datasets/CelebDFv3/CelebDFv3/REAL/Real_WEB/id23_0009.mp4,real/Real_WEB,id23,,1,2.5842247009277344,-2.5842247009277344,0.0,141.52479553222656,30.0,0.0,0.0,0.0,0.0,0.0,0.0
CelebDFv3,/root/Datasets/CelebDFv3/CelebDFv3/REAL/Real_WEB/id25_0000.mp4,real/Real_WEB,id25,,1,1.6863044500350952,-1.6863044500350952,0.0,124.71900939941406,30.0,0.0,0.0,0.0,0.0,0.0,0.0
CelebDFv3,/root/Datasets/CelebDFv3/CelebDFv3/REAL/Real_WEB/id25_0001.mp4,real/Real_WEB,id25,,1,1.5424654483795166,-1.5424654483795166,0.0,154.7546844482422,30.0,0.0,0.0,0.0,0.0,0.0,0.0
CelebDFv3,/root/Datasets/CelebDFv3/CelebDFv3/REAL/Real_WEB/id25_0002.mp4,real/Real_WEB,id25,,1,-3.7422127723693848,3.7422127723693848,0.0,131.65330505371094,30.0,0.0,0.0,0.0,0.0,0.0,0.0
CelebDFv3,/root/Datasets/CelebDFv3/CelebDFv3/REAL/Real_WEB/id25_0003.mp4,real/Real_WEB,id25,,1,-9.359855651855469,9.359855651855469,0.0,220.08596801757812,30.0,0.0,0.0,0.0,0.0,0.0,0.0
CelebDFv3,/root/Datasets/CelebDFv3/CelebDFv3/REAL/Real_WEB/id25_0004.mp4,real/Real_WEB,id25,,1,3.1876001358032227,-3.1876001358032227,0.0,160.50596618652344,30.0,0.0,0.0,0.0,0.0,0.0,0.0
CelebDFv3,/root/Datasets/CelebDFv3/CelebDFv3/REAL/Real_WEB/id25_0005.mp4,real/Real_WEB,id25,,1,2.2933692932128906,-2.2933692932128906,0.0,103.03394317626953,30.0,0.0,0.0,0.0,0.0,0.0,0.0
CelebDFv3,/root/Datasets/CelebDFv3/CelebDFv3/REAL/Real_WEB/id25_0006.mp4,real/Real_WEB,id25,,1,-14.1633882522583,14.1633882522583,0.0,326.3941345214844,30.0,0.0,0.0,0.0,0.0,0.0,0.0
CelebDFv3,/root/Datasets/CelebDFv3/CelebDFv3/REAL/Real_WEB/id25_0007.mp4,real/Real_WEB,id25,,1,1.614962100982666,-1.614962100982666,0.0,125.72176361083984,30.0,0.0,0.0,0.0,0.0,0.0,0.0
CelebDFv3,/root/Datasets/CelebDFv3/CelebDFv3/REAL/Real_WEB/id25_0008.mp4,real/Real_WEB,id25,,1,1.650085210800171,-1.650085210800171,0.0,107.68946838378906,30.0,0.0,0.0,0.0,0.0,0.0,0.0
CelebDFv3,/root/Datasets/CelebDFv3/CelebDFv3/REAL/Real_WEB/id25_0009.mp4,real/Real_WEB,id25,,1,-0.7172776460647583,0.7172776460647583,0.0,114.4827651977539,30.0,0.0,0.0,0.0,0.0,0.0,0.0
CelebDFv3,/root/Datasets/CelebDFv3/CelebDFv3/REAL/Real_WEB/id25_0010.mp4,real/Real_WEB,id25,,1,-5.060626029968262,5.060626029968262,0.0,278.456787109375,30.0,0.0,0.0,0.0,0.0,0.0,0.0
CelebDFv3,/root/Datasets/CelebDFv3/CelebDFv3/REAL/Real_WEB/id26_0000.mp4,real/Real_WEB,id26,,1,5.609995365142822,-5.609995365142822,0.0,132.69773864746094,30.0,0.0,0.0,0.0,0.0,0.0,0.0
CelebDFv3,/root/Datasets/CelebDFv3/CelebDFv3/REAL/Real_WEB/id26_0001.mp4,real/Real_WEB,id26,,1,-5.974930763244629,5.974930763244629,0.0,290.3903503417969,30.0,0.0,0.0,0.0,0.0,0.0,0.0
CelebDFv3,/root/Datasets/CelebDFv3/CelebDFv3/REAL/Real_WEB/id26_0002.mp4,real/Real_WEB,id26,,1,-2.7421483993530273,2.7421483993530273,0.0,95.89097595214844,30.0,0.0,0.0,0.0,0.0,0.0,0.0
CelebDFv3,/root/Datasets/CelebDFv3/CelebDFv3/REAL/Real_WEB/id26_0003.mp4,real/Real_WEB,id26,,1,-7.553246974945068,7.553246974945068,0.0,385.4880065917969,30.0,0.0,0.0,0.0,0.0,0.0,0.0
CelebDFv3,/root/Datasets/CelebDFv3/CelebDFv3/REAL/Real_WEB/id26_0004.mp4,real/Real_WEB,id26,,1,-1.022238850593567,1.022238850593567,0.0,135.6178741455078,30.0,0.0,0.0,0.0,0.0,0.0,0.0
CelebDFv3,/root/Datasets/CelebDFv3/CelebDFv3/REAL/Real_WEB/id26_0005.mp4,real/Real_WEB,id26,,1,-10.975519180297852,10.975519180297852,0.0,268.3360595703125,30.0,0.0,0.0,0.0,0.0,0.0,0.0
CelebDFv3,/root/Datasets/CelebDFv3/CelebDFv3/REAL/Real_WEB/id26_0006.mp4,real/Real_WEB,id26,,1,12.464522361755371,-12.464522361755371,0.0,183.73068237304688,30.0,0.0,0.0,0.0,0.0,0.0,0.0
CelebDFv3,/root/Datasets/CelebDFv3/CelebDFv3/REAL/Real_WEB/id26_0007.mp4,real/Real_WEB,id26,,1,1.8653351068496704,-1.8653351068496704,0.0,135.1623077392578,30.0,0.0,0.0,0.0,0.0,0.0,0.0
CelebDFv3,/root/Datasets/CelebDFv3/CelebDFv3/REAL/Real_WEB/id26_0008.mp4,real/Real_WEB,id26,,1,0.022141657769680023,-0.022141657769680023,0.0,102.60848999023438,30.0,0.0,0.0,0.0,0.0,0.0,0.0
CelebDFv3,/root/Datasets/CelebDFv3/CelebDFv3/REAL/Real_WEB/id26_0009.mp4,real/Real_WEB,id26,,1,1.7654337882995605,-1.7654337882995605,0.0,166.15660095214844,30.0,0.0,0.0,0.0,0.0,0.0,0.0
CelebDFv3,/root/Datasets/CelebDFv3/CelebDFv3/REAL/Real_WEB/id31_0000.mp4,real/Real_WEB,id31,,1,-4.22068452835083,4.22068452835083,0.0,149.4227752685547,30.0,0.0,0.0,0.0,0.0,0.0,0.0
CelebDFv3,/root/Datasets/CelebDFv3/CelebDFv3/REAL/Real_WEB/id31_0001.mp4,real/Real_WEB,id31,,1,0.7425176501274109,-0.7425176501274109,0.0,126.40867614746094,30.0,0.0,0.0,0.0,0.0,0.0,0.0
CelebDFv3,/root/Datasets/CelebDFv3/CelebDFv3/REAL/Real_WEB/id31_0002.mp4,real/Real_WEB,id31,,1,-2.613590717315674,2.613590717315674,0.0,149.12533569335938,30.0,0.0,0.0,0.0,0.0,0.0,0.0
CelebDFv3,/root/Datasets/CelebDFv3/CelebDFv3/REAL/Real_WEB/id31_0003.mp4,real/Real_WEB,id31,,1,2.2603676319122314,-2.2603676319122314,0.0,178.40264892578125,30.0,0.0,0.0,0.0,0.0,0.0,0.0
CelebDFv3,/root/Datasets/CelebDFv3/CelebDFv3/REAL/Real_WEB/id31_0004.mp4,real/Real_WEB,id31,,1,-11.68653678894043,11.68653678894043,0.0,197.50611877441406,30.0,0.0,0.0,0.0,0.0,0.0,0.0
CelebDFv3,/root/Datasets/CelebDFv3/CelebDFv3/REAL/Real_WEB/id31_0005.mp4,real/Real_WEB,id31,,1,-4.737715244293213,4.737715244293213,0.0,106.59632110595703,30.0,0.0,0.0,0.0,0.0,0.0,0.0
CelebDFv3,/root/Datasets/CelebDFv3/CelebDFv3/REAL/Real_WEB/id31_0006.mp4,real/Real_WEB,id31,,1,-7.601674556732178,7.601674556732178,0.0,208.4197540283203,30.0,0.0,0.0,0.0,0.0,0.0,0.0
CelebDFv3,/root/Datasets/CelebDFv3/CelebDFv3/REAL/Real_WEB/id31_0007.mp4,real/Real_WEB,id31,,1,-1.9126471281051636,1.9126471281051636,0.0,273.94927978515625,30.0,0.0,0.0,0.0,0.0,0.0,0.0
CelebDFv3,/root/Datasets/CelebDFv3/CelebDFv3/REAL/Real_WEB/id31_0008.mp4,real/Real_WEB,id31,,1,1.5299571752548218,-1.5299571752548218,0.0,120.75125885009766,30.0,0.0,0.0,0.0,0.0,0.0,0.0
CelebDFv3,/root/Datasets/CelebDFv3/CelebDFv3/REAL/Real_WEB/id31_0009.mp4,real/Real_WEB,id31,,1,0.6794871091842651,-0.6794871091842651,0.0,109.7309341430664,30.0,0.0,0.0,0.0,0.0,0.0,0.0
CelebDFv3,/root/Datasets/CelebDFv3/CelebDFv3/REAL/Real_WEB/id48_0000.mp4,real/Real_WEB,id48,,1,2.0210318565368652,-2.0210318565368652,0.0,381.73419189453125,30.0,0.0,0.0,0.0,0.0,0.0,0.0
CelebDFv3,/root/Datasets/CelebDFv3/CelebDFv3/REAL/Real_WEB/id48_0001.mp4,real/Real_WEB,id48,,1,-1.4839997291564941,1.4839997291564941,0.0,104.24394989013672,30.0,0.0,0.0,0.0,0.0,0.0,0.0
CelebDFv3,/root/Datasets/CelebDFv3/CelebDFv3/REAL/Real_WEB/id48_0002.mp4,real/Real_WEB,id48,,1,1.5304256677627563,-1.5304256677627563,0.0,118.5516586303711,30.0,0.0,0.0,0.0,0.0,0.0,0.0
CelebDFv3,/root/Datasets/CelebDFv3/CelebDFv3/REAL/Real_WEB/id48_0003.mp4,real/Real_WEB,id48,,1,3.116673469543457,-3.116673469543457,0.0,118.73104858398438,30.0,0.0,0.0,0.0,0.0,0.0,0.0
CelebDFv3,/root/Datasets/CelebDFv3/CelebDFv3/REAL/Real_WEB/id48_0004.mp4,real/Real_WEB,id48,,1,3.5974414348602295,-3.5974414348602295,0.0,161.9131317138672,30.0,0.0,0.0,0.0,0.0,0.0,0.0
CelebDFv3,/root/Datasets/CelebDFv3/CelebDFv3/REAL/Real_WEB/id48_0005.mp4,real/Real_WEB,id48,,1,2.809720039367676,-2.809720039367676,0.0,140.98660278320312,30.0,0.0,0.0,0.0,0.0,0.0,0.0
CelebDFv3,/root/Datasets/CelebDFv3/CelebDFv3/REAL/Real_WEB/id48_0006.mp4,real/Real_WEB,id48,,1,-5.056095123291016,5.056095123291016,0.0,133.63491821289062,30.0,0.0,0.0,0.0,0.0,0.0,0.0
CelebDFv3,/root/Datasets/CelebDFv3/CelebDFv3/REAL/Real_WEB/id48_0007.mp4,real/Real_WEB,id48,,1,-0.14681045711040497,0.14681045711040497,0.0,114.37422943115234,30.0,0.0,0.0,0.0,0.0,0.0,0.0
CelebDFv3,/root/Datasets/CelebDFv3/CelebDFv3/REAL/Real_WEB/id48_0008.mp4,real/Real_WEB,id48,,1,-5.359089374542236,5.359089374542236,0.0,129.8424072265625,30.0,0.0,0.0,0.0,0.0,0.0,0.0
CelebDFv3,/root/Datasets/CelebDFv3/CelebDFv3/REAL/Real_WEB/id48_0009.mp4,real/Real_WEB,id48,,1,1.8284409046173096,-1.8284409046173096,0.0,130.46495056152344,30.0,0.0,0.0,0.0,0.0,0.0,0.0
CelebDFv3,/root/Datasets/CelebDFv3/CelebDFv3/REAL/Real_WEB/id51_0000.mp4,real/Real_WEB,id51,,1,-10.258544921875,10.258544921875,0.0,234.4693145751953,30.0,0.0,0.0,0.0,0.0,0.0,0.0
CelebDFv3,/root/Datasets/CelebDFv3/CelebDFv3/REAL/Real_WEB/id51_0001.mp4,real/Real_WEB,id51,,1,1.0425833463668823,-1.0425833463668823,0.0,225.01068115234375,30.0,0.0,0.0,0.0,0.0,0.0,0.0
CelebDFv3,/root/Datasets/CelebDFv3/CelebDFv3/REAL/Real_WEB/id51_0002.mp4,real/Real_WEB,id51,,1,1.7097196578979492,-1.7097196578979492,0.0,106.66791534423828,30.0,0.0,0.0,0.0,0.0,0.0,0.0
CelebDFv3,/root/Datasets/CelebDFv3/CelebDFv3/REAL/Real_WEB/id51_0003.mp4,real/Real_WEB,id51,,1,-9.861456871032715,9.861456871032715,0.0,308.58392333984375,30.0,0.0,0.0,0.0,0.0,0.0,0.0
CelebDFv3,/root/Datasets/CelebDFv3/CelebDFv3/REAL/Real_WEB/id51_0004.mp4,real/Real_WEB,id51,,1,-1.6640677452087402,1.6640677452087402,0.0,105.01191711425781,29.00000762939453,0.0,0.0,0.0,0.0,0.0,0.0
CelebDFv3,/root/Datasets/CelebDFv3/CelebDFv3/REAL/Real_WEB/id51_0005.mp4,real/Real_WEB,id51,,1,1.589606523513794,-1.589606523513794,0.0,117.5426025390625,30.0,0.0,0.0,0.0,0.0,0.0,0.0
CelebDFv3,/root/Datasets/CelebDFv3/CelebDFv3/REAL/Real_WEB/id51_0006.mp4,real/Real_WEB,id51,,1,-5.746685981750488,5.746685981750488,0.0,204.23289489746094,29.900009155273438,0.0,0.0,0.0,0.0,0.0,0.0
CelebDFv3,/root/Datasets/CelebDFv3/CelebDFv3/REAL/Real_WEB/id51_0007.mp4,real/Real_WEB,id51,,1,-2.545318603515625,2.545318603515625,0.0,107.63472747802734,30.0,0.0,0.0,0.0,0.0,0.0,0.0
CelebDFv3,/root/Datasets/CelebDFv3/CelebDFv3/REAL/Real_WEB/id51_0008.mp4,real/Real_WEB,id51,,1,0.7180315256118774,-0.7180315256118774,0.0,117.60794830322266,30.0,0.0,0.0,0.0,0.0,0.0,0.0
CelebDFv3,/root/Datasets/CelebDFv3/CelebDFv3/REAL/Real_WEB/id51_0009.mp4,real/Real_WEB,id51,,1,-0.941767692565918,0.941767692565918,0.0,97.44532012939453,30.0,0.0,0.0,0.0,0.0,0.0,0.0
CelebDFv3,/root/Datasets/CelebDFv3/CelebDFv3/REAL/Real_WEB/id54_0000.mp4,real/Real_WEB,id54,,1,-1.6405609846115112,1.6405609846115112,0.0,96.50177001953125,30.0,0.0,0.0,0.0,0.0,0.0,0.0
CelebDFv3,/root/Datasets/CelebDFv3/CelebDFv3/REAL/Real_WEB/id54_0001.mp4,real/Real_WEB,id54,,1,-4.129117012023926,4.129117012023926,0.0,188.4796600341797,30.0,0.0,0.0,0.0,0.0,0.0,0.0
CelebDFv3,/root/Datasets/CelebDFv3/CelebDFv3/REAL/Real_WEB/id54_0002.mp4,real/Real_WEB,id54,,1,-10.15068244934082,10.15068244934082,0.0,238.2913055419922,30.0,0.0,0.0,0.0,0.0,0.0,0.0
CelebDFv3,/root/Datasets/CelebDFv3/CelebDFv3/REAL/Real_WEB/id54_0003.mp4,real/Real_WEB,id54,,1,0.20683351159095764,-0.20683351159095764,0.0,183.93650817871094,30.0,0.0,0.0,0.0,0.0,0.0,0.0
CelebDFv3,/root/Datasets/CelebDFv3/CelebDFv3/REAL/Real_WEB/id54_0004.mp4,real/Real_WEB,id54,,1,-4.681573867797852,4.681573867797852,0.0,154.772216796875,30.0,0.0,0.0,0.0,0.0,0.0,0.0
CelebDFv3,/root/Datasets/CelebDFv3/CelebDFv3/REAL/Real_WEB/id54_0005.mp4,real/Real_WEB,id54,,1,-1.3159692287445068,1.3159692287445068,0.0,157.31646728515625,30.0,0.0,0.0,0.0,0.0,0.0,0.0
CelebDFv3,/root/Datasets/CelebDFv3/CelebDFv3/REAL/Real_WEB/id54_0006.mp4,real/Real_WEB,id54,,1,3.376800060272217,-3.376800060272217,0.0,242.3186492919922,30.0,0.0,0.0,0.0,0.0,0.0,0.0
CelebDFv3,/root/Datasets/CelebDFv3/CelebDFv3/REAL/Real_WEB/id54_0007.mp4,real/Real_WEB,id54,,1,3.333678722381592,-3.333678722381592,0.0,118.0877456665039,30.0,0.0,0.0,0.0,0.0,0.0,0.0
CelebDFv3,/root/Datasets/CelebDFv3/CelebDFv3/REAL/Real_WEB/id54_0008.mp4,real/Real_WEB,id54,,1,-1.443152666091919,1.443152666091919,0.0,128.99830627441406,30.0,0.0,0.0,0.0,0.0,0.0,0.0
CelebDFv3,/root/Datasets/CelebDFv3/CelebDFv3/REAL/Real_WEB/id54_0009.mp4,real/Real_WEB,id54,,1,-0.22184844315052032,0.22184844315052032,0.0,100.63262939453125,30.0,0.0,0.0,0.0,0.0,0.0,0.0
CelebDFv3,/root/Datasets/CelebDFv3/CelebDFv3/REAL/Real_WEB/id56_0000.mp4,real/Real_WEB,id56,,1,-0.647612452507019,0.647612452507019,0.0,96.8258056640625,30.0,0.0,0.0,0.0,0.0,0.0,0.0
CelebDFv3,/root/Datasets/CelebDFv3/CelebDFv3/REAL/Real_WEB/id56_0001.mp4,real/Real_WEB,id56,,1,1.0997014045715332,-1.0997014045715332,0.0,277.9379577636719,30.0,0.0,0.0,0.0,0.0,0.0,0.0
CelebDFv3,/root/Datasets/CelebDFv3/CelebDFv3/REAL/Real_WEB/id56_0002.mp4,real/Real_WEB,id56,,1,0.07543740421533585,-0.07543740421533585,0.0,108.30438995361328,30.0,0.0,0.0,0.0,0.0,0.0,0.0
CelebDFv3,/root/Datasets/CelebDFv3/CelebDFv3/REAL/Real_WEB/id56_0003.mp4,real/Real_WEB,id56,,1,3.831005334854126,-3.831005334854126,0.0,330.0799560546875,30.0,0.0,0.0,0.0,0.0,0.0,0.0
CelebDFv3,/root/Datasets/CelebDFv3/CelebDFv3/REAL/Real_WEB/id56_0004.mp4,real/Real_WEB,id56,,1,0.571416437625885,-0.571416437625885,0.0,115.00791931152344,30.0,0.0,0.0,0.0,0.0,0.0,0.0
CelebDFv3,/root/Datasets/CelebDFv3/CelebDFv3/REAL/Real_WEB/id56_0005.mp4,real/Real_WEB,id56,,1,1.6478710174560547,-1.6478710174560547,0.0,127.44733428955078,29.899993896484375,0.0,0.0,0.0,0.0,0.0,0.0
CelebDFv3,/root/Datasets/CelebDFv3/CelebDFv3/REAL/Real_WEB/id56_0006.mp4,real/Real_WEB,id56,,1,-1.1804931163787842,1.1804931163787842,0.0,92.88501739501953,30.0,0.0,0.0,0.0,0.0,0.0,0.0
CelebDFv3,/root/Datasets/CelebDFv3/CelebDFv3/REAL/Real_WEB/id56_0007.mp4,real/Real_WEB,id56,,1,1.7257328033447266,-1.7257328033447266,0.0,212.1980438232422,29.00001335144043,0.0,0.0,0.0,0.0,0.0,0.0
CelebDFv3,/root/Datasets/CelebDFv3/CelebDFv3/REAL/Real_WEB/id56_0008.mp4,real/Real_WEB,id56,,1,-1.899260401725769,1.899260401725769,0.0,121.54300689697266,30.0,0.0,0.0,0.0,0.0,0.0,0.0
CelebDFv3,/root/Datasets/CelebDFv3/CelebDFv3/REAL/Real_WEB/id56_0009.mp4,real/Real_WEB,id56,,1,-1.959193468093872,1.959193468093872,0.0,154.32672119140625,30.0,0.0,0.0,0.0,0.0,0.0,0.0
CelebDFv3,/root/Datasets/CelebDFv3/CelebDFv3/REAL/Real_WEB/id59_0000.mp4,real/Real_WEB,id59,,1,-0.5895791053771973,0.5895791053771973,0.0,90.65966796875,30.0,0.0,0.0,0.0,0.0,0.0,0.0
CelebDFv3,/root/Datasets/CelebDFv3/CelebDFv3/REAL/Real_WEB/id59_0001.mp4,real/Real_WEB,id59,,1,-8.22582721710205,8.22582721710205,0.0,294.3553466796875,30.0,0.0,0.0,0.0,0.0,0.0,0.0
CelebDFv3,/root/Datasets/CelebDFv3/CelebDFv3/REAL/Real_WEB/id59_0002.mp4,real/Real_WEB,id59,,1,-3.917308807373047,3.917308807373047,0.0,188.43348693847656,30.0,0.0,0.0,0.0,0.0,0.0,0.0
CelebDFv3,/root/Datasets/CelebDFv3/CelebDFv3/REAL/Real_WEB/id59_0003.mp4,real/Real_WEB,id59,,1,-10.122597694396973,10.122597694396973,0.0,240.8519744873047,30.0,0.0,0.0,0.0,0.0,0.0,0.0
CelebDFv3,/root/Datasets/CelebDFv3/CelebDFv3/REAL/Real_WEB/id59_0004.mp4,real/Real_WEB,id59,,1,-2.658081531524658,2.658081531524658,0.0,179.01809692382812,30.0,0.0,0.0,0.0,0.0,0.0,0.0
CelebDFv3,/root/Datasets/CelebDFv3/CelebDFv3/REAL/Real_WEB/id59_0005.mp4,real/Real_WEB,id59,,1,-0.9945404529571533,0.9945404529571533,0.0,111.35364532470703,30.0,0.0,0.0,0.0,0.0,0.0,0.0
CelebDFv3,/root/Datasets/CelebDFv3/CelebDFv3/REAL/Real_WEB/id59_0006.mp4,real/Real_WEB,id59,,1,-3.8144118785858154,3.8144118785858154,0.0,100.71278381347656,30.0,0.0,0.0,0.0,0.0,0.0,0.0
CelebDFv3,/root/Datasets/CelebDFv3/CelebDFv3/REAL/Real_WEB/id59_0007.mp4,real/Real_WEB,id59,,1,2.35542368888855,-2.35542368888855,0.0,85.0398941040039,30.0,0.0,0.0,0.0,0.0,0.0,0.0
CelebDFv3,/root/Datasets/CelebDFv3/CelebDFv3/REAL/Real_WEB/id59_0008.mp4,real/Real_WEB,id59,,1,-2.4880547523498535,2.4880547523498535,0.0,138.5686492919922,30.0,0.0,0.0,0.0,0.0,0.0,0.0
CelebDFv3,/root/Datasets/CelebDFv3/CelebDFv3/REAL/Real_WEB/id59_0009.mp4,real/Real_WEB,id59,,1,-9.354515075683594,9.354515075683594,0.0,150.10186767578125,30.0,0.0,0.0,0.0,0.0,0.0,0.0
CelebDFv3,/root/Datasets/CelebDFv3/CelebDFv3/REAL/Real_WEB/id8_0000.mp4,real/Real_WEB,id8,,1,-3.556520938873291,3.556520938873291,0.0,354.2199401855469,30.0,0.0,0.0,0.0,0.0,0.0,0.0
CelebDFv3,/root/Datasets/CelebDFv3/CelebDFv3/REAL/Real_WEB/id8_0001.mp4,real/Real_WEB,id8,,1,-4.212810516357422,4.212810516357422,0.0,150.82789611816406,30.0,0.0,0.0,0.0,0.0,0.0,0.0
CelebDFv3,/root/Datasets/CelebDFv3/CelebDFv3/REAL/Real_WEB/id8_0002.mp4,real/Real_WEB,id8,,1,-0.9724401831626892,0.9724401831626892,0.0,158.3846893310547,30.0,0.0,0.0,0.0,0.0,0.0,0.0
CelebDFv3,/root/Datasets/CelebDFv3/CelebDFv3/REAL/Real_WEB/id8_0003.mp4,real/Real_WEB,id8,,1,-4.110411643981934,4.110411643981934,0.0,188.4500274658203,30.0,0.0,0.0,0.0,0.0,0.0,0.0
CelebDFv3,/root/Datasets/CelebDFv3/CelebDFv3/REAL/Real_WEB/id8_0004.mp4,real/Real_WEB,id8,,1,-6.157993793487549,6.157993793487549,0.0,339.5305480957031,30.0,0.0,0.0,0.0,0.0,0.0,0.0
CelebDFv3,/root/Datasets/CelebDFv3/CelebDFv3/REAL/Real_WEB/id8_0005.mp4,real/Real_WEB,id8,,1,0.5765267014503479,-0.5765267014503479,0.0,93.67283630371094,30.0,0.0,0.0,0.0,0.0,0.0,0.0
CelebDFv3,/root/Datasets/CelebDFv3/CelebDFv3/REAL/Real_WEB/id8_0006.mp4,real/Real_WEB,id8,,1,-2.493128776550293,2.493128776550293,0.0,104.4178695678711,30.0,0.0,0.0,0.0,0.0,0.0,0.0
CelebDFv3,/root/Datasets/CelebDFv3/CelebDFv3/REAL/Real_WEB/id8_0007.mp4,real/Real_WEB,id8,,1,8.743127822875977,-8.743127822875977,0.0,174.77960205078125,30.0,0.0,0.0,0.0,0.0,0.0,0.0
CelebDFv3,/root/Datasets/CelebDFv3/CelebDFv3/REAL/Real_WEB/id8_0008.mp4,real/Real_WEB,id8,,1,-4.307861804962158,4.307861804962158,0.0,255.89195251464844,30.0,0.0,0.0,0.0,0.0,0.0,0.0
CelebDFv3,/root/Datasets/CelebDFv3/CelebDFv3/REAL/Real_WEB/id8_0009.mp4,real/Real_WEB,id8,,1,-3.2771506309509277,3.2771506309509277,0.0,109.154296875,30.0,0.0,0.0,0.0,0.0,0.0,0.0
CelebDFv3,/root/Datasets/CelebDFv3/CelebDFv3/REAL/Real_YouTube/00004.mp4,real/Real_YouTube,youtube_00004,,1,8.987234115600586,-8.987234115600586,0.0,103.6587142944336,30.0,0.0,0.0,0.0,0.0,0.0,0.0
CelebDFv3,/root/Datasets/CelebDFv3/CelebDFv3/REAL/Real_YouTube/00012.mp4,real/Real_YouTube,youtube_00012,,1,-2.2227413654327393,2.2227413654327393,0.0,96.59153747558594,30.0,0.0,0.0,0.0,0.0,0.0,0.0
CelebDFv3,/root/Datasets/CelebDFv3/CelebDFv3/REAL/Real_YouTube/00020.mp4,real/Real_YouTube,youtube_00020,,1,-4.976672172546387,4.976672172546387,0.0,316.1223449707031,30.0,0.0,0.0,0.0,0.0,0.0,0.0
CelebDFv3,/root/Datasets/CelebDFv3/CelebDFv3/REAL/Real_YouTube/00022.mp4,real/Real_YouTube,youtube_00022,,1,-2.7644176483154297,2.7644176483154297,0.0,146.62342834472656,30.0,0.0,0.0,0.0,0.0,0.0,0.0
CelebDFv3,/root/Datasets/CelebDFv3/CelebDFv3/REAL/Real_YouTube/00042.mp4,real/Real_YouTube,youtube_00042,,1,-5.009133338928223,5.009133338928223,0.0,104.02241516113281,30.0,0.0,0.0,0.0,0.0,0.0,0.0
CelebDFv3,/root/Datasets/CelebDFv3/CelebDFv3/REAL/Real_YouTube/00051.mp4,real/Real_YouTube,youtube_00051,,1,-4.355099678039551,4.355099678039551,0.0,153.20201110839844,30.0,0.0,0.0,0.0,0.0,0.0,0.0
CelebDFv3,/root/Datasets/CelebDFv3/CelebDFv3/REAL/Real_YouTube/00052.mp4,real/Real_YouTube,youtube_00052,,1,-5.535009860992432,5.535009860992432,0.0,194.6083526611328,30.0,0.0,0.0,0.0,0.0,0.0,0.0
CelebDFv3,/root/Datasets/CelebDFv3/CelebDFv3/REAL/Real_YouTube/00053.mp4,real/Real_YouTube,youtube_00053,,1,0.770933985710144,-0.770933985710144,0.0,109.05055236816406,30.0,0.0,0.0,0.0,0.0,0.0,0.0
CelebDFv3,/root/Datasets/CelebDFv3/CelebDFv3/REAL/Real_YouTube/00055.mp4,real/Real_YouTube,youtube_00055,,1,-16.135622024536133,16.135622024536133,0.0,181.0714111328125,30.0,0.0,0.0,0.0,0.0,0.0,0.0
CelebDFv3,/root/Datasets/CelebDFv3/CelebDFv3/REAL/Real_YouTube/00060.mp4,real/Real_YouTube,youtube_00060,,1,5.680348873138428,-5.680348873138428,0.0,127.53911590576172,30.0,0.0,0.0,0.0,0.0,0.0,0.0
CelebDFv3,/root/Datasets/CelebDFv3/CelebDFv3/REAL/Real_YouTube/00066.mp4,real/Real_YouTube,youtube_00066,,1,-4.709649562835693,4.709649562835693,0.0,190.647216796875,30.0,0.0,0.0,0.0,0.0,0.0,0.0
CelebDFv3,/root/Datasets/CelebDFv3/CelebDFv3/REAL/Real_YouTube/00076.mp4,real/Real_YouTube,youtube_00076,,1,-2.131958484649658,2.131958484649658,0.0,132.18954467773438,30.0,0.0,0.0,0.0,0.0,0.0,0.0
CelebDFv3,/root/Datasets/CelebDFv3/CelebDFv3/REAL/Real_YouTube/00081.mp4,real/Real_YouTube,youtube_00081,,1,-4.870858192443848,4.870858192443848,0.0,92.14073181152344,30.0,0.0,0.0,0.0,0.0,0.0,0.0
CelebDFv3,/root/Datasets/CelebDFv3/CelebDFv3/REAL/Real_YouTube/00083.mp4,real/Real_YouTube,youtube_00083,,1,0.22666603326797485,-0.22666603326797485,0.0,179.1563262939453,30.0,0.0,0.0,0.0,0.0,0.0,0.0
CelebDFv3,/root/Datasets/CelebDFv3/CelebDFv3/REAL/Real_YouTube/00091.mp4,real/Real_YouTube,youtube_00091,,1,-5.227480411529541,5.227480411529541,0.0,569.7548217773438,30.0,0.0,0.0,0.0,0.0,0.0,0.0
CelebDFv3,/root/Datasets/CelebDFv3/CelebDFv3/REAL/Real_YouTube/00113.mp4,real/Real_YouTube,youtube_00113,,1,-11.069828987121582,11.069828987121582,0.0,334.0893859863281,30.0,0.0,0.0,0.0,0.0,0.0,0.0
CelebDFv3,/root/Datasets/CelebDFv3/CelebDFv3/REAL/Real_YouTube/00115.mp4,real/Real_YouTube,youtube_00115,,1,-2.170233964920044,2.170233964920044,0.0,104.31688690185547,30.0,0.0,0.0,0.0,0.0,0.0,0.0
CelebDFv3,/root/Datasets/CelebDFv3/CelebDFv3/REAL/Real_YouTube/00117.mp4,real/Real_YouTube,youtube_00117,,1,-2.571943998336792,2.571943998336792,0.0,116.1731185913086,30.0,0.0,0.0,0.0,0.0,0.0,0.0
CelebDFv3,/root/Datasets/CelebDFv3/CelebDFv3/REAL/Real_YouTube/00124.mp4,real/Real_YouTube,youtube_00124,,1,-7.060422897338867,7.060422897338867,0.0,275.2695007324219,30.0,0.0,0.0,0.0,0.0,0.0,0.0
CelebDFv3,/root/Datasets/CelebDFv3/CelebDFv3/REAL/Real_YouTube/00134.mp4,real/Real_YouTube,youtube_00134,,1,-1.9980051517486572,1.9980051517486572,0.0,155.8083038330078,30.0,0.0,0.0,0.0,0.0,0.0,0.0
CelebDFv3,/root/Datasets/CelebDFv3/CelebDFv3/REAL/Real_YouTube/00135.mp4,real/Real_YouTube,youtube_00135,,1,-2.241842746734619,2.241842746734619,0.0,170.5669708251953,30.0,0.0,0.0,0.0,0.0,0.0,0.0
CelebDFv3,/root/Datasets/CelebDFv3/CelebDFv3/REAL/Real_YouTube/00155.mp4,real/Real_YouTube,youtube_00155,,1,-12.14278793334961,12.14278793334961,0.0,170.2676239013672,30.0,0.0,0.0,0.0,0.0,0.0,0.0
CelebDFv3,/root/Datasets/CelebDFv3/CelebDFv3/REAL/Real_YouTube/00157.mp4,real/Real_YouTube,youtube_00157,,1,-6.421792507171631,6.421792507171631,0.0,388.62884521484375,30.0,0.0,0.0,0.0,0.0,0.0,0.0
CelebDFv3,/root/Datasets/CelebDFv3/CelebDFv3/REAL/Real_YouTube/00170.mp4,real/Real_YouTube,youtube_00170,,1,-0.0007724761962890625,0.0007724761962890625,0.0,390.21826171875,30.0,0.0,0.0,0.0,0.0,0.0,0.0
CelebDFv3,/root/Datasets/CelebDFv3/CelebDFv3/REAL/Real_YouTube/00176.mp4,real/Real_YouTube,youtube_00176,,1,-14.786365509033203,14.786365509033203,0.0,417.87652587890625,30.0,0.0,0.0,0.0,0.0,0.0,0.0
CelebDFv3,/root/Datasets/CelebDFv3/CelebDFv3/REAL/Real_YouTube/00199.mp4,real/Real_YouTube,youtube_00199,,1,2.809917449951172,-2.809917449951172,0.0,208.13705444335938,30.0,0.0,0.0,0.0,0.0,0.0,0.0
CelebDFv3,/root/Datasets/CelebDFv3/CelebDFv3/REAL/Real_YouTube/00215.mp4,real/Real_YouTube,youtube_00215,,1,0.11074256896972656,-0.11074256896972656,0.0,114.04560089111328,30.0,0.0,0.0,0.0,0.0,0.0,0.0
CelebDFv3,/root/Datasets/CelebDFv3/CelebDFv3/REAL/Real_YouTube/00220.mp4,real/Real_YouTube,youtube_00220,,1,-12.33795166015625,12.33795166015625,0.0,255.49575805664062,30.0,0.0,0.0,0.0,0.0,0.0,0.0
CelebDFv3,/root/Datasets/CelebDFv3/CelebDFv3/REAL/Real_YouTube/00223.mp4,real/Real_YouTube,youtube_00223,,1,-2.6988649368286133,2.6988649368286133,0.0,131.72398376464844,30.0,0.0,0.0,0.0,0.0,0.0,0.0
CelebDFv3,/root/Datasets/CelebDFv3/CelebDFv3/REAL/Real_YouTube/00228.mp4,real/Real_YouTube,youtube_00228,,1,0.9027936458587646,-0.9027936458587646,0.0,364.21014404296875,30.0,0.0,0.0,0.0,0.0,0.0,0.0
CelebDFv3,/root/Datasets/CelebDFv3/CelebDFv3/REAL/Real_YouTube/00242.mp4,real/Real_YouTube,youtube_00242,,1,-2.37247896194458,2.37247896194458,0.0,60.757110595703125,30.0,0.0,0.0,0.0,0.0,0.0,0.0
CelebDFv3,/root/Datasets/CelebDFv3/CelebDFv3/REAL/Real_YouTube/00243.mp4,real/Real_YouTube,youtube_00243,,1,-1.6327340602874756,1.6327340602874756,0.0,226.7734375,30.0,0.0,0.0,0.0,0.0,0.0,0.0
CelebDFv3,/root/Datasets/CelebDFv3/CelebDFv3/REAL/Real_YouTube/00249.mp4,real/Real_YouTube,youtube_00249,,1,6.853785991668701,-6.853785991668701,0.0,262.1727600097656,30.0,0.0,0.0,0.0,0.0,0.0,0.0
CelebDFv3,/root/Datasets/CelebDFv3/CelebDFv3/REAL/Real_YouTube/00250.mp4,real/Real_YouTube,youtube_00250,,1,3.6109609603881836,-3.6109609603881836,0.0,119.54874420166016,30.0,0.0,0.0,0.0,0.0,0.0,0.0
CelebDFv3,/root/Datasets/CelebDFv3/CelebDFv3/REAL/Real_YouTube/00268.mp4,real/Real_YouTube,youtube_00268,,1,3.4488978385925293,-3.4488978385925293,0.0,108.1513900756836,30.0,0.0,0.0,0.0,0.0,0.0,0.0
CelebDFv3,/root/Datasets/CelebDFv3/CelebDFv3/REAL/Real_YouTube/00270.mp4,real/Real_YouTube,youtube_00270,,1,-6.332398414611816,6.332398414611816,0.0,224.25628662109375,30.0,0.0,0.0,0.0,0.0,0.0,0.0
CelebDFv3,/root/Datasets/CelebDFv3/CelebDFv3/REAL/Real_YouTube/00273.mp4,real/Real_YouTube,youtube_00273,,1,6.679543495178223,-6.679543495178223,0.0,150.20864868164062,30.0,0.0,0.0,0.0,0.0,0.0,0.0
CelebDFv3,/root/Datasets/CelebDFv3/CelebDFv3/REAL/Real_YouTube/00284.mp4,real/Real_YouTube,youtube_00284,,1,-0.6680843234062195,0.6680843234062195,0.0,95.7117691040039,30.0,0.0,0.0,0.0,0.0,0.0,0.0
CelebDFv3,/root/Datasets/CelebDFv3/CelebDFv3/REAL/Real_YouTube/00287.mp4,real/Real_YouTube,youtube_00287,,1,-1.7522733211517334,1.7522733211517334,0.0,105.9629135131836,30.0,0.0,0.0,0.0,0.0,0.0,0.0
CelebDFv3,/root/Datasets/CelebDFv3/CelebDFv3/REAL/Real_YouTube/00290.mp4,real/Real_YouTube,youtube_00290,,1,-16.02928352355957,16.02928352355957,0.0,341.913330078125,30.0,0.0,0.0,0.0,0.0,0.0,0.0
CelebDFv3,/root/Datasets/CelebDFv3/CelebDFv3/REAL/Real_YouTube/00291.mp4,real/Real_YouTube,youtube_00291,,1,-7.2842230796813965,7.2842230796813965,0.0,312.30303955078125,29.700000762939453,0.0,0.0,0.0,0.0,0.0,0.0
CelebDFv3,/root/Datasets/CelebDFv3/CelebDFv3/REAL/Real_YouTube/00292.mp4,real/Real_YouTube,youtube_00292,,1,-5.1212310791015625,5.1212310791015625,0.0,115.73174285888672,30.0,0.0,0.0,0.0,0.0,0.0,0.0
CelebDFv3,/root/Datasets/CelebDFv3/CelebDFv3/FAKE/FaceReenact/DaGAN/id31_id3_0000.mp4,FaceReenact/DaGAN,id31,id3,0,5.111084938049316,-5.111084938049316,0.0,112.2933578491211,30.0,0.0,0.0,0.0,0.0,0.0,0.0
CelebDFv3,/root/Datasets/CelebDFv3/CelebDFv3/FAKE/FaceReenact/FSRT/id31_id34_0002.mp4,FaceReenact/FSRT,id31,id34,0,2.420579195022583,-2.420579195022583,0.0,114.2287368774414,20.0,0.0,0.0,0.0,0.0,0.0,0.0
CelebDFv3,/root/Datasets/CelebDFv3/CelebDFv3/FAKE/FaceReenact/HyperReenact/id48_id46_0001.mp4,FaceReenact/HyperReenact,id48,id46,0,9.636619567871094,-9.636619567871094,0.0,107.41041564941406,25.0,0.0,0.0,0.0,0.0,0.0,0.0
CelebDFv3,/root/Datasets/CelebDFv3/CelebDFv3/FAKE/FaceReenact/LIA/id8_id0_0008.mp4,FaceReenact/LIA,id8,id0,0,7.549938678741455,-7.549938678741455,0.0,100.63510131835938,30.0,0.0,0.0,0.0,0.0,0.0,0.0
CelebDFv3,/root/Datasets/CelebDFv3/CelebDFv3/FAKE/FaceReenact/LivePortrait/id31_id38_0006.mp4,FaceReenact/LivePortrait,id31,id38,0,-8.24064826965332,8.24064826965332,0.0,208.46229553222656,30.0,0.0,0.0,0.0,0.0,0.0,0.0
CelebDFv3,/root/Datasets/CelebDFv3/CelebDFv3/FAKE/FaceReenact/MCNET/id23_id3_0006.mp4,FaceReenact/MCNET,id23,id3,0,7.632744312286377,-7.632744312286377,0.0,99.2090072631836,30.0,0.0,0.0,0.0,0.0,0.0,0.0
CelebDFv3,/root/Datasets/CelebDFv3/CelebDFv3/FAKE/FaceReenact/TPSMM/id23_id31_0002.mp4,FaceReenact/TPSMM,id23,id31,0,7.925740718841553,-7.925740718841553,0.0,108.31724548339844,30.0,0.0,0.0,0.0,0.0,0.0,0.0
CelebDFv3,/root/Datasets/CelebDFv3/CelebDFv3/FAKE/FaceSwap/BlendFace/id31_id29_0001.mp4,FaceSwap/BlendFace,id31,id29,0,1.0652005672454834,-1.0652005672454834,0.0,124.60418701171875,30.0,0.0,0.0,0.0,0.0,0.0,0.0
CelebDFv3,/root/Datasets/CelebDFv3/CelebDFv3/FAKE/FaceSwap/Celeb-DF-v2/id26_id17_0005.mp4,FaceSwap/Celeb-DF-v2,id26,id17,0,-10.838897705078125,10.838897705078125,0.0,268.15899658203125,30.0,0.0,0.0,0.0,0.0,0.0,0.0
CelebDFv3,/root/Datasets/CelebDFv3/CelebDFv3/FAKE/FaceSwap/GHOST/id31_id3_0000.mp4,FaceSwap/GHOST,id31,id3,0,-4.517935752868652,4.517935752868652,0.0,148.28329467773438,30.0,0.0,0.0,0.0,0.0,0.0,0.0
CelebDFv3,/root/Datasets/CelebDFv3/CelebDFv3/FAKE/FaceSwap/HifiFace/id31_id33_0009.mp4,FaceSwap/HifiFace,id31,id33,0,0.6104682683944702,-0.6104682683944702,0.0,110.1327133178711,30.0,0.0,0.0,0.0,0.0,0.0,0.0
CelebDFv3,/root/Datasets/CelebDFv3/CelebDFv3/FAKE/FaceSwap/InSwapper/id26_id2_0005.mp4,FaceSwap/InSwapper,id26,id2,0,-11.014127731323242,11.014127731323242,0.0,265.70721435546875,30.0,0.0,0.0,0.0,0.0,0.0,0.0
CelebDFv3,/root/Datasets/CelebDFv3/CelebDFv3/FAKE/FaceSwap/MobileFaceSwap/id54_id57_0008.mp4,FaceSwap/MobileFaceSwap,id54,id57,0,-0.9647140502929688,0.9647140502929688,0.0,125.09699249267578,30.0,0.0,0.0,0.0,0.0,0.0,0.0
CelebDFv3,/root/Datasets/CelebDFv3/CelebDFv3/FAKE/FaceSwap/SimSwap/id23_id26_0009.mp4,FaceSwap/SimSwap,id23,id26,0,2.6965174674987793,-2.6965174674987793,0.0,140.02593994140625,30.0,0.0,0.0,0.0,0.0,0.0,0.0
CelebDFv3,/root/Datasets/CelebDFv3/CelebDFv3/FAKE/FaceSwap/UniFace/id31_id9_0003.mp4,FaceSwap/UniFace,id31,id9,0,2.8050177097320557,-2.8050177097320557,0.0,178.27618408203125,30.0,0.0,0.0,0.0,0.0,0.0,0.0
CelebDFv3,/root/Datasets/CelebDFv3/CelebDFv3/FAKE/TalkingFace/AniTalker/id31_0008_test_id04536_OYH-6uGB6jI.mp4,TalkingFace/AniTalker,id31,,0,6.278829574584961,-6.278829574584961,0.0,136.5010223388672,25.0,0.0,0.0,0.0,0.0,0.0,0.0
CelebDFv3,/root/Datasets/CelebDFv3/CelebDFv3/FAKE/TalkingFace/EDTalk/id8_0001_test_id01989_t3crub0ikyc.mp4,TalkingFace/EDTalk,id8,,0,4.399068832397461,-4.399068832397461,0.0,157.5478057861328,25.0,0.0,0.0,0.0,0.0,0.0,0.0
CelebDFv3,/root/Datasets/CelebDFv3/CelebDFv3/FAKE/TalkingFace/EchoMimic/id48_0000_test_id00817_EPPT9urr8Ew.mp4,TalkingFace/EchoMimic,id48,,0,6.072648048400879,-6.072648048400879,0.0,127.9740982055664,24.0,0.0,0.0,0.0,0.0,0.0,0.0
CelebDFv3,/root/Datasets/CelebDFv3/CelebDFv3/FAKE/TalkingFace/FLOAT/id56_0002_test_id01822_jmFGgwXCuW0.mp4,TalkingFace/FLOAT,id56,,0,5.3322906494140625,-5.3322906494140625,0.0,97.11144256591797,25.0,0.0,0.0,0.0,0.0,0.0,0.0
CelebDFv3,/root/Datasets/CelebDFv3/CelebDFv3/FAKE/TalkingFace/IP_LAP/id11_0000_test_id00081_xjfPXNgzW6o.mp4,TalkingFace/IP_LAP,id11,,0,7.458130359649658,-7.458130359649658,0.0,90.10992431640625,25.0,0.0,0.0,0.0,0.0,0.0,0.0
CelebDFv3,/root/Datasets/CelebDFv3/CelebDFv3/FAKE/TalkingFace/Real3DPortrait/id51_0000_test_id03862__FGtg4jkcME.mp4,TalkingFace/Real3DPortrait,id51,,0,-2.176358699798584,2.176358699798584,0.0,127.67047119140625,25.0,0.0,0.0,0.0,0.0,0.0,0.0
CelebDFv3,/root/Datasets/CelebDFv3/CelebDFv3/FAKE/TalkingFace/SadTalker/id11_0000_test_id08696_w3hl-OW_TVI.mp4,TalkingFace/SadTalker,id11,,0,7.219763278961182,-7.219763278961182,0.0,102.02010345458984,25.0,0.0,0.0,0.0,0.0,0.0,0.0
CelebDFv3,/root/Datasets/CelebDFv3/CelebDFv3/FAKE/FaceReenact/DaGAN/id23_id0_0003.mp4,FaceReenact/DaGAN,id23,id0,0,0.25422629714012146,-0.25422629714012146,0.0,86.70392608642578,30.0,0.0,0.0,0.0,0.0,0.0,0.0
CelebDFv3,/root/Datasets/CelebDFv3/CelebDFv3/FAKE/FaceReenact/FSRT/id51_id54_0006.mp4,FaceReenact/FSRT,id51,id54,0,-0.9380766749382019,0.9380766749382019,0.0,117.40452575683594,20.0,0.0,0.0,0.0,0.0,0.0,0.0
CelebDFv3,/root/Datasets/CelebDFv3/CelebDFv3/FAKE/FaceReenact/HyperReenact/id31_id20_0001.mp4,FaceReenact/HyperReenact,id31,id20,0,7.51515531539917,-7.51515531539917,0.0,128.7744598388672,25.0,0.0,0.0,0.0,0.0,0.0,0.0
CelebDFv3,/root/Datasets/CelebDFv3/CelebDFv3/FAKE/FaceReenact/LIA/id26_id35_0001.mp4,FaceReenact/LIA,id26,id35,0,0.8091056942939758,-0.8091056942939758,0.0,102.47537994384766,30.0,0.0,0.0,0.0,0.0,0.0,0.0
CelebDFv3,/root/Datasets/CelebDFv3/CelebDFv3/FAKE/FaceReenact/LivePortrait/id8_id6_0007.mp4,FaceReenact/LivePortrait,id8,id6,0,8.822375297546387,-8.822375297546387,0.0,145.13552856445312,30.0,0.0,0.0,0.0,0.0,0.0,0.0
CelebDFv3,/root/Datasets/CelebDFv3/CelebDFv3/FAKE/FaceReenact/MCNET/id51_id55_0000.mp4,FaceReenact/MCNET,id51,id55,0,1.1840835809707642,-1.1840835809707642,0.0,118.55098724365234,30.0,0.0,0.0,0.0,0.0,0.0,0.0
CelebDFv3,/root/Datasets/CelebDFv3/CelebDFv3/FAKE/FaceReenact/TPSMM/id23_id24_0009.mp4,FaceReenact/TPSMM,id23,id24,0,7.110611915588379,-7.110611915588379,0.0,113.7627182006836,30.0,0.0,0.0,0.0,0.0,0.0,0.0
CelebDFv3,/root/Datasets/CelebDFv3/CelebDFv3/FAKE/FaceSwap/BlendFace/id51_id53_0007.mp4,FaceSwap/BlendFace,id51,id53,0,-2.433844566345215,2.433844566345215,0.0,108.68386840820312,30.0,0.0,0.0,0.0,0.0,0.0,0.0
CelebDFv3,/root/Datasets/CelebDFv3/CelebDFv3/FAKE/FaceSwap/Celeb-DF-v2/id31_id23_0002.mp4,FaceSwap/Celeb-DF-v2,id31,id23,0,-2.584268569946289,2.584268569946289,0.0,149.1890869140625,30.0,0.0,0.0,0.0,0.0,0.0,0.0
CelebDFv3,/root/Datasets/CelebDFv3/CelebDFv3/FAKE/FaceSwap/GHOST/id26_id6_0006.mp4,FaceSwap/GHOST,id26,id6,0,11.555266380310059,-11.555266380310059,0.0,173.62606811523438,30.0,0.0,0.0,0.0,0.0,0.0,0.0
CelebDFv3,/root/Datasets/CelebDFv3/CelebDFv3/FAKE/FaceSwap/HifiFace/id48_id44_0003.mp4,FaceSwap/HifiFace,id48,id44,0,3.1118555068969727,-3.1118555068969727,0.0,121.06151580810547,30.0,0.0,0.0,0.0,0.0,0.0,0.0
CelebDFv3,/root/Datasets/CelebDFv3/CelebDFv3/FAKE/FaceSwap/InSwapper/id23_id6_0005.mp4,FaceSwap/InSwapper,id23,id6,0,0.9539080858230591,-0.9539080858230591,0.0,88.89440155029297,30.0,0.0,0.0,0.0,0.0,0.0,0.0
CelebDFv3,/root/Datasets/CelebDFv3/CelebDFv3/FAKE/FaceSwap/MobileFaceSwap/id31_id9_0003.mp4,FaceSwap/MobileFaceSwap,id31,id9,0,2.601724863052368,-2.601724863052368,0.0,176.65802001953125,30.0,0.0,0.0,0.0,0.0,0.0,0.0
CelebDFv3,/root/Datasets/CelebDFv3/CelebDFv3/FAKE/FaceSwap/SimSwap/id25_id21_0002.mp4,FaceSwap/SimSwap,id25,id21,0,-3.4156076908111572,3.4156076908111572,0.0,131.15472412109375,30.0,0.0,0.0,0.0,0.0,0.0,0.0
CelebDFv3,/root/Datasets/CelebDFv3/CelebDFv3/FAKE/FaceSwap/UniFace/id26_id3_0006.mp4,FaceSwap/UniFace,id26,id3,0,12.343181610107422,-12.343181610107422,0.0,179.42901611328125,30.0,0.0,0.0,0.0,0.0,0.0,0.0
CelebDFv3,/root/Datasets/CelebDFv3/CelebDFv3/FAKE/TalkingFace/AniTalker/id54_0006_test_id01567_vpFlNPO9OGM.mp4,TalkingFace/AniTalker,id54,,0,6.123144626617432,-6.123144626617432,0.0,142.2041015625,25.0,0.0,0.0,0.0,0.0,0.0,0.0
CelebDFv3,/root/Datasets/CelebDFv3/CelebDFv3/FAKE/TalkingFace/EDTalk/id59_0001_test_id01224_6YEhQLxmUz0.mp4,TalkingFace/EDTalk,id59,,0,0.6343017816543579,-0.6343017816543579,0.0,298.50592041015625,25.0,0.0,0.0,0.0,0.0,0.0,0.0
CelebDFv3,/root/Datasets/CelebDFv3/CelebDFv3/FAKE/TalkingFace/EchoMimic/id8_0001_test_id03862_gyM9p53LGZs.mp4,TalkingFace/EchoMimic,id8,,0,-0.5189439654350281,0.5189439654350281,0.0,137.14840698242188,24.0,0.0,0.0,0.0,0.0,0.0,0.0
CelebDFv3,/root/Datasets/CelebDFv3/CelebDFv3/FAKE/TalkingFace/FLOAT/id59_0006_test_id08701_yty4X4F1mQY.mp4,TalkingFace/FLOAT,id59,,0,2.31457257270813,-2.31457257270813,0.0,110.58405303955078,25.0,0.0,0.0,0.0,0.0,0.0,0.0
CelebDFv3,/root/Datasets/CelebDFv3/CelebDFv3/FAKE/TalkingFace/IP_LAP/id25_0008_test_id05654_kf8VbORusoE.mp4,TalkingFace/IP_LAP,id25,,0,2.5726163387298584,-2.5726163387298584,0.0,96.52325439453125,25.0,0.0,0.0,0.0,0.0,0.0,0.0
CelebDFv3,/root/Datasets/CelebDFv3/CelebDFv3/FAKE/TalkingFace/Real3DPortrait/id25_0006_test_id03978_ywSqMWAhPPY.mp4,TalkingFace/Real3DPortrait,id25,,0,9.85473346710205,-9.85473346710205,0.0,262.20947265625,25.0,0.0,0.0,0.0,0.0,0.0,0.0
CelebDFv3,/root/Datasets/CelebDFv3/CelebDFv3/FAKE/TalkingFace/SadTalker/id31_0008_test_id01509_qLxfiUMYgQg.mp4,TalkingFace/SadTalker,id31,,0,3.1593244075775146,-3.1593244075775146,0.0,137.3159637451172,25.0,0.0,0.0,0.0,0.0,0.0,0.0
CelebDFv3,/root/Datasets/CelebDFv3/CelebDFv3/FAKE/FaceReenact/DaGAN/id31_id37_0005.mp4,FaceReenact/DaGAN,id31,id37,0,0.6375404000282288,-0.6375404000282288,0.0,109.03111267089844,30.0,0.0,0.0,0.0,0.0,0.0,0.0
CelebDFv3,/root/Datasets/CelebDFv3/CelebDFv3/FAKE/FaceReenact/FSRT/id31_id9_0002.mp4,FaceReenact/FSRT,id31,id9,0,3.555382013320923,-3.555382013320923,0.0,124.63949584960938,20.0,0.0,0.0,0.0,0.0,0.0,0.0
CelebDFv3,/root/Datasets/CelebDFv3/CelebDFv3/FAKE/FaceReenact/HyperReenact/id23_id33_0002.mp4,FaceReenact/HyperReenact,id23,id33,0,10.440293312072754,-10.440293312072754,0.0,115.98715209960938,25.0,0.0,0.0,0.0,0.0,0.0,0.0
CelebDFv3,/root/Datasets/CelebDFv3/CelebDFv3/FAKE/FaceReenact/LIA/id31_id26_0000.mp4,FaceReenact/LIA,id31,id26,0,4.430419921875,-4.430419921875,0.0,130.310302734375,30.0,0.0,0.0,0.0,0.0,0.0,0.0
CelebDFv3,/root/Datasets/CelebDFv3/CelebDFv3/FAKE/FaceReenact/LivePortrait/id23_id29_0001.mp4,FaceReenact/LivePortrait,id23,id29,0,3.165026903152466,-3.165026903152466,0.0,120.43511199951172,30.0,0.0,0.0,0.0,0.0,0.0,0.0
CelebDFv3,/root/Datasets/CelebDFv3/CelebDFv3/FAKE/FaceReenact/MCNET/id25_id19_0003.mp4,FaceReenact/MCNET,id25,id19,0,7.189316272735596,-7.189316272735596,0.0,127.39202117919922,29.670000076293945,0.0,0.0,0.0,0.0,0.0,0.0
CelebDFv3,/root/Datasets/CelebDFv3/CelebDFv3/FAKE/FaceReenact/TPSMM/id23_id22_0000.mp4,FaceReenact/TPSMM,id23,id22,0,-1.0924220085144043,1.0924220085144043,0.0,103.43042755126953,30.0,0.0,0.0,0.0,0.0,0.0,0.0
CelebDFv3,/root/Datasets/CelebDFv3/CelebDFv3/FAKE/FaceSwap/BlendFace/id26_id29_0009.mp4,FaceSwap/BlendFace,id26,id29,0,1.7566649913787842,-1.7566649913787842,0.0,164.51107788085938,30.0,0.0,0.0,0.0,0.0,0.0,0.0
CelebDFv3,/root/Datasets/CelebDFv3/CelebDFv3/FAKE/FaceSwap/Celeb-DF-v2/id31_id37_0004.mp4,FaceSwap/Celeb-DF-v2,id31,id37,0,-11.642268180847168,11.642268180847168,0.0,197.46461486816406,30.0,0.0,0.0,0.0,0.0,0.0,0.0
CelebDFv3,/root/Datasets/CelebDFv3/CelebDFv3/FAKE/FaceSwap/GHOST/id23_id30_0006.mp4,FaceSwap/GHOST,id23,id30,0,-3.1321098804473877,3.1321098804473877,0.0,111.64458465576172,30.0,0.0,0.0,0.0,0.0,0.0,0.0
CelebDFv3,/root/Datasets/CelebDFv3/CelebDFv3/FAKE/FaceSwap/HifiFace/id54_id52_0001.mp4,FaceSwap/HifiFace,id54,id52,0,-4.067807197570801,4.067807197570801,0.0,185.73721313476562,30.0,0.0,0.0,0.0,0.0,0.0,0.0
CelebDFv3,/root/Datasets/CelebDFv3/CelebDFv3/FAKE/FaceSwap/InSwapper/id23_id34_0009.mp4,FaceSwap/InSwapper,id23,id34,0,1.7640411853790283,-1.7640411853790283,0.0,140.31727600097656,30.0,0.0,0.0,0.0,0.0,0.0,0.0
CelebDFv3,/root/Datasets/CelebDFv3/CelebDFv3/FAKE/FaceSwap/MobileFaceSwap/id23_id3_0002.mp4,FaceSwap/MobileFaceSwap,id23,id3,0,2.7653934955596924,-2.7653934955596924,0.0,93.50564575195312,30.0,0.0,0.0,0.0,0.0,0.0,0.0
CelebDFv3,/root/Datasets/CelebDFv3/CelebDFv3/FAKE/FaceSwap/SimSwap/id51_id57_0007.mp4,FaceSwap/SimSwap,id51,id57,0,-2.716967821121216,2.716967821121216,0.0,108.7996826171875,30.0,0.0,0.0,0.0,0.0,0.0,0.0
CelebDFv3,/root/Datasets/CelebDFv3/CelebDFv3/FAKE/FaceSwap/UniFace/id31_id28_0004.mp4,FaceSwap/UniFace,id31,id28,0,-11.474700927734375,11.474700927734375,0.0,197.20501708984375,30.0,0.0,0.0,0.0,0.0,0.0,0.0
CelebDFv3,/root/Datasets/CelebDFv3/CelebDFv3/FAKE/TalkingFace/AniTalker/id31_0003_test_id04295_1fSjOItVYVg.mp4,TalkingFace/AniTalker,id31,,0,6.927707672119141,-6.927707672119141,0.0,133.91864013671875,25.0,0.0,0.0,0.0,0.0,0.0,0.0
CelebDFv3,/root/Datasets/CelebDFv3/CelebDFv3/FAKE/TalkingFace/EDTalk/id51_0000_test_id05124_69HB1cXEoac.mp4,TalkingFace/EDTalk,id51,,0,5.70270299911499,-5.70270299911499,0.0,113.9591064453125,25.0,0.0,0.0,0.0,0.0,0.0,0.0
CelebDFv3,/root/Datasets/CelebDFv3/CelebDFv3/FAKE/TalkingFace/EchoMimic/id54_0000_test_id08374_8V4tFXw2UxY.mp4,TalkingFace/EchoMimic,id54,,0,6.322065353393555,-6.322065353393555,0.0,119.09056091308594,24.0,0.0,0.0,0.0,0.0,0.0,0.0
CelebDFv3,/root/Datasets/CelebDFv3/CelebDFv3/FAKE/TalkingFace/FLOAT/id48_0002_test_id07414_hhYGsoX_H3g.mp4,TalkingFace/FLOAT,id48,,0,5.44304084777832,-5.44304084777832,0.0,106.13641357421875,25.0,0.0,0.0,0.0,0.0,0.0,0.0
CelebDFv3,/root/Datasets/CelebDFv3/CelebDFv3/FAKE/TalkingFace/IP_LAP/id8_0007_test_id05816_7jt8zGB27QQ.mp4,TalkingFace/IP_LAP,id8,,0,7.186372756958008,-7.186372756958008,0.0,81.85076904296875,25.0,0.0,0.0,0.0,0.0,0.0,0.0
CelebDFv3,/root/Datasets/CelebDFv3/CelebDFv3/FAKE/TalkingFace/Real3DPortrait/id23_0009_test_id07802_MtoFAMWjUxM.mp4,TalkingFace/Real3DPortrait,id23,,0,5.8517913818359375,-5.8517913818359375,0.0,125.71694946289062,25.0,0.0,0.0,0.0,0.0,0.0,0.0
CelebDFv3,/root/Datasets/CelebDFv3/CelebDFv3/FAKE/TalkingFace/SadTalker/id56_0007_test_id07868_Lw-dcrg4BcQ.mp4,TalkingFace/SadTalker,id56,,0,2.179743766784668,-2.179743766784668,0.0,203.56649780273438,25.0,0.0,0.0,0.0,0.0,0.0,0.0
CelebDFv3,/root/Datasets/CelebDFv3/CelebDFv3/FAKE/FaceReenact/DaGAN/id54_id57_0006.mp4,FaceReenact/DaGAN,id54,id57,0,3.8397574424743652,-3.8397574424743652,0.0,134.94749450683594,29.920000076293945,0.0,0.0,0.0,0.0,0.0,0.0
CelebDFv3,/root/Datasets/CelebDFv3/CelebDFv3/FAKE/FaceReenact/FSRT/id31_id29_0007.mp4,FaceReenact/FSRT,id31,id29,0,6.490659713745117,-6.490659713745117,0.0,160.8650665283203,20.0,0.0,0.0,0.0,0.0,0.0,0.0
CelebDFv3,/root/Datasets/CelebDFv3/CelebDFv3/FAKE/FaceReenact/HyperReenact/id23_id9_0000.mp4,FaceReenact/HyperReenact,id23,id9,0,8.411813735961914,-8.411813735961914,0.0,145.53660583496094,25.0,0.0,0.0,0.0,0.0,0.0,0.0
CelebDFv3,/root/Datasets/CelebDFv3/CelebDFv3/FAKE/FaceReenact/LIA/id23_id24_0002.mp4,FaceReenact/LIA,id23,id24,0,7.886624336242676,-7.886624336242676,0.0,100.1957778930664,30.0,0.0,0.0,0.0,0.0,0.0,0.0
CelebDFv3,/root/Datasets/CelebDFv3/CelebDFv3/FAKE/FaceReenact/LivePortrait/id56_id58_0000.mp4,FaceReenact/LivePortrait,id56,id58,0,-0.9558612704277039,0.9558612704277039,0.0,97.07794952392578,30.0,0.0,0.0,0.0,0.0,0.0,0.0
CelebDFv3,/root/Datasets/CelebDFv3/CelebDFv3/FAKE/FaceReenact/MCNET/id54_id52_0003.mp4,FaceReenact/MCNET,id54,id52,0,3.819047451019287,-3.819047451019287,0.0,150.7873077392578,30.0,0.0,0.0,0.0,0.0,0.0,0.0
CelebDFv3,/root/Datasets/CelebDFv3/CelebDFv3/FAKE/FaceReenact/TPSMM/id31_id16_0005.mp4,FaceReenact/TPSMM,id31,id16,0,3.246443748474121,-3.246443748474121,0.0,107.54277801513672,30.0,0.0,0.0,0.0,0.0,0.0,0.0
CelebDFv3,/root/Datasets/CelebDFv3/CelebDFv3/FAKE/FaceSwap/BlendFace/id31_id38_0001.mp4,FaceSwap/BlendFace,id31,id38,0,0.981780469417572,-0.981780469417572,0.0,123.81814575195312,30.0,0.0,0.0,0.0,0.0,0.0,0.0
CelebDFv3,/root/Datasets/CelebDFv3/CelebDFv3/FAKE/FaceSwap/Celeb-DF-v2/id56_id49_0007.mp4,FaceSwap/Celeb-DF-v2,id56,id49,0,1.733410358428955,-1.733410358428955,0.0,212.05764770507812,29.00001335144043,0.0,0.0,0.0,0.0,0.0,0.0
CelebDFv3,/root/Datasets/CelebDFv3/CelebDFv3/FAKE/FaceSwap/GHOST/id59_id60_0000.mp4,FaceSwap/GHOST,id59,id60,0,-0.368044376373291,0.368044376373291,0.0,91.70553588867188,30.0,0.0,0.0,0.0,0.0,0.0,0.0
CelebDFv3,/root/Datasets/CelebDFv3/CelebDFv3/FAKE/FaceSwap/HifiFace/id26_id25_0001.mp4,FaceSwap/HifiFace,id26,id25,0,-5.776062965393066,5.776062965393066,0.0,287.17333984375,30.0,0.0,0.0,0.0,0.0,0.0,0.0
CelebDFv3,/root/Datasets/CelebDFv3/CelebDFv3/FAKE/FaceSwap/InSwapper/id23_id25_0002.mp4,FaceSwap/InSwapper,id23,id25,0,2.396885871887207,-2.396885871887207,0.0,92.76522064208984,30.0,0.0,0.0,0.0,0.0,0.0,0.0
CelebDFv3,/root/Datasets/CelebDFv3/CelebDFv3/FAKE/FaceSwap/MobileFaceSwap/id25_id27_0005.mp4,FaceSwap/MobileFaceSwap,id25,id27,0,2.5618436336517334,-2.5618436336517334,0.0,107.08885955810547,30.0,0.0,0.0,0.0,0.0,0.0,0.0
CelebDFv3,/root/Datasets/CelebDFv3/CelebDFv3/FAKE/FaceSwap/SimSwap/id26_id30_0003.mp4,FaceSwap/SimSwap,id26,id30,0,-7.351156234741211,7.351156234741211,0.0,383.734619140625,30.0,0.0,0.0,0.0,0.0,0.0,0.0
CelebDFv3,/root/Datasets/CelebDFv3/CelebDFv3/FAKE/FaceSwap/UniFace/id31_id33_0001.mp4,FaceSwap/UniFace,id31,id33,0,0.9924783110618591,-0.9924783110618591,0.0,126.4234619140625,30.0,0.0,0.0,0.0,0.0,0.0,0.0
CelebDFv3,/root/Datasets/CelebDFv3/CelebDFv3/FAKE/TalkingFace/AniTalker/id23_0000_test_id07802_aUfv9KTIO2E.mp4,TalkingFace/AniTalker,id23,,0,7.96006965637207,-7.96006965637207,0.0,134.28952026367188,25.0,0.0,0.0,0.0,0.0,0.0,0.0
CelebDFv3,/root/Datasets/CelebDFv3/CelebDFv3/FAKE/TalkingFace/EDTalk/id48_0005_test_id01460_t0i-doPmN9c.mp4,TalkingFace/EDTalk,id48,,0,7.394375801086426,-7.394375801086426,0.0,106.1136474609375,25.0,0.0,0.0,0.0,0.0,0.0,0.0
CelebDFv3,/root/Datasets/CelebDFv3/CelebDFv3/FAKE/TalkingFace/EchoMimic/id23_0002_test_id03347_JbbZ8at5OF8.mp4,TalkingFace/EchoMimic,id23,,0,9.309745788574219,-9.309745788574219,0.0,116.03433990478516,24.0,0.0,0.0,0.0,0.0,0.0,0.0
CelebDFv3,/root/Datasets/CelebDFv3/CelebDFv3/FAKE/TalkingFace/FLOAT/id11_0001_test_id04478_GZQGZOmFU5U.mp4,TalkingFace/FLOAT,id11,,0,8.854133605957031,-8.854133605957031,0.0,120.01541900634766,25.0,0.0,0.0,0.0,0.0,0.0,0.0
CelebDFv3,/root/Datasets/CelebDFv3/CelebDFv3/FAKE/TalkingFace/IP_LAP/id22_0008_test_id04478_nhLuGj0vGb8.mp4,TalkingFace/IP_LAP,id22,,0,3.7969229221343994,-3.7969229221343994,0.0,119.57266998291016,25.0,0.0,0.0,0.0,0.0,0.0,0.0
CelebDFv3,/root/Datasets/CelebDFv3/CelebDFv3/FAKE/TalkingFace/Real3DPortrait/id11_0005_test_id04094_BNAe-NhgItg.mp4,TalkingFace/Real3DPortrait,id11,,0,0.8188238143920898,-0.8188238143920898,0.0,122.84481811523438,25.0,0.0,0.0,0.0,0.0,0.0,0.0
CelebDFv3,/root/Datasets/CelebDFv3/CelebDFv3/FAKE/TalkingFace/SadTalker/id48_0001_test_id01509_asrGhE2enzQ.mp4,TalkingFace/SadTalker,id48,,0,9.243985176086426,-9.243985176086426,0.0,107.5799331665039,25.0,0.0,0.0,0.0,0.0,0.0,0.0
CelebDFv3,/root/Datasets/CelebDFv3/CelebDFv3/FAKE/FaceReenact/DaGAN/id23_id29_0006.mp4,FaceReenact/DaGAN,id23,id29,0,9.492339134216309,-9.492339134216309,0.0,96.29512786865234,30.0,0.0,0.0,0.0,0.0,0.0,0.0
CelebDFv3,/root/Datasets/CelebDFv3/CelebDFv3/FAKE/FaceReenact/FSRT/id23_id38_0001.mp4,FaceReenact/FSRT,id23,id38,0,7.089282035827637,-7.089282035827637,0.0,109.57337188720703,20.0,0.0,0.0,0.0,0.0,0.0,0.0
CelebDFv3,/root/Datasets/CelebDFv3/CelebDFv3/FAKE/FaceReenact/HyperReenact/id8_id0_0003.mp4,FaceReenact/HyperReenact,id8,id0,0,5.769377708435059,-5.769377708435059,0.0,98.2007064819336,25.0,0.0,0.0,0.0,0.0,0.0,0.0
CelebDFv3,/root/Datasets/CelebDFv3/CelebDFv3/FAKE/FaceReenact/LIA/id23_id19_0002.mp4,FaceReenact/LIA,id23,id19,0,7.076685905456543,-7.076685905456543,0.0,103.35018157958984,30.0,0.0,0.0,0.0,0.0,0.0,0.0
CelebDFv3,/root/Datasets/CelebDFv3/CelebDFv3/FAKE/FaceReenact/LivePortrait/id56_id58_0006.mp4,FaceReenact/LivePortrait,id56,id58,0,-1.1912729740142822,1.1912729740142822,0.0,98.60829162597656,30.0,0.0,0.0,0.0,0.0,0.0,0.0
CelebDFv3,/root/Datasets/CelebDFv3/CelebDFv3/FAKE/FaceReenact/MCNET/id56_id52_0001.mp4,FaceReenact/MCNET,id56,id52,0,-1.9879827499389648,1.9879827499389648,0.0,87.47988891601562,30.0,0.0,0.0,0.0,0.0,0.0,0.0
CelebDFv3,/root/Datasets/CelebDFv3/CelebDFv3/FAKE/FaceReenact/TPSMM/id23_id29_0001.mp4,FaceReenact/TPSMM,id23,id29,0,5.302432060241699,-5.302432060241699,0.0,87.38275909423828,30.0,0.0,0.0,0.0,0.0,0.0,0.0
CelebDFv3,/root/Datasets/CelebDFv3/CelebDFv3/FAKE/FaceSwap/BlendFace/id56_id57_0001.mp4,FaceSwap/BlendFace,id56,id57,0,1.213891625404358,-1.213891625404358,0.0,273.4927062988281,30.0,0.0,0.0,0.0,0.0,0.0,0.0
CelebDFv3,/root/Datasets/CelebDFv3/CelebDFv3/FAKE/FaceSwap/Celeb-DF-v2/id31_id23_0009.mp4,FaceSwap/Celeb-DF-v2,id31,id23,0,0.8046337962150574,-0.8046337962150574,0.0,110.03638458251953,30.0,0.0,0.0,0.0,0.0,0.0,0.0
CelebDFv3,/root/Datasets/CelebDFv3/CelebDFv3/FAKE/FaceSwap/GHOST/id31_id35_0001.mp4,FaceSwap/GHOST,id31,id35,0,0.8841593861579895,-0.8841593861579895,0.0,125.75444793701172,30.0,0.0,0.0,0.0,0.0,0.0,0.0
CelebDFv3,/root/Datasets/CelebDFv3/CelebDFv3/FAKE/FaceSwap/HifiFace/id23_id28_0000.mp4,FaceSwap/HifiFace,id23,id28,0,2.758429527282715,-2.758429527282715,0.0,99.61690521240234,30.0,0.0,0.0,0.0,0.0,0.0,0.0
CelebDFv3,/root/Datasets/CelebDFv3/CelebDFv3/FAKE/FaceSwap/InSwapper/id31_id6_0000.mp4,FaceSwap/InSwapper,id31,id6,0,-4.2860894203186035,4.2860894203186035,0.0,148.4183349609375,30.0,0.0,0.0,0.0,0.0,0.0,0.0
CelebDFv3,/root/Datasets/CelebDFv3/CelebDFv3/FAKE/FaceSwap/MobileFaceSwap/id11_id7_0000.mp4,FaceSwap/MobileFaceSwap,id11,id7,0,1.7172234058380127,-1.7172234058380127,0.0,98.4112548828125,30.0,0.0,0.0,0.0,0.0,0.0,0.0
CelebDFv3,/root/Datasets/CelebDFv3/CelebDFv3/FAKE/FaceSwap/SimSwap/id48_id39_0008.mp4,FaceSwap/SimSwap,id48,id39,0,-5.530896186828613,5.530896186828613,0.0,129.1819610595703,30.0,0.0,0.0,0.0,0.0,0.0,0.0
CelebDFv3,/root/Datasets/CelebDFv3/CelebDFv3/FAKE/FaceSwap/UniFace/id23_id4_0009.mp4,FaceSwap/UniFace,id23,id4,0,2.922771692276001,-2.922771692276001,0.0,140.75320434570312,30.0,0.0,0.0,0.0,0.0,0.0,0.0
CelebDFv3,/root/Datasets/CelebDFv3/CelebDFv3/FAKE/TalkingFace/AniTalker/id59_0005_test_id07354_bUpF2d4H3x8.mp4,TalkingFace/AniTalker,id59,,0,8.645893096923828,-8.645893096923828,0.0,111.5827865600586,25.0,0.0,0.0,0.0,0.0,0.0,0.0
CelebDFv3,/root/Datasets/CelebDFv3/CelebDFv3/FAKE/TalkingFace/EDTalk/id54_0008_test_id04253_Hfwc0GtiEWs.mp4,TalkingFace/EDTalk,id54,,0,0.6811645030975342,-0.6811645030975342,0.0,124.11556243896484,25.0,0.0,0.0,0.0,0.0,0.0,0.0
CelebDFv3,/root/Datasets/CelebDFv3/CelebDFv3/FAKE/TalkingFace/EchoMimic/id31_0005_test_id07620_l63wBe6oNrw.mp4,TalkingFace/EchoMimic,id31,,0,6.006022930145264,-6.006022930145264,0.0,116.66734313964844,24.0,0.0,0.0,0.0,0.0,0.0,0.0
CelebDFv3,/root/Datasets/CelebDFv3/CelebDFv3/FAKE/TalkingFace/FLOAT/id22_0008_test_id07396_6bbb_NOpqGY.mp4,TalkingFace/FLOAT,id22,,0,3.1277122497558594,-3.1277122497558594,0.0,134.98529052734375,25.0,0.0,0.0,0.0,0.0,0.0,0.0
CelebDFv3,/root/Datasets/CelebDFv3/CelebDFv3/FAKE/TalkingFace/IP_LAP/id25_0008_test_id04656_XYhEWblIfto.mp4,TalkingFace/IP_LAP,id25,,0,2.387296199798584,-2.387296199798584,0.0,95.45114135742188,25.0,0.0,0.0,0.0,0.0,0.0,0.0
CelebDFv3,/root/Datasets/CelebDFv3/CelebDFv3/FAKE/TalkingFace/Real3DPortrait/id56_0008_test_id05124_ksBpd5sIcA4.mp4,TalkingFace/Real3DPortrait,id56,,0,1.920393705368042,-1.920393705368042,0.0,114.00843048095703,25.0,0.0,0.0,0.0,0.0,0.0,0.0
CelebDFv3,/root/Datasets/CelebDFv3/CelebDFv3/FAKE/TalkingFace/SadTalker/id56_0009_test_id06104_I5L50wxtK8Q.mp4,TalkingFace/SadTalker,id56,,0,-1.5806248188018799,1.5806248188018799,0.0,179.7274932861328,25.0,0.0,0.0,0.0,0.0,0.0,0.0
CelebDFv3,/root/Datasets/CelebDFv3/CelebDFv3/FAKE/FaceReenact/DaGAN/id26_id28_0004.mp4,FaceReenact/DaGAN,id26,id28,0,-1.4180212020874023,1.4180212020874023,0.0,141.0826873779297,30.0,0.0,0.0,0.0,0.0,0.0,0.0
CelebDFv3,/root/Datasets/CelebDFv3/CelebDFv3/FAKE/FaceReenact/FSRT/id26_id3_0003.mp4,FaceReenact/FSRT,id26,id3,0,4.676216125488281,-4.676216125488281,0.0,296.0181579589844,20.0,0.0,0.0,0.0,0.0,0.0,0.0
CelebDFv3,/root/Datasets/CelebDFv3/CelebDFv3/FAKE/FaceReenact/HyperReenact/id26_id17_0006.mp4,FaceReenact/HyperReenact,id26,id17,0,10.064050674438477,-10.064050674438477,0.0,124.50682067871094,25.0,0.0,0.0,0.0,0.0,0.0,0.0
CelebDFv3,/root/Datasets/CelebDFv3/CelebDFv3/FAKE/FaceReenact/LIA/id23_id38_0000.mp4,FaceReenact/LIA,id23,id38,0,0.1788722723722458,-0.1788722723722458,0.0,100.3076400756836,30.0,0.0,0.0,0.0,0.0,0.0,0.0
CelebDFv3,/root/Datasets/CelebDFv3/CelebDFv3/FAKE/FaceReenact/LivePortrait/id48_id46_0009.mp4,FaceReenact/LivePortrait,id48,id46,0,0.15227635204792023,-0.15227635204792023,0.0,135.24795532226562,30.0,0.0,0.0,0.0,0.0,0.0,0.0
CelebDFv3,/root/Datasets/CelebDFv3/CelebDFv3/FAKE/FaceReenact/MCNET/id23_id25_0007.mp4,FaceReenact/MCNET,id23,id25,0,5.699100494384766,-5.699100494384766,0.0,105.02749633789062,30.0,0.0,0.0,0.0,0.0,0.0,0.0
CelebDFv3,/root/Datasets/CelebDFv3/CelebDFv3/FAKE/FaceReenact/TPSMM/id23_id24_0002.mp4,FaceReenact/TPSMM,id23,id24,0,7.564480781555176,-7.564480781555176,0.0,104.19927215576172,30.0,0.0,0.0,0.0,0.0,0.0,0.0
CelebDFv3,/root/Datasets/CelebDFv3/CelebDFv3/FAKE/FaceSwap/BlendFace/id51_id55_0006.mp4,FaceSwap/BlendFace,id51,id55,0,-5.528120040893555,5.528120040893555,0.0,201.52809143066406,29.900009155273438,0.0,0.0,0.0,0.0,0.0,0.0
CelebDFv3,/root/Datasets/CelebDFv3/CelebDFv3/FAKE/FaceSwap/Celeb-DF-v2/id23_id29_0001.mp4,FaceSwap/Celeb-DF-v2,id23,id29,0,4.762365818023682,-4.762365818023682,0.0,122.20419311523438,30.0,0.0,0.0,0.0,0.0,0.0,0.0
CelebDFv3,/root/Datasets/CelebDFv3/CelebDFv3/FAKE/FaceSwap/GHOST/id56_id58_0001.mp4,FaceSwap/GHOST,id56,id58,0,0.8052864670753479,-0.8052864670753479,0.0,273.2466735839844,30.0,0.0,0.0,0.0,0.0,0.0,0.0
CelebDFv3,/root/Datasets/CelebDFv3/CelebDFv3/FAKE/FaceSwap/HifiFace/id23_id28_0006.mp4,FaceSwap/HifiFace,id23,id28,0,-3.041746139526367,3.041746139526367,0.0,111.44495391845703,30.0,0.0,0.0,0.0,0.0,0.0,0.0
CelebDFv3,/root/Datasets/CelebDFv3/CelebDFv3/FAKE/FaceSwap/InSwapper/id48_id40_0003.mp4,FaceSwap/InSwapper,id48,id40,0,3.3429853916168213,-3.3429853916168213,0.0,120.92133331298828,30.0,0.0,0.0,0.0,0.0,0.0,0.0
CelebDFv3,/root/Datasets/CelebDFv3/CelebDFv3/FAKE/FaceSwap/MobileFaceSwap/id22_id28_0005.mp4,FaceSwap/MobileFaceSwap,id22,id28,0,2.979135751724243,-2.979135751724243,0.0,182.96266174316406,30.0,0.0,0.0,0.0,0.0,0.0,0.0
CelebDFv3,/root/Datasets/CelebDFv3/CelebDFv3/FAKE/FaceSwap/SimSwap/id11_id7_0008.mp4,FaceSwap/SimSwap,id11,id7,0,-5.93773078918457,5.93773078918457,0.0,104.34002685546875,30.0,0.0,0.0,0.0,0.0,0.0,0.0
CelebDFv3,/root/Datasets/CelebDFv3/CelebDFv3/FAKE/FaceSwap/UniFace/id25_id23_0005.mp4,FaceSwap/UniFace,id25,id23,0,2.6131367683410645,-2.6131367683410645,0.0,105.4833984375,30.0,0.0,0.0,0.0,0.0,0.0,0.0
CelebDFv3,/root/Datasets/CelebDFv3/CelebDFv3/FAKE/TalkingFace/AniTalker/id31_0004_test_id06310_ZOOU1l7bMxc.mp4,TalkingFace/AniTalker,id31,,0,10.193485260009766,-10.193485260009766,0.0,168.4979248046875,25.0,0.0,0.0,0.0,0.0,0.0,0.0
CelebDFv3,/root/Datasets/CelebDFv3/CelebDFv3/FAKE/TalkingFace/EDTalk/id26_0005_test_id01000_yCKyUiCDAWQ.mp4,TalkingFace/EDTalk,id26,,0,15.202754020690918,-15.202754020690918,0.0,160.10397338867188,25.0,0.0,0.0,0.0,0.0,0.0,0.0
CelebDFv3,/root/Datasets/CelebDFv3/CelebDFv3/FAKE/TalkingFace/EchoMimic/id23_0003_test_id01822_8-_EsFkEThc.mp4,TalkingFace/EchoMimic,id23,,0,4.812070846557617,-4.812070846557617,0.0,118.11573791503906,24.0,0.0,0.0,0.0,0.0,0.0,0.0
CelebDFv3,/root/Datasets/CelebDFv3/CelebDFv3/FAKE/TalkingFace/FLOAT/id56_0000_test_id06692_EC9TCRJkBhI.mp4,TalkingFace/FLOAT,id56,,0,4.998309135437012,-4.998309135437012,0.0,98.13101196289062,25.0,0.0,0.0,0.0,0.0,0.0,0.0
CelebDFv3,/root/Datasets/CelebDFv3/CelebDFv3/FAKE/TalkingFace/IP_LAP/id23_0006_test_id09017_W9dkqIcvdBg.mp4,TalkingFace/IP_LAP,id23,,0,6.499514579772949,-6.499514579772949,0.0,97.49633026123047,25.0,0.0,0.0,0.0,0.0,0.0,0.0
CelebDFv3,/root/Datasets/CelebDFv3/CelebDFv3/FAKE/TalkingFace/Real3DPortrait/id56_0003_test_id04862_GaEmvf_9c3Q.mp4,TalkingFace/Real3DPortrait,id56,,0,1.6508383750915527,-1.6508383750915527,0.0,104.03675842285156,25.0,0.0,0.0,0.0,0.0,0.0,0.0
CelebDFv3,/root/Datasets/CelebDFv3/CelebDFv3/FAKE/TalkingFace/SadTalker/id56_0008_test_id05124_ksBpd5sIcA4.mp4,TalkingFace/SadTalker,id56,,0,7.07275390625,-7.07275390625,0.0,113.95564270019531,25.0,0.0,0.0,0.0,0.0,0.0,0.0
CelebDFv3,/root/Datasets/CelebDFv3/CelebDFv3/FAKE/FaceReenact/DaGAN/id23_id19_0000.mp4,FaceReenact/DaGAN,id23,id19,0,3.437861204147339,-3.437861204147339,0.0,99.99050903320312,29.829999923706055,0.0,0.0,0.0,0.0,0.0,0.0
CelebDFv3,/root/Datasets/CelebDFv3/CelebDFv3/FAKE/FaceReenact/FSRT/id22_id25_0006.mp4,FaceReenact/FSRT,id22,id25,0,8.505121231079102,-8.505121231079102,0.0,133.69635009765625,20.0,0.0,0.0,0.0,0.0,0.0,0.0
CelebDFv3,/root/Datasets/CelebDFv3/CelebDFv3/FAKE/FaceReenact/HyperReenact/id31_id29_0000.mp4,FaceReenact/HyperReenact,id31,id29,0,7.709681987762451,-7.709681987762451,0.0,125.45167541503906,25.0,0.0,0.0,0.0,0.0,0.0,0.0
CelebDFv3,/root/Datasets/CelebDFv3/CelebDFv3/FAKE/FaceReenact/LIA/id22_id24_0003.mp4,FaceReenact/LIA,id22,id24,0,-0.705516517162323,0.705516517162323,0.0,158.70904541015625,30.0,0.0,0.0,0.0,0.0,0.0,0.0
CelebDFv3,/root/Datasets/CelebDFv3/CelebDFv3/FAKE/FaceReenact/LivePortrait/id54_id53_0001.mp4,FaceReenact/LivePortrait,id54,id53,0,-7.691521644592285,7.691521644592285,0.0,262.2452392578125,30.0,0.0,0.0,0.0,0.0,0.0,0.0
CelebDFv3,/root/Datasets/CelebDFv3/CelebDFv3/FAKE/FaceReenact/MCNET/id23_id2_0005.mp4,FaceReenact/MCNET,id23,id2,0,1.139202356338501,-1.139202356338501,0.0,95.12340545654297,30.0,0.0,0.0,0.0,0.0,0.0,0.0
CelebDFv3,/root/Datasets/CelebDFv3/CelebDFv3/FAKE/FaceReenact/TPSMM/id31_id4_0001.mp4,FaceReenact/TPSMM,id31,id4,0,6.6015825271606445,-6.6015825271606445,0.0,118.8968505859375,30.0,0.0,0.0,0.0,0.0,0.0,0.0
CelebDFv3,/root/Datasets/CelebDFv3/CelebDFv3/FAKE/FaceSwap/BlendFace/id51_id49_0004.mp4,FaceSwap/BlendFace,id51,id49,0,-1.616478443145752,1.616478443145752,0.0,104.7751235961914,29.0,0.0,0.0,0.0,0.0,0.0,0.0
CelebDFv3,/root/Datasets/CelebDFv3/CelebDFv3/FAKE/FaceSwap/Celeb-DF-v2/id51_id56_0002.mp4,FaceSwap/Celeb-DF-v2,id51,id56,0,1.7008140087127686,-1.7008140087127686,0.0,106.68376922607422,30.0,0.0,0.0,0.0,0.0,0.0,0.0
CelebDFv3,/root/Datasets/CelebDFv3/CelebDFv3/FAKE/FaceSwap/GHOST/id56_id52_0001.mp4,FaceSwap/GHOST,id56,id52,0,0.8275555968284607,-0.8275555968284607,0.0,273.1430969238281,30.0,0.0,0.0,0.0,0.0,0.0,0.0
CelebDFv3,/root/Datasets/CelebDFv3/CelebDFv3/FAKE/FaceSwap/HifiFace/id25_id26_0004.mp4,FaceSwap/HifiFace,id25,id26,0,3.0885367393493652,-3.0885367393493652,0.0,160.76390075683594,30.0,0.0,0.0,0.0,0.0,0.0,0.0
CelebDFv3,/root/Datasets/CelebDFv3/CelebDFv3/FAKE/FaceSwap/InSwapper/id26_id34_0003.mp4,FaceSwap/InSwapper,id26,id34,0,-7.425086975097656,7.425086975097656,0.0,382.3980712890625,30.0,0.0,0.0,0.0,0.0,0.0,0.0
CelebDFv3,/root/Datasets/CelebDFv3/CelebDFv3/FAKE/FaceSwap/MobileFaceSwap/id23_id29_0002.mp4,FaceSwap/MobileFaceSwap,id23,id29,0,2.912604331970215,-2.912604331970215,0.0,93.48881530761719,30.0,0.0,0.0,0.0,0.0,0.0,0.0
CelebDFv3,/root/Datasets/CelebDFv3/CelebDFv3/FAKE/FaceSwap/SimSwap/id23_id27_0000.mp4,FaceSwap/SimSwap,id23,id27,0,2.7845094203948975,-2.7845094203948975,0.0,99.8965835571289,30.0,0.0,0.0,0.0,0.0,0.0,0.0
CelebDFv3,/root/Datasets/CelebDFv3/CelebDFv3/FAKE/FaceSwap/UniFace/id25_id20_0005.mp4,FaceSwap/UniFace,id25,id20,0,2.5303401947021484,-2.5303401947021484,0.0,105.4921875,30.0,0.0,0.0,0.0,0.0,0.0,0.0
CelebDFv3,/root/Datasets/CelebDFv3/CelebDFv3/FAKE/TalkingFace/AniTalker/id59_0003_test_id03347__NVxlFSjV0I.mp4,TalkingFace/AniTalker,id59,,0,-2.257564067840576,2.257564067840576,0.0,223.59368896484375,25.0,0.0,0.0,0.0,0.0,0.0,0.0
CelebDFv3,/root/Datasets/CelebDFv3/CelebDFv3/FAKE/TalkingFace/EDTalk/id56_0004_test_id09017_oF8cALd6lU0.mp4,TalkingFace/EDTalk,id56,,0,4.222611427307129,-4.222611427307129,0.0,109.179931640625,25.0,0.0,0.0,0.0,0.0,0.0,0.0
CelebDFv3,/root/Datasets/CelebDFv3/CelebDFv3/FAKE/TalkingFace/EchoMimic/id31_0007_test_id03978_ywSqMWAhPPY.mp4,TalkingFace/EchoMimic,id31,,0,10.235157012939453,-10.235157012939453,0.0,198.6773223876953,24.0,0.0,0.0,0.0,0.0,0.0,0.0
CelebDFv3,/root/Datasets/CelebDFv3/CelebDFv3/FAKE/TalkingFace/FLOAT/id59_0000_test_id04627_IjO3LUCaYLE.mp4,TalkingFace/FLOAT,id59,,0,5.2969970703125,-5.2969970703125,0.0,111.31468200683594,25.0,0.0,0.0,0.0,0.0,0.0,0.0
CelebDFv3,/root/Datasets/CelebDFv3/CelebDFv3/FAKE/TalkingFace/IP_LAP/id59_0004_test_id04232_AB9fk1MH2rA.mp4,TalkingFace/IP_LAP,id59,,0,1.338369607925415,-1.338369607925415,0.0,171.09568786621094,25.0,0.0,0.0,0.0,0.0,0.0,0.0
CelebDFv3,/root/Datasets/CelebDFv3/CelebDFv3/FAKE/TalkingFace/Real3DPortrait/id31_0006_test_id05015_dlb6GaUPRuk.mp4,TalkingFace/Real3DPortrait,id31,,0,5.5852203369140625,-5.5852203369140625,0.0,160.23326110839844,25.0,0.0,0.0,0.0,0.0,0.0,0.0
CelebDFv3,/root/Datasets/CelebDFv3/CelebDFv3/FAKE/TalkingFace/SadTalker/id31_0003_test_id01333_gujKn7v2CJg.mp4,TalkingFace/SadTalker,id31,,0,10.938018798828125,-10.938018798828125,0.0,132.79481506347656,25.0,0.0,0.0,0.0,0.0,0.0,0.0
CelebDFv3,/root/Datasets/CelebDFv3/CelebDFv3/FAKE/FaceReenact/DaGAN/id56_id50_0002.mp4,FaceReenact/DaGAN,id56,id50,0,3.764892578125,-3.764892578125,0.0,102.66226196289062,30.0,0.0,0.0,0.0,0.0,0.0,0.0
CelebDFv3,/root/Datasets/CelebDFv3/CelebDFv3/FAKE/FaceReenact/FSRT/id11_id7_0000.mp4,FaceReenact/FSRT,id11,id7,0,8.064508438110352,-8.064508438110352,0.0,86.23928833007812,20.0,0.0,0.0,0.0,0.0,0.0,0.0
CelebDFv3,/root/Datasets/CelebDFv3/CelebDFv3/FAKE/FaceReenact/HyperReenact/id23_id26_0009.mp4,FaceReenact/HyperReenact,id23,id26,0,10.278337478637695,-10.278337478637695,0.0,115.42084503173828,25.0,0.0,0.0,0.0,0.0,0.0,0.0
CelebDFv3,/root/Datasets/CelebDFv3/CelebDFv3/FAKE/FaceReenact/LIA/id23_id24_0009.mp4,FaceReenact/LIA,id23,id24,0,5.910943031311035,-5.910943031311035,0.0,112.41742706298828,30.0,0.0,0.0,0.0,0.0,0.0,0.0
CelebDFv3,/root/Datasets/CelebDFv3/CelebDFv3/FAKE/FaceReenact/LivePortrait/id51_id49_0004.mp4,FaceReenact/LivePortrait,id51,id49,0,0.2555866241455078,-0.2555866241455078,0.0,139.64141845703125,30.0,0.0,0.0,0.0,0.0,0.0,0.0
CelebDFv3,/root/Datasets/CelebDFv3/CelebDFv3/FAKE/FaceReenact/MCNET/id59_id60_0007.mp4,FaceReenact/MCNET,id59,id60,0,-0.4205094575881958,0.4205094575881958,0.0,108.04337310791016,30.0,0.0,0.0,0.0,0.0,0.0,0.0
CelebDFv3,/root/Datasets/CelebDFv3/CelebDFv3/FAKE/FaceReenact/TPSMM/id54_id49_0009.mp4,FaceReenact/TPSMM,id54,id49,0,-3.5737600326538086,3.5737600326538086,0.0,98.07795715332031,30.0,0.0,0.0,0.0,0.0,0.0,0.0
CelebDFv3,/root/Datasets/CelebDFv3/CelebDFv3/FAKE/FaceSwap/BlendFace/id31_id6_0004.mp4,FaceSwap/BlendFace,id31,id6,0,-11.819707870483398,11.819707870483398,0.0,196.9925537109375,30.0,0.0,0.0,0.0,0.0,0.0,0.0
CelebDFv3,/root/Datasets/CelebDFv3/CelebDFv3/FAKE/FaceSwap/Celeb-DF-v2/id26_id6_0006.mp4,FaceSwap/Celeb-DF-v2,id26,id6,0,12.118589401245117,-12.118589401245117,0.0,181.20213317871094,30.0,0.0,0.0,0.0,0.0,0.0,0.0
CelebDFv3,/root/Datasets/CelebDFv3/CelebDFv3/FAKE/FaceSwap/GHOST/id31_id23_0000.mp4,FaceSwap/GHOST,id31,id23,0,-4.601962089538574,4.601962089538574,0.0,148.26434326171875,30.0,0.0,0.0,0.0,0.0,0.0,0.0
CelebDFv3,/root/Datasets/CelebDFv3/CelebDFv3/FAKE/FaceSwap/HifiFace/id48_id45_0002.mp4,FaceSwap/HifiFace,id48,id45,0,1.5083074569702148,-1.5083074569702148,0.0,120.372802734375,30.0,0.0,0.0,0.0,0.0,0.0,0.0
CelebDFv3,/root/Datasets/CelebDFv3/CelebDFv3/FAKE/FaceSwap/InSwapper/id8_id2_0003.mp4,FaceSwap/InSwapper,id8,id2,0,-4.368041038513184,4.368041038513184,0.0,188.9439239501953,30.0,0.0,0.0,0.0,0.0,0.0,0.0
CelebDFv3,/root/Datasets/CelebDFv3/CelebDFv3/FAKE/FaceSwap/MobileFaceSwap/id31_id28_0004.mp4,FaceSwap/MobileFaceSwap,id31,id28,0,-11.653648376464844,11.653648376464844,0.0,197.2664031982422,30.0,0.0,0.0,0.0,0.0,0.0,0.0
CelebDFv3,/root/Datasets/CelebDFv3/CelebDFv3/FAKE/FaceSwap/SimSwap/id56_id58_0000.mp4,FaceSwap/SimSwap,id56,id58,0,-0.6094467043876648,0.6094467043876648,0.0,96.0669174194336,30.0,0.0,0.0,0.0,0.0,0.0,0.0
CelebDFv3,/root/Datasets/CelebDFv3/CelebDFv3/FAKE/FaceSwap/UniFace/id23_id1_0002.mp4,FaceSwap/UniFace,id23,id1,0,2.6964879035949707,-2.6964879035949707,0.0,92.85257720947266,30.0,0.0,0.0,0.0,0.0,0.0,0.0
CelebDFv3,/root/Datasets/CelebDFv3/CelebDFv3/FAKE/TalkingFace/AniTalker/id11_0005_test_id02465_PhHBC9xmnUQ.mp4,TalkingFace/AniTalker,id11,,0,5.348108291625977,-5.348108291625977,0.0,120.53439331054688,25.0,0.0,0.0,0.0,0.0,0.0,0.0
CelebDFv3,/root/Datasets/CelebDFv3/CelebDFv3/FAKE/TalkingFace/EDTalk/id26_0004_test_id01333_SwmQTyhzge8.mp4,TalkingFace/EDTalk,id26,,0,6.735801696777344,-6.735801696777344,0.0,133.23275756835938,25.0,0.0,0.0,0.0,0.0,0.0,0.0
CelebDFv3,/root/Datasets/CelebDFv3/CelebDFv3/FAKE/TalkingFace/EchoMimic/id48_0008_test_id06913_CFoP6f5lk7M.mp4,TalkingFace/EchoMimic,id48,,0,-0.06281975656747818,0.06281975656747818,0.0,153.6564178466797,24.0,0.0,0.0,0.0,0.0,0.0,0.0
CelebDFv3,/root/Datasets/CelebDFv3/CelebDFv3/FAKE/TalkingFace/FLOAT/id11_0001_test_id04950_XJS6SLQuCNM.mp4,TalkingFace/FLOAT,id11,,0,8.740049362182617,-8.740049362182617,0.0,118.98779296875,25.0,0.0,0.0,0.0,0.0,0.0,0.0
CelebDFv3,/root/Datasets/CelebDFv3/CelebDFv3/FAKE/TalkingFace/IP_LAP/id59_0004_test_id01509_asrGhE2enzQ.mp4,TalkingFace/IP_LAP,id59,,0,0.7741081118583679,-0.7741081118583679,0.0,173.72183227539062,25.0,0.0,0.0,0.0,0.0,0.0,0.0
CelebDFv3,/root/Datasets/CelebDFv3/CelebDFv3/FAKE/TalkingFace/Real3DPortrait/id54_0008_test_id01437_p9H07e_p8go.mp4,TalkingFace/Real3DPortrait,id54,,0,0.768674373626709,-0.768674373626709,0.0,124.01250457763672,25.0,0.0,0.0,0.0,0.0,0.0,0.0
CelebDFv3,/root/Datasets/CelebDFv3/CelebDFv3/FAKE/TalkingFace/SadTalker/id22_0003_test_id07414_CXf8FTugLiM.mp4,TalkingFace/SadTalker,id22,,0,2.0566654205322266,-2.0566654205322266,0.0,150.46002197265625,25.0,0.0,0.0,0.0,0.0,0.0,0.0
CelebDFv3,/root/Datasets/CelebDFv3/CelebDFv3/FAKE/FaceReenact/DaGAN/id51_id50_0007.mp4,FaceReenact/DaGAN,id51,id50,0,1.73920476436615,-1.73920476436615,0.0,104.82808685302734,30.0,0.0,0.0,0.0,0.0,0.0,0.0
CelebDFv3,/root/Datasets/CelebDFv3/CelebDFv3/FAKE/FaceReenact/FSRT/id51_id58_0002.mp4,FaceReenact/FSRT,id51,id58,0,2.908374786376953,-2.908374786376953,0.0,113.55116271972656,20.0,0.0,0.0,0.0,0.0,0.0,0.0
CelebDFv3,/root/Datasets/CelebDFv3/CelebDFv3/FAKE/FaceReenact/HyperReenact/id8_id7_0008.mp4,FaceReenact/HyperReenact,id8,id7,0,7.211366653442383,-7.211366653442383,0.0,120.14873504638672,25.0,0.0,0.0,0.0,0.0,0.0,0.0
CelebDFv3,/root/Datasets/CelebDFv3/CelebDFv3/FAKE/FaceReenact/LIA/id26_id28_0002.mp4,FaceReenact/LIA,id26,id28,0,2.822741746902466,-2.822741746902466,0.0,94.79706573486328,30.0,0.0,0.0,0.0,0.0,0.0,0.0
CelebDFv3,/root/Datasets/CelebDFv3/CelebDFv3/FAKE/FaceReenact/LivePortrait/id23_id2_0006.mp4,FaceReenact/LivePortrait,id23,id2,0,-3.203165292739868,3.203165292739868,0.0,116.3965072631836,30.0,0.0,0.0,0.0,0.0,0.0,0.0
CelebDFv3,/root/Datasets/CelebDFv3/CelebDFv3/FAKE/FaceReenact/MCNET/id23_id1_0007.mp4,FaceReenact/MCNET,id23,id1,0,8.425052642822266,-8.425052642822266,0.0,123.39875793457031,30.0,0.0,0.0,0.0,0.0,0.0,0.0
CelebDFv3,/root/Datasets/CelebDFv3/CelebDFv3/FAKE/FaceReenact/TPSMM/id51_id57_0007.mp4,FaceReenact/TPSMM,id51,id57,0,1.6860811710357666,-1.6860811710357666,0.0,103.89791107177734,30.0,0.0,0.0,0.0,0.0,0.0,0.0
CelebDFv3,/root/Datasets/CelebDFv3/CelebDFv3/FAKE/FaceSwap/BlendFace/id51_id50_0008.mp4,FaceSwap/BlendFace,id51,id50,0,0.960846483707428,-0.960846483707428,0.0,117.56963348388672,30.0,0.0,0.0,0.0,0.0,0.0,0.0
CelebDFv3,/root/Datasets/CelebDFv3/CelebDFv3/FAKE/FaceSwap/Celeb-DF-v2/id31_id38_0001.mp4,FaceSwap/Celeb-DF-v2,id31,id38,0,0.80813068151474,-0.80813068151474,0.0,126.45401763916016,30.0,0.0,0.0,0.0,0.0,0.0,0.0
CelebDFv3,/root/Datasets/CelebDFv3/CelebDFv3/FAKE/FaceSwap/GHOST/id56_id54_0008.mp4,FaceSwap/GHOST,id56,id54,0,-1.3462237119674683,1.3462237119674683,0.0,121.23391723632812,30.0,0.0,0.0,0.0,0.0,0.0,0.0
CelebDFv3,/root/Datasets/CelebDFv3/CelebDFv3/FAKE/FaceSwap/HifiFace/id54_id58_0004.mp4,FaceSwap/HifiFace,id54,id58,0,-4.681439399719238,4.681439399719238,0.0,152.9850311279297,30.0,0.0,0.0,0.0,0.0,0.0,0.0
CelebDFv3,/root/Datasets/CelebDFv3/CelebDFv3/FAKE/FaceSwap/InSwapper/id31_id30_0005.mp4,FaceSwap/InSwapper,id31,id30,0,-4.961050033569336,4.961050033569336,0.0,107.53528594970703,30.0,0.0,0.0,0.0,0.0,0.0,0.0
CelebDFv3,/root/Datasets/CelebDFv3/CelebDFv3/FAKE/FaceSwap/MobileFaceSwap/id48_id40_0009.mp4,FaceSwap/MobileFaceSwap,id48,id40,0,2.055448055267334,-2.055448055267334,0.0,133.65994262695312,30.0,0.0,0.0,0.0,0.0,0.0,0.0
CelebDFv3,/root/Datasets/CelebDFv3/CelebDFv3/FAKE/FaceSwap/SimSwap/id25_id22_0002.mp4,FaceSwap/SimSwap,id25,id22,0,-3.5370254516601562,3.5370254516601562,0.0,131.16064453125,30.0,0.0,0.0,0.0,0.0,0.0,0.0
CelebDFv3,/root/Datasets/CelebDFv3/CelebDFv3/FAKE/FaceSwap/UniFace/id56_id57_0008.mp4,FaceSwap/UniFace,id56,id57,0,-1.897018551826477,1.897018551826477,0.0,120.36829376220703,30.0,0.0,0.0,0.0,0.0,0.0,0.0
CelebDFv3,/root/Datasets/CelebDFv3/CelebDFv3/FAKE/TalkingFace/AniTalker/id51_0001_test_id00812_Ypl15Alz_-I.mp4,TalkingFace/AniTalker,id51,,0,3.0320401191711426,-3.0320401191711426,0.0,144.1554412841797,25.0,0.0,0.0,0.0,0.0,0.0,0.0
CelebDFv3,/root/Datasets/CelebDFv3/CelebDFv3/FAKE/TalkingFace/EDTalk/id56_0009_test_id01437_LgnNNq3sfPY.mp4,TalkingFace/EDTalk,id56,,0,4.281709671020508,-4.281709671020508,0.0,163.72579956054688,25.0,0.0,0.0,0.0,0.0,0.0,0.0
CelebDFv3,/root/Datasets/CelebDFv3/CelebDFv3/FAKE/TalkingFace/EchoMimic/id8_0005_test_id07802_XUhS4zwprEk.mp4,TalkingFace/EchoMimic,id8,,0,11.349641799926758,-11.349641799926758,0.0,105.20573425292969,24.0,0.0,0.0,0.0,0.0,0.0,0.0
CelebDFv3,/root/Datasets/CelebDFv3/CelebDFv3/FAKE/TalkingFace/FLOAT/id25_0009_test_id06310_yv5n45E1Db0.mp4,TalkingFace/FLOAT,id25,,0,0.3716842532157898,-0.3716842532157898,0.0,108.41670227050781,25.0,0.0,0.0,0.0,0.0,0.0,0.0
CelebDFv3,/root/Datasets/CelebDFv3/CelebDFv3/FAKE/TalkingFace/IP_LAP/id56_0009_test_id02548_bA26ZD1a5tU.mp4,TalkingFace/IP_LAP,id56,,0,1.0414320230484009,-1.0414320230484009,0.0,167.2726593017578,25.0,0.0,0.0,0.0,0.0,0.0,0.0
CelebDFv3,/root/Datasets/CelebDFv3/CelebDFv3/FAKE/TalkingFace/Real3DPortrait/id26_0004_test_id02317_ElfR3P4Rrmk.mp4,TalkingFace/Real3DPortrait,id26,,0,-3.2567732334136963,3.2567732334136963,0.0,144.4933319091797,25.0,0.0,0.0,0.0,0.0,0.0,0.0
CelebDFv3,/root/Datasets/CelebDFv3/CelebDFv3/FAKE/TalkingFace/SadTalker/id59_0009_test_id03980_DLgfEilskfc.mp4,TalkingFace/SadTalker,id59,,0,0.2506612241268158,-0.2506612241268158,0.0,170.49143981933594,25.0,0.0,0.0,0.0,0.0,0.0,0.0
CelebDFv3,/root/Datasets/CelebDFv3/CelebDFv3/FAKE/FaceReenact/DaGAN/id31_id35_0001.mp4,FaceReenact/DaGAN,id31,id35,0,6.089199542999268,-6.089199542999268,0.0,115.70851135253906,30.0,0.0,0.0,0.0,0.0,0.0,0.0
CelebDFv3,/root/Datasets/CelebDFv3/CelebDFv3/FAKE/FaceReenact/FSRT/id23_id3_0009.mp4,FaceReenact/FSRT,id23,id3,0,5.140406608581543,-5.140406608581543,0.0,114.47587585449219,20.0,0.0,0.0,0.0,0.0,0.0,0.0
CelebDFv3,/root/Datasets/CelebDFv3/CelebDFv3/FAKE/FaceReenact/HyperReenact/id23_id2_0000.mp4,FaceReenact/HyperReenact,id23,id2,0,9.764106750488281,-9.764106750488281,0.0,144.45799255371094,25.0,0.0,0.0,0.0,0.0,0.0,0.0
CelebDFv3,/root/Datasets/CelebDFv3/CelebDFv3/FAKE/FaceReenact/LIA/id48_id42_0003.mp4,FaceReenact/LIA,id48,id42,0,8.337152481079102,-8.337152481079102,0.0,113.10028076171875,30.0,0.0,0.0,0.0,0.0,0.0,0.0
CelebDFv3,/root/Datasets/CelebDFv3/CelebDFv3/FAKE/FaceReenact/LivePortrait/id48_id45_0002.mp4,FaceReenact/LivePortrait,id48,id45,0,1.7599680423736572,-1.7599680423736572,0.0,118.7765121459961,30.0,0.0,0.0,0.0,0.0,0.0,0.0
CelebDFv3,/root/Datasets/CelebDFv3/CelebDFv3/FAKE/FaceReenact/MCNET/id31_id34_0002.mp4,FaceReenact/MCNET,id31,id34,0,2.4721555709838867,-2.4721555709838867,0.0,111.98546600341797,30.0,0.0,0.0,0.0,0.0,0.0,0.0
CelebDFv3,/root/Datasets/CelebDFv3/CelebDFv3/FAKE/FaceReenact/TPSMM/id31_id32_0008.mp4,FaceReenact/TPSMM,id31,id32,0,5.469779968261719,-5.469779968261719,0.0,112.79451751708984,30.0,0.0,0.0,0.0,0.0,0.0,0.0
CelebDFv3,/root/Datasets/CelebDFv3/CelebDFv3/FAKE/FaceSwap/BlendFace/id56_id52_0002.mp4,FaceSwap/BlendFace,id56,id52,0,0.2285514771938324,-0.2285514771938324,0.0,109.53581237792969,30.0,0.0,0.0,0.0,0.0,0.0,0.0
CelebDFv3,/root/Datasets/CelebDFv3/CelebDFv3/FAKE/FaceSwap/Celeb-DF-v2/id59_id5_0002.mp4,FaceSwap/Celeb-DF-v2,id59,id5,0,-3.332663059234619,3.332663059234619,0.0,188.77760314941406,30.0,0.0,0.0,0.0,0.0,0.0,0.0
CelebDFv3,/root/Datasets/CelebDFv3/CelebDFv3/FAKE/FaceSwap/GHOST/id31_id32_0006.mp4,FaceSwap/GHOST,id31,id32,0,-7.925017356872559,7.925017356872559,0.0,208.44911193847656,30.0,0.0,0.0,0.0,0.0,0.0,0.0
CelebDFv3,/root/Datasets/CelebDFv3/CelebDFv3/FAKE/FaceSwap/HifiFace/id54_id49_0008.mp4,FaceSwap/HifiFace,id54,id49,0,-1.4044556617736816,1.4044556617736816,0.0,127.6980972290039,30.0,0.0,0.0,0.0,0.0,0.0,0.0
CelebDFv3,/root/Datasets/CelebDFv3/CelebDFv3/FAKE/FaceSwap/InSwapper/id23_id27_0001.mp4,FaceSwap/InSwapper,id23,id27,0,4.898285865783691,-4.898285865783691,0.0,121.7293701171875,30.0,0.0,0.0,0.0,0.0,0.0,0.0
CelebDFv3,/root/Datasets/CelebDFv3/CelebDFv3/FAKE/FaceSwap/MobileFaceSwap/id48_id47_0002.mp4,FaceSwap/MobileFaceSwap,id48,id47,0,1.4844536781311035,-1.4844536781311035,0.0,122.4716567993164,30.0,0.0,0.0,0.0,0.0,0.0,0.0
CelebDFv3,/root/Datasets/CelebDFv3/CelebDFv3/FAKE/FaceSwap/SimSwap/id56_id52_0002.mp4,FaceSwap/SimSwap,id56,id52,0,0.049687281250953674,-0.049687281250953674,0.0,109.09614562988281,30.0,0.0,0.0,0.0,0.0,0.0,0.0
CelebDFv3,/root/Datasets/CelebDFv3/CelebDFv3/FAKE/FaceSwap/UniFace/id31_id34_0006.mp4,FaceSwap/UniFace,id31,id34,0,-7.444936752319336,7.444936752319336,0.0,208.42514038085938,30.0,0.0,0.0,0.0,0.0,0.0,0.0
CelebDFv3,/root/Datasets/CelebDFv3/CelebDFv3/FAKE/TalkingFace/AniTalker/id56_0002_test_id01822_jmFGgwXCuW0.mp4,TalkingFace/AniTalker,id56,,0,7.4541730880737305,-7.4541730880737305,0.0,107.65931701660156,25.0,0.0,0.0,0.0,0.0,0.0,0.0
CelebDFv3,/root/Datasets/CelebDFv3/CelebDFv3/FAKE/TalkingFace/EDTalk/id8_0009_test_id02086_UpjWerN0hoE.mp4,TalkingFace/EDTalk,id8,,0,6.423219680786133,-6.423219680786133,0.0,111.84329986572266,25.0,0.0,0.0,0.0,0.0,0.0,0.0
CelebDFv3,/root/Datasets/CelebDFv3/CelebDFv3/FAKE/TalkingFace/EchoMimic/id56_0007_test_id05055_W9QdEnAskic.mp4,TalkingFace/EchoMimic,id56,,0,3.311643600463867,-3.311643600463867,0.0,194.4210205078125,24.0,0.0,0.0,0.0,0.0,0.0,0.0
CelebDFv3,/root/Datasets/CelebDFv3/CelebDFv3/FAKE/TalkingFace/FLOAT/id25_0000_test_id05850_WCsUJ380ww8.mp4,TalkingFace/FLOAT,id25,,0,9.281534194946289,-9.281534194946289,0.0,132.80264282226562,25.0,0.0,0.0,0.0,0.0,0.0,0.0
CelebDFv3,/root/Datasets/CelebDFv3/CelebDFv3/FAKE/TalkingFace/IP_LAP/id8_0006_test_id07494_dEl7dYObxfA.mp4,TalkingFace/IP_LAP,id8,,0,5.790266036987305,-5.790266036987305,0.0,107.01806640625,25.0,0.0,0.0,0.0,0.0,0.0,0.0
CelebDFv3,/root/Datasets/CelebDFv3/CelebDFv3/FAKE/TalkingFace/Real3DPortrait/id56_0003_test_id07868_G6yM82HVOKI.mp4,TalkingFace/Real3DPortrait,id56,,0,1.5886754989624023,-1.5886754989624023,0.0,105.23949432373047,25.0,0.0,0.0,0.0,0.0,0.0,0.0
CelebDFv3,/root/Datasets/CelebDFv3/CelebDFv3/FAKE/TalkingFace/SadTalker/id56_0007_test_id08456_MFbZdyuSE3E.mp4,TalkingFace/SadTalker,id56,,0,1.8624951839447021,-1.8624951839447021,0.0,209.0836639404297,25.0,0.0,0.0,0.0,0.0,0.0,0.0
CelebDFv3,/root/Datasets/CelebDFv3/CelebDFv3/FAKE/FaceReenact/DaGAN/id56_id52_0001.mp4,FaceReenact/DaGAN,id56,id52,0,-2.797966480255127,2.797966480255127,0.0,88.43102264404297,30.0,0.0,0.0,0.0,0.0,0.0,0.0
CelebDFv3,/root/Datasets/CelebDFv3/CelebDFv3/FAKE/FaceReenact/FSRT/id48_id47_0004.mp4,FaceReenact/FSRT,id48,id47,0,7.9639387130737305,-7.9639387130737305,0.0,119.29322814941406,20.0,0.0,0.0,0.0,0.0,0.0,0.0
CelebDFv3,/root/Datasets/CelebDFv3/CelebDFv3/FAKE/FaceReenact/HyperReenact/id23_id3_0006.mp4,FaceReenact/HyperReenact,id23,id3,0,9.745186805725098,-9.745186805725098,0.0,108.59139251708984,25.0,0.0,0.0,0.0,0.0,0.0,0.0
CelebDFv3,/root/Datasets/CelebDFv3/CelebDFv3/FAKE/FaceReenact/LIA/id31_id34_0004.mp4,FaceReenact/LIA,id31,id34,0,0.06477642059326172,-0.06477642059326172,0.0,137.9788360595703,30.0,0.0,0.0,0.0,0.0,0.0,0.0
CelebDFv3,/root/Datasets/CelebDFv3/CelebDFv3/FAKE/FaceReenact/LivePortrait/id31_id33_0001.mp4,FaceReenact/LivePortrait,id31,id33,0,3.609612226486206,-3.609612226486206,0.0,132.73138427734375,30.0,0.0,0.0,0.0,0.0,0.0,0.0
CelebDFv3,/root/Datasets/CelebDFv3/CelebDFv3/FAKE/FaceReenact/MCNET/id51_id57_0008.mp4,FaceReenact/MCNET,id51,id57,0,1.7421307563781738,-1.7421307563781738,0.0,96.57936096191406,29.829999923706055,0.0,0.0,0.0,0.0,0.0,0.0
CelebDFv3,/root/Datasets/CelebDFv3/CelebDFv3/FAKE/FaceReenact/TPSMM/id23_id2_0009.mp4,FaceReenact/TPSMM,id23,id2,0,6.42912483215332,-6.42912483215332,0.0,114.66797637939453,30.0,0.0,0.0,0.0,0.0,0.0,0.0
CelebDFv3,/root/Datasets/CelebDFv3/CelebDFv3/FAKE/FaceSwap/BlendFace/id31_id20_0008.mp4,FaceSwap/BlendFace,id31,id20,0,2.24726939201355,-2.24726939201355,0.0,122.01763916015625,30.0,0.0,0.0,0.0,0.0,0.0,0.0
CelebDFv3,/root/Datasets/CelebDFv3/CelebDFv3/FAKE/FaceSwap/Celeb-DF-v2/id51_id54_0002.mp4,FaceSwap/Celeb-DF-v2,id51,id54,0,1.7153329849243164,-1.7153329849243164,0.0,106.70545959472656,30.0,0.0,0.0,0.0,0.0,0.0,0.0
CelebDFv3,/root/Datasets/CelebDFv3/CelebDFv3/FAKE/FaceSwap/GHOST/id23_id2_0009.mp4,FaceSwap/GHOST,id23,id2,0,1.9776414632797241,-1.9776414632797241,0.0,139.36285400390625,30.0,0.0,0.0,0.0,0.0,0.0,0.0
CelebDFv3,/root/Datasets/CelebDFv3/CelebDFv3/FAKE/FaceSwap/HifiFace/id31_id3_0005.mp4,FaceSwap/HifiFace,id31,id3,0,-4.879136085510254,4.879136085510254,0.0,107.63762664794922,30.0,0.0,0.0,0.0,0.0,0.0,0.0
CelebDFv3,/root/Datasets/CelebDFv3/CelebDFv3/FAKE/FaceSwap/InSwapper/id48_id39_0002.mp4,FaceSwap/InSwapper,id48,id39,0,1.5850143432617188,-1.5850143432617188,0.0,120.17028045654297,30.0,0.0,0.0,0.0,0.0,0.0,0.0
CelebDFv3,/root/Datasets/CelebDFv3/CelebDFv3/FAKE/FaceSwap/MobileFaceSwap/id23_id19_0000.mp4,FaceSwap/MobileFaceSwap,id23,id19,0,2.7878618240356445,-2.7878618240356445,0.0,99.67200469970703,30.0,0.0,0.0,0.0,0.0,0.0,0.0
CelebDFv3,/root/Datasets/CelebDFv3/CelebDFv3/FAKE/FaceSwap/SimSwap/id23_id3_0003.mp4,FaceSwap/SimSwap,id23,id3,0,-2.6854429244995117,2.6854429244995117,0.0,114.48755645751953,30.0,0.0,0.0,0.0,0.0,0.0,0.0
CelebDFv3,/root/Datasets/CelebDFv3/CelebDFv3/FAKE/FaceSwap/UniFace/id23_id9_0006.mp4,FaceSwap/UniFace,id23,id9,0,-3.008425712585449,3.008425712585449,0.0,111.71222686767578,30.0,0.0,0.0,0.0,0.0,0.0,0.0
CelebDFv3,/root/Datasets/CelebDFv3/CelebDFv3/FAKE/TalkingFace/AniTalker/id48_0009_test_id08374_8V4tFXw2UxY.mp4,TalkingFace/AniTalker,id48,,0,7.813286781311035,-7.813286781311035,0.0,108.00521087646484,25.0,0.0,0.0,0.0,0.0,0.0,0.0
CelebDFv3,/root/Datasets/CelebDFv3/CelebDFv3/FAKE/TalkingFace/EDTalk/id59_0004_test_id07494_ebeMtxwdAVc.mp4,TalkingFace/EDTalk,id59,,0,12.333929061889648,-12.333929061889648,0.0,249.49880981445312,25.0,0.0,0.0,0.0,0.0,0.0,0.0
CelebDFv3,/root/Datasets/CelebDFv3/CelebDFv3/FAKE/TalkingFace/EchoMimic/id25_0008_test_id08696_MnjuyAG_DCg.mp4,TalkingFace/EchoMimic,id25,,0,6.71353816986084,-6.71353816986084,0.0,107.52859497070312,24.0,0.0,0.0,0.0,0.0,0.0,0.0
CelebDFv3,/root/Datasets/CelebDFv3/CelebDFv3/FAKE/TalkingFace/FLOAT/id51_0006_test_id02685_WRyNA6xW_T0.mp4,TalkingFace/FLOAT,id51,,0,3.142744541168213,-3.142744541168213,0.0,112.25807189941406,25.0,0.0,0.0,0.0,0.0,0.0,0.0
CelebDFv3,/root/Datasets/CelebDFv3/CelebDFv3/FAKE/TalkingFace/IP_LAP/id51_0001_test_id01460_oxJYG8REHG8.mp4,TalkingFace/IP_LAP,id51,,0,3.613279342651367,-3.613279342651367,0.0,141.87872314453125,25.0,0.0,0.0,0.0,0.0,0.0,0.0
CelebDFv3,/root/Datasets/CelebDFv3/CelebDFv3/FAKE/TalkingFace/Real3DPortrait/id11_0004_test_id04862_i6aGUMQW5jA.mp4,TalkingFace/Real3DPortrait,id11,,0,8.866270065307617,-8.866270065307617,0.0,140.58279418945312,25.0,0.0,0.0,0.0,0.0,0.0,0.0
CelebDFv3,/root/Datasets/CelebDFv3/CelebDFv3/FAKE/TalkingFace/SadTalker/id59_0004_test_id01509_asrGhE2enzQ.mp4,TalkingFace/SadTalker,id59,,0,-4.59301233291626,4.59301233291626,0.0,277.1879577636719,25.0,0.0,0.0,0.0,0.0,0.0,0.0
CelebDFv3,/root/Datasets/CelebDFv3/CelebDFv3/FAKE/FaceReenact/DaGAN/id51_id57_0007.mp4,FaceReenact/DaGAN,id51,id57,0,1.3710250854492188,-1.3710250854492188,0.0,104.26163482666016,30.0,0.0,0.0,0.0,0.0,0.0,0.0
CelebDFv3,/root/Datasets/CelebDFv3/CelebDFv3/FAKE/FaceReenact/FSRT/id26_id29_0003.mp4,FaceReenact/FSRT,id26,id29,0,6.0341691970825195,-6.0341691970825195,0.0,299.3174133300781,20.0,0.0,0.0,0.0,0.0,0.0,0.0
CelebDFv3,/root/Datasets/CelebDFv3/CelebDFv3/FAKE/FaceReenact/HyperReenact/id23_id25_0002.mp4,FaceReenact/HyperReenact,id23,id25,0,10.88022232055664,-10.88022232055664,0.0,111.47901153564453,25.0,0.0,0.0,0.0,0.0,0.0,0.0
CelebDFv3,/root/Datasets/CelebDFv3/CelebDFv3/FAKE/FaceReenact/LIA/id31_id37_0005.mp4,FaceReenact/LIA,id31,id37,0,-1.3464200496673584,1.3464200496673584,0.0,116.01181030273438,30.0,0.0,0.0,0.0,0.0,0.0,0.0
CelebDFv3,/root/Datasets/CelebDFv3/CelebDFv3/FAKE/FaceReenact/LivePortrait/id23_id28_0000.mp4,FaceReenact/LivePortrait,id23,id28,0,3.3275420665740967,-3.3275420665740967,0.0,103.84912872314453,30.0,0.0,0.0,0.0,0.0,0.0,0.0
CelebDFv3,/root/Datasets/CelebDFv3/CelebDFv3/FAKE/FaceReenact/MCNET/id48_id46_0009.mp4,FaceReenact/MCNET,id48,id46,0,4.476426124572754,-4.476426124572754,0.0,93.93819427490234,30.0,0.0,0.0,0.0,0.0,0.0,0.0
CelebDFv3,/root/Datasets/CelebDFv3/CelebDFv3/FAKE/FaceReenact/TPSMM/id56_id50_0002.mp4,FaceReenact/TPSMM,id56,id50,0,4.037783622741699,-4.037783622741699,0.0,101.18042755126953,30.0,0.0,0.0,0.0,0.0,0.0,0.0
CelebDFv3,/root/Datasets/CelebDFv3/CelebDFv3/FAKE/FaceSwap/BlendFace/id56_id49_0003.mp4,FaceSwap/BlendFace,id56,id49,0,3.7368290424346924,-3.7368290424346924,0.0,327.3121337890625,30.0,0.0,0.0,0.0,0.0,0.0,0.0
CelebDFv3,/root/Datasets/CelebDFv3/CelebDFv3/FAKE/FaceSwap/Celeb-DF-v2/id31_id34_0009.mp4,FaceSwap/Celeb-DF-v2,id31,id34,0,0.6527951955795288,-0.6527951955795288,0.0,110.40489196777344,30.0,0.0,0.0,0.0,0.0,0.0,0.0
CelebDFv3,/root/Datasets/CelebDFv3/CelebDFv3/FAKE/FaceSwap/GHOST/id22_id24_0005.mp4,FaceSwap/GHOST,id22,id24,0,3.044572353363037,-3.044572353363037,0.0,182.91867065429688,30.0,0.0,0.0,0.0,0.0,0.0,0.0
CelebDFv3,/root/Datasets/CelebDFv3/CelebDFv3/FAKE/FaceSwap/HifiFace/id11_id7_0009.mp4,FaceSwap/HifiFace,id11,id7,0,-1.5071618556976318,1.5071618556976318,0.0,124.00664520263672,30.0,0.0,0.0,0.0,0.0,0.0,0.0
CelebDFv3,/root/Datasets/CelebDFv3/CelebDFv3/FAKE/FaceSwap/InSwapper/id48_id41_0006.mp4,FaceSwap/InSwapper,id48,id41,0,-5.144670486450195,5.144670486450195,0.0,134.42633056640625,30.0,0.0,0.0,0.0,0.0,0.0,0.0
CelebDFv3,/root/Datasets/CelebDFv3/CelebDFv3/FAKE/FaceSwap/MobileFaceSwap/id22_id25_0003.mp4,FaceSwap/MobileFaceSwap,id22,id25,0,-6.742112636566162,6.742112636566162,0.0,172.9647979736328,30.0,0.0,0.0,0.0,0.0,0.0,0.0
CelebDFv3,/root/Datasets/CelebDFv3/CelebDFv3/FAKE/FaceSwap/SimSwap/id54_id55_0006.mp4,FaceSwap/SimSwap,id54,id55,0,3.200432777404785,-3.200432777404785,0.0,236.19569396972656,30.0,0.0,0.0,0.0,0.0,0.0,0.0
CelebDFv3,/root/Datasets/CelebDFv3/CelebDFv3/FAKE/FaceSwap/UniFace/id56_id58_0006.mp4,FaceSwap/UniFace,id56,id58,0,-1.2330827713012695,1.2330827713012695,0.0,93.24738311767578,30.0,0.0,0.0,0.0,0.0,0.0,0.0
CelebDFv3,/root/Datasets/CelebDFv3/CelebDFv3/FAKE/TalkingFace/AniTalker/id56_0004_test_id04232__k0hgacT2zc.mp4,TalkingFace/AniTalker,id56,,0,7.373373985290527,-7.373373985290527,0.0,103.07762908935547,25.0,0.0,0.0,0.0,0.0,0.0,0.0
CelebDFv3,/root/Datasets/CelebDFv3/CelebDFv3/FAKE/TalkingFace/EDTalk/id48_0006_test_id06104_Q5NV5PQuYQQ.mp4,TalkingFace/EDTalk,id48,,0,-1.9954800605773926,1.9954800605773926,0.0,112.40242767333984,25.0,0.0,0.0,0.0,0.0,0.0,0.0
CelebDFv3,/root/Datasets/CelebDFv3/CelebDFv3/FAKE/TalkingFace/EchoMimic/id22_0008_test_id07396_6bbb_NOpqGY.mp4,TalkingFace/EchoMimic,id22,,0,6.284874439239502,-6.284874439239502,0.0,141.0465545654297,24.0,0.0,0.0,0.0,0.0,0.0,0.0
CelebDFv3,/root/Datasets/CelebDFv3/CelebDFv3/FAKE/TalkingFace/FLOAT/id22_0008_test_id04478_nhLuGj0vGb8.mp4,TalkingFace/FLOAT,id22,,0,2.248210906982422,-2.248210906982422,0.0,141.8804931640625,25.0,0.0,0.0,0.0,0.0,0.0,0.0
CelebDFv3,/root/Datasets/CelebDFv3/CelebDFv3/FAKE/TalkingFace/IP_LAP/id54_0000_test_id01593_Clw9yg6Jd34.mp4,TalkingFace/IP_LAP,id54,,0,3.7582993507385254,-3.7582993507385254,0.0,101.75941467285156,25.0,0.0,0.0,0.0,0.0,0.0,0.0
CelebDFv3,/root/Datasets/CelebDFv3/CelebDFv3/FAKE/TalkingFace/Real3DPortrait/id22_0009_test_id01000_yCKyUiCDAWQ.mp4,TalkingFace/Real3DPortrait,id22,,0,-2.637258768081665,2.637258768081665,0.0,114.55304718017578,25.0,0.0,0.0,0.0,0.0,0.0,0.0
CelebDFv3,/root/Datasets/CelebDFv3/CelebDFv3/FAKE/TalkingFace/SadTalker/id31_0002_test_id05015_wFizOLE3-qM.mp4,TalkingFace/SadTalker,id31,,0,1.9450057744979858,-1.9450057744979858,0.0,125.43790435791016,25.0,0.0,0.0,0.0,0.0,0.0,0.0
CelebDFv3,/root/Datasets/CelebDFv3/CelebDFv3/FAKE/FaceReenact/DaGAN/id23_id25_0002.mp4,FaceReenact/DaGAN,id23,id25,0,1.8665351867675781,-1.8665351867675781,0.0,89.32646942138672,30.0,0.0,0.0,0.0,0.0,0.0,0.0
CelebDFv3,/root/Datasets/CelebDFv3/CelebDFv3/FAKE/FaceReenact/FSRT/id22_id23_0001.mp4,FaceReenact/FSRT,id22,id23,0,5.68255090713501,-5.68255090713501,0.0,110.34770965576172,20.0,0.0,0.0,0.0,0.0,0.0,0.0
CelebDFv3,/root/Datasets/CelebDFv3/CelebDFv3/FAKE/FaceReenact/HyperReenact/id23_id33_0006.mp4,FaceReenact/HyperReenact,id23,id33,0,12.314472198486328,-12.314472198486328,0.0,115.81049346923828,25.0,0.0,0.0,0.0,0.0,0.0,0.0
CelebDFv3,/root/Datasets/CelebDFv3/CelebDFv3/FAKE/FaceReenact/LIA/id51_id57_0007.mp4,FaceReenact/LIA,id51,id57,0,0.7264732122421265,-0.7264732122421265,0.0,107.02928924560547,30.0,0.0,0.0,0.0,0.0,0.0,0.0
CelebDFv3,/root/Datasets/CelebDFv3/CelebDFv3/FAKE/FaceReenact/LivePortrait/id31_id20_0002.mp4,FaceReenact/LivePortrait,id31,id20,0,-2.5713579654693604,2.5713579654693604,0.0,150.3411407470703,30.0,0.0,0.0,0.0,0.0,0.0,0.0
CelebDFv3,/root/Datasets/CelebDFv3/CelebDFv3/FAKE/FaceReenact/MCNET/id23_id34_0009.mp4,FaceReenact/MCNET,id23,id34,0,3.4095239639282227,-3.4095239639282227,0.0,86.38037872314453,30.0,0.0,0.0,0.0,0.0,0.0,0.0
CelebDFv3,/root/Datasets/CelebDFv3/CelebDFv3/FAKE/FaceReenact/TPSMM/id31_id20_0001.mp4,FaceReenact/TPSMM,id31,id20,0,4.26983118057251,-4.26983118057251,0.0,116.47893524169922,30.0,0.0,0.0,0.0,0.0,0.0,0.0
CelebDFv3,/root/Datasets/CelebDFv3/CelebDFv3/FAKE/FaceSwap/BlendFace/id51_id58_0000.mp4,FaceSwap/BlendFace,id51,id58,0,-10.189245223999023,10.189245223999023,0.0,232.60694885253906,30.0,0.0,0.0,0.0,0.0,0.0,0.0
CelebDFv3,/root/Datasets/CelebDFv3/CelebDFv3/FAKE/FaceSwap/Celeb-DF-v2/id31_id26_0004.mp4,FaceSwap/Celeb-DF-v2,id31,id26,0,-11.68038558959961,11.68038558959961,0.0,197.5290069580078,30.0,0.0,0.0,0.0,0.0,0.0,0.0
CelebDFv3,/root/Datasets/CelebDFv3/CelebDFv3/FAKE/FaceSwap/GHOST/id51_id58_0002.mp4,FaceSwap/GHOST,id51,id58,0,1.8448514938354492,-1.8448514938354492,0.0,106.376220703125,30.0,0.0,0.0,0.0,0.0,0.0,0.0
CelebDFv3,/root/Datasets/CelebDFv3/CelebDFv3/FAKE/FaceSwap/HifiFace/id25_id23_0005.mp4,FaceSwap/HifiFace,id25,id23,0,2.4298858642578125,-2.4298858642578125,0.0,105.67507934570312,30.0,0.0,0.0,0.0,0.0,0.0,0.0
CelebDFv3,/root/Datasets/CelebDFv3/CelebDFv3/FAKE/FaceSwap/InSwapper/id31_id1_0001.mp4,FaceSwap/InSwapper,id31,id1,0,0.6057469248771667,-0.6057469248771667,0.0,126.14431762695312,30.0,0.0,0.0,0.0,0.0,0.0,0.0
CelebDFv3,/root/Datasets/CelebDFv3/CelebDFv3/FAKE/FaceSwap/MobileFaceSwap/id56_id58_0001.mp4,FaceSwap/MobileFaceSwap,id56,id58,0,0.6308139562606812,-0.6308139562606812,0.0,266.9511413574219,30.0,0.0,0.0,0.0,0.0,0.0,0.0
CelebDFv3,/root/Datasets/CelebDFv3/CelebDFv3/FAKE/FaceSwap/SimSwap/id26_id2_0009.mp4,FaceSwap/SimSwap,id26,id2,0,1.6230791807174683,-1.6230791807174683,0.0,164.20077514648438,30.0,0.0,0.0,0.0,0.0,0.0,0.0
CelebDFv3,/root/Datasets/CelebDFv3/CelebDFv3/FAKE/FaceSwap/UniFace/id31_id28_0007.mp4,FaceSwap/UniFace,id31,id28,0,-1.550269365310669,1.550269365310669,0.0,272.2752990722656,30.0,0.0,0.0,0.0,0.0,0.0,0.0
CelebDFv3,/root/Datasets/CelebDFv3/CelebDFv3/FAKE/TalkingFace/AniTalker/id31_0002_test_id00812_BDoGOx3Jgbk.mp4,TalkingFace/AniTalker,id31,,0,8.898567199707031,-8.898567199707031,0.0,122.55687713623047,25.0,0.0,0.0,0.0,0.0,0.0,0.0
CelebDFv3,/root/Datasets/CelebDFv3/CelebDFv3/FAKE/TalkingFace/EDTalk/id22_0001_test_id01298_tAQVEmDyrPs.mp4,TalkingFace/EDTalk,id22,,0,6.842523574829102,-6.842523574829102,0.0,145.9509735107422,25.0,0.0,0.0,0.0,0.0,0.0,0.0
CelebDFv3,/root/Datasets/CelebDFv3/CelebDFv3/FAKE/TalkingFace/EchoMimic/id8_0007_test_id01618_L0HQTlH8k7A.mp4,TalkingFace/EchoMimic,id8,,0,10.515844345092773,-10.515844345092773,0.0,117.29785919189453,24.0,0.0,0.0,0.0,0.0,0.0,0.0
CelebDFv3,/root/Datasets/CelebDFv3/CelebDFv3/FAKE/TalkingFace/FLOAT/id56_0006_test_id01333_D8Pv2f28x3Q.mp4,TalkingFace/FLOAT,id56,,0,5.310351371765137,-5.310351371765137,0.0,95.9357681274414,25.0,0.0,0.0,0.0,0.0,0.0,0.0
CelebDFv3,/root/Datasets/CelebDFv3/CelebDFv3/FAKE/TalkingFace/IP_LAP/id11_0001_test_id04478_Rk34ptLauAE.mp4,TalkingFace/IP_LAP,id11,,0,9.33926010131836,-9.33926010131836,0.0,113.48563385009766,25.0,0.0,0.0,0.0,0.0,0.0,0.0
CelebDFv3,/root/Datasets/CelebDFv3/CelebDFv3/FAKE/TalkingFace/Real3DPortrait/id26_0007_test_id08552_7kf2EfS9G6Q.mp4,TalkingFace/Real3DPortrait,id26,,0,1.8942723274230957,-1.8942723274230957,0.0,166.65960693359375,25.0,0.0,0.0,0.0,0.0,0.0,0.0
CelebDFv3,/root/Datasets/CelebDFv3/CelebDFv3/FAKE/TalkingFace/SadTalker/id48_0009_test_id07961_l3Xn426T1IE.mp4,TalkingFace/SadTalker,id48,,0,2.342294454574585,-2.342294454574585,0.0,110.91432189941406,25.0,0.0,0.0,0.0,0.0,0.0,0.0
CelebDFv3,/root/Datasets/CelebDFv3/CelebDFv3/FAKE/FaceReenact/DaGAN/id31_id21_0005.mp4,FaceReenact/DaGAN,id31,id21,0,0.3687436580657959,-0.3687436580657959,0.0,104.35177612304688,30.0,0.0,0.0,0.0,0.0,0.0,0.0
CelebDFv3,/root/Datasets/CelebDFv3/CelebDFv3/FAKE/FaceReenact/FSRT/id23_id25_0002.mp4,FaceReenact/FSRT,id23,id25,0,1.2766765356063843,-1.2766765356063843,0.0,90.64669036865234,20.0,0.0,0.0,0.0,0.0,0.0,0.0
CelebDFv3,/root/Datasets/CelebDFv3/CelebDFv3/FAKE/FaceReenact/HyperReenact/id59_id60_0007.mp4,FaceReenact/HyperReenact,id59,id60,0,5.4965057373046875,-5.4965057373046875,0.0,119.88633728027344,25.0,0.0,0.0,0.0,0.0,0.0,0.0
CelebDFv3,/root/Datasets/CelebDFv3/CelebDFv3/FAKE/FaceReenact/LIA/id48_id43_0008.mp4,FaceReenact/LIA,id48,id43,0,-0.09317868202924728,0.09317868202924728,0.0,130.8567657470703,30.0,0.0,0.0,0.0,0.0,0.0,0.0
CelebDFv3,/root/Datasets/CelebDFv3/CelebDFv3/FAKE/FaceReenact/LivePortrait/id48_id45_0005.mp4,FaceReenact/LivePortrait,id48,id45,0,3.3327994346618652,-3.3327994346618652,0.0,141.61187744140625,30.0,0.0,0.0,0.0,0.0,0.0,0.0
CelebDFv3,/root/Datasets/CelebDFv3/CelebDFv3/FAKE/FaceReenact/MCNET/id26_id3_0008.mp4,FaceReenact/MCNET,id26,id3,0,0.7000519633293152,-0.7000519633293152,0.0,115.17854309082031,30.0,0.0,0.0,0.0,0.0,0.0,0.0
CelebDFv3,/root/Datasets/CelebDFv3/CelebDFv3/FAKE/FaceReenact/TPSMM/id31_id35_0000.mp4,FaceReenact/TPSMM,id31,id35,0,4.278670310974121,-4.278670310974121,0.0,123.54086303710938,30.0,0.0,0.0,0.0,0.0,0.0,0.0
CelebDFv3,/root/Datasets/CelebDFv3/CelebDFv3/FAKE/FaceSwap/BlendFace/id48_id39_0007.mp4,FaceSwap/BlendFace,id48,id39,0,0.024196352809667587,-0.024196352809667587,0.0,114.48847198486328,30.0,0.0,0.0,0.0,0.0,0.0,0.0
CelebDFv3,/root/Datasets/CelebDFv3/CelebDFv3/FAKE/FaceSwap/Celeb-DF-v2/id48_id40_0009.mp4,FaceSwap/Celeb-DF-v2,id48,id40,0,1.8110216856002808,-1.8110216856002808,0.0,130.42213439941406,30.0,0.0,0.0,0.0,0.0,0.0,0.0
CelebDFv3,/root/Datasets/CelebDFv3/CelebDFv3/FAKE/FaceSwap/GHOST/id48_id46_0007.mp4,FaceSwap/GHOST,id48,id46,0,0.060628585517406464,-0.060628585517406464,0.0,114.69002532958984,30.0,0.0,0.0,0.0,0.0,0.0,0.0
CelebDFv3,/root/Datasets/CelebDFv3/CelebDFv3/FAKE/FaceSwap/HifiFace/id23_id4_0007.mp4,FaceSwap/HifiFace,id23,id4,0,-9.998340606689453,9.998340606689453,0.0,192.36961364746094,30.0,0.0,0.0,0.0,0.0,0.0,0.0
CelebDFv3,/root/Datasets/CelebDFv3/CelebDFv3/FAKE/FaceSwap/InSwapper/id26_id33_0001.mp4,FaceSwap/InSwapper,id26,id33,0,-5.790106773376465,5.790106773376465,0.0,287.1771545410156,30.0,0.0,0.0,0.0,0.0,0.0,0.0
CelebDFv3,/root/Datasets/CelebDFv3/CelebDFv3/FAKE/FaceSwap/MobileFaceSwap/id23_id30_0009.mp4,FaceSwap/MobileFaceSwap,id23,id30,0,2.4721126556396484,-2.4721126556396484,0.0,139.17330932617188,30.0,0.0,0.0,0.0,0.0,0.0,0.0
CelebDFv3,/root/Datasets/CelebDFv3/CelebDFv3/FAKE/FaceSwap/SimSwap/id23_id27_0006.mp4,FaceSwap/SimSwap,id23,id27,0,-2.877912759780884,2.877912759780884,0.0,110.87976837158203,30.0,0.0,0.0,0.0,0.0,0.0,0.0
CelebDFv3,/root/Datasets/CelebDFv3/CelebDFv3/FAKE/FaceSwap/UniFace/id56_id58_0002.mp4,FaceSwap/UniFace,id56,id58,0,0.1791703701019287,-0.1791703701019287,0.0,108.94275665283203,30.0,0.0,0.0,0.0,0.0,0.0,0.0
CelebDFv3,/root/Datasets/CelebDFv3/CelebDFv3/FAKE/TalkingFace/AniTalker/id59_0006_test_id00817_UOTRcRmKHPQ.mp4,TalkingFace/AniTalker,id59,,0,4.7757182121276855,-4.7757182121276855,0.0,117.21058654785156,25.0,0.0,0.0,0.0,0.0,0.0,0.0
CelebDFv3,/root/Datasets/CelebDFv3/CelebDFv3/FAKE/TalkingFace/EDTalk/id23_0002_test_id01593_NxfyefwggDQ.mp4,TalkingFace/EDTalk,id23,,0,6.808751106262207,-6.808751106262207,0.0,116.52424621582031,25.0,0.0,0.0,0.0,0.0,0.0,0.0
CelebDFv3,/root/Datasets/CelebDFv3/CelebDFv3/FAKE/TalkingFace/EchoMimic/id51_0008_test_id04657_WdJ_DuU0ack.mp4,TalkingFace/EchoMimic,id51,,0,7.559577941894531,-7.559577941894531,0.0,120.6825942993164,24.0,0.0,0.0,0.0,0.0,0.0,0.0
CelebDFv3,/root/Datasets/CelebDFv3/CelebDFv3/FAKE/TalkingFace/FLOAT/id51_0005_test_id08701_IF-okJTentA.mp4,TalkingFace/FLOAT,id51,,0,1.9557428359985352,-1.9557428359985352,0.0,138.2381591796875,25.0,0.0,0.0,0.0,0.0,0.0,0.0
CelebDFv3,/root/Datasets/CelebDFv3/CelebDFv3/FAKE/TalkingFace/IP_LAP/id51_0006_test_id02685_WRyNA6xW_T0.mp4,TalkingFace/IP_LAP,id51,,0,0.18397629261016846,-0.18397629261016846,0.0,107.45066833496094,25.0,0.0,0.0,0.0,0.0,0.0,0.0
CelebDFv3,/root/Datasets/CelebDFv3/CelebDFv3/FAKE/TalkingFace/Real3DPortrait/id56_0004_test_id04366_GAE3onT-CHs.mp4,TalkingFace/Real3DPortrait,id56,,0,2.4062764644622803,-2.4062764644622803,0.0,105.36355590820312,25.0,0.0,0.0,0.0,0.0,0.0,0.0
CelebDFv3,/root/Datasets/CelebDFv3/CelebDFv3/FAKE/TalkingFace/SadTalker/id22_0001_test_id01106_R0NC1aAEl4w.mp4,TalkingFace/SadTalker,id22,,0,8.905169486999512,-8.905169486999512,0.0,117.02664184570312,25.0,0.0,0.0,0.0,0.0,0.0,0.0
CelebDFv3,/root/Datasets/CelebDFv3/CelebDFv3/FAKE/FaceReenact/DaGAN/id31_id33_0000.mp4,FaceReenact/DaGAN,id31,id33,0,2.756753921508789,-2.756753921508789,0.0,94.42636108398438,30.0,0.0,0.0,0.0,0.0,0.0,0.0
CelebDFv3,/root/Datasets/CelebDFv3/CelebDFv3/FAKE/FaceReenact/FSRT/id56_id58_0002.mp4,FaceReenact/FSRT,id56,id58,0,5.895520210266113,-5.895520210266113,0.0,101.21781158447266,20.0,0.0,0.0,0.0,0.0,0.0,0.0
CelebDFv3,/root/Datasets/CelebDFv3/CelebDFv3/FAKE/FaceReenact/HyperReenact/id31_id4_0001.mp4,FaceReenact/HyperReenact,id31,id4,0,7.316816806793213,-7.316816806793213,0.0,121.47776794433594,25.0,0.0,0.0,0.0,0.0,0.0,0.0
CelebDFv3,/root/Datasets/CelebDFv3/CelebDFv3/FAKE/FaceReenact/LIA/id22_id21_0005.mp4,FaceReenact/LIA,id22,id21,0,6.993983268737793,-6.993983268737793,0.0,135.20669555664062,30.0,0.0,0.0,0.0,0.0,0.0,0.0
CelebDFv3,/root/Datasets/CelebDFv3/CelebDFv3/FAKE/FaceReenact/LivePortrait/id54_id51_0003.mp4,FaceReenact/LivePortrait,id54,id51,0,-0.6044056415557861,0.6044056415557861,0.0,172.19447326660156,30.0,0.0,0.0,0.0,0.0,0.0,0.0
CelebDFv3,/root/Datasets/CelebDFv3/CelebDFv3/FAKE/FaceReenact/MCNET/id23_id25_0002.mp4,FaceReenact/MCNET,id23,id25,0,2.554115056991577,-2.554115056991577,0.0,92.17863464355469,30.0,0.0,0.0,0.0,0.0,0.0,0.0
CelebDFv3,/root/Datasets/CelebDFv3/CelebDFv3/FAKE/FaceReenact/TPSMM/id31_id3_0005.mp4,FaceReenact/TPSMM,id31,id3,0,3.8608052730560303,-3.8608052730560303,0.0,104.71293640136719,30.0,0.0,0.0,0.0,0.0,0.0,0.0
CelebDFv3,/root/Datasets/CelebDFv3/CelebDFv3/FAKE/FaceSwap/BlendFace/id26_id35_0002.mp4,FaceSwap/BlendFace,id26,id35,0,-2.4319562911987305,2.4319562911987305,0.0,96.41719818115234,30.0,0.0,0.0,0.0,0.0,0.0,0.0
CelebDFv3,/root/Datasets/CelebDFv3/CelebDFv3/FAKE/FaceSwap/Celeb-DF-v2/id25_id27_0008.mp4,FaceSwap/Celeb-DF-v2,id25,id27,0,1.7527925968170166,-1.7527925968170166,0.0,108.0354232788086,30.0,0.0,0.0,0.0,0.0,0.0,0.0
CelebDFv3,/root/Datasets/CelebDFv3/CelebDFv3/FAKE/FaceSwap/GHOST/id56_id55_0001.mp4,FaceSwap/GHOST,id56,id55,0,0.865644633769989,-0.865644633769989,0.0,273.2010192871094,30.0,0.0,0.0,0.0,0.0,0.0,0.0
CelebDFv3,/root/Datasets/CelebDFv3/CelebDFv3/FAKE/FaceSwap/HifiFace/id54_id51_0003.mp4,FaceSwap/HifiFace,id54,id51,0,0.2732604742050171,-0.2732604742050171,0.0,182.4979248046875,30.0,0.0,0.0,0.0,0.0,0.0,0.0
CelebDFv3,/root/Datasets/CelebDFv3/CelebDFv3/FAKE/FaceSwap/InSwapper/id26_id2_0009.mp4,FaceSwap/InSwapper,id26,id2,0,1.8136961460113525,-1.8136961460113525,0.0,164.57650756835938,30.0,0.0,0.0,0.0,0.0,0.0,0.0
CelebDFv3,/root/Datasets/CelebDFv3/CelebDFv3/FAKE/FaceSwap/MobileFaceSwap/id23_id30_0002.mp4,FaceSwap/MobileFaceSwap,id23,id30,0,2.810983896255493,-2.810983896255493,0.0,93.62443542480469,30.0,0.0,0.0,0.0,0.0,0.0,0.0
CelebDFv3,/root/Datasets/CelebDFv3/CelebDFv3/FAKE/FaceSwap/SimSwap/id48_id40_0001.mp4,FaceSwap/SimSwap,id48,id40,0,-1.5796833038330078,1.5796833038330078,0.0,106.3580322265625,30.0,0.0,0.0,0.0,0.0,0.0,0.0
CelebDFv3,/root/Datasets/CelebDFv3/CelebDFv3/FAKE/FaceSwap/UniFace/id25_id21_0008.mp4,FaceSwap/UniFace,id25,id21,0,1.9068026542663574,-1.9068026542663574,0.0,107.91542053222656,30.0,0.0,0.0,0.0,0.0,0.0,0.0
CelebDFv3,/root/Datasets/CelebDFv3/CelebDFv3/FAKE/TalkingFace/AniTalker/id51_0008_test_id01106_q01vvmTSJ9I.mp4,TalkingFace/AniTalker,id51,,0,5.980104923248291,-5.980104923248291,0.0,106.71600341796875,25.0,0.0,0.0,0.0,0.0,0.0,0.0
CelebDFv3,/root/Datasets/CelebDFv3/CelebDFv3/FAKE/TalkingFace/EDTalk/id26_0001_test_id03524_T8R_BWJi2KI.mp4,TalkingFace/EDTalk,id26,,0,9.277892112731934,-9.277892112731934,0.0,123.61343383789062,25.0,0.0,0.0,0.0,0.0,0.0,0.0
CelebDFv3,/root/Datasets/CelebDFv3/CelebDFv3/FAKE/TalkingFace/EchoMimic/id23_0000_test_id01509_6wp2Lht90Fw.mp4,TalkingFace/EchoMimic,id23,,0,9.130390167236328,-9.130390167236328,0.0,122.172119140625,24.0,0.0,0.0,0.0,0.0,0.0,0.0
CelebDFv3,/root/Datasets/CelebDFv3/CelebDFv3/FAKE/TalkingFace/FLOAT/id25_0007_test_id00812_uCF5yBvYa9k.mp4,TalkingFace/FLOAT,id25,,0,6.631222248077393,-6.631222248077393,0.0,116.44758605957031,25.0,0.0,0.0,0.0,0.0,0.0,0.0
CelebDFv3,/root/Datasets/CelebDFv3/CelebDFv3/FAKE/TalkingFace/IP_LAP/id8_0004_test_id06816_9-ZbztA8Lh8.mp4,TalkingFace/IP_LAP,id8,,0,-0.7668083906173706,0.7668083906173706,0.0,235.79888916015625,25.0,0.0,0.0,0.0,0.0,0.0,0.0
CelebDFv3,/root/Datasets/CelebDFv3/CelebDFv3/FAKE/TalkingFace/Real3DPortrait/id31_0008_test_id04536_OYH-6uGB6jI.mp4,TalkingFace/Real3DPortrait,id31,,0,8.620912551879883,-8.620912551879883,0.0,137.08865356445312,25.0,0.0,0.0,0.0,0.0,0.0,0.0
CelebDFv3,/root/Datasets/CelebDFv3/CelebDFv3/FAKE/TalkingFace/SadTalker/id31_0006_test_id05654_lgnVNGGeF7E.mp4,TalkingFace/SadTalker,id31,,0,-1.7271562814712524,1.7271562814712524,0.0,165.94760131835938,25.0,0.0,0.0,0.0,0.0,0.0,0.0
CelebDFv3,/root/Datasets/CelebDFv3/CelebDFv3/FAKE/FaceReenact/DaGAN/id31_id33_0009.mp4,FaceReenact/DaGAN,id31,id33,0,0.2242954969406128,-0.2242954969406128,0.0,110.57643127441406,30.0,0.0,0.0,0.0,0.0,0.0,0.0
CelebDFv3,/root/Datasets/CelebDFv3/CelebDFv3/FAKE/FaceReenact/FSRT/id51_id49_0004.mp4,FaceReenact/FSRT,id51,id49,0,3.0440096855163574,-3.0440096855163574,0.0,111.67354583740234,20.0,0.0,0.0,0.0,0.0,0.0,0.0
CelebDFv3,/root/Datasets/CelebDFv3/CelebDFv3/FAKE/FaceReenact/HyperReenact/id48_id44_0000.mp4,FaceReenact/HyperReenact,id48,id44,0,-1.0248360633850098,1.0248360633850098,0.0,130.74615478515625,25.0,0.0,0.0,0.0,0.0,0.0,0.0
CelebDFv3,/root/Datasets/CelebDFv3/CelebDFv3/FAKE/FaceReenact/LIA/id31_id16_0005.mp4,FaceReenact/LIA,id31,id16,0,-1.7792073488235474,1.7792073488235474,0.0,111.99066925048828,30.0,0.0,0.0,0.0,0.0,0.0,0.0
CelebDFv3,/root/Datasets/CelebDFv3/CelebDFv3/FAKE/FaceReenact/LivePortrait/id56_id54_0001.mp4,FaceReenact/LivePortrait,id56,id54,0,-2.6908528804779053,2.6908528804779053,0.0,268.9901428222656,30.0,0.0,0.0,0.0,0.0,0.0,0.0
CelebDFv3,/root/Datasets/CelebDFv3/CelebDFv3/FAKE/FaceReenact/MCNET/id23_id2_0006.mp4,FaceReenact/MCNET,id23,id2,0,7.924849033355713,-7.924849033355713,0.0,90.51848602294922,30.0,0.0,0.0,0.0,0.0,0.0,0.0
CelebDFv3,/root/Datasets/CelebDFv3/CelebDFv3/FAKE/FaceReenact/TPSMM/id23_id31_0007.mp4,FaceReenact/TPSMM,id23,id31,0,7.2589521408081055,-7.2589521408081055,0.0,123.1751708984375,30.0,0.0,0.0,0.0,0.0,0.0,0.0
CelebDFv3,/root/Datasets/CelebDFv3/CelebDFv3/FAKE/FaceSwap/BlendFace/id31_id34_0006.mp4,FaceSwap/BlendFace,id31,id34,0,-7.29213809967041,7.29213809967041,0.0,208.95816040039062,30.0,0.0,0.0,0.0,0.0,0.0,0.0
CelebDFv3,/root/Datasets/CelebDFv3/CelebDFv3/FAKE/FaceSwap/Celeb-DF-v2/id56_id57_0002.mp4,FaceSwap/Celeb-DF-v2,id56,id57,0,-0.04896083474159241,0.04896083474159241,0.0,108.32821655273438,30.0,0.0,0.0,0.0,0.0,0.0,0.0
CelebDFv3,/root/Datasets/CelebDFv3/CelebDFv3/FAKE/FaceSwap/GHOST/id23_id26_0001.mp4,FaceSwap/GHOST,id23,id26,0,4.679596900939941,-4.679596900939941,0.0,121.50313568115234,30.0,0.0,0.0,0.0,0.0,0.0,0.0
CelebDFv3,/root/Datasets/CelebDFv3/CelebDFv3/FAKE/FaceSwap/HifiFace/id31_id1_0001.mp4,FaceSwap/HifiFace,id31,id1,0,0.8218743801116943,-0.8218743801116943,0.0,126.2962875366211,30.0,0.0,0.0,0.0,0.0,0.0,0.0
CelebDFv3,/root/Datasets/CelebDFv3/CelebDFv3/FAKE/FaceSwap/InSwapper/id54_id55_0008.mp4,FaceSwap/InSwapper,id54,id55,0,-1.2092137336730957,1.2092137336730957,0.0,127.83653259277344,30.0,0.0,0.0,0.0,0.0,0.0,0.0
CelebDFv3,/root/Datasets/CelebDFv3/CelebDFv3/FAKE/FaceSwap/MobileFaceSwap/id23_id22_0009.mp4,FaceSwap/MobileFaceSwap,id23,id22,0,2.4952540397644043,-2.4952540397644043,0.0,139.71824645996094,30.0,0.0,0.0,0.0,0.0,0.0,0.0
CelebDFv3,/root/Datasets/CelebDFv3/CelebDFv3/FAKE/FaceSwap/SimSwap/id31_id29_0000.mp4,FaceSwap/SimSwap,id31,id29,0,-4.0997843742370605,4.0997843742370605,0.0,148.6195526123047,30.0,0.0,0.0,0.0,0.0,0.0,0.0
CelebDFv3,/root/Datasets/CelebDFv3/CelebDFv3/FAKE/FaceSwap/UniFace/id23_id3_0009.mp4,FaceSwap/UniFace,id23,id3,0,2.3808937072753906,-2.3808937072753906,0.0,140.19677734375,30.0,0.0,0.0,0.0,0.0,0.0,0.0
CelebDFv3,/root/Datasets/CelebDFv3/CelebDFv3/FAKE/TalkingFace/AniTalker/id8_0008_test_id01460_oxJYG8REHG8.mp4,TalkingFace/AniTalker,id8,,0,13.972900390625,-13.972900390625,0.0,124.22225952148438,25.0,0.0,0.0,0.0,0.0,0.0,0.0
CelebDFv3,/root/Datasets/CelebDFv3/CelebDFv3/FAKE/TalkingFace/EDTalk/id23_0005_test_id01228_555V_nuzxtA.mp4,TalkingFace/EDTalk,id23,,0,5.9307990074157715,-5.9307990074157715,0.0,124.56808471679688,25.0,0.0,0.0,0.0,0.0,0.0,0.0
CelebDFv3,/root/Datasets/CelebDFv3/CelebDFv3/FAKE/TalkingFace/EchoMimic/id31_0006_test_id05055_Z0DjeR0jKFs.mp4,TalkingFace/EchoMimic,id31,,0,3.7521355152130127,-3.7521355152130127,0.0,158.1415557861328,24.0,0.0,0.0,0.0,0.0,0.0,0.0
CelebDFv3,/root/Datasets/CelebDFv3/CelebDFv3/FAKE/TalkingFace/FLOAT/id25_0003_test_id08374_rOOlBgksuAY.mp4,TalkingFace/FLOAT,id25,,0,8.434226036071777,-8.434226036071777,0.0,128.9366912841797,25.0,0.0,0.0,0.0,0.0,0.0,0.0
CelebDFv3,/root/Datasets/CelebDFv3/CelebDFv3/FAKE/TalkingFace/IP_LAP/id59_0001_test_id05459_3TI6dVmEwzw.mp4,TalkingFace/IP_LAP,id59,,0,2.348668098449707,-2.348668098449707,0.0,232.1592559814453,25.0,0.0,0.0,0.0,0.0,0.0,0.0
CelebDFv3,/root/Datasets/CelebDFv3/CelebDFv3/FAKE/TalkingFace/Real3DPortrait/id26_0001_test_id03789_KMozTvI2He0.mp4,TalkingFace/Real3DPortrait,id26,,0,-0.9821019768714905,0.9821019768714905,0.0,121.13739776611328,25.0,0.0,0.0,0.0,0.0,0.0,0.0
CelebDFv3,/root/Datasets/CelebDFv3/CelebDFv3/FAKE/TalkingFace/SadTalker/id26_0007_test_id05055_9wdCne17C3Y.mp4,TalkingFace/SadTalker,id26,,0,4.224477767944336,-4.224477767944336,0.0,161.12184143066406,25.0,0.0,0.0,0.0,0.0,0.0,0.0
CelebDFv3,/root/Datasets/CelebDFv3/CelebDFv3/FAKE/FaceReenact/DaGAN/id23_id25_0007.mp4,FaceReenact/DaGAN,id23,id25,0,5.733539581298828,-5.733539581298828,0.0,105.3988037109375,30.0,0.0,0.0,0.0,0.0,0.0,0.0
CelebDFv3,/root/Datasets/CelebDFv3/CelebDFv3/FAKE/FaceReenact/FSRT/id11_id7_0009.mp4,FaceReenact/FSRT,id11,id7,0,1.0940901041030884,-1.0940901041030884,0.0,87.03021240234375,20.0,0.0,0.0,0.0,0.0,0.0,0.0
CelebDFv3,/root/Datasets/CelebDFv3/CelebDFv3/FAKE/FaceReenact/HyperReenact/id11_id7_0008.mp4,FaceReenact/HyperReenact,id11,id7,0,8.638599395751953,-8.638599395751953,0.0,107.52888488769531,25.0,0.0,0.0,0.0,0.0,0.0,0.0
CelebDFv3,/root/Datasets/CelebDFv3/CelebDFv3/FAKE/FaceReenact/LIA/id54_id57_0006.mp4,FaceReenact/LIA,id54,id57,0,0.9557085037231445,-0.9557085037231445,0.0,164.4392852783203,29.0,0.0,0.0,0.0,0.0,0.0,0.0
CelebDFv3,/root/Datasets/CelebDFv3/CelebDFv3/FAKE/FaceReenact/LivePortrait/id23_id22_0009.mp4,FaceReenact/LivePortrait,id23,id22,0,0.43074360489845276,-0.43074360489845276,0.0,130.05519104003906,30.0,0.0,0.0,0.0,0.0,0.0,0.0
CelebDFv3,/root/Datasets/CelebDFv3/CelebDFv3/FAKE/FaceReenact/MCNET/id48_id44_0000.mp4,FaceReenact/MCNET,id48,id44,0,0.5946677923202515,-0.5946677923202515,0.0,136.3185577392578,30.0,0.0,0.0,0.0,0.0,0.0,0.0
CelebDFv3,/root/Datasets/CelebDFv3/CelebDFv3/FAKE/FaceReenact/TPSMM/id23_id22_0009.mp4,FaceReenact/TPSMM,id23,id22,0,4.177462100982666,-4.177462100982666,0.0,107.4327163696289,30.0,0.0,0.0,0.0,0.0,0.0,0.0
CelebDFv3,/root/Datasets/CelebDFv3/CelebDFv3/FAKE/FaceSwap/BlendFace/id26_id29_0008.mp4,FaceSwap/BlendFace,id26,id29,0,0.08281362801790237,-0.08281362801790237,0.0,102.54438018798828,30.0,0.0,0.0,0.0,0.0,0.0,0.0
CelebDFv3,/root/Datasets/CelebDFv3/CelebDFv3/FAKE/FaceSwap/Celeb-DF-v2/id23_id29_0006.mp4,FaceSwap/Celeb-DF-v2,id23,id29,0,-2.8097991943359375,2.8097991943359375,0.0,110.82283020019531,30.0,0.0,0.0,0.0,0.0,0.0,0.0
CelebDFv3,/root/Datasets/CelebDFv3/CelebDFv3/FAKE/FaceSwap/GHOST/id26_id24_0001.mp4,FaceSwap/GHOST,id26,id24,0,-6.025158882141113,6.025158882141113,0.0,287.0804138183594,30.0,0.0,0.0,0.0,0.0,0.0,0.0
CelebDFv3,/root/Datasets/CelebDFv3/CelebDFv3/FAKE/FaceSwap/HifiFace/id31_id2_0005.mp4,FaceSwap/HifiFace,id31,id2,0,-4.810132026672363,4.810132026672363,0.0,107.50334167480469,30.0,0.0,0.0,0.0,0.0,0.0,0.0
CelebDFv3,/root/Datasets/CelebDFv3/CelebDFv3/FAKE/FaceSwap/InSwapper/id23_id29_0005.mp4,FaceSwap/InSwapper,id23,id29,0,1.3580231666564941,-1.3580231666564941,0.0,87.18147277832031,30.0,0.0,0.0,0.0,0.0,0.0,0.0
CelebDFv3,/root/Datasets/CelebDFv3/CelebDFv3/FAKE/FaceSwap/MobileFaceSwap/id23_id38_0001.mp4,FaceSwap/MobileFaceSwap,id23,id38,0,4.778200149536133,-4.778200149536133,0.0,120.85314178466797,30.0,0.0,0.0,0.0,0.0,0.0,0.0
CelebDFv3,/root/Datasets/CelebDFv3/CelebDFv3/FAKE/FaceSwap/SimSwap/id25_id23_0005.mp4,FaceSwap/SimSwap,id25,id23,0,2.604264736175537,-2.604264736175537,0.0,105.89958953857422,30.0,0.0,0.0,0.0,0.0,0.0,0.0
CelebDFv3,/root/Datasets/CelebDFv3/CelebDFv3/FAKE/FaceSwap/UniFace/id51_id55_0004.mp4,FaceSwap/UniFace,id51,id55,0,-1.6540716886520386,1.6540716886520386,0.0,105.0224609375,29.0,0.0,0.0,0.0,0.0,0.0,0.0
CelebDFv3,/root/Datasets/CelebDFv3/CelebDFv3/FAKE/TalkingFace/AniTalker/id48_0001_test_id04295_GLhfd-vlEOM.mp4,TalkingFace/AniTalker,id48,,0,8.430734634399414,-8.430734634399414,0.0,107.47608947753906,25.0,0.0,0.0,0.0,0.0,0.0,0.0
CelebDFv3,/root/Datasets/CelebDFv3/CelebDFv3/FAKE/TalkingFace/EDTalk/id11_0010_test_id04656_6N_AmGKcdZo.mp4,TalkingFace/EDTalk,id11,,0,4.805283546447754,-4.805283546447754,0.0,109.54288482666016,25.0,0.0,0.0,0.0,0.0,0.0,0.0
CelebDFv3,/root/Datasets/CelebDFv3/CelebDFv3/FAKE/TalkingFace/EchoMimic/id22_0006_test_id03030_wcPmp1C6XeU.mp4,TalkingFace/EchoMimic,id22,,0,12.087321281433105,-12.087321281433105,0.0,126.3786392211914,24.0,0.0,0.0,0.0,0.0,0.0,0.0
CelebDFv3,/root/Datasets/CelebDFv3/CelebDFv3/FAKE/TalkingFace/FLOAT/id8_0006_test_id01298_xv4IT9v17l4.mp4,TalkingFace/FLOAT,id8,,0,4.727715969085693,-4.727715969085693,0.0,102.08332061767578,25.0,0.0,0.0,0.0,0.0,0.0,0.0
CelebDFv3,/root/Datasets/CelebDFv3/CelebDFv3/FAKE/TalkingFace/IP_LAP/id59_0009_test_id08374_nrw4btrElp8.mp4,TalkingFace/IP_LAP,id59,,0,-0.5741773247718811,0.5741773247718811,0.0,128.13583374023438,25.0,0.0,0.0,0.0,0.0,0.0,0.0
CelebDFv3,/root/Datasets/CelebDFv3/CelebDFv3/FAKE/TalkingFace/Real3DPortrait/id31_0000_test_id00081_OP-1HtS2Jmo.mp4,TalkingFace/Real3DPortrait,id31,,0,1.8583015203475952,-1.8583015203475952,0.0,131.0823516845703,25.0,0.0,0.0,0.0,0.0,0.0,0.0
CelebDFv3,/root/Datasets/CelebDFv3/CelebDFv3/FAKE/TalkingFace/SadTalker/id51_0003_test_id01228_ITBk58yOpCM.mp4,TalkingFace/SadTalker,id51,,0,0.5226051807403564,-0.5226051807403564,0.0,180.7198944091797,25.0,0.0,0.0,0.0,0.0,0.0,0.0
CelebDFv3,/root/Datasets/CelebDFv3/CelebDFv3/FAKE/FaceReenact/DaGAN/id23_id1_0002.mp4,FaceReenact/DaGAN,id23,id1,0,7.227600574493408,-7.227600574493408,0.0,111.37317657470703,30.0,0.0,0.0,0.0,0.0,0.0,0.0
CelebDFv3,/root/Datasets/CelebDFv3/CelebDFv3/FAKE/FaceReenact/FSRT/id23_id30_0002.mp4,FaceReenact/FSRT,id23,id30,0,6.477740287780762,-6.477740287780762,0.0,101.53946685791016,20.0,0.0,0.0,0.0,0.0,0.0,0.0
CelebDFv3,/root/Datasets/CelebDFv3/CelebDFv3/FAKE/FaceReenact/HyperReenact/id51_id56_0005.mp4,FaceReenact/HyperReenact,id51,id56,0,1.19101881980896,-1.19101881980896,0.0,153.22459411621094,25.0,0.0,0.0,0.0,0.0,0.0,0.0
CelebDFv3,/root/Datasets/CelebDFv3/CelebDFv3/FAKE/FaceReenact/LIA/id51_id49_0001.mp4,FaceReenact/LIA,id51,id49,0,3.017580986022949,-3.017580986022949,0.0,137.00511169433594,30.0,0.0,0.0,0.0,0.0,0.0,0.0
CelebDFv3,/root/Datasets/CelebDFv3/CelebDFv3/FAKE/FaceReenact/LivePortrait/id48_id45_0008.mp4,FaceReenact/LivePortrait,id48,id45,0,-3.469296455383301,3.469296455383301,0.0,125.92890930175781,30.0,0.0,0.0,0.0,0.0,0.0,0.0
CelebDFv3,/root/Datasets/CelebDFv3/CelebDFv3/FAKE/FaceReenact/MCNET/id23_id0_0008.mp4,FaceReenact/MCNET,id23,id0,0,0.3846190571784973,-0.3846190571784973,0.0,89.94416046142578,30.0,0.0,0.0,0.0,0.0,0.0,0.0
CelebDFv3,/root/Datasets/CelebDFv3/CelebDFv3/FAKE/FaceReenact/TPSMM/id26_id6_0006.mp4,FaceReenact/TPSMM,id26,id6,0,2.4933488368988037,-2.4933488368988037,0.0,186.43362426757812,30.0,0.0,0.0,0.0,0.0,0.0,0.0
CelebDFv3,/root/Datasets/CelebDFv3/CelebDFv3/FAKE/FaceSwap/BlendFace/id31_id32_0001.mp4,FaceSwap/BlendFace,id31,id32,0,0.9907941818237305,-0.9907941818237305,0.0,123.91722106933594,30.0,0.0,0.0,0.0,0.0,0.0,0.0
CelebDFv3,/root/Datasets/CelebDFv3/CelebDFv3/FAKE/FaceSwap/Celeb-DF-v2/id56_id49_0000.mp4,FaceSwap/Celeb-DF-v2,id56,id49,0,-0.6986693143844604,0.6986693143844604,0.0,96.74005889892578,30.0,0.0,0.0,0.0,0.0,0.0,0.0
CelebDFv3,/root/Datasets/CelebDFv3/CelebDFv3/FAKE/FaceSwap/GHOST/id51_id53_0006.mp4,FaceSwap/GHOST,id51,id53,0,-5.626199722290039,5.626199722290039,0.0,201.57366943359375,29.900009155273438,0.0,0.0,0.0,0.0,0.0,0.0
CelebDFv3,/root/Datasets/CelebDFv3/CelebDFv3/FAKE/FaceSwap/HifiFace/id51_id49_0005.mp4,FaceSwap/HifiFace,id51,id49,0,1.5744068622589111,-1.5744068622589111,0.0,119.01274108886719,30.0,0.0,0.0,0.0,0.0,0.0,0.0
CelebDFv3,/root/Datasets/CelebDFv3/CelebDFv3/FAKE/FaceSwap/InSwapper/id31_id29_0000.mp4,FaceSwap/InSwapper,id31,id29,0,-4.097307205200195,4.097307205200195,0.0,148.31752014160156,30.0,0.0,0.0,0.0,0.0,0.0,0.0
CelebDFv3,/root/Datasets/CelebDFv3/CelebDFv3/FAKE/FaceSwap/MobileFaceSwap/id48_id42_0003.mp4,FaceSwap/MobileFaceSwap,id48,id42,0,3.2794246673583984,-3.2794246673583984,0.0,121.66609954833984,30.0,0.0,0.0,0.0,0.0,0.0,0.0
CelebDFv3,/root/Datasets/CelebDFv3/CelebDFv3/FAKE/FaceSwap/SimSwap/id48_id47_0008.mp4,FaceSwap/SimSwap,id48,id47,0,-5.483180046081543,5.483180046081543,0.0,128.95050048828125,30.0,0.0,0.0,0.0,0.0,0.0,0.0
CelebDFv3,/root/Datasets/CelebDFv3/CelebDFv3/FAKE/FaceSwap/UniFace/id23_id34_0000.mp4,FaceSwap/UniFace,id23,id34,0,2.6807076930999756,-2.6807076930999756,0.0,99.63818359375,30.0,0.0,0.0,0.0,0.0,0.0,0.0
CelebDFv3,/root/Datasets/CelebDFv3/CelebDFv3/FAKE/TalkingFace/AniTalker/id22_0001_test_id01106_R0NC1aAEl4w.mp4,TalkingFace/AniTalker,id22,,0,7.238720893859863,-7.238720893859863,0.0,124.63589477539062,25.0,0.0,0.0,0.0,0.0,0.0,0.0
CelebDFv3,/root/Datasets/CelebDFv3/CelebDFv3/FAKE/TalkingFace/EDTalk/id51_0001_test_id02465_TbOsi8GikfM.mp4,TalkingFace/EDTalk,id51,,0,4.2768425941467285,-4.2768425941467285,0.0,135.10169982910156,25.0,0.0,0.0,0.0,0.0,0.0,0.0
CelebDFv3,/root/Datasets/CelebDFv3/CelebDFv3/FAKE/TalkingFace/EchoMimic/id25_0003_test_id06811_szilQ-DsQIo.mp4,TalkingFace/EchoMimic,id25,,0,10.472565650939941,-10.472565650939941,0.0,132.9600830078125,24.0,0.0,0.0,0.0,0.0,0.0,0.0
CelebDFv3,/root/Datasets/CelebDFv3/CelebDFv3/FAKE/TalkingFace/FLOAT/id23_0003_test_id05055_n6FlxBOgOy4.mp4,TalkingFace/FLOAT,id23,,0,0.1831052452325821,-0.1831052452325821,0.0,107.39628601074219,25.0,0.0,0.0,0.0,0.0,0.0,0.0
CelebDFv3,/root/Datasets/CelebDFv3/CelebDFv3/FAKE/TalkingFace/IP_LAP/id31_0002_test_id00562_9LAZqHI80BY.mp4,TalkingFace/IP_LAP,id31,,0,3.81280255317688,-3.81280255317688,0.0,119.39708709716797,25.0,0.0,0.0,0.0,0.0,0.0,0.0
CelebDFv3,/root/Datasets/CelebDFv3/CelebDFv3/FAKE/TalkingFace/Real3DPortrait/id25_0001_test_id02576_5dQTvY26piw.mp4,TalkingFace/Real3DPortrait,id25,,0,4.323723316192627,-4.323723316192627,0.0,145.69821166992188,25.0,0.0,0.0,0.0,0.0,0.0,0.0
CelebDFv3,/root/Datasets/CelebDFv3/CelebDFv3/FAKE/TalkingFace/SadTalker/id25_0005_test_id01822_jmFGgwXCuW0.mp4,TalkingFace/SadTalker,id25,,0,9.36575698852539,-9.36575698852539,0.0,110.26239013671875,25.0,0.0,0.0,0.0,0.0,0.0,0.0
CelebDFv3,/root/Datasets/CelebDFv3/CelebDFv3/FAKE/FaceReenact/DaGAN/id59_id5_0004.mp4,FaceReenact/DaGAN,id59,id5,0,-0.725731372833252,0.725731372833252,0.0,218.38951110839844,30.0,0.0,0.0,0.0,0.0,0.0,0.0
CelebDFv3,/root/Datasets/CelebDFv3/CelebDFv3/FAKE/FaceReenact/FSRT/id51_id50_0008.mp4,FaceReenact/FSRT,id51,id50,0,3.0133278369903564,-3.0133278369903564,0.0,98.4241943359375,20.0,0.0,0.0,0.0,0.0,0.0,0.0
CelebDFv3,/root/Datasets/CelebDFv3/CelebDFv3/FAKE/FaceReenact/HyperReenact/id26_id29_0008.mp4,FaceReenact/HyperReenact,id26,id29,0,6.256345748901367,-6.256345748901367,0.0,110.28836822509766,25.0,0.0,0.0,0.0,0.0,0.0,0.0
CelebDFv3,/root/Datasets/CelebDFv3/CelebDFv3/FAKE/FaceReenact/LIA/id26_id0_0000.mp4,FaceReenact/LIA,id26,id0,0,1.6052520275115967,-1.6052520275115967,0.0,102.55477905273438,30.0,0.0,0.0,0.0,0.0,0.0,0.0
CelebDFv3,/root/Datasets/CelebDFv3/CelebDFv3/FAKE/FaceReenact/LivePortrait/id56_id54_0008.mp4,FaceReenact/LivePortrait,id56,id54,0,-1.574547290802002,1.574547290802002,0.0,128.328125,30.0,0.0,0.0,0.0,0.0,0.0,0.0
CelebDFv3,/root/Datasets/CelebDFv3/CelebDFv3/FAKE/FaceReenact/MCNET/id26_id30_0003.mp4,FaceReenact/MCNET,id26,id30,0,0.07715845108032227,-0.07715845108032227,0.0,271.066162109375,30.0,0.0,0.0,0.0,0.0,0.0,0.0
CelebDFv3,/root/Datasets/CelebDFv3/CelebDFv3/FAKE/FaceReenact/TPSMM/id23_id29_0002.mp4,FaceReenact/TPSMM,id23,id29,0,4.372035026550293,-4.372035026550293,0.0,107.72738647460938,30.0,0.0,0.0,0.0,0.0,0.0,0.0
CelebDFv3,/root/Datasets/CelebDFv3/CelebDFv3/FAKE/FaceSwap/BlendFace/id31_id26_0007.mp4,FaceSwap/BlendFace,id31,id26,0,-1.6168866157531738,1.6168866157531738,0.0,272.7799072265625,30.0,0.0,0.0,0.0,0.0,0.0,0.0
CelebDFv3,/root/Datasets/CelebDFv3/CelebDFv3/FAKE/FaceSwap/Celeb-DF-v2/id23_id24_0007.mp4,FaceSwap/Celeb-DF-v2,id23,id24,0,-9.868705749511719,9.868705749511719,0.0,192.5099334716797,30.0,0.0,0.0,0.0,0.0,0.0,0.0
CelebDFv3,/root/Datasets/CelebDFv3/CelebDFv3/FAKE/FaceSwap/GHOST/id23_id4_0007.mp4,FaceSwap/GHOST,id23,id4,0,-9.891462326049805,9.891462326049805,0.0,192.32823181152344,30.0,0.0,0.0,0.0,0.0,0.0,0.0
CelebDFv3,/root/Datasets/CelebDFv3/CelebDFv3/FAKE/FaceSwap/HifiFace/id23_id27_0006.mp4,FaceSwap/HifiFace,id23,id27,0,-2.9325857162475586,2.9325857162475586,0.0,111.57662200927734,30.0,0.0,0.0,0.0,0.0,0.0,0.0
CelebDFv3,/root/Datasets/CelebDFv3/CelebDFv3/FAKE/FaceSwap/InSwapper/id56_id57_0008.mp4,FaceSwap/InSwapper,id56,id57,0,-1.8545794486999512,1.8545794486999512,0.0,120.8901138305664,30.0,0.0,0.0,0.0,0.0,0.0,0.0
CelebDFv3,/root/Datasets/CelebDFv3/CelebDFv3/FAKE/FaceSwap/MobileFaceSwap/id26_id33_0006.mp4,FaceSwap/MobileFaceSwap,id26,id33,0,12.363069534301758,-12.363069534301758,0.0,179.31521606445312,30.0,0.0,0.0,0.0,0.0,0.0,0.0
CelebDFv3,/root/Datasets/CelebDFv3/CelebDFv3/FAKE/FaceSwap/SimSwap/id56_id55_0001.mp4,FaceSwap/SimSwap,id56,id55,0,0.8944107890129089,-0.8944107890129089,0.0,271.09423828125,30.0,0.0,0.0,0.0,0.0,0.0,0.0
CelebDFv3,/root/Datasets/CelebDFv3/CelebDFv3/FAKE/FaceSwap/UniFace/id31_id34_0004.mp4,FaceSwap/UniFace,id31,id34,0,-11.557101249694824,11.557101249694824,0.0,197.4375457763672,30.0,0.0,0.0,0.0,0.0,0.0,0.0
CelebDFv3,/root/Datasets/CelebDFv3/CelebDFv3/FAKE/TalkingFace/AniTalker/id26_0004_test_id05654_veGIQ7p2ZSk.mp4,TalkingFace/AniTalker,id26,,0,7.041744709014893,-7.041744709014893,0.0,131.52252197265625,25.0,0.0,0.0,0.0,0.0,0.0,0.0
CelebDFv3,/root/Datasets/CelebDFv3/CelebDFv3/FAKE/TalkingFace/EDTalk/id25_0007_test_id00926_daYw42Tsdgs.mp4,TalkingFace/EDTalk,id25,,0,7.456104755401611,-7.456104755401611,0.0,129.6666717529297,25.0,0.0,0.0,0.0,0.0,0.0,0.0
CelebDFv3,/root/Datasets/CelebDFv3/CelebDFv3/FAKE/TalkingFace/EchoMimic/id11_0004_test_id05015_cveAkY4KXUk.mp4,TalkingFace/EchoMimic,id11,,0,5.533256530761719,-5.533256530761719,0.0,145.71383666992188,24.0,0.0,0.0,0.0,0.0,0.0,0.0
CelebDFv3,/root/Datasets/CelebDFv3/CelebDFv3/FAKE/TalkingFace/FLOAT/id25_0005_test_id01106_6SFpvp42pMA.mp4,TalkingFace/FLOAT,id25,,0,8.521318435668945,-8.521318435668945,0.0,102.44657897949219,25.0,0.0,0.0,0.0,0.0,0.0,0.0
CelebDFv3,/root/Datasets/CelebDFv3/CelebDFv3/FAKE/TalkingFace/IP_LAP/id23_0006_test_id02057_QZYXK4dWZoY.mp4,TalkingFace/IP_LAP,id23,,0,7.007667541503906,-7.007667541503906,0.0,95.51715850830078,25.0,0.0,0.0,0.0,0.0,0.0,0.0
CelebDFv3,/root/Datasets/CelebDFv3/CelebDFv3/FAKE/TalkingFace/Real3DPortrait/id22_0004_test_id02576_bY-XT2wrs10.mp4,TalkingFace/Real3DPortrait,id22,,0,4.0502800941467285,-4.0502800941467285,0.0,150.55812072753906,25.0,0.0,0.0,0.0,0.0,0.0,0.0
CelebDFv3,/root/Datasets/CelebDFv3/CelebDFv3/FAKE/TalkingFace/SadTalker/id59_0007_test_id07621_50AxdGn25as.mp4,TalkingFace/SadTalker,id59,,0,3.3343470096588135,-3.3343470096588135,0.0,119.72577667236328,25.0,0.0,0.0,0.0,0.0,0.0,0.0
CelebDFv3,/root/Datasets/CelebDFv3/CelebDFv3/FAKE/FaceReenact/DaGAN/id8_id1_0003.mp4,FaceReenact/DaGAN,id8,id1,0,0.7101507186889648,-0.7101507186889648,0.0,115.91474914550781,30.0,0.0,0.0,0.0,0.0,0.0,0.0
CelebDFv3,/root/Datasets/CelebDFv3/CelebDFv3/FAKE/FaceReenact/FSRT/id59_id61_0004.mp4,FaceReenact/FSRT,id59,id61,0,-2.2630152702331543,2.2630152702331543,0.0,215.52999877929688,20.0,0.0,0.0,0.0,0.0,0.0,0.0
CelebDFv3,/root/Datasets/CelebDFv3/CelebDFv3/FAKE/FaceReenact/HyperReenact/id23_id16_0007.mp4,FaceReenact/HyperReenact,id23,id16,0,6.904259204864502,-6.904259204864502,0.0,117.3616943359375,25.0,0.0,0.0,0.0,0.0,0.0,0.0
CelebDFv3,/root/Datasets/CelebDFv3/CelebDFv3/FAKE/FaceReenact/LIA/id23_id30_0009.mp4,FaceReenact/LIA,id23,id30,0,7.5996246337890625,-7.5996246337890625,0.0,129.24659729003906,30.0,0.0,0.0,0.0,0.0,0.0,0.0
CelebDFv3,/root/Datasets/CelebDFv3/CelebDFv3/FAKE/FaceReenact/LivePortrait/id11_id7_0003.mp4,FaceReenact/LivePortrait,id11,id7,0,-1.5379265546798706,1.5379265546798706,0.0,127.29682922363281,30.0,0.0,0.0,0.0,0.0,0.0,0.0
CelebDFv3,/root/Datasets/CelebDFv3/CelebDFv3/FAKE/FaceReenact/MCNET/id11_id7_0004.mp4,FaceReenact/MCNET,id11,id7,0,3.808096408843994,-3.808096408843994,0.0,124.26670837402344,30.0,0.0,0.0,0.0,0.0,0.0,0.0
CelebDFv3,/root/Datasets/CelebDFv3/CelebDFv3/FAKE/FaceReenact/TPSMM/id11_id7_0003.mp4,FaceReenact/TPSMM,id11,id7,0,-1.2618894577026367,1.2618894577026367,0.0,128.93653869628906,30.0,0.0,0.0,0.0,0.0,0.0,0.0
CelebDFv3,/root/Datasets/CelebDFv3/CelebDFv3/FAKE/FaceSwap/BlendFace/id25_id19_0003.mp4,FaceSwap/BlendFace,id25,id19,0,-8.759032249450684,8.759032249450684,0.0,218.13455200195312,30.0,0.0,0.0,0.0,0.0,0.0,0.0
CelebDFv3,/root/Datasets/CelebDFv3/CelebDFv3/FAKE/FaceSwap/Celeb-DF-v2/id48_id43_0008.mp4,FaceSwap/Celeb-DF-v2,id48,id43,0,-5.507894039154053,5.507894039154053,0.0,129.76123046875,30.0,0.0,0.0,0.0,0.0,0.0,0.0
CelebDFv3,/root/Datasets/CelebDFv3/CelebDFv3/FAKE/FaceSwap/GHOST/id56_id58_0006.mp4,FaceSwap/GHOST,id56,id58,0,-1.1711173057556152,1.1711173057556152,0.0,93.17472839355469,30.0,0.0,0.0,0.0,0.0,0.0,0.0
CelebDFv3,/root/Datasets/CelebDFv3/CelebDFv3/FAKE/FaceSwap/HifiFace/id23_id17_0000.mp4,FaceSwap/HifiFace,id23,id17,0,2.754021644592285,-2.754021644592285,0.0,99.61774444580078,30.0,0.0,0.0,0.0,0.0,0.0,0.0
CelebDFv3,/root/Datasets/CelebDFv3/CelebDFv3/FAKE/FaceSwap/InSwapper/id25_id20_0005.mp4,FaceSwap/InSwapper,id25,id20,0,2.5694684982299805,-2.5694684982299805,0.0,105.7822265625,30.0,0.0,0.0,0.0,0.0,0.0,0.0
CelebDFv3,/root/Datasets/CelebDFv3/CelebDFv3/FAKE/FaceSwap/MobileFaceSwap/id26_id37_0000.mp4,FaceSwap/MobileFaceSwap,id26,id37,0,5.315710544586182,-5.315710544586182,0.0,132.2932586669922,30.0,0.0,0.0,0.0,0.0,0.0,0.0
CelebDFv3,/root/Datasets/CelebDFv3/CelebDFv3/FAKE/FaceSwap/SimSwap/id25_id23_0000.mp4,FaceSwap/SimSwap,id25,id23,0,1.7814844846725464,-1.7814844846725464,0.0,124.03582763671875,30.0,0.0,0.0,0.0,0.0,0.0,0.0
CelebDFv3,/root/Datasets/CelebDFv3/CelebDFv3/FAKE/FaceSwap/UniFace/id11_id7_0000.mp4,FaceSwap/UniFace,id11,id7,0,1.3791983127593994,-1.3791983127593994,0.0,98.09398651123047,30.0,0.0,0.0,0.0,0.0,0.0,0.0
CelebDFv3,/root/Datasets/CelebDFv3/CelebDFv3/FAKE/TalkingFace/AniTalker/id59_0004_test_id05015_0SsJwWGC0c4.mp4,TalkingFace/AniTalker,id59,,0,2.56514835357666,-2.56514835357666,0.0,248.4606170654297,25.0,0.0,0.0,0.0,0.0,0.0,0.0
CelebDFv3,/root/Datasets/CelebDFv3/CelebDFv3/FAKE/TalkingFace/EDTalk/id22_0001_test_id06484_oG2N7E2Pu60.mp4,TalkingFace/EDTalk,id22,,0,6.807427406311035,-6.807427406311035,0.0,143.3746795654297,25.0,0.0,0.0,0.0,0.0,0.0,0.0
CelebDFv3,/root/Datasets/CelebDFv3/CelebDFv3/FAKE/TalkingFace/EchoMimic/id54_0006_test_id01567_vpFlNPO9OGM.mp4,TalkingFace/EchoMimic,id54,,0,6.991142272949219,-6.991142272949219,0.0,140.8061981201172,24.0,0.0,0.0,0.0,0.0,0.0,0.0
CelebDFv3,/root/Datasets/CelebDFv3/CelebDFv3/FAKE/TalkingFace/FLOAT/id25_0007_test_id01618_KHeRiXKiYZ8.mp4,TalkingFace/FLOAT,id25,,0,6.165797233581543,-6.165797233581543,0.0,115.0455093383789,25.0,0.0,0.0,0.0,0.0,0.0,0.0
CelebDFv3,/root/Datasets/CelebDFv3/CelebDFv3/FAKE/TalkingFace/IP_LAP/id25_0008_test_id05459_jOXc0BOahKg.mp4,TalkingFace/IP_LAP,id25,,0,2.115262508392334,-2.115262508392334,0.0,94.03343963623047,25.0,0.0,0.0,0.0,0.0,0.0,0.0
CelebDFv3,/root/Datasets/CelebDFv3/CelebDFv3/FAKE/TalkingFace/Real3DPortrait/id54_0000_test_id08701_tGxy4pUX9Ak.mp4,TalkingFace/Real3DPortrait,id54,,0,3.4326565265655518,-3.4326565265655518,0.0,121.47428131103516,25.0,0.0,0.0,0.0,0.0,0.0,0.0
CelebDFv3,/root/Datasets/CelebDFv3/CelebDFv3/FAKE/TalkingFace/SadTalker/id56_0001_test_id01106_mkgP19APekU.mp4,TalkingFace/SadTalker,id56,,0,3.166753053665161,-3.166753053665161,0.0,128.5886688232422,25.0,0.0,0.0,0.0,0.0,0.0,0.0
CelebDFv3,/root/Datasets/CelebDFv3/CelebDFv3/FAKE/FaceReenact/DaGAN/id31_id34_0006.mp4,FaceReenact/DaGAN,id31,id34,0,4.444361686706543,-4.444361686706543,0.0,124.74662017822266,30.0,0.0,0.0,0.0,0.0,0.0,0.0
CelebDFv3,/root/Datasets/CelebDFv3/CelebDFv3/FAKE/FaceReenact/FSRT/id8_id0_0003.mp4,FaceReenact/FSRT,id8,id0,0,2.0729801654815674,-2.0729801654815674,0.0,96.45282745361328,20.0,0.0,0.0,0.0,0.0,0.0,0.0
CelebDFv3,/root/Datasets/CelebDFv3/CelebDFv3/FAKE/FaceReenact/HyperReenact/id26_id3_0008.mp4,FaceReenact/HyperReenact,id26,id3,0,6.390362739562988,-6.390362739562988,0.0,107.32266998291016,25.0,0.0,0.0,0.0,0.0,0.0,0.0
CelebDFv3,/root/Datasets/CelebDFv3/CelebDFv3/FAKE/FaceReenact/LIA/id31_id1_0001.mp4,FaceReenact/LIA,id31,id1,0,6.932068824768066,-6.932068824768066,0.0,110.79306030273438,30.0,0.0,0.0,0.0,0.0,0.0,0.0
CelebDFv3,/root/Datasets/CelebDFv3/CelebDFv3/FAKE/FaceReenact/LivePortrait/id31_id35_0007.mp4,FaceReenact/LivePortrait,id31,id35,0,-3.5900473594665527,3.5900473594665527,0.0,278.3043518066406,30.0,0.0,0.0,0.0,0.0,0.0,0.0
CelebDFv3,/root/Datasets/CelebDFv3/CelebDFv3/FAKE/FaceReenact/MCNET/id22_id24_0009.mp4,FaceReenact/MCNET,id22,id24,0,-0.8945657014846802,0.8945657014846802,0.0,108.45826721191406,30.0,0.0,0.0,0.0,0.0,0.0,0.0
CelebDFv3,/root/Datasets/CelebDFv3/CelebDFv3/FAKE/FaceReenact/TPSMM/id51_id54_0002.mp4,FaceReenact/TPSMM,id51,id54,0,3.380221128463745,-3.380221128463745,0.0,101.53717041015625,30.0,0.0,0.0,0.0,0.0,0.0,0.0
CelebDFv3,/root/Datasets/CelebDFv3/CelebDFv3/FAKE/FaceSwap/BlendFace/id26_id30_0001.mp4,FaceSwap/BlendFace,id26,id30,0,-5.717096328735352,5.717096328735352,0.0,287.1950988769531,30.0,0.0,0.0,0.0,0.0,0.0,0.0
CelebDFv3,/root/Datasets/CelebDFv3/CelebDFv3/FAKE/FaceSwap/Celeb-DF-v2/id31_id1_0002.mp4,FaceSwap/Celeb-DF-v2,id31,id1,0,-2.611717700958252,2.611717700958252,0.0,149.15005493164062,30.0,0.0,0.0,0.0,0.0,0.0,0.0
CelebDFv3,/root/Datasets/CelebDFv3/CelebDFv3/FAKE/FaceSwap/GHOST/id31_id32_0001.mp4,FaceSwap/GHOST,id31,id32,0,0.9736806750297546,-0.9736806750297546,0.0,125.59078979492188,30.0,0.0,0.0,0.0,0.0,0.0,0.0
CelebDFv3,/root/Datasets/CelebDFv3/CelebDFv3/FAKE/FaceSwap/HifiFace/id31_id37_0002.mp4,FaceSwap/HifiFace,id31,id37,0,-2.517730712890625,2.517730712890625,0.0,149.02297973632812,30.0,0.0,0.0,0.0,0.0,0.0,0.0
CelebDFv3,/root/Datasets/CelebDFv3/CelebDFv3/FAKE/FaceSwap/InSwapper/id22_id21_0002.mp4,FaceSwap/InSwapper,id22,id21,0,-2.6020348072052,2.6020348072052,0.0,97.0617446899414,30.0,0.0,0.0,0.0,0.0,0.0,0.0
CelebDFv3,/root/Datasets/CelebDFv3/CelebDFv3/FAKE/FaceSwap/MobileFaceSwap/id23_id28_0001.mp4,FaceSwap/MobileFaceSwap,id23,id28,0,4.772454738616943,-4.772454738616943,0.0,120.99187469482422,30.0,0.0,0.0,0.0,0.0,0.0,0.0
CelebDFv3,/root/Datasets/CelebDFv3/CelebDFv3/FAKE/FaceSwap/SimSwap/id31_id29_0007.mp4,FaceSwap/SimSwap,id31,id29,0,-1.7373552322387695,1.7373552322387695,0.0,272.033935546875,30.0,0.0,0.0,0.0,0.0,0.0,0.0
CelebDFv3,/root/Datasets/CelebDFv3/CelebDFv3/FAKE/FaceSwap/UniFace/id23_id3_0002.mp4,FaceSwap/UniFace,id23,id3,0,2.5875473022460938,-2.5875473022460938,0.0,92.8349380493164,30.0,0.0,0.0,0.0,0.0,0.0,0.0
CelebDFv3,/root/Datasets/CelebDFv3/CelebDFv3/FAKE/TalkingFace/AniTalker/id31_0002_test_id05015_wFizOLE3-qM.mp4,TalkingFace/AniTalker,id31,,0,8.518362998962402,-8.518362998962402,0.0,121.72872924804688,25.0,0.0,0.0,0.0,0.0,0.0,0.0
CelebDFv3,/root/Datasets/CelebDFv3/CelebDFv3/FAKE/TalkingFace/EDTalk/id59_0004_test_id01509_asrGhE2enzQ.mp4,TalkingFace/EDTalk,id59,,0,12.484559059143066,-12.484559059143066,0.0,247.2301788330078,25.0,0.0,0.0,0.0,0.0,0.0,0.0
CelebDFv3,/root/Datasets/CelebDFv3/CelebDFv3/FAKE/TalkingFace/EchoMimic/id25_0004_test_id01509_I6T7sh7T2lU.mp4,TalkingFace/EchoMimic,id25,,0,6.5836286544799805,-6.5836286544799805,0.0,111.85132598876953,24.0,0.0,0.0,0.0,0.0,0.0,0.0
CelebDFv3,/root/Datasets/CelebDFv3/CelebDFv3/FAKE/TalkingFace/FLOAT/id48_0006_test_id04094_iuzHh5LLoUo.mp4,TalkingFace/FLOAT,id48,,0,-1.2830796241760254,1.2830796241760254,0.0,107.61988830566406,25.0,0.0,0.0,0.0,0.0,0.0,0.0
CelebDFv3,/root/Datasets/CelebDFv3/CelebDFv3/FAKE/TalkingFace/IP_LAP/id56_0003_test_id07868_G6yM82HVOKI.mp4,TalkingFace/IP_LAP,id56,,0,0.7951033115386963,-0.7951033115386963,0.0,83.11944580078125,25.0,0.0,0.0,0.0,0.0,0.0,0.0
CelebDFv3,/root/Datasets/CelebDFv3/CelebDFv3/FAKE/TalkingFace/Real3DPortrait/id26_0003_test_id04657_noCOJeNKpOM.mp4,TalkingFace/Real3DPortrait,id26,,0,12.083205223083496,-12.083205223083496,0.0,298.8739318847656,25.0,0.0,0.0,0.0,0.0,0.0,0.0
CelebDFv3,/root/Datasets/CelebDFv3/CelebDFv3/FAKE/TalkingFace/SadTalker/id25_0006_test_id03347_iLd-6KT2Y2Q.mp4,TalkingFace/SadTalker,id25,,0,1.2798789739608765,-1.2798789739608765,0.0,310.0784606933594,25.0,0.0,0.0,0.0,0.0,0.0,0.0
CelebDFv3,/root/Datasets/CelebDFv3/CelebDFv3/FAKE/FaceReenact/DaGAN/id26_id0_0001.mp4,FaceReenact/DaGAN,id26,id0,0,3.186622142791748,-3.186622142791748,0.0,96.67473602294922,30.0,0.0,0.0,0.0,0.0,0.0,0.0
CelebDFv3,/root/Datasets/CelebDFv3/CelebDFv3/FAKE/FaceReenact/FSRT/id23_id29_0001.mp4,FaceReenact/FSRT,id23,id29,0,2.467060089111328,-2.467060089111328,0.0,80.56353759765625,20.0,0.0,0.0,0.0,0.0,0.0,0.0
CelebDFv3,/root/Datasets/CelebDFv3/CelebDFv3/FAKE/FaceReenact/HyperReenact/id26_id25_0001.mp4,FaceReenact/HyperReenact,id26,id25,0,10.21593189239502,-10.21593189239502,0.0,114.92598724365234,25.0,0.0,0.0,0.0,0.0,0.0,0.0
CelebDFv3,/root/Datasets/CelebDFv3/CelebDFv3/FAKE/FaceReenact/LIA/id23_id30_0006.mp4,FaceReenact/LIA,id23,id30,0,3.5702080726623535,-3.5702080726623535,0.0,119.31187438964844,30.0,0.0,0.0,0.0,0.0,0.0,0.0
CelebDFv3,/root/Datasets/CelebDFv3/CelebDFv3/FAKE/FaceReenact/LivePortrait/id26_id2_0009.mp4,FaceReenact/LivePortrait,id26,id2,0,0.21165281534194946,-0.21165281534194946,0.0,136.1463623046875,30.0,0.0,0.0,0.0,0.0,0.0,0.0
CelebDFv3,/root/Datasets/CelebDFv3/CelebDFv3/FAKE/FaceReenact/MCNET/id8_id7_0008.mp4,FaceReenact/MCNET,id8,id7,0,4.500550746917725,-4.500550746917725,0.0,116.33648681640625,30.0,0.0,0.0,0.0,0.0,0.0,0.0
CelebDFv3,/root/Datasets/CelebDFv3/CelebDFv3/FAKE/FaceReenact/TPSMM/id31_id33_0005.mp4,FaceReenact/TPSMM,id31,id33,0,3.646487236022949,-3.646487236022949,0.0,101.3428955078125,30.0,0.0,0.0,0.0,0.0,0.0,0.0
CelebDFv3,/root/Datasets/CelebDFv3/CelebDFv3/FAKE/FaceSwap/BlendFace/id31_id35_0007.mp4,FaceSwap/BlendFace,id31,id35,0,-2.0161337852478027,2.0161337852478027,0.0,273.3985900878906,30.0,0.0,0.0,0.0,0.0,0.0,0.0
CelebDFv3,/root/Datasets/CelebDFv3/CelebDFv3/FAKE/FaceSwap/Celeb-DF-v2/id11_id7_0002.mp4,FaceSwap/Celeb-DF-v2,id11,id7,0,4.718299865722656,-4.718299865722656,0.0,124.76144409179688,30.0,0.0,0.0,0.0,0.0,0.0,0.0
CelebDFv3,/root/Datasets/CelebDFv3/CelebDFv3/FAKE/FaceSwap/GHOST/id31_id35_0006.mp4,FaceSwap/GHOST,id31,id35,0,-6.962726593017578,6.962726593017578,0.0,208.42442321777344,30.0,0.0,0.0,0.0,0.0,0.0,0.0
CelebDFv3,/root/Datasets/CelebDFv3/CelebDFv3/FAKE/FaceSwap/HifiFace/id23_id19_0009.mp4,FaceSwap/HifiFace,id23,id19,0,2.168651580810547,-2.168651580810547,0.0,139.5074005126953,30.0,0.0,0.0,0.0,0.0,0.0,0.0
CelebDFv3,/root/Datasets/CelebDFv3/CelebDFv3/FAKE/FaceSwap/InSwapper/id26_id37_0000.mp4,FaceSwap/InSwapper,id26,id37,0,6.015517711639404,-6.015517711639404,0.0,131.44801330566406,30.0,0.0,0.0,0.0,0.0,0.0,0.0
CelebDFv3,/root/Datasets/CelebDFv3/CelebDFv3/FAKE/FaceSwap/MobileFaceSwap/id31_id2_0001.mp4,FaceSwap/MobileFaceSwap,id31,id2,0,1.0309388637542725,-1.0309388637542725,0.0,126.03468322753906,30.0,0.0,0.0,0.0,0.0,0.0,0.0
CelebDFv3,/root/Datasets/CelebDFv3/CelebDFv3/FAKE/FaceSwap/SimSwap/id25_id28_0002.mp4,FaceSwap/SimSwap,id25,id28,0,-3.4776220321655273,3.4776220321655273,0.0,130.92115783691406,30.0,0.0,0.0,0.0,0.0,0.0,0.0
CelebDFv3,/root/Datasets/CelebDFv3/CelebDFv3/FAKE/FaceSwap/UniFace/id23_id32_0007.mp4,FaceSwap/UniFace,id23,id32,0,-9.825090408325195,9.825090408325195,0.0,192.47787475585938,30.0,0.0,0.0,0.0,0.0,0.0,0.0
CelebDFv3,/root/Datasets/CelebDFv3/CelebDFv3/FAKE/TalkingFace/AniTalker/id22_0005_test_id05714_wFGNufaMbDY.mp4,TalkingFace/AniTalker,id22,,0,13.397965431213379,-13.397965431213379,0.0,132.198486328125,25.0,0.0,0.0,0.0,0.0,0.0,0.0
CelebDFv3,/root/Datasets/CelebDFv3/CelebDFv3/FAKE/TalkingFace/EDTalk/id11_0007_test_id00081_OP-1HtS2Jmo.mp4,TalkingFace/EDTalk,id11,,0,2.2204666137695312,-2.2204666137695312,0.0,128.83511352539062,25.0,0.0,0.0,0.0,0.0,0.0,0.0
CelebDFv3,/root/Datasets/CelebDFv3/CelebDFv3/FAKE/TalkingFace/EchoMimic/id11_0008_test_id05124_uPPqcWVd-dg.mp4,TalkingFace/EchoMimic,id11,,0,8.403322219848633,-8.403322219848633,0.0,108.20682525634766,24.0,0.0,0.0,0.0,0.0,0.0,0.0
CelebDFv3,/root/Datasets/CelebDFv3/CelebDFv3/FAKE/TalkingFace/FLOAT/id8_0001_test_id00926_KV8f4Uucosc.mp4,TalkingFace/FLOAT,id8,,0,-3.102509021759033,3.102509021759033,0.0,147.6109619140625,25.0,0.0,0.0,0.0,0.0,0.0,0.0
CelebDFv3,/root/Datasets/CelebDFv3/CelebDFv3/FAKE/TalkingFace/IP_LAP/id59_0004_test_id05015_0SsJwWGC0c4.mp4,TalkingFace/IP_LAP,id59,,0,1.0050835609436035,-1.0050835609436035,0.0,178.36317443847656,25.0,0.0,0.0,0.0,0.0,0.0,0.0
CelebDFv3,/root/Datasets/CelebDFv3/CelebDFv3/FAKE/TalkingFace/Real3DPortrait/id8_0003_test_id04627_IjO3LUCaYLE.mp4,TalkingFace/Real3DPortrait,id8,,0,5.313565254211426,-5.313565254211426,0.0,121.468994140625,25.0,0.0,0.0,0.0,0.0,0.0,0.0
CelebDFv3,/root/Datasets/CelebDFv3/CelebDFv3/FAKE/TalkingFace/SadTalker/id11_0006_test_id01509_XmSD0fC9gX4.mp4,TalkingFace/SadTalker,id11,,0,4.044947624206543,-4.044947624206543,0.0,109.4912338256836,25.0,0.0,0.0,0.0,0.0,0.0,0.0
CelebDFv3,/root/Datasets/CelebDFv3/CelebDFv3/FAKE/FaceReenact/DaGAN/id26_id30_0000.mp4,FaceReenact/DaGAN,id26,id30,0,2.240370750427246,-2.240370750427246,0.0,98.91858673095703,30.0,0.0,0.0,0.0,0.0,0.0,0.0
CelebDFv3,/root/Datasets/CelebDFv3/CelebDFv3/FAKE/FaceReenact/FSRT/id31_id38_0006.mp4,FaceReenact/FSRT,id31,id38,0,4.5361127853393555,-4.5361127853393555,0.0,141.0974884033203,20.0,0.0,0.0,0.0,0.0,0.0,0.0
CelebDFv3,/root/Datasets/CelebDFv3/CelebDFv3/FAKE/FaceReenact/HyperReenact/id48_id39_0007.mp4,FaceReenact/HyperReenact,id48,id39,0,4.981014251708984,-4.981014251708984,0.0,113.09465789794922,25.0,0.0,0.0,0.0,0.0,0.0,0.0
CelebDFv3,/root/Datasets/CelebDFv3/CelebDFv3/FAKE/FaceReenact/LIA/id56_id58_0002.mp4,FaceReenact/LIA,id56,id58,0,4.0048828125,-4.0048828125,0.0,97.932373046875,30.0,0.0,0.0,0.0,0.0,0.0,0.0
CelebDFv3,/root/Datasets/CelebDFv3/CelebDFv3/FAKE/FaceReenact/LivePortrait/id23_id32_0007.mp4,FaceReenact/LivePortrait,id23,id32,0,-10.249343872070312,10.249343872070312,0.0,203.7402801513672,30.0,0.0,0.0,0.0,0.0,0.0,0.0
CelebDFv3,/root/Datasets/CelebDFv3/CelebDFv3/FAKE/FaceReenact/MCNET/id23_id27_0000.mp4,FaceReenact/MCNET,id23,id27,0,-1.1198080778121948,1.1198080778121948,0.0,103.73707580566406,30.0,0.0,0.0,0.0,0.0,0.0,0.0
CelebDFv3,/root/Datasets/CelebDFv3/CelebDFv3/FAKE/FaceReenact/TPSMM/id23_id33_0004.mp4,FaceReenact/TPSMM,id23,id33,0,5.099547386169434,-5.099547386169434,0.0,96.56048583984375,30.0,0.0,0.0,0.0,0.0,0.0,0.0
CelebDFv3,/root/Datasets/CelebDFv3/CelebDFv3/FAKE/FaceSwap/BlendFace/id23_id24_0009.mp4,FaceSwap/BlendFace,id23,id24,0,2.1143484115600586,-2.1143484115600586,0.0,140.7191619873047,30.0,0.0,0.0,0.0,0.0,0.0,0.0
CelebDFv3,/root/Datasets/CelebDFv3/CelebDFv3/FAKE/FaceSwap/Celeb-DF-v2/id31_id2_0005.mp4,FaceSwap/Celeb-DF-v2,id31,id2,0,-4.731236457824707,4.731236457824707,0.0,106.62110900878906,30.0,0.0,0.0,0.0,0.0,0.0,0.0
CelebDFv3,/root/Datasets/CelebDFv3/CelebDFv3/FAKE/FaceSwap/GHOST/id23_id17_0006.mp4,FaceSwap/GHOST,id23,id17,0,-2.934802770614624,2.934802770614624,0.0,111.83245849609375,30.0,0.0,0.0,0.0,0.0,0.0,0.0
CelebDFv3,/root/Datasets/CelebDFv3/CelebDFv3/FAKE/FaceSwap/HifiFace/id25_id22_0003.mp4,FaceSwap/HifiFace,id25,id22,0,-9.240339279174805,9.240339279174805,0.0,217.8932647705078,30.0,0.0,0.0,0.0,0.0,0.0,0.0
CelebDFv3,/root/Datasets/CelebDFv3/CelebDFv3/FAKE/FaceSwap/InSwapper/id26_id17_0000.mp4,FaceSwap/InSwapper,id26,id17,0,5.565634727478027,-5.565634727478027,0.0,131.685791015625,30.0,0.0,0.0,0.0,0.0,0.0,0.0
CelebDFv3,/root/Datasets/CelebDFv3/CelebDFv3/FAKE/FaceSwap/MobileFaceSwap/id31_id30_0005.mp4,FaceSwap/MobileFaceSwap,id31,id30,0,-5.040465354919434,5.040465354919434,0.0,109.44474792480469,30.0,0.0,0.0,0.0,0.0,0.0,0.0
CelebDFv3,/root/Datasets/CelebDFv3/CelebDFv3/FAKE/FaceSwap/SimSwap/id23_id16_0009.mp4,FaceSwap/SimSwap,id23,id16,0,2.411670446395874,-2.411670446395874,0.0,139.68922424316406,30.0,0.0,0.0,0.0,0.0,0.0,0.0
CelebDFv3,/root/Datasets/CelebDFv3/CelebDFv3/FAKE/FaceSwap/UniFace/id23_id6_0005.mp4,FaceSwap/UniFace,id23,id6,0,1.2444820404052734,-1.2444820404052734,0.0,89.10921478271484,30.0,0.0,0.0,0.0,0.0,0.0,0.0
CelebDFv3,/root/Datasets/CelebDFv3/CelebDFv3/FAKE/TalkingFace/AniTalker/id31_0007_test_id05459_7UxF1t_taDk.mp4,TalkingFace/AniTalker,id31,,0,8.671310424804688,-8.671310424804688,0.0,142.56890869140625,25.0,0.0,0.0,0.0,0.0,0.0,0.0
CelebDFv3,/root/Datasets/CelebDFv3/CelebDFv3/FAKE/TalkingFace/EDTalk/id59_0008_test_id07494_ebeMtxwdAVc.mp4,TalkingFace/EDTalk,id59,,0,6.7243218421936035,-6.7243218421936035,0.0,119.18080139160156,25.0,0.0,0.0,0.0,0.0,0.0,0.0
CelebDFv3,/root/Datasets/CelebDFv3/CelebDFv3/FAKE/TalkingFace/EchoMimic/id25_0002_test_id03030_eq4Q6pmablc.mp4,TalkingFace/EchoMimic,id25,,0,10.050143241882324,-10.050143241882324,0.0,120.15504455566406,24.0,0.0,0.0,0.0,0.0,0.0,0.0
CelebDFv3,/root/Datasets/CelebDFv3/CelebDFv3/FAKE/TalkingFace/FLOAT/id11_0008_test_id07802_qmTmtDbel1M.mp4,TalkingFace/FLOAT,id11,,0,6.081974983215332,-6.081974983215332,0.0,99.19647216796875,25.0,0.0,0.0,0.0,0.0,0.0,0.0
CelebDFv3,/root/Datasets/CelebDFv3/CelebDFv3/FAKE/TalkingFace/IP_LAP/id51_0000_test_id03178_O13kGQ2rTE8.mp4,TalkingFace/IP_LAP,id51,,0,2.122962713241577,-2.122962713241577,0.0,113.85968017578125,25.0,0.0,0.0,0.0,0.0,0.0,0.0
CelebDFv3,/root/Datasets/CelebDFv3/CelebDFv3/FAKE/TalkingFace/Real3DPortrait/id8_0007_test_id05176_zTGzM2koGAQ.mp4,TalkingFace/Real3DPortrait,id8,,0,2.6781787872314453,-2.6781787872314453,0.0,109.74822998046875,25.0,0.0,0.0,0.0,0.0,0.0,0.0
CelebDFv3,/root/Datasets/CelebDFv3/CelebDFv3/FAKE/TalkingFace/SadTalker/id48_0001_test_id05055_cZZMU1w_HO4.mp4,TalkingFace/SadTalker,id48,,0,9.51919937133789,-9.51919937133789,0.0,107.43951416015625,25.0,0.0,0.0,0.0,0.0,0.0,0.0
CelebDFv3,/root/Datasets/CelebDFv3/CelebDFv3/FAKE/FaceReenact/DaGAN/id48_id41_0006.mp4,FaceReenact/DaGAN,id48,id41,0,2.6492176055908203,-2.6492176055908203,0.0,103.30363464355469,30.0,0.0,0.0,0.0,0.0,0.0,0.0
CelebDFv3,/root/Datasets/CelebDFv3/CelebDFv3/FAKE/FaceReenact/FSRT/id23_id9_0009.mp4,FaceReenact/FSRT,id23,id9,0,4.637960433959961,-4.637960433959961,0.0,106.11073303222656,20.0,0.0,0.0,0.0,0.0,0.0,0.0
CelebDFv3,/root/Datasets/CelebDFv3/CelebDFv3/FAKE/FaceReenact/HyperReenact/id31_id9_0003.mp4,FaceReenact/HyperReenact,id31,id9,0,6.887749195098877,-6.887749195098877,0.0,136.08071899414062,25.0,0.0,0.0,0.0,0.0,0.0,0.0
CelebDFv3,/root/Datasets/CelebDFv3/CelebDFv3/FAKE/FaceReenact/LIA/id26_id16_0003.mp4,FaceReenact/LIA,id26,id16,0,7.490445613861084,-7.490445613861084,0.0,281.241455078125,30.0,0.0,0.0,0.0,0.0,0.0,0.0
CelebDFv3,/root/Datasets/CelebDFv3/CelebDFv3/FAKE/FaceReenact/LivePortrait/id26_id38_0002.mp4,FaceReenact/LivePortrait,id26,id38,0,-3.1777215003967285,3.1777215003967285,0.0,114.93097686767578,30.0,0.0,0.0,0.0,0.0,0.0,0.0
CelebDFv3,/root/Datasets/CelebDFv3/CelebDFv3/FAKE/FaceReenact/MCNET/id23_id6_0005.mp4,FaceReenact/MCNET,id23,id6,0,2.3912434577941895,-2.3912434577941895,0.0,88.5214614868164,30.0,0.0,0.0,0.0,0.0,0.0,0.0
CelebDFv3,/root/Datasets/CelebDFv3/CelebDFv3/FAKE/FaceReenact/TPSMM/id51_id58_0004.mp4,FaceReenact/TPSMM,id51,id58,0,2.4533767700195312,-2.4533767700195312,0.0,106.8278579711914,30.0,0.0,0.0,0.0,0.0,0.0,0.0
CelebDFv3,/root/Datasets/CelebDFv3/CelebDFv3/FAKE/FaceSwap/BlendFace/id26_id31_0008.mp4,FaceSwap/BlendFace,id26,id31,0,0.07581392675638199,-0.07581392675638199,0.0,102.58622741699219,30.0,0.0,0.0,0.0,0.0,0.0,0.0
CelebDFv3,/root/Datasets/CelebDFv3/CelebDFv3/FAKE/FaceSwap/Celeb-DF-v2/id25_id20_0002.mp4,FaceSwap/Celeb-DF-v2,id25,id20,0,-3.7728958129882812,3.7728958129882812,0.0,131.65211486816406,30.0,0.0,0.0,0.0,0.0,0.0,0.0
CelebDFv3,/root/Datasets/CelebDFv3/CelebDFv3/FAKE/FaceSwap/GHOST/id22_id21_0004.mp4,FaceSwap/GHOST,id22,id21,0,-0.20090757310390472,0.20090757310390472,0.0,123.72907257080078,30.0,0.0,0.0,0.0,0.0,0.0,0.0
CelebDFv3,/root/Datasets/CelebDFv3/CelebDFv3/FAKE/FaceSwap/HifiFace/id26_id28_0004.mp4,FaceSwap/HifiFace,id26,id28,0,-1.0948125123977661,1.0948125123977661,0.0,135.08370971679688,30.0,0.0,0.0,0.0,0.0,0.0,0.0
CelebDFv3,/root/Datasets/CelebDFv3/CelebDFv3/FAKE/FaceSwap/InSwapper/id51_id50_0007.mp4,FaceSwap/InSwapper,id51,id50,0,-2.4790244102478027,2.4790244102478027,0.0,108.56647491455078,30.0,0.0,0.0,0.0,0.0,0.0,0.0
CelebDFv3,/root/Datasets/CelebDFv3/CelebDFv3/FAKE/FaceSwap/MobileFaceSwap/id31_id1_0007.mp4,FaceSwap/MobileFaceSwap,id31,id1,0,-1.7005449533462524,1.7005449533462524,0.0,271.629638671875,30.0,0.0,0.0,0.0,0.0,0.0,0.0
CelebDFv3,/root/Datasets/CelebDFv3/CelebDFv3/FAKE/FaceSwap/SimSwap/id51_id57_0008.mp4,FaceSwap/SimSwap,id51,id57,0,0.9505441188812256,-0.9505441188812256,0.0,117.55537414550781,30.0,0.0,0.0,0.0,0.0,0.0,0.0
CelebDFv3,/root/Datasets/CelebDFv3/CelebDFv3/FAKE/FaceSwap/UniFace/id31_id3_0000.mp4,FaceSwap/UniFace,id31,id3,0,-4.104063510894775,4.104063510894775,0.0,148.4874267578125,30.0,0.0,0.0,0.0,0.0,0.0,0.0
CelebDFv3,/root/Datasets/CelebDFv3/CelebDFv3/FAKE/TalkingFace/AniTalker/id59_0009_test_id01541_dEmuPb4A7do.mp4,TalkingFace/AniTalker,id59,,0,0.48956096172332764,-0.48956096172332764,0.0,171.57437133789062,25.0,0.0,0.0,0.0,0.0,0.0,0.0
CelebDFv3,/root/Datasets/CelebDFv3/CelebDFv3/FAKE/TalkingFace/EDTalk/id51_0005_test_id04478_c0nsCu5jxLk.mp4,TalkingFace/EDTalk,id51,,0,5.414709091186523,-5.414709091186523,0.0,107.09036254882812,25.0,0.0,0.0,0.0,0.0,0.0,0.0
CelebDFv3,/root/Datasets/CelebDFv3/CelebDFv3/FAKE/TalkingFace/EchoMimic/id56_0000_test_id04862_oKjLVc6gbbo.mp4,TalkingFace/EchoMimic,id56,,0,5.700616359710693,-5.700616359710693,0.0,123.05158233642578,24.0,0.0,0.0,0.0,0.0,0.0,0.0
CelebDFv3,/root/Datasets/CelebDFv3/CelebDFv3/FAKE/TalkingFace/FLOAT/id31_0007_test_id05459_7UxF1t_taDk.mp4,TalkingFace/FLOAT,id31,,0,10.481531143188477,-10.481531143188477,0.0,184.894287109375,25.0,0.0,0.0,0.0,0.0,0.0,0.0
CelebDFv3,/root/Datasets/CelebDFv3/CelebDFv3/FAKE/TalkingFace/IP_LAP/id22_0001_test_id01298_tAQVEmDyrPs.mp4,TalkingFace/IP_LAP,id22,,0,6.407649040222168,-6.407649040222168,0.0,116.59265899658203,25.0,0.0,0.0,0.0,0.0,0.0,0.0
CelebDFv3,/root/Datasets/CelebDFv3/CelebDFv3/FAKE/TalkingFace/Real3DPortrait/id59_0006_test_id04657_dn4XY5c6mEw.mp4,TalkingFace/Real3DPortrait,id59,,0,3.54856538772583,-3.54856538772583,0.0,117.09785461425781,25.0,0.0,0.0,0.0,0.0,0.0,0.0
CelebDFv3,/root/Datasets/CelebDFv3/CelebDFv3/FAKE/TalkingFace/SadTalker/id31_0004_test_id07426_s747isSlMFU.mp4,TalkingFace/SadTalker,id31,,0,10.1709566116333,-10.1709566116333,0.0,147.61798095703125,25.0,0.0,0.0,0.0,0.0,0.0,0.0
CelebDFv3,/root/Datasets/CelebDFv3/CelebDFv3/FAKE/FaceReenact/DaGAN/id51_id58_0008.mp4,FaceReenact/DaGAN,id51,id58,0,3.4250802993774414,-3.4250802993774414,0.0,103.29957580566406,30.0,0.0,0.0,0.0,0.0,0.0,0.0
CelebDFv3,/root/Datasets/CelebDFv3/CelebDFv3/FAKE/FaceReenact/FSRT/id8_id2_0003.mp4,FaceReenact/FSRT,id8,id2,0,0.15541058778762817,-0.15541058778762817,0.0,112.72956085205078,20.0,0.0,0.0,0.0,0.0,0.0,0.0
CelebDFv3,/root/Datasets/CelebDFv3/CelebDFv3/FAKE/FaceReenact/HyperReenact/id22_id21_0004.mp4,FaceReenact/HyperReenact,id22,id21,0,13.714683532714844,-13.714683532714844,0.0,118.21711730957031,25.0,0.0,0.0,0.0,0.0,0.0,0.0
CelebDFv3,/root/Datasets/CelebDFv3/CelebDFv3/FAKE/FaceReenact/LIA/id31_id37_0007.mp4,FaceReenact/LIA,id31,id37,0,5.930523872375488,-5.930523872375488,0.0,221.82070922851562,30.0,0.0,0.0,0.0,0.0,0.0,0.0
CelebDFv3,/root/Datasets/CelebDFv3/CelebDFv3/FAKE/FaceReenact/LivePortrait/id23_id31_0002.mp4,FaceReenact/LivePortrait,id23,id31,0,6.967027187347412,-6.967027187347412,0.0,107.46629333496094,30.0,0.0,0.0,0.0,0.0,0.0,0.0
CelebDFv3,/root/Datasets/CelebDFv3/CelebDFv3/FAKE/FaceReenact/MCNET/id25_id21_0002.mp4,FaceReenact/MCNET,id25,id21,0,7.317842483520508,-7.317842483520508,0.0,90.9871826171875,30.0,0.0,0.0,0.0,0.0,0.0,0.0
CelebDFv3,/root/Datasets/CelebDFv3/CelebDFv3/FAKE/FaceReenact/TPSMM/id56_id52_0005.mp4,FaceReenact/TPSMM,id56,id52,0,4.621703624725342,-4.621703624725342,0.0,86.0848388671875,30.0,0.0,0.0,0.0,0.0,0.0,0.0
CelebDFv3,/root/Datasets/CelebDFv3/CelebDFv3/FAKE/FaceSwap/BlendFace/id25_id26_0004.mp4,FaceSwap/BlendFace,id25,id26,0,2.9520082473754883,-2.9520082473754883,0.0,160.71376037597656,30.0,0.0,0.0,0.0,0.0,0.0,0.0
CelebDFv3,/root/Datasets/CelebDFv3/CelebDFv3/FAKE/FaceSwap/Celeb-DF-v2/id54_id57_0001.mp4,FaceSwap/Celeb-DF-v2,id54,id57,0,-4.120484352111816,4.120484352111816,0.0,188.47061157226562,30.0,0.0,0.0,0.0,0.0,0.0,0.0
CelebDFv3,/root/Datasets/CelebDFv3/CelebDFv3/FAKE/FaceSwap/GHOST/id48_id47_0002.mp4,FaceSwap/GHOST,id48,id47,0,1.767544150352478,-1.767544150352478,0.0,120.75445556640625,30.0,0.0,0.0,0.0,0.0,0.0,0.0
CelebDFv3,/root/Datasets/CelebDFv3/CelebDFv3/FAKE/FaceSwap/HifiFace/id23_id0_0008.mp4,FaceSwap/HifiFace,id23,id0,0,-0.3421129286289215,0.3421129286289215,0.0,108.74042510986328,30.0,0.0,0.0,0.0,0.0,0.0,0.0
CelebDFv3,/root/Datasets/CelebDFv3/CelebDFv3/FAKE/FaceSwap/InSwapper/id56_id52_0005.mp4,FaceSwap/InSwapper,id56,id52,0,1.7833237648010254,-1.7833237648010254,0.0,128.79409790039062,29.899993896484375,0.0,0.0,0.0,0.0,0.0,0.0
CelebDFv3,/root/Datasets/CelebDFv3/CelebDFv3/FAKE/FaceSwap/MobileFaceSwap/id31_id6_0005.mp4,FaceSwap/MobileFaceSwap,id31,id6,0,-5.009720802307129,5.009720802307129,0.0,109.59790802001953,30.0,0.0,0.0,0.0,0.0,0.0,0.0
CelebDFv3,/root/Datasets/CelebDFv3/CelebDFv3/FAKE/FaceSwap/SimSwap/id26_id38_0002.mp4,FaceSwap/SimSwap,id26,id38,0,-2.6566474437713623,2.6566474437713623,0.0,96.50375366210938,30.0,0.0,0.0,0.0,0.0,0.0,0.0
CelebDFv3,/root/Datasets/CelebDFv3/CelebDFv3/FAKE/FaceSwap/UniFace/id59_id61_0004.mp4,FaceSwap/UniFace,id59,id61,0,-2.581456184387207,2.581456184387207,0.0,178.62002563476562,30.0,0.0,0.0,0.0,0.0,0.0,0.0
CelebDFv3,/root/Datasets/CelebDFv3/CelebDFv3/FAKE/TalkingFace/AniTalker/id56_0006_test_id02057_3Ugj7nq-mlg.mp4,TalkingFace/AniTalker,id56,,0,8.097007751464844,-8.097007751464844,0.0,103.51793670654297,25.0,0.0,0.0,0.0,0.0,0.0,0.0
CelebDFv3,/root/Datasets/CelebDFv3/CelebDFv3/FAKE/TalkingFace/EDTalk/id25_0010_test_id04862_4r-u7YAGLoA.mp4,TalkingFace/EDTalk,id25,,0,8.2391357421875,-8.2391357421875,0.0,129.15005493164062,25.0,0.0,0.0,0.0,0.0,0.0,0.0
CelebDFv3,/root/Datasets/CelebDFv3/CelebDFv3/FAKE/TalkingFace/EchoMimic/id51_0002_test_id01541_mDoT5mpo_2c.mp4,TalkingFace/EchoMimic,id51,,0,6.979920387268066,-6.979920387268066,0.0,113.7961654663086,24.0,0.0,0.0,0.0,0.0,0.0,0.0
CelebDFv3,/root/Datasets/CelebDFv3/CelebDFv3/FAKE/TalkingFace/FLOAT/id25_0010_test_id07426_1KNFfOFEhyI.mp4,TalkingFace/FLOAT,id25,,0,1.8378517627716064,-1.8378517627716064,0.0,133.77899169921875,25.0,0.0,0.0,0.0,0.0,0.0,0.0
CelebDFv3,/root/Datasets/CelebDFv3/CelebDFv3/FAKE/TalkingFace/IP_LAP/id54_0000_test_id08374_8V4tFXw2UxY.mp4,TalkingFace/IP_LAP,id54,,0,1.6713985204696655,-1.6713985204696655,0.0,102.53410339355469,25.0,0.0,0.0,0.0,0.0,0.0,0.0
CelebDFv3,/root/Datasets/CelebDFv3/CelebDFv3/FAKE/TalkingFace/Real3DPortrait/id22_0008_test_id01593_sU-ejsiL4Fc.mp4,TalkingFace/Real3DPortrait,id22,,0,-2.9584860801696777,2.9584860801696777,0.0,171.5927276611328,25.0,0.0,0.0,0.0,0.0,0.0,0.0
CelebDFv3,/root/Datasets/CelebDFv3/CelebDFv3/FAKE/TalkingFace/SadTalker/id11_0010_test_id04656_6N_AmGKcdZo.mp4,TalkingFace/SadTalker,id11,,0,6.498297691345215,-6.498297691345215,0.0,111.33196258544922,25.0,0.0,0.0,0.0,0.0,0.0,0.0
CelebDFv3,/root/Datasets/CelebDFv3/CelebDFv3/FAKE/FaceReenact/DaGAN/id23_id30_0000.mp4,FaceReenact/DaGAN,id23,id30,0,-1.4891666173934937,1.4891666173934937,0.0,102.34691619873047,30.0,0.0,0.0,0.0,0.0,0.0,0.0
CelebDFv3,/root/Datasets/CelebDFv3/CelebDFv3/FAKE/FaceReenact/FSRT/id56_id49_0006.mp4,FaceReenact/FSRT,id56,id49,0,2.467461109161377,-2.467461109161377,0.0,95.86151123046875,20.0,0.0,0.0,0.0,0.0,0.0,0.0
CelebDFv3,/root/Datasets/CelebDFv3/CelebDFv3/FAKE/FaceReenact/HyperReenact/id59_id60_0000.mp4,FaceReenact/HyperReenact,id59,id60,0,6.238866329193115,-6.238866329193115,0.0,112.63683319091797,25.0,0.0,0.0,0.0,0.0,0.0,0.0
CelebDFv3,/root/Datasets/CelebDFv3/CelebDFv3/FAKE/FaceReenact/LIA/id23_id34_0009.mp4,FaceReenact/LIA,id23,id34,0,4.747555732727051,-4.747555732727051,0.0,95.181396484375,30.0,0.0,0.0,0.0,0.0,0.0,0.0
CelebDFv3,/root/Datasets/CelebDFv3/CelebDFv3/FAKE/FaceReenact/LivePortrait/id26_id17_0004.mp4,FaceReenact/LivePortrait,id26,id17,0,-5.525789260864258,5.525789260864258,0.0,140.89796447753906,30.0,0.0,0.0,0.0,0.0,0.0,0.0
CelebDFv3,/root/Datasets/CelebDFv3/CelebDFv3/FAKE/FaceReenact/MCNET/id22_id28_0005.mp4,FaceReenact/MCNET,id22,id28,0,7.836282253265381,-7.836282253265381,0.0,100.73343658447266,30.0,0.0,0.0,0.0,0.0,0.0,0.0
CelebDFv3,/root/Datasets/CelebDFv3/CelebDFv3/FAKE/FaceReenact/TPSMM/id23_id26_0000.mp4,FaceReenact/TPSMM,id23,id26,0,-1.697791576385498,1.697791576385498,0.0,112.70433044433594,30.0,0.0,0.0,0.0,0.0,0.0,0.0
CelebDFv3,/root/Datasets/CelebDFv3/CelebDFv3/FAKE/FaceSwap/BlendFace/id25_id20_0005.mp4,FaceSwap/BlendFace,id25,id20,0,2.689174175262451,-2.689174175262451,0.0,105.01036071777344,30.0,0.0,0.0,0.0,0.0,0.0,0.0
CelebDFv3,/root/Datasets/CelebDFv3/CelebDFv3/FAKE/FaceSwap/Celeb-DF-v2/id8_id6_0008.mp4,FaceSwap/Celeb-DF-v2,id8,id6,0,-4.37506103515625,4.37506103515625,0.0,256.3163146972656,30.0,0.0,0.0,0.0,0.0,0.0,0.0
CelebDFv3,/root/Datasets/CelebDFv3/CelebDFv3/FAKE/FaceSwap/GHOST/id31_id34_0004.mp4,FaceSwap/GHOST,id31,id34,0,-11.630067825317383,11.630067825317383,0.0,197.1316375732422,30.0,0.0,0.0,0.0,0.0,0.0,0.0
CelebDFv3,/root/Datasets/CelebDFv3/CelebDFv3/FAKE/FaceSwap/HifiFace/id56_id57_0009.mp4,FaceSwap/HifiFace,id56,id57,0,-1.9556297063827515,1.9556297063827515,0.0,152.5077362060547,30.0,0.0,0.0,0.0,0.0,0.0,0.0
CelebDFv3,/root/Datasets/CelebDFv3/CelebDFv3/FAKE/FaceSwap/InSwapper/id23_id31_0002.mp4,FaceSwap/InSwapper,id23,id31,0,2.6275036334991455,-2.6275036334991455,0.0,92.87645721435547,30.0,0.0,0.0,0.0,0.0,0.0,0.0
CelebDFv3,/root/Datasets/CelebDFv3/CelebDFv3/FAKE/FaceSwap/MobileFaceSwap/id31_id37_0005.mp4,FaceSwap/MobileFaceSwap,id31,id37,0,-4.983016014099121,4.983016014099121,0.0,109.79215240478516,30.0,0.0,0.0,0.0,0.0,0.0,0.0
CelebDFv3,/root/Datasets/CelebDFv3/CelebDFv3/FAKE/FaceSwap/SimSwap/id54_id52_0006.mp4,FaceSwap/SimSwap,id54,id52,0,3.1004257202148438,-3.1004257202148438,0.0,236.1093292236328,30.0,0.0,0.0,0.0,0.0,0.0,0.0
CelebDFv3,/root/Datasets/CelebDFv3/CelebDFv3/FAKE/FaceSwap/UniFace/id25_id19_0007.mp4,FaceSwap/UniFace,id25,id19,0,1.7199792861938477,-1.7199792861938477,0.0,125.9350814819336,30.0,0.0,0.0,0.0,0.0,0.0,0.0
CelebDFv3,/root/Datasets/CelebDFv3/CelebDFv3/FAKE/TalkingFace/AniTalker/id22_0005_test_id02465_mzyWUVgjQn0.mp4,TalkingFace/AniTalker,id22,,0,13.474618911743164,-13.474618911743164,0.0,130.97776794433594,25.0,0.0,0.0,0.0,0.0,0.0,0.0
CelebDFv3,/root/Datasets/CelebDFv3/CelebDFv3/FAKE/TalkingFace/EDTalk/id48_0001_test_id02057_wZC3dqygHUE.mp4,TalkingFace/EDTalk,id48,,0,9.763580322265625,-9.763580322265625,0.0,111.90306854248047,25.0,0.0,0.0,0.0,0.0,0.0,0.0
CelebDFv3,/root/Datasets/CelebDFv3/CelebDFv3/FAKE/TalkingFace/EchoMimic/id26_0001_test_id03524_T8R_BWJi2KI.mp4,TalkingFace/EchoMimic,id26,,0,10.084894180297852,-10.084894180297852,0.0,129.80206298828125,24.0,0.0,0.0,0.0,0.0,0.0,0.0
CelebDFv3,/root/Datasets/CelebDFv3/CelebDFv3/FAKE/TalkingFace/FLOAT/id23_0005_test_id06310_MNZMZ6ChMZQ.mp4,TalkingFace/FLOAT,id23,,0,3.453397750854492,-3.453397750854492,0.0,106.65318298339844,25.0,0.0,0.0,0.0,0.0,0.0,0.0
CelebDFv3,/root/Datasets/CelebDFv3/CelebDFv3/FAKE/TalkingFace/IP_LAP/id22_0006_test_id02317_V1il-79GsT4.mp4,TalkingFace/IP_LAP,id22,,0,9.60195541381836,-9.60195541381836,0.0,111.18958282470703,25.0,0.0,0.0,0.0,0.0,0.0,0.0
CelebDFv3,/root/Datasets/CelebDFv3/CelebDFv3/FAKE/TalkingFace/Real3DPortrait/id54_0006_test_id01228_JML4qGlGgJQ.mp4,TalkingFace/Real3DPortrait,id54,,0,4.798672676086426,-4.798672676086426,0.0,156.12100219726562,25.0,0.0,0.0,0.0,0.0,0.0,0.0
CelebDFv3,/root/Datasets/CelebDFv3/CelebDFv3/FAKE/TalkingFace/SadTalker/id51_0004_test_id03347__NVxlFSjV0I.mp4,TalkingFace/SadTalker,id51,,0,3.86845326423645,-3.86845326423645,0.0,127.02192687988281,25.0,0.0,0.0,0.0,0.0,0.0,0.0
CelebDFv3,/root/Datasets/CelebDFv3/CelebDFv3/FAKE/FaceReenact/DaGAN/id22_id28_0005.mp4,FaceReenact/DaGAN,id22,id28,0,7.7581329345703125,-7.7581329345703125,0.0,101.47722625732422,30.0,0.0,0.0,0.0,0.0,0.0,0.0
CelebDFv3,/root/Datasets/CelebDFv3/CelebDFv3/FAKE/FaceReenact/FSRT/id31_id33_0006.mp4,FaceReenact/FSRT,id31,id33,0,1.3501139879226685,-1.3501139879226685,0.0,185.66360473632812,20.0,0.0,0.0,0.0,0.0,0.0,0.0
CelebDFv3,/root/Datasets/CelebDFv3/CelebDFv3/FAKE/FaceReenact/HyperReenact/id56_id50_0005.mp4,FaceReenact/HyperReenact,id56,id50,0,4.068913459777832,-4.068913459777832,0.0,96.3094711303711,25.0,0.0,0.0,0.0,0.0,0.0,0.0
CelebDFv3,/root/Datasets/CelebDFv3/CelebDFv3/FAKE/FaceReenact/LIA/id23_id1_0003.mp4,FaceReenact/LIA,id23,id1,0,3.1383590698242188,-3.1383590698242188,0.0,102.91496276855469,30.0,0.0,0.0,0.0,0.0,0.0,0.0
CelebDFv3,/root/Datasets/CelebDFv3/CelebDFv3/FAKE/FaceReenact/LivePortrait/id48_id40_0007.mp4,FaceReenact/LivePortrait,id48,id40,0,0.016414441168308258,-0.016414441168308258,0.0,116.96216583251953,30.0,0.0,0.0,0.0,0.0,0.0,0.0
CelebDFv3,/root/Datasets/CelebDFv3/CelebDFv3/FAKE/FaceReenact/MCNET/id56_id52_0008.mp4,FaceReenact/MCNET,id56,id52,0,5.536947727203369,-5.536947727203369,0.0,106.59921264648438,30.0,0.0,0.0,0.0,0.0,0.0,0.0
CelebDFv3,/root/Datasets/CelebDFv3/CelebDFv3/FAKE/FaceReenact/TPSMM/id56_id58_0002.mp4,FaceReenact/TPSMM,id56,id58,0,5.112081050872803,-5.112081050872803,0.0,97.9473648071289,30.0,0.0,0.0,0.0,0.0,0.0,0.0
CelebDFv3,/root/Datasets/CelebDFv3/CelebDFv3/FAKE/FaceSwap/BlendFace/id23_id22_0000.mp4,FaceSwap/BlendFace,id23,id22,0,2.680440664291382,-2.680440664291382,0.0,99.61953735351562,30.0,0.0,0.0,0.0,0.0,0.0,0.0
CelebDFv3,/root/Datasets/CelebDFv3/CelebDFv3/FAKE/FaceSwap/Celeb-DF-v2/id51_id57_0001.mp4,FaceSwap/Celeb-DF-v2,id51,id57,0,1.0579190254211426,-1.0579190254211426,0.0,224.81224060058594,30.0,0.0,0.0,0.0,0.0,0.0,0.0
CelebDFv3,/root/Datasets/CelebDFv3/CelebDFv3/FAKE/FaceSwap/GHOST/id48_id39_0002.mp4,FaceSwap/GHOST,id48,id39,0,1.8624993562698364,-1.8624993562698364,0.0,120.8951416015625,30.0,0.0,0.0,0.0,0.0,0.0,0.0
CelebDFv3,/root/Datasets/CelebDFv3/CelebDFv3/FAKE/FaceSwap/HifiFace/id8_id9_0003.mp4,FaceSwap/HifiFace,id8,id9,0,-4.2899489402771,4.2899489402771,0.0,188.9591827392578,30.0,0.0,0.0,0.0,0.0,0.0,0.0
CelebDFv3,/root/Datasets/CelebDFv3/CelebDFv3/FAKE/FaceSwap/InSwapper/id54_id50_0004.mp4,FaceSwap/InSwapper,id54,id50,0,-4.55514669418335,4.55514669418335,0.0,153.6708221435547,30.0,0.0,0.0,0.0,0.0,0.0,0.0
CelebDFv3,/root/Datasets/CelebDFv3/CelebDFv3/FAKE/FaceSwap/MobileFaceSwap/id23_id0_0006.mp4,FaceSwap/MobileFaceSwap,id23,id0,0,-3.1424989700317383,3.1424989700317383,0.0,112.35176086425781,30.0,0.0,0.0,0.0,0.0,0.0,0.0
CelebDFv3,/root/Datasets/CelebDFv3/CelebDFv3/FAKE/FaceSwap/SimSwap/id51_id49_0005.mp4,FaceSwap/SimSwap,id51,id49,0,2.0963597297668457,-2.0963597297668457,0.0,120.23899841308594,30.0,0.0,0.0,0.0,0.0,0.0,0.0
CelebDFv3,/root/Datasets/CelebDFv3/CelebDFv3/FAKE/FaceSwap/UniFace/id11_id7_0008.mp4,FaceSwap/UniFace,id11,id7,0,-5.954791069030762,5.954791069030762,0.0,104.43769836425781,30.0,0.0,0.0,0.0,0.0,0.0,0.0
CelebDFv3,/root/Datasets/CelebDFv3/CelebDFv3/FAKE/TalkingFace/AniTalker/id8_0005_test_id03978_ywSqMWAhPPY.mp4,TalkingFace/AniTalker,id8,,0,10.818899154663086,-10.818899154663086,0.0,104.91475677490234,25.0,0.0,0.0,0.0,0.0,0.0,0.0
CelebDFv3,/root/Datasets/CelebDFv3/CelebDFv3/FAKE/TalkingFace/EDTalk/id51_0001_test_id00812_Ypl15Alz_-I.mp4,TalkingFace/EDTalk,id51,,0,4.4353742599487305,-4.4353742599487305,0.0,131.30239868164062,25.0,0.0,0.0,0.0,0.0,0.0,0.0
CelebDFv3,/root/Datasets/CelebDFv3/CelebDFv3/FAKE/TalkingFace/EchoMimic/id56_0006_test_id07494_HxLolmovgAs.mp4,TalkingFace/EchoMimic,id56,,0,7.320812225341797,-7.320812225341797,0.0,109.23303985595703,24.0,0.0,0.0,0.0,0.0,0.0,0.0
CelebDFv3,/root/Datasets/CelebDFv3/CelebDFv3/FAKE/TalkingFace/FLOAT/id59_0005_test_id04295_4SPw-Qb6qH4.mp4,TalkingFace/FLOAT,id59,,0,5.9747724533081055,-5.9747724533081055,0.0,106.24849700927734,25.0,0.0,0.0,0.0,0.0,0.0,0.0
CelebDFv3,/root/Datasets/CelebDFv3/CelebDFv3/FAKE/TalkingFace/IP_LAP/id31_0008_test_id08374_8V4tFXw2UxY.mp4,TalkingFace/IP_LAP,id31,,0,4.8044915199279785,-4.8044915199279785,0.0,121.96450805664062,25.0,0.0,0.0,0.0,0.0,0.0,0.0
CelebDFv3,/root/Datasets/CelebDFv3/CelebDFv3/FAKE/TalkingFace/Real3DPortrait/id25_0007_test_id00812_uCF5yBvYa9k.mp4,TalkingFace/Real3DPortrait,id25,,0,9.781432151794434,-9.781432151794434,0.0,133.954833984375,25.0,0.0,0.0,0.0,0.0,0.0,0.0
CelebDFv3,/root/Datasets/CelebDFv3/CelebDFv3/FAKE/TalkingFace/SadTalker/id48_0007_test_id07961_464OHFffwjI.mp4,TalkingFace/SadTalker,id48,,0,5.811328887939453,-5.811328887939453,0.0,111.68331909179688,25.0,0.0,0.0,0.0,0.0,0.0,0.0
CelebDFv3,/root/Datasets/CelebDFv3/CelebDFv3/FAKE/FaceReenact/DaGAN/id56_id58_0002.mp4,FaceReenact/DaGAN,id56,id58,0,4.948985576629639,-4.948985576629639,0.0,97.7035140991211,30.0,0.0,0.0,0.0,0.0,0.0,0.0
CelebDFv3,/root/Datasets/CelebDFv3/CelebDFv3/FAKE/FaceReenact/FSRT/id23_id34_0009.mp4,FaceReenact/FSRT,id23,id34,0,3.7364931106567383,-3.7364931106567383,0.0,83.92239379882812,20.0,0.0,0.0,0.0,0.0,0.0,0.0
CelebDFv3,/root/Datasets/CelebDFv3/CelebDFv3/FAKE/FaceReenact/HyperReenact/id25_id21_0008.mp4,FaceReenact/HyperReenact,id25,id21,0,2.992009401321411,-2.992009401321411,0.0,106.52884674072266,25.0,0.0,0.0,0.0,0.0,0.0,0.0
CelebDFv3,/root/Datasets/CelebDFv3/CelebDFv3/FAKE/FaceReenact/LIA/id48_id45_0003.mp4,FaceReenact/LIA,id48,id45,0,11.625823020935059,-11.625823020935059,0.0,140.72109985351562,30.0,0.0,0.0,0.0,0.0,0.0,0.0
CelebDFv3,/root/Datasets/CelebDFv3/CelebDFv3/FAKE/FaceReenact/LivePortrait/id23_id2_0005.mp4,FaceReenact/LivePortrait,id23,id2,0,3.280808210372925,-3.280808210372925,0.0,104.19866943359375,30.0,0.0,0.0,0.0,0.0,0.0,0.0
CelebDFv3,/root/Datasets/CelebDFv3/CelebDFv3/FAKE/FaceReenact/MCNET/id51_id57_0007.mp4,FaceReenact/MCNET,id51,id57,0,1.8301187753677368,-1.8301187753677368,0.0,103.943359375,30.0,0.0,0.0,0.0,0.0,0.0,0.0
CelebDFv3,/root/Datasets/CelebDFv3/CelebDFv3/FAKE/FaceReenact/TPSMM/id51_id55_0004.mp4,FaceReenact/TPSMM,id51,id55,0,2.7231292724609375,-2.7231292724609375,0.0,94.18505096435547,30.0,0.0,0.0,0.0,0.0,0.0,0.0
CelebDFv3,/root/Datasets/CelebDFv3/CelebDFv3/FAKE/FaceSwap/BlendFace/id51_id53_0008.mp4,FaceSwap/BlendFace,id51,id53,0,0.9527043104171753,-0.9527043104171753,0.0,117.58435821533203,30.0,0.0,0.0,0.0,0.0,0.0,0.0
CelebDFv3,/root/Datasets/CelebDFv3/CelebDFv3/FAKE/FaceSwap/Celeb-DF-v2/id22_id28_0006.mp4,FaceSwap/Celeb-DF-v2,id22,id28,0,-1.1311233043670654,1.1311233043670654,0.0,167.2989959716797,30.0,0.0,0.0,0.0,0.0,0.0,0.0
CelebDFv3,/root/Datasets/CelebDFv3/CelebDFv3/FAKE/FaceSwap/GHOST/id22_id28_0009.mp4,FaceSwap/GHOST,id22,id28,0,-14.015840530395508,14.015840530395508,0.0,204.12413024902344,30.0,0.0,0.0,0.0,0.0,0.0,0.0
CelebDFv3,/root/Datasets/CelebDFv3/CelebDFv3/FAKE/FaceSwap/HifiFace/id31_id23_0000.mp4,FaceSwap/HifiFace,id31,id23,0,-4.251309871673584,4.251309871673584,0.0,148.67947387695312,30.0,0.0,0.0,0.0,0.0,0.0,0.0
CelebDFv3,/root/Datasets/CelebDFv3/CelebDFv3/FAKE/FaceSwap/InSwapper/id23_id38_0001.mp4,FaceSwap/InSwapper,id23,id38,0,4.917482376098633,-4.917482376098633,0.0,121.72974395751953,30.0,0.0,0.0,0.0,0.0,0.0,0.0
CelebDFv3,/root/Datasets/CelebDFv3/CelebDFv3/FAKE/FaceSwap/MobileFaceSwap/id51_id49_0005.mp4,FaceSwap/MobileFaceSwap,id51,id49,0,2.046250104904175,-2.046250104904175,0.0,121.1146469116211,30.0,0.0,0.0,0.0,0.0,0.0,0.0
CelebDFv3,/root/Datasets/CelebDFv3/CelebDFv3/FAKE/FaceSwap/SimSwap/id23_id3_0002.mp4,FaceSwap/SimSwap,id23,id3,0,2.6101036071777344,-2.6101036071777344,0.0,93.055419921875,30.0,0.0,0.0,0.0,0.0,0.0,0.0
CelebDFv3,/root/Datasets/CelebDFv3/CelebDFv3/FAKE/FaceSwap/UniFace/id8_id3_0008.mp4,FaceSwap/UniFace,id8,id3,0,-4.1466288566589355,4.1466288566589355,0.0,254.69134521484375,30.0,0.0,0.0,0.0,0.0,0.0,0.0
CelebDFv3,/root/Datasets/CelebDFv3/CelebDFv3/FAKE/TalkingFace/AniTalker/id51_0006_test_id01892_aYQNf2Z8dGI.mp4,TalkingFace/AniTalker,id51,,0,1.3462495803833008,-1.3462495803833008,0.0,115.91650390625,25.0,0.0,0.0,0.0,0.0,0.0,0.0
CelebDFv3,/root/Datasets/CelebDFv3/CelebDFv3/FAKE/TalkingFace/EDTalk/id56_0006_test_id07494_HxLolmovgAs.mp4,TalkingFace/EDTalk,id56,,0,8.405925750732422,-8.405925750732422,0.0,127.15795135498047,25.0,0.0,0.0,0.0,0.0,0.0,0.0
CelebDFv3,/root/Datasets/CelebDFv3/CelebDFv3/FAKE/TalkingFace/EchoMimic/id25_0001_test_id02576_5dQTvY26piw.mp4,TalkingFace/EchoMimic,id25,,0,8.463607788085938,-8.463607788085938,0.0,112.5654525756836,24.0,0.0,0.0,0.0,0.0,0.0,0.0
CelebDFv3,/root/Datasets/CelebDFv3/CelebDFv3/FAKE/TalkingFace/FLOAT/id26_0003_test_id05015_dlb6GaUPRuk.mp4,TalkingFace/FLOAT,id26,,0,0.4942679703235626,-0.4942679703235626,0.0,353.6866455078125,25.0,0.0,0.0,0.0,0.0,0.0,0.0
CelebDFv3,/root/Datasets/CelebDFv3/CelebDFv3/FAKE/TalkingFace/IP_LAP/id25_0009_test_id03980_Ze_9iDKT9ZI.mp4,TalkingFace/IP_LAP,id25,,0,0.029421649873256683,-0.029421649873256683,0.0,104.11699676513672,25.0,0.0,0.0,0.0,0.0,0.0,0.0
CelebDFv3,/root/Datasets/CelebDFv3/CelebDFv3/FAKE/TalkingFace/Real3DPortrait/id25_0009_test_id03980_Ze_9iDKT9ZI.mp4,TalkingFace/Real3DPortrait,id25,,0,-1.3416998386383057,1.3416998386383057,0.0,111.90524291992188,25.0,0.0,0.0,0.0,0.0,0.0,0.0
CelebDFv3,/root/Datasets/CelebDFv3/CelebDFv3/FAKE/TalkingFace/SadTalker/id59_0006_test_id06913_CFoP6f5lk7M.mp4,TalkingFace/SadTalker,id59,,0,1.5852617025375366,-1.5852617025375366,0.0,115.58578491210938,25.0,0.0,0.0,0.0,0.0,0.0,0.0
CelebDFv3,/root/Datasets/CelebDFv3/CelebDFv3/FAKE/FaceReenact/DaGAN/id23_id22_0000.mp4,FaceReenact/DaGAN,id23,id22,0,-1.7530529499053955,1.7530529499053955,0.0,110.79559326171875,30.0,0.0,0.0,0.0,0.0,0.0,0.0
CelebDFv3,/root/Datasets/CelebDFv3/CelebDFv3/FAKE/FaceReenact/FSRT/id26_id22_0003.mp4,FaceReenact/FSRT,id26,id22,0,0.9783622026443481,-0.9783622026443481,0.0,288.0594787597656,20.0,0.0,0.0,0.0,0.0,0.0,0.0
CelebDFv3,/root/Datasets/CelebDFv3/CelebDFv3/FAKE/FaceReenact/HyperReenact/id23_id20_0002.mp4,FaceReenact/HyperReenact,id23,id20,0,13.166336059570312,-13.166336059570312,0.0,118.50932312011719,25.0,0.0,0.0,0.0,0.0,0.0,0.0
CelebDFv3,/root/Datasets/CelebDFv3/CelebDFv3/FAKE/FaceReenact/LIA/id51_id49_0004.mp4,FaceReenact/LIA,id51,id49,0,4.328746795654297,-4.328746795654297,0.0,108.19134521484375,30.0,0.0,0.0,0.0,0.0,0.0,0.0
CelebDFv3,/root/Datasets/CelebDFv3/CelebDFv3/FAKE/FaceReenact/LivePortrait/id48_id44_0003.mp4,FaceReenact/LivePortrait,id48,id44,0,4.620959281921387,-4.620959281921387,0.0,133.11875915527344,30.0,0.0,0.0,0.0,0.0,0.0,0.0
CelebDFv3,/root/Datasets/CelebDFv3/CelebDFv3/FAKE/FaceReenact/MCNET/id23_id20_0007.mp4,FaceReenact/MCNET,id23,id20,0,9.446342468261719,-9.446342468261719,0.0,169.84088134765625,30.0,0.0,0.0,0.0,0.0,0.0,0.0
CelebDFv3,/root/Datasets/CelebDFv3/CelebDFv3/FAKE/FaceReenact/TPSMM/id23_id32_0009.mp4,FaceReenact/TPSMM,id23,id32,0,6.35230016708374,-6.35230016708374,0.0,119.74635314941406,30.0,0.0,0.0,0.0,0.0,0.0,0.0
CelebDFv3,/root/Datasets/CelebDFv3/CelebDFv3/FAKE/FaceSwap/BlendFace/id26_id17_0004.mp4,FaceSwap/BlendFace,id26,id17,0,-1.1555558443069458,1.1555558443069458,0.0,134.70469665527344,30.0,0.0,0.0,0.0,0.0,0.0,0.0
CelebDFv3,/root/Datasets/CelebDFv3/CelebDFv3/FAKE/FaceSwap/Celeb-DF-v2/id26_id9_0006.mp4,FaceSwap/Celeb-DF-v2,id26,id9,0,12.50227165222168,-12.50227165222168,0.0,183.23985290527344,30.0,0.0,0.0,0.0,0.0,0.0,0.0
CelebDFv3,/root/Datasets/CelebDFv3/CelebDFv3/FAKE/FaceSwap/GHOST/id22_id21_0005.mp4,FaceSwap/GHOST,id22,id21,0,3.044893741607666,-3.044893741607666,0.0,182.91671752929688,30.0,0.0,0.0,0.0,0.0,0.0,0.0
CelebDFv3,/root/Datasets/CelebDFv3/CelebDFv3/FAKE/FaceSwap/HifiFace/id48_id42_0004.mp4,FaceSwap/HifiFace,id48,id42,0,3.539109230041504,-3.539109230041504,0.0,161.8674774169922,30.0,0.0,0.0,0.0,0.0,0.0,0.0
CelebDFv3,/root/Datasets/CelebDFv3/CelebDFv3/FAKE/FaceSwap/InSwapper/id56_id55_0001.mp4,FaceSwap/InSwapper,id56,id55,0,1.0246068239212036,-1.0246068239212036,0.0,273.37493896484375,30.0,0.0,0.0,0.0,0.0,0.0,0.0
CelebDFv3,/root/Datasets/CelebDFv3/CelebDFv3/FAKE/FaceSwap/MobileFaceSwap/id26_id34_0006.mp4,FaceSwap/MobileFaceSwap,id26,id34,0,12.54861831665039,-12.54861831665039,0.0,179.532958984375,30.0,0.0,0.0,0.0,0.0,0.0,0.0
CelebDFv3,/root/Datasets/CelebDFv3/CelebDFv3/FAKE/FaceSwap/SimSwap/id56_id55_0008.mp4,FaceSwap/SimSwap,id56,id55,0,-1.6258119344711304,1.6258119344711304,0.0,121.69194793701172,30.0,0.0,0.0,0.0,0.0,0.0,0.0
CelebDFv3,/root/Datasets/CelebDFv3/CelebDFv3/FAKE/FaceSwap/UniFace/id26_id30_0000.mp4,FaceSwap/UniFace,id26,id30,0,5.424152374267578,-5.424152374267578,0.0,132.2815399169922,30.0,0.0,0.0,0.0,0.0,0.0,0.0
CelebDFv3,/root/Datasets/CelebDFv3/CelebDFv3/FAKE/TalkingFace/AniTalker/id51_0009_test_id01333_vWcj1WDDeL8.mp4,TalkingFace/AniTalker,id51,,0,3.2099075317382812,-3.2099075317382812,0.0,109.20343780517578,25.0,0.0,0.0,0.0,0.0,0.0,0.0
CelebDFv3,/root/Datasets/CelebDFv3/CelebDFv3/FAKE/TalkingFace/EDTalk/id51_0004_test_id04253_goriueKsSfQ.mp4,TalkingFace/EDTalk,id51,,0,9.824663162231445,-9.824663162231445,0.0,114.77162170410156,25.0,0.0,0.0,0.0,0.0,0.0,0.0
CelebDFv3,/root/Datasets/CelebDFv3/CelebDFv3/FAKE/TalkingFace/EchoMimic/id11_0006_test_id04862_i6aGUMQW5jA.mp4,TalkingFace/EchoMimic,id11,,0,5.189680576324463,-5.189680576324463,0.0,108.03816223144531,24.0,0.0,0.0,0.0,0.0,0.0,0.0
CelebDFv3,/root/Datasets/CelebDFv3/CelebDFv3/FAKE/TalkingFace/FLOAT/id56_0004_test_id04232__k0hgacT2zc.mp4,TalkingFace/FLOAT,id56,,0,5.626757621765137,-5.626757621765137,0.0,101.20985412597656,25.0,0.0,0.0,0.0,0.0,0.0,0.0
CelebDFv3,/root/Datasets/CelebDFv3/CelebDFv3/FAKE/TalkingFace/IP_LAP/id25_0007_test_id00812_uCF5yBvYa9k.mp4,TalkingFace/IP_LAP,id25,,0,6.716571807861328,-6.716571807861328,0.0,101.44110870361328,25.0,0.0,0.0,0.0,0.0,0.0,0.0
CelebDFv3,/root/Datasets/CelebDFv3/CelebDFv3/FAKE/TalkingFace/Real3DPortrait/id22_0007_test_id07802_w51pvh-_Tao.mp4,TalkingFace/Real3DPortrait,id22,,0,-4.836592197418213,4.836592197418213,0.0,165.88807678222656,25.0,0.0,0.0,0.0,0.0,0.0,0.0
CelebDFv3,/root/Datasets/CelebDFv3/CelebDFv3/FAKE/TalkingFace/SadTalker/id26_0004_test_id02317_ElfR3P4Rrmk.mp4,TalkingFace/SadTalker,id26,,0,7.059360027313232,-7.059360027313232,0.0,125.17980194091797,25.0,0.0,0.0,0.0,0.0,0.0,0.0
CelebDFv3,/root/Datasets/CelebDFv3/CelebDFv3/FAKE/FaceReenact/DaGAN/id48_id45_0005.mp4,FaceReenact/DaGAN,id48,id45,0,8.120710372924805,-8.120710372924805,0.0,97.17353057861328,30.0,0.0,0.0,0.0,0.0,0.0,0.0
CelebDFv3,/root/Datasets/CelebDFv3/CelebDFv3/FAKE/FaceReenact/FSRT/id23_id19_0009.mp4,FaceReenact/FSRT,id23,id19,0,6.000009536743164,-6.000009536743164,0.0,102.87834167480469,20.0,0.0,0.0,0.0,0.0,0.0,0.0
CelebDFv3,/root/Datasets/CelebDFv3/CelebDFv3/FAKE/FaceReenact/HyperReenact/id23_id30_0006.mp4,FaceReenact/HyperReenact,id23,id30,0,8.561453819274902,-8.561453819274902,0.0,106.4195556640625,25.0,0.0,0.0,0.0,0.0,0.0,0.0
CelebDFv3,/root/Datasets/CelebDFv3/CelebDFv3/FAKE/FaceReenact/LIA/id48_id44_0000.mp4,FaceReenact/LIA,id48,id44,0,0.603830099105835,-0.603830099105835,0.0,104.8036117553711,30.0,0.0,0.0,0.0,0.0,0.0,0.0
CelebDFv3,/root/Datasets/CelebDFv3/CelebDFv3/FAKE/FaceReenact/LivePortrait/id56_id57_0009.mp4,FaceReenact/LivePortrait,id56,id57,0,-0.5205216407775879,0.5205216407775879,0.0,148.91075134277344,29.0,0.0,0.0,0.0,0.0,0.0,0.0
CelebDFv3,/root/Datasets/CelebDFv3/CelebDFv3/FAKE/FaceReenact/MCNET/id23_id24_0009.mp4,FaceReenact/MCNET,id23,id24,0,6.486025333404541,-6.486025333404541,0.0,114.05793762207031,30.0,0.0,0.0,0.0,0.0,0.0,0.0
CelebDFv3,/root/Datasets/CelebDFv3/CelebDFv3/FAKE/FaceReenact/TPSMM/id48_id45_0005.mp4,FaceReenact/TPSMM,id48,id45,0,7.488024711608887,-7.488024711608887,0.0,93.380615234375,30.0,0.0,0.0,0.0,0.0,0.0,0.0
CelebDFv3,/root/Datasets/CelebDFv3/CelebDFv3/FAKE/FaceSwap/BlendFace/id23_id3_0006.mp4,FaceSwap/BlendFace,id23,id3,0,-2.75895619392395,2.75895619392395,0.0,111.82027435302734,30.0,0.0,0.0,0.0,0.0,0.0,0.0
CelebDFv3,/root/Datasets/CelebDFv3/CelebDFv3/FAKE/FaceSwap/Celeb-DF-v2/id22_id26_0001.mp4,FaceSwap/Celeb-DF-v2,id22,id26,0,-2.2664425373077393,2.2664425373077393,0.0,100.57527923583984,30.0,0.0,0.0,0.0,0.0,0.0,0.0
CelebDFv3,/root/Datasets/CelebDFv3/CelebDFv3/FAKE/FaceSwap/GHOST/id22_id26_0005.mp4,FaceSwap/GHOST,id22,id26,0,3.0572433471679688,-3.0572433471679688,0.0,182.88377380371094,30.0,0.0,0.0,0.0,0.0,0.0,0.0
CelebDFv3,/root/Datasets/CelebDFv3/CelebDFv3/FAKE/FaceSwap/HifiFace/id22_id27_0005.mp4,FaceSwap/HifiFace,id22,id27,0,3.0370287895202637,-3.0370287895202637,0.0,182.8856964111328,30.0,0.0,0.0,0.0,0.0,0.0,0.0
CelebDFv3,/root/Datasets/CelebDFv3/CelebDFv3/FAKE/FaceSwap/InSwapper/id31_id9_0005.mp4,FaceSwap/InSwapper,id31,id9,0,-5.306893348693848,5.306893348693848,0.0,107.28592681884766,30.0,0.0,0.0,0.0,0.0,0.0,0.0
CelebDFv3,/root/Datasets/CelebDFv3/CelebDFv3/FAKE/FaceSwap/MobileFaceSwap/id23_id9_0000.mp4,FaceSwap/MobileFaceSwap,id23,id9,0,2.805835723876953,-2.805835723876953,0.0,99.608154296875,30.0,0.0,0.0,0.0,0.0,0.0,0.0
CelebDFv3,/root/Datasets/CelebDFv3/CelebDFv3/FAKE/FaceSwap/SimSwap/id51_id58_0008.mp4,FaceSwap/SimSwap,id51,id58,0,0.9366796016693115,-0.9366796016693115,0.0,117.61231231689453,30.0,0.0,0.0,0.0,0.0,0.0,0.0
CelebDFv3,/root/Datasets/CelebDFv3/CelebDFv3/FAKE/FaceSwap/UniFace/id51_id54_0002.mp4,FaceSwap/UniFace,id51,id54,0,1.7301071882247925,-1.7301071882247925,0.0,106.83106994628906,30.0,0.0,0.0,0.0,0.0,0.0,0.0
CelebDFv3,/root/Datasets/CelebDFv3/CelebDFv3/FAKE/TalkingFace/AniTalker/id59_0006_test_id08701_yty4X4F1mQY.mp4,TalkingFace/AniTalker,id59,,0,5.283260822296143,-5.283260822296143,0.0,115.08004760742188,25.0,0.0,0.0,0.0,0.0,0.0,0.0
CelebDFv3,/root/Datasets/CelebDFv3/CelebDFv3/FAKE/TalkingFace/EDTalk/id25_0006_test_id07802_MtoFAMWjUxM.mp4,TalkingFace/EDTalk,id25,,0,11.998489379882812,-11.998489379882812,0.0,270.43524169921875,25.0,0.0,0.0,0.0,0.0,0.0,0.0
CelebDFv3,/root/Datasets/CelebDFv3/CelebDFv3/FAKE/TalkingFace/EchoMimic/id22_0002_test_id02086_0zkXi4u4Rr0.mp4,TalkingFace/EchoMimic,id22,,0,8.931711196899414,-8.931711196899414,0.0,119.56905364990234,24.0,0.0,0.0,0.0,0.0,0.0,0.0
CelebDFv3,/root/Datasets/CelebDFv3/CelebDFv3/FAKE/TalkingFace/FLOAT/id54_0007_test_id01333_D9Eylmbz4Ik.mp4,TalkingFace/FLOAT,id54,,0,4.902971267700195,-4.902971267700195,0.0,116.39378356933594,25.0,0.0,0.0,0.0,0.0,0.0,0.0
CelebDFv3,/root/Datasets/CelebDFv3/CelebDFv3/FAKE/TalkingFace/IP_LAP/id31_0001_test_id09017_fsgr0uLbKVg.mp4,TalkingFace/IP_LAP,id31,,0,8.599925994873047,-8.599925994873047,0.0,131.473388671875,25.0,0.0,0.0,0.0,0.0,0.0,0.0
CelebDFv3,/root/Datasets/CelebDFv3/CelebDFv3/FAKE/TalkingFace/Real3DPortrait/id56_0009_test_id06104_I5L50wxtK8Q.mp4,TalkingFace/Real3DPortrait,id56,,0,0.2694128155708313,-0.2694128155708313,0.0,167.4744873046875,25.0,0.0,0.0,0.0,0.0,0.0,0.0
CelebDFv3,/root/Datasets/CelebDFv3/CelebDFv3/FAKE/TalkingFace/SadTalker/id23_0007_test_id01593_xYSFA0pJBl0.mp4,TalkingFace/SadTalker,id23,,0,4.457727909088135,-4.457727909088135,0.0,289.8406982421875,25.0,0.0,0.0,0.0,0.0,0.0,0.0
CelebDFv3,/root/Datasets/CelebDFv3/CelebDFv3/FAKE/FaceReenact/DaGAN/id31_id17_0005.mp4,FaceReenact/DaGAN,id31,id17,0,4.855902194976807,-4.855902194976807,0.0,104.32313537597656,30.0,0.0,0.0,0.0,0.0,0.0,0.0
CelebDFv3,/root/Datasets/CelebDFv3/CelebDFv3/FAKE/FaceReenact/FSRT/id26_id30_0004.mp4,FaceReenact/FSRT,id26,id30,0,0.45233985781669617,-0.45233985781669617,0.0,130.73870849609375,20.0,0.0,0.0,0.0,0.0,0.0,0.0
CelebDFv3,/root/Datasets/CelebDFv3/CelebDFv3/FAKE/FaceReenact/HyperReenact/id31_id37_0004.mp4,FaceReenact/HyperReenact,id31,id37,0,11.106950759887695,-11.106950759887695,0.0,156.27305603027344,25.0,0.0,0.0,0.0,0.0,0.0,0.0
CelebDFv3,/root/Datasets/CelebDFv3/CelebDFv3/FAKE/FaceReenact/LIA/id25_id21_0002.mp4,FaceReenact/LIA,id25,id21,0,6.761672019958496,-6.761672019958496,0.0,113.0476303100586,30.0,0.0,0.0,0.0,0.0,0.0,0.0
CelebDFv3,/root/Datasets/CelebDFv3/CelebDFv3/FAKE/FaceReenact/LivePortrait/id22_id20_0002.mp4,FaceReenact/LivePortrait,id22,id20,0,-5.921417236328125,5.921417236328125,0.0,145.50384521484375,30.0,0.0,0.0,0.0,0.0,0.0,0.0
CelebDFv3,/root/Datasets/CelebDFv3/CelebDFv3/FAKE/FaceReenact/MCNET/id23_id30_0009.mp4,FaceReenact/MCNET,id23,id30,0,7.643572807312012,-7.643572807312012,0.0,128.832763671875,30.0,0.0,0.0,0.0,0.0,0.0,0.0
CelebDFv3,/root/Datasets/CelebDFv3/CelebDFv3/FAKE/FaceReenact/TPSMM/id22_id26_0005.mp4,FaceReenact/TPSMM,id22,id26,0,5.097064018249512,-5.097064018249512,0.0,128.7261199951172,30.0,0.0,0.0,0.0,0.0,0.0,0.0
CelebDFv3,/root/Datasets/CelebDFv3/CelebDFv3/FAKE/FaceSwap/BlendFace/id26_id37_0003.mp4,FaceSwap/BlendFace,id26,id37,0,-7.694759368896484,7.694759368896484,0.0,382.2171630859375,30.0,0.0,0.0,0.0,0.0,0.0,0.0
CelebDFv3,/root/Datasets/CelebDFv3/CelebDFv3/FAKE/FaceSwap/Celeb-DF-v2/id54_id49_0009.mp4,FaceSwap/Celeb-DF-v2,id54,id49,0,-0.13934127986431122,0.13934127986431122,0.0,101.37035369873047,30.0,0.0,0.0,0.0,0.0,0.0,0.0
CelebDFv3,/root/Datasets/CelebDFv3/CelebDFv3/FAKE/FaceSwap/GHOST/id26_id28_0002.mp4,FaceSwap/GHOST,id26,id28,0,-2.3745555877685547,2.3745555877685547,0.0,95.70307159423828,30.0,0.0,0.0,0.0,0.0,0.0,0.0
CelebDFv3,/root/Datasets/CelebDFv3/CelebDFv3/FAKE/FaceSwap/HifiFace/id56_id50_0002.mp4,FaceSwap/HifiFace,id56,id50,0,0.010630548000335693,-0.010630548000335693,0.0,109.08148956298828,30.0,0.0,0.0,0.0,0.0,0.0,0.0
CelebDFv3,/root/Datasets/CelebDFv3/CelebDFv3/FAKE/FaceSwap/InSwapper/id11_id7_0008.mp4,FaceSwap/InSwapper,id11,id7,0,-5.941420555114746,5.941420555114746,0.0,104.46460723876953,30.0,0.0,0.0,0.0,0.0,0.0,0.0
CelebDFv3,/root/Datasets/CelebDFv3/CelebDFv3/FAKE/FaceSwap/MobileFaceSwap/id51_id50_0007.mp4,FaceSwap/MobileFaceSwap,id51,id50,0,-3.003697395324707,3.003697395324707,0.0,110.10628509521484,30.0,0.0,0.0,0.0,0.0,0.0,0.0
CelebDFv3,/root/Datasets/CelebDFv3/CelebDFv3/FAKE/FaceSwap/SimSwap/id23_id2_0005.mp4,FaceSwap/SimSwap,id23,id2,0,1.9657756090164185,-1.9657756090164185,0.0,91.3535385131836,30.0,0.0,0.0,0.0,0.0,0.0,0.0
CelebDFv3,/root/Datasets/CelebDFv3/CelebDFv3/FAKE/FaceSwap/UniFace/id31_id21_0002.mp4,FaceSwap/UniFace,id31,id21,0,-2.5355563163757324,2.5355563163757324,0.0,148.93838500976562,30.0,0.0,0.0,0.0,0.0,0.0,0.0
CelebDFv3,/root/Datasets/CelebDFv3/CelebDFv3/FAKE/TalkingFace/AniTalker/id11_0001_test_id04478_Rk34ptLauAE.mp4,TalkingFace/AniTalker,id11,,0,8.274246215820312,-8.274246215820312,0.0,118.31344604492188,25.0,0.0,0.0,0.0,0.0,0.0,0.0
CelebDFv3,/root/Datasets/CelebDFv3/CelebDFv3/FAKE/TalkingFace/EDTalk/id23_0006_test_id06104_D84wde8JJ_k.mp4,TalkingFace/EDTalk,id23,,0,9.596607208251953,-9.596607208251953,0.0,125.78057861328125,25.0,0.0,0.0,0.0,0.0,0.0,0.0
CelebDFv3,/root/Datasets/CelebDFv3/CelebDFv3/FAKE/TalkingFace/EchoMimic/id56_0009_test_id01437_LgnNNq3sfPY.mp4,TalkingFace/EchoMimic,id56,,0,3.228325843811035,-3.228325843811035,0.0,176.85711669921875,24.0,0.0,0.0,0.0,0.0,0.0,0.0
CelebDFv3,/root/Datasets/CelebDFv3/CelebDFv3/FAKE/TalkingFace/FLOAT/id22_0000_test_id00419_we1bS7x83WQ.mp4,TalkingFace/FLOAT,id22,,0,8.201080322265625,-8.201080322265625,0.0,129.1289825439453,25.0,0.0,0.0,0.0,0.0,0.0,0.0
CelebDFv3,/root/Datasets/CelebDFv3/CelebDFv3/FAKE/TalkingFace/IP_LAP/id25_0006_test_id04862_S-gP56qMDiI.mp4,TalkingFace/IP_LAP,id25,,0,11.493428230285645,-11.493428230285645,0.0,256.9149169921875,25.0,0.0,0.0,0.0,0.0,0.0,0.0
CelebDFv3,/root/Datasets/CelebDFv3/CelebDFv3/FAKE/TalkingFace/Real3DPortrait/id25_0006_test_id03347_iLd-6KT2Y2Q.mp4,TalkingFace/Real3DPortrait,id25,,0,9.885560989379883,-9.885560989379883,0.0,260.0726013183594,25.0,0.0,0.0,0.0,0.0,0.0,0.0
CelebDFv3,/root/Datasets/CelebDFv3/CelebDFv3/FAKE/TalkingFace/SadTalker/id23_0008_test_id06811_Y6PB7tt3VPc.mp4,TalkingFace/SadTalker,id23,,0,-0.2675115168094635,0.2675115168094635,0.0,118.76237487792969,25.0,0.0,0.0,0.0,0.0,0.0,0.0
CelebDFv3,/root/Datasets/CelebDFv3/CelebDFv3/FAKE/FaceReenact/DaGAN/id51_id56_0005.mp4,FaceReenact/DaGAN,id51,id56,0,0.2884902358055115,-0.2884902358055115,0.0,132.779052734375,29.920000076293945,0.0,0.0,0.0,0.0,0.0,0.0
CelebDFv3,/root/Datasets/CelebDFv3/CelebDFv3/FAKE/FaceReenact/FSRT/id26_id33_0001.mp4,FaceReenact/FSRT,id26,id33,0,1.1788407564163208,-1.1788407564163208,0.0,98.93154907226562,20.0,0.0,0.0,0.0,0.0,0.0,0.0
CelebDFv3,/root/Datasets/CelebDFv3/CelebDFv3/FAKE/FaceReenact/HyperReenact/id25_id22_0002.mp4,FaceReenact/HyperReenact,id25,id22,0,8.514497756958008,-8.514497756958008,0.0,104.29524230957031,25.0,0.0,0.0,0.0,0.0,0.0,0.0
CelebDFv3,/root/Datasets/CelebDFv3/CelebDFv3/FAKE/FaceReenact/LIA/id31_id35_0006.mp4,FaceReenact/LIA,id31,id35,0,4.419868469238281,-4.419868469238281,0.0,165.59451293945312,30.0,0.0,0.0,0.0,0.0,0.0,0.0
CelebDFv3,/root/Datasets/CelebDFv3/CelebDFv3/FAKE/FaceReenact/LivePortrait/id26_id20_0000.mp4,FaceReenact/LivePortrait,id26,id20,0,3.678849458694458,-3.678849458694458,0.0,133.1779022216797,30.0,0.0,0.0,0.0,0.0,0.0,0.0
CelebDFv3,/root/Datasets/CelebDFv3/CelebDFv3/FAKE/FaceReenact/MCNET/id23_id38_0001.mp4,FaceReenact/MCNET,id23,id38,0,6.885902404785156,-6.885902404785156,0.0,108.63778686523438,30.0,0.0,0.0,0.0,0.0,0.0,0.0
CelebDFv3,/root/Datasets/CelebDFv3/CelebDFv3/FAKE/FaceReenact/TPSMM/id23_id9_0006.mp4,FaceReenact/TPSMM,id23,id9,0,8.084896087646484,-8.084896087646484,0.0,94.59235382080078,30.0,0.0,0.0,0.0,0.0,0.0,0.0
CelebDFv3,/root/Datasets/CelebDFv3/CelebDFv3/FAKE/FaceSwap/BlendFace/id23_id20_0001.mp4,FaceSwap/BlendFace,id23,id20,0,4.87717342376709,-4.87717342376709,0.0,121.75298309326172,30.0,0.0,0.0,0.0,0.0,0.0,0.0
CelebDFv3,/root/Datasets/CelebDFv3/CelebDFv3/FAKE/FaceSwap/Celeb-DF-v2/id56_id58_0000.mp4,FaceSwap/Celeb-DF-v2,id56,id58,0,-0.6710638403892517,0.6710638403892517,0.0,96.72660064697266,30.0,0.0,0.0,0.0,0.0,0.0,0.0
CelebDFv3,/root/Datasets/CelebDFv3/CelebDFv3/FAKE/FaceSwap/GHOST/id11_id7_0009.mp4,FaceSwap/GHOST,id11,id7,0,-1.617527723312378,1.617527723312378,0.0,124.03194427490234,30.0,0.0,0.0,0.0,0.0,0.0,0.0
CelebDFv3,/root/Datasets/CelebDFv3/CelebDFv3/FAKE/FaceSwap/HifiFace/id26_id28_0002.mp4,FaceSwap/HifiFace,id26,id28,0,-2.555389881134033,2.555389881134033,0.0,96.64094543457031,30.0,0.0,0.0,0.0,0.0,0.0,0.0
CelebDFv3,/root/Datasets/CelebDFv3/CelebDFv3/FAKE/FaceSwap/InSwapper/id23_id35_0005.mp4,FaceSwap/InSwapper,id23,id35,0,1.3794586658477783,-1.3794586658477783,0.0,88.18538665771484,30.0,0.0,0.0,0.0,0.0,0.0,0.0
CelebDFv3,/root/Datasets/CelebDFv3/CelebDFv3/FAKE/FaceSwap/MobileFaceSwap/id31_id38_0001.mp4,FaceSwap/MobileFaceSwap,id31,id38,0,1.0223314762115479,-1.0223314762115479,0.0,125.92597961425781,30.0,0.0,0.0,0.0,0.0,0.0,0.0
CelebDFv3,/root/Datasets/CelebDFv3/CelebDFv3/FAKE/FaceSwap/SimSwap/id25_id20_0003.mp4,FaceSwap/SimSwap,id25,id20,0,-9.064460754394531,9.064460754394531,0.0,218.78512573242188,30.0,0.0,0.0,0.0,0.0,0.0,0.0
CelebDFv3,/root/Datasets/CelebDFv3/CelebDFv3/FAKE/FaceSwap/UniFace/id31_id33_0005.mp4,FaceSwap/UniFace,id31,id33,0,-4.596379280090332,4.596379280090332,0.0,107.38893127441406,30.0,0.0,0.0,0.0,0.0,0.0,0.0
CelebDFv3,/root/Datasets/CelebDFv3/CelebDFv3/FAKE/TalkingFace/AniTalker/id48_0007_test_id06209_HXpylMleqDk.mp4,TalkingFace/AniTalker,id48,,0,6.212217330932617,-6.212217330932617,0.0,118.03297424316406,25.0,0.0,0.0,0.0,0.0,0.0,0.0
CelebDFv3,/root/Datasets/CelebDFv3/CelebDFv3/FAKE/TalkingFace/EDTalk/id25_0004_test_id01509_I6T7sh7T2lU.mp4,TalkingFace/EDTalk,id25,,0,5.533745288848877,-5.533745288848877,0.0,108.13825988769531,25.0,0.0,0.0,0.0,0.0,0.0,0.0
CelebDFv3,/root/Datasets/CelebDFv3/CelebDFv3/FAKE/TalkingFace/EchoMimic/id23_0001_test_id04478_nhLuGj0vGb8.mp4,TalkingFace/EchoMimic,id23,,0,10.745500564575195,-10.745500564575195,0.0,111.62411499023438,24.0,0.0,0.0,0.0,0.0,0.0,0.0
CelebDFv3,/root/Datasets/CelebDFv3/CelebDFv3/FAKE/TalkingFace/FLOAT/id26_0005_test_id09017_oF8cALd6lU0.mp4,TalkingFace/FLOAT,id26,,0,8.351258277893066,-8.351258277893066,0.0,165.50430297851562,25.0,0.0,0.0,0.0,0.0,0.0,0.0
CelebDFv3,/root/Datasets/CelebDFv3/CelebDFv3/FAKE/TalkingFace/IP_LAP/id48_0003_test_id02542_gMKSu2wZpAA.mp4,TalkingFace/IP_LAP,id48,,0,5.432294845581055,-5.432294845581055,0.0,89.4310531616211,25.0,0.0,0.0,0.0,0.0,0.0,0.0
CelebDFv3,/root/Datasets/CelebDFv3/CelebDFv3/FAKE/TalkingFace/Real3DPortrait/id59_0002_test_id05055_vecDm0cNDVs.mp4,TalkingFace/Real3DPortrait,id59,,0,-3.0203261375427246,3.0203261375427246,0.0,230.8955078125,25.0,0.0,0.0,0.0,0.0,0.0,0.0
CelebDFv3,/root/Datasets/CelebDFv3/CelebDFv3/FAKE/TalkingFace/SadTalker/id22_0007_test_id01822_zYv_noZ6yqw.mp4,TalkingFace/SadTalker,id22,,0,2.4545540809631348,-2.4545540809631348,0.0,159.542724609375,25.0,0.0,0.0,0.0,0.0,0.0,0.0
CelebDFv3,/root/Datasets/CelebDFv3/CelebDFv3/FAKE/FaceReenact/DaGAN/id26_id1_0000.mp4,FaceReenact/DaGAN,id26,id1,0,5.3858537673950195,-5.3858537673950195,0.0,105.01467895507812,30.0,0.0,0.0,0.0,0.0,0.0,0.0
CelebDFv3,/root/Datasets/CelebDFv3/CelebDFv3/FAKE/FaceReenact/FSRT/id56_id54_0001.mp4,FaceReenact/FSRT,id56,id54,0,1.2457085847854614,-1.2457085847854614,0.0,96.90107727050781,20.0,0.0,0.0,0.0,0.0,0.0,0.0
CelebDFv3,/root/Datasets/CelebDFv3/CelebDFv3/FAKE/FaceReenact/HyperReenact/id31_id20_0003.mp4,FaceReenact/HyperReenact,id31,id20,0,7.90616512298584,-7.90616512298584,0.0,133.74252319335938,25.0,0.0,0.0,0.0,0.0,0.0,0.0
CelebDFv3,/root/Datasets/CelebDFv3/CelebDFv3/FAKE/FaceReenact/LIA/id31_id38_0004.mp4,FaceReenact/LIA,id31,id38,0,-2.719672203063965,2.719672203063965,0.0,199.0496826171875,30.0,0.0,0.0,0.0,0.0,0.0,0.0
CelebDFv3,/root/Datasets/CelebDFv3/CelebDFv3/FAKE/FaceReenact/LivePortrait/id31_id29_0000.mp4,FaceReenact/LivePortrait,id31,id29,0,-6.4069061279296875,6.4069061279296875,0.0,125.16342163085938,30.0,0.0,0.0,0.0,0.0,0.0,0.0
CelebDFv3,/root/Datasets/CelebDFv3/CelebDFv3/FAKE/FaceReenact/MCNET/id56_id52_0002.mp4,FaceReenact/MCNET,id56,id52,0,4.98539924621582,-4.98539924621582,0.0,93.1620101928711,30.0,0.0,0.0,0.0,0.0,0.0,0.0
CelebDFv3,/root/Datasets/CelebDFv3/CelebDFv3/FAKE/FaceReenact/TPSMM/id31_id26_0000.mp4,FaceReenact/TPSMM,id31,id26,0,4.239864349365234,-4.239864349365234,0.0,133.86233520507812,30.0,0.0,0.0,0.0,0.0,0.0,0.0
CelebDFv3,/root/Datasets/CelebDFv3/CelebDFv3/FAKE/FaceSwap/BlendFace/id31_id6_0005.mp4,FaceSwap/BlendFace,id31,id6,0,-4.886912822723389,4.886912822723389,0.0,107.86453247070312,30.0,0.0,0.0,0.0,0.0,0.0,0.0
CelebDFv3,/root/Datasets/CelebDFv3/CelebDFv3/FAKE/FaceSwap/Celeb-DF-v2/id51_id54_0009.mp4,FaceSwap/Celeb-DF-v2,id51,id54,0,-1.0022951364517212,1.0022951364517212,0.0,97.84407806396484,30.0,0.0,0.0,0.0,0.0,0.0,0.0
CelebDFv3,/root/Datasets/CelebDFv3/CelebDFv3/FAKE/FaceSwap/GHOST/id26_id31_0008.mp4,FaceSwap/GHOST,id26,id31,0,-0.10766050219535828,0.10766050219535828,0.0,101.71673583984375,30.0,0.0,0.0,0.0,0.0,0.0,0.0
CelebDFv3,/root/Datasets/CelebDFv3/CelebDFv3/FAKE/FaceSwap/HifiFace/id26_id27_0008.mp4,FaceSwap/HifiFace,id26,id27,0,0.018207453191280365,-0.018207453191280365,0.0,102.72700500488281,30.0,0.0,0.0,0.0,0.0,0.0,0.0
CelebDFv3,/root/Datasets/CelebDFv3/CelebDFv3/FAKE/FaceSwap/InSwapper/id23_id4_0009.mp4,FaceSwap/InSwapper,id23,id4,0,2.6554532051086426,-2.6554532051086426,0.0,140.02830505371094,30.0,0.0,0.0,0.0,0.0,0.0,0.0
CelebDFv3,/root/Datasets/CelebDFv3/CelebDFv3/FAKE/FaceSwap/MobileFaceSwap/id48_id40_0001.mp4,FaceSwap/MobileFaceSwap,id48,id40,0,-1.7027087211608887,1.7027087211608887,0.0,107.69535064697266,30.0,0.0,0.0,0.0,0.0,0.0,0.0
CelebDFv3,/root/Datasets/CelebDFv3/CelebDFv3/FAKE/FaceSwap/SimSwap/id31_id34_0009.mp4,FaceSwap/SimSwap,id31,id34,0,1.0427985191345215,-1.0427985191345215,0.0,110.78880310058594,30.0,0.0,0.0,0.0,0.0,0.0,0.0
CelebDFv3,/root/Datasets/CelebDFv3/CelebDFv3/FAKE/FaceSwap/UniFace/id23_id25_0002.mp4,FaceSwap/UniFace,id23,id25,0,2.628711223602295,-2.628711223602295,0.0,92.66153717041016,30.0,0.0,0.0,0.0,0.0,0.0,0.0
CelebDFv3,/root/Datasets/CelebDFv3/CelebDFv3/FAKE/TalkingFace/AniTalker/id26_0007_test_id01106_q01vvmTSJ9I.mp4,TalkingFace/AniTalker,id26,,0,4.525676727294922,-4.525676727294922,0.0,155.08648681640625,25.0,0.0,0.0,0.0,0.0,0.0,0.0
CelebDFv3,/root/Datasets/CelebDFv3/CelebDFv3/FAKE/TalkingFace/EDTalk/id48_0003_test_id04627_IjO3LUCaYLE.mp4,TalkingFace/EDTalk,id48,,0,6.373212814331055,-6.373212814331055,0.0,113.62892150878906,25.0,0.0,0.0,0.0,0.0,0.0,0.0
CelebDFv3,/root/Datasets/CelebDFv3/CelebDFv3/FAKE/TalkingFace/EchoMimic/id26_0000_test_id01460_9-RADuWsPHI.mp4,TalkingFace/EchoMimic,id26,,0,4.002481460571289,-4.002481460571289,0.0,118.96100616455078,24.0,0.0,0.0,0.0,0.0,0.0,0.0
CelebDFv3,/root/Datasets/CelebDFv3/CelebDFv3/FAKE/TalkingFace/FLOAT/id48_0005_test_id03862_CzGa5PRwiaY.mp4,TalkingFace/FLOAT,id48,,0,6.724160194396973,-6.724160194396973,0.0,103.72592163085938,25.0,0.0,0.0,0.0,0.0,0.0,0.0
CelebDFv3,/root/Datasets/CelebDFv3/CelebDFv3/FAKE/TalkingFace/IP_LAP/id48_0002_test_id01333_gujKn7v2CJg.mp4,TalkingFace/IP_LAP,id48,,0,2.942795515060425,-2.942795515060425,0.0,110.27505493164062,25.0,0.0,0.0,0.0,0.0,0.0,0.0
CelebDFv3,/root/Datasets/CelebDFv3/CelebDFv3/FAKE/TalkingFace/Real3DPortrait/id25_0004_test_id02685_byOnPiS1aKc.mp4,TalkingFace/Real3DPortrait,id25,,0,9.6737060546875,-9.6737060546875,0.0,111.06266784667969,25.0,0.0,0.0,0.0,0.0,0.0,0.0
CelebDFv3,/root/Datasets/CelebDFv3/CelebDFv3/FAKE/TalkingFace/SadTalker/id56_0000_test_id06692_EC9TCRJkBhI.mp4,TalkingFace/SadTalker,id56,,0,4.566282272338867,-4.566282272338867,0.0,108.8492431640625,25.0,0.0,0.0,0.0,0.0,0.0,0.0
CelebDFv3,/root/Datasets/CelebDFv3/CelebDFv3/FAKE/FaceReenact/DaGAN/id31_id38_0004.mp4,FaceReenact/DaGAN,id31,id38,0,-1.5548006296157837,1.5548006296157837,0.0,181.17327880859375,30.0,0.0,0.0,0.0,0.0,0.0,0.0
CelebDFv3,/root/Datasets/CelebDFv3/CelebDFv3/FAKE/FaceReenact/FSRT/id11_id7_0004.mp4,FaceReenact/FSRT,id11,id7,0,3.6768393516540527,-3.6768393516540527,0.0,125.91077423095703,20.0,0.0,0.0,0.0,0.0,0.0,0.0
CelebDFv3,/root/Datasets/CelebDFv3/CelebDFv3/FAKE/FaceReenact/HyperReenact/id25_id28_0002.mp4,FaceReenact/HyperReenact,id25,id28,0,3.709867477416992,-3.709867477416992,0.0,105.60685729980469,25.0,0.0,0.0,0.0,0.0,0.0,0.0
CelebDFv3,/root/Datasets/CelebDFv3/CelebDFv3/FAKE/FaceReenact/LIA/id54_id55_0008.mp4,FaceReenact/LIA,id54,id55,0,-0.168600395321846,0.168600395321846,0.0,109.23247528076172,30.0,0.0,0.0,0.0,0.0,0.0,0.0
CelebDFv3,/root/Datasets/CelebDFv3/CelebDFv3/FAKE/FaceReenact/LivePortrait/id51_id57_0008.mp4,FaceReenact/LivePortrait,id51,id57,0,1.1475976705551147,-1.1475976705551147,0.0,148.9292755126953,29.0,0.0,0.0,0.0,0.0,0.0,0.0
CelebDFv3,/root/Datasets/CelebDFv3/CelebDFv3/FAKE/FaceReenact/MCNET/id23_id9_0009.mp4,FaceReenact/MCNET,id23,id9,0,4.795076370239258,-4.795076370239258,0.0,107.12200927734375,30.0,0.0,0.0,0.0,0.0,0.0,0.0
CelebDFv3,/root/Datasets/CelebDFv3/CelebDFv3/FAKE/FaceReenact/TPSMM/id23_id2_0007.mp4,FaceReenact/TPSMM,id23,id2,0,5.813178062438965,-5.813178062438965,0.0,103.38845825195312,30.0,0.0,0.0,0.0,0.0,0.0,0.0
CelebDFv3,/root/Datasets/CelebDFv3/CelebDFv3/FAKE/FaceSwap/BlendFace/id8_id7_0008.mp4,FaceSwap/BlendFace,id8,id7,0,-4.169140815734863,4.169140815734863,0.0,254.8203582763672,30.0,0.0,0.0,0.0,0.0,0.0,0.0
CelebDFv3,/root/Datasets/CelebDFv3/CelebDFv3/FAKE/FaceSwap/Celeb-DF-v2/id23_id28_0003.mp4,FaceSwap/Celeb-DF-v2,id23,id28,0,-2.9619827270507812,2.9619827270507812,0.0,115.50767517089844,30.0,0.0,0.0,0.0,0.0,0.0,0.0
CelebDFv3,/root/Datasets/CelebDFv3/CelebDFv3/FAKE/FaceSwap/GHOST/id26_id0_0001.mp4,FaceSwap/GHOST,id26,id0,0,-5.823007106781006,5.823007106781006,0.0,287.1058044433594,30.0,0.0,0.0,0.0,0.0,0.0,0.0
CelebDFv3,/root/Datasets/CelebDFv3/CelebDFv3/FAKE/FaceSwap/HifiFace/id56_id57_0001.mp4,FaceSwap/HifiFace,id56,id57,0,0.9645131826400757,-0.9645131826400757,0.0,273.4582214355469,30.0,0.0,0.0,0.0,0.0,0.0,0.0
CelebDFv3,/root/Datasets/CelebDFv3/CelebDFv3/FAKE/FaceSwap/InSwapper/id31_id34_0004.mp4,FaceSwap/InSwapper,id31,id34,0,-12.145364761352539,12.145364761352539,0.0,197.59893798828125,30.0,0.0,0.0,0.0,0.0,0.0,0.0
CelebDFv3,/root/Datasets/CelebDFv3/CelebDFv3/FAKE/FaceSwap/MobileFaceSwap/id23_id34_0009.mp4,FaceSwap/MobileFaceSwap,id23,id34,0,2.4291112422943115,-2.4291112422943115,0.0,139.25523376464844,30.0,0.0,0.0,0.0,0.0,0.0,0.0
CelebDFv3,/root/Datasets/CelebDFv3/CelebDFv3/FAKE/FaceSwap/SimSwap/id25_id28_0005.mp4,FaceSwap/SimSwap,id25,id28,0,2.5873098373413086,-2.5873098373413086,0.0,106.19566345214844,30.0,0.0,0.0,0.0,0.0,0.0,0.0
CelebDFv3,/root/Datasets/CelebDFv3/CelebDFv3/FAKE/FaceSwap/UniFace/id48_id45_0004.mp4,FaceSwap/UniFace,id48,id45,0,3.505932331085205,-3.505932331085205,0.0,161.667724609375,30.0,0.0,0.0,0.0,0.0,0.0,0.0
CelebDFv3,/root/Datasets/CelebDFv3/CelebDFv3/FAKE/TalkingFace/AniTalker/id23_0006_test_id06104_D84wde8JJ_k.mp4,TalkingFace/AniTalker,id23,,0,10.732309341430664,-10.732309341430664,0.0,114.45193481445312,25.0,0.0,0.0,0.0,0.0,0.0,0.0
CelebDFv3,/root/Datasets/CelebDFv3/CelebDFv3/FAKE/TalkingFace/EDTalk/id22_0009_test_id00562_0Zh6t-f8MsY.mp4,TalkingFace/EDTalk,id22,,0,6.378337383270264,-6.378337383270264,0.0,103.12580871582031,25.0,0.0,0.0,0.0,0.0,0.0,0.0
CelebDFv3,/root/Datasets/CelebDFv3/CelebDFv3/FAKE/TalkingFace/EchoMimic/id25_0004_test_id02685_byOnPiS1aKc.mp4,TalkingFace/EchoMimic,id25,,0,6.526684284210205,-6.526684284210205,0.0,110.95365905761719,24.0,0.0,0.0,0.0,0.0,0.0,0.0
CelebDFv3,/root/Datasets/CelebDFv3/CelebDFv3/FAKE/TalkingFace/FLOAT/id48_0006_test_id08392_AiCBF9JW-d8.mp4,TalkingFace/FLOAT,id48,,0,-0.3990422487258911,0.3990422487258911,0.0,108.97205352783203,25.0,0.0,0.0,0.0,0.0,0.0,0.0
CelebDFv3,/root/Datasets/CelebDFv3/CelebDFv3/FAKE/TalkingFace/IP_LAP/id56_0008_test_id08696_B8nZX3w62Fg.mp4,TalkingFace/IP_LAP,id56,,0,4.080427169799805,-4.080427169799805,0.0,89.81605529785156,25.0,0.0,0.0,0.0,0.0,0.0,0.0
CelebDFv3,/root/Datasets/CelebDFv3/CelebDFv3/FAKE/TalkingFace/Real3DPortrait/id23_0003_test_id05055_n6FlxBOgOy4.mp4,TalkingFace/Real3DPortrait,id23,,0,-0.5511274337768555,0.5511274337768555,0.0,110.45881652832031,25.0,0.0,0.0,0.0,0.0,0.0,0.0
CelebDFv3,/root/Datasets/CelebDFv3/CelebDFv3/FAKE/TalkingFace/SadTalker/id54_0001_test_id03978_cLsHB_wl6DE.mp4,TalkingFace/SadTalker,id54,,0,-12.091943740844727,12.091943740844727,0.0,281.265625,25.0,0.0,0.0,0.0,0.0,0.0,0.0
CelebDFv3,/root/Datasets/CelebDFv3/CelebDFv3/FAKE/FaceReenact/DaGAN/id23_id29_0002.mp4,FaceReenact/DaGAN,id23,id29,0,5.327197074890137,-5.327197074890137,0.0,104.36933898925781,30.0,0.0,0.0,0.0,0.0,0.0,0.0
CelebDFv3,/root/Datasets/CelebDFv3/CelebDFv3/FAKE/FaceReenact/FSRT/id59_id5_0004.mp4,FaceReenact/FSRT,id59,id5,0,-0.4539845883846283,0.4539845883846283,0.0,205.94505310058594,20.0,0.0,0.0,0.0,0.0,0.0,0.0
CelebDFv3,/root/Datasets/CelebDFv3/CelebDFv3/FAKE/FaceReenact/HyperReenact/id26_id34_0006.mp4,FaceReenact/HyperReenact,id26,id34,0,8.215436935424805,-8.215436935424805,0.0,116.01008605957031,25.0,0.0,0.0,0.0,0.0,0.0,0.0
CelebDFv3,/root/Datasets/CelebDFv3/CelebDFv3/FAKE/FaceReenact/LIA/id31_id2_0001.mp4,FaceReenact/LIA,id31,id2,0,6.942582607269287,-6.942582607269287,0.0,122.79463195800781,30.0,0.0,0.0,0.0,0.0,0.0,0.0
CelebDFv3,/root/Datasets/CelebDFv3/CelebDFv3/FAKE/FaceReenact/LivePortrait/id11_id7_0000.mp4,FaceReenact/LivePortrait,id11,id7,0,3.309615135192871,-3.309615135192871,0.0,115.09832000732422,30.0,0.0,0.0,0.0,0.0,0.0,0.0
CelebDFv3,/root/Datasets/CelebDFv3/CelebDFv3/FAKE/FaceReenact/MCNET/id48_id45_0002.mp4,FaceReenact/MCNET,id48,id45,0,0.5746530294418335,-0.5746530294418335,0.0,88.45274353027344,30.0,0.0,0.0,0.0,0.0,0.0,0.0
CelebDFv3,/root/Datasets/CelebDFv3/CelebDFv3/FAKE/FaceReenact/TPSMM/id26_id30_0004.mp4,FaceReenact/TPSMM,id26,id30,0,-1.1575298309326172,1.1575298309326172,0.0,129.38729858398438,30.0,0.0,0.0,0.0,0.0,0.0,0.0
CelebDFv3,/root/Datasets/CelebDFv3/CelebDFv3/FAKE/FaceSwap/BlendFace/id26_id20_0000.mp4,FaceSwap/BlendFace,id26,id20,0,5.501947402954102,-5.501947402954102,0.0,131.5382537841797,30.0,0.0,0.0,0.0,0.0,0.0,0.0
CelebDFv3,/root/Datasets/CelebDFv3/CelebDFv3/FAKE/FaceSwap/Celeb-DF-v2/id54_id53_0001.mp4,FaceSwap/Celeb-DF-v2,id54,id53,0,-4.090228080749512,4.090228080749512,0.0,188.5027313232422,30.0,0.0,0.0,0.0,0.0,0.0,0.0
CelebDFv3,/root/Datasets/CelebDFv3/CelebDFv3/FAKE/FaceSwap/GHOST/id48_id43_0008.mp4,FaceSwap/GHOST,id48,id43,0,-5.519314765930176,5.519314765930176,0.0,128.87066650390625,30.0,0.0,0.0,0.0,0.0,0.0,0.0
CelebDFv3,/root/Datasets/CelebDFv3/CelebDFv3/FAKE/FaceSwap/HifiFace/id23_id32_0007.mp4,FaceSwap/HifiFace,id23,id32,0,-9.918679237365723,9.918679237365723,0.0,192.36972045898438,30.0,0.0,0.0,0.0,0.0,0.0,0.0
CelebDFv3,/root/Datasets/CelebDFv3/CelebDFv3/FAKE/FaceSwap/InSwapper/id25_id28_0005.mp4,FaceSwap/InSwapper,id25,id28,0,2.4138572216033936,-2.4138572216033936,0.0,105.62985229492188,30.0,0.0,0.0,0.0,0.0,0.0,0.0
CelebDFv3,/root/Datasets/CelebDFv3/CelebDFv3/FAKE/FaceSwap/MobileFaceSwap/id51_id55_0000.mp4,FaceSwap/MobileFaceSwap,id51,id55,0,-9.892258644104004,9.892258644104004,0.0,233.03195190429688,30.0,0.0,0.0,0.0,0.0,0.0,0.0
CelebDFv3,/root/Datasets/CelebDFv3/CelebDFv3/FAKE/FaceSwap/SimSwap/id26_id29_0008.mp4,FaceSwap/SimSwap,id26,id29,0,-0.29255566000938416,0.29255566000938416,0.0,102.98580932617188,30.0,0.0,0.0,0.0,0.0,0.0,0.0
CelebDFv3,/root/Datasets/CelebDFv3/CelebDFv3/FAKE/FaceSwap/UniFace/id31_id20_0002.mp4,FaceSwap/UniFace,id31,id20,0,-2.5610764026641846,2.5610764026641846,0.0,149.03688049316406,30.0,0.0,0.0,0.0,0.0,0.0,0.0
CelebDFv3,/root/Datasets/CelebDFv3/CelebDFv3/FAKE/TalkingFace/AniTalker/id59_0009_test_id03862_yHtRhESo9Q0.mp4,TalkingFace/AniTalker,id59,,0,-1.0189236402511597,1.0189236402511597,0.0,160.83531188964844,25.0,0.0,0.0,0.0,0.0,0.0,0.0
CelebDFv3,/root/Datasets/CelebDFv3/CelebDFv3/FAKE/TalkingFace/EDTalk/id48_0007_test_id06209_HXpylMleqDk.mp4,TalkingFace/EDTalk,id48,,0,4.087542533874512,-4.087542533874512,0.0,114.80104064941406,25.0,0.0,0.0,0.0,0.0,0.0,0.0
CelebDFv3,/root/Datasets/CelebDFv3/CelebDFv3/FAKE/TalkingFace/EchoMimic/id51_0000_test_id03862__FGtg4jkcME.mp4,TalkingFace/EchoMimic,id51,,0,7.193109512329102,-7.193109512329102,0.0,124.92770385742188,24.0,0.0,0.0,0.0,0.0,0.0,0.0
CelebDFv3,/root/Datasets/CelebDFv3/CelebDFv3/FAKE/TalkingFace/FLOAT/id11_0005_test_id04094_BNAe-NhgItg.mp4,TalkingFace/FLOAT,id11,,0,2.0463051795959473,-2.0463051795959473,0.0,123.0088882446289,25.0,0.0,0.0,0.0,0.0,0.0,0.0
CelebDFv3,/root/Datasets/CelebDFv3/CelebDFv3/FAKE/TalkingFace/IP_LAP/id48_0009_test_id07961_l3Xn426T1IE.mp4,TalkingFace/IP_LAP,id48,,0,4.052635192871094,-4.052635192871094,0.0,101.31861877441406,25.0,0.0,0.0,0.0,0.0,0.0,0.0
CelebDFv3,/root/Datasets/CelebDFv3/CelebDFv3/FAKE/TalkingFace/Real3DPortrait/id59_0001_test_id08149_Ay1xwkYsNAE.mp4,TalkingFace/Real3DPortrait,id59,,0,-10.302011489868164,10.302011489868164,0.0,339.6623229980469,25.0,0.0,0.0,0.0,0.0,0.0,0.0
CelebDFv3,/root/Datasets/CelebDFv3/CelebDFv3/FAKE/TalkingFace/SadTalker/id48_0001_test_id02057_wZC3dqygHUE.mp4,TalkingFace/SadTalker,id48,,0,9.144851684570312,-9.144851684570312,0.0,109.60184478759766,25.0,0.0,0.0,0.0,0.0,0.0,0.0
CelebDFv3,/root/Datasets/CelebDFv3/CelebDFv3/FAKE/FaceReenact/DaGAN/id11_id7_0002.mp4,FaceReenact/DaGAN,id11,id7,0,2.5386407375335693,-2.5386407375335693,0.0,100.27877044677734,30.0,0.0,0.0,0.0,0.0,0.0,0.0
CelebDFv3,/root/Datasets/CelebDFv3/CelebDFv3/FAKE/FaceReenact/FSRT/id23_id1_0002.mp4,FaceReenact/FSRT,id23,id1,0,7.4022536277771,-7.4022536277771,0.0,112.33057403564453,20.0,0.0,0.0,0.0,0.0,0.0,0.0
CelebDFv3,/root/Datasets/CelebDFv3/CelebDFv3/FAKE/FaceReenact/HyperReenact/id26_id1_0004.mp4,FaceReenact/HyperReenact,id26,id1,0,6.497030258178711,-6.497030258178711,0.0,122.64997863769531,25.0,0.0,0.0,0.0,0.0,0.0,0.0
CelebDFv3,/root/Datasets/CelebDFv3/CelebDFv3/FAKE/FaceReenact/LIA/id48_id45_0007.mp4,FaceReenact/LIA,id48,id45,0,2.2847964763641357,-2.2847964763641357,0.0,103.61758422851562,30.0,0.0,0.0,0.0,0.0,0.0,0.0
CelebDFv3,/root/Datasets/CelebDFv3/CelebDFv3/FAKE/FaceReenact/LivePortrait/id23_id22_0002.mp4,FaceReenact/LivePortrait,id23,id22,0,6.590592384338379,-6.590592384338379,0.0,107.9529037475586,30.0,0.0,0.0,0.0,0.0,0.0,0.0
CelebDFv3,/root/Datasets/CelebDFv3/CelebDFv3/FAKE/FaceReenact/MCNET/id25_id23_0000.mp4,FaceReenact/MCNET,id25,id23,0,2.9750232696533203,-2.9750232696533203,0.0,146.38291931152344,30.0,0.0,0.0,0.0,0.0,0.0,0.0
CelebDFv3,/root/Datasets/CelebDFv3/CelebDFv3/FAKE/FaceReenact/TPSMM/id56_id58_0009.mp4,FaceReenact/TPSMM,id56,id58,0,1.864692211151123,-1.864692211151123,0.0,166.25186157226562,29.829999923706055,0.0,0.0,0.0,0.0,0.0,0.0
CelebDFv3,/root/Datasets/CelebDFv3/CelebDFv3/FAKE/FaceSwap/BlendFace/id31_id33_0000.mp4,FaceSwap/BlendFace,id31,id33,0,-4.382559776306152,4.382559776306152,0.0,147.77255249023438,30.0,0.0,0.0,0.0,0.0,0.0,0.0
CelebDFv3,/root/Datasets/CelebDFv3/CelebDFv3/FAKE/FaceSwap/Celeb-DF-v2/id54_id53_0005.mp4,FaceSwap/Celeb-DF-v2,id54,id53,0,-1.271761417388916,1.271761417388916,0.0,157.29693603515625,30.0,0.0,0.0,0.0,0.0,0.0,0.0
CelebDFv3,/root/Datasets/CelebDFv3/CelebDFv3/FAKE/FaceSwap/GHOST/id51_id54_0005.mp4,FaceSwap/GHOST,id51,id54,0,2.032292127609253,-2.032292127609253,0.0,119.423583984375,30.0,0.0,0.0,0.0,0.0,0.0,0.0
CelebDFv3,/root/Datasets/CelebDFv3/CelebDFv3/FAKE/FaceSwap/HifiFace/id56_id58_0006.mp4,FaceSwap/HifiFace,id56,id58,0,-1.3138763904571533,1.3138763904571533,0.0,93.40965270996094,30.0,0.0,0.0,0.0,0.0,0.0,0.0
CelebDFv3,/root/Datasets/CelebDFv3/CelebDFv3/FAKE/FaceSwap/InSwapper/id48_id46_0005.mp4,FaceSwap/InSwapper,id48,id46,0,2.966658115386963,-2.966658115386963,0.0,142.80799865722656,30.0,0.0,0.0,0.0,0.0,0.0,0.0
CelebDFv3,/root/Datasets/CelebDFv3/CelebDFv3/FAKE/FaceSwap/MobileFaceSwap/id26_id30_0003.mp4,FaceSwap/MobileFaceSwap,id26,id30,0,-7.664280414581299,7.664280414581299,0.0,380.7278137207031,30.0,0.0,0.0,0.0,0.0,0.0,0.0
CelebDFv3,/root/Datasets/CelebDFv3/CelebDFv3/FAKE/FaceSwap/SimSwap/id54_id49_0009.mp4,FaceSwap/SimSwap,id54,id49,0,-0.3717486262321472,0.3717486262321472,0.0,100.90705108642578,30.0,0.0,0.0,0.0,0.0,0.0,0.0
CelebDFv3,/root/Datasets/CelebDFv3/CelebDFv3/FAKE/FaceSwap/UniFace/id48_id45_0007.mp4,FaceSwap/UniFace,id48,id45,0,0.07823260128498077,-0.07823260128498077,0.0,114.54183197021484,30.0,0.0,0.0,0.0,0.0,0.0,0.0
CelebDFv3,/root/Datasets/CelebDFv3/CelebDFv3/FAKE/TalkingFace/AniTalker/id48_0000_test_id02577_nA7mv5my4uk.mp4,TalkingFace/AniTalker,id48,,0,4.231564521789551,-4.231564521789551,0.0,148.3295135498047,25.0,0.0,0.0,0.0,0.0,0.0,0.0
CelebDFv3,/root/Datasets/CelebDFv3/CelebDFv3/FAKE/TalkingFace/EDTalk/id26_0009_test_id01541_9OzhfBaZ1Bc.mp4,TalkingFace/EDTalk,id26,,0,2.0500030517578125,-2.0500030517578125,0.0,126.41549682617188,25.0,0.0,0.0,0.0,0.0,0.0,0.0
CelebDFv3,/root/Datasets/CelebDFv3/CelebDFv3/FAKE/TalkingFace/EchoMimic/id59_0005_test_id04295_4SPw-Qb6qH4.mp4,TalkingFace/EchoMimic,id59,,0,9.60266399383545,-9.60266399383545,0.0,114.33472442626953,24.0,0.0,0.0,0.0,0.0,0.0,0.0
CelebDFv3,/root/Datasets/CelebDFv3/CelebDFv3/FAKE/TalkingFace/FLOAT/id51_0005_test_id09017_sduESYpj2-I.mp4,TalkingFace/FLOAT,id51,,0,1.320777416229248,-1.320777416229248,0.0,136.78060913085938,25.0,0.0,0.0,0.0,0.0,0.0,0.0
CelebDFv3,/root/Datasets/CelebDFv3/CelebDFv3/FAKE/TalkingFace/IP_LAP/id26_0006_test_id03127_HKow2vRfqzA.mp4,TalkingFace/IP_LAP,id26,,0,6.76595401763916,-6.76595401763916,0.0,180.17227172851562,25.0,0.0,0.0,0.0,0.0,0.0,0.0
CelebDFv3,/root/Datasets/CelebDFv3/CelebDFv3/FAKE/TalkingFace/Real3DPortrait/id51_0003_test_id01228_ITBk58yOpCM.mp4,TalkingFace/Real3DPortrait,id51,,0,3.5702085494995117,-3.5702085494995117,0.0,188.89547729492188,25.0,0.0,0.0,0.0,0.0,0.0,0.0
CelebDFv3,/root/Datasets/CelebDFv3/CelebDFv3/FAKE/TalkingFace/SadTalker/id31_0008_test_id03862_olt0RNbtFxM.mp4,TalkingFace/SadTalker,id31,,0,3.594139814376831,-3.594139814376831,0.0,138.71075439453125,25.0,0.0,0.0,0.0,0.0,0.0,0.0
CelebDFv3,/root/Datasets/CelebDFv3/CelebDFv3/FAKE/FaceReenact/DaGAN/id22_id23_0006.mp4,FaceReenact/DaGAN,id22,id23,0,9.688131332397461,-9.688131332397461,0.0,112.6871109008789,30.0,0.0,0.0,0.0,0.0,0.0,0.0
CelebDFv3,/root/Datasets/CelebDFv3/CelebDFv3/FAKE/FaceReenact/FSRT/id26_id34_0003.mp4,FaceReenact/FSRT,id26,id34,0,4.953893184661865,-4.953893184661865,0.0,254.93211364746094,20.0,0.0,0.0,0.0,0.0,0.0,0.0
CelebDFv3,/root/Datasets/CelebDFv3/CelebDFv3/FAKE/FaceReenact/HyperReenact/id56_id53_0006.mp4,FaceReenact/HyperReenact,id56,id53,0,7.2501654624938965,-7.2501654624938965,0.0,104.62413787841797,25.0,0.0,0.0,0.0,0.0,0.0,0.0
CelebDFv3,/root/Datasets/CelebDFv3/CelebDFv3/FAKE/FaceReenact/LIA/id23_id16_0007.mp4,FaceReenact/LIA,id23,id16,0,7.554933547973633,-7.554933547973633,0.0,129.2006072998047,30.0,0.0,0.0,0.0,0.0,0.0,0.0
CelebDFv3,/root/Datasets/CelebDFv3/CelebDFv3/FAKE/FaceReenact/LivePortrait/id23_id0_0006.mp4,FaceReenact/LivePortrait,id23,id0,0,-3.0903077125549316,3.0903077125549316,0.0,117.34168243408203,30.0,0.0,0.0,0.0,0.0,0.0,0.0
CelebDFv3,/root/Datasets/CelebDFv3/CelebDFv3/FAKE/FaceReenact/MCNET/id59_id5_0000.mp4,FaceReenact/MCNET,id59,id5,0,1.2792466878890991,-1.2792466878890991,0.0,104.22918701171875,30.0,0.0,0.0,0.0,0.0,0.0,0.0
CelebDFv3,/root/Datasets/CelebDFv3/CelebDFv3/FAKE/FaceReenact/TPSMM/id26_id1_0000.mp4,FaceReenact/TPSMM,id26,id1,0,3.6657373905181885,-3.6657373905181885,0.0,112.72967529296875,30.0,0.0,0.0,0.0,0.0,0.0,0.0
CelebDFv3,/root/Datasets/CelebDFv3/CelebDFv3/FAKE/FaceSwap/BlendFace/id23_id30_0001.mp4,FaceSwap/BlendFace,id23,id30,0,4.726018905639648,-4.726018905639648,0.0,121.48924255371094,30.0,0.0,0.0,0.0,0.0,0.0,0.0
CelebDFv3,/root/Datasets/CelebDFv3/CelebDFv3/FAKE/FaceSwap/Celeb-DF-v2/id48_id45_0004.mp4,FaceSwap/Celeb-DF-v2,id48,id45,0,3.648538112640381,-3.648538112640381,0.0,161.9528350830078,30.0,0.0,0.0,0.0,0.0,0.0,0.0
CelebDFv3,/root/Datasets/CelebDFv3/CelebDFv3/FAKE/FaceSwap/GHOST/id23_id0_0008.mp4,FaceSwap/GHOST,id23,id0,0,-0.5005778670310974,0.5005778670310974,0.0,107.42652893066406,30.0,0.0,0.0,0.0,0.0,0.0,0.0
CelebDFv3,/root/Datasets/CelebDFv3/CelebDFv3/FAKE/FaceSwap/HifiFace/id23_id2_0005.mp4,FaceSwap/HifiFace,id23,id2,0,1.2715941667556763,-1.2715941667556763,0.0,89.6908187866211,30.0,0.0,0.0,0.0,0.0,0.0,0.0
CelebDFv3,/root/Datasets/CelebDFv3/CelebDFv3/FAKE/FaceSwap/InSwapper/id31_id35_0006.mp4,FaceSwap/InSwapper,id31,id35,0,-7.559673309326172,7.559673309326172,0.0,208.25164794921875,30.0,0.0,0.0,0.0,0.0,0.0,0.0
CelebDFv3,/root/Datasets/CelebDFv3/CelebDFv3/FAKE/FaceSwap/MobileFaceSwap/id54_id57_0006.mp4,FaceSwap/MobileFaceSwap,id54,id57,0,3.2712223529815674,-3.2712223529815674,0.0,232.80551147460938,30.0,0.0,0.0,0.0,0.0,0.0,0.0
CelebDFv3,/root/Datasets/CelebDFv3/CelebDFv3/FAKE/FaceSwap/SimSwap/id8_id1_0003.mp4,FaceSwap/SimSwap,id8,id1,0,-4.390857696533203,4.390857696533203,0.0,189.0642852783203,30.0,0.0,0.0,0.0,0.0,0.0,0.0
CelebDFv3,/root/Datasets/CelebDFv3/CelebDFv3/FAKE/FaceSwap/UniFace/id31_id16_0007.mp4,FaceSwap/UniFace,id31,id16,0,-1.6234620809555054,1.6234620809555054,0.0,272.0849304199219,30.0,0.0,0.0,0.0,0.0,0.0,0.0
CelebDFv3,/root/Datasets/CelebDFv3/CelebDFv3/FAKE/TalkingFace/AniTalker/id22_0003_test_id02548_RoMUUfqkYF4.mp4,TalkingFace/AniTalker,id22,,0,7.634889602661133,-7.634889602661133,0.0,147.62428283691406,25.0,0.0,0.0,0.0,0.0,0.0,0.0
CelebDFv3,/root/Datasets/CelebDFv3/CelebDFv3/FAKE/TalkingFace/EDTalk/id31_0008_test_id03862_olt0RNbtFxM.mp4,TalkingFace/EDTalk,id31,,0,10.310882568359375,-10.310882568359375,0.0,129.1440887451172,25.0,0.0,0.0,0.0,0.0,0.0,0.0
CelebDFv3,/root/Datasets/CelebDFv3/CelebDFv3/FAKE/TalkingFace/EchoMimic/id54_0007_test_id01298_gWkO0NOMazs.mp4,TalkingFace/EchoMimic,id54,,0,6.348365783691406,-6.348365783691406,0.0,117.82711791992188,24.0,0.0,0.0,0.0,0.0,0.0,0.0
CelebDFv3,/root/Datasets/CelebDFv3/CelebDFv3/FAKE/TalkingFace/FLOAT/id8_0008_test_id01460_oxJYG8REHG8.mp4,TalkingFace/FLOAT,id8,,0,4.709469318389893,-4.709469318389893,0.0,106.39957427978516,25.0,0.0,0.0,0.0,0.0,0.0,0.0
CelebDFv3,/root/Datasets/CelebDFv3/CelebDFv3/FAKE/TalkingFace/IP_LAP/id26_0001_test_id04276_qavM_wuPxtI.mp4,TalkingFace/IP_LAP,id26,,0,2.5688090324401855,-2.5688090324401855,0.0,97.83415985107422,25.0,0.0,0.0,0.0,0.0,0.0,0.0
CelebDFv3,/root/Datasets/CelebDFv3/CelebDFv3/FAKE/TalkingFace/Real3DPortrait/id59_0009_test_id03862_yHtRhESo9Q0.mp4,TalkingFace/Real3DPortrait,id59,,0,-3.827770709991455,3.827770709991455,0.0,280.4824523925781,25.0,0.0,0.0,0.0,0.0,0.0,0.0
CelebDFv3,/root/Datasets/CelebDFv3/CelebDFv3/FAKE/TalkingFace/SadTalker/id51_0004_test_id01618_gdW26NMVO2g.mp4,TalkingFace/SadTalker,id51,,0,4.0256500244140625,-4.0256500244140625,0.0,128.06292724609375,25.0,0.0,0.0,0.0,0.0,0.0,0.0
CelebDFv3,/root/Datasets/CelebDFv3/CelebDFv3/FAKE/FaceReenact/DaGAN/id23_id27_0000.mp4,FaceReenact/DaGAN,id23,id27,0,-1.1521899700164795,1.1521899700164795,0.0,103.1279296875,30.0,0.0,0.0,0.0,0.0,0.0,0.0
CelebDFv3,/root/Datasets/CelebDFv3/CelebDFv3/FAKE/FaceReenact/FSRT/id48_id43_0008.mp4,FaceReenact/FSRT,id48,id43,0,1.5661046504974365,-1.5661046504974365,0.0,116.19085693359375,20.0,0.0,0.0,0.0,0.0,0.0,0.0
CelebDFv3,/root/Datasets/CelebDFv3/CelebDFv3/FAKE/FaceReenact/HyperReenact/id31_id1_0000.mp4,FaceReenact/HyperReenact,id31,id1,0,5.6000895500183105,-5.6000895500183105,0.0,110.2353744506836,25.0,0.0,0.0,0.0,0.0,0.0,0.0
CelebDFv3,/root/Datasets/CelebDFv3/CelebDFv3/FAKE/FaceReenact/LIA/id31_id38_0009.mp4,FaceReenact/LIA,id31,id38,0,3.499819040298462,-3.499819040298462,0.0,101.08404541015625,30.0,0.0,0.0,0.0,0.0,0.0,0.0
CelebDFv3,/root/Datasets/CelebDFv3/CelebDFv3/FAKE/FaceReenact/LivePortrait/id26_id32_0001.mp4,FaceReenact/LivePortrait,id26,id32,0,-8.981033325195312,8.981033325195312,0.0,297.90966796875,30.0,0.0,0.0,0.0,0.0,0.0,0.0
CelebDFv3,/root/Datasets/CelebDFv3/CelebDFv3/FAKE/FaceReenact/MCNET/id22_id20_0002.mp4,FaceReenact/MCNET,id22,id20,0,4.043572902679443,-4.043572902679443,0.0,97.53069305419922,30.0,0.0,0.0,0.0,0.0,0.0,0.0
CelebDFv3,/root/Datasets/CelebDFv3/CelebDFv3/FAKE/FaceReenact/TPSMM/id54_id52_0005.mp4,FaceReenact/TPSMM,id54,id52,0,4.130734443664551,-4.130734443664551,0.0,96.26605224609375,30.0,0.0,0.0,0.0,0.0,0.0,0.0
CelebDFv3,/root/Datasets/CelebDFv3/CelebDFv3/FAKE/FaceSwap/BlendFace/id8_id0_0008.mp4,FaceSwap/BlendFace,id8,id0,0,-4.1839094161987305,4.1839094161987305,0.0,254.75875854492188,30.0,0.0,0.0,0.0,0.0,0.0,0.0
CelebDFv3,/root/Datasets/CelebDFv3/CelebDFv3/FAKE/FaceSwap/Celeb-DF-v2/id51_id50_0000.mp4,FaceSwap/Celeb-DF-v2,id51,id50,0,-10.244839668273926,10.244839668273926,0.0,234.61891174316406,30.0,0.0,0.0,0.0,0.0,0.0,0.0
CelebDFv3,/root/Datasets/CelebDFv3/CelebDFv3/FAKE/FaceSwap/GHOST/id26_id38_0002.mp4,FaceSwap/GHOST,id26,id38,0,-2.658740997314453,2.658740997314453,0.0,95.3204574584961,30.0,0.0,0.0,0.0,0.0,0.0,0.0
CelebDFv3,/root/Datasets/CelebDFv3/CelebDFv3/FAKE/FaceSwap/HifiFace/id56_id49_0006.mp4,FaceSwap/HifiFace,id56,id49,0,-1.3066015243530273,1.3066015243530273,0.0,93.37772369384766,30.0,0.0,0.0,0.0,0.0,0.0,0.0
CelebDFv3,/root/Datasets/CelebDFv3/CelebDFv3/FAKE/FaceSwap/InSwapper/id23_id3_0006.mp4,FaceSwap/InSwapper,id23,id3,0,-2.8776028156280518,2.8776028156280518,0.0,111.63914489746094,30.0,0.0,0.0,0.0,0.0,0.0,0.0
CelebDFv3,/root/Datasets/CelebDFv3/CelebDFv3/FAKE/FaceSwap/MobileFaceSwap/id26_id37_0001.mp4,FaceSwap/MobileFaceSwap,id26,id37,0,-5.6751627922058105,5.6751627922058105,0.0,282.6641540527344,30.0,0.0,0.0,0.0,0.0,0.0,0.0
CelebDFv3,/root/Datasets/CelebDFv3/CelebDFv3/FAKE/FaceSwap/SimSwap/id26_id34_0006.mp4,FaceSwap/SimSwap,id26,id34,0,13.113771438598633,-13.113771438598633,0.0,182.61582946777344,30.0,0.0,0.0,0.0,0.0,0.0,0.0
CelebDFv3,/root/Datasets/CelebDFv3/CelebDFv3/FAKE/FaceSwap/UniFace/id56_id55_0001.mp4,FaceSwap/UniFace,id56,id55,0,0.9510698914527893,-0.9510698914527893,0.0,273.33563232421875,30.0,0.0,0.0,0.0,0.0,0.0,0.0
CelebDFv3,/root/Datasets/CelebDFv3/CelebDFv3/FAKE/TalkingFace/AniTalker/id8_0002_test_id00817_EPPT9urr8Ew.mp4,TalkingFace/AniTalker,id8,,0,5.985081672668457,-5.985081672668457,0.0,129.22340393066406,25.0,0.0,0.0,0.0,0.0,0.0,0.0
CelebDFv3,/root/Datasets/CelebDFv3/CelebDFv3/FAKE/TalkingFace/EDTalk/id25_0001_test_id00866_4wuP1StGqIA.mp4,TalkingFace/EDTalk,id25,,0,7.675886631011963,-7.675886631011963,0.0,115.5106430053711,25.0,0.0,0.0,0.0,0.0,0.0,0.0
CelebDFv3,/root/Datasets/CelebDFv3/CelebDFv3/FAKE/TalkingFace/EchoMimic/id26_0008_test_id02181_hIvctbfcBx8.mp4,TalkingFace/EchoMimic,id26,,0,5.1068925857543945,-5.1068925857543945,0.0,125.47952270507812,24.0,0.0,0.0,0.0,0.0,0.0,0.0
CelebDFv3,/root/Datasets/CelebDFv3/CelebDFv3/FAKE/TalkingFace/FLOAT/id31_0005_test_id03677_m2KRRpGumDo.mp4,TalkingFace/FLOAT,id31,,0,5.2256999015808105,-5.2256999015808105,0.0,111.48809814453125,25.0,0.0,0.0,0.0,0.0,0.0,0.0
CelebDFv3,/root/Datasets/CelebDFv3/CelebDFv3/FAKE/TalkingFace/IP_LAP/id59_0002_test_id03677_qPImh22zcl0.mp4,TalkingFace/IP_LAP,id59,,0,-3.512899875640869,3.512899875640869,0.0,195.53848266601562,25.0,0.0,0.0,0.0,0.0,0.0,0.0
CelebDFv3,/root/Datasets/CelebDFv3/CelebDFv3/FAKE/TalkingFace/Real3DPortrait/id54_0006_test_id07961_464OHFffwjI.mp4,TalkingFace/Real3DPortrait,id54,,0,4.7597126960754395,-4.7597126960754395,0.0,156.1398162841797,25.0,0.0,0.0,0.0,0.0,0.0,0.0
CelebDFv3,/root/Datasets/CelebDFv3/CelebDFv3/FAKE/TalkingFace/SadTalker/id26_0005_test_id09017_oF8cALd6lU0.mp4,TalkingFace/SadTalker,id26,,0,4.069048881530762,-4.069048881530762,0.0,164.16754150390625,25.0,0.0,0.0,0.0,0.0,0.0,0.0
CelebDFv3,/root/Datasets/CelebDFv3/CelebDFv3/FAKE/FaceReenact/DaGAN/id31_id2_0005.mp4,FaceReenact/DaGAN,id31,id2,0,2.979250907897949,-2.979250907897949,0.0,102.8709716796875,30.0,0.0,0.0,0.0,0.0,0.0,0.0
CelebDFv3,/root/Datasets/CelebDFv3/CelebDFv3/FAKE/FaceReenact/FSRT/id26_id25_0003.mp4,FaceReenact/FSRT,id26,id25,0,3.38388729095459,-3.38388729095459,0.0,321.9134521484375,20.0,0.0,0.0,0.0,0.0,0.0,0.0
CelebDFv3,/root/Datasets/CelebDFv3/CelebDFv3/FAKE/FaceReenact/HyperReenact/id25_id26_0004.mp4,FaceReenact/HyperReenact,id25,id26,0,8.39639663696289,-8.39639663696289,0.0,122.31259155273438,25.0,0.0,0.0,0.0,0.0,0.0,0.0
CelebDFv3,/root/Datasets/CelebDFv3/CelebDFv3/FAKE/FaceReenact/LIA/id26_id25_0004.mp4,FaceReenact/LIA,id26,id25,0,-1.2851133346557617,1.2851133346557617,0.0,133.14410400390625,30.0,0.0,0.0,0.0,0.0,0.0,0.0
CelebDFv3,/root/Datasets/CelebDFv3/CelebDFv3/FAKE/FaceReenact/LivePortrait/id26_id35_0002.mp4,FaceReenact/LivePortrait,id26,id35,0,-1.9022798538208008,1.9022798538208008,0.0,114.31060028076172,30.0,0.0,0.0,0.0,0.0,0.0,0.0
CelebDFv3,/root/Datasets/CelebDFv3/CelebDFv3/FAKE/FaceReenact/MCNET/id54_id49_0008.mp4,FaceReenact/MCNET,id54,id49,0,0.9429572820663452,-0.9429572820663452,0.0,116.93640899658203,30.0,0.0,0.0,0.0,0.0,0.0,0.0
CelebDFv3,/root/Datasets/CelebDFv3/CelebDFv3/FAKE/FaceReenact/TPSMM/id51_id57_0008.mp4,FaceReenact/TPSMM,id51,id57,0,1.6164342164993286,-1.6164342164993286,0.0,93.79212951660156,29.829999923706055,0.0,0.0,0.0,0.0,0.0,0.0
CelebDFv3,/root/Datasets/CelebDFv3/CelebDFv3/FAKE/FaceSwap/BlendFace/id23_id4_0007.mp4,FaceSwap/BlendFace,id23,id4,0,-9.563108444213867,9.563108444213867,0.0,192.13270568847656,30.0,0.0,0.0,0.0,0.0,0.0,0.0
CelebDFv3,/root/Datasets/CelebDFv3/CelebDFv3/FAKE/FaceSwap/Celeb-DF-v2/id25_id23_0002.mp4,FaceSwap/Celeb-DF-v2,id25,id23,0,-3.758992910385132,3.758992910385132,0.0,131.6612091064453,30.0,0.0,0.0,0.0,0.0,0.0,0.0
CelebDFv3,/root/Datasets/CelebDFv3/CelebDFv3/FAKE/FaceSwap/GHOST/id31_id9_0005.mp4,FaceSwap/GHOST,id31,id9,0,-4.943869590759277,4.943869590759277,0.0,108.16294860839844,30.0,0.0,0.0,0.0,0.0,0.0,0.0
CelebDFv3,/root/Datasets/CelebDFv3/CelebDFv3/FAKE/FaceSwap/HifiFace/id8_id0_0008.mp4,FaceSwap/HifiFace,id8,id0,0,-4.189777374267578,4.189777374267578,0.0,254.6677703857422,30.0,0.0,0.0,0.0,0.0,0.0,0.0
CelebDFv3,/root/Datasets/CelebDFv3/CelebDFv3/FAKE/FaceSwap/InSwapper/id31_id21_0001.mp4,FaceSwap/InSwapper,id31,id21,0,0.6077829003334045,-0.6077829003334045,0.0,125.89490509033203,30.0,0.0,0.0,0.0,0.0,0.0,0.0
CelebDFv3,/root/Datasets/CelebDFv3/CelebDFv3/FAKE/FaceSwap/MobileFaceSwap/id26_id32_0001.mp4,FaceSwap/MobileFaceSwap,id26,id32,0,-5.67033052444458,5.67033052444458,0.0,282.67132568359375,30.0,0.0,0.0,0.0,0.0,0.0,0.0
CelebDFv3,/root/Datasets/CelebDFv3/CelebDFv3/FAKE/FaceSwap/SimSwap/id23_id3_0009.mp4,FaceSwap/SimSwap,id23,id3,0,2.534259557723999,-2.534259557723999,0.0,139.62734985351562,30.0,0.0,0.0,0.0,0.0,0.0,0.0
CelebDFv3,/root/Datasets/CelebDFv3/CelebDFv3/FAKE/FaceSwap/UniFace/id26_id30_0002.mp4,FaceSwap/UniFace,id26,id30,0,-2.572545289993286,2.572545289993286,0.0,96.50276947021484,30.0,0.0,0.0,0.0,0.0,0.0,0.0
CelebDFv3,/root/Datasets/CelebDFv3/CelebDFv3/FAKE/TalkingFace/AniTalker/id31_0000_test_id03041_qyCz5uttaAA.mp4,TalkingFace/AniTalker,id31,,0,5.862310886383057,-5.862310886383057,0.0,118.50682830810547,25.0,0.0,0.0,0.0,0.0,0.0,0.0
CelebDFv3,/root/Datasets/CelebDFv3/CelebDFv3/FAKE/TalkingFace/EDTalk/id22_0005_test_id05714_wFGNufaMbDY.mp4,TalkingFace/EDTalk,id22,,0,11.494168281555176,-11.494168281555176,0.0,125.51499938964844,25.0,0.0,0.0,0.0,0.0,0.0,0.0
CelebDFv3,/root/Datasets/CelebDFv3/CelebDFv3/FAKE/TalkingFace/EchoMimic/id23_0008_test_id06811_Y6PB7tt3VPc.mp4,TalkingFace/EchoMimic,id23,,0,1.98948073387146,-1.98948073387146,0.0,126.54052734375,24.0,0.0,0.0,0.0,0.0,0.0,0.0
CelebDFv3,/root/Datasets/CelebDFv3/CelebDFv3/FAKE/TalkingFace/FLOAT/id23_0008_test_id05124_uPPqcWVd-dg.mp4,TalkingFace/FLOAT,id23,,0,2.804523468017578,-2.804523468017578,0.0,114.93527221679688,25.0,0.0,0.0,0.0,0.0,0.0,0.0
CelebDFv3,/root/Datasets/CelebDFv3/CelebDFv3/FAKE/TalkingFace/IP_LAP/id8_0005_test_id07802_XUhS4zwprEk.mp4,TalkingFace/IP_LAP,id8,,0,2.5749778747558594,-2.5749778747558594,0.0,86.38614654541016,25.0,0.0,0.0,0.0,0.0,0.0,0.0
CelebDFv3,/root/Datasets/CelebDFv3/CelebDFv3/FAKE/TalkingFace/Real3DPortrait/id59_0003_test_id01066_0n-7JunX4kg.mp4,TalkingFace/Real3DPortrait,id59,,0,-17.260229110717773,17.260229110717773,0.0,247.80853271484375,25.0,0.0,0.0,0.0,0.0,0.0,0.0
CelebDFv3,/root/Datasets/CelebDFv3/CelebDFv3/FAKE/TalkingFace/SadTalker/id56_0001_test_id01333_X8REn1clroY.mp4,TalkingFace/SadTalker,id56,,0,3.2158100605010986,-3.2158100605010986,0.0,127.99203491210938,25.0,0.0,0.0,0.0,0.0,0.0,0.0
CelebDFv3,/root/Datasets/CelebDFv3/CelebDFv3/FAKE/FaceReenact/DaGAN/id26_id35_0001.mp4,FaceReenact/DaGAN,id26,id35,0,2.8033993244171143,-2.8033993244171143,0.0,104.62938690185547,30.0,0.0,0.0,0.0,0.0,0.0,0.0
CelebDFv3,/root/Datasets/CelebDFv3/CelebDFv3/FAKE/FaceReenact/FSRT/id22_id26_0001.mp4,FaceReenact/FSRT,id22,id26,0,2.521481990814209,-2.521481990814209,0.0,102.07588195800781,20.0,0.0,0.0,0.0,0.0,0.0,0.0
CelebDFv3,/root/Datasets/CelebDFv3/CelebDFv3/FAKE/FaceReenact/HyperReenact/id56_id58_0002.mp4,FaceReenact/HyperReenact,id56,id58,0,7.682578086853027,-7.682578086853027,0.0,109.78987884521484,25.0,0.0,0.0,0.0,0.0,0.0,0.0
CelebDFv3,/root/Datasets/CelebDFv3/CelebDFv3/FAKE/FaceReenact/LIA/id59_id60_0000.mp4,FaceReenact/LIA,id59,id60,0,2.7520105838775635,-2.7520105838775635,0.0,87.09363555908203,30.0,0.0,0.0,0.0,0.0,0.0,0.0
CelebDFv3,/root/Datasets/CelebDFv3/CelebDFv3/FAKE/FaceReenact/LivePortrait/id26_id30_0006.mp4,FaceReenact/LivePortrait,id26,id30,0,11.235264778137207,-11.235264778137207,0.0,179.49664306640625,30.0,0.0,0.0,0.0,0.0,0.0,0.0
CelebDFv3,/root/Datasets/CelebDFv3/CelebDFv3/FAKE/FaceReenact/MCNET/id23_id9_0004.mp4,FaceReenact/MCNET,id23,id9,0,3.939502239227295,-3.939502239227295,0.0,117.24484252929688,30.0,0.0,0.0,0.0,0.0,0.0,0.0
CelebDFv3,/root/Datasets/CelebDFv3/CelebDFv3/FAKE/FaceReenact/TPSMM/id23_id19_0000.mp4,FaceReenact/TPSMM,id23,id19,0,3.8613343238830566,-3.8613343238830566,0.0,96.68084716796875,29.829999923706055,0.0,0.0,0.0,0.0,0.0,0.0
CelebDFv3,/root/Datasets/CelebDFv3/CelebDFv3/FAKE/FaceSwap/BlendFace/id22_id28_0005.mp4,FaceSwap/BlendFace,id22,id28,0,3.037266492843628,-3.037266492843628,0.0,182.9301300048828,30.0,0.0,0.0,0.0,0.0,0.0,0.0
CelebDFv3,/root/Datasets/CelebDFv3/CelebDFv3/FAKE/FaceSwap/Celeb-DF-v2/id31_id2_0007.mp4,FaceSwap/Celeb-DF-v2,id31,id2,0,-1.8897805213928223,1.8897805213928223,0.0,274.2024841308594,30.0,0.0,0.0,0.0,0.0,0.0,0.0
CelebDFv3,/root/Datasets/CelebDFv3/CelebDFv3/FAKE/FaceSwap/GHOST/id23_id38_0000.mp4,FaceSwap/GHOST,id23,id38,0,2.6887311935424805,-2.6887311935424805,0.0,99.73574829101562,30.0,0.0,0.0,0.0,0.0,0.0,0.0
CelebDFv3,/root/Datasets/CelebDFv3/CelebDFv3/FAKE/FaceSwap/HifiFace/id31_id37_0005.mp4,FaceSwap/HifiFace,id31,id37,0,-4.812905311584473,4.812905311584473,0.0,107.73475646972656,30.0,0.0,0.0,0.0,0.0,0.0,0.0
CelebDFv3,/root/Datasets/CelebDFv3/CelebDFv3/FAKE/FaceSwap/InSwapper/id54_id52_0006.mp4,FaceSwap/InSwapper,id54,id52,0,3.3851096630096436,-3.3851096630096436,0.0,238.60755920410156,30.0,0.0,0.0,0.0,0.0,0.0,0.0
CelebDFv3,/root/Datasets/CelebDFv3/CelebDFv3/FAKE/FaceSwap/MobileFaceSwap/id23_id4_0005.mp4,FaceSwap/MobileFaceSwap,id23,id4,0,0.9099789261817932,-0.9099789261817932,0.0,89.24742889404297,30.0,0.0,0.0,0.0,0.0,0.0,0.0
CelebDFv3,/root/Datasets/CelebDFv3/CelebDFv3/FAKE/FaceSwap/SimSwap/id54_id53_0000.mp4,FaceSwap/SimSwap,id54,id53,0,-1.5936932563781738,1.5936932563781738,0.0,97.05069732666016,30.0,0.0,0.0,0.0,0.0,0.0,0.0
CelebDFv3,/root/Datasets/CelebDFv3/CelebDFv3/FAKE/FaceSwap/UniFace/id8_id2_0007.mp4,FaceSwap/UniFace,id8,id2,0,8.91339111328125,-8.91339111328125,0.0,173.4113006591797,30.0,0.0,0.0,0.0,0.0,0.0,0.0
CelebDFv3,/root/Datasets/CelebDFv3/CelebDFv3/FAKE/TalkingFace/AniTalker/id56_0004_test_id04366_GAE3onT-CHs.mp4,TalkingFace/AniTalker,id56,,0,7.46217155456543,-7.46217155456543,0.0,106.45398712158203,25.0,0.0,0.0,0.0,0.0,0.0,0.0
CelebDFv3,/root/Datasets/CelebDFv3/CelebDFv3/FAKE/TalkingFace/EDTalk/id51_0005_test_id09017_sduESYpj2-I.mp4,TalkingFace/EDTalk,id51,,0,5.582563400268555,-5.582563400268555,0.0,107.32035827636719,25.0,0.0,0.0,0.0,0.0,0.0,0.0
CelebDFv3,/root/Datasets/CelebDFv3/CelebDFv3/FAKE/TalkingFace/EchoMimic/id23_0004_test_id07961_DM8nW7joT3A.mp4,TalkingFace/EchoMimic,id23,,0,5.29143762588501,-5.29143762588501,0.0,134.22193908691406,24.0,0.0,0.0,0.0,0.0,0.0,0.0
CelebDFv3,/root/Datasets/CelebDFv3/CelebDFv3/FAKE/TalkingFace/FLOAT/id25_0002_test_id07620_fx5jKGlv9Ek.mp4,TalkingFace/FLOAT,id25,,0,9.178476333618164,-9.178476333618164,0.0,109.87274932861328,25.0,0.0,0.0,0.0,0.0,0.0,0.0
CelebDFv3,/root/Datasets/CelebDFv3/CelebDFv3/FAKE/TalkingFace/IP_LAP/id22_0003_test_id02317_YCBadU0v3AE.mp4,TalkingFace/IP_LAP,id22,,0,-0.47953084111213684,0.47953084111213684,0.0,165.072998046875,25.0,0.0,0.0,0.0,0.0,0.0,0.0
CelebDFv3,/root/Datasets/CelebDFv3/CelebDFv3/FAKE/TalkingFace/Real3DPortrait/id26_0008_test_id01541_SjibtkyrW1A.mp4,TalkingFace/Real3DPortrait,id26,,0,-0.641658365726471,0.641658365726471,0.0,121.9831771850586,25.0,0.0,0.0,0.0,0.0,0.0,0.0
CelebDFv3,/root/Datasets/CelebDFv3/CelebDFv3/FAKE/TalkingFace/SadTalker/id26_0004_test_id05654_veGIQ7p2ZSk.mp4,TalkingFace/SadTalker,id26,,0,6.929878234863281,-6.929878234863281,0.0,125.04473876953125,25.0,0.0,0.0,0.0,0.0,0.0,0.0
CelebDFv3,/root/Datasets/CelebDFv3/CelebDFv3/FAKE/FaceReenact/DaGAN/id48_id40_0009.mp4,FaceReenact/DaGAN,id48,id40,0,4.256595134735107,-4.256595134735107,0.0,99.39400482177734,30.0,0.0,0.0,0.0,0.0,0.0,0.0
CelebDFv3,/root/Datasets/CelebDFv3/CelebDFv3/FAKE/FaceReenact/FSRT/id31_id20_0002.mp4,FaceReenact/FSRT,id31,id20,0,2.962132692337036,-2.962132692337036,0.0,109.8274154663086,20.0,0.0,0.0,0.0,0.0,0.0,0.0
CelebDFv3,/root/Datasets/CelebDFv3/CelebDFv3/FAKE/FaceReenact/HyperReenact/id56_id54_0008.mp4,FaceReenact/HyperReenact,id56,id54,0,10.604129791259766,-10.604129791259766,0.0,107.76390838623047,25.0,0.0,0.0,0.0,0.0,0.0,0.0
CelebDFv3,/root/Datasets/CelebDFv3/CelebDFv3/FAKE/FaceReenact/LIA/id48_id43_0001.mp4,FaceReenact/LIA,id48,id43,0,4.223797798156738,-4.223797798156738,0.0,106.1353530883789,30.0,0.0,0.0,0.0,0.0,0.0,0.0
CelebDFv3,/root/Datasets/CelebDFv3/CelebDFv3/FAKE/FaceReenact/LivePortrait/id26_id29_0008.mp4,FaceReenact/LivePortrait,id26,id29,0,-1.0887963771820068,1.0887963771820068,0.0,108.69158172607422,30.0,0.0,0.0,0.0,0.0,0.0,0.0
CelebDFv3,/root/Datasets/CelebDFv3/CelebDFv3/FAKE/FaceReenact/MCNET/id54_id53_0008.mp4,FaceReenact/MCNET,id54,id53,0,1.563575267791748,-1.563575267791748,0.0,119.21503448486328,30.0,0.0,0.0,0.0,0.0,0.0,0.0
CelebDFv3,/root/Datasets/CelebDFv3/CelebDFv3/FAKE/FaceReenact/TPSMM/id23_id27_0006.mp4,FaceReenact/TPSMM,id23,id27,0,9.515361785888672,-9.515361785888672,0.0,101.48426818847656,30.0,0.0,0.0,0.0,0.0,0.0,0.0
CelebDFv3,/root/Datasets/CelebDFv3/CelebDFv3/FAKE/FaceSwap/BlendFace/id48_id41_0006.mp4,FaceSwap/BlendFace,id48,id41,0,-5.045688152313232,5.045688152313232,0.0,134.26828002929688,30.0,0.0,0.0,0.0,0.0,0.0,0.0
CelebDFv3,/root/Datasets/CelebDFv3/CelebDFv3/FAKE/FaceSwap/Celeb-DF-v2/id23_id17_0000.mp4,FaceSwap/Celeb-DF-v2,id23,id17,0,2.640028476715088,-2.640028476715088,0.0,99.19981384277344,30.0,0.0,0.0,0.0,0.0,0.0,0.0
CelebDFv3,/root/Datasets/CelebDFv3/CelebDFv3/FAKE/FaceSwap/GHOST/id59_id60_0007.mp4,FaceSwap/GHOST,id59,id60,0,2.2993478775024414,-2.2993478775024414,0.0,86.09013366699219,30.0,0.0,0.0,0.0,0.0,0.0,0.0
CelebDFv3,/root/Datasets/CelebDFv3/CelebDFv3/FAKE/FaceSwap/HifiFace/id26_id30_0003.mp4,FaceSwap/HifiFace,id26,id30,0,-7.6470723152160645,7.6470723152160645,0.0,382.1760559082031,30.0,0.0,0.0,0.0,0.0,0.0,0.0
CelebDFv3,/root/Datasets/CelebDFv3/CelebDFv3/FAKE/FaceSwap/InSwapper/id31_id17_0004.mp4,FaceSwap/InSwapper,id31,id17,0,-11.861263275146484,11.861263275146484,0.0,197.3142852783203,30.0,0.0,0.0,0.0,0.0,0.0,0.0
CelebDFv3,/root/Datasets/CelebDFv3/CelebDFv3/FAKE/FaceSwap/MobileFaceSwap/id23_id30_0001.mp4,FaceSwap/MobileFaceSwap,id23,id30,0,4.7114362716674805,-4.7114362716674805,0.0,120.96666717529297,30.0,0.0,0.0,0.0,0.0,0.0,0.0
CelebDFv3,/root/Datasets/CelebDFv3/CelebDFv3/FAKE/FaceSwap/SimSwap/id26_id2_0005.mp4,FaceSwap/SimSwap,id26,id2,0,-10.49179458618164,10.49179458618164,0.0,266.689453125,30.0,0.0,0.0,0.0,0.0,0.0,0.0
CelebDFv3,/root/Datasets/CelebDFv3/CelebDFv3/FAKE/FaceSwap/UniFace/id23_id22_0002.mp4,FaceSwap/UniFace,id23,id22,0,2.645141124725342,-2.645141124725342,0.0,92.76219940185547,30.0,0.0,0.0,0.0,0.0,0.0,0.0
CelebDFv3,/root/Datasets/CelebDFv3/CelebDFv3/FAKE/TalkingFace/AniTalker/id31_0001_test_id03839_pX7kYiDgFMA.mp4,TalkingFace/AniTalker,id31,,0,5.941195487976074,-5.941195487976074,0.0,143.7617645263672,25.0,0.0,0.0,0.0,0.0,0.0,0.0
CelebDFv3,/root/Datasets/CelebDFv3/CelebDFv3/FAKE/TalkingFace/EDTalk/id56_0001_test_id01106_mkgP19APekU.mp4,TalkingFace/EDTalk,id56,,0,2.218034267425537,-2.218034267425537,0.0,115.34912872314453,25.0,0.0,0.0,0.0,0.0,0.0,0.0
CelebDFv3,/root/Datasets/CelebDFv3/CelebDFv3/FAKE/TalkingFace/EchoMimic/id26_0009_test_id01224_0MbJ83_n8G0.mp4,TalkingFace/EchoMimic,id26,,0,2.4044766426086426,-2.4044766426086426,0.0,143.94618225097656,24.0,0.0,0.0,0.0,0.0,0.0,0.0
CelebDFv3,/root/Datasets/CelebDFv3/CelebDFv3/FAKE/TalkingFace/FLOAT/id25_0009_test_id05124_1HAXGOri_x0.mp4,TalkingFace/FLOAT,id25,,0,-0.38169074058532715,0.38169074058532715,0.0,108.40951538085938,25.0,0.0,0.0,0.0,0.0,0.0,0.0
CelebDFv3,/root/Datasets/CelebDFv3/CelebDFv3/FAKE/TalkingFace/IP_LAP/id25_0002_test_id03524_cxnnKLQYemo.mp4,TalkingFace/IP_LAP,id25,,0,4.385950565338135,-4.385950565338135,0.0,86.91270446777344,25.0,0.0,0.0,0.0,0.0,0.0,0.0
CelebDFv3,/root/Datasets/CelebDFv3/CelebDFv3/FAKE/TalkingFace/Real3DPortrait/id26_0005_test_id09017_oF8cALd6lU0.mp4,TalkingFace/Real3DPortrait,id26,,0,-5.101311683654785,5.101311683654785,0.0,185.12918090820312,25.0,0.0,0.0,0.0,0.0,0.0,0.0
CelebDFv3,/root/Datasets/CelebDFv3/CelebDFv3/FAKE/TalkingFace/SadTalker/id54_0007_test_id01333_D9Eylmbz4Ik.mp4,TalkingFace/SadTalker,id54,,0,4.941713809967041,-4.941713809967041,0.0,120.61943054199219,25.0,0.0,0.0,0.0,0.0,0.0,0.0
CelebDFv3,/root/Datasets/CelebDFv3/CelebDFv3/FAKE/FaceReenact/DaGAN/id23_id31_0007.mp4,FaceReenact/DaGAN,id23,id31,0,7.731095790863037,-7.731095790863037,0.0,128.21099853515625,30.0,0.0,0.0,0.0,0.0,0.0,0.0
CelebDFv3,/root/Datasets/CelebDFv3/CelebDFv3/FAKE/FaceReenact/FSRT/id26_id1_0004.mp4,FaceReenact/FSRT,id26,id1,0,-0.8203357458114624,0.8203357458114624,0.0,137.73526000976562,20.0,0.0,0.0,0.0,0.0,0.0,0.0
CelebDFv3,/root/Datasets/CelebDFv3/CelebDFv3/FAKE/FaceReenact/HyperReenact/id23_id34_0009.mp4,FaceReenact/HyperReenact,id23,id34,0,4.392489433288574,-4.392489433288574,0.0,125.1827163696289,25.0,0.0,0.0,0.0,0.0,0.0,0.0
CelebDFv3,/root/Datasets/CelebDFv3/CelebDFv3/FAKE/FaceReenact/LIA/id23_id25_0007.mp4,FaceReenact/LIA,id23,id25,0,3.7032370567321777,-3.7032370567321777,0.0,150.88780212402344,30.0,0.0,0.0,0.0,0.0,0.0,0.0
CelebDFv3,/root/Datasets/CelebDFv3/CelebDFv3/FAKE/FaceReenact/LivePortrait/id31_id4_0001.mp4,FaceReenact/LivePortrait,id31,id4,0,4.417972564697266,-4.417972564697266,0.0,132.0735626220703,30.0,0.0,0.0,0.0,0.0,0.0,0.0
CelebDFv3,/root/Datasets/CelebDFv3/CelebDFv3/FAKE/FaceReenact/MCNET/id23_id3_0002.mp4,FaceReenact/MCNET,id23,id3,0,5.176544666290283,-5.176544666290283,0.0,103.70744323730469,30.0,0.0,0.0,0.0,0.0,0.0,0.0
CelebDFv3,/root/Datasets/CelebDFv3/CelebDFv3/FAKE/FaceReenact/TPSMM/id23_id29_0007.mp4,FaceReenact/TPSMM,id23,id29,0,6.38225793838501,-6.38225793838501,0.0,119.44205474853516,30.0,0.0,0.0,0.0,0.0,0.0,0.0
CelebDFv3,/root/Datasets/CelebDFv3/CelebDFv3/FAKE/FaceSwap/BlendFace/id59_id60_0006.mp4,FaceSwap/BlendFace,id59,id60,0,-3.873833179473877,3.873833179473877,0.0,100.93727111816406,30.0,0.0,0.0,0.0,0.0,0.0,0.0
CelebDFv3,/root/Datasets/CelebDFv3/CelebDFv3/FAKE/FaceSwap/Celeb-DF-v2/id56_id51_0001.mp4,FaceSwap/Celeb-DF-v2,id56,id51,0,1.0755131244659424,-1.0755131244659424,0.0,277.9168701171875,30.0,0.0,0.0,0.0,0.0,0.0,0.0
CelebDFv3,/root/Datasets/CelebDFv3/CelebDFv3/FAKE/FaceSwap/GHOST/id31_id37_0004.mp4,FaceSwap/GHOST,id31,id37,0,-11.520511627197266,11.520511627197266,0.0,197.097900390625,30.0,0.0,0.0,0.0,0.0,0.0,0.0
CelebDFv3,/root/Datasets/CelebDFv3/CelebDFv3/FAKE/FaceSwap/HifiFace/id48_id41_0006.mp4,FaceSwap/HifiFace,id48,id41,0,-5.127094268798828,5.127094268798828,0.0,134.52383422851562,30.0,0.0,0.0,0.0,0.0,0.0,0.0
CelebDFv3,/root/Datasets/CelebDFv3/CelebDFv3/FAKE/FaceSwap/InSwapper/id51_id53_0006.mp4,FaceSwap/InSwapper,id51,id53,0,-5.5256571769714355,5.5256571769714355,0.0,201.4761505126953,29.900009155273438,0.0,0.0,0.0,0.0,0.0,0.0
CelebDFv3,/root/Datasets/CelebDFv3/CelebDFv3/FAKE/FaceSwap/MobileFaceSwap/id8_id9_0003.mp4,FaceSwap/MobileFaceSwap,id8,id9,0,-4.51179313659668,4.51179313659668,0.0,187.99249267578125,30.0,0.0,0.0,0.0,0.0,0.0,0.0
CelebDFv3,/root/Datasets/CelebDFv3/CelebDFv3/FAKE/FaceSwap/SimSwap/id25_id27_0005.mp4,FaceSwap/SimSwap,id25,id27,0,2.6000704765319824,-2.6000704765319824,0.0,105.79080200195312,30.0,0.0,0.0,0.0,0.0,0.0,0.0
CelebDFv3,/root/Datasets/CelebDFv3/CelebDFv3/FAKE/FaceSwap/UniFace/id56_id58_0000.mp4,FaceSwap/UniFace,id56,id58,0,-0.4338347315788269,0.4338347315788269,0.0,96.52078247070312,30.0,0.0,0.0,0.0,0.0,0.0,0.0
CelebDFv3,/root/Datasets/CelebDFv3/CelebDFv3/FAKE/TalkingFace/AniTalker/id8_0004_test_id00866_4wuP1StGqIA.mp4,TalkingFace/AniTalker,id8,,0,11.121623039245605,-11.121623039245605,0.0,186.36488342285156,25.0,0.0,0.0,0.0,0.0,0.0,0.0
CelebDFv3,/root/Datasets/CelebDFv3/CelebDFv3/FAKE/TalkingFace/EDTalk/id56_0008_test_id05124_ksBpd5sIcA4.mp4,TalkingFace/EDTalk,id56,,0,6.562826156616211,-6.562826156616211,0.0,111.81348419189453,25.0,0.0,0.0,0.0,0.0,0.0,0.0
CelebDFv3,/root/Datasets/CelebDFv3/CelebDFv3/FAKE/TalkingFace/EchoMimic/id26_0005_test_id07868_jhzuERlEtYw.mp4,TalkingFace/EchoMimic,id26,,0,8.95844841003418,-8.95844841003418,0.0,163.10350036621094,24.0,0.0,0.0,0.0,0.0,0.0,0.0
CelebDFv3,/root/Datasets/CelebDFv3/CelebDFv3/FAKE/TalkingFace/FLOAT/id11_0000_test_id08696_w3hl-OW_TVI.mp4,TalkingFace/FLOAT,id11,,0,8.06886100769043,-8.06886100769043,0.0,94.5211410522461,25.0,0.0,0.0,0.0,0.0,0.0,0.0
CelebDFv3,/root/Datasets/CelebDFv3/CelebDFv3/FAKE/TalkingFace/IP_LAP/id31_0004_test_id07426_s747isSlMFU.mp4,TalkingFace/IP_LAP,id31,,0,4.542903900146484,-4.542903900146484,0.0,130.11695861816406,25.0,0.0,0.0,0.0,0.0,0.0,0.0
CelebDFv3,/root/Datasets/CelebDFv3/CelebDFv3/FAKE/TalkingFace/Real3DPortrait/id11_0000_test_id08696_w3hl-OW_TVI.mp4,TalkingFace/Real3DPortrait,id11,,0,9.926424980163574,-9.926424980163574,0.0,101.7900390625,25.0,0.0,0.0,0.0,0.0,0.0,0.0
CelebDFv3,/root/Datasets/CelebDFv3/CelebDFv3/FAKE/TalkingFace/SadTalker/id31_0002_test_id00562_9LAZqHI80BY.mp4,TalkingFace/SadTalker,id31,,0,1.917585849761963,-1.917585849761963,0.0,126.76597595214844,25.0,0.0,0.0,0.0,0.0,0.0,0.0
CelebDFv3,/root/Datasets/CelebDFv3/CelebDFv3/FAKE/FaceReenact/DaGAN/id26_id25_0004.mp4,FaceReenact/DaGAN,id26,id25,0,-0.8962098360061646,0.8962098360061646,0.0,136.32522583007812,30.0,0.0,0.0,0.0,0.0,0.0,0.0
CelebDFv3,/root/Datasets/CelebDFv3/CelebDFv3/FAKE/FaceReenact/FSRT/id22_id28_0002.mp4,FaceReenact/FSRT,id22,id28,0,4.264590263366699,-4.264590263366699,0.0,104.91681671142578,20.0,0.0,0.0,0.0,0.0,0.0,0.0
CelebDFv3,/root/Datasets/CelebDFv3/CelebDFv3/FAKE/FaceReenact/HyperReenact/id51_id50_0007.mp4,FaceReenact/HyperReenact,id51,id50,0,-0.10564829409122467,0.10564829409122467,0.0,111.55907440185547,25.0,0.0,0.0,0.0,0.0,0.0,0.0
CelebDFv3,/root/Datasets/CelebDFv3/CelebDFv3/FAKE/FaceReenact/LIA/id26_id33_0001.mp4,FaceReenact/LIA,id26,id33,0,-0.44726213812828064,0.44726213812828064,0.0,113.76077270507812,30.0,0.0,0.0,0.0,0.0,0.0,0.0
CelebDFv3,/root/Datasets/CelebDFv3/CelebDFv3/FAKE/FaceReenact/LivePortrait/id51_id53_0007.mp4,FaceReenact/LivePortrait,id51,id53,0,-3.0912718772888184,3.0912718772888184,0.0,111.18934631347656,30.0,0.0,0.0,0.0,0.0,0.0,0.0
CelebDFv3,/root/Datasets/CelebDFv3/CelebDFv3/FAKE/FaceReenact/MCNET/id31_id29_0007.mp4,FaceReenact/MCNET,id31,id29,0,7.0457024574279785,-7.0457024574279785,0.0,151.1608428955078,30.0,0.0,0.0,0.0,0.0,0.0,0.0
CelebDFv3,/root/Datasets/CelebDFv3/CelebDFv3/FAKE/FaceReenact/TPSMM/id31_id4_0007.mp4,FaceReenact/TPSMM,id31,id4,0,6.198928356170654,-6.198928356170654,0.0,192.84420776367188,30.0,0.0,0.0,0.0,0.0,0.0,0.0
CelebDFv3,/root/Datasets/CelebDFv3/CelebDFv3/FAKE/FaceSwap/BlendFace/id23_id2_0005.mp4,FaceSwap/BlendFace,id23,id2,0,2.7776994705200195,-2.7776994705200195,0.0,88.77091979980469,30.0,0.0,0.0,0.0,0.0,0.0,0.0
CelebDFv3,/root/Datasets/CelebDFv3/CelebDFv3/FAKE/FaceSwap/Celeb-DF-v2/id26_id34_0003.mp4,FaceSwap/Celeb-DF-v2,id26,id34,0,-7.329803466796875,7.329803466796875,0.0,385.8282775878906,30.0,0.0,0.0,0.0,0.0,0.0,0.0
CelebDFv3,/root/Datasets/CelebDFv3/CelebDFv3/FAKE/FaceSwap/GHOST/id22_id28_0005.mp4,FaceSwap/GHOST,id22,id28,0,3.034252643585205,-3.034252643585205,0.0,182.90928649902344,30.0,0.0,0.0,0.0,0.0,0.0,0.0
CelebDFv3,/root/Datasets/CelebDFv3/CelebDFv3/FAKE/FaceSwap/HifiFace/id26_id3_0003.mp4,FaceSwap/HifiFace,id26,id3,0,-7.601506233215332,7.601506233215332,0.0,382.46710205078125,30.0,0.0,0.0,0.0,0.0,0.0,0.0
CelebDFv3,/root/Datasets/CelebDFv3/CelebDFv3/FAKE/FaceSwap/InSwapper/id26_id20_0000.mp4,FaceSwap/InSwapper,id26,id20,0,5.732375144958496,-5.732375144958496,0.0,131.55580139160156,30.0,0.0,0.0,0.0,0.0,0.0,0.0
CelebDFv3,/root/Datasets/CelebDFv3/CelebDFv3/FAKE/FaceSwap/MobileFaceSwap/id23_id2_0000.mp4,FaceSwap/MobileFaceSwap,id23,id2,0,2.754362106323242,-2.754362106323242,0.0,99.65835571289062,30.0,0.0,0.0,0.0,0.0,0.0,0.0
CelebDFv3,/root/Datasets/CelebDFv3/CelebDFv3/FAKE/FaceSwap/SimSwap/id31_id2_0001.mp4,FaceSwap/SimSwap,id31,id2,0,0.9762129187583923,-0.9762129187583923,0.0,127.0267105102539,30.0,0.0,0.0,0.0,0.0,0.0,0.0
CelebDFv3,/root/Datasets/CelebDFv3/CelebDFv3/FAKE/FaceSwap/UniFace/id26_id38_0001.mp4,FaceSwap/UniFace,id26,id38,0,-5.830232620239258,5.830232620239258,0.0,287.14239501953125,30.0,0.0,0.0,0.0,0.0,0.0,0.0
CelebDFv3,/root/Datasets/CelebDFv3/CelebDFv3/FAKE/TalkingFace/AniTalker/id26_0008_test_id01228_wmWLkJeR_vI.mp4,TalkingFace/AniTalker,id26,,0,5.205323219299316,-5.205323219299316,0.0,113.28251647949219,25.0,0.0,0.0,0.0,0.0,0.0,0.0
CelebDFv3,/root/Datasets/CelebDFv3/CelebDFv3/FAKE/TalkingFace/EDTalk/id26_0009_test_id05124_fRhAX7v_R6A.mp4,TalkingFace/EDTalk,id26,,0,1.771160364151001,-1.771160364151001,0.0,125.847412109375,25.0,0.0,0.0,0.0,0.0,0.0,0.0
CelebDFv3,/root/Datasets/CelebDFv3/CelebDFv3/FAKE/TalkingFace/EchoMimic/id11_0006_test_id04030_UAQYdNL40Ug.mp4,TalkingFace/EchoMimic,id11,,0,4.747456073760986,-4.747456073760986,0.0,106.95832824707031,24.0,0.0,0.0,0.0,0.0,0.0,0.0
CelebDFv3,/root/Datasets/CelebDFv3/CelebDFv3/FAKE/TalkingFace/FLOAT/id8_0000_test_id03127_mcAK-RlInLY.mp4,TalkingFace/FLOAT,id8,,0,-0.10456079244613647,0.10456079244613647,0.0,286.5146789550781,25.0,0.0,0.0,0.0,0.0,0.0,0.0
CelebDFv3,/root/Datasets/CelebDFv3/CelebDFv3/FAKE/TalkingFace/IP_LAP/id22_0002_test_id05124_fRhAX7v_R6A.mp4,TalkingFace/IP_LAP,id22,,0,8.36738395690918,-8.36738395690918,0.0,105.33958435058594,25.0,0.0,0.0,0.0,0.0,0.0,0.0
CelebDFv3,/root/Datasets/CelebDFv3/CelebDFv3/FAKE/TalkingFace/Real3DPortrait/id23_0001_test_id03862_6W_l9CHyUZg.mp4,TalkingFace/Real3DPortrait,id23,,0,2.4553818702697754,-2.4553818702697754,0.0,114.43392944335938,25.0,0.0,0.0,0.0,0.0,0.0,0.0
CelebDFv3,/root/Datasets/CelebDFv3/CelebDFv3/FAKE/TalkingFace/SadTalker/id8_0007_test_id05816_7jt8zGB27QQ.mp4,TalkingFace/SadTalker,id8,,0,8.66944694519043,-8.66944694519043,0.0,117.60759735107422,25.0,0.0,0.0,0.0,0.0,0.0,0.0
CelebDFv3,/root/Datasets/CelebDFv3/CelebDFv3/FAKE/FaceReenact/DaGAN/id48_id44_0003.mp4,FaceReenact/DaGAN,id48,id44,0,9.567502975463867,-9.567502975463867,0.0,118.04806518554688,30.0,0.0,0.0,0.0,0.0,0.0,0.0
CelebDFv3,/root/Datasets/CelebDFv3/CelebDFv3/FAKE/FaceReenact/FSRT/id23_id29_0007.mp4,FaceReenact/FSRT,id23,id29,0,5.23241662979126,-5.23241662979126,0.0,122.02576446533203,20.0,0.0,0.0,0.0,0.0,0.0,0.0
CelebDFv3,/root/Datasets/CelebDFv3/CelebDFv3/FAKE/FaceReenact/HyperReenact/id31_id34_0009.mp4,FaceReenact/HyperReenact,id31,id34,0,5.416469097137451,-5.416469097137451,0.0,114.33504486083984,25.0,0.0,0.0,0.0,0.0,0.0,0.0
CelebDFv3,/root/Datasets/CelebDFv3/CelebDFv3/FAKE/FaceReenact/LIA/id48_id46_0007.mp4,FaceReenact/LIA,id48,id46,0,5.007638931274414,-5.007638931274414,0.0,91.84082794189453,30.0,0.0,0.0,0.0,0.0,0.0,0.0
CelebDFv3,/root/Datasets/CelebDFv3/CelebDFv3/FAKE/FaceReenact/LivePortrait/id22_id21_0002.mp4,FaceReenact/LivePortrait,id22,id21,0,-6.686370849609375,6.686370849609375,0.0,145.2413330078125,30.0,0.0,0.0,0.0,0.0,0.0,0.0
CelebDFv3,/root/Datasets/CelebDFv3/CelebDFv3/FAKE/FaceReenact/MCNET/id54_id49_0001.mp4,FaceReenact/MCNET,id54,id49,0,-1.3687970638275146,1.3687970638275146,0.0,264.7303161621094,30.0,0.0,0.0,0.0,0.0,0.0,0.0
CelebDFv3,/root/Datasets/CelebDFv3/CelebDFv3/FAKE/FaceReenact/TPSMM/id26_id23_0002.mp4,FaceReenact/TPSMM,id26,id23,0,2.6028354167938232,-2.6028354167938232,0.0,85.53416442871094,30.0,0.0,0.0,0.0,0.0,0.0,0.0
CelebDFv3,/root/Datasets/CelebDFv3/CelebDFv3/FAKE/FaceSwap/BlendFace/id31_id38_0009.mp4,FaceSwap/BlendFace,id31,id38,0,0.4658817946910858,-0.4658817946910858,0.0,108.00444793701172,30.0,0.0,0.0,0.0,0.0,0.0,0.0
CelebDFv3,/root/Datasets/CelebDFv3/CelebDFv3/FAKE/FaceSwap/Celeb-DF-v2/id54_id51_0005.mp4,FaceSwap/Celeb-DF-v2,id54,id51,0,-1.3557209968566895,1.3557209968566895,0.0,157.5442352294922,30.0,0.0,0.0,0.0,0.0,0.0,0.0
CelebDFv3,/root/Datasets/CelebDFv3/CelebDFv3/FAKE/FaceSwap/GHOST/id23_id33_0004.mp4,FaceSwap/GHOST,id23,id33,0,-0.8492184281349182,0.8492184281349182,0.0,118.04820251464844,30.0,0.0,0.0,0.0,0.0,0.0,0.0
CelebDFv3,/root/Datasets/CelebDFv3/CelebDFv3/FAKE/FaceSwap/HifiFace/id59_id61_0004.mp4,FaceSwap/HifiFace,id59,id61,0,-2.502185344696045,2.502185344696045,0.0,178.45465087890625,30.0,0.0,0.0,0.0,0.0,0.0,0.0
CelebDFv3,/root/Datasets/CelebDFv3/CelebDFv3/FAKE/FaceSwap/InSwapper/id48_id44_0000.mp4,FaceSwap/InSwapper,id48,id44,0,2.067326545715332,-2.067326545715332,0.0,377.31939697265625,30.0,0.0,0.0,0.0,0.0,0.0,0.0
CelebDFv3,/root/Datasets/CelebDFv3/CelebDFv3/FAKE/FaceSwap/MobileFaceSwap/id23_id19_0002.mp4,FaceSwap/MobileFaceSwap,id23,id19,0,2.8952574729919434,-2.8952574729919434,0.0,93.62286376953125,30.0,0.0,0.0,0.0,0.0,0.0,0.0
CelebDFv3,/root/Datasets/CelebDFv3/CelebDFv3/FAKE/FaceSwap/SimSwap/id8_id5_0008.mp4,FaceSwap/SimSwap,id8,id5,0,-4.186275482177734,4.186275482177734,0.0,253.95730590820312,30.0,0.0,0.0,0.0,0.0,0.0,0.0
CelebDFv3,/root/Datasets/CelebDFv3/CelebDFv3/FAKE/FaceSwap/UniFace/id25_id19_0003.mp4,FaceSwap/UniFace,id25,id19,0,-9.1693115234375,9.1693115234375,0.0,217.6085205078125,30.0,0.0,0.0,0.0,0.0,0.0,0.0
CelebDFv3,/root/Datasets/CelebDFv3/CelebDFv3/FAKE/TalkingFace/AniTalker/id59_0001_test_id05459_3TI6dVmEwzw.mp4,TalkingFace/AniTalker,id59,,0,-8.042997360229492,8.042997360229492,0.0,334.4291687011719,25.0,0.0,0.0,0.0,0.0,0.0,0.0
CelebDFv3,/root/Datasets/CelebDFv3/CelebDFv3/FAKE/TalkingFace/EDTalk/id59_0005_test_id08456_r83GAlBHvaQ.mp4,TalkingFace/EDTalk,id59,,0,7.139628887176514,-7.139628887176514,0.0,108.36013793945312,25.0,0.0,0.0,0.0,0.0,0.0,0.0
CelebDFv3,/root/Datasets/CelebDFv3/CelebDFv3/FAKE/TalkingFace/EchoMimic/id26_0002_test_id05055_6EIN7_SQQDM.mp4,TalkingFace/EchoMimic,id26,,0,2.116297721862793,-2.116297721862793,0.0,102.69196319580078,24.0,0.0,0.0,0.0,0.0,0.0,0.0
CelebDFv3,/root/Datasets/CelebDFv3/CelebDFv3/FAKE/TalkingFace/FLOAT/id8_0004_test_id05459_kkaYxtBZnNo.mp4,TalkingFace/FLOAT,id8,,0,10.419994354248047,-10.419994354248047,0.0,173.48008728027344,25.0,0.0,0.0,0.0,0.0,0.0,0.0
CelebDFv3,/root/Datasets/CelebDFv3/CelebDFv3/FAKE/TalkingFace/IP_LAP/id11_0008_test_id07802_qmTmtDbel1M.mp4,TalkingFace/IP_LAP,id11,,0,7.02415132522583,-7.02415132522583,0.0,94.87552642822266,25.0,0.0,0.0,0.0,0.0,0.0,0.0
CelebDFv3,/root/Datasets/CelebDFv3/CelebDFv3/FAKE/TalkingFace/Real3DPortrait/id8_0005_test_id03978_ywSqMWAhPPY.mp4,TalkingFace/Real3DPortrait,id8,,0,9.863618850708008,-9.863618850708008,0.0,111.59308624267578,25.0,0.0,0.0,0.0,0.0,0.0,0.0
CelebDFv3,/root/Datasets/CelebDFv3/CelebDFv3/FAKE/TalkingFace/SadTalker/id26_0009_test_id08392_3e5zvNaT-eU.mp4,TalkingFace/SadTalker,id26,,0,-0.15357892215251923,0.15357892215251923,0.0,151.31947326660156,25.0,0.0,0.0,0.0,0.0,0.0,0.0
CelebDFv3,/root/Datasets/CelebDFv3/CelebDFv3/FAKE/FaceReenact/DaGAN/id23_id30_0009.mp4,FaceReenact/DaGAN,id23,id30,0,7.714617729187012,-7.714617729187012,0.0,129.23561096191406,30.0,0.0,0.0,0.0,0.0,0.0,0.0
CelebDFv3,/root/Datasets/CelebDFv3/CelebDFv3/FAKE/FaceReenact/FSRT/id23_id22_0009.mp4,FaceReenact/FSRT,id23,id22,0,3.5445122718811035,-3.5445122718811035,0.0,107.00717163085938,20.0,0.0,0.0,0.0,0.0,0.0,0.0
CelebDFv3,/root/Datasets/CelebDFv3/CelebDFv3/FAKE/FaceReenact/HyperReenact/id48_id45_0005.mp4,FaceReenact/HyperReenact,id48,id45,0,8.64509105682373,-8.64509105682373,0.0,114.07572937011719,25.0,0.0,0.0,0.0,0.0,0.0,0.0
CelebDFv3,/root/Datasets/CelebDFv3/CelebDFv3/FAKE/FaceReenact/LIA/id51_id54_0006.mp4,FaceReenact/LIA,id51,id54,0,-2.1778452396392822,2.1778452396392822,0.0,139.12474060058594,30.0,0.0,0.0,0.0,0.0,0.0,0.0
CelebDFv3,/root/Datasets/CelebDFv3/CelebDFv3/FAKE/FaceReenact/LivePortrait/id31_id34_0002.mp4,FaceReenact/LivePortrait,id31,id34,0,-2.342075824737549,2.342075824737549,0.0,148.76329040527344,30.0,0.0,0.0,0.0,0.0,0.0,0.0
CelebDFv3,/root/Datasets/CelebDFv3/CelebDFv3/FAKE/FaceReenact/MCNET/id56_id55_0008.mp4,FaceReenact/MCNET,id56,id55,0,3.287262201309204,-3.287262201309204,0.0,96.03863525390625,30.0,0.0,0.0,0.0,0.0,0.0,0.0
CelebDFv3,/root/Datasets/CelebDFv3/CelebDFv3/FAKE/FaceReenact/TPSMM/id31_id6_0005.mp4,FaceReenact/TPSMM,id31,id6,0,4.903156757354736,-4.903156757354736,0.0,105.88514709472656,30.0,0.0,0.0,0.0,0.0,0.0,0.0
CelebDFv3,/root/Datasets/CelebDFv3/CelebDFv3/FAKE/FaceSwap/BlendFace/id31_id17_0005.mp4,FaceSwap/BlendFace,id31,id17,0,-4.925959587097168,4.925959587097168,0.0,107.926513671875,30.0,0.0,0.0,0.0,0.0,0.0,0.0
CelebDFv3,/root/Datasets/CelebDFv3/CelebDFv3/FAKE/FaceSwap/Celeb-DF-v2/id23_id31_0003.mp4,FaceSwap/Celeb-DF-v2,id23,id31,0,-3.0245542526245117,3.0245542526245117,0.0,115.97277069091797,30.0,0.0,0.0,0.0,0.0,0.0,0.0
CelebDFv3,/root/Datasets/CelebDFv3/CelebDFv3/FAKE/FaceSwap/GHOST/id31_id38_0006.mp4,FaceSwap/GHOST,id31,id38,0,-6.765105247497559,6.765105247497559,0.0,207.67250061035156,30.0,0.0,0.0,0.0,0.0,0.0,0.0
CelebDFv3,/root/Datasets/CelebDFv3/CelebDFv3/FAKE/FaceSwap/HifiFace/id8_id1_0008.mp4,FaceSwap/HifiFace,id8,id1,0,-4.204631805419922,4.204631805419922,0.0,254.68991088867188,30.0,0.0,0.0,0.0,0.0,0.0,0.0
CelebDFv3,/root/Datasets/CelebDFv3/CelebDFv3/FAKE/FaceSwap/InSwapper/id51_id49_0001.mp4,FaceSwap/InSwapper,id51,id49,0,0.7798212766647339,-0.7798212766647339,0.0,222.40362548828125,30.0,0.0,0.0,0.0,0.0,0.0,0.0
CelebDFv3,/root/Datasets/CelebDFv3/CelebDFv3/FAKE/FaceSwap/MobileFaceSwap/id31_id20_0003.mp4,FaceSwap/MobileFaceSwap,id31,id20,0,2.7115907669067383,-2.7115907669067383,0.0,176.79302978515625,30.0,0.0,0.0,0.0,0.0,0.0,0.0
CelebDFv3,/root/Datasets/CelebDFv3/CelebDFv3/FAKE/FaceSwap/SimSwap/id48_id41_0006.mp4,FaceSwap/SimSwap,id48,id41,0,-4.965548992156982,4.965548992156982,0.0,134.3715362548828,30.0,0.0,0.0,0.0,0.0,0.0,0.0
CelebDFv3,/root/Datasets/CelebDFv3/CelebDFv3/FAKE/FaceSwap/UniFace/id48_id47_0008.mp4,FaceSwap/UniFace,id48,id47,0,-5.636590003967285,5.636590003967285,0.0,129.53213500976562,30.0,0.0,0.0,0.0,0.0,0.0,0.0
CelebDFv3,/root/Datasets/CelebDFv3/CelebDFv3/FAKE/TalkingFace/AniTalker/id26_0003_test_id02317_V1il-79GsT4.mp4,TalkingFace/AniTalker,id26,,0,-1.533463954925537,1.533463954925537,0.0,337.1914978027344,25.0,0.0,0.0,0.0,0.0,0.0,0.0
CelebDFv3,/root/Datasets/CelebDFv3/CelebDFv3/FAKE/TalkingFace/EDTalk/id31_0002_test_id06913_CFoP6f5lk7M.mp4,TalkingFace/EDTalk,id31,,0,3.119248867034912,-3.119248867034912,0.0,126.95793151855469,25.0,0.0,0.0,0.0,0.0,0.0,0.0
CelebDFv3,/root/Datasets/CelebDFv3/CelebDFv3/FAKE/TalkingFace/EchoMimic/id26_0007_test_id05124_1HAXGOri_x0.mp4,TalkingFace/EchoMimic,id26,,0,2.8134045600891113,-2.8134045600891113,0.0,168.0706024169922,24.0,0.0,0.0,0.0,0.0,0.0,0.0
CelebDFv3,/root/Datasets/CelebDFv3/CelebDFv3/FAKE/TalkingFace/FLOAT/id59_0009_test_id03862_yHtRhESo9Q0.mp4,TalkingFace/FLOAT,id59,,0,-3.0565969944000244,3.0565969944000244,0.0,195.79518127441406,25.0,0.0,0.0,0.0,0.0,0.0,0.0
CelebDFv3,/root/Datasets/CelebDFv3/CelebDFv3/FAKE/TalkingFace/IP_LAP/id22_0008_test_id07396_6bbb_NOpqGY.mp4,TalkingFace/IP_LAP,id22,,0,4.222255706787109,-4.222255706787109,0.0,116.29661560058594,25.0,0.0,0.0,0.0,0.0,0.0,0.0
CelebDFv3,/root/Datasets/CelebDFv3/CelebDFv3/FAKE/TalkingFace/Real3DPortrait/id56_0005_test_id07868_6qWwQj0a_uw.mp4,TalkingFace/Real3DPortrait,id56,,0,6.443525314331055,-6.443525314331055,0.0,108.68745422363281,25.0,0.0,0.0,0.0,0.0,0.0,0.0
CelebDFv3,/root/Datasets/CelebDFv3/CelebDFv3/FAKE/TalkingFace/SadTalker/id48_0004_test_id09017_D8dCOAYteTY.mp4,TalkingFace/SadTalker,id48,,0,9.952381134033203,-9.952381134033203,0.0,135.5078125,25.0,0.0,0.0,0.0,0.0,0.0,0.0
CelebDFv3,/root/Datasets/CelebDFv3/CelebDFv3/FAKE/FaceReenact/DaGAN/id26_id25_0001.mp4,FaceReenact/DaGAN,id26,id25,0,6.805933952331543,-6.805933952331543,0.0,112.89189910888672,30.0,0.0,0.0,0.0,0.0,0.0,0.0
CelebDFv3,/root/Datasets/CelebDFv3/CelebDFv3/FAKE/FaceReenact/FSRT/id31_id2_0005.mp4,FaceReenact/FSRT,id31,id2,0,2.892343044281006,-2.892343044281006,0.0,104.81005859375,20.0,0.0,0.0,0.0,0.0,0.0,0.0
CelebDFv3,/root/Datasets/CelebDFv3/CelebDFv3/FAKE/FaceReenact/HyperReenact/id31_id17_0003.mp4,FaceReenact/HyperReenact,id31,id17,0,9.579873085021973,-9.579873085021973,0.0,134.9882354736328,25.0,0.0,0.0,0.0,0.0,0.0,0.0
CelebDFv3,/root/Datasets/CelebDFv3/CelebDFv3/FAKE/FaceReenact/LIA/id23_id6_0005.mp4,FaceReenact/LIA,id23,id6,0,3.996934413909912,-3.996934413909912,0.0,102.11852264404297,30.0,0.0,0.0,0.0,0.0,0.0,0.0
CelebDFv3,/root/Datasets/CelebDFv3/CelebDFv3/FAKE/FaceReenact/LivePortrait/id56_id55_0001.mp4,FaceReenact/LivePortrait,id56,id55,0,1.1722791194915771,-1.1722791194915771,0.0,276.84686279296875,30.0,0.0,0.0,0.0,0.0,0.0,0.0
CelebDFv3,/root/Datasets/CelebDFv3/CelebDFv3/FAKE/FaceReenact/MCNET/id23_id16_0009.mp4,FaceReenact/MCNET,id23,id16,0,5.9063286781311035,-5.9063286781311035,0.0,115.09349060058594,30.0,0.0,0.0,0.0,0.0,0.0,0.0
CelebDFv3,/root/Datasets/CelebDFv3/CelebDFv3/FAKE/FaceReenact/TPSMM/id26_id30_0002.mp4,FaceReenact/TPSMM,id26,id30,0,1.1501095294952393,-1.1501095294952393,0.0,91.14483642578125,30.0,0.0,0.0,0.0,0.0,0.0,0.0
CelebDFv3,/root/Datasets/CelebDFv3/CelebDFv3/FAKE/FaceSwap/BlendFace/id51_id58_0002.mp4,FaceSwap/BlendFace,id51,id58,0,1.904526948928833,-1.904526948928833,0.0,106.2078628540039,30.0,0.0,0.0,0.0,0.0,0.0,0.0
CelebDFv3,/root/Datasets/CelebDFv3/CelebDFv3/FAKE/FaceSwap/Celeb-DF-v2/id26_id30_0000.mp4,FaceSwap/Celeb-DF-v2,id26,id30,0,5.665781021118164,-5.665781021118164,0.0,132.96922302246094,30.0,0.0,0.0,0.0,0.0,0.0,0.0
CelebDFv3,/root/Datasets/CelebDFv3/CelebDFv3/FAKE/FaceSwap/GHOST/id23_id26_0000.mp4,FaceSwap/GHOST,id23,id26,0,2.7099857330322266,-2.7099857330322266,0.0,99.75363159179688,30.0,0.0,0.0,0.0,0.0,0.0,0.0
CelebDFv3,/root/Datasets/CelebDFv3/CelebDFv3/FAKE/FaceSwap/HifiFace/id23_id1_0007.mp4,FaceSwap/HifiFace,id23,id1,0,-10.062225341796875,10.062225341796875,0.0,192.40447998046875,30.0,0.0,0.0,0.0,0.0,0.0,0.0
CelebDFv3,/root/Datasets/CelebDFv3/CelebDFv3/FAKE/FaceSwap/InSwapper/id31_id26_0007.mp4,FaceSwap/InSwapper,id31,id26,0,-1.93851900100708,1.93851900100708,0.0,273.0300598144531,30.0,0.0,0.0,0.0,0.0,0.0,0.0
CelebDFv3,/root/Datasets/CelebDFv3/CelebDFv3/FAKE/FaceSwap/MobileFaceSwap/id31_id38_0006.mp4,FaceSwap/MobileFaceSwap,id31,id38,0,-7.511052131652832,7.511052131652832,0.0,208.3827667236328,30.0,0.0,0.0,0.0,0.0,0.0,0.0
CelebDFv3,/root/Datasets/CelebDFv3/CelebDFv3/FAKE/FaceSwap/SimSwap/id56_id57_0001.mp4,FaceSwap/SimSwap,id56,id57,0,0.8351011872291565,-0.8351011872291565,0.0,270.9941101074219,30.0,0.0,0.0,0.0,0.0,0.0,0.0
CelebDFv3,/root/Datasets/CelebDFv3/CelebDFv3/FAKE/FaceSwap/UniFace/id51_id54_0006.mp4,FaceSwap/UniFace,id51,id54,0,-5.581510543823242,5.581510543823242,0.0,201.20223999023438,29.900009155273438,0.0,0.0,0.0,0.0,0.0,0.0
CelebDFv3,/root/Datasets/CelebDFv3/CelebDFv3/FAKE/TalkingFace/AniTalker/id26_0009_test_id01541_9OzhfBaZ1Bc.mp4,TalkingFace/AniTalker,id26,,0,4.618607044219971,-4.618607044219971,0.0,133.88092041015625,25.0,0.0,0.0,0.0,0.0,0.0,0.0
CelebDFv3,/root/Datasets/CelebDFv3/CelebDFv3/FAKE/TalkingFace/EDTalk/id22_0006_test_id07961_l3Xn426T1IE.mp4,TalkingFace/EDTalk,id22,,0,11.925454139709473,-11.925454139709473,0.0,137.9362030029297,25.0,0.0,0.0,0.0,0.0,0.0,0.0
CelebDFv3,/root/Datasets/CelebDFv3/CelebDFv3/FAKE/TalkingFace/EchoMimic/id8_0008_test_id01000_xjC2r6OXgBo.mp4,TalkingFace/EchoMimic,id8,,0,11.76307487487793,-11.76307487487793,0.0,128.5884246826172,24.0,0.0,0.0,0.0,0.0,0.0,0.0
CelebDFv3,/root/Datasets/CelebDFv3/CelebDFv3/FAKE/TalkingFace/FLOAT/id22_0009_test_id00866_0OxT7uyV-vU.mp4,TalkingFace/FLOAT,id22,,0,4.3726911544799805,-4.3726911544799805,0.0,107.55864715576172,25.0,0.0,0.0,0.0,0.0,0.0,0.0
CelebDFv3,/root/Datasets/CelebDFv3/CelebDFv3/FAKE/TalkingFace/IP_LAP/id51_0008_test_id03524_2DD4Np7SaWw.mp4,TalkingFace/IP_LAP,id51,,0,0.5875644683837891,-0.5875644683837891,0.0,84.23670959472656,25.0,0.0,0.0,0.0,0.0,0.0,0.0
CelebDFv3,/root/Datasets/CelebDFv3/CelebDFv3/FAKE/TalkingFace/Real3DPortrait/id51_0005_test_id08701_IF-okJTentA.mp4,TalkingFace/Real3DPortrait,id51,,0,1.4969093799591064,-1.4969093799591064,0.0,134.391357421875,25.0,0.0,0.0,0.0,0.0,0.0,0.0
CelebDFv3,/root/Datasets/CelebDFv3/CelebDFv3/FAKE/TalkingFace/SadTalker/id48_0007_test_id06209_HXpylMleqDk.mp4,TalkingFace/SadTalker,id48,,0,5.332305431365967,-5.332305431365967,0.0,110.67835235595703,25.0,0.0,0.0,0.0,0.0,0.0,0.0
CelebDFv3,/root/Datasets/CelebDFv3/CelebDFv3/FAKE/FaceReenact/DaGAN/id22_id21_0005.mp4,FaceReenact/DaGAN,id22,id21,0,6.927629470825195,-6.927629470825195,0.0,125.92652130126953,30.0,0.0,0.0,0.0,0.0,0.0,0.0
CelebDFv3,/root/Datasets/CelebDFv3/CelebDFv3/FAKE/FaceReenact/FSRT/id56_id49_0003.mp4,FaceReenact/FSRT,id56,id49,0,1.314806580543518,-1.314806580543518,0.0,104.04484558105469,20.0,0.0,0.0,0.0,0.0,0.0,0.0
CelebDFv3,/root/Datasets/CelebDFv3/CelebDFv3/FAKE/FaceReenact/HyperReenact/id31_id29_0001.mp4,FaceReenact/HyperReenact,id31,id29,0,5.655147552490234,-5.655147552490234,0.0,130.0331268310547,25.0,0.0,0.0,0.0,0.0,0.0,0.0
CelebDFv3,/root/Datasets/CelebDFv3/CelebDFv3/FAKE/FaceReenact/LIA/id23_id20_0001.mp4,FaceReenact/LIA,id23,id20,0,4.674162864685059,-4.674162864685059,0.0,111.0106430053711,30.0,0.0,0.0,0.0,0.0,0.0,0.0
CelebDFv3,/root/Datasets/CelebDFv3/CelebDFv3/FAKE/FaceReenact/LivePortrait/id23_id34_0009.mp4,FaceReenact/LivePortrait,id23,id34,0,-0.3901325464248657,0.3901325464248657,0.0,131.15969848632812,30.0,0.0,0.0,0.0,0.0,0.0,0.0
CelebDFv3,/root/Datasets/CelebDFv3/CelebDFv3/FAKE/FaceReenact/MCNET/id31_id37_0005.mp4,FaceReenact/MCNET,id31,id37,0,0.7311644554138184,-0.7311644554138184,0.0,109.6409912109375,30.0,0.0,0.0,0.0,0.0,0.0,0.0
CelebDFv3,/root/Datasets/CelebDFv3/CelebDFv3/FAKE/FaceReenact/TPSMM/id51_id53_0006.mp4,FaceReenact/TPSMM,id51,id53,0,-1.6590014696121216,1.6590014696121216,0.0,108.04452514648438,30.0,0.0,0.0,0.0,0.0,0.0,0.0
CelebDFv3,/root/Datasets/CelebDFv3/CelebDFv3/FAKE/FaceSwap/BlendFace/id25_id23_0005.mp4,FaceSwap/BlendFace,id25,id23,0,2.843759775161743,-2.843759775161743,0.0,104.7779541015625,30.0,0.0,0.0,0.0,0.0,0.0,0.0
CelebDFv3,/root/Datasets/CelebDFv3/CelebDFv3/FAKE/FaceSwap/Celeb-DF-v2/id48_id42_0001.mp4,FaceSwap/Celeb-DF-v2,id48,id42,0,-1.5781300067901611,1.5781300067901611,0.0,104.3081283569336,30.0,0.0,0.0,0.0,0.0,0.0,0.0
CelebDFv3,/root/Datasets/CelebDFv3/CelebDFv3/FAKE/FaceSwap/GHOST/id54_id51_0006.mp4,FaceSwap/GHOST,id54,id51,0,3.2733075618743896,-3.2733075618743896,0.0,238.53125,30.0,0.0,0.0,0.0,0.0,0.0,0.0
CelebDFv3,/root/Datasets/CelebDFv3/CelebDFv3/FAKE/FaceSwap/HifiFace/id31_id17_0003.mp4,FaceSwap/HifiFace,id31,id17,0,2.5438666343688965,-2.5438666343688965,0.0,177.81723022460938,30.0,0.0,0.0,0.0,0.0,0.0,0.0
CelebDFv3,/root/Datasets/CelebDFv3/CelebDFv3/FAKE/FaceSwap/InSwapper/id31_id16_0002.mp4,FaceSwap/InSwapper,id31,id16,0,-2.6680009365081787,2.6680009365081787,0.0,148.34169006347656,30.0,0.0,0.0,0.0,0.0,0.0,0.0
CelebDFv3,/root/Datasets/CelebDFv3/CelebDFv3/FAKE/FaceSwap/MobileFaceSwap/id23_id22_0002.mp4,FaceSwap/MobileFaceSwap,id23,id22,0,2.804527759552002,-2.804527759552002,0.0,93.70645141601562,30.0,0.0,0.0,0.0,0.0,0.0,0.0
CelebDFv3,/root/Datasets/CelebDFv3/CelebDFv3/FAKE/FaceSwap/SimSwap/id23_id29_0007.mp4,FaceSwap/SimSwap,id23,id29,0,-9.768653869628906,9.768653869628906,0.0,192.0147705078125,30.0,0.0,0.0,0.0,0.0,0.0,0.0
CelebDFv3,/root/Datasets/CelebDFv3/CelebDFv3/FAKE/FaceSwap/UniFace/id31_id3_0005.mp4,FaceSwap/UniFace,id31,id3,0,-4.788088321685791,4.788088321685791,0.0,107.74262237548828,30.0,0.0,0.0,0.0,0.0,0.0,0.0
CelebDFv3,/root/Datasets/CelebDFv3/CelebDFv3/FAKE/TalkingFace/AniTalker/id59_0007_test_id02019_anSrwA_9RPE.mp4,TalkingFace/AniTalker,id59,,0,6.753623008728027,-6.753623008728027,0.0,117.84540557861328,25.0,0.0,0.0,0.0,0.0,0.0,0.0
CelebDFv3,/root/Datasets/CelebDFv3/CelebDFv3/FAKE/TalkingFace/EDTalk/id59_0000_test_id00419_749eTxP4Us8.mp4,TalkingFace/EDTalk,id59,,0,6.616217613220215,-6.616217613220215,0.0,107.28511047363281,25.0,0.0,0.0,0.0,0.0,0.0,0.0
CelebDFv3,/root/Datasets/CelebDFv3/CelebDFv3/FAKE/TalkingFace/EchoMimic/id56_0002_test_id01000_f-mjLyC1-4g.mp4,TalkingFace/EchoMimic,id56,,0,4.20581579208374,-4.20581579208374,0.0,114.9379653930664,24.0,0.0,0.0,0.0,0.0,0.0,0.0
CelebDFv3,/root/Datasets/CelebDFv3/CelebDFv3/FAKE/TalkingFace/FLOAT/id56_0008_test_id04862_ORhcTM80e0A.mp4,TalkingFace/FLOAT,id56,,0,5.854695796966553,-5.854695796966553,0.0,105.97379302978516,25.0,0.0,0.0,0.0,0.0,0.0,0.0
CelebDFv3,/root/Datasets/CelebDFv3/CelebDFv3/FAKE/TalkingFace/IP_LAP/id31_0007_test_id02465_BfzqhbsRhuE.mp4,TalkingFace/IP_LAP,id31,,0,8.374563217163086,-8.374563217163086,0.0,164.85025024414062,25.0,0.0,0.0,0.0,0.0,0.0,0.0
CelebDFv3,/root/Datasets/CelebDFv3/CelebDFv3/FAKE/TalkingFace/Real3DPortrait/id26_0003_test_id02317_quWGoFFkGr0.mp4,TalkingFace/Real3DPortrait,id26,,0,12.38907527923584,-12.38907527923584,0.0,298.67022705078125,25.0,0.0,0.0,0.0,0.0,0.0,0.0
CelebDFv3,/root/Datasets/CelebDFv3/CelebDFv3/FAKE/TalkingFace/SadTalker/id25_0010_test_id07426_1KNFfOFEhyI.mp4,TalkingFace/SadTalker,id25,,0,3.3670334815979004,-3.3670334815979004,0.0,135.03526306152344,25.0,0.0,0.0,0.0,0.0,0.0,0.0
CelebDFv3,/root/Datasets/CelebDFv3/CelebDFv3/FAKE/FaceReenact/DaGAN/id59_id60_0007.mp4,FaceReenact/DaGAN,id59,id60,0,-0.36141958832740784,0.36141958832740784,0.0,108.85118103027344,30.0,0.0,0.0,0.0,0.0,0.0,0.0
CelebDFv3,/root/Datasets/CelebDFv3/CelebDFv3/FAKE/FaceReenact/FSRT/id26_id25_0001.mp4,FaceReenact/FSRT,id26,id25,0,6.623126029968262,-6.623126029968262,0.0,110.87767028808594,20.0,0.0,0.0,0.0,0.0,0.0,0.0
CelebDFv3,/root/Datasets/CelebDFv3/CelebDFv3/FAKE/FaceReenact/HyperReenact/id56_id54_0001.mp4,FaceReenact/HyperReenact,id56,id54,0,3.7167978286743164,-3.7167978286743164,0.0,111.25088500976562,25.0,0.0,0.0,0.0,0.0,0.0,0.0
CelebDFv3,/root/Datasets/CelebDFv3/CelebDFv3/FAKE/FaceReenact/LIA/id22_id21_0004.mp4,FaceReenact/LIA,id22,id21,0,8.89207935333252,-8.89207935333252,0.0,129.21192932128906,30.0,0.0,0.0,0.0,0.0,0.0,0.0
CelebDFv3,/root/Datasets/CelebDFv3/CelebDFv3/FAKE/FaceReenact/LivePortrait/id56_id52_0008.mp4,FaceReenact/LivePortrait,id56,id52,0,-2.6490092277526855,2.6490092277526855,0.0,128.04647827148438,30.0,0.0,0.0,0.0,0.0,0.0,0.0
CelebDFv3,/root/Datasets/CelebDFv3/CelebDFv3/FAKE/FaceReenact/MCNET/id23_id31_0002.mp4,FaceReenact/MCNET,id23,id31,0,7.708673477172852,-7.708673477172852,0.0,108.95763397216797,30.0,0.0,0.0,0.0,0.0,0.0,0.0
CelebDFv3,/root/Datasets/CelebDFv3/CelebDFv3/FAKE/FaceReenact/TPSMM/id31_id37_0004.mp4,FaceReenact/TPSMM,id31,id37,0,-5.358303070068359,5.358303070068359,0.0,181.79222106933594,30.0,0.0,0.0,0.0,0.0,0.0,0.0
CelebDFv3,/root/Datasets/CelebDFv3/CelebDFv3/FAKE/FaceSwap/BlendFace/id23_id35_0006.mp4,FaceSwap/BlendFace,id23,id35,0,-2.6685328483581543,2.6685328483581543,0.0,112.02426147460938,30.0,0.0,0.0,0.0,0.0,0.0,0.0
CelebDFv3,/root/Datasets/CelebDFv3/CelebDFv3/FAKE/FaceSwap/Celeb-DF-v2/id48_id47_0000.mp4,FaceSwap/Celeb-DF-v2,id48,id47,0,2.028752326965332,-2.028752326965332,0.0,381.73773193359375,30.0,0.0,0.0,0.0,0.0,0.0,0.0
CelebDFv3,/root/Datasets/CelebDFv3/CelebDFv3/FAKE/FaceSwap/GHOST/id23_id9_0008.mp4,FaceSwap/GHOST,id23,id9,0,-0.18073737621307373,0.18073737621307373,0.0,106.48069763183594,30.0,0.0,0.0,0.0,0.0,0.0,0.0
CelebDFv3,/root/Datasets/CelebDFv3/CelebDFv3/FAKE/FaceSwap/HifiFace/id56_id50_0006.mp4,FaceSwap/HifiFace,id56,id50,0,-1.3401429653167725,1.3401429653167725,0.0,93.35191345214844,30.0,0.0,0.0,0.0,0.0,0.0,0.0
CelebDFv3,/root/Datasets/CelebDFv3/CelebDFv3/FAKE/FaceSwap/InSwapper/id23_id9_0008.mp4,FaceSwap/InSwapper,id23,id9,0,0.07707232981920242,-0.07707232981920242,0.0,106.50951385498047,30.0,0.0,0.0,0.0,0.0,0.0,0.0
CelebDFv3,/root/Datasets/CelebDFv3/CelebDFv3/FAKE/FaceSwap/MobileFaceSwap/id51_id55_0006.mp4,FaceSwap/MobileFaceSwap,id51,id55,0,-5.369457244873047,5.369457244873047,0.0,197.85231018066406,29.0,0.0,0.0,0.0,0.0,0.0,0.0
CelebDFv3,/root/Datasets/CelebDFv3/CelebDFv3/FAKE/FaceSwap/SimSwap/id22_id20_0002.mp4,FaceSwap/SimSwap,id22,id20,0,-2.5384573936462402,2.5384573936462402,0.0,96.72059631347656,30.0,0.0,0.0,0.0,0.0,0.0,0.0
CelebDFv3,/root/Datasets/CelebDFv3/CelebDFv3/FAKE/FaceSwap/UniFace/id23_id30_0009.mp4,FaceSwap/UniFace,id23,id30,0,2.8534255027770996,-2.8534255027770996,0.0,140.3778533935547,30.0,0.0,0.0,0.0,0.0,0.0,0.0
CelebDFv3,/root/Datasets/CelebDFv3/CelebDFv3/FAKE/TalkingFace/AniTalker/id11_0003_test_id07621_9YfVlYjHf9o.mp4,TalkingFace/AniTalker,id11,,0,-0.3492699861526489,0.3492699861526489,0.0,157.9925079345703,25.0,0.0,0.0,0.0,0.0,0.0,0.0
CelebDFv3,/root/Datasets/CelebDFv3/CelebDFv3/FAKE/TalkingFace/EDTalk/id56_0006_test_id01333_D8Pv2f28x3Q.mp4,TalkingFace/EDTalk,id56,,0,8.087752342224121,-8.087752342224121,0.0,127.58568572998047,25.0,0.0,0.0,0.0,0.0,0.0,0.0
CelebDFv3,/root/Datasets/CelebDFv3/CelebDFv3/FAKE/TalkingFace/EchoMimic/id26_0009_test_id01437_uXAe0vbNWeo.mp4,TalkingFace/EchoMimic,id26,,0,2.071838140487671,-2.071838140487671,0.0,143.97454833984375,24.0,0.0,0.0,0.0,0.0,0.0,0.0
CelebDFv3,/root/Datasets/CelebDFv3/CelebDFv3/FAKE/TalkingFace/FLOAT/id51_0003_test_id01593_1EAgAgH4d04.mp4,TalkingFace/FLOAT,id51,,0,5.8851447105407715,-5.8851447105407715,0.0,159.13531494140625,25.0,0.0,0.0,0.0,0.0,0.0,0.0
CelebDFv3,/root/Datasets/CelebDFv3/CelebDFv3/FAKE/TalkingFace/IP_LAP/id54_0002_test_id00061_nrI2uwhFFto.mp4,TalkingFace/IP_LAP,id54,,0,4.623763561248779,-4.623763561248779,0.0,84.68962097167969,25.0,0.0,0.0,0.0,0.0,0.0,0.0
CelebDFv3,/root/Datasets/CelebDFv3/CelebDFv3/FAKE/TalkingFace/Real3DPortrait/id59_0004_test_id04232_AB9fk1MH2rA.mp4,TalkingFace/Real3DPortrait,id59,,0,-3.8867664337158203,3.8867664337158203,0.0,265.01995849609375,25.0,0.0,0.0,0.0,0.0,0.0,0.0
CelebDFv3,/root/Datasets/CelebDFv3/CelebDFv3/FAKE/TalkingFace/SadTalker/id25_0007_test_id01618_KHeRiXKiYZ8.mp4,TalkingFace/SadTalker,id25,,0,7.221287727355957,-7.221287727355957,0.0,130.65122985839844,25.0,0.0,0.0,0.0,0.0,0.0,0.0
CelebDFv3,/root/Datasets/CelebDFv3/CelebDFv3/FAKE/FaceReenact/DaGAN/id54_id49_0009.mp4,FaceReenact/DaGAN,id54,id49,0,-4.252002239227295,4.252002239227295,0.0,99.16569519042969,30.0,0.0,0.0,0.0,0.0,0.0,0.0
CelebDFv3,/root/Datasets/CelebDFv3/CelebDFv3/FAKE/FaceReenact/FSRT/id59_id60_0007.mp4,FaceReenact/FSRT,id59,id60,0,-0.6630317568778992,0.6630317568778992,0.0,113.03311920166016,20.0,0.0,0.0,0.0,0.0,0.0,0.0
CelebDFv3,/root/Datasets/CelebDFv3/CelebDFv3/FAKE/FaceReenact/HyperReenact/id31_id28_0004.mp4,FaceReenact/HyperReenact,id31,id28,0,13.395326614379883,-13.395326614379883,0.0,158.71035766601562,25.0,0.0,0.0,0.0,0.0,0.0,0.0
CelebDFv3,/root/Datasets/CelebDFv3/CelebDFv3/FAKE/FaceReenact/LIA/id22_id21_0002.mp4,FaceReenact/LIA,id22,id21,0,6.3204474449157715,-6.3204474449157715,0.0,118.7474365234375,30.0,0.0,0.0,0.0,0.0,0.0,0.0
CelebDFv3,/root/Datasets/CelebDFv3/CelebDFv3/FAKE/FaceReenact/LivePortrait/id56_id50_0005.mp4,FaceReenact/LivePortrait,id56,id50,0,2.2231273651123047,-2.2231273651123047,0.0,133.57778930664062,29.0,0.0,0.0,0.0,0.0,0.0,0.0
CelebDFv3,/root/Datasets/CelebDFv3/CelebDFv3/FAKE/FaceReenact/MCNET/id31_id33_0006.mp4,FaceReenact/MCNET,id31,id33,0,-0.035429537296295166,0.035429537296295166,0.0,166.98179626464844,30.0,0.0,0.0,0.0,0.0,0.0,0.0
CelebDFv3,/root/Datasets/CelebDFv3/CelebDFv3/FAKE/FaceReenact/TPSMM/id26_id3_0008.mp4,FaceReenact/TPSMM,id26,id3,0,0.4585646390914917,-0.4585646390914917,0.0,114.43283081054688,30.0,0.0,0.0,0.0,0.0,0.0,0.0
CelebDFv3,/root/Datasets/CelebDFv3/CelebDFv3/FAKE/FaceSwap/BlendFace/id23_id38_0001.mp4,FaceSwap/BlendFace,id23,id38,0,4.924371242523193,-4.924371242523193,0.0,121.66435241699219,30.0,0.0,0.0,0.0,0.0,0.0,0.0
CelebDFv3,/root/Datasets/CelebDFv3/CelebDFv3/FAKE/FaceSwap/Celeb-DF-v2/id26_id30_0006.mp4,FaceSwap/Celeb-DF-v2,id26,id30,0,12.016502380371094,-12.016502380371094,0.0,180.4593048095703,30.0,0.0,0.0,0.0,0.0,0.0,0.0
CelebDFv3,/root/Datasets/CelebDFv3/CelebDFv3/FAKE/FaceSwap/GHOST/id56_id50_0006.mp4,FaceSwap/GHOST,id56,id50,0,-1.2196784019470215,1.2196784019470215,0.0,93.0936508178711,30.0,0.0,0.0,0.0,0.0,0.0,0.0
CelebDFv3,/root/Datasets/CelebDFv3/CelebDFv3/FAKE/FaceSwap/HifiFace/id31_id16_0005.mp4,FaceSwap/HifiFace,id31,id16,0,-4.8978729248046875,4.8978729248046875,0.0,107.60665893554688,30.0,0.0,0.0,0.0,0.0,0.0,0.0
CelebDFv3,/root/Datasets/CelebDFv3/CelebDFv3/FAKE/FaceSwap/InSwapper/id31_id9_0003.mp4,FaceSwap/InSwapper,id31,id9,0,2.5016021728515625,-2.5016021728515625,0.0,178.0476531982422,30.0,0.0,0.0,0.0,0.0,0.0,0.0
CelebDFv3,/root/Datasets/CelebDFv3/CelebDFv3/FAKE/FaceSwap/MobileFaceSwap/id48_id46_0001.mp4,FaceSwap/MobileFaceSwap,id48,id46,0,-1.6635749340057373,1.6635749340057373,0.0,107.8132095336914,30.0,0.0,0.0,0.0,0.0,0.0,0.0
CelebDFv3,/root/Datasets/CelebDFv3/CelebDFv3/FAKE/FaceSwap/SimSwap/id51_id55_0006.mp4,FaceSwap/SimSwap,id51,id55,0,-5.525822639465332,5.525822639465332,0.0,201.19015502929688,29.899999618530273,0.0,0.0,0.0,0.0,0.0,0.0
CelebDFv3,/root/Datasets/CelebDFv3/CelebDFv3/FAKE/FaceSwap/UniFace/id31_id1_0007.mp4,FaceSwap/UniFace,id31,id1,0,-1.789811134338379,1.789811134338379,0.0,272.2423095703125,30.0,0.0,0.0,0.0,0.0,0.0,0.0
CelebDFv3,/root/Datasets/CelebDFv3/CelebDFv3/FAKE/TalkingFace/AniTalker/id26_0002_test_id05055_6EIN7_SQQDM.mp4,TalkingFace/AniTalker,id26,,0,6.518184661865234,-6.518184661865234,0.0,105.28555297851562,25.0,0.0,0.0,0.0,0.0,0.0,0.0
CelebDFv3,/root/Datasets/CelebDFv3/CelebDFv3/FAKE/TalkingFace/EDTalk/id48_0008_test_id04862_NPOoEt--t_g.mp4,TalkingFace/EDTalk,id48,,0,0.4401859641075134,-0.4401859641075134,0.0,140.3432159423828,25.0,0.0,0.0,0.0,0.0,0.0,0.0
CelebDFv3,/root/Datasets/CelebDFv3/CelebDFv3/FAKE/TalkingFace/EchoMimic/id59_0003_test_id03347__NVxlFSjV0I.mp4,TalkingFace/EchoMimic,id59,,0,-1.5460195541381836,1.5460195541381836,0.0,206.52488708496094,24.0,0.0,0.0,0.0,0.0,0.0,0.0
CelebDFv3,/root/Datasets/CelebDFv3/CelebDFv3/FAKE/TalkingFace/FLOAT/id11_0002_test_id06811_Z8pDqRv3I8c.mp4,TalkingFace/FLOAT,id11,,0,5.434988975524902,-5.434988975524902,0.0,103.08931732177734,25.0,0.0,0.0,0.0,0.0,0.0,0.0
CelebDFv3,/root/Datasets/CelebDFv3/CelebDFv3/FAKE/TalkingFace/IP_LAP/id8_0008_test_id01000_xjC2r6OXgBo.mp4,TalkingFace/IP_LAP,id8,,0,10.076358795166016,-10.076358795166016,0.0,101.24141693115234,25.0,0.0,0.0,0.0,0.0,0.0,0.0
CelebDFv3,/root/Datasets/CelebDFv3/CelebDFv3/FAKE/TalkingFace/Real3DPortrait/id11_0009_test_id00817_GAs8WnyFKJM.mp4,TalkingFace/Real3DPortrait,id11,,0,4.683225631713867,-4.683225631713867,0.0,96.11880493164062,25.0,0.0,0.0,0.0,0.0,0.0,0.0
CelebDFv3,/root/Datasets/CelebDFv3/CelebDFv3/FAKE/TalkingFace/SadTalker/id56_0000_test_id01989_t3crub0ikyc.mp4,TalkingFace/SadTalker,id56,,0,4.12979793548584,-4.12979793548584,0.0,111.03675842285156,25.0,0.0,0.0,0.0,0.0,0.0,0.0
CelebDFv3,/root/Datasets/CelebDFv3/CelebDFv3/FAKE/FaceReenact/DaGAN/id31_id1_0006.mp4,FaceReenact/DaGAN,id31,id1,0,5.100018501281738,-5.100018501281738,0.0,130.15069580078125,30.0,0.0,0.0,0.0,0.0,0.0,0.0
CelebDFv3,/root/Datasets/CelebDFv3/CelebDFv3/FAKE/FaceReenact/FSRT/id23_id16_0009.mp4,FaceReenact/FSRT,id23,id16,0,5.89672327041626,-5.89672327041626,0.0,115.9527587890625,20.0,0.0,0.0,0.0,0.0,0.0,0.0
CelebDFv3,/root/Datasets/CelebDFv3/CelebDFv3/FAKE/FaceReenact/HyperReenact/id8_id2_0003.mp4,FaceReenact/HyperReenact,id8,id2,0,7.810644149780273,-7.810644149780273,0.0,109.88804626464844,25.0,0.0,0.0,0.0,0.0,0.0,0.0
CelebDFv3,/root/Datasets/CelebDFv3/CelebDFv3/FAKE/FaceReenact/LIA/id26_id34_0003.mp4,FaceReenact/LIA,id26,id34,0,8.347457885742188,-8.347457885742188,0.0,214.18576049804688,30.0,0.0,0.0,0.0,0.0,0.0,0.0
CelebDFv3,/root/Datasets/CelebDFv3/CelebDFv3/FAKE/FaceReenact/LivePortrait/id51_id58_0000.mp4,FaceReenact/LivePortrait,id51,id58,0,-11.195257186889648,11.195257186889648,0.0,224.3522491455078,30.0,0.0,0.0,0.0,0.0,0.0,0.0
CelebDFv3,/root/Datasets/CelebDFv3/CelebDFv3/FAKE/FaceReenact/MCNET/id31_id2_0005.mp4,FaceReenact/MCNET,id31,id2,0,3.196833610534668,-3.196833610534668,0.0,103.78694915771484,30.0,0.0,0.0,0.0,0.0,0.0,0.0
CelebDFv3,/root/Datasets/CelebDFv3/CelebDFv3/FAKE/FaceReenact/TPSMM/id26_id29_0008.mp4,FaceReenact/TPSMM,id26,id29,0,3.27001953125,-3.27001953125,0.0,105.10939025878906,30.0,0.0,0.0,0.0,0.0,0.0,0.0
CelebDFv3,/root/Datasets/CelebDFv3/CelebDFv3/FAKE/FaceSwap/BlendFace/id23_id30_0003.mp4,FaceSwap/BlendFace,id23,id30,0,-2.6850337982177734,2.6850337982177734,0.0,114.36151885986328,30.0,0.0,0.0,0.0,0.0,0.0,0.0
CelebDFv3,/root/Datasets/CelebDFv3/CelebDFv3/FAKE/FaceSwap/Celeb-DF-v2/id25_id22_0010.mp4,FaceSwap/Celeb-DF-v2,id25,id22,0,-4.912657737731934,4.912657737731934,0.0,278.5426940917969,30.0,0.0,0.0,0.0,0.0,0.0,0.0
CelebDFv3,/root/Datasets/CelebDFv3/CelebDFv3/FAKE/FaceSwap/GHOST/id22_id25_0003.mp4,FaceSwap/GHOST,id22,id25,0,-6.825894355773926,6.825894355773926,0.0,173.90309143066406,30.0,0.0,0.0,0.0,0.0,0.0,0.0
CelebDFv3,/root/Datasets/CelebDFv3/CelebDFv3/FAKE/FaceSwap/HifiFace/id31_id38_0001.mp4,FaceSwap/HifiFace,id31,id38,0,0.8375217914581299,-0.8375217914581299,0.0,126.02547454833984,30.0,0.0,0.0,0.0,0.0,0.0,0.0
CelebDFv3,/root/Datasets/CelebDFv3/CelebDFv3/FAKE/FaceSwap/InSwapper/id8_id7_0008.mp4,FaceSwap/InSwapper,id8,id7,0,-4.21969747543335,4.21969747543335,0.0,254.6530303955078,30.0,0.0,0.0,0.0,0.0,0.0,0.0
CelebDFv3,/root/Datasets/CelebDFv3/CelebDFv3/FAKE/FaceSwap/MobileFaceSwap/id31_id33_0001.mp4,FaceSwap/MobileFaceSwap,id31,id33,0,1.044765591621399,-1.044765591621399,0.0,125.88265228271484,30.0,0.0,0.0,0.0,0.0,0.0,0.0
CelebDFv3,/root/Datasets/CelebDFv3/CelebDFv3/FAKE/FaceSwap/SimSwap/id26_id1_0004.mp4,FaceSwap/SimSwap,id26,id1,0,-0.7331568002700806,0.7331568002700806,0.0,135.12762451171875,30.0,0.0,0.0,0.0,0.0,0.0,0.0
CelebDFv3,/root/Datasets/CelebDFv3/CelebDFv3/FAKE/FaceSwap/UniFace/id31_id4_0007.mp4,FaceSwap/UniFace,id31,id4,0,-1.8070659637451172,1.8070659637451172,0.0,272.31671142578125,30.0,0.0,0.0,0.0,0.0,0.0,0.0
CelebDFv3,/root/Datasets/CelebDFv3/CelebDFv3/FAKE/TalkingFace/AniTalker/id22_0005_test_id08392_V2DQaPnQhBs.mp4,TalkingFace/AniTalker,id22,,0,12.452459335327148,-12.452459335327148,0.0,128.51718139648438,25.0,0.0,0.0,0.0,0.0,0.0,0.0
CelebDFv3,/root/Datasets/CelebDFv3/CelebDFv3/FAKE/TalkingFace/EDTalk/id56_0002_test_id04276_j7kziDG61kk.mp4,TalkingFace/EDTalk,id56,,0,3.678788185119629,-3.678788185119629,0.0,113.42251586914062,25.0,0.0,0.0,0.0,0.0,0.0,0.0
CelebDFv3,/root/Datasets/CelebDFv3/CelebDFv3/FAKE/TalkingFace/EchoMimic/id48_0009_test_id04536_A01JVLKHbTM.mp4,TalkingFace/EchoMimic,id48,,0,6.709929943084717,-6.709929943084717,0.0,110.30555725097656,24.0,0.0,0.0,0.0,0.0,0.0,0.0
CelebDFv3,/root/Datasets/CelebDFv3/CelebDFv3/FAKE/TalkingFace/FLOAT/id23_0006_test_id00017_kN2iEvnTHc4.mp4,TalkingFace/FLOAT,id23,,0,8.707303047180176,-8.707303047180176,0.0,116.99828338623047,25.0,0.0,0.0,0.0,0.0,0.0,0.0
CelebDFv3,/root/Datasets/CelebDFv3/CelebDFv3/FAKE/TalkingFace/IP_LAP/id8_0007_test_id00419_DkYa8HiTgJs.mp4,TalkingFace/IP_LAP,id8,,0,8.036397933959961,-8.036397933959961,0.0,86.37065887451172,25.0,0.0,0.0,0.0,0.0,0.0,0.0
CelebDFv3,/root/Datasets/CelebDFv3/CelebDFv3/FAKE/TalkingFace/Real3DPortrait/id59_0001_test_id05459_3TI6dVmEwzw.mp4,TalkingFace/Real3DPortrait,id59,,0,-10.306985855102539,10.306985855102539,0.0,341.2808837890625,25.0,0.0,0.0,0.0,0.0,0.0,0.0
CelebDFv3,/root/Datasets/CelebDFv3/CelebDFv3/FAKE/TalkingFace/SadTalker/id59_0000_test_id00419_749eTxP4Us8.mp4,TalkingFace/SadTalker,id59,,0,2.6199355125427246,-2.6199355125427246,0.0,121.10516357421875,25.0,0.0,0.0,0.0,0.0,0.0,0.0
CelebDFv3,/root/Datasets/CelebDFv3/CelebDFv3/FAKE/FaceReenact/DaGAN/id26_id33_0006.mp4,FaceReenact/DaGAN,id26,id33,0,-0.13309717178344727,0.13309717178344727,0.0,202.73934936523438,30.0,0.0,0.0,0.0,0.0,0.0,0.0
CelebDFv3,/root/Datasets/CelebDFv3/CelebDFv3/FAKE/FaceReenact/FSRT/id31_id3_0000.mp4,FaceReenact/FSRT,id31,id3,0,4.070136070251465,-4.070136070251465,0.0,109.9030990600586,20.0,0.0,0.0,0.0,0.0,0.0,0.0
CelebDFv3,/root/Datasets/CelebDFv3/CelebDFv3/FAKE/FaceReenact/HyperReenact/id56_id57_0009.mp4,FaceReenact/HyperReenact,id56,id57,0,0.7827301621437073,-0.7827301621437073,0.0,115.9906997680664,25.0,0.0,0.0,0.0,0.0,0.0,0.0
CelebDFv3,/root/Datasets/CelebDFv3/CelebDFv3/FAKE/FaceReenact/LIA/id26_id6_0006.mp4,FaceReenact/LIA,id26,id6,0,1.4840192794799805,-1.4840192794799805,0.0,203.15371704101562,30.0,0.0,0.0,0.0,0.0,0.0,0.0
CelebDFv3,/root/Datasets/CelebDFv3/CelebDFv3/FAKE/FaceReenact/LivePortrait/id56_id53_0006.mp4,FaceReenact/LivePortrait,id56,id53,0,-1.4791114330291748,1.4791114330291748,0.0,97.30652618408203,30.0,0.0,0.0,0.0,0.0,0.0,0.0
CelebDFv3,/root/Datasets/CelebDFv3/CelebDFv3/FAKE/FaceReenact/MCNET/id31_id28_0004.mp4,FaceReenact/MCNET,id31,id28,0,-0.7304361462593079,0.7304361462593079,0.0,166.64151000976562,30.0,0.0,0.0,0.0,0.0,0.0,0.0
CelebDFv3,/root/Datasets/CelebDFv3/CelebDFv3/FAKE/FaceReenact/TPSMM/id8_id1_0003.mp4,FaceReenact/TPSMM,id8,id1,0,0.5323389768600464,-0.5323389768600464,0.0,118.76285552978516,30.0,0.0,0.0,0.0,0.0,0.0,0.0
CelebDFv3,/root/Datasets/CelebDFv3/CelebDFv3/FAKE/FaceSwap/BlendFace/id51_id49_0005.mp4,FaceSwap/BlendFace,id51,id49,0,2.2142481803894043,-2.2142481803894043,0.0,116.37030792236328,30.0,0.0,0.0,0.0,0.0,0.0,0.0
CelebDFv3,/root/Datasets/CelebDFv3/CelebDFv3/FAKE/FaceSwap/Celeb-DF-v2/id26_id24_0001.mp4,FaceSwap/Celeb-DF-v2,id26,id24,0,-6.134016990661621,6.134016990661621,0.0,290.3841857910156,30.0,0.0,0.0,0.0,0.0,0.0,0.0
CelebDFv3,/root/Datasets/CelebDFv3/CelebDFv3/FAKE/FaceSwap/GHOST/id48_id43_0003.mp4,FaceSwap/GHOST,id48,id43,0,2.9241743087768555,-2.9241743087768555,0.0,121.33158874511719,30.0,0.0,0.0,0.0,0.0,0.0,0.0
CelebDFv3,/root/Datasets/CelebDFv3/CelebDFv3/FAKE/FaceSwap/HifiFace/id23_id20_0007.mp4,FaceSwap/HifiFace,id23,id20,0,-10.124388694763184,10.124388694763184,0.0,192.33441162109375,30.0,0.0,0.0,0.0,0.0,0.0,0.0
CelebDFv3,/root/Datasets/CelebDFv3/CelebDFv3/FAKE/FaceSwap/InSwapper/id23_id17_0006.mp4,FaceSwap/InSwapper,id23,id17,0,-2.595083713531494,2.595083713531494,0.0,111.68670654296875,30.0,0.0,0.0,0.0,0.0,0.0,0.0
CelebDFv3,/root/Datasets/CelebDFv3/CelebDFv3/FAKE/FaceSwap/MobileFaceSwap/id23_id4_0009.mp4,FaceSwap/MobileFaceSwap,id23,id4,0,2.538747787475586,-2.538747787475586,0.0,139.29563903808594,30.0,0.0,0.0,0.0,0.0,0.0,0.0
CelebDFv3,/root/Datasets/CelebDFv3/CelebDFv3/FAKE/FaceSwap/SimSwap/id23_id1_0002.mp4,FaceSwap/SimSwap,id23,id1,0,2.7936997413635254,-2.7936997413635254,0.0,93.17035675048828,30.0,0.0,0.0,0.0,0.0,0.0,0.0
CelebDFv3,/root/Datasets/CelebDFv3/CelebDFv3/FAKE/FaceSwap/UniFace/id31_id16_0002.mp4,FaceSwap/UniFace,id31,id16,0,-2.6170177459716797,2.6170177459716797,0.0,148.6962890625,30.0,0.0,0.0,0.0,0.0,0.0,0.0
CelebDFv3,/root/Datasets/CelebDFv3/CelebDFv3/FAKE/TalkingFace/AniTalker/id11_0000_test_id04006__bENbO3pwL0.mp4,TalkingFace/AniTalker,id11,,0,10.095680236816406,-10.095680236816406,0.0,95.8071517944336,25.0,0.0,0.0,0.0,0.0,0.0,0.0
CelebDFv3,/root/Datasets/CelebDFv3/CelebDFv3/FAKE/TalkingFace/EDTalk/id31_0000_test_id03041_qyCz5uttaAA.mp4,TalkingFace/EDTalk,id31,,0,5.239267349243164,-5.239267349243164,0.0,128.9654998779297,25.0,0.0,0.0,0.0,0.0,0.0,0.0
CelebDFv3,/root/Datasets/CelebDFv3/CelebDFv3/FAKE/TalkingFace/EchoMimic/id26_0003_test_id02317_quWGoFFkGr0.mp4,TalkingFace/EchoMimic,id26,,0,10.322914123535156,-10.322914123535156,0.0,265.1703186035156,24.0,0.0,0.0,0.0,0.0,0.0,0.0
CelebDFv3,/root/Datasets/CelebDFv3/CelebDFv3/FAKE/TalkingFace/FLOAT/id8_0001_test_id01989_t3crub0ikyc.mp4,TalkingFace/FLOAT,id8,,0,-2.827709197998047,2.827709197998047,0.0,143.18783569335938,25.0,0.0,0.0,0.0,0.0,0.0,0.0
CelebDFv3,/root/Datasets/CelebDFv3/CelebDFv3/FAKE/TalkingFace/IP_LAP/id11_0006_test_id04862_i6aGUMQW5jA.mp4,TalkingFace/IP_LAP,id11,,0,5.504189491271973,-5.504189491271973,0.0,95.09007263183594,25.0,0.0,0.0,0.0,0.0,0.0,0.0
CelebDFv3,/root/Datasets/CelebDFv3/CelebDFv3/FAKE/TalkingFace/Real3DPortrait/id51_0009_test_id01106_q01vvmTSJ9I.mp4,TalkingFace/Real3DPortrait,id51,,0,-0.5011677742004395,0.5011677742004395,0.0,116.1778793334961,25.0,0.0,0.0,0.0,0.0,0.0,0.0
CelebDFv3,/root/Datasets/CelebDFv3/CelebDFv3/FAKE/TalkingFace/SadTalker/id11_0005_test_id04094_BNAe-NhgItg.mp4,TalkingFace/SadTalker,id11,,0,2.362898826599121,-2.362898826599121,0.0,123.84854888916016,25.0,0.0,0.0,0.0,0.0,0.0,0.0
CelebDFv3,/root/Datasets/CelebDFv3/CelebDFv3/FAKE/FaceReenact/DaGAN/id31_id35_0007.mp4,FaceReenact/DaGAN,id31,id35,0,7.790210723876953,-7.790210723876953,0.0,177.51580810546875,30.0,0.0,0.0,0.0,0.0,0.0,0.0
CelebDFv3,/root/Datasets/CelebDFv3/CelebDFv3/FAKE/FaceReenact/FSRT/id31_id16_0002.mp4,FaceReenact/FSRT,id31,id16,0,3.430924415588379,-3.430924415588379,0.0,118.50157165527344,20.0,0.0,0.0,0.0,0.0,0.0,0.0
CelebDFv3,/root/Datasets/CelebDFv3/CelebDFv3/FAKE/FaceReenact/HyperReenact/id51_id58_0004.mp4,FaceReenact/HyperReenact,id51,id58,0,5.017244338989258,-5.017244338989258,0.0,107.87604522705078,25.0,0.0,0.0,0.0,0.0,0.0,0.0
CelebDFv3,/root/Datasets/CelebDFv3/CelebDFv3/FAKE/FaceReenact/LIA/id26_id22_0003.mp4,FaceReenact/LIA,id26,id22,0,4.035907745361328,-4.035907745361328,0.0,283.0605773925781,30.0,0.0,0.0,0.0,0.0,0.0,0.0
CelebDFv3,/root/Datasets/CelebDFv3/CelebDFv3/FAKE/FaceReenact/LivePortrait/id26_id21_0004.mp4,FaceReenact/LivePortrait,id26,id21,0,-2.514066219329834,2.514066219329834,0.0,142.69215393066406,30.0,0.0,0.0,0.0,0.0,0.0,0.0
CelebDFv3,/root/Datasets/CelebDFv3/CelebDFv3/FAKE/FaceReenact/MCNET/id48_id43_0003.mp4,FaceReenact/MCNET,id48,id43,0,10.00587272644043,-10.00587272644043,0.0,116.89286804199219,30.0,0.0,0.0,0.0,0.0,0.0,0.0
CelebDFv3,/root/Datasets/CelebDFv3/CelebDFv3/FAKE/FaceReenact/TPSMM/id31_id1_0001.mp4,FaceReenact/TPSMM,id31,id1,0,5.946422576904297,-5.946422576904297,0.0,113.7418212890625,30.0,0.0,0.0,0.0,0.0,0.0,0.0
CelebDFv3,/root/Datasets/CelebDFv3/CelebDFv3/FAKE/FaceSwap/BlendFace/id25_id28_0005.mp4,FaceSwap/BlendFace,id25,id28,0,2.527043104171753,-2.527043104171753,0.0,104.96992492675781,30.0,0.0,0.0,0.0,0.0,0.0,0.0
CelebDFv3,/root/Datasets/CelebDFv3/CelebDFv3/FAKE/FaceSwap/Celeb-DF-v2/id31_id20_0007.mp4,FaceSwap/Celeb-DF-v2,id31,id20,0,-1.7691471576690674,1.7691471576690674,0.0,273.9637145996094,30.0,0.0,0.0,0.0,0.0,0.0,0.0
CelebDFv3,/root/Datasets/CelebDFv3/CelebDFv3/FAKE/FaceSwap/GHOST/id23_id4_0004.mp4,FaceSwap/GHOST,id23,id4,0,-0.3560875356197357,0.3560875356197357,0.0,116.6910629272461,30.0,0.0,0.0,0.0,0.0,0.0,0.0
CelebDFv3,/root/Datasets/CelebDFv3/CelebDFv3/FAKE/FaceSwap/HifiFace/id51_id53_0008.mp4,FaceSwap/HifiFace,id51,id53,0,0.8135015964508057,-0.8135015964508057,0.0,117.55126953125,30.0,0.0,0.0,0.0,0.0,0.0,0.0
CelebDFv3,/root/Datasets/CelebDFv3/CelebDFv3/FAKE/FaceSwap/InSwapper/id31_id38_0000.mp4,FaceSwap/InSwapper,id31,id38,0,-4.104074954986572,4.104074954986572,0.0,148.70248413085938,30.0,0.0,0.0,0.0,0.0,0.0,0.0
CelebDFv3,/root/Datasets/CelebDFv3/CelebDFv3/FAKE/FaceSwap/MobileFaceSwap/id56_id49_0006.mp4,FaceSwap/MobileFaceSwap,id56,id49,0,-1.2659387588500977,1.2659387588500977,0.0,93.34098815917969,30.0,0.0,0.0,0.0,0.0,0.0,0.0
CelebDFv3,/root/Datasets/CelebDFv3/CelebDFv3/FAKE/FaceSwap/SimSwap/id22_id28_0005.mp4,FaceSwap/SimSwap,id22,id28,0,3.006265878677368,-3.006265878677368,0.0,182.88723754882812,30.0,0.0,0.0,0.0,0.0,0.0,0.0
CelebDFv3,/root/Datasets/CelebDFv3/CelebDFv3/FAKE/FaceSwap/UniFace/id31_id33_0009.mp4,FaceSwap/UniFace,id31,id33,0,0.5187526941299438,-0.5187526941299438,0.0,109.3459243774414,30.0,0.0,0.0,0.0,0.0,0.0,0.0
CelebDFv3,/root/Datasets/CelebDFv3/CelebDFv3/FAKE/TalkingFace/AniTalker/id26_0001_test_id03524_T8R_BWJi2KI.mp4,TalkingFace/AniTalker,id26,,0,6.333616256713867,-6.333616256713867,0.0,120.3135757446289,25.0,0.0,0.0,0.0,0.0,0.0,0.0
CelebDFv3,/root/Datasets/CelebDFv3/CelebDFv3/FAKE/TalkingFace/EDTalk/id11_0003_test_id07621_9YfVlYjHf9o.mp4,TalkingFace/EDTalk,id11,,0,1.3669935464859009,-1.3669935464859009,0.0,165.565185546875,25.0,0.0,0.0,0.0,0.0,0.0,0.0
CelebDFv3,/root/Datasets/CelebDFv3/CelebDFv3/FAKE/TalkingFace/EchoMimic/id26_0001_test_id01041_VUK1CbfpTRM.mp4,TalkingFace/EchoMimic,id26,,0,10.145553588867188,-10.145553588867188,0.0,130.8157196044922,24.0,0.0,0.0,0.0,0.0,0.0,0.0
CelebDFv3,/root/Datasets/CelebDFv3/CelebDFv3/FAKE/TalkingFace/FLOAT/id54_0000_test_id08374_8V4tFXw2UxY.mp4,TalkingFace/FLOAT,id54,,0,5.841753959655762,-5.841753959655762,0.0,118.85261535644531,25.0,0.0,0.0,0.0,0.0,0.0,0.0
CelebDFv3,/root/Datasets/CelebDFv3/CelebDFv3/FAKE/TalkingFace/IP_LAP/id59_0006_test_id08696_rszCIqLKMBQ.mp4,TalkingFace/IP_LAP,id59,,0,3.3138270378112793,-3.3138270378112793,0.0,103.98223876953125,25.0,0.0,0.0,0.0,0.0,0.0,0.0
CelebDFv3,/root/Datasets/CelebDFv3/CelebDFv3/FAKE/TalkingFace/Real3DPortrait/id25_0009_test_id06310_yv5n45E1Db0.mp4,TalkingFace/Real3DPortrait,id25,,0,-1.2999268770217896,1.2999268770217896,0.0,111.31769561767578,25.0,0.0,0.0,0.0,0.0,0.0,0.0
CelebDFv3,/root/Datasets/CelebDFv3/CelebDFv3/FAKE/TalkingFace/SadTalker/id22_0003_test_id02548_RoMUUfqkYF4.mp4,TalkingFace/SadTalker,id22,,0,1.7438044548034668,-1.7438044548034668,0.0,153.2815704345703,25.0,0.0,0.0,0.0,0.0,0.0,0.0
CelebDFv3,/root/Datasets/CelebDFv3/CelebDFv3/FAKE/FaceReenact/DaGAN/id31_id33_0001.mp4,FaceReenact/DaGAN,id31,id33,0,4.506557464599609,-4.506557464599609,0.0,116.66516876220703,30.0,0.0,0.0,0.0,0.0,0.0,0.0
CelebDFv3,/root/Datasets/CelebDFv3/CelebDFv3/FAKE/FaceReenact/FSRT/id26_id32_0001.mp4,FaceReenact/FSRT,id26,id32,0,-2.476431369781494,2.476431369781494,0.0,104.7046127319336,20.0,0.0,0.0,0.0,0.0,0.0,0.0
CelebDFv3,/root/Datasets/CelebDFv3/CelebDFv3/FAKE/FaceReenact/HyperReenact/id48_id47_0004.mp4,FaceReenact/HyperReenact,id48,id47,0,11.148756980895996,-11.148756980895996,0.0,134.44949340820312,25.0,0.0,0.0,0.0,0.0,0.0,0.0
CelebDFv3,/root/Datasets/CelebDFv3/CelebDFv3/FAKE/FaceReenact/LIA/id26_id34_0006.mp4,FaceReenact/LIA,id26,id34,0,3.6732633113861084,-3.6732633113861084,0.0,178.6094207763672,30.0,0.0,0.0,0.0,0.0,0.0,0.0
CelebDFv3,/root/Datasets/CelebDFv3/CelebDFv3/FAKE/FaceReenact/LivePortrait/id31_id37_0002.mp4,FaceReenact/LivePortrait,id31,id37,0,-3.090933084487915,3.090933084487915,0.0,149.15475463867188,30.0,0.0,0.0,0.0,0.0,0.0,0.0
CelebDFv3,/root/Datasets/CelebDFv3/CelebDFv3/FAKE/FaceReenact/MCNET/id48_id40_0001.mp4,FaceReenact/MCNET,id48,id40,0,2.187852621078491,-2.187852621078491,0.0,85.0917739868164,30.0,0.0,0.0,0.0,0.0,0.0,0.0
CelebDFv3,/root/Datasets/CelebDFv3/CelebDFv3/FAKE/FaceReenact/TPSMM/id23_id29_0006.mp4,FaceReenact/TPSMM,id23,id29,0,9.171058654785156,-9.171058654785156,0.0,98.62142181396484,30.0,0.0,0.0,0.0,0.0,0.0,0.0
CelebDFv3,/root/Datasets/CelebDFv3/CelebDFv3/FAKE/FaceSwap/BlendFace/id48_id46_0007.mp4,FaceSwap/BlendFace,id48,id46,0,8.652359247207642e-05,-8.652359247207642e-05,0.0,114.3532943725586,30.0,0.0,0.0,0.0,0.0,0.0,0.0
CelebDFv3,/root/Datasets/CelebDFv3/CelebDFv3/FAKE/FaceSwap/Celeb-DF-v2/id23_id2_0007.mp4,FaceSwap/Celeb-DF-v2,id23,id2,0,-9.996429443359375,9.996429443359375,0.0,192.13424682617188,30.0,0.0,0.0,0.0,0.0,0.0,0.0
CelebDFv3,/root/Datasets/CelebDFv3/CelebDFv3/FAKE/FaceSwap/GHOST/id8_id1_0003.mp4,FaceSwap/GHOST,id8,id1,0,-4.544404029846191,4.544404029846191,0.0,188.81260681152344,30.0,0.0,0.0,0.0,0.0,0.0,0.0
CelebDFv3,/root/Datasets/CelebDFv3/CelebDFv3/FAKE/FaceSwap/HifiFace/id56_id52_0008.mp4,FaceSwap/HifiFace,id56,id52,0,-1.5646467208862305,1.5646467208862305,0.0,121.43115234375,30.0,0.0,0.0,0.0,0.0,0.0,0.0
CelebDFv3,/root/Datasets/CelebDFv3/CelebDFv3/FAKE/FaceSwap/InSwapper/id31_id26_0006.mp4,FaceSwap/InSwapper,id31,id26,0,-7.323551177978516,7.323551177978516,0.0,208.37774658203125,30.0,0.0,0.0,0.0,0.0,0.0,0.0
CelebDFv3,/root/Datasets/CelebDFv3/CelebDFv3/FAKE/FaceSwap/MobileFaceSwap/id51_id53_0006.mp4,FaceSwap/MobileFaceSwap,id51,id53,0,-5.35145378112793,5.35145378112793,0.0,197.9790802001953,29.0,0.0,0.0,0.0,0.0,0.0,0.0
CelebDFv3,/root/Datasets/CelebDFv3/CelebDFv3/FAKE/FaceSwap/SimSwap/id48_id40_0007.mp4,FaceSwap/SimSwap,id48,id40,0,0.05636460334062576,-0.05636460334062576,0.0,114.3791732788086,30.0,0.0,0.0,0.0,0.0,0.0,0.0
CelebDFv3,/root/Datasets/CelebDFv3/CelebDFv3/FAKE/FaceSwap/UniFace/id26_id23_0002.mp4,FaceSwap/UniFace,id26,id23,0,-2.333758592605591,2.333758592605591,0.0,96.80984497070312,30.0,0.0,0.0,0.0,0.0,0.0,0.0
CelebDFv3,/root/Datasets/CelebDFv3/CelebDFv3/FAKE/TalkingFace/AniTalker/id51_0005_test_id04862_i6aGUMQW5jA.mp4,TalkingFace/AniTalker,id51,,0,2.3323140144348145,-2.3323140144348145,0.0,134.96067810058594,25.0,0.0,0.0,0.0,0.0,0.0,0.0
CelebDFv3,/root/Datasets/CelebDFv3/CelebDFv3/FAKE/TalkingFace/EDTalk/id59_0008_test_id06104_I5L50wxtK8Q.mp4,TalkingFace/EDTalk,id59,,0,7.308114528656006,-7.308114528656006,0.0,118.14041137695312,25.0,0.0,0.0,0.0,0.0,0.0,0.0
CelebDFv3,/root/Datasets/CelebDFv3/CelebDFv3/FAKE/TalkingFace/EchoMimic/id26_0000_test_id03862_KIZ12swYhdI.mp4,TalkingFace/EchoMimic,id26,,0,3.9001412391662598,-3.9001412391662598,0.0,119.50016784667969,24.0,0.0,0.0,0.0,0.0,0.0,0.0
CelebDFv3,/root/Datasets/CelebDFv3/CelebDFv3/FAKE/TalkingFace/FLOAT/id59_0007_test_id02317_5moKZXlJTEs.mp4,TalkingFace/FLOAT,id59,,0,3.459582805633545,-3.459582805633545,0.0,110.7635726928711,25.0,0.0,0.0,0.0,0.0,0.0,0.0
CelebDFv3,/root/Datasets/CelebDFv3/CelebDFv3/FAKE/TalkingFace/IP_LAP/id25_0001_test_id00866_4wuP1StGqIA.mp4,TalkingFace/IP_LAP,id25,,0,9.347175598144531,-9.347175598144531,0.0,115.3073959350586,25.0,0.0,0.0,0.0,0.0,0.0,0.0
CelebDFv3,/root/Datasets/CelebDFv3/CelebDFv3/FAKE/TalkingFace/Real3DPortrait/id51_0005_test_id04478_c0nsCu5jxLk.mp4,TalkingFace/Real3DPortrait,id51,,0,1.590167760848999,-1.590167760848999,0.0,134.23068237304688,25.0,0.0,0.0,0.0,0.0,0.0,0.0
CelebDFv3,/root/Datasets/CelebDFv3/CelebDFv3/FAKE/TalkingFace/SadTalker/id25_0009_test_id02465_mzyWUVgjQn0.mp4,TalkingFace/SadTalker,id25,,0,-0.21628952026367188,0.21628952026367188,0.0,114.4211654663086,25.0,0.0,0.0,0.0,0.0,0.0,0.0
CelebDFv3,/root/Datasets/CelebDFv3/CelebDFv3/FAKE/FaceReenact/DaGAN/id31_id30_0005.mp4,FaceReenact/DaGAN,id31,id30,0,1.7665408849716187,-1.7665408849716187,0.0,102.8050308227539,30.0,0.0,0.0,0.0,0.0,0.0,0.0
CelebDFv3,/root/Datasets/CelebDFv3/CelebDFv3/FAKE/FaceReenact/FSRT/id26_id2_0005.mp4,FaceReenact/FSRT,id26,id2,0,-2.5260748863220215,2.5260748863220215,0.0,179.01808166503906,20.0,0.0,0.0,0.0,0.0,0.0,0.0
CelebDFv3,/root/Datasets/CelebDFv3/CelebDFv3/FAKE/FaceReenact/HyperReenact/id26_id28_0004.mp4,FaceReenact/HyperReenact,id26,id28,0,8.260940551757812,-8.260940551757812,0.0,124.57086944580078,25.0,0.0,0.0,0.0,0.0,0.0,0.0
CelebDFv3,/root/Datasets/CelebDFv3/CelebDFv3/FAKE/FaceReenact/LIA/id23_id3_0002.mp4,FaceReenact/LIA,id23,id3,0,6.723212242126465,-6.723212242126465,0.0,104.36650085449219,30.0,0.0,0.0,0.0,0.0,0.0,0.0
CelebDFv3,/root/Datasets/CelebDFv3/CelebDFv3/FAKE/FaceReenact/LivePortrait/id59_id60_0007.mp4,FaceReenact/LivePortrait,id59,id60,0,1.7688261270523071,-1.7688261270523071,0.0,102.64331817626953,30.0,0.0,0.0,0.0,0.0,0.0,0.0
CelebDFv3,/root/Datasets/CelebDFv3/CelebDFv3/FAKE/FaceReenact/MCNET/id56_id55_0003.mp4,FaceReenact/MCNET,id56,id55,0,3.096346855163574,-3.096346855163574,0.0,91.2742919921875,30.0,0.0,0.0,0.0,0.0,0.0,0.0
CelebDFv3,/root/Datasets/CelebDFv3/CelebDFv3/FAKE/FaceReenact/TPSMM/id26_id33_0001.mp4,FaceReenact/TPSMM,id26,id33,0,1.255441427230835,-1.255441427230835,0.0,103.47714233398438,30.0,0.0,0.0,0.0,0.0,0.0,0.0
CelebDFv3,/root/Datasets/CelebDFv3/CelebDFv3/FAKE/FaceSwap/BlendFace/id48_id42_0001.mp4,FaceSwap/BlendFace,id48,id42,0,-1.6179527044296265,1.6179527044296265,0.0,106.30868530273438,30.0,0.0,0.0,0.0,0.0,0.0,0.0
CelebDFv3,/root/Datasets/CelebDFv3/CelebDFv3/FAKE/FaceSwap/Celeb-DF-v2/id23_id34_0002.mp4,FaceSwap/Celeb-DF-v2,id23,id34,0,2.6541948318481445,-2.6541948318481445,0.0,92.8925552368164,30.0,0.0,0.0,0.0,0.0,0.0,0.0
CelebDFv3,/root/Datasets/CelebDFv3/CelebDFv3/FAKE/FaceSwap/GHOST/id23_id22_0002.mp4,FaceSwap/GHOST,id23,id22,0,2.5185465812683105,-2.5185465812683105,0.0,92.75688934326172,30.0,0.0,0.0,0.0,0.0,0.0,0.0
CelebDFv3,/root/Datasets/CelebDFv3/CelebDFv3/FAKE/FaceSwap/HifiFace/id48_id47_0004.mp4,FaceSwap/HifiFace,id48,id47,0,3.5057897567749023,-3.5057897567749023,0.0,161.91607666015625,30.0,0.0,0.0,0.0,0.0,0.0,0.0
CelebDFv3,/root/Datasets/CelebDFv3/CelebDFv3/FAKE/FaceSwap/InSwapper/id22_id20_0002.mp4,FaceSwap/InSwapper,id22,id20,0,-2.7175369262695312,2.7175369262695312,0.0,96.48304748535156,30.0,0.0,0.0,0.0,0.0,0.0,0.0
CelebDFv3,/root/Datasets/CelebDFv3/CelebDFv3/FAKE/FaceSwap/MobileFaceSwap/id31_id16_0002.mp4,FaceSwap/MobileFaceSwap,id31,id16,0,-2.4641900062561035,2.4641900062561035,0.0,148.99586486816406,30.0,0.0,0.0,0.0,0.0,0.0,0.0
CelebDFv3,/root/Datasets/CelebDFv3/CelebDFv3/FAKE/FaceSwap/SimSwap/id26_id17_0000.mp4,FaceSwap/SimSwap,id26,id17,0,5.1844482421875,-5.1844482421875,0.0,131.88783264160156,30.0,0.0,0.0,0.0,0.0,0.0,0.0
CelebDFv3,/root/Datasets/CelebDFv3/CelebDFv3/FAKE/FaceSwap/UniFace/id51_id50_0008.mp4,FaceSwap/UniFace,id51,id50,0,0.760972261428833,-0.760972261428833,0.0,117.54068756103516,30.0,0.0,0.0,0.0,0.0,0.0,0.0
CelebDFv3,/root/Datasets/CelebDFv3/CelebDFv3/FAKE/TalkingFace/AniTalker/id25_0010_test_id08552_xOecUNBV_Q0.mp4,TalkingFace/AniTalker,id25,,0,-1.266440510749817,1.266440510749817,0.0,141.68389892578125,25.0,0.0,0.0,0.0,0.0,0.0,0.0
CelebDFv3,/root/Datasets/CelebDFv3/CelebDFv3/FAKE/TalkingFace/EDTalk/id59_0003_test_id01066_0n-7JunX4kg.mp4,TalkingFace/EDTalk,id59,,0,4.1829938888549805,-4.1829938888549805,0.0,198.8024139404297,25.0,0.0,0.0,0.0,0.0,0.0,0.0
CelebDFv3,/root/Datasets/CelebDFv3/CelebDFv3/FAKE/TalkingFace/EchoMimic/id48_0009_test_id01509_BOCzIO28WqA.mp4,TalkingFace/EchoMimic,id48,,0,6.889386177062988,-6.889386177062988,0.0,109.82453918457031,24.0,0.0,0.0,0.0,0.0,0.0,0.0
CelebDFv3,/root/Datasets/CelebDFv3/CelebDFv3/FAKE/TalkingFace/FLOAT/id51_0000_test_id07802_MtoFAMWjUxM.mp4,TalkingFace/FLOAT,id51,,0,6.1186747550964355,-6.1186747550964355,0.0,130.2948760986328,25.0,0.0,0.0,0.0,0.0,0.0,0.0
CelebDFv3,/root/Datasets/CelebDFv3/CelebDFv3/FAKE/TalkingFace/IP_LAP/id25_0002_test_id07620_fx5jKGlv9Ek.mp4,TalkingFace/IP_LAP,id25,,0,5.9688920974731445,-5.9688920974731445,0.0,81.94670104980469,25.0,0.0,0.0,0.0,0.0,0.0,0.0
CelebDFv3,/root/Datasets/CelebDFv3/CelebDFv3/FAKE/TalkingFace/Real3DPortrait/id31_0007_test_id03978_ywSqMWAhPPY.mp4,TalkingFace/Real3DPortrait,id31,,0,9.91601276397705,-9.91601276397705,0.0,188.87315368652344,25.0,0.0,0.0,0.0,0.0,0.0,0.0
CelebDFv3,/root/Datasets/CelebDFv3/CelebDFv3/FAKE/TalkingFace/SadTalker/id48_0003_test_id01228_wQ0cqLka-oQ.mp4,TalkingFace/SadTalker,id48,,0,11.506864547729492,-11.506864547729492,0.0,123.6211929321289,25.0,0.0,0.0,0.0,0.0,0.0,0.0
CelebDFv3,/root/Datasets/CelebDFv3/CelebDFv3/FAKE/FaceReenact/DaGAN/id51_id50_0008.mp4,FaceReenact/DaGAN,id51,id50,0,2.561401844024658,-2.561401844024658,0.0,93.94865417480469,30.0,0.0,0.0,0.0,0.0,0.0,0.0
CelebDFv3,/root/Datasets/CelebDFv3/CelebDFv3/FAKE/FaceReenact/FSRT/id26_id6_0002.mp4,FaceReenact/FSRT,id26,id6,0,3.696840763092041,-3.696840763092041,0.0,101.42230987548828,20.0,0.0,0.0,0.0,0.0,0.0,0.0
CelebDFv3,/root/Datasets/CelebDFv3/CelebDFv3/FAKE/FaceReenact/HyperReenact/id23_id28_0001.mp4,FaceReenact/HyperReenact,id23,id28,0,3.9710581302642822,-3.9710581302642822,0.0,114.65154266357422,25.0,0.0,0.0,0.0,0.0,0.0,0.0
CelebDFv3,/root/Datasets/CelebDFv3/CelebDFv3/FAKE/FaceReenact/LIA/id26_id30_0002.mp4,FaceReenact/LIA,id26,id30,0,1.6425225734710693,-1.6425225734710693,0.0,89.97273254394531,30.0,0.0,0.0,0.0,0.0,0.0,0.0
CelebDFv3,/root/Datasets/CelebDFv3/CelebDFv3/FAKE/FaceReenact/LivePortrait/id31_id4_0007.mp4,FaceReenact/LivePortrait,id31,id4,0,-0.9216434955596924,0.9216434955596924,0.0,282.4959716796875,30.0,0.0,0.0,0.0,0.0,0.0,0.0
CelebDFv3,/root/Datasets/CelebDFv3/CelebDFv3/FAKE/FaceReenact/MCNET/id56_id49_0003.mp4,FaceReenact/MCNET,id56,id49,0,-0.17975467443466187,0.17975467443466187,0.0,104.7480239868164,30.0,0.0,0.0,0.0,0.0,0.0,0.0
CelebDFv3,/root/Datasets/CelebDFv3/CelebDFv3/FAKE/FaceReenact/TPSMM/id48_id43_0001.mp4,FaceReenact/TPSMM,id48,id43,0,6.522051811218262,-6.522051811218262,0.0,98.92643737792969,30.0,0.0,0.0,0.0,0.0,0.0,0.0
CelebDFv3,/root/Datasets/CelebDFv3/CelebDFv3/FAKE/FaceSwap/BlendFace/id31_id35_0000.mp4,FaceSwap/BlendFace,id31,id35,0,-3.9137420654296875,3.9137420654296875,0.0,147.7556610107422,30.0,0.0,0.0,0.0,0.0,0.0,0.0
CelebDFv3,/root/Datasets/CelebDFv3/CelebDFv3/FAKE/FaceSwap/Celeb-DF-v2/id22_id24_0002.mp4,FaceSwap/Celeb-DF-v2,id22,id24,0,-2.648282051086426,2.648282051086426,0.0,95.15196228027344,30.0,0.0,0.0,0.0,0.0,0.0,0.0
CelebDFv3,/root/Datasets/CelebDFv3/CelebDFv3/FAKE/FaceSwap/GHOST/id54_id49_0008.mp4,FaceSwap/GHOST,id54,id49,0,-0.9826990365982056,0.9826990365982056,0.0,127.41482543945312,30.0,0.0,0.0,0.0,0.0,0.0,0.0
CelebDFv3,/root/Datasets/CelebDFv3/CelebDFv3/FAKE/FaceSwap/HifiFace/id23_id1_0003.mp4,FaceSwap/HifiFace,id23,id1,0,-3.0456247329711914,3.0456247329711914,0.0,114.66676330566406,30.0,0.0,0.0,0.0,0.0,0.0,0.0
CelebDFv3,/root/Datasets/CelebDFv3/CelebDFv3/FAKE/FaceSwap/InSwapper/id22_id23_0001.mp4,FaceSwap/InSwapper,id22,id23,0,-1.5301660299301147,1.5301660299301147,0.0,98.24140930175781,30.0,0.0,0.0,0.0,0.0,0.0,0.0
CelebDFv3,/root/Datasets/CelebDFv3/CelebDFv3/FAKE/FaceSwap/MobileFaceSwap/id26_id35_0002.mp4,FaceSwap/MobileFaceSwap,id26,id35,0,-2.7379658222198486,2.7379658222198486,0.0,96.4119873046875,30.0,0.0,0.0,0.0,0.0,0.0,0.0
CelebDFv3,/root/Datasets/CelebDFv3/CelebDFv3/FAKE/FaceSwap/SimSwap/id23_id17_0006.mp4,FaceSwap/SimSwap,id23,id17,0,-2.8802919387817383,2.8802919387817383,0.0,110.93656158447266,30.0,0.0,0.0,0.0,0.0,0.0,0.0
CelebDFv3,/root/Datasets/CelebDFv3/CelebDFv3/FAKE/FaceSwap/UniFace/id31_id37_0007.mp4,FaceSwap/UniFace,id31,id37,0,-1.3962321281433105,1.3962321281433105,0.0,271.95330810546875,30.0,0.0,0.0,0.0,0.0,0.0,0.0
CelebDFv3,/root/Datasets/CelebDFv3/CelebDFv3/FAKE/TalkingFace/AniTalker/id51_0002_test_id01593_tLFWX-IdAwI.mp4,TalkingFace/AniTalker,id51,,0,6.319295883178711,-6.319295883178711,0.0,117.25672149658203,25.0,0.0,0.0,0.0,0.0,0.0,0.0
CelebDFv3,/root/Datasets/CelebDFv3/CelebDFv3/FAKE/TalkingFace/EDTalk/id11_0006_test_id04030_UAQYdNL40Ug.mp4,TalkingFace/EDTalk,id11,,0,4.620480060577393,-4.620480060577393,0.0,101.19828796386719,25.0,0.0,0.0,0.0,0.0,0.0,0.0
CelebDFv3,/root/Datasets/CelebDFv3/CelebDFv3/FAKE/TalkingFace/EchoMimic/id26_0002_test_id03030_wcPmp1C6XeU.mp4,TalkingFace/EchoMimic,id26,,0,2.019965887069702,-2.019965887069702,0.0,101.47921752929688,24.0,0.0,0.0,0.0,0.0,0.0,0.0
CelebDFv3,/root/Datasets/CelebDFv3/CelebDFv3/FAKE/TalkingFace/FLOAT/id25_0003_test_id02576_5O2ih1vInAE.mp4,TalkingFace/FLOAT,id25,,0,9.237417221069336,-9.237417221069336,0.0,130.1044158935547,25.0,0.0,0.0,0.0,0.0,0.0,0.0
CelebDFv3,/root/Datasets/CelebDFv3/CelebDFv3/FAKE/TalkingFace/IP_LAP/id11_0008_test_id03030_jSaAmd-y53U.mp4,TalkingFace/IP_LAP,id11,,0,5.274106979370117,-5.274106979370117,0.0,93.77379608154297,25.0,0.0,0.0,0.0,0.0,0.0,0.0
CelebDFv3,/root/Datasets/CelebDFv3/CelebDFv3/FAKE/TalkingFace/Real3DPortrait/id31_0003_test_id01333_gujKn7v2CJg.mp4,TalkingFace/Real3DPortrait,id31,,0,-1.0061700344085693,1.0061700344085693,0.0,130.0360107421875,25.0,0.0,0.0,0.0,0.0,0.0,0.0
CelebDFv3,/root/Datasets/CelebDFv3/CelebDFv3/FAKE/TalkingFace/SadTalker/id59_0004_test_id05015_0SsJwWGC0c4.mp4,TalkingFace/SadTalker,id59,,0,-4.580754280090332,4.580754280090332,0.0,276.3753662109375,25.0,0.0,0.0,0.0,0.0,0.0,0.0
CelebDFv3,/root/Datasets/CelebDFv3/CelebDFv3/FAKE/FaceReenact/DaGAN/id48_id42_0001.mp4,FaceReenact/DaGAN,id48,id42,0,6.138567924499512,-6.138567924499512,0.0,100.26439666748047,30.0,0.0,0.0,0.0,0.0,0.0,0.0
CelebDFv3,/root/Datasets/CelebDFv3/CelebDFv3/FAKE/FaceReenact/FSRT/id26_id30_0002.mp4,FaceReenact/FSRT,id26,id30,0,2.266097068786621,-2.266097068786621,0.0,97.77281188964844,20.0,0.0,0.0,0.0,0.0,0.0,0.0
CelebDFv3,/root/Datasets/CelebDFv3/CelebDFv3/FAKE/FaceReenact/HyperReenact/id8_id5_0008.mp4,FaceReenact/HyperReenact,id8,id5,0,8.677459716796875,-8.677459716796875,0.0,115.16368865966797,25.0,0.0,0.0,0.0,0.0,0.0,0.0
CelebDFv3,/root/Datasets/CelebDFv3/CelebDFv3/FAKE/FaceReenact/LIA/id22_id23_0001.mp4,FaceReenact/LIA,id22,id23,0,6.152713775634766,-6.152713775634766,0.0,127.06462097167969,30.0,0.0,0.0,0.0,0.0,0.0,0.0
CelebDFv3,/root/Datasets/CelebDFv3/CelebDFv3/FAKE/FaceReenact/LivePortrait/id54_id53_0008.mp4,FaceReenact/LivePortrait,id54,id53,0,-0.5968778133392334,0.5968778133392334,0.0,125.34272766113281,30.0,0.0,0.0,0.0,0.0,0.0,0.0
CelebDFv3,/root/Datasets/CelebDFv3/CelebDFv3/FAKE/FaceReenact/MCNET/id48_id41_0006.mp4,FaceReenact/MCNET,id48,id41,0,2.628136157989502,-2.628136157989502,0.0,102.9555435180664,30.0,0.0,0.0,0.0,0.0,0.0,0.0
CelebDFv3,/root/Datasets/CelebDFv3/CelebDFv3/FAKE/FaceReenact/TPSMM/id31_id33_0000.mp4,FaceReenact/TPSMM,id31,id33,0,3.4267735481262207,-3.4267735481262207,0.0,105.26811218261719,30.0,0.0,0.0,0.0,0.0,0.0,0.0
CelebDFv3,/root/Datasets/CelebDFv3/CelebDFv3/FAKE/FaceSwap/BlendFace/id25_id21_0002.mp4,FaceSwap/BlendFace,id25,id21,0,-3.582231283187866,3.582231283187866,0.0,130.43954467773438,30.0,0.0,0.0,0.0,0.0,0.0,0.0
CelebDFv3,/root/Datasets/CelebDFv3/CelebDFv3/FAKE/FaceSwap/Celeb-DF-v2/id26_id22_0001.mp4,FaceSwap/Celeb-DF-v2,id26,id22,0,-6.060923099517822,6.060923099517822,0.0,290.3604431152344,30.0,0.0,0.0,0.0,0.0,0.0,0.0
CelebDFv3,/root/Datasets/CelebDFv3/CelebDFv3/FAKE/FaceSwap/GHOST/id25_id23_0000.mp4,FaceSwap/GHOST,id25,id23,0,1.5141489505767822,-1.5141489505767822,0.0,121.32987213134766,30.0,0.0,0.0,0.0,0.0,0.0,0.0
CelebDFv3,/root/Datasets/CelebDFv3/CelebDFv3/FAKE/FaceSwap/HifiFace/id51_id58_0000.mp4,FaceSwap/HifiFace,id51,id58,0,-10.066993713378906,10.066993713378906,0.0,233.5347137451172,30.0,0.0,0.0,0.0,0.0,0.0,0.0
CelebDFv3,/root/Datasets/CelebDFv3/CelebDFv3/FAKE/FaceSwap/InSwapper/id11_id7_0009.mp4,FaceSwap/InSwapper,id11,id7,0,-1.5286023616790771,1.5286023616790771,0.0,123.9356460571289,30.0,0.0,0.0,0.0,0.0,0.0,0.0
CelebDFv3,/root/Datasets/CelebDFv3/CelebDFv3/FAKE/FaceSwap/MobileFaceSwap/id56_id52_0009.mp4,FaceSwap/MobileFaceSwap,id56,id52,0,-2.085752248764038,2.085752248764038,0.0,150.4763641357422,30.0,0.0,0.0,0.0,0.0,0.0,0.0
CelebDFv3,/root/Datasets/CelebDFv3/CelebDFv3/FAKE/FaceSwap/SimSwap/id56_id49_0006.mp4,FaceSwap/SimSwap,id56,id49,0,-1.291334867477417,1.291334867477417,0.0,93.42872619628906,30.0,0.0,0.0,0.0,0.0,0.0,0.0
CelebDFv3,/root/Datasets/CelebDFv3/CelebDFv3/FAKE/FaceSwap/UniFace/id59_id60_0000.mp4,FaceSwap/UniFace,id59,id60,0,-0.6129485964775085,0.6129485964775085,0.0,92.17271423339844,30.0,0.0,0.0,0.0,0.0,0.0,0.0
CelebDFv3,/root/Datasets/CelebDFv3/CelebDFv3/FAKE/TalkingFace/AniTalker/id8_0008_test_id01000_xjC2r6OXgBo.mp4,TalkingFace/AniTalker,id8,,0,14.538652420043945,-14.538652420043945,0.0,128.7560272216797,25.0,0.0,0.0,0.0,0.0,0.0,0.0
CelebDFv3,/root/Datasets/CelebDFv3/CelebDFv3/FAKE/TalkingFace/EDTalk/id25_0002_test_id03524_cxnnKLQYemo.mp4,TalkingFace/EDTalk,id25,,0,8.50069808959961,-8.50069808959961,0.0,129.50836181640625,25.0,0.0,0.0,0.0,0.0,0.0,0.0
CelebDFv3,/root/Datasets/CelebDFv3/CelebDFv3/FAKE/TalkingFace/EchoMimic/id31_0002_test_id00562_9LAZqHI80BY.mp4,TalkingFace/EchoMimic,id31,,0,6.697393417358398,-6.697393417358398,0.0,114.86157989501953,24.0,0.0,0.0,0.0,0.0,0.0,0.0
CelebDFv3,/root/Datasets/CelebDFv3/CelebDFv3/FAKE/TalkingFace/FLOAT/id11_0001_test_id04478_skNa9nGYlDU.mp4,TalkingFace/FLOAT,id11,,0,9.054593086242676,-9.054593086242676,0.0,118.16730499267578,25.0,0.0,0.0,0.0,0.0,0.0,0.0
CelebDFv3,/root/Datasets/CelebDFv3/CelebDFv3/FAKE/TalkingFace/IP_LAP/id51_0005_test_id01509_I6T7sh7T2lU.mp4,TalkingFace/IP_LAP,id51,,0,-2.356821060180664,2.356821060180664,0.0,118.79420471191406,25.0,0.0,0.0,0.0,0.0,0.0,0.0
CelebDFv3,/root/Datasets/CelebDFv3/CelebDFv3/FAKE/TalkingFace/Real3DPortrait/id56_0000_test_id05015_k_TJD7DmraQ.mp4,TalkingFace/Real3DPortrait,id56,,0,5.2169084548950195,-5.2169084548950195,0.0,110.86656951904297,25.0,0.0,0.0,0.0,0.0,0.0,0.0
CelebDFv3,/root/Datasets/CelebDFv3/CelebDFv3/FAKE/TalkingFace/SadTalker/id51_0005_test_id04862_i6aGUMQW5jA.mp4,TalkingFace/SadTalker,id51,,0,2.1657862663269043,-2.1657862663269043,0.0,136.88540649414062,25.0,0.0,0.0,0.0,0.0,0.0,0.0
CelebDFv3,/root/Datasets/CelebDFv3/CelebDFv3/FAKE/FaceReenact/DaGAN/id23_id0_0007.mp4,FaceReenact/DaGAN,id23,id0,0,5.525272369384766,-5.525272369384766,0.0,97.65383911132812,30.0,0.0,0.0,0.0,0.0,0.0,0.0
CelebDFv3,/root/Datasets/CelebDFv3/CelebDFv3/FAKE/FaceReenact/FSRT/id25_id20_0003.mp4,FaceReenact/FSRT,id25,id20,0,5.087613105773926,-5.087613105773926,0.0,119.04557800292969,20.0,0.0,0.0,0.0,0.0,0.0,0.0
CelebDFv3,/root/Datasets/CelebDFv3/CelebDFv3/FAKE/FaceReenact/HyperReenact/id26_id29_0004.mp4,FaceReenact/HyperReenact,id26,id29,0,5.640715599060059,-5.640715599060059,0.0,114.50196838378906,25.0,0.0,0.0,0.0,0.0,0.0,0.0
CelebDFv3,/root/Datasets/CelebDFv3/CelebDFv3/FAKE/FaceReenact/LIA/id26_id3_0006.mp4,FaceReenact/LIA,id26,id3,0,4.517813682556152,-4.517813682556152,0.0,162.2979278564453,30.0,0.0,0.0,0.0,0.0,0.0,0.0
CelebDFv3,/root/Datasets/CelebDFv3/CelebDFv3/FAKE/FaceReenact/LivePortrait/id23_id16_0009.mp4,FaceReenact/LivePortrait,id23,id16,0,0.5368794202804565,-0.5368794202804565,0.0,140.21484375,30.0,0.0,0.0,0.0,0.0,0.0,0.0
CelebDFv3,/root/Datasets/CelebDFv3/CelebDFv3/FAKE/FaceReenact/MCNET/id23_id20_0002.mp4,FaceReenact/MCNET,id23,id20,0,0.9751502275466919,-0.9751502275466919,0.0,98.89341735839844,30.0,0.0,0.0,0.0,0.0,0.0,0.0
CelebDFv3,/root/Datasets/CelebDFv3/CelebDFv3/FAKE/FaceReenact/TPSMM/id26_id28_0004.mp4,FaceReenact/TPSMM,id26,id28,0,-1.1245520114898682,1.1245520114898682,0.0,136.5679473876953,30.0,0.0,0.0,0.0,0.0,0.0,0.0
CelebDFv3,/root/Datasets/CelebDFv3/CelebDFv3/FAKE/FaceSwap/BlendFace/id31_id6_0006.mp4,FaceSwap/BlendFace,id31,id6,0,-7.421973705291748,7.421973705291748,0.0,208.97372436523438,30.0,0.0,0.0,0.0,0.0,0.0,0.0
CelebDFv3,/root/Datasets/CelebDFv3/CelebDFv3/FAKE/FaceSwap/Celeb-DF-v2/id23_id30_0009.mp4,FaceSwap/Celeb-DF-v2,id23,id30,0,2.5301835536956787,-2.5301835536956787,0.0,141.45469665527344,30.0,0.0,0.0,0.0,0.0,0.0,0.0
CelebDFv3,/root/Datasets/CelebDFv3/CelebDFv3/FAKE/FaceSwap/GHOST/id54_id56_0008.mp4,FaceSwap/GHOST,id54,id56,0,-1.0449602603912354,1.0449602603912354,0.0,128.3387908935547,30.0,0.0,0.0,0.0,0.0,0.0,0.0
CelebDFv3,/root/Datasets/CelebDFv3/CelebDFv3/FAKE/FaceSwap/HifiFace/id31_id20_0008.mp4,FaceSwap/HifiFace,id31,id20,0,1.8191347122192383,-1.8191347122192383,0.0,119.9664306640625,30.0,0.0,0.0,0.0,0.0,0.0,0.0
CelebDFv3,/root/Datasets/CelebDFv3/CelebDFv3/FAKE/FaceSwap/InSwapper/id25_id22_0002.mp4,FaceSwap/InSwapper,id25,id22,0,-3.7355105876922607,3.7355105876922607,0.0,130.72344970703125,30.0,0.0,0.0,0.0,0.0,0.0,0.0
CelebDFv3,/root/Datasets/CelebDFv3/CelebDFv3/FAKE/FaceSwap/MobileFaceSwap/id56_id52_0008.mp4,FaceSwap/MobileFaceSwap,id56,id52,0,-1.3915271759033203,1.3915271759033203,0.0,120.71395111083984,30.0,0.0,0.0,0.0,0.0,0.0,0.0
CelebDFv3,/root/Datasets/CelebDFv3/CelebDFv3/FAKE/FaceSwap/SimSwap/id22_id27_0005.mp4,FaceSwap/SimSwap,id22,id27,0,3.021073818206787,-3.021073818206787,0.0,182.9232177734375,30.0,0.0,0.0,0.0,0.0,0.0,0.0
CelebDFv3,/root/Datasets/CelebDFv3/CelebDFv3/FAKE/FaceSwap/UniFace/id26_id37_0008.mp4,FaceSwap/UniFace,id26,id37,0,-0.06243588775396347,0.06243588775396347,0.0,102.65880584716797,30.0,0.0,0.0,0.0,0.0,0.0,0.0
CelebDFv3,/root/Datasets/CelebDFv3/CelebDFv3/FAKE/TalkingFace/AniTalker/id11_0008_test_id03030_jSaAmd-y53U.mp4,TalkingFace/AniTalker,id11,,0,9.226423263549805,-9.226423263549805,0.0,102.2755355834961,25.0,0.0,0.0,0.0,0.0,0.0,0.0
CelebDFv3,/root/Datasets/CelebDFv3/CelebDFv3/FAKE/TalkingFace/EDTalk/id25_0005_test_id06692_IwB3vu418E4.mp4,TalkingFace/EDTalk,id25,,0,10.456377029418945,-10.456377029418945,0.0,112.18875885009766,25.0,0.0,0.0,0.0,0.0,0.0,0.0
CelebDFv3,/root/Datasets/CelebDFv3/CelebDFv3/FAKE/TalkingFace/EchoMimic/id51_0007_test_id07663_Um4MKhndp_0.mp4,TalkingFace/EchoMimic,id51,,0,-1.0869070291519165,1.0869070291519165,0.0,114.06501770019531,24.0,0.0,0.0,0.0,0.0,0.0,0.0
CelebDFv3,/root/Datasets/CelebDFv3/CelebDFv3/FAKE/TalkingFace/FLOAT/id25_0010_test_id04862_4r-u7YAGLoA.mp4,TalkingFace/FLOAT,id25,,0,1.696556568145752,-1.696556568145752,0.0,132.8434600830078,25.0,0.0,0.0,0.0,0.0,0.0,0.0
CelebDFv3,/root/Datasets/CelebDFv3/CelebDFv3/FAKE/TalkingFace/IP_LAP/id31_0004_test_id04295_1fSjOItVYVg.mp4,TalkingFace/IP_LAP,id31,,0,4.025084972381592,-4.025084972381592,0.0,130.87892150878906,25.0,0.0,0.0,0.0,0.0,0.0,0.0
CelebDFv3,/root/Datasets/CelebDFv3/CelebDFv3/FAKE/TalkingFace/Real3DPortrait/id31_0001_test_id04862_Y0Gt6M5g3UM.mp4,TalkingFace/Real3DPortrait,id31,,0,6.392598628997803,-6.392598628997803,0.0,131.67344665527344,25.0,0.0,0.0,0.0,0.0,0.0,0.0
CelebDFv3,/root/Datasets/CelebDFv3/CelebDFv3/FAKE/TalkingFace/SadTalker/id25_0000_test_id06209_6oI-FJQS9V0.mp4,TalkingFace/SadTalker,id25,,0,5.283638000488281,-5.283638000488281,0.0,140.83660888671875,25.0,0.0,0.0,0.0,0.0,0.0,0.0
CelebDFv3,/root/Datasets/CelebDFv3/CelebDFv3/FAKE/FaceReenact/DaGAN/id48_id46_0007.mp4,FaceReenact/DaGAN,id48,id46,0,1.2935984134674072,-1.2935984134674072,0.0,101.6076889038086,30.0,0.0,0.0,0.0,0.0,0.0,0.0
CelebDFv3,/root/Datasets/CelebDFv3/CelebDFv3/FAKE/FaceReenact/FSRT/id31_id16_0007.mp4,FaceReenact/FSRT,id31,id16,0,8.31173324584961,-8.31173324584961,0.0,186.72998046875,20.0,0.0,0.0,0.0,0.0,0.0,0.0
CelebDFv3,/root/Datasets/CelebDFv3/CelebDFv3/FAKE/FaceReenact/HyperReenact/id23_id4_0009.mp4,FaceReenact/HyperReenact,id23,id4,0,7.2382330894470215,-7.2382330894470215,0.0,127.07115173339844,25.0,0.0,0.0,0.0,0.0,0.0,0.0
CelebDFv3,/root/Datasets/CelebDFv3/CelebDFv3/FAKE/FaceReenact/LIA/id31_id21_0005.mp4,FaceReenact/LIA,id31,id21,0,-1.3710758686065674,1.3710758686065674,0.0,114.39730834960938,30.0,0.0,0.0,0.0,0.0,0.0,0.0
CelebDFv3,/root/Datasets/CelebDFv3/CelebDFv3/FAKE/FaceReenact/LivePortrait/id23_id29_0002.mp4,FaceReenact/LivePortrait,id23,id29,0,6.551846504211426,-6.551846504211426,0.0,105.62861633300781,30.0,0.0,0.0,0.0,0.0,0.0,0.0
CelebDFv3,/root/Datasets/CelebDFv3/CelebDFv3/FAKE/FaceReenact/MCNET/id23_id2_0007.mp4,FaceReenact/MCNET,id23,id2,0,5.29421329498291,-5.29421329498291,0.0,106.08922576904297,30.0,0.0,0.0,0.0,0.0,0.0,0.0
CelebDFv3,/root/Datasets/CelebDFv3/CelebDFv3/FAKE/FaceReenact/TPSMM/id54_id55_0006.mp4,FaceReenact/TPSMM,id54,id55,0,6.890663146972656,-6.890663146972656,0.0,136.41932678222656,30.0,0.0,0.0,0.0,0.0,0.0,0.0
CelebDFv3,/root/Datasets/CelebDFv3/CelebDFv3/FAKE/FaceSwap/BlendFace/id23_id29_0007.mp4,FaceSwap/BlendFace,id23,id29,0,-9.83951187133789,9.83951187133789,0.0,191.97091674804688,30.0,0.0,0.0,0.0,0.0,0.0,0.0
CelebDFv3,/root/Datasets/CelebDFv3/CelebDFv3/FAKE/FaceSwap/Celeb-DF-v2/id26_id16_0001.mp4,FaceSwap/Celeb-DF-v2,id26,id16,0,-5.955602645874023,5.955602645874023,0.0,291.0874938964844,30.0,0.0,0.0,0.0,0.0,0.0,0.0
CelebDFv3,/root/Datasets/CelebDFv3/CelebDFv3/FAKE/FaceSwap/GHOST/id31_id3_0005.mp4,FaceSwap/GHOST,id31,id3,0,-4.896396636962891,4.896396636962891,0.0,107.73269653320312,30.0,0.0,0.0,0.0,0.0,0.0,0.0
CelebDFv3,/root/Datasets/CelebDFv3/CelebDFv3/FAKE/FaceSwap/HifiFace/id23_id0_0006.mp4,FaceSwap/HifiFace,id23,id0,0,-3.006605386734009,3.006605386734009,0.0,111.40841674804688,30.0,0.0,0.0,0.0,0.0,0.0,0.0
CelebDFv3,/root/Datasets/CelebDFv3/CelebDFv3/FAKE/FaceSwap/InSwapper/id26_id0_0001.mp4,FaceSwap/InSwapper,id26,id0,0,-5.743793487548828,5.743793487548828,0.0,287.15460205078125,30.0,0.0,0.0,0.0,0.0,0.0,0.0
CelebDFv3,/root/Datasets/CelebDFv3/CelebDFv3/FAKE/FaceSwap/MobileFaceSwap/id26_id25_0004.mp4,FaceSwap/MobileFaceSwap,id26,id25,0,-0.6975423693656921,0.6975423693656921,0.0,134.39602661132812,30.0,0.0,0.0,0.0,0.0,0.0,0.0
CelebDFv3,/root/Datasets/CelebDFv3/CelebDFv3/FAKE/FaceSwap/SimSwap/id31_id37_0002.mp4,FaceSwap/SimSwap,id31,id37,0,-2.297362804412842,2.297362804412842,0.0,149.59036254882812,30.0,0.0,0.0,0.0,0.0,0.0,0.0
CelebDFv3,/root/Datasets/CelebDFv3/CelebDFv3/FAKE/FaceSwap/UniFace/id48_id44_0000.mp4,FaceSwap/UniFace,id48,id44,0,2.068753480911255,-2.068753480911255,0.0,377.3211975097656,30.0,0.0,0.0,0.0,0.0,0.0,0.0
CelebDFv3,/root/Datasets/CelebDFv3/CelebDFv3/FAKE/TalkingFace/AniTalker/id48_0003_test_id02542_gMKSu2wZpAA.mp4,TalkingFace/AniTalker,id48,,0,8.724588394165039,-8.724588394165039,0.0,121.06771850585938,25.0,0.0,0.0,0.0,0.0,0.0,0.0
CelebDFv3,/root/Datasets/CelebDFv3/CelebDFv3/FAKE/TalkingFace/EDTalk/id31_0003_test_id02542_cwgUjse_REU.mp4,TalkingFace/EDTalk,id31,,0,7.165928840637207,-7.165928840637207,0.0,135.73521423339844,25.0,0.0,0.0,0.0,0.0,0.0,0.0
CelebDFv3,/root/Datasets/CelebDFv3/CelebDFv3/FAKE/TalkingFace/EchoMimic/id54_0007_test_id05055_HU7kokWzb4M.mp4,TalkingFace/EchoMimic,id54,,0,6.6194353103637695,-6.6194353103637695,0.0,119.68223571777344,24.0,0.0,0.0,0.0,0.0,0.0,0.0
CelebDFv3,/root/Datasets/CelebDFv3/CelebDFv3/FAKE/TalkingFace/FLOAT/id51_0000_test_id03862__FGtg4jkcME.mp4,TalkingFace/FLOAT,id51,,0,5.458230972290039,-5.458230972290039,0.0,130.30665588378906,25.0,0.0,0.0,0.0,0.0,0.0,0.0
CelebDFv3,/root/Datasets/CelebDFv3/CelebDFv3/FAKE/TalkingFace/IP_LAP/id8_0003_test_id00081_jO5DSKhhcqQ.mp4,TalkingFace/IP_LAP,id8,,0,4.161024570465088,-4.161024570465088,0.0,107.5315170288086,25.0,0.0,0.0,0.0,0.0,0.0,0.0
CelebDFv3,/root/Datasets/CelebDFv3/CelebDFv3/FAKE/TalkingFace/Real3DPortrait/id54_0003_test_id02317_B_Tih3Eph2k.mp4,TalkingFace/Real3DPortrait,id54,,0,3.070988893508911,-3.070988893508911,0.0,153.8753204345703,25.0,0.0,0.0,0.0,0.0,0.0,0.0
CelebDFv3,/root/Datasets/CelebDFv3/CelebDFv3/FAKE/TalkingFace/SadTalker/id59_0008_test_id08552_oBMdypJLT0M.mp4,TalkingFace/SadTalker,id59,,0,4.118876934051514,-4.118876934051514,0.0,124.85765838623047,25.0,0.0,0.0,0.0,0.0,0.0,0.0
CelebDFv3,/root/Datasets/CelebDFv3/CelebDFv3/FAKE/FaceReenact/DaGAN/id23_id24_0002.mp4,FaceReenact/DaGAN,id23,id24,0,6.965553283691406,-6.965553283691406,0.0,104.208251953125,30.0,0.0,0.0,0.0,0.0,0.0,0.0
CelebDFv3,/root/Datasets/CelebDFv3/CelebDFv3/FAKE/FaceReenact/FSRT/id26_id29_0008.mp4,FaceReenact/FSRT,id26,id29,0,3.026463031768799,-3.026463031768799,0.0,114.20359802246094,20.0,0.0,0.0,0.0,0.0,0.0,0.0
CelebDFv3,/root/Datasets/CelebDFv3/CelebDFv3/FAKE/FaceReenact/HyperReenact/id54_id55_0006.mp4,FaceReenact/HyperReenact,id54,id55,0,5.784736633300781,-5.784736633300781,0.0,133.93344116210938,25.0,0.0,0.0,0.0,0.0,0.0,0.0
CelebDFv3,/root/Datasets/CelebDFv3/CelebDFv3/FAKE/FaceReenact/LIA/id31_id29_0002.mp4,FaceReenact/LIA,id31,id29,0,2.7579052448272705,-2.7579052448272705,0.0,117.87129974365234,30.0,0.0,0.0,0.0,0.0,0.0,0.0
CelebDFv3,/root/Datasets/CelebDFv3/CelebDFv3/FAKE/FaceReenact/LivePortrait/id26_id33_0001.mp4,FaceReenact/LivePortrait,id26,id33,0,-8.4212646484375,8.4212646484375,0.0,295.2727355957031,30.0,0.0,0.0,0.0,0.0,0.0,0.0
CelebDFv3,/root/Datasets/CelebDFv3/CelebDFv3/FAKE/FaceReenact/MCNET/id23_id16_0007.mp4,FaceReenact/MCNET,id23,id16,0,7.3867950439453125,-7.3867950439453125,0.0,117.2162094116211,30.0,0.0,0.0,0.0,0.0,0.0,0.0
CelebDFv3,/root/Datasets/CelebDFv3/CelebDFv3/FAKE/FaceReenact/TPSMM/id56_id57_0008.mp4,FaceReenact/TPSMM,id56,id57,0,3.367875099182129,-3.367875099182129,0.0,101.91680145263672,29.829999923706055,0.0,0.0,0.0,0.0,0.0,0.0
CelebDFv3,/root/Datasets/CelebDFv3/CelebDFv3/FAKE/FaceSwap/BlendFace/id26_id6_0006.mp4,FaceSwap/BlendFace,id26,id6,0,12.698966979980469,-12.698966979980469,0.0,182.25196838378906,30.0,0.0,0.0,0.0,0.0,0.0,0.0
CelebDFv3,/root/Datasets/CelebDFv3/CelebDFv3/FAKE/FaceSwap/Celeb-DF-v2/id8_id1_0002.mp4,FaceSwap/Celeb-DF-v2,id8,id1,0,-1.0984828472137451,1.0984828472137451,0.0,158.5645751953125,30.0,0.0,0.0,0.0,0.0,0.0,0.0
CelebDFv3,/root/Datasets/CelebDFv3/CelebDFv3/FAKE/FaceSwap/GHOST/id26_id37_0003.mp4,FaceSwap/GHOST,id26,id37,0,-7.7874226570129395,7.7874226570129395,0.0,381.83343505859375,30.0,0.0,0.0,0.0,0.0,0.0,0.0
CelebDFv3,/root/Datasets/CelebDFv3/CelebDFv3/FAKE/FaceSwap/HifiFace/id23_id31_0007.mp4,FaceSwap/HifiFace,id23,id31,0,-9.952122688293457,9.952122688293457,0.0,192.4082794189453,30.0,0.0,0.0,0.0,0.0,0.0,0.0
CelebDFv3,/root/Datasets/CelebDFv3/CelebDFv3/FAKE/FaceSwap/InSwapper/id23_id30_0001.mp4,FaceSwap/InSwapper,id23,id30,0,4.931020736694336,-4.931020736694336,0.0,121.62153625488281,30.0,0.0,0.0,0.0,0.0,0.0,0.0
CelebDFv3,/root/Datasets/CelebDFv3/CelebDFv3/FAKE/FaceSwap/MobileFaceSwap/id31_id29_0007.mp4,FaceSwap/MobileFaceSwap,id31,id29,0,-1.8763298988342285,1.8763298988342285,0.0,271.4468078613281,30.0,0.0,0.0,0.0,0.0,0.0,0.0
CelebDFv3,/root/Datasets/CelebDFv3/CelebDFv3/FAKE/FaceSwap/SimSwap/id31_id9_0005.mp4,FaceSwap/SimSwap,id31,id9,0,-4.692726135253906,4.692726135253906,0.0,107.8934097290039,30.0,0.0,0.0,0.0,0.0,0.0,0.0
CelebDFv3,/root/Datasets/CelebDFv3/CelebDFv3/FAKE/FaceSwap/UniFace/id56_id53_0006.mp4,FaceSwap/UniFace,id56,id53,0,-1.3168249130249023,1.3168249130249023,0.0,93.27462005615234,30.0,0.0,0.0,0.0,0.0,0.0,0.0
CelebDFv3,/root/Datasets/CelebDFv3/CelebDFv3/FAKE/TalkingFace/AniTalker/id23_0003_test_id02086_BPA1JbriSlg.mp4,TalkingFace/AniTalker,id23,,0,3.603992223739624,-3.603992223739624,0.0,112.2472152709961,25.0,0.0,0.0,0.0,0.0,0.0,0.0
CelebDFv3,/root/Datasets/CelebDFv3/CelebDFv3/FAKE/TalkingFace/EDTalk/id56_0000_test_id04862_oKjLVc6gbbo.mp4,TalkingFace/EDTalk,id56,,0,6.831900596618652,-6.831900596618652,0.0,121.5878677368164,25.0,0.0,0.0,0.0,0.0,0.0,0.0
CelebDFv3,/root/Datasets/CelebDFv3/CelebDFv3/FAKE/TalkingFace/EchoMimic/id51_0009_test_id01106_q01vvmTSJ9I.mp4,TalkingFace/EchoMimic,id51,,0,3.24599552154541,-3.24599552154541,0.0,110.82523345947266,24.0,0.0,0.0,0.0,0.0,0.0,0.0
CelebDFv3,/root/Datasets/CelebDFv3/CelebDFv3/FAKE/TalkingFace/FLOAT/id8_0000_test_id04295_GLhfd-vlEOM.mp4,TalkingFace/FLOAT,id8,,0,-1.1469818353652954,1.1469818353652954,0.0,285.2893371582031,25.0,0.0,0.0,0.0,0.0,0.0,0.0
CelebDFv3,/root/Datasets/CelebDFv3/CelebDFv3/FAKE/TalkingFace/IP_LAP/id51_0000_test_id05124_69HB1cXEoac.mp4,TalkingFace/IP_LAP,id51,,0,1.7708377838134766,-1.7708377838134766,0.0,115.75239562988281,25.0,0.0,0.0,0.0,0.0,0.0,0.0
CelebDFv3,/root/Datasets/CelebDFv3/CelebDFv3/FAKE/TalkingFace/Real3DPortrait/id23_0004_test_id02181_O4CvSRCA9Ro.mp4,TalkingFace/Real3DPortrait,id23,,0,3.0785794258117676,-3.0785794258117676,0.0,128.63580322265625,25.0,0.0,0.0,0.0,0.0,0.0,0.0
CelebDFv3,/root/Datasets/CelebDFv3/CelebDFv3/FAKE/TalkingFace/SadTalker/id11_0009_test_id00817_GAs8WnyFKJM.mp4,TalkingFace/SadTalker,id11,,0,1.6027485132217407,-1.6027485132217407,0.0,99.3301010131836,25.0,0.0,0.0,0.0,0.0,0.0,0.0
CelebDFv3,/root/Datasets/CelebDFv3/CelebDFv3/FAKE/FaceReenact/DaGAN/id56_id52_0008.mp4,FaceReenact/DaGAN,id56,id52,0,6.019329071044922,-6.019329071044922,0.0,105.09872436523438,30.0,0.0,0.0,0.0,0.0,0.0,0.0
CelebDFv3,/root/Datasets/CelebDFv3/CelebDFv3/FAKE/FaceReenact/FSRT/id26_id28_0003.mp4,FaceReenact/FSRT,id26,id28,0,3.758575916290283,-3.758575916290283,0.0,300.2546691894531,20.0,0.0,0.0,0.0,0.0,0.0,0.0
CelebDFv3,/root/Datasets/CelebDFv3/CelebDFv3/FAKE/FaceReenact/HyperReenact/id31_id38_0000.mp4,FaceReenact/HyperReenact,id31,id38,0,5.974006652832031,-5.974006652832031,0.0,109.70174407958984,25.0,0.0,0.0,0.0,0.0,0.0,0.0
CelebDFv3,/root/Datasets/CelebDFv3/CelebDFv3/FAKE/FaceReenact/LIA/id23_id28_0000.mp4,FaceReenact/LIA,id23,id28,0,-1.4987766742706299,1.4987766742706299,0.0,91.48599243164062,30.0,0.0,0.0,0.0,0.0,0.0,0.0
CelebDFv3,/root/Datasets/CelebDFv3/CelebDFv3/FAKE/FaceReenact/LivePortrait/id31_id38_0009.mp4,FaceReenact/LivePortrait,id31,id38,0,0.01643526554107666,-0.01643526554107666,0.0,112.86863708496094,30.0,0.0,0.0,0.0,0.0,0.0,0.0
CelebDFv3,/root/Datasets/CelebDFv3/CelebDFv3/FAKE/FaceReenact/MCNET/id48_id40_0009.mp4,FaceReenact/MCNET,id48,id40,0,4.330019474029541,-4.330019474029541,0.0,99.2646255493164,30.0,0.0,0.0,0.0,0.0,0.0,0.0
CelebDFv3,/root/Datasets/CelebDFv3/CelebDFv3/FAKE/FaceReenact/TPSMM/id56_id52_0009.mp4,FaceReenact/TPSMM,id56,id52,0,2.925861358642578,-2.925861358642578,0.0,153.32723999023438,30.0,0.0,0.0,0.0,0.0,0.0,0.0
CelebDFv3,/root/Datasets/CelebDFv3/CelebDFv3/FAKE/FaceSwap/BlendFace/id23_id29_0001.mp4,FaceSwap/BlendFace,id23,id29,0,5.133542060852051,-5.133542060852051,0.0,121.4981460571289,30.0,0.0,0.0,0.0,0.0,0.0,0.0
CelebDFv3,/root/Datasets/CelebDFv3/CelebDFv3/FAKE/FaceSwap/Celeb-DF-v2/id31_id38_0005.mp4,FaceSwap/Celeb-DF-v2,id31,id38,0,-4.722529888153076,4.722529888153076,0.0,106.67528533935547,30.0,0.0,0.0,0.0,0.0,0.0,0.0
CelebDFv3,/root/Datasets/CelebDFv3/CelebDFv3/FAKE/FaceSwap/GHOST/id31_id20_0003.mp4,FaceSwap/GHOST,id31,id20,0,2.900722026824951,-2.900722026824951,0.0,178.2362823486328,30.0,0.0,0.0,0.0,0.0,0.0,0.0
CelebDFv3,/root/Datasets/CelebDFv3/CelebDFv3/FAKE/FaceSwap/HifiFace/id31_id35_0000.mp4,FaceSwap/HifiFace,id31,id35,0,-4.112405776977539,4.112405776977539,0.0,148.79034423828125,30.0,0.0,0.0,0.0,0.0,0.0,0.0
CelebDFv3,/root/Datasets/CelebDFv3/CelebDFv3/FAKE/FaceSwap/InSwapper/id31_id9_0002.mp4,FaceSwap/InSwapper,id31,id9,0,-2.5160703659057617,2.5160703659057617,0.0,148.36802673339844,30.0,0.0,0.0,0.0,0.0,0.0,0.0
CelebDFv3,/root/Datasets/CelebDFv3/CelebDFv3/FAKE/FaceSwap/MobileFaceSwap/id23_id27_0007.mp4,FaceSwap/MobileFaceSwap,id23,id27,0,-9.525009155273438,9.525009155273438,0.0,193.0331268310547,30.0,0.0,0.0,0.0,0.0,0.0,0.0
CelebDFv3,/root/Datasets/CelebDFv3/CelebDFv3/FAKE/FaceSwap/SimSwap/id26_id37_0000.mp4,FaceSwap/SimSwap,id26,id37,0,5.491718292236328,-5.491718292236328,0.0,132.19384765625,30.0,0.0,0.0,0.0,0.0,0.0,0.0
CelebDFv3,/root/Datasets/CelebDFv3/CelebDFv3/FAKE/FaceSwap/UniFace/id48_id42_0004.mp4,FaceSwap/UniFace,id48,id42,0,3.4157326221466064,-3.4157326221466064,0.0,161.91336059570312,30.0,0.0,0.0,0.0,0.0,0.0,0.0
CelebDFv3,/root/Datasets/CelebDFv3/CelebDFv3/FAKE/TalkingFace/AniTalker/id25_0007_test_id00812_uCF5yBvYa9k.mp4,TalkingFace/AniTalker,id25,,0,8.35711669921875,-8.35711669921875,0.0,130.90066528320312,25.0,0.0,0.0,0.0,0.0,0.0,0.0
CelebDFv3,/root/Datasets/CelebDFv3/CelebDFv3/FAKE/TalkingFace/EDTalk/id31_0004_test_id03524_nP1pWlXGexc.mp4,TalkingFace/EDTalk,id31,,0,10.596488952636719,-10.596488952636719,0.0,166.33258056640625,25.0,0.0,0.0,0.0,0.0,0.0,0.0
CelebDFv3,/root/Datasets/CelebDFv3/CelebDFv3/FAKE/TalkingFace/EchoMimic/id22_0005_test_id05714_wFGNufaMbDY.mp4,TalkingFace/EchoMimic,id22,,0,10.67774486541748,-10.67774486541748,0.0,125.32701873779297,24.0,0.0,0.0,0.0,0.0,0.0,0.0
CelebDFv3,/root/Datasets/CelebDFv3/CelebDFv3/FAKE/TalkingFace/FLOAT/id59_0002_test_id04232_lcNvUKfW9tY.mp4,TalkingFace/FLOAT,id59,,0,5.073037624359131,-5.073037624359131,0.0,180.95301818847656,25.0,0.0,0.0,0.0,0.0,0.0,0.0
CelebDFv3,/root/Datasets/CelebDFv3/CelebDFv3/FAKE/TalkingFace/IP_LAP/id25_0000_test_id02286_cp_LOv6mdJA.mp4,TalkingFace/IP_LAP,id25,,0,3.53938364982605,-3.53938364982605,0.0,123.44577026367188,25.0,0.0,0.0,0.0,0.0,0.0,0.0
CelebDFv3,/root/Datasets/CelebDFv3/CelebDFv3/FAKE/TalkingFace/Real3DPortrait/id48_0006_test_id01298_tAQVEmDyrPs.mp4,TalkingFace/Real3DPortrait,id48,,0,1.5989294052124023,-1.5989294052124023,0.0,111.45345306396484,25.0,0.0,0.0,0.0,0.0,0.0,0.0
CelebDFv3,/root/Datasets/CelebDFv3/CelebDFv3/FAKE/TalkingFace/SadTalker/id8_0007_test_id00419_DkYa8HiTgJs.mp4,TalkingFace/SadTalker,id8,,0,8.100508689880371,-8.100508689880371,0.0,115.140380859375,25.0,0.0,0.0,0.0,0.0,0.0,0.0
CelebDFv3,/root/Datasets/CelebDFv3/CelebDFv3/FAKE/FaceReenact/DaGAN/id11_id7_0009.mp4,FaceReenact/DaGAN,id11,id7,0,2.236400604248047,-2.236400604248047,0.0,86.58482360839844,30.0,0.0,0.0,0.0,0.0,0.0,0.0
CelebDFv3,/root/Datasets/CelebDFv3/CelebDFv3/FAKE/FaceReenact/FSRT/id26_id37_0001.mp4,FaceReenact/FSRT,id26,id37,0,2.3280980587005615,-2.3280980587005615,0.0,106.08880615234375,20.0,0.0,0.0,0.0,0.0,0.0,0.0
CelebDFv3,/root/Datasets/CelebDFv3/CelebDFv3/FAKE/FaceReenact/HyperReenact/id23_id19_0009.mp4,FaceReenact/HyperReenact,id23,id19,0,8.252521514892578,-8.252521514892578,0.0,115.8976821899414,25.0,0.0,0.0,0.0,0.0,0.0,0.0
CelebDFv3,/root/Datasets/CelebDFv3/CelebDFv3/FAKE/FaceReenact/LIA/id54_id49_0008.mp4,FaceReenact/LIA,id54,id49,0,0.9766166806221008,-0.9766166806221008,0.0,119.86692810058594,30.0,0.0,0.0,0.0,0.0,0.0,0.0
CelebDFv3,/root/Datasets/CelebDFv3/CelebDFv3/FAKE/FaceReenact/LivePortrait/id56_id49_0003.mp4,FaceReenact/LivePortrait,id56,id49,0,4.2051897048950195,-4.2051897048950195,0.0,331.6335144042969,30.0,0.0,0.0,0.0,0.0,0.0,0.0
CelebDFv3,/root/Datasets/CelebDFv3/CelebDFv3/FAKE/FaceReenact/MCNET/id51_id50_0008.mp4,FaceReenact/MCNET,id51,id50,0,2.6982693672180176,-2.6982693672180176,0.0,94.9559097290039,30.0,0.0,0.0,0.0,0.0,0.0,0.0
CelebDFv3,/root/Datasets/CelebDFv3/CelebDFv3/FAKE/FaceReenact/TPSMM/id23_id0_0008.mp4,FaceReenact/TPSMM,id23,id0,0,0.8239800333976746,-0.8239800333976746,0.0,97.24787902832031,30.0,0.0,0.0,0.0,0.0,0.0,0.0
CelebDFv3,/root/Datasets/CelebDFv3/CelebDFv3/FAKE/FaceSwap/BlendFace/id23_id34_0009.mp4,FaceSwap/BlendFace,id23,id34,0,1.9786523580551147,-1.9786523580551147,0.0,140.47589111328125,30.0,0.0,0.0,0.0,0.0,0.0,0.0
CelebDFv3,/root/Datasets/CelebDFv3/CelebDFv3/FAKE/FaceSwap/Celeb-DF-v2/id26_id22_0000.mp4,FaceSwap/Celeb-DF-v2,id26,id22,0,5.578649520874023,-5.578649520874023,0.0,132.92803955078125,30.0,0.0,0.0,0.0,0.0,0.0,0.0
CelebDFv3,/root/Datasets/CelebDFv3/CelebDFv3/FAKE/FaceSwap/GHOST/id51_id55_0006.mp4,FaceSwap/GHOST,id51,id55,0,-5.78002405166626,5.78002405166626,0.0,201.34823608398438,29.900009155273438,0.0,0.0,0.0,0.0,0.0,0.0
CelebDFv3,/root/Datasets/CelebDFv3/CelebDFv3/FAKE/FaceSwap/HifiFace/id26_id25_0003.mp4,FaceSwap/HifiFace,id26,id25,0,-7.702694892883301,7.702694892883301,0.0,382.1781311035156,30.0,0.0,0.0,0.0,0.0,0.0,0.0
CelebDFv3,/root/Datasets/CelebDFv3/CelebDFv3/FAKE/FaceSwap/InSwapper/id22_id28_0009.mp4,FaceSwap/InSwapper,id22,id28,0,-14.228431701660156,14.228431701660156,0.0,204.0505828857422,30.0,0.0,0.0,0.0,0.0,0.0,0.0
CelebDFv3,/root/Datasets/CelebDFv3/CelebDFv3/FAKE/FaceSwap/MobileFaceSwap/id23_id9_0006.mp4,FaceSwap/MobileFaceSwap,id23,id9,0,-3.0477983951568604,3.0477983951568604,0.0,112.47472381591797,30.0,0.0,0.0,0.0,0.0,0.0,0.0
CelebDFv3,/root/Datasets/CelebDFv3/CelebDFv3/FAKE/FaceSwap/SimSwap/id23_id30_0006.mp4,FaceSwap/SimSwap,id23,id30,0,-2.909350633621216,2.909350633621216,0.0,110.8998794555664,30.0,0.0,0.0,0.0,0.0,0.0,0.0
CelebDFv3,/root/Datasets/CelebDFv3/CelebDFv3/FAKE/FaceSwap/UniFace/id56_id50_0005.mp4,FaceSwap/UniFace,id56,id50,0,1.7143099308013916,-1.7143099308013916,0.0,128.85191345214844,29.899993896484375,0.0,0.0,0.0,0.0,0.0,0.0
CelebDFv3,/root/Datasets/CelebDFv3/CelebDFv3/FAKE/TalkingFace/AniTalker/id56_0001_test_id03030_jSaAmd-y53U.mp4,TalkingFace/AniTalker,id56,,0,1.597436547279358,-1.597436547279358,0.0,115.26880645751953,25.0,0.0,0.0,0.0,0.0,0.0,0.0
CelebDFv3,/root/Datasets/CelebDFv3/CelebDFv3/FAKE/TalkingFace/EDTalk/id22_0003_test_id01593_xYSFA0pJBl0.mp4,TalkingFace/EDTalk,id22,,0,10.443305969238281,-10.443305969238281,0.0,139.42123413085938,25.0,0.0,0.0,0.0,0.0,0.0,0.0
CelebDFv3,/root/Datasets/CelebDFv3/CelebDFv3/FAKE/TalkingFace/EchoMimic/id31_0004_test_id04295_1fSjOItVYVg.mp4,TalkingFace/EchoMimic,id31,,0,10.015454292297363,-10.015454292297363,0.0,145.8190460205078,24.0,0.0,0.0,0.0,0.0,0.0,0.0
CelebDFv3,/root/Datasets/CelebDFv3/CelebDFv3/FAKE/TalkingFace/FLOAT/id48_0004_test_id01509_XmSD0fC9gX4.mp4,TalkingFace/FLOAT,id48,,0,11.694561004638672,-11.694561004638672,0.0,128.5267791748047,25.0,0.0,0.0,0.0,0.0,0.0,0.0
CelebDFv3,/root/Datasets/CelebDFv3/CelebDFv3/FAKE/TalkingFace/IP_LAP/id48_0001_test_id04295_GLhfd-vlEOM.mp4,TalkingFace/IP_LAP,id48,,0,6.145342826843262,-6.145342826843262,0.0,89.26702117919922,25.0,0.0,0.0,0.0,0.0,0.0,0.0
CelebDFv3,/root/Datasets/CelebDFv3/CelebDFv3/FAKE/TalkingFace/Real3DPortrait/id48_0002_test_id00817_Aw0R9CBKeYY.mp4,TalkingFace/Real3DPortrait,id48,,0,3.6675076484680176,-3.6675076484680176,0.0,119.1872329711914,25.0,0.0,0.0,0.0,0.0,0.0,0.0
CelebDFv3,/root/Datasets/CelebDFv3/CelebDFv3/FAKE/TalkingFace/SadTalker/id8_0009_test_id02086_UpjWerN0hoE.mp4,TalkingFace/SadTalker,id8,,0,4.591681480407715,-4.591681480407715,0.0,121.42633819580078,25.0,0.0,0.0,0.0,0.0,0.0,0.0
CelebDFv3,/root/Datasets/CelebDFv3/CelebDFv3/FAKE/FaceReenact/DaGAN/id54_id58_0004.mp4,FaceReenact/DaGAN,id54,id58,0,4.799574375152588,-4.799574375152588,0.0,133.1202392578125,30.0,0.0,0.0,0.0,0.0,0.0,0.0
CelebDFv3,/root/Datasets/CelebDFv3/CelebDFv3/FAKE/FaceReenact/FSRT/id31_id6_0006.mp4,FaceReenact/FSRT,id31,id6,0,4.27945613861084,-4.27945613861084,0.0,144.71568298339844,20.0,0.0,0.0,0.0,0.0,0.0,0.0
CelebDFv3,/root/Datasets/CelebDFv3/CelebDFv3/FAKE/FaceReenact/HyperReenact/id56_id55_0008.mp4,FaceReenact/HyperReenact,id56,id55,0,8.510099411010742,-8.510099411010742,0.0,104.6444091796875,25.0,0.0,0.0,0.0,0.0,0.0,0.0
CelebDFv3,/root/Datasets/CelebDFv3/CelebDFv3/FAKE/FaceReenact/LIA/id22_id26_0005.mp4,FaceReenact/LIA,id22,id26,0,6.117820739746094,-6.117820739746094,0.0,139.46644592285156,30.0,0.0,0.0,0.0,0.0,0.0,0.0
CelebDFv3,/root/Datasets/CelebDFv3/CelebDFv3/FAKE/FaceReenact/LivePortrait/id23_id19_0000.mp4,FaceReenact/LivePortrait,id23,id19,0,2.834933280944824,-2.834933280944824,0.0,103.70266723632812,29.0,0.0,0.0,0.0,0.0,0.0,0.0
CelebDFv3,/root/Datasets/CelebDFv3/CelebDFv3/FAKE/FaceReenact/MCNET/id48_id45_0007.mp4,FaceReenact/MCNET,id48,id45,0,0.8945616483688354,-0.8945616483688354,0.0,109.22274780273438,30.0,0.0,0.0,0.0,0.0,0.0,0.0
CelebDFv3,/root/Datasets/CelebDFv3/CelebDFv3/FAKE/FaceReenact/TPSMM/id25_id21_0008.mp4,FaceReenact/TPSMM,id25,id21,0,2.3590612411499023,-2.3590612411499023,0.0,97.67118072509766,30.0,0.0,0.0,0.0,0.0,0.0,0.0
CelebDFv3,/root/Datasets/CelebDFv3/CelebDFv3/FAKE/FaceSwap/BlendFace/id31_id17_0003.mp4,FaceSwap/BlendFace,id31,id17,0,2.101107358932495,-2.101107358932495,0.0,177.36122131347656,30.0,0.0,0.0,0.0,0.0,0.0,0.0
CelebDFv3,/root/Datasets/CelebDFv3/CelebDFv3/FAKE/FaceSwap/Celeb-DF-v2/id23_id38_0006.mp4,FaceSwap/Celeb-DF-v2,id23,id38,0,-2.8968915939331055,2.8968915939331055,0.0,110.84197235107422,30.0,0.0,0.0,0.0,0.0,0.0,0.0
CelebDFv3,/root/Datasets/CelebDFv3/CelebDFv3/FAKE/FaceSwap/GHOST/id31_id32_0003.mp4,FaceSwap/GHOST,id31,id32,0,2.2374348640441895,-2.2374348640441895,0.0,177.7447967529297,30.0,0.0,0.0,0.0,0.0,0.0,0.0
CelebDFv3,/root/Datasets/CelebDFv3/CelebDFv3/FAKE/FaceSwap/HifiFace/id23_id24_0009.mp4,FaceSwap/HifiFace,id23,id24,0,1.9904570579528809,-1.9904570579528809,0.0,139.91246032714844,30.0,0.0,0.0,0.0,0.0,0.0,0.0
CelebDFv3,/root/Datasets/CelebDFv3/CelebDFv3/FAKE/FaceSwap/InSwapper/id26_id28_0004.mp4,FaceSwap/InSwapper,id26,id28,0,-0.893744945526123,0.893744945526123,0.0,136.85812377929688,30.0,0.0,0.0,0.0,0.0,0.0,0.0
CelebDFv3,/root/Datasets/CelebDFv3/CelebDFv3/FAKE/FaceSwap/MobileFaceSwap/id26_id25_0001.mp4,FaceSwap/MobileFaceSwap,id26,id25,0,-5.659677505493164,5.659677505493164,0.0,282.6875,30.0,0.0,0.0,0.0,0.0,0.0,0.0
CelebDFv3,/root/Datasets/CelebDFv3/CelebDFv3/FAKE/FaceSwap/SimSwap/id22_id26_0005.mp4,FaceSwap/SimSwap,id22,id26,0,3.038639545440674,-3.038639545440674,0.0,182.83798217773438,30.0,0.0,0.0,0.0,0.0,0.0,0.0
CelebDFv3,/root/Datasets/CelebDFv3/CelebDFv3/FAKE/FaceSwap/UniFace/id26_id28_0002.mp4,FaceSwap/UniFace,id26,id28,0,-2.3910341262817383,2.3910341262817383,0.0,96.46504211425781,30.0,0.0,0.0,0.0,0.0,0.0,0.0
CelebDFv3,/root/Datasets/CelebDFv3/CelebDFv3/FAKE/TalkingFace/AniTalker/id48_0002_test_id00817_Aw0R9CBKeYY.mp4,TalkingFace/AniTalker,id48,,0,7.406253814697266,-7.406253814697266,0.0,103.35090637207031,25.0,0.0,0.0,0.0,0.0,0.0,0.0
CelebDFv3,/root/Datasets/CelebDFv3/CelebDFv3/FAKE/TalkingFace/EDTalk/id31_0002_test_id03839_xtBkY9xYpjA.mp4,TalkingFace/EDTalk,id31,,0,3.37565279006958,-3.37565279006958,0.0,129.57579040527344,25.0,0.0,0.0,0.0,0.0,0.0,0.0
CelebDFv3,/root/Datasets/CelebDFv3/CelebDFv3/FAKE/TalkingFace/EchoMimic/id51_0005_test_id08701_IF-okJTentA.mp4,TalkingFace/EchoMimic,id51,,0,2.601714611053467,-2.601714611053467,0.0,127.65388488769531,24.0,0.0,0.0,0.0,0.0,0.0,0.0
CelebDFv3,/root/Datasets/CelebDFv3/CelebDFv3/FAKE/TalkingFace/FLOAT/id51_0001_test_id05055_1lsf8QC-Lck.mp4,TalkingFace/FLOAT,id51,,0,2.424032211303711,-2.424032211303711,0.0,167.31808471679688,25.0,0.0,0.0,0.0,0.0,0.0,0.0
CelebDFv3,/root/Datasets/CelebDFv3/CelebDFv3/FAKE/TalkingFace/IP_LAP/id48_0000_test_id02445_ZX_6RMrTEP0.mp4,TalkingFace/IP_LAP,id48,,0,4.41937255859375,-4.41937255859375,0.0,119.31719207763672,25.0,0.0,0.0,0.0,0.0,0.0,0.0
CelebDFv3,/root/Datasets/CelebDFv3/CelebDFv3/FAKE/TalkingFace/Real3DPortrait/id22_0001_test_id04657_LIpH4pzgzJ8.mp4,TalkingFace/Real3DPortrait,id22,,0,5.37025785446167,-5.37025785446167,0.0,122.13336944580078,25.0,0.0,0.0,0.0,0.0,0.0,0.0
CelebDFv3,/root/Datasets/CelebDFv3/CelebDFv3/FAKE/TalkingFace/SadTalker/id11_0008_test_id07802_qmTmtDbel1M.mp4,TalkingFace/SadTalker,id11,,0,9.489855766296387,-9.489855766296387,0.0,106.12745666503906,25.0,0.0,0.0,0.0,0.0,0.0,0.0
CelebDFv3,/root/Datasets/CelebDFv3/CelebDFv3/FAKE/FaceReenact/DaGAN/id48_id40_0007.mp4,FaceReenact/DaGAN,id48,id40,0,1.515674352645874,-1.515674352645874,0.0,109.15823364257812,30.0,0.0,0.0,0.0,0.0,0.0,0.0
CelebDFv3,/root/Datasets/CelebDFv3/CelebDFv3/FAKE/FaceReenact/FSRT/id23_id0_0007.mp4,FaceReenact/FSRT,id23,id0,0,5.157435417175293,-5.157435417175293,0.0,97.73770904541016,20.0,0.0,0.0,0.0,0.0,0.0,0.0
CelebDFv3,/root/Datasets/CelebDFv3/CelebDFv3/FAKE/FaceReenact/HyperReenact/id22_id23_0006.mp4,FaceReenact/HyperReenact,id22,id23,0,11.531444549560547,-11.531444549560547,0.0,127.9166259765625,25.0,0.0,0.0,0.0,0.0,0.0,0.0
CelebDFv3,/root/Datasets/CelebDFv3/CelebDFv3/FAKE/FaceReenact/LIA/id56_id57_0009.mp4,FaceReenact/LIA,id56,id57,0,0.9551594257354736,-0.9551594257354736,0.0,155.21646118164062,29.0,0.0,0.0,0.0,0.0,0.0,0.0
CelebDFv3,/root/Datasets/CelebDFv3/CelebDFv3/FAKE/FaceReenact/LivePortrait/id51_id54_0006.mp4,FaceReenact/LivePortrait,id51,id54,0,-4.9175801277160645,4.9175801277160645,0.0,208.61839294433594,30.0,0.0,0.0,0.0,0.0,0.0,0.0
CelebDFv3,/root/Datasets/CelebDFv3/CelebDFv3/FAKE/FaceReenact/MCNET/id23_id22_0002.mp4,FaceReenact/MCNET,id23,id22,0,6.438870429992676,-6.438870429992676,0.0,105.43062591552734,30.0,0.0,0.0,0.0,0.0,0.0,0.0
CelebDFv3,/root/Datasets/CelebDFv3/CelebDFv3/FAKE/FaceReenact/TPSMM/id23_id17_0000.mp4,FaceReenact/TPSMM,id23,id17,0,-0.7321435213088989,0.7321435213088989,0.0,108.1361312866211,30.0,0.0,0.0,0.0,0.0,0.0,0.0
CelebDFv3,/root/Datasets/CelebDFv3/CelebDFv3/FAKE/FaceSwap/BlendFace/id23_id17_0006.mp4,FaceSwap/BlendFace,id23,id17,0,-2.7864432334899902,2.7864432334899902,0.0,111.87024688720703,30.0,0.0,0.0,0.0,0.0,0.0,0.0
CelebDFv3,/root/Datasets/CelebDFv3/CelebDFv3/FAKE/FaceSwap/Celeb-DF-v2/id31_id21_0005.mp4,FaceSwap/Celeb-DF-v2,id31,id21,0,-4.728793621063232,4.728793621063232,0.0,106.81578063964844,30.0,0.0,0.0,0.0,0.0,0.0,0.0
CelebDFv3,/root/Datasets/CelebDFv3/CelebDFv3/FAKE/FaceSwap/GHOST/id23_id0_0001.mp4,FaceSwap/GHOST,id23,id0,0,4.648221015930176,-4.648221015930176,0.0,121.26978302001953,30.0,0.0,0.0,0.0,0.0,0.0,0.0
CelebDFv3,/root/Datasets/CelebDFv3/CelebDFv3/FAKE/FaceSwap/HifiFace/id26_id30_0006.mp4,FaceSwap/HifiFace,id26,id30,0,12.472862243652344,-12.472862243652344,0.0,179.5450897216797,30.0,0.0,0.0,0.0,0.0,0.0,0.0
CelebDFv3,/root/Datasets/CelebDFv3/CelebDFv3/FAKE/FaceSwap/InSwapper/id25_id20_0003.mp4,FaceSwap/InSwapper,id25,id20,0,-9.152676582336426,9.152676582336426,0.0,217.98452758789062,30.0,0.0,0.0,0.0,0.0,0.0,0.0
CelebDFv3,/root/Datasets/CelebDFv3/CelebDFv3/FAKE/FaceSwap/MobileFaceSwap/id31_id37_0002.mp4,FaceSwap/MobileFaceSwap,id31,id37,0,-2.4713611602783203,2.4713611602783203,0.0,149.2149658203125,30.0,0.0,0.0,0.0,0.0,0.0,0.0
CelebDFv3,/root/Datasets/CelebDFv3/CelebDFv3/FAKE/FaceSwap/SimSwap/id56_id52_0008.mp4,FaceSwap/SimSwap,id56,id52,0,-1.6437828540802002,1.6437828540802002,0.0,121.66404724121094,30.0,0.0,0.0,0.0,0.0,0.0,0.0
CelebDFv3,/root/Datasets/CelebDFv3/CelebDFv3/FAKE/FaceSwap/UniFace/id25_id28_0005.mp4,FaceSwap/UniFace,id25,id28,0,2.565866708755493,-2.565866708755493,0.0,105.4991455078125,30.0,0.0,0.0,0.0,0.0,0.0,0.0
CelebDFv3,/root/Datasets/CelebDFv3/CelebDFv3/FAKE/TalkingFace/AniTalker/id22_0001_test_id02542_gMKSu2wZpAA.mp4,TalkingFace/AniTalker,id22,,0,6.959804534912109,-6.959804534912109,0.0,127.10794067382812,25.0,0.0,0.0,0.0,0.0,0.0,0.0
CelebDFv3,/root/Datasets/CelebDFv3/CelebDFv3/FAKE/TalkingFace/EDTalk/id11_0000_test_id00081_xjfPXNgzW6o.mp4,TalkingFace/EDTalk,id11,,0,9.647430419921875,-9.647430419921875,0.0,100.75283813476562,25.0,0.0,0.0,0.0,0.0,0.0,0.0
CelebDFv3,/root/Datasets/CelebDFv3/CelebDFv3/FAKE/TalkingFace/EchoMimic/id8_0009_test_id02086_UpjWerN0hoE.mp4,TalkingFace/EchoMimic,id8,,0,4.53227424621582,-4.53227424621582,0.0,127.99156188964844,24.0,0.0,0.0,0.0,0.0,0.0,0.0
CelebDFv3,/root/Datasets/CelebDFv3/CelebDFv3/FAKE/TalkingFace/FLOAT/id26_0008_test_id02181_hIvctbfcBx8.mp4,TalkingFace/FLOAT,id26,,0,5.7855143547058105,-5.7855143547058105,0.0,105.19019317626953,25.0,0.0,0.0,0.0,0.0,0.0,0.0
CelebDFv3,/root/Datasets/CelebDFv3/CelebDFv3/FAKE/TalkingFace/IP_LAP/id22_0009_test_id01041_Ry0R8LwJEYU.mp4,TalkingFace/IP_LAP,id22,,0,-0.4701741635799408,0.4701741635799408,0.0,102.84074401855469,25.0,0.0,0.0,0.0,0.0,0.0,0.0
CelebDFv3,/root/Datasets/CelebDFv3/CelebDFv3/FAKE/TalkingFace/Real3DPortrait/id23_0002_test_id05850_WNF1CY-Lu3I.mp4,TalkingFace/Real3DPortrait,id23,,0,6.953762054443359,-6.953762054443359,0.0,119.32878112792969,25.0,0.0,0.0,0.0,0.0,0.0,0.0
CelebDFv3,/root/Datasets/CelebDFv3/CelebDFv3/FAKE/TalkingFace/SadTalker/id8_0009_test_id07961_gvLf2DggTu0.mp4,TalkingFace/SadTalker,id8,,0,4.663702964782715,-4.663702964782715,0.0,121.95000457763672,25.0,0.0,0.0,0.0,0.0,0.0,0.0
CelebDFv3,/root/Datasets/CelebDFv3/CelebDFv3/FAKE/FaceReenact/DaGAN/id31_id37_0004.mp4,FaceReenact/DaGAN,id31,id37,0,-5.486246109008789,5.486246109008789,0.0,184.13552856445312,30.0,0.0,0.0,0.0,0.0,0.0,0.0
CelebDFv3,/root/Datasets/CelebDFv3/CelebDFv3/FAKE/FaceReenact/FSRT/id31_id9_0003.mp4,FaceReenact/FSRT,id31,id9,0,-1.4186716079711914,1.4186716079711914,0.0,114.11042022705078,20.0,0.0,0.0,0.0,0.0,0.0,0.0
CelebDFv3,/root/Datasets/CelebDFv3/CelebDFv3/FAKE/FaceReenact/HyperReenact/id22_id21_0006.mp4,FaceReenact/HyperReenact,id22,id21,0,11.059554100036621,-11.059554100036621,0.0,136.68972778320312,25.0,0.0,0.0,0.0,0.0,0.0,0.0
CelebDFv3,/root/Datasets/CelebDFv3/CelebDFv3/FAKE/FaceReenact/LIA/id31_id33_0005.mp4,FaceReenact/LIA,id31,id33,0,-0.8574986457824707,0.8574986457824707,0.0,104.13399505615234,30.0,0.0,0.0,0.0,0.0,0.0,0.0
CelebDFv3,/root/Datasets/CelebDFv3/CelebDFv3/FAKE/FaceReenact/LivePortrait/id22_id25_0003.mp4,FaceReenact/LivePortrait,id22,id25,0,-7.257936477661133,7.257936477661133,0.0,177.87161254882812,30.0,0.0,0.0,0.0,0.0,0.0,0.0
CelebDFv3,/root/Datasets/CelebDFv3/CelebDFv3/FAKE/FaceReenact/MCNET/id23_id1_0003.mp4,FaceReenact/MCNET,id23,id1,0,0.7296055555343628,-0.7296055555343628,0.0,95.38532257080078,30.0,0.0,0.0,0.0,0.0,0.0,0.0
CelebDFv3,/root/Datasets/CelebDFv3/CelebDFv3/FAKE/FaceReenact/TPSMM/id23_id1_0003.mp4,FaceReenact/TPSMM,id23,id1,0,0.6812182664871216,-0.6812182664871216,0.0,98.31464385986328,30.0,0.0,0.0,0.0,0.0,0.0,0.0
CelebDFv3,/root/Datasets/CelebDFv3/CelebDFv3/FAKE/FaceSwap/BlendFace/id31_id3_0005.mp4,FaceSwap/BlendFace,id31,id3,0,-4.9039459228515625,4.9039459228515625,0.0,107.89378356933594,30.0,0.0,0.0,0.0,0.0,0.0,0.0
CelebDFv3,/root/Datasets/CelebDFv3/CelebDFv3/FAKE/FaceSwap/Celeb-DF-v2/id26_id28_0004.mp4,FaceSwap/Celeb-DF-v2,id26,id28,0,-1.0400094985961914,1.0400094985961914,0.0,135.39532470703125,30.0,0.0,0.0,0.0,0.0,0.0,0.0
CelebDFv3,/root/Datasets/CelebDFv3/CelebDFv3/FAKE/FaceSwap/GHOST/id31_id20_0008.mp4,FaceSwap/GHOST,id31,id20,0,2.4972658157348633,-2.4972658157348633,0.0,116.51842498779297,30.0,0.0,0.0,0.0,0.0,0.0,0.0
CelebDFv3,/root/Datasets/CelebDFv3/CelebDFv3/FAKE/FaceSwap/HifiFace/id56_id50_0005.mp4,FaceSwap/HifiFace,id56,id50,0,1.6885626316070557,-1.6885626316070557,0.0,128.86630249023438,29.899993896484375,0.0,0.0,0.0,0.0,0.0,0.0
CelebDFv3,/root/Datasets/CelebDFv3/CelebDFv3/FAKE/FaceSwap/InSwapper/id23_id16_0007.mp4,FaceSwap/InSwapper,id23,id16,0,-10.102775573730469,10.102775573730469,0.0,192.32754516601562,30.0,0.0,0.0,0.0,0.0,0.0,0.0
CelebDFv3,/root/Datasets/CelebDFv3/CelebDFv3/FAKE/FaceSwap/MobileFaceSwap/id23_id9_0009.mp4,FaceSwap/MobileFaceSwap,id23,id9,0,2.2845144271850586,-2.2845144271850586,0.0,139.56051635742188,30.0,0.0,0.0,0.0,0.0,0.0,0.0
CelebDFv3,/root/Datasets/CelebDFv3/CelebDFv3/FAKE/FaceSwap/SimSwap/id23_id4_0007.mp4,FaceSwap/SimSwap,id23,id4,0,-9.823872566223145,9.823872566223145,0.0,192.11898803710938,30.0,0.0,0.0,0.0,0.0,0.0,0.0
CelebDFv3,/root/Datasets/CelebDFv3/CelebDFv3/FAKE/FaceSwap/UniFace/id54_id51_0006.mp4,FaceSwap/UniFace,id54,id51,0,3.298212766647339,-3.298212766647339,0.0,238.7620391845703,30.0,0.0,0.0,0.0,0.0,0.0,0.0
CelebDFv3,/root/Datasets/CelebDFv3/CelebDFv3/FAKE/TalkingFace/AniTalker/id23_0007_test_id01593_xYSFA0pJBl0.mp4,TalkingFace/AniTalker,id23,,0,2.7343101501464844,-2.7343101501464844,0.0,252.54896545410156,25.0,0.0,0.0,0.0,0.0,0.0,0.0
CelebDFv3,/root/Datasets/CelebDFv3/CelebDFv3/FAKE/TalkingFace/EDTalk/id56_0008_test_id04862_ORhcTM80e0A.mp4,TalkingFace/EDTalk,id56,,0,6.694048881530762,-6.694048881530762,0.0,112.44660186767578,25.0,0.0,0.0,0.0,0.0,0.0,0.0
CelebDFv3,/root/Datasets/CelebDFv3/CelebDFv3/FAKE/TalkingFace/EchoMimic/id23_0006_test_id02057_QZYXK4dWZoY.mp4,TalkingFace/EchoMimic,id23,,0,10.063034057617188,-10.063034057617188,0.0,119.33650207519531,24.0,0.0,0.0,0.0,0.0,0.0,0.0
CelebDFv3,/root/Datasets/CelebDFv3/CelebDFv3/FAKE/TalkingFace/FLOAT/id31_0006_test_id05654_lgnVNGGeF7E.mp4,TalkingFace/FLOAT,id31,,0,4.669586181640625,-4.669586181640625,0.0,151.48455810546875,25.0,0.0,0.0,0.0,0.0,0.0,0.0
CelebDFv3,/root/Datasets/CelebDFv3/CelebDFv3/FAKE/TalkingFace/IP_LAP/id31_0000_test_id03178_O13kGQ2rTE8.mp4,TalkingFace/IP_LAP,id31,,0,6.058520317077637,-6.058520317077637,0.0,122.24993133544922,25.0,0.0,0.0,0.0,0.0,0.0,0.0
CelebDFv3,/root/Datasets/CelebDFv3/CelebDFv3/FAKE/TalkingFace/Real3DPortrait/id54_0008_test_id04253_Hfwc0GtiEWs.mp4,TalkingFace/Real3DPortrait,id54,,0,0.6676942110061646,-0.6676942110061646,0.0,123.59014129638672,25.0,0.0,0.0,0.0,0.0,0.0,0.0
CelebDFv3,/root/Datasets/CelebDFv3/CelebDFv3/FAKE/TalkingFace/SadTalker/id8_0004_test_id02745_5oDO9Avn0qg.mp4,TalkingFace/SadTalker,id8,,0,1.5269014835357666,-1.5269014835357666,0.0,209.0407257080078,25.0,0.0,0.0,0.0,0.0,0.0,0.0
CelebDFv3,/root/Datasets/CelebDFv3/CelebDFv3/FAKE/FaceReenact/DaGAN/id54_id55_0008.mp4,FaceReenact/DaGAN,id54,id55,0,-0.8754135966300964,0.8754135966300964,0.0,98.99687957763672,30.0,0.0,0.0,0.0,0.0,0.0,0.0
CelebDFv3,/root/Datasets/CelebDFv3/CelebDFv3/FAKE/FaceReenact/FSRT/id31_id17_0005.mp4,FaceReenact/FSRT,id31,id17,0,4.873220920562744,-4.873220920562744,0.0,106.27330017089844,20.0,0.0,0.0,0.0,0.0,0.0,0.0
CelebDFv3,/root/Datasets/CelebDFv3/CelebDFv3/FAKE/FaceReenact/HyperReenact/id59_id60_0006.mp4,FaceReenact/HyperReenact,id59,id60,0,5.6020355224609375,-5.6020355224609375,0.0,103.80641174316406,25.0,0.0,0.0,0.0,0.0,0.0,0.0
CelebDFv3,/root/Datasets/CelebDFv3/CelebDFv3/FAKE/FaceReenact/LIA/id26_id20_0000.mp4,FaceReenact/LIA,id26,id20,0,1.9157469272613525,-1.9157469272613525,0.0,93.74527740478516,30.0,0.0,0.0,0.0,0.0,0.0,0.0
CelebDFv3,/root/Datasets/CelebDFv3/CelebDFv3/FAKE/FaceReenact/LivePortrait/id8_id9_0003.mp4,FaceReenact/LivePortrait,id8,id9,0,-3.967794895172119,3.967794895172119,0.0,191.4441375732422,30.0,0.0,0.0,0.0,0.0,0.0,0.0
CelebDFv3,/root/Datasets/CelebDFv3/CelebDFv3/FAKE/FaceReenact/MCNET/id23_id33_0004.mp4,FaceReenact/MCNET,id23,id33,0,4.914562225341797,-4.914562225341797,0.0,98.80110168457031,30.0,0.0,0.0,0.0,0.0,0.0,0.0
CelebDFv3,/root/Datasets/CelebDFv3/CelebDFv3/FAKE/FaceReenact/TPSMM/id54_id56_0008.mp4,FaceReenact/TPSMM,id54,id56,0,-0.42822542786598206,0.42822542786598206,0.0,102.53485107421875,30.0,0.0,0.0,0.0,0.0,0.0,0.0
CelebDFv3,/root/Datasets/CelebDFv3/CelebDFv3/FAKE/FaceSwap/BlendFace/id51_id57_0008.mp4,FaceSwap/BlendFace,id51,id57,0,0.8623923063278198,-0.8623923063278198,0.0,117.44522857666016,30.0,0.0,0.0,0.0,0.0,0.0,0.0
CelebDFv3,/root/Datasets/CelebDFv3/CelebDFv3/FAKE/FaceSwap/Celeb-DF-v2/id23_id33_0007.mp4,FaceSwap/Celeb-DF-v2,id23,id33,0,-9.899940490722656,9.899940490722656,0.0,192.3052978515625,30.0,0.0,0.0,0.0,0.0,0.0,0.0
CelebDFv3,/root/Datasets/CelebDFv3/CelebDFv3/FAKE/FaceSwap/GHOST/id23_id28_0001.mp4,FaceSwap/GHOST,id23,id28,0,4.836265563964844,-4.836265563964844,0.0,121.6600570678711,30.0,0.0,0.0,0.0,0.0,0.0,0.0
CelebDFv3,/root/Datasets/CelebDFv3/CelebDFv3/FAKE/FaceSwap/HifiFace/id8_id4_0007.mp4,FaceSwap/HifiFace,id8,id4,0,8.893918991088867,-8.893918991088867,0.0,173.42227172851562,30.0,0.0,0.0,0.0,0.0,0.0,0.0
CelebDFv3,/root/Datasets/CelebDFv3/CelebDFv3/FAKE/FaceSwap/InSwapper/id26_id30_0003.mp4,FaceSwap/InSwapper,id26,id30,0,-7.687760353088379,7.687760353088379,0.0,382.4931640625,30.0,0.0,0.0,0.0,0.0,0.0,0.0
CelebDFv3,/root/Datasets/CelebDFv3/CelebDFv3/FAKE/FaceSwap/MobileFaceSwap/id22_id24_0005.mp4,FaceSwap/MobileFaceSwap,id22,id24,0,2.9781432151794434,-2.9781432151794434,0.0,182.9591064453125,30.0,0.0,0.0,0.0,0.0,0.0,0.0
CelebDFv3,/root/Datasets/CelebDFv3/CelebDFv3/FAKE/FaceSwap/SimSwap/id31_id29_0002.mp4,FaceSwap/SimSwap,id31,id29,0,-2.350079298019409,2.350079298019409,0.0,149.1009521484375,30.0,0.0,0.0,0.0,0.0,0.0,0.0
CelebDFv3,/root/Datasets/CelebDFv3/CelebDFv3/FAKE/FaceSwap/UniFace/id54_id52_0005.mp4,FaceSwap/UniFace,id54,id52,0,-1.2467553615570068,1.2467553615570068,0.0,154.41270446777344,30.0,0.0,0.0,0.0,0.0,0.0,0.0
CelebDFv3,/root/Datasets/CelebDFv3/CelebDFv3/FAKE/TalkingFace/AniTalker/id8_0002_test_id03524_2DD4Np7SaWw.mp4,TalkingFace/AniTalker,id8,,0,7.396980285644531,-7.396980285644531,0.0,131.8241424560547,25.0,0.0,0.0,0.0,0.0,0.0,0.0
CelebDFv3,/root/Datasets/CelebDFv3/CelebDFv3/FAKE/TalkingFace/EDTalk/id8_0008_test_id04253_goriueKsSfQ.mp4,TalkingFace/EDTalk,id8,,0,9.507143020629883,-9.507143020629883,0.0,129.01454162597656,25.0,0.0,0.0,0.0,0.0,0.0,0.0
CelebDFv3,/root/Datasets/CelebDFv3/CelebDFv3/FAKE/TalkingFace/EchoMimic/id54_0003_test_id01822_jmFGgwXCuW0.mp4,TalkingFace/EchoMimic,id54,,0,5.466213226318359,-5.466213226318359,0.0,171.31951904296875,24.0,0.0,0.0,0.0,0.0,0.0,0.0
CelebDFv3,/root/Datasets/CelebDFv3/CelebDFv3/FAKE/TalkingFace/FLOAT/id56_0001_test_id01460_Jib6MuNwg7Y.mp4,TalkingFace/FLOAT,id56,,0,0.31051748991012573,-0.31051748991012573,0.0,111.58617401123047,25.0,0.0,0.0,0.0,0.0,0.0,0.0
CelebDFv3,/root/Datasets/CelebDFv3/CelebDFv3/FAKE/TalkingFace/IP_LAP/id11_0006_test_id01509_XmSD0fC9gX4.mp4,TalkingFace/IP_LAP,id11,,0,4.753549575805664,-4.753549575805664,0.0,97.24449920654297,25.0,0.0,0.0,0.0,0.0,0.0,0.0
CelebDFv3,/root/Datasets/CelebDFv3/CelebDFv3/FAKE/TalkingFace/Real3DPortrait/id23_0008_test_id06811_Y6PB7tt3VPc.mp4,TalkingFace/Real3DPortrait,id23,,0,-2.1367592811584473,2.1367592811584473,0.0,120.62094116210938,25.0,0.0,0.0,0.0,0.0,0.0,0.0
CelebDFv3,/root/Datasets/CelebDFv3/CelebDFv3/FAKE/TalkingFace/SadTalker/id54_0003_test_id00562_2KLM0Lact6A.mp4,TalkingFace/SadTalker,id54,,0,4.528311729431152,-4.528311729431152,0.0,165.0500030517578,25.0,0.0,0.0,0.0,0.0,0.0,0.0
CelebDFv3,/root/Datasets/CelebDFv3/CelebDFv3/FAKE/FaceReenact/DaGAN/id31_id16_0002.mp4,FaceReenact/DaGAN,id31,id16,0,3.1160054206848145,-3.1160054206848145,0.0,115.11325073242188,30.0,0.0,0.0,0.0,0.0,0.0,0.0
CelebDFv3,/root/Datasets/CelebDFv3/CelebDFv3/FAKE/FaceReenact/FSRT/id23_id28_0000.mp4,FaceReenact/FSRT,id23,id28,0,-0.43847793340682983,0.43847793340682983,0.0,93.62630462646484,20.0,0.0,0.0,0.0,0.0,0.0,0.0
CelebDFv3,/root/Datasets/CelebDFv3/CelebDFv3/FAKE/FaceReenact/HyperReenact/id48_id40_0009.mp4,FaceReenact/HyperReenact,id48,id40,0,4.221096992492676,-4.221096992492676,0.0,104.97734832763672,25.0,0.0,0.0,0.0,0.0,0.0,0.0
CelebDFv3,/root/Datasets/CelebDFv3/CelebDFv3/FAKE/FaceReenact/LIA/id23_id32_0007.mp4,FaceReenact/LIA,id23,id32,0,5.965997219085693,-5.965997219085693,0.0,160.29554748535156,30.0,0.0,0.0,0.0,0.0,0.0,0.0
CelebDFv3,/root/Datasets/CelebDFv3/CelebDFv3/FAKE/FaceReenact/LivePortrait/id31_id38_0001.mp4,FaceReenact/LivePortrait,id31,id38,0,3.457808494567871,-3.457808494567871,0.0,133.6695098876953,30.0,0.0,0.0,0.0,0.0,0.0,0.0
CelebDFv3,/root/Datasets/CelebDFv3/CelebDFv3/FAKE/FaceReenact/MCNET/id54_id53_0000.mp4,FaceReenact/MCNET,id54,id53,0,4.107375144958496,-4.107375144958496,0.0,113.65479278564453,30.0,0.0,0.0,0.0,0.0,0.0,0.0
CelebDFv3,/root/Datasets/CelebDFv3/CelebDFv3/FAKE/FaceReenact/TPSMM/id22_id25_0003.mp4,FaceReenact/TPSMM,id22,id25,0,-2.1378085613250732,2.1378085613250732,0.0,174.63723754882812,30.0,0.0,0.0,0.0,0.0,0.0,0.0
CelebDFv3,/root/Datasets/CelebDFv3/CelebDFv3/FAKE/FaceSwap/BlendFace/id23_id1_0002.mp4,FaceSwap/BlendFace,id23,id1,0,2.5348315238952637,-2.5348315238952637,0.0,92.49624633789062,30.0,0.0,0.0,0.0,0.0,0.0,0.0
CelebDFv3,/root/Datasets/CelebDFv3/CelebDFv3/FAKE/FaceSwap/Celeb-DF-v2/id48_id44_0007.mp4,FaceSwap/Celeb-DF-v2,id48,id44,0,-0.14853787422180176,0.14853787422180176,0.0,114.39649200439453,30.0,0.0,0.0,0.0,0.0,0.0,0.0
CelebDFv3,/root/Datasets/CelebDFv3/CelebDFv3/FAKE/FaceSwap/GHOST/id23_id31_0007.mp4,FaceSwap/GHOST,id23,id31,0,-10.00656509399414,10.00656509399414,0.0,192.419189453125,30.0,0.0,0.0,0.0,0.0,0.0,0.0
CelebDFv3,/root/Datasets/CelebDFv3/CelebDFv3/FAKE/FaceSwap/HifiFace/id23_id21_0007.mp4,FaceSwap/HifiFace,id23,id21,0,-10.056962013244629,10.056962013244629,0.0,192.3938446044922,30.0,0.0,0.0,0.0,0.0,0.0,0.0
CelebDFv3,/root/Datasets/CelebDFv3/CelebDFv3/FAKE/FaceSwap/InSwapper/id31_id29_0002.mp4,FaceSwap/InSwapper,id31,id29,0,-2.5174593925476074,2.5174593925476074,0.0,148.374755859375,30.0,0.0,0.0,0.0,0.0,0.0,0.0
CelebDFv3,/root/Datasets/CelebDFv3/CelebDFv3/FAKE/FaceSwap/MobileFaceSwap/id26_id31_0002.mp4,FaceSwap/MobileFaceSwap,id26,id31,0,-2.5169949531555176,2.5169949531555176,0.0,96.91173553466797,30.0,0.0,0.0,0.0,0.0,0.0,0.0
CelebDFv3,/root/Datasets/CelebDFv3/CelebDFv3/FAKE/FaceSwap/SimSwap/id31_id32_0006.mp4,FaceSwap/SimSwap,id31,id32,0,-7.356073379516602,7.356073379516602,0.0,207.48118591308594,30.0,0.0,0.0,0.0,0.0,0.0,0.0
CelebDFv3,/root/Datasets/CelebDFv3/CelebDFv3/FAKE/FaceSwap/UniFace/id51_id54_0005.mp4,FaceSwap/UniFace,id51,id54,0,1.9110491275787354,-1.9110491275787354,0.0,118.86151885986328,30.0,0.0,0.0,0.0,0.0,0.0,0.0
CelebDFv3,/root/Datasets/CelebDFv3/CelebDFv3/FAKE/TalkingFace/AniTalker/id22_0004_test_id01333_LI6eLfuTn6I.mp4,TalkingFace/AniTalker,id22,,0,13.459795951843262,-13.459795951843262,0.0,141.34808349609375,25.0,0.0,0.0,0.0,0.0,0.0,0.0
CelebDFv3,/root/Datasets/CelebDFv3/CelebDFv3/FAKE/TalkingFace/EDTalk/id22_0007_test_id03347_JbbZ8at5OF8.mp4,TalkingFace/EDTalk,id22,,0,8.258586883544922,-8.258586883544922,0.0,154.30674743652344,25.0,0.0,0.0,0.0,0.0,0.0,0.0
CelebDFv3,/root/Datasets/CelebDFv3/CelebDFv3/FAKE/TalkingFace/EchoMimic/id51_0003_test_id01228_ITBk58yOpCM.mp4,TalkingFace/EchoMimic,id51,,0,8.154035568237305,-8.154035568237305,0.0,141.2761993408203,24.0,0.0,0.0,0.0,0.0,0.0,0.0
CelebDFv3,/root/Datasets/CelebDFv3/CelebDFv3/FAKE/TalkingFace/FLOAT/id54_0004_test_id06104_HSe6gXwgeRs.mp4,TalkingFace/FLOAT,id54,,0,4.306509971618652,-4.306509971618652,0.0,186.56715393066406,25.0,0.0,0.0,0.0,0.0,0.0,0.0
CelebDFv3,/root/Datasets/CelebDFv3/CelebDFv3/FAKE/TalkingFace/IP_LAP/id59_0000_test_id05055_n6FlxBOgOy4.mp4,TalkingFace/IP_LAP,id59,,0,1.9777538776397705,-1.9777538776397705,0.0,91.0958251953125,25.0,0.0,0.0,0.0,0.0,0.0,0.0
CelebDFv3,/root/Datasets/CelebDFv3/CelebDFv3/FAKE/TalkingFace/Real3DPortrait/id31_0000_test_id08456_ajf9MieCX4k.mp4,TalkingFace/Real3DPortrait,id31,,0,1.4641436338424683,-1.4641436338424683,0.0,131.27951049804688,25.0,0.0,0.0,0.0,0.0,0.0,0.0
CelebDFv3,/root/Datasets/CelebDFv3/CelebDFv3/FAKE/TalkingFace/SadTalker/id11_0010_test_id09017_I5fFZuGVAvs.mp4,TalkingFace/SadTalker,id11,,0,6.624635219573975,-6.624635219573975,0.0,108.9225845336914,25.0,0.0,0.0,0.0,0.0,0.0,0.0
CelebDFv3,/root/Datasets/CelebDFv3/CelebDFv3/FAKE/FaceReenact/DaGAN/id56_id50_0008.mp4,FaceReenact/DaGAN,id56,id50,0,5.68532657623291,-5.68532657623291,0.0,94.06182861328125,30.0,0.0,0.0,0.0,0.0,0.0,0.0
CelebDFv3,/root/Datasets/CelebDFv3/CelebDFv3/FAKE/FaceReenact/FSRT/id51_id55_0000.mp4,FaceReenact/FSRT,id51,id55,0,0.8565112948417664,-0.8565112948417664,0.0,118.63731384277344,20.0,0.0,0.0,0.0,0.0,0.0,0.0
CelebDFv3,/root/Datasets/CelebDFv3/CelebDFv3/FAKE/FaceReenact/HyperReenact/id31_id29_0002.mp4,FaceReenact/HyperReenact,id31,id29,0,6.060431003570557,-6.060431003570557,0.0,118.09886932373047,25.0,0.0,0.0,0.0,0.0,0.0,0.0
CelebDFv3,/root/Datasets/CelebDFv3/CelebDFv3/FAKE/FaceReenact/LIA/id31_id35_0002.mp4,FaceReenact/LIA,id31,id35,0,3.492706537246704,-3.492706537246704,0.0,116.0945816040039,30.0,0.0,0.0,0.0,0.0,0.0,0.0
CelebDFv3,/root/Datasets/CelebDFv3/CelebDFv3/FAKE/FaceReenact/LivePortrait/id31_id32_0003.mp4,FaceReenact/LivePortrait,id31,id32,0,1.3804261684417725,-1.3804261684417725,0.0,176.75563049316406,30.0,0.0,0.0,0.0,0.0,0.0,0.0
CelebDFv3,/root/Datasets/CelebDFv3/CelebDFv3/FAKE/FaceReenact/MCNET/id26_id33_0001.mp4,FaceReenact/MCNET,id26,id33,0,1.1637086868286133,-1.1637086868286133,0.0,101.93254852294922,30.0,0.0,0.0,0.0,0.0,0.0,0.0
CelebDFv3,/root/Datasets/CelebDFv3/CelebDFv3/FAKE/FaceReenact/TPSMM/id48_id40_0003.mp4,FaceReenact/TPSMM,id48,id40,0,5.496087074279785,-5.496087074279785,0.0,74.70048522949219,30.0,0.0,0.0,0.0,0.0,0.0,0.0
CelebDFv3,/root/Datasets/CelebDFv3/CelebDFv3/FAKE/FaceSwap/BlendFace/id48_id39_0002.mp4,FaceSwap/BlendFace,id48,id39,0,1.8796309232711792,-1.8796309232711792,0.0,120.22702026367188,30.0,0.0,0.0,0.0,0.0,0.0,0.0
CelebDFv3,/root/Datasets/CelebDFv3/CelebDFv3/FAKE/FaceSwap/Celeb-DF-v2/id23_id1_0004.mp4,FaceSwap/Celeb-DF-v2,id23,id1,0,-0.49718910455703735,0.49718910455703735,0.0,117.76805114746094,30.0,0.0,0.0,0.0,0.0,0.0,0.0
CelebDFv3,/root/Datasets/CelebDFv3/CelebDFv3/FAKE/FaceSwap/GHOST/id26_id30_0004.mp4,FaceSwap/GHOST,id26,id30,0,-0.5388920307159424,0.5388920307159424,0.0,134.94288635253906,30.0,0.0,0.0,0.0,0.0,0.0,0.0
CelebDFv3,/root/Datasets/CelebDFv3/CelebDFv3/FAKE/FaceSwap/HifiFace/id56_id55_0008.mp4,FaceSwap/HifiFace,id56,id55,0,-1.6309564113616943,1.6309564113616943,0.0,121.22036743164062,30.0,0.0,0.0,0.0,0.0,0.0,0.0
CelebDFv3,/root/Datasets/CelebDFv3/CelebDFv3/FAKE/FaceSwap/InSwapper/id25_id26_0004.mp4,FaceSwap/InSwapper,id25,id26,0,2.7271618843078613,-2.7271618843078613,0.0,160.7985382080078,30.0,0.0,0.0,0.0,0.0,0.0,0.0
CelebDFv3,/root/Datasets/CelebDFv3/CelebDFv3/FAKE/FaceSwap/MobileFaceSwap/id11_id7_0004.mp4,FaceSwap/MobileFaceSwap,id11,id7,0,1.7625930309295654,-1.7625930309295654,0.0,99.76392364501953,30.0,0.0,0.0,0.0,0.0,0.0,0.0
CelebDFv3,/root/Datasets/CelebDFv3/CelebDFv3/FAKE/FaceSwap/SimSwap/id31_id21_0001.mp4,FaceSwap/SimSwap,id31,id21,0,1.1695773601531982,-1.1695773601531982,0.0,126.87979125976562,30.0,0.0,0.0,0.0,0.0,0.0,0.0
CelebDFv3,/root/Datasets/CelebDFv3/CelebDFv3/FAKE/FaceSwap/UniFace/id23_id0_0003.mp4,FaceSwap/UniFace,id23,id0,0,-3.103456735610962,3.103456735610962,0.0,114.43917083740234,30.0,0.0,0.0,0.0,0.0,0.0,0.0
CelebDFv3,/root/Datasets/CelebDFv3/CelebDFv3/FAKE/TalkingFace/AniTalker/id8_0000_test_id03862_znMGUBKuVsI.mp4,TalkingFace/AniTalker,id8,,0,1.8947505950927734,-1.8947505950927734,0.0,314.4836730957031,25.0,0.0,0.0,0.0,0.0,0.0,0.0
CelebDFv3,/root/Datasets/CelebDFv3/CelebDFv3/FAKE/TalkingFace/EDTalk/id31_0003_test_id04627_IjO3LUCaYLE.mp4,TalkingFace/EDTalk,id31,,0,7.307773590087891,-7.307773590087891,0.0,130.34225463867188,25.0,0.0,0.0,0.0,0.0,0.0,0.0
CelebDFv3,/root/Datasets/CelebDFv3/CelebDFv3/FAKE/TalkingFace/EchoMimic/id54_0005_test_id03178_NLOzCF7vIio.mp4,TalkingFace/EchoMimic,id54,,0,6.121630668640137,-6.121630668640137,0.0,113.63834381103516,24.0,0.0,0.0,0.0,0.0,0.0,0.0
CelebDFv3,/root/Datasets/CelebDFv3/CelebDFv3/FAKE/TalkingFace/FLOAT/id11_0003_test_id06209_6oI-FJQS9V0.mp4,TalkingFace/FLOAT,id11,,0,3.6557095050811768,-3.6557095050811768,0.0,153.31227111816406,25.0,0.0,0.0,0.0,0.0,0.0,0.0
CelebDFv3,/root/Datasets/CelebDFv3/CelebDFv3/FAKE/TalkingFace/IP_LAP/id54_0008_test_id00017_Nd3m-TBtp6A.mp4,TalkingFace/IP_LAP,id54,,0,1.5135962963104248,-1.5135962963104248,0.0,122.06497955322266,25.0,0.0,0.0,0.0,0.0,0.0,0.0
CelebDFv3,/root/Datasets/CelebDFv3/CelebDFv3/FAKE/TalkingFace/Real3DPortrait/id51_0009_test_id03862_CzGa5PRwiaY.mp4,TalkingFace/Real3DPortrait,id51,,0,-0.5818639397621155,0.5818639397621155,0.0,116.27528381347656,25.0,0.0,0.0,0.0,0.0,0.0,0.0
CelebDFv3,/root/Datasets/CelebDFv3/CelebDFv3/FAKE/TalkingFace/SadTalker/id22_0004_test_id01333_LI6eLfuTn6I.mp4,TalkingFace/SadTalker,id22,,0,9.329751968383789,-9.329751968383789,0.0,147.25253295898438,25.0,0.0,0.0,0.0,0.0,0.0,0.0
CelebDFv3,/root/Datasets/CelebDFv3/CelebDFv3/FAKE/FaceReenact/DaGAN/id51_id53_0007.mp4,FaceReenact/DaGAN,id51,id53,0,-2.1668272018432617,2.1668272018432617,0.0,94.579833984375,30.0,0.0,0.0,0.0,0.0,0.0,0.0
CelebDFv3,/root/Datasets/CelebDFv3/CelebDFv3/FAKE/FaceReenact/FSRT/id11_id7_0003.mp4,FaceReenact/FSRT,id11,id7,0,-0.9629239439964294,0.9629239439964294,0.0,135.74407958984375,20.0,0.0,0.0,0.0,0.0,0.0,0.0
CelebDFv3,/root/Datasets/CelebDFv3/CelebDFv3/FAKE/FaceReenact/HyperReenact/id56_id58_0009.mp4,FaceReenact/HyperReenact,id56,id58,0,1.7444491386413574,-1.7444491386413574,0.0,155.11898803710938,25.0,0.0,0.0,0.0,0.0,0.0,0.0
CelebDFv3,/root/Datasets/CelebDFv3/CelebDFv3/FAKE/FaceReenact/LIA/id48_id40_0003.mp4,FaceReenact/LIA,id48,id40,0,5.002134323120117,-5.002134323120117,0.0,89.1365737915039,30.0,0.0,0.0,0.0,0.0,0.0,0.0
CelebDFv3,/root/Datasets/CelebDFv3/CelebDFv3/FAKE/FaceReenact/LivePortrait/id23_id33_0006.mp4,FaceReenact/LivePortrait,id23,id33,0,-3.174010753631592,3.174010753631592,0.0,115.97429656982422,30.0,0.0,0.0,0.0,0.0,0.0,0.0
CelebDFv3,/root/Datasets/CelebDFv3/CelebDFv3/FAKE/FaceReenact/MCNET/id59_id60_0001.mp4,FaceReenact/MCNET,id59,id60,0,-8.746630668640137,8.746630668640137,0.0,273.56597900390625,30.0,0.0,0.0,0.0,0.0,0.0,0.0
CelebDFv3,/root/Datasets/CelebDFv3/CelebDFv3/FAKE/FaceReenact/TPSMM/id31_id34_0002.mp4,FaceReenact/TPSMM,id31,id34,0,2.400393486022949,-2.400393486022949,0.0,114.16069030761719,30.0,0.0,0.0,0.0,0.0,0.0,0.0
CelebDFv3,/root/Datasets/CelebDFv3/CelebDFv3/FAKE/FaceSwap/BlendFace/id31_id20_0001.mp4,FaceSwap/BlendFace,id31,id20,0,0.9482263922691345,-0.9482263922691345,0.0,124.6183090209961,30.0,0.0,0.0,0.0,0.0,0.0,0.0
CelebDFv3,/root/Datasets/CelebDFv3/CelebDFv3/FAKE/FaceSwap/Celeb-DF-v2/id31_id29_0002.mp4,FaceSwap/Celeb-DF-v2,id31,id29,0,-2.528134346008301,2.528134346008301,0.0,149.07249450683594,30.0,0.0,0.0,0.0,0.0,0.0,0.0
CelebDFv3,/root/Datasets/CelebDFv3/CelebDFv3/FAKE/FaceSwap/GHOST/id54_id57_0008.mp4,FaceSwap/GHOST,id54,id57,0,-1.2045445442199707,1.2045445442199707,0.0,128.465576171875,30.0,0.0,0.0,0.0,0.0,0.0,0.0
CelebDFv3,/root/Datasets/CelebDFv3/CelebDFv3/FAKE/FaceSwap/HifiFace/id23_id16_0004.mp4,FaceSwap/HifiFace,id23,id16,0,-0.5861007571220398,0.5861007571220398,0.0,118.72734069824219,30.0,0.0,0.0,0.0,0.0,0.0,0.0
CelebDFv3,/root/Datasets/CelebDFv3/CelebDFv3/FAKE/FaceSwap/InSwapper/id31_id32_0003.mp4,FaceSwap/InSwapper,id31,id32,0,2.4071154594421387,-2.4071154594421387,0.0,178.04737854003906,30.0,0.0,0.0,0.0,0.0,0.0,0.0
CelebDFv3,/root/Datasets/CelebDFv3/CelebDFv3/FAKE/FaceSwap/MobileFaceSwap/id56_id57_0009.mp4,FaceSwap/MobileFaceSwap,id56,id57,0,-2.0286922454833984,2.0286922454833984,0.0,150.22958374023438,30.0,0.0,0.0,0.0,0.0,0.0,0.0
CelebDFv3,/root/Datasets/CelebDFv3/CelebDFv3/FAKE/FaceSwap/SimSwap/id22_id25_0003.mp4,FaceSwap/SimSwap,id22,id25,0,-6.358906269073486,6.358906269073486,0.0,175.4030303955078,30.0,0.0,0.0,0.0,0.0,0.0,0.0
CelebDFv3,/root/Datasets/CelebDFv3/CelebDFv3/FAKE/FaceSwap/UniFace/id23_id2_0009.mp4,FaceSwap/UniFace,id23,id2,0,2.367405652999878,-2.367405652999878,0.0,140.40179443359375,30.0,0.0,0.0,0.0,0.0,0.0,0.0
CelebDFv3,/root/Datasets/CelebDFv3/CelebDFv3/FAKE/TalkingFace/AniTalker/id54_0008_test_id01437_p9H07e_p8go.mp4,TalkingFace/AniTalker,id54,,0,-0.9412529468536377,0.9412529468536377,0.0,118.09624481201172,25.0,0.0,0.0,0.0,0.0,0.0,0.0
CelebDFv3,/root/Datasets/CelebDFv3/CelebDFv3/FAKE/TalkingFace/EDTalk/id31_0000_test_id08456_ajf9MieCX4k.mp4,TalkingFace/EDTalk,id31,,0,5.093916893005371,-5.093916893005371,0.0,131.0937957763672,25.0,0.0,0.0,0.0,0.0,0.0,0.0
CelebDFv3,/root/Datasets/CelebDFv3/CelebDFv3/FAKE/TalkingFace/EchoMimic/id54_0007_test_id01333_D9Eylmbz4Ik.mp4,TalkingFace/EchoMimic,id54,,0,6.297353744506836,-6.297353744506836,0.0,118.63909912109375,24.0,0.0,0.0,0.0,0.0,0.0,0.0
CelebDFv3,/root/Datasets/CelebDFv3/CelebDFv3/FAKE/TalkingFace/FLOAT/id59_0009_test_id03980_DLgfEilskfc.mp4,TalkingFace/FLOAT,id59,,0,-2.0216808319091797,2.0216808319091797,0.0,195.22999572753906,25.0,0.0,0.0,0.0,0.0,0.0,0.0
CelebDFv3,/root/Datasets/CelebDFv3/CelebDFv3/FAKE/TalkingFace/IP_LAP/id25_0008_test_id08696_MnjuyAG_DCg.mp4,TalkingFace/IP_LAP,id25,,0,2.5976805686950684,-2.5976805686950684,0.0,96.51023864746094,25.0,0.0,0.0,0.0,0.0,0.0,0.0
CelebDFv3,/root/Datasets/CelebDFv3/CelebDFv3/FAKE/TalkingFace/Real3DPortrait/id48_0005_test_id01618_kzxW2WAFWLI.mp4,TalkingFace/Real3DPortrait,id48,,0,4.046121597290039,-4.046121597290039,0.0,101.83722686767578,25.0,0.0,0.0,0.0,0.0,0.0,0.0
CelebDFv3,/root/Datasets/CelebDFv3/CelebDFv3/FAKE/TalkingFace/SadTalker/id23_0002_test_id07961_Q7QhiPMMMVA.mp4,TalkingFace/SadTalker,id23,,0,9.260464668273926,-9.260464668273926,0.0,118.7306137084961,25.0,0.0,0.0,0.0,0.0,0.0,0.0
CelebDFv3,/root/Datasets/CelebDFv3/CelebDFv3/FAKE/FaceReenact/DaGAN/id48_id43_0008.mp4,FaceReenact/DaGAN,id48,id43,0,0.6010638475418091,-0.6010638475418091,0.0,115.21660614013672,30.0,0.0,0.0,0.0,0.0,0.0,0.0
CelebDFv3,/root/Datasets/CelebDFv3/CelebDFv3/FAKE/FaceReenact/FSRT/id54_id50_0004.mp4,FaceReenact/FSRT,id54,id50,0,4.9602789878845215,-4.9602789878845215,0.0,140.5919952392578,20.0,0.0,0.0,0.0,0.0,0.0,0.0
CelebDFv3,/root/Datasets/CelebDFv3/CelebDFv3/FAKE/FaceReenact/HyperReenact/id26_id35_0001.mp4,FaceReenact/HyperReenact,id26,id35,0,6.785165309906006,-6.785165309906006,0.0,105.37178039550781,25.0,0.0,0.0,0.0,0.0,0.0,0.0
CelebDFv3,/root/Datasets/CelebDFv3/CelebDFv3/FAKE/FaceReenact/LIA/id23_id27_0006.mp4,FaceReenact/LIA,id23,id27,0,8.091395378112793,-8.091395378112793,0.0,121.41851043701172,30.0,0.0,0.0,0.0,0.0,0.0,0.0
CelebDFv3,/root/Datasets/CelebDFv3/CelebDFv3/FAKE/FaceReenact/LivePortrait/id23_id34_0000.mp4,FaceReenact/LivePortrait,id23,id34,0,2.993856906890869,-2.993856906890869,0.0,102.65769958496094,30.0,0.0,0.0,0.0,0.0,0.0,0.0
CelebDFv3,/root/Datasets/CelebDFv3/CelebDFv3/FAKE/FaceReenact/MCNET/id48_id39_0008.mp4,FaceReenact/MCNET,id48,id39,0,-0.2376226931810379,0.2376226931810379,0.0,134.76197814941406,30.0,0.0,0.0,0.0,0.0,0.0,0.0
CelebDFv3,/root/Datasets/CelebDFv3/CelebDFv3/FAKE/FaceReenact/TPSMM/id31_id17_0005.mp4,FaceReenact/TPSMM,id31,id17,0,4.817814826965332,-4.817814826965332,0.0,108.3638687133789,30.0,0.0,0.0,0.0,0.0,0.0,0.0
CelebDFv3,/root/Datasets/CelebDFv3/CelebDFv3/FAKE/FaceSwap/BlendFace/id59_id61_0004.mp4,FaceSwap/BlendFace,id59,id61,0,-2.656935453414917,2.656935453414917,0.0,179.4939422607422,30.0,0.0,0.0,0.0,0.0,0.0,0.0
CelebDFv3,/root/Datasets/CelebDFv3/CelebDFv3/FAKE/FaceSwap/Celeb-DF-v2/id25_id26_0002.mp4,FaceSwap/Celeb-DF-v2,id25,id26,0,-3.8217785358428955,3.8217785358428955,0.0,131.6276397705078,30.0,0.0,0.0,0.0,0.0,0.0,0.0
CelebDFv3,/root/Datasets/CelebDFv3/CelebDFv3/FAKE/FaceSwap/GHOST/id31_id16_0004.mp4,FaceSwap/GHOST,id31,id16,0,-11.86874008178711,11.86874008178711,0.0,197.0209197998047,30.0,0.0,0.0,0.0,0.0,0.0,0.0
CelebDFv3,/root/Datasets/CelebDFv3/CelebDFv3/FAKE/FaceSwap/HifiFace/id31_id9_0005.mp4,FaceSwap/HifiFace,id31,id9,0,-5.014051914215088,5.014051914215088,0.0,107.70687103271484,30.0,0.0,0.0,0.0,0.0,0.0,0.0
CelebDFv3,/root/Datasets/CelebDFv3/CelebDFv3/FAKE/FaceSwap/InSwapper/id23_id19_0002.mp4,FaceSwap/InSwapper,id23,id19,0,2.287949562072754,-2.287949562072754,0.0,92.64311981201172,30.0,0.0,0.0,0.0,0.0,0.0,0.0
CelebDFv3,/root/Datasets/CelebDFv3/CelebDFv3/FAKE/FaceSwap/MobileFaceSwap/id26_id38_0001.mp4,FaceSwap/MobileFaceSwap,id26,id38,0,-5.678420066833496,5.678420066833496,0.0,282.66796875,30.0,0.0,0.0,0.0,0.0,0.0,0.0
CelebDFv3,/root/Datasets/CelebDFv3/CelebDFv3/FAKE/FaceSwap/SimSwap/id48_id42_0004.mp4,FaceSwap/SimSwap,id48,id42,0,3.5233943462371826,-3.5233943462371826,0.0,161.45957946777344,30.0,0.0,0.0,0.0,0.0,0.0,0.0
CelebDFv3,/root/Datasets/CelebDFv3/CelebDFv3/FAKE/FaceSwap/UniFace/id26_id32_0001.mp4,FaceSwap/UniFace,id26,id32,0,-5.805212020874023,5.805212020874023,0.0,287.1778564453125,30.0,0.0,0.0,0.0,0.0,0.0,0.0
CelebDFv3,/root/Datasets/CelebDFv3/CelebDFv3/FAKE/TalkingFace/AniTalker/id31_0008_test_id01593_xYSFA0pJBl0.mp4,TalkingFace/AniTalker,id31,,0,8.619966506958008,-8.619966506958008,0.0,130.84121704101562,25.0,0.0,0.0,0.0,0.0,0.0,0.0
CelebDFv3,/root/Datasets/CelebDFv3/CelebDFv3/FAKE/TalkingFace/EDTalk/id59_0009_test_id06484_W9YT6lAdJ3Y.mp4,TalkingFace/EDTalk,id59,,0,0.4423424005508423,-0.4423424005508423,0.0,175.55751037597656,25.0,0.0,0.0,0.0,0.0,0.0,0.0
CelebDFv3,/root/Datasets/CelebDFv3/CelebDFv3/FAKE/TalkingFace/EchoMimic/id56_0009_test_id01460_Es6CkRmkIBY.mp4,TalkingFace/EchoMimic,id56,,0,3.205930471420288,-3.205930471420288,0.0,177.25640869140625,24.0,0.0,0.0,0.0,0.0,0.0,0.0
CelebDFv3,/root/Datasets/CelebDFv3/CelebDFv3/FAKE/TalkingFace/FLOAT/id23_0006_test_id06104_D84wde8JJ_k.mp4,TalkingFace/FLOAT,id23,,0,7.955160140991211,-7.955160140991211,0.0,113.25010681152344,25.0,0.0,0.0,0.0,0.0,0.0,0.0
CelebDFv3,/root/Datasets/CelebDFv3/CelebDFv3/FAKE/TalkingFace/IP_LAP/id22_0008_test_id01593_sU-ejsiL4Fc.mp4,TalkingFace/IP_LAP,id22,,0,4.061493873596191,-4.061493873596191,0.0,120.42679595947266,25.0,0.0,0.0,0.0,0.0,0.0,0.0
CelebDFv3,/root/Datasets/CelebDFv3/CelebDFv3/FAKE/TalkingFace/Real3DPortrait/id23_0006_test_id09017_W9dkqIcvdBg.mp4,TalkingFace/Real3DPortrait,id23,,0,-0.47772711515426636,0.47772711515426636,0.0,116.97300720214844,25.0,0.0,0.0,0.0,0.0,0.0,0.0
CelebDFv3,/root/Datasets/CelebDFv3/CelebDFv3/FAKE/TalkingFace/SadTalker/id54_0001_test_id01228_Jz8TtqKaxhA.mp4,TalkingFace/SadTalker,id54,,0,-11.905981063842773,11.905981063842773,0.0,281.7229309082031,25.0,0.0,0.0,0.0,0.0,0.0,0.0
CelebDFv3,/root/Datasets/CelebDFv3/CelebDFv3/FAKE/FaceReenact/DaGAN/id51_id57_0008.mp4,FaceReenact/DaGAN,id51,id57,0,1.6323567628860474,-1.6323567628860474,0.0,95.88587188720703,29.829999923706055,0.0,0.0,0.0,0.0,0.0,0.0
CelebDFv3,/root/Datasets/CelebDFv3/CelebDFv3/FAKE/FaceReenact/FSRT/id54_id51_0003.mp4,FaceReenact/FSRT,id54,id51,0,-0.7506824731826782,0.7506824731826782,0.0,156.3714599609375,20.0,0.0,0.0,0.0,0.0,0.0,0.0
CelebDFv3,/root/Datasets/CelebDFv3/CelebDFv3/FAKE/FaceReenact/HyperReenact/id26_id24_0001.mp4,FaceReenact/HyperReenact,id26,id24,0,7.904507637023926,-7.904507637023926,0.0,111.23878479003906,25.0,0.0,0.0,0.0,0.0,0.0,0.0
CelebDFv3,/root/Datasets/CelebDFv3/CelebDFv3/FAKE/FaceReenact/LIA/id48_id40_0007.mp4,FaceReenact/LIA,id48,id40,0,4.923827171325684,-4.923827171325684,0.0,102.45906066894531,30.0,0.0,0.0,0.0,0.0,0.0,0.0
CelebDFv3,/root/Datasets/CelebDFv3/CelebDFv3/FAKE/FaceReenact/LivePortrait/id56_id58_0009.mp4,FaceReenact/LivePortrait,id56,id58,0,-1.5590643882751465,1.5590643882751465,0.0,158.00204467773438,29.0,0.0,0.0,0.0,0.0,0.0,0.0
CelebDFv3,/root/Datasets/CelebDFv3/CelebDFv3/FAKE/FaceReenact/MCNET/id11_id7_0008.mp4,FaceReenact/MCNET,id11,id7,0,3.6942124366760254,-3.6942124366760254,0.0,100.85858154296875,30.0,0.0,0.0,0.0,0.0,0.0,0.0
CelebDFv3,/root/Datasets/CelebDFv3/CelebDFv3/FAKE/FaceReenact/TPSMM/id23_id9_0009.mp4,FaceReenact/TPSMM,id23,id9,0,5.6291584968566895,-5.6291584968566895,0.0,108.1912612915039,30.0,0.0,0.0,0.0,0.0,0.0,0.0
CelebDFv3,/root/Datasets/CelebDFv3/CelebDFv3/FAKE/FaceSwap/BlendFace/id51_id55_0004.mp4,FaceSwap/BlendFace,id51,id55,0,-1.5118992328643799,1.5118992328643799,0.0,104.74971008300781,29.0,0.0,0.0,0.0,0.0,0.0,0.0
CelebDFv3,/root/Datasets/CelebDFv3/CelebDFv3/FAKE/FaceSwap/Celeb-DF-v2/id54_id55_0008.mp4,FaceSwap/Celeb-DF-v2,id54,id55,0,-1.2454464435577393,1.2454464435577393,0.0,128.97865295410156,30.0,0.0,0.0,0.0,0.0,0.0,0.0
CelebDFv3,/root/Datasets/CelebDFv3/CelebDFv3/FAKE/FaceSwap/GHOST/id31_id34_0006.mp4,FaceSwap/GHOST,id31,id34,0,-7.3067731857299805,7.3067731857299805,0.0,208.49061584472656,30.0,0.0,0.0,0.0,0.0,0.0,0.0
CelebDFv3,/root/Datasets/CelebDFv3/CelebDFv3/FAKE/FaceSwap/HifiFace/id26_id17_0004.mp4,FaceSwap/HifiFace,id26,id17,0,-0.9579936265945435,0.9579936265945435,0.0,134.8052520751953,30.0,0.0,0.0,0.0,0.0,0.0,0.0
CelebDFv3,/root/Datasets/CelebDFv3/CelebDFv3/FAKE/FaceSwap/InSwapper/id31_id34_0009.mp4,FaceSwap/InSwapper,id31,id34,0,0.16754455864429474,-0.16754455864429474,0.0,109.88510131835938,30.0,0.0,0.0,0.0,0.0,0.0,0.0
CelebDFv3,/root/Datasets/CelebDFv3/CelebDFv3/FAKE/FaceSwap/MobileFaceSwap/id54_id51_0006.mp4,FaceSwap/MobileFaceSwap,id54,id51,0,3.206413745880127,-3.206413745880127,0.0,232.85874938964844,30.0,0.0,0.0,0.0,0.0,0.0,0.0
CelebDFv3,/root/Datasets/CelebDFv3/CelebDFv3/FAKE/FaceSwap/SimSwap/id31_id29_0001.mp4,FaceSwap/SimSwap,id31,id29,0,1.1070458889007568,-1.1070458889007568,0.0,126.90184783935547,30.0,0.0,0.0,0.0,0.0,0.0,0.0
CelebDFv3,/root/Datasets/CelebDFv3/CelebDFv3/FAKE/FaceSwap/UniFace/id56_id52_0008.mp4,FaceSwap/UniFace,id56,id52,0,-1.6831915378570557,1.6831915378570557,0.0,121.07975006103516,30.0,0.0,0.0,0.0,0.0,0.0,0.0
CelebDFv3,/root/Datasets/CelebDFv3/CelebDFv3/FAKE/TalkingFace/AniTalker/id22_0003_test_id00081_jO5DSKhhcqQ.mp4,TalkingFace/AniTalker,id22,,0,7.841095924377441,-7.841095924377441,0.0,148.83108520507812,25.0,0.0,0.0,0.0,0.0,0.0,0.0
CelebDFv3,/root/Datasets/CelebDFv3/CelebDFv3/FAKE/TalkingFace/EDTalk/id54_0003_test_id00562_2KLM0Lact6A.mp4,TalkingFace/EDTalk,id54,,0,4.184493541717529,-4.184493541717529,0.0,152.6668243408203,25.0,0.0,0.0,0.0,0.0,0.0,0.0
CelebDFv3,/root/Datasets/CelebDFv3/CelebDFv3/FAKE/TalkingFace/EchoMimic/id59_0007_test_id02019_anSrwA_9RPE.mp4,TalkingFace/EchoMimic,id59,,0,3.9985976219177246,-3.9985976219177246,0.0,119.0960922241211,24.0,0.0,0.0,0.0,0.0,0.0,0.0
CelebDFv3,/root/Datasets/CelebDFv3/CelebDFv3/FAKE/TalkingFace/FLOAT/id26_0000_test_id01593_Clw9yg6Jd34.mp4,TalkingFace/FLOAT,id26,,0,3.810232400894165,-3.810232400894165,0.0,112.90988159179688,25.0,0.0,0.0,0.0,0.0,0.0,0.0
CelebDFv3,/root/Datasets/CelebDFv3/CelebDFv3/FAKE/TalkingFace/IP_LAP/id22_0006_test_id04478_qfn8NllQPNY.mp4,TalkingFace/IP_LAP,id22,,0,9.925718307495117,-9.925718307495117,0.0,120.60525512695312,25.0,0.0,0.0,0.0,0.0,0.0,0.0
CelebDFv3,/root/Datasets/CelebDFv3/CelebDFv3/FAKE/TalkingFace/Real3DPortrait/id51_0006_test_id07312_0LWllHGohPY.mp4,TalkingFace/Real3DPortrait,id51,,0,0.1821000576019287,-0.1821000576019287,0.0,120.51289367675781,25.0,0.0,0.0,0.0,0.0,0.0,0.0
CelebDFv3,/root/Datasets/CelebDFv3/CelebDFv3/FAKE/TalkingFace/SadTalker/id54_0000_test_id01593_Clw9yg6Jd34.mp4,TalkingFace/SadTalker,id54,,0,4.343552112579346,-4.343552112579346,0.0,118.73351287841797,25.0,0.0,0.0,0.0,0.0,0.0,0.0
CelebDFv3,/root/Datasets/CelebDFv3/CelebDFv3/FAKE/FaceReenact/DaGAN/id26_id30_0003.mp4,FaceReenact/DaGAN,id26,id30,0,-0.18674051761627197,0.18674051761627197,0.0,263.8944396972656,30.0,0.0,0.0,0.0,0.0,0.0,0.0
CelebDFv3,/root/Datasets/CelebDFv3/CelebDFv3/FAKE/FaceReenact/FSRT/id11_id7_0002.mp4,FaceReenact/FSRT,id11,id7,0,2.6922318935394287,-2.6922318935394287,0.0,96.90108489990234,20.0,0.0,0.0,0.0,0.0,0.0,0.0
CelebDFv3,/root/Datasets/CelebDFv3/CelebDFv3/FAKE/FaceReenact/HyperReenact/id23_id26_0001.mp4,FaceReenact/HyperReenact,id23,id26,0,7.006056785583496,-7.006056785583496,0.0,108.72837829589844,25.0,0.0,0.0,0.0,0.0,0.0,0.0
CelebDFv3,/root/Datasets/CelebDFv3/CelebDFv3/FAKE/FaceReenact/LIA/id26_id2_0005.mp4,FaceReenact/LIA,id26,id2,0,5.55820369720459,-5.55820369720459,0.0,160.94544982910156,30.0,0.0,0.0,0.0,0.0,0.0,0.0
CelebDFv3,/root/Datasets/CelebDFv3/CelebDFv3/FAKE/FaceReenact/LivePortrait/id22_id23_0001.mp4,FaceReenact/LivePortrait,id22,id23,0,-3.172649621963501,3.172649621963501,0.0,137.08749389648438,30.0,0.0,0.0,0.0,0.0,0.0,0.0
CelebDFv3,/root/Datasets/CelebDFv3/CelebDFv3/FAKE/FaceReenact/MCNET/id51_id53_0006.mp4,FaceReenact/MCNET,id51,id53,0,-1.6783490180969238,1.6783490180969238,0.0,111.8727035522461,30.0,0.0,0.0,0.0,0.0,0.0,0.0
CelebDFv3,/root/Datasets/CelebDFv3/CelebDFv3/FAKE/FaceReenact/TPSMM/id25_id21_0002.mp4,FaceReenact/TPSMM,id25,id21,0,7.854157447814941,-7.854157447814941,0.0,94.29279327392578,30.0,0.0,0.0,0.0,0.0,0.0,0.0
CelebDFv3,/root/Datasets/CelebDFv3/CelebDFv3/FAKE/FaceSwap/BlendFace/id56_id55_0003.mp4,FaceSwap/BlendFace,id56,id55,0,3.7350008487701416,-3.7350008487701416,0.0,327.4366455078125,30.0,0.0,0.0,0.0,0.0,0.0,0.0
CelebDFv3,/root/Datasets/CelebDFv3/CelebDFv3/FAKE/FaceSwap/Celeb-DF-v2/id31_id33_0008.mp4,FaceSwap/Celeb-DF-v2,id31,id33,0,1.8060119152069092,-1.8060119152069092,0.0,120.31694793701172,30.0,0.0,0.0,0.0,0.0,0.0,0.0
CelebDFv3,/root/Datasets/CelebDFv3/CelebDFv3/FAKE/FaceSwap/GHOST/id23_id34_0009.mp4,FaceSwap/GHOST,id23,id34,0,2.041398763656616,-2.041398763656616,0.0,138.82150268554688,30.0,0.0,0.0,0.0,0.0,0.0,0.0
CelebDFv3,/root/Datasets/CelebDFv3/CelebDFv3/FAKE/FaceSwap/HifiFace/id25_id20_0005.mp4,FaceSwap/HifiFace,id25,id20,0,2.416172981262207,-2.416172981262207,0.0,105.75914764404297,30.0,0.0,0.0,0.0,0.0,0.0,0.0
CelebDFv3,/root/Datasets/CelebDFv3/CelebDFv3/FAKE/FaceSwap/InSwapper/id54_id58_0004.mp4,FaceSwap/InSwapper,id54,id58,0,-4.49241304397583,4.49241304397583,0.0,153.88941955566406,30.0,0.0,0.0,0.0,0.0,0.0,0.0
CelebDFv3,/root/Datasets/CelebDFv3/CelebDFv3/FAKE/FaceSwap/MobileFaceSwap/id31_id1_0001.mp4,FaceSwap/MobileFaceSwap,id31,id1,0,1.0594805479049683,-1.0594805479049683,0.0,126.15339660644531,30.0,0.0,0.0,0.0,0.0,0.0,0.0
CelebDFv3,/root/Datasets/CelebDFv3/CelebDFv3/FAKE/FaceSwap/SimSwap/id26_id38_0001.mp4,FaceSwap/SimSwap,id26,id38,0,-5.799646377563477,5.799646377563477,0.0,285.6402893066406,30.0,0.0,0.0,0.0,0.0,0.0,0.0
CelebDFv3,/root/Datasets/CelebDFv3/CelebDFv3/FAKE/FaceSwap/UniFace/id11_id7_0003.mp4,FaceSwap/UniFace,id11,id7,0,0.16719146072864532,-0.16719146072864532,0.0,129.9445343017578,30.0,0.0,0.0,0.0,0.0,0.0,0.0
CelebDFv3,/root/Datasets/CelebDFv3/CelebDFv3/FAKE/TalkingFace/AniTalker/id22_0005_test_id04276_Sgb1KpIJt90.mp4,TalkingFace/AniTalker,id22,,0,13.266585350036621,-13.266585350036621,0.0,130.8861846923828,25.0,0.0,0.0,0.0,0.0,0.0,0.0
CelebDFv3,/root/Datasets/CelebDFv3/CelebDFv3/FAKE/TalkingFace/EDTalk/id25_0007_test_id00812_uCF5yBvYa9k.mp4,TalkingFace/EDTalk,id25,,0,7.364885330200195,-7.364885330200195,0.0,130.30349731445312,25.0,0.0,0.0,0.0,0.0,0.0,0.0
CelebDFv3,/root/Datasets/CelebDFv3/CelebDFv3/FAKE/TalkingFace/EchoMimic/id31_0007_test_id05459_7UxF1t_taDk.mp4,TalkingFace/EchoMimic,id31,,0,9.444620132446289,-9.444620132446289,0.0,199.6113739013672,24.0,0.0,0.0,0.0,0.0,0.0,0.0
CelebDFv3,/root/Datasets/CelebDFv3/CelebDFv3/FAKE/TalkingFace/FLOAT/id59_0008_test_id01228_wQ0cqLka-oQ.mp4,TalkingFace/FLOAT,id59,,0,5.932046890258789,-5.932046890258789,0.0,123.14519500732422,25.0,0.0,0.0,0.0,0.0,0.0,0.0
CelebDFv3,/root/Datasets/CelebDFv3/CelebDFv3/FAKE/TalkingFace/IP_LAP/id8_0001_test_id00926_KV8f4Uucosc.mp4,TalkingFace/IP_LAP,id8,,0,2.84340763092041,-2.84340763092041,0.0,138.83599853515625,25.0,0.0,0.0,0.0,0.0,0.0,0.0
CelebDFv3,/root/Datasets/CelebDFv3/CelebDFv3/FAKE/TalkingFace/Real3DPortrait/id8_0005_test_id07312_0LWllHGohPY.mp4,TalkingFace/Real3DPortrait,id8,,0,9.693586349487305,-9.693586349487305,0.0,111.24993133544922,25.0,0.0,0.0,0.0,0.0,0.0,0.0
CelebDFv3,/root/Datasets/CelebDFv3/CelebDFv3/FAKE/TalkingFace/SadTalker/id48_0006_test_id04094_iuzHh5LLoUo.mp4,TalkingFace/SadTalker,id48,,0,1.1525572538375854,-1.1525572538375854,0.0,119.9670181274414,25.0,0.0,0.0,0.0,0.0,0.0,0.0
CelebDFv3,/root/Datasets/CelebDFv3/CelebDFv3/FAKE/FaceReenact/DaGAN/id48_id39_0007.mp4,FaceReenact/DaGAN,id48,id39,0,0.7244232892990112,-0.7244232892990112,0.0,98.0321044921875,30.0,0.0,0.0,0.0,0.0,0.0,0.0
CelebDFv3,/root/Datasets/CelebDFv3/CelebDFv3/FAKE/FaceReenact/FSRT/id8_id0_0008.mp4,FaceReenact/FSRT,id8,id0,0,1.8665260076522827,-1.8665260076522827,0.0,105.90825653076172,20.0,0.0,0.0,0.0,0.0,0.0,0.0
CelebDFv3,/root/Datasets/CelebDFv3/CelebDFv3/FAKE/FaceReenact/HyperReenact/id59_id5_0004.mp4,FaceReenact/HyperReenact,id59,id5,0,9.336827278137207,-9.336827278137207,0.0,232.36944580078125,25.0,0.0,0.0,0.0,0.0,0.0,0.0
CelebDFv3,/root/Datasets/CelebDFv3/CelebDFv3/FAKE/FaceReenact/LIA/id48_id42_0001.mp4,FaceReenact/LIA,id48,id42,0,6.864895343780518,-6.864895343780518,0.0,109.40496063232422,30.0,0.0,0.0,0.0,0.0,0.0,0.0
CelebDFv3,/root/Datasets/CelebDFv3/CelebDFv3/FAKE/FaceReenact/LivePortrait/id31_id20_0003.mp4,FaceReenact/LivePortrait,id31,id20,0,1.0614233016967773,-1.0614233016967773,0.0,176.64015197753906,30.0,0.0,0.0,0.0,0.0,0.0,0.0
CelebDFv3,/root/Datasets/CelebDFv3/CelebDFv3/FAKE/FaceReenact/MCNET/id31_id35_0007.mp4,FaceReenact/MCNET,id31,id35,0,7.880821704864502,-7.880821704864502,0.0,171.29574584960938,30.0,0.0,0.0,0.0,0.0,0.0,0.0
CelebDFv3,/root/Datasets/CelebDFv3/CelebDFv3/FAKE/FaceReenact/TPSMM/id31_id35_0002.mp4,FaceReenact/TPSMM,id31,id35,0,3.9010000228881836,-3.9010000228881836,0.0,117.40640258789062,30.0,0.0,0.0,0.0,0.0,0.0,0.0
CelebDFv3,/root/Datasets/CelebDFv3/CelebDFv3/FAKE/FaceSwap/BlendFace/id31_id20_0002.mp4,FaceSwap/BlendFace,id31,id20,0,-2.469900608062744,2.469900608062744,0.0,149.40945434570312,30.0,0.0,0.0,0.0,0.0,0.0,0.0
CelebDFv3,/root/Datasets/CelebDFv3/CelebDFv3/FAKE/FaceSwap/Celeb-DF-v2/id26_id9_0002.mp4,FaceSwap/Celeb-DF-v2,id26,id9,0,-2.8906149864196777,2.8906149864196777,0.0,95.98661041259766,30.0,0.0,0.0,0.0,0.0,0.0,0.0
CelebDFv3,/root/Datasets/CelebDFv3/CelebDFv3/FAKE/FaceSwap/GHOST/id54_id57_0006.mp4,FaceSwap/GHOST,id54,id57,0,3.337561845779419,-3.337561845779419,0.0,238.50709533691406,30.0,0.0,0.0,0.0,0.0,0.0,0.0
CelebDFv3,/root/Datasets/CelebDFv3/CelebDFv3/FAKE/FaceSwap/HifiFace/id26_id6_0002.mp4,FaceSwap/HifiFace,id26,id6,0,-2.5667591094970703,2.5667591094970703,0.0,96.7740478515625,30.0,0.0,0.0,0.0,0.0,0.0,0.0
CelebDFv3,/root/Datasets/CelebDFv3/CelebDFv3/FAKE/FaceSwap/InSwapper/id31_id28_0004.mp4,FaceSwap/InSwapper,id31,id28,0,-11.7265043258667,11.7265043258667,0.0,197.33409118652344,30.0,0.0,0.0,0.0,0.0,0.0,0.0
CelebDFv3,/root/Datasets/CelebDFv3/CelebDFv3/FAKE/FaceSwap/MobileFaceSwap/id26_id9_0008.mp4,FaceSwap/MobileFaceSwap,id26,id9,0,-0.04727020114660263,0.04727020114660263,0.0,101.95658874511719,30.0,0.0,0.0,0.0,0.0,0.0,0.0
CelebDFv3,/root/Datasets/CelebDFv3/CelebDFv3/FAKE/FaceSwap/SimSwap/id31_id26_0007.mp4,FaceSwap/SimSwap,id31,id26,0,-1.7203993797302246,1.7203993797302246,0.0,272.03240966796875,30.0,0.0,0.0,0.0,0.0,0.0,0.0
CelebDFv3,/root/Datasets/CelebDFv3/CelebDFv3/FAKE/FaceSwap/UniFace/id23_id32_0009.mp4,FaceSwap/UniFace,id23,id32,0,2.805163621902466,-2.805163621902466,0.0,141.0612335205078,30.0,0.0,0.0,0.0,0.0,0.0,0.0
CelebDFv3,/root/Datasets/CelebDFv3/CelebDFv3/FAKE/TalkingFace/AniTalker/id23_0000_test_id01509_6wp2Lht90Fw.mp4,TalkingFace/AniTalker,id23,,0,9.148574829101562,-9.148574829101562,0.0,136.99954223632812,25.0,0.0,0.0,0.0,0.0,0.0,0.0
CelebDFv3,/root/Datasets/CelebDFv3/CelebDFv3/FAKE/TalkingFace/EDTalk/id23_0000_test_id01541_H1G3yUV598w.mp4,TalkingFace/EDTalk,id23,,0,9.373769760131836,-9.373769760131836,0.0,126.38516998291016,25.0,0.0,0.0,0.0,0.0,0.0,0.0
CelebDFv3,/root/Datasets/CelebDFv3/CelebDFv3/FAKE/TalkingFace/EchoMimic/id51_0000_test_id05124_69HB1cXEoac.mp4,TalkingFace/EchoMimic,id51,,0,7.272205352783203,-7.272205352783203,0.0,124.39361572265625,24.0,0.0,0.0,0.0,0.0,0.0,0.0
CelebDFv3,/root/Datasets/CelebDFv3/CelebDFv3/FAKE/TalkingFace/FLOAT/id22_0005_test_id04276_Sgb1KpIJt90.mp4,TalkingFace/FLOAT,id22,,0,8.721933364868164,-8.721933364868164,0.0,131.16795349121094,25.0,0.0,0.0,0.0,0.0,0.0,0.0
CelebDFv3,/root/Datasets/CelebDFv3/CelebDFv3/FAKE/TalkingFace/IP_LAP/id11_0005_test_id02465_PhHBC9xmnUQ.mp4,TalkingFace/IP_LAP,id11,,0,1.5466704368591309,-1.5466704368591309,0.0,110.41845703125,25.0,0.0,0.0,0.0,0.0,0.0,0.0
CelebDFv3,/root/Datasets/CelebDFv3/CelebDFv3/FAKE/TalkingFace/Real3DPortrait/id51_0006_test_id01892_aYQNf2Z8dGI.mp4,TalkingFace/Real3DPortrait,id51,,0,-0.009387314319610596,0.009387314319610596,0.0,120.79474639892578,25.0,0.0,0.0,0.0,0.0,0.0,0.0
CelebDFv3,/root/Datasets/CelebDFv3/CelebDFv3/FAKE/TalkingFace/SadTalker/id51_0005_test_id08701_IF-okJTentA.mp4,TalkingFace/SadTalker,id51,,0,1.0529497861862183,-1.0529497861862183,0.0,137.99578857421875,25.0,0.0,0.0,0.0,0.0,0.0,0.0
CelebDFv3,/root/Datasets/CelebDFv3/CelebDFv3/FAKE/FaceReenact/DaGAN/id51_id58_0000.mp4,FaceReenact/DaGAN,id51,id58,0,2.931535005569458,-2.931535005569458,0.0,127.71307373046875,30.0,0.0,0.0,0.0,0.0,0.0,0.0
CelebDFv3,/root/Datasets/CelebDFv3/CelebDFv3/FAKE/FaceReenact/FSRT/id22_id24_0009.mp4,FaceReenact/FSRT,id22,id24,0,-1.0065370798110962,1.0065370798110962,0.0,106.0938491821289,20.0,0.0,0.0,0.0,0.0,0.0,0.0
CelebDFv3,/root/Datasets/CelebDFv3/CelebDFv3/FAKE/FaceReenact/HyperReenact/id48_id40_0007.mp4,FaceReenact/HyperReenact,id48,id40,0,2.0172624588012695,-2.0172624588012695,0.0,113.7760238647461,25.0,0.0,0.0,0.0,0.0,0.0,0.0
CelebDFv3,/root/Datasets/CelebDFv3/CelebDFv3/FAKE/FaceReenact/LIA/id23_id29_0005.mp4,FaceReenact/LIA,id23,id29,0,4.859598636627197,-4.859598636627197,0.0,96.54573059082031,30.0,0.0,0.0,0.0,0.0,0.0,0.0
CelebDFv3,/root/Datasets/CelebDFv3/CelebDFv3/FAKE/FaceReenact/LivePortrait/id26_id37_0008.mp4,FaceReenact/LivePortrait,id26,id37,0,-0.5599372386932373,0.5599372386932373,0.0,108.14559173583984,30.0,0.0,0.0,0.0,0.0,0.0,0.0
CelebDFv3,/root/Datasets/CelebDFv3/CelebDFv3/FAKE/FaceReenact/MCNET/id51_id58_0002.mp4,FaceReenact/MCNET,id51,id58,0,2.3958687782287598,-2.3958687782287598,0.0,114.29864501953125,30.0,0.0,0.0,0.0,0.0,0.0,0.0
CelebDFv3,/root/Datasets/CelebDFv3/CelebDFv3/FAKE/FaceReenact/TPSMM/id23_id4_0007.mp4,FaceReenact/TPSMM,id23,id4,0,7.610750198364258,-7.610750198364258,0.0,111.49107360839844,30.0,0.0,0.0,0.0,0.0,0.0,0.0
CelebDFv3,/root/Datasets/CelebDFv3/CelebDFv3/FAKE/FaceSwap/BlendFace/id56_id50_0005.mp4,FaceSwap/BlendFace,id56,id50,0,1.7064322233200073,-1.7064322233200073,0.0,128.7244873046875,29.899993896484375,0.0,0.0,0.0,0.0,0.0,0.0
CelebDFv3,/root/Datasets/CelebDFv3/CelebDFv3/FAKE/FaceSwap/Celeb-DF-v2/id31_id3_0009.mp4,FaceSwap/Celeb-DF-v2,id31,id3,0,0.505459189414978,-0.505459189414978,0.0,109.56013488769531,30.0,0.0,0.0,0.0,0.0,0.0,0.0
CelebDFv3,/root/Datasets/CelebDFv3/CelebDFv3/FAKE/FaceSwap/GHOST/id25_id23_0005.mp4,FaceSwap/GHOST,id25,id23,0,2.747368335723877,-2.747368335723877,0.0,105.45417785644531,30.0,0.0,0.0,0.0,0.0,0.0,0.0
CelebDFv3,/root/Datasets/CelebDFv3/CelebDFv3/FAKE/FaceSwap/HifiFace/id54_id53_0008.mp4,FaceSwap/HifiFace,id54,id53,0,-1.2965900897979736,1.2965900897979736,0.0,127.85016632080078,30.0,0.0,0.0,0.0,0.0,0.0,0.0
CelebDFv3,/root/Datasets/CelebDFv3/CelebDFv3/FAKE/FaceSwap/InSwapper/id26_id17_0006.mp4,FaceSwap/InSwapper,id26,id17,0,12.31393051147461,-12.31393051147461,0.0,179.8485107421875,30.0,0.0,0.0,0.0,0.0,0.0,0.0
CelebDFv3,/root/Datasets/CelebDFv3/CelebDFv3/FAKE/FaceSwap/MobileFaceSwap/id31_id1_0000.mp4,FaceSwap/MobileFaceSwap,id31,id1,0,-3.904233694076538,3.904233694076538,0.0,148.57090759277344,30.0,0.0,0.0,0.0,0.0,0.0,0.0
CelebDFv3,/root/Datasets/CelebDFv3/CelebDFv3/FAKE/FaceSwap/SimSwap/id8_id1_0008.mp4,FaceSwap/SimSwap,id8,id1,0,-4.168647766113281,4.168647766113281,0.0,253.9576416015625,30.0,0.0,0.0,0.0,0.0,0.0,0.0
CelebDFv3,/root/Datasets/CelebDFv3/CelebDFv3/FAKE/FaceSwap/UniFace/id31_id20_0001.mp4,FaceSwap/UniFace,id31,id20,0,0.9857533574104309,-0.9857533574104309,0.0,126.37641143798828,30.0,0.0,0.0,0.0,0.0,0.0,0.0
CelebDFv3,/root/Datasets/CelebDFv3/CelebDFv3/FAKE/TalkingFace/AniTalker/id25_0008_test_id05654_kf8VbORusoE.mp4,TalkingFace/AniTalker,id25,,0,5.272830009460449,-5.272830009460449,0.0,105.98995208740234,25.0,0.0,0.0,0.0,0.0,0.0,0.0
CelebDFv3,/root/Datasets/CelebDFv3/CelebDFv3/FAKE/TalkingFace/EDTalk/id23_0006_test_id02057_QZYXK4dWZoY.mp4,TalkingFace/EDTalk,id23,,0,9.672348022460938,-9.672348022460938,0.0,121.31387329101562,25.0,0.0,0.0,0.0,0.0,0.0,0.0
CelebDFv3,/root/Datasets/CelebDFv3/CelebDFv3/FAKE/TalkingFace/EchoMimic/id59_0009_test_id03862_yHtRhESo9Q0.mp4,TalkingFace/EchoMimic,id59,,0,0.937296986579895,-0.937296986579895,0.0,174.69761657714844,24.0,0.0,0.0,0.0,0.0,0.0,0.0
CelebDFv3,/root/Datasets/CelebDFv3/CelebDFv3/FAKE/TalkingFace/FLOAT/id22_0007_test_id05594_etgiFErH_K0.mp4,TalkingFace/FLOAT,id22,,0,0.5711033940315247,-0.5711033940315247,0.0,153.0172576904297,25.0,0.0,0.0,0.0,0.0,0.0,0.0
CelebDFv3,/root/Datasets/CelebDFv3/CelebDFv3/FAKE/TalkingFace/IP_LAP/id54_0005_test_id03178_NLOzCF7vIio.mp4,TalkingFace/IP_LAP,id54,,0,6.452544212341309,-6.452544212341309,0.0,111.62739562988281,25.0,0.0,0.0,0.0,0.0,0.0,0.0
CelebDFv3,/root/Datasets/CelebDFv3/CelebDFv3/FAKE/TalkingFace/Real3DPortrait/id48_0004_test_id09017_D8dCOAYteTY.mp4,TalkingFace/Real3DPortrait,id48,,0,6.856350898742676,-6.856350898742676,0.0,123.77050018310547,25.0,0.0,0.0,0.0,0.0,0.0,0.0
CelebDFv3,/root/Datasets/CelebDFv3/CelebDFv3/FAKE/TalkingFace/SadTalker/id51_0006_test_id02685_WRyNA6xW_T0.mp4,TalkingFace/SadTalker,id51,,0,2.400207042694092,-2.400207042694092,0.0,120.72759246826172,25.0,0.0,0.0,0.0,0.0,0.0,0.0
CelebDFv3,/root/Datasets/CelebDFv3/CelebDFv3/FAKE/FaceReenact/DaGAN/id31_id37_0002.mp4,FaceReenact/DaGAN,id31,id37,0,2.845663547515869,-2.845663547515869,0.0,120.70822143554688,30.0,0.0,0.0,0.0,0.0,0.0,0.0
CelebDFv3,/root/Datasets/CelebDFv3/CelebDFv3/FAKE/FaceReenact/FSRT/id31_id37_0004.mp4,FaceReenact/FSRT,id31,id37,0,-5.473826885223389,5.473826885223389,0.0,183.65782165527344,20.0,0.0,0.0,0.0,0.0,0.0,0.0
CelebDFv3,/root/Datasets/CelebDFv3/CelebDFv3/FAKE/FaceReenact/HyperReenact/id31_id6_0005.mp4,FaceReenact/HyperReenact,id31,id6,0,9.330554008483887,-9.330554008483887,0.0,116.13652038574219,25.0,0.0,0.0,0.0,0.0,0.0,0.0
CelebDFv3,/root/Datasets/CelebDFv3/CelebDFv3/FAKE/FaceReenact/LIA/id26_id30_0006.mp4,FaceReenact/LIA,id26,id30,0,2.9155659675598145,-2.9155659675598145,0.0,154.31521606445312,30.0,0.0,0.0,0.0,0.0,0.0,0.0
CelebDFv3,/root/Datasets/CelebDFv3/CelebDFv3/FAKE/FaceReenact/LivePortrait/id26_id32_0006.mp4,FaceReenact/LivePortrait,id26,id32,0,13.555994033813477,-13.555994033813477,0.0,192.32933044433594,30.0,0.0,0.0,0.0,0.0,0.0,0.0
CelebDFv3,/root/Datasets/CelebDFv3/CelebDFv3/FAKE/FaceReenact/MCNET/id23_id29_0007.mp4,FaceReenact/MCNET,id23,id29,0,6.339353561401367,-6.339353561401367,0.0,120.64257049560547,30.0,0.0,0.0,0.0,0.0,0.0,0.0
CelebDFv3,/root/Datasets/CelebDFv3/CelebDFv3/FAKE/FaceReenact/TPSMM/id23_id22_0002.mp4,FaceReenact/TPSMM,id23,id22,0,6.640451431274414,-6.640451431274414,0.0,105.09429168701172,30.0,0.0,0.0,0.0,0.0,0.0,0.0
CelebDFv3,/root/Datasets/CelebDFv3/CelebDFv3/FAKE/FaceSwap/BlendFace/id48_id45_0003.mp4,FaceSwap/BlendFace,id48,id45,0,3.1971397399902344,-3.1971397399902344,0.0,121.13623046875,30.0,0.0,0.0,0.0,0.0,0.0,0.0
CelebDFv3,/root/Datasets/CelebDFv3/CelebDFv3/FAKE/FaceSwap/Celeb-DF-v2/id51_id53_0007.mp4,FaceSwap/Celeb-DF-v2,id51,id53,0,-2.541259765625,2.541259765625,0.0,107.7645492553711,30.0,0.0,0.0,0.0,0.0,0.0,0.0
CelebDFv3,/root/Datasets/CelebDFv3/CelebDFv3/FAKE/FaceSwap/GHOST/id59_id60_0001.mp4,FaceSwap/GHOST,id59,id60,0,-8.455821990966797,8.455821990966797,0.0,293.3256530761719,30.0,0.0,0.0,0.0,0.0,0.0,0.0
CelebDFv3,/root/Datasets/CelebDFv3/CelebDFv3/FAKE/FaceSwap/HifiFace/id51_id49_0001.mp4,FaceSwap/HifiFace,id51,id49,0,0.5454189777374268,-0.5454189777374268,0.0,222.41343688964844,30.0,0.0,0.0,0.0,0.0,0.0,0.0
CelebDFv3,/root/Datasets/CelebDFv3/CelebDFv3/FAKE/FaceSwap/InSwapper/id56_id52_0008.mp4,FaceSwap/InSwapper,id56,id52,0,-1.6335811614990234,1.6335811614990234,0.0,121.26795196533203,30.0,0.0,0.0,0.0,0.0,0.0,0.0
CelebDFv3,/root/Datasets/CelebDFv3/CelebDFv3/FAKE/FaceSwap/MobileFaceSwap/id26_id28_0004.mp4,FaceSwap/MobileFaceSwap,id26,id28,0,-0.765024721622467,0.765024721622467,0.0,134.60415649414062,30.0,0.0,0.0,0.0,0.0,0.0,0.0
CelebDFv3,/root/Datasets/CelebDFv3/CelebDFv3/FAKE/FaceSwap/SimSwap/id31_id37_0007.mp4,FaceSwap/SimSwap,id31,id37,0,-1.6649647951126099,1.6649647951126099,0.0,271.6672058105469,30.0,0.0,0.0,0.0,0.0,0.0,0.0
CelebDFv3,/root/Datasets/CelebDFv3/CelebDFv3/FAKE/FaceSwap/UniFace/id25_id27_0005.mp4,FaceSwap/UniFace,id25,id27,0,2.3415493965148926,-2.3415493965148926,0.0,105.6600570678711,30.0,0.0,0.0,0.0,0.0,0.0,0.0
CelebDFv3,/root/Datasets/CelebDFv3/CelebDFv3/FAKE/TalkingFace/AniTalker/id8_0007_test_id00419_DkYa8HiTgJs.mp4,TalkingFace/AniTalker,id8,,0,10.721260070800781,-10.721260070800781,0.0,110.11492919921875,25.0,0.0,0.0,0.0,0.0,0.0,0.0
CelebDFv3,/root/Datasets/CelebDFv3/CelebDFv3/FAKE/TalkingFace/EDTalk/id56_0004_test_id04232__k0hgacT2zc.mp4,TalkingFace/EDTalk,id56,,0,4.571843147277832,-4.571843147277832,0.0,109.28215026855469,25.0,0.0,0.0,0.0,0.0,0.0,0.0
CelebDFv3,/root/Datasets/CelebDFv3/CelebDFv3/FAKE/TalkingFace/EchoMimic/id48_0000_test_id08701_nb6GRAMAOQI.mp4,TalkingFace/EchoMimic,id48,,0,6.266204833984375,-6.266204833984375,0.0,129.43838500976562,24.0,0.0,0.0,0.0,0.0,0.0,0.0
CelebDFv3,/root/Datasets/CelebDFv3/CelebDFv3/FAKE/TalkingFace/FLOAT/id26_0009_test_id01224_0MbJ83_n8G0.mp4,TalkingFace/FLOAT,id26,,0,3.7440876960754395,-3.7440876960754395,0.0,139.60206604003906,25.0,0.0,0.0,0.0,0.0,0.0,0.0
CelebDFv3,/root/Datasets/CelebDFv3/CelebDFv3/FAKE/TalkingFace/IP_LAP/id22_0008_test_id07868_Lw-dcrg4BcQ.mp4,TalkingFace/IP_LAP,id22,,0,3.7441294193267822,-3.7441294193267822,0.0,119.53788757324219,25.0,0.0,0.0,0.0,0.0,0.0,0.0
CelebDFv3,/root/Datasets/CelebDFv3/CelebDFv3/FAKE/TalkingFace/Real3DPortrait/id25_0001_test_id00817_Aw0R9CBKeYY.mp4,TalkingFace/Real3DPortrait,id25,,0,4.392974853515625,-4.392974853515625,0.0,145.7388153076172,25.0,0.0,0.0,0.0,0.0,0.0,0.0
CelebDFv3,/root/Datasets/CelebDFv3/CelebDFv3/FAKE/TalkingFace/SadTalker/id26_0003_test_id02317_V1il-79GsT4.mp4,TalkingFace/SadTalker,id26,,0,2.967705249786377,-2.967705249786377,0.0,318.35479736328125,25.0,0.0,0.0,0.0,0.0,0.0,0.0
CelebDFv3,/root/Datasets/CelebDFv3/CelebDFv3/FAKE/FaceReenact/DaGAN/id31_id9_0002.mp4,FaceReenact/DaGAN,id31,id9,0,3.413064479827881,-3.413064479827881,0.0,123.94374084472656,30.0,0.0,0.0,0.0,0.0,0.0,0.0
CelebDFv3,/root/Datasets/CelebDFv3/CelebDFv3/FAKE/FaceReenact/FSRT/id56_id58_0009.mp4,FaceReenact/FSRT,id56,id58,0,2.494579792022705,-2.494579792022705,0.0,179.33963012695312,20.0,0.0,0.0,0.0,0.0,0.0,0.0
CelebDFv3,/root/Datasets/CelebDFv3/CelebDFv3/FAKE/FaceReenact/HyperReenact/id56_id49_0006.mp4,FaceReenact/HyperReenact,id56,id49,0,8.29201889038086,-8.29201889038086,0.0,110.51793670654297,25.0,0.0,0.0,0.0,0.0,0.0,0.0
CelebDFv3,/root/Datasets/CelebDFv3/CelebDFv3/FAKE/FaceReenact/LIA/id8_id7_0008.mp4,FaceReenact/LIA,id8,id7,0,4.764400959014893,-4.764400959014893,0.0,117.35826110839844,30.0,0.0,0.0,0.0,0.0,0.0,0.0
CelebDFv3,/root/Datasets/CelebDFv3/CelebDFv3/FAKE/FaceReenact/LivePortrait/id23_id26_0001.mp4,FaceReenact/LivePortrait,id23,id26,0,3.9561238288879395,-3.9561238288879395,0.0,124.70807647705078,30.0,0.0,0.0,0.0,0.0,0.0,0.0
CelebDFv3,/root/Datasets/CelebDFv3/CelebDFv3/FAKE/FaceReenact/MCNET/id26_id34_0006.mp4,FaceReenact/MCNET,id26,id34,0,3.074723243713379,-3.074723243713379,0.0,186.5166473388672,30.0,0.0,0.0,0.0,0.0,0.0,0.0
CelebDFv3,/root/Datasets/CelebDFv3/CelebDFv3/FAKE/FaceReenact/TPSMM/id23_id4_0009.mp4,FaceReenact/TPSMM,id23,id4,0,4.661052703857422,-4.661052703857422,0.0,105.13102722167969,30.0,0.0,0.0,0.0,0.0,0.0,0.0
CelebDFv3,/root/Datasets/CelebDFv3/CelebDFv3/FAKE/FaceSwap/BlendFace/id56_id55_0001.mp4,FaceSwap/BlendFace,id56,id55,0,1.3237565755844116,-1.3237565755844116,0.0,273.55352783203125,30.0,0.0,0.0,0.0,0.0,0.0,0.0
CelebDFv3,/root/Datasets/CelebDFv3/CelebDFv3/FAKE/FaceSwap/Celeb-DF-v2/id31_id4_0007.mp4,FaceSwap/Celeb-DF-v2,id31,id4,0,-1.7867454290390015,1.7867454290390015,0.0,273.96649169921875,30.0,0.0,0.0,0.0,0.0,0.0,0.0
CelebDFv3,/root/Datasets/CelebDFv3/CelebDFv3/FAKE/FaceSwap/GHOST/id31_id38_0009.mp4,FaceSwap/GHOST,id31,id38,0,0.7953500747680664,-0.7953500747680664,0.0,109.11371612548828,30.0,0.0,0.0,0.0,0.0,0.0,0.0
CelebDFv3,/root/Datasets/CelebDFv3/CelebDFv3/FAKE/FaceSwap/HifiFace/id23_id25_0002.mp4,FaceSwap/HifiFace,id23,id25,0,2.6071619987487793,-2.6071619987487793,0.0,92.89154052734375,30.0,0.0,0.0,0.0,0.0,0.0,0.0
CelebDFv3,/root/Datasets/CelebDFv3/CelebDFv3/FAKE/FaceSwap/InSwapper/id59_id61_0004.mp4,FaceSwap/InSwapper,id59,id61,0,-2.466637134552002,2.466637134552002,0.0,178.263916015625,30.0,0.0,0.0,0.0,0.0,0.0,0.0
CelebDFv3,/root/Datasets/CelebDFv3/CelebDFv3/FAKE/FaceSwap/MobileFaceSwap/id31_id32_0001.mp4,FaceSwap/MobileFaceSwap,id31,id32,0,1.090364933013916,-1.090364933013916,0.0,126.30396270751953,30.0,0.0,0.0,0.0,0.0,0.0,0.0
CelebDFv3,/root/Datasets/CelebDFv3/CelebDFv3/FAKE/FaceSwap/SimSwap/id31_id9_0003.mp4,FaceSwap/SimSwap,id31,id9,0,2.590179681777954,-2.590179681777954,0.0,178.28919982910156,30.0,0.0,0.0,0.0,0.0,0.0,0.0
CelebDFv3,/root/Datasets/CelebDFv3/CelebDFv3/FAKE/FaceSwap/UniFace/id26_id29_0008.mp4,FaceSwap/UniFace,id26,id29,0,-0.12170153856277466,0.12170153856277466,0.0,102.89144134521484,30.0,0.0,0.0,0.0,0.0,0.0,0.0
CelebDFv3,/root/Datasets/CelebDFv3/CelebDFv3/FAKE/TalkingFace/AniTalker/id11_0000_test_id00081_xjfPXNgzW6o.mp4,TalkingFace/AniTalker,id11,,0,10.404983520507812,-10.404983520507812,0.0,97.90701293945312,25.0,0.0,0.0,0.0,0.0,0.0,0.0
CelebDFv3,/root/Datasets/CelebDFv3/CelebDFv3/FAKE/TalkingFace/EDTalk/id11_0008_test_id05124_uPPqcWVd-dg.mp4,TalkingFace/EDTalk,id11,,0,7.779804706573486,-7.779804706573486,0.0,118.73394775390625,25.0,0.0,0.0,0.0,0.0,0.0,0.0
CelebDFv3,/root/Datasets/CelebDFv3/CelebDFv3/FAKE/TalkingFace/EchoMimic/id51_0006_test_id01460_oxJYG8REHG8.mp4,TalkingFace/EchoMimic,id51,,0,3.1551332473754883,-3.1551332473754883,0.0,119.61783599853516,24.0,0.0,0.0,0.0,0.0,0.0,0.0
CelebDFv3,/root/Datasets/CelebDFv3/CelebDFv3/FAKE/TalkingFace/FLOAT/id48_0003_test_id00081_S4aLSTDVi44.mp4,TalkingFace/FLOAT,id48,,0,11.142350196838379,-11.142350196838379,0.0,117.91776275634766,25.0,0.0,0.0,0.0,0.0,0.0,0.0
CelebDFv3,/root/Datasets/CelebDFv3/CelebDFv3/FAKE/TalkingFace/IP_LAP/id48_0000_test_id00817_EPPT9urr8Ew.mp4,TalkingFace/IP_LAP,id48,,0,4.448787212371826,-4.448787212371826,0.0,118.08956909179688,25.0,0.0,0.0,0.0,0.0,0.0,0.0
CelebDFv3,/root/Datasets/CelebDFv3/CelebDFv3/FAKE/TalkingFace/Real3DPortrait/id48_0002_test_id01333_gujKn7v2CJg.mp4,TalkingFace/Real3DPortrait,id48,,0,3.8828043937683105,-3.8828043937683105,0.0,118.81584167480469,25.0,0.0,0.0,0.0,0.0,0.0,0.0
CelebDFv3,/root/Datasets/CelebDFv3/CelebDFv3/FAKE/TalkingFace/SadTalker/id54_0002_test_id06692_V4zhQ3M892E.mp4,TalkingFace/SadTalker,id54,,0,4.978286266326904,-4.978286266326904,0.0,108.03170013427734,25.0,0.0,0.0,0.0,0.0,0.0,0.0
CelebDFv3,/root/Datasets/CelebDFv3/CelebDFv3/FAKE/FaceReenact/DaGAN/id31_id9_0003.mp4,FaceReenact/DaGAN,id31,id9,0,-1.4164080619812012,1.4164080619812012,0.0,115.60238647460938,30.0,0.0,0.0,0.0,0.0,0.0,0.0
CelebDFv3,/root/Datasets/CelebDFv3/CelebDFv3/FAKE/FaceReenact/FSRT/id31_id20_0001.mp4,FaceReenact/FSRT,id31,id20,0,4.392703056335449,-4.392703056335449,0.0,114.63172912597656,20.0,0.0,0.0,0.0,0.0,0.0,0.0
CelebDFv3,/root/Datasets/CelebDFv3/CelebDFv3/FAKE/FaceReenact/HyperReenact/id51_id53_0006.mp4,FaceReenact/HyperReenact,id51,id53,0,4.173375606536865,-4.173375606536865,0.0,123.2061538696289,25.0,0.0,0.0,0.0,0.0,0.0,0.0
CelebDFv3,/root/Datasets/CelebDFv3/CelebDFv3/FAKE/FaceReenact/LIA/id23_id21_0007.mp4,FaceReenact/LIA,id23,id21,0,9.19064712524414,-9.19064712524414,0.0,118.79611206054688,30.0,0.0,0.0,0.0,0.0,0.0,0.0
CelebDFv3,/root/Datasets/CelebDFv3/CelebDFv3/FAKE/FaceReenact/LivePortrait/id48_id42_0004.mp4,FaceReenact/LivePortrait,id48,id42,0,4.030071258544922,-4.030071258544922,0.0,161.70489501953125,30.0,0.0,0.0,0.0,0.0,0.0,0.0
CelebDFv3,/root/Datasets/CelebDFv3/CelebDFv3/FAKE/FaceReenact/MCNET/id51_id55_0004.mp4,FaceReenact/MCNET,id51,id55,0,1.6916370391845703,-1.6916370391845703,0.0,91.88368225097656,30.0,0.0,0.0,0.0,0.0,0.0,0.0
CelebDFv3,/root/Datasets/CelebDFv3/CelebDFv3/FAKE/FaceReenact/TPSMM/id26_id37_0004.mp4,FaceReenact/TPSMM,id26,id37,0,-2.803227186203003,2.803227186203003,0.0,140.0553436279297,30.0,0.0,0.0,0.0,0.0,0.0,0.0
CelebDFv3,/root/Datasets/CelebDFv3/CelebDFv3/FAKE/FaceSwap/BlendFace/id23_id6_0005.mp4,FaceSwap/BlendFace,id23,id6,0,1.6047042608261108,-1.6047042608261108,0.0,89.23970794677734,30.0,0.0,0.0,0.0,0.0,0.0,0.0
CelebDFv3,/root/Datasets/CelebDFv3/CelebDFv3/FAKE/FaceSwap/Celeb-DF-v2/id25_id22_0002.mp4,FaceSwap/Celeb-DF-v2,id25,id22,0,-3.813275098800659,3.813275098800659,0.0,131.6538543701172,30.0,0.0,0.0,0.0,0.0,0.0,0.0
CelebDFv3,/root/Datasets/CelebDFv3/CelebDFv3/FAKE/FaceSwap/GHOST/id26_id27_0008.mp4,FaceSwap/GHOST,id26,id27,0,0.4441182613372803,-0.4441182613372803,0.0,102.40857696533203,30.0,0.0,0.0,0.0,0.0,0.0,0.0
CelebDFv3,/root/Datasets/CelebDFv3/CelebDFv3/FAKE/FaceSwap/HifiFace/id23_id4_0009.mp4,FaceSwap/HifiFace,id23,id4,0,2.283334732055664,-2.283334732055664,0.0,139.76962280273438,30.0,0.0,0.0,0.0,0.0,0.0,0.0
CelebDFv3,/root/Datasets/CelebDFv3/CelebDFv3/FAKE/FaceSwap/InSwapper/id59_id60_0001.mp4,FaceSwap/InSwapper,id59,id60,0,-8.172090530395508,8.172090530395508,0.0,292.6968688964844,30.0,0.0,0.0,0.0,0.0,0.0,0.0
CelebDFv3,/root/Datasets/CelebDFv3/CelebDFv3/FAKE/FaceSwap/MobileFaceSwap/id31_id26_0007.mp4,FaceSwap/MobileFaceSwap,id31,id26,0,-1.6555449962615967,1.6555449962615967,0.0,271.9812927246094,30.0,0.0,0.0,0.0,0.0,0.0,0.0
CelebDFv3,/root/Datasets/CelebDFv3/CelebDFv3/FAKE/FaceSwap/SimSwap/id31_id20_0008.mp4,FaceSwap/SimSwap,id31,id20,0,2.194127082824707,-2.194127082824707,0.0,120.1988525390625,30.0,0.0,0.0,0.0,0.0,0.0,0.0
CelebDFv3,/root/Datasets/CelebDFv3/CelebDFv3/FAKE/FaceSwap/UniFace/id31_id6_0005.mp4,FaceSwap/UniFace,id31,id6,0,-4.6643290519714355,4.6643290519714355,0.0,108.10942840576172,30.0,0.0,0.0,0.0,0.0,0.0,0.0
CelebDFv3,/root/Datasets/CelebDFv3/CelebDFv3/FAKE/TalkingFace/AniTalker/id51_0003_test_id07802_uR07SccMsXA.mp4,TalkingFace/AniTalker,id51,,0,3.3134279251098633,-3.3134279251098633,0.0,162.41488647460938,25.0,0.0,0.0,0.0,0.0,0.0,0.0
CelebDFv3,/root/Datasets/CelebDFv3/CelebDFv3/FAKE/TalkingFace/EDTalk/id25_0005_test_id06811_Y6PB7tt3VPc.mp4,TalkingFace/EDTalk,id25,,0,10.248586654663086,-10.248586654663086,0.0,112.94813537597656,25.0,0.0,0.0,0.0,0.0,0.0,0.0
CelebDFv3,/root/Datasets/CelebDFv3/CelebDFv3/FAKE/TalkingFace/EchoMimic/id8_0001_test_id04656_4MhYXxGH8aU.mp4,TalkingFace/EchoMimic,id8,,0,-0.630934476852417,0.630934476852417,0.0,139.57217407226562,24.0,0.0,0.0,0.0,0.0,0.0,0.0
CelebDFv3,/root/Datasets/CelebDFv3/CelebDFv3/FAKE/TalkingFace/FLOAT/id26_0009_test_id01437_uXAe0vbNWeo.mp4,TalkingFace/FLOAT,id26,,0,3.4602670669555664,-3.4602670669555664,0.0,138.24754333496094,25.0,0.0,0.0,0.0,0.0,0.0,0.0
CelebDFv3,/root/Datasets/CelebDFv3/CelebDFv3/FAKE/TalkingFace/IP_LAP/id23_0004_test_id04570_961AefP1-is.mp4,TalkingFace/IP_LAP,id23,,0,5.343630313873291,-5.343630313873291,0.0,113.61753845214844,25.0,0.0,0.0,0.0,0.0,0.0,0.0
CelebDFv3,/root/Datasets/CelebDFv3/CelebDFv3/FAKE/TalkingFace/Real3DPortrait/id48_0000_test_id06310_MNZMZ6ChMZQ.mp4,TalkingFace/Real3DPortrait,id48,,0,1.1236730813980103,-1.1236730813980103,0.0,140.06361389160156,25.0,0.0,0.0,0.0,0.0,0.0,0.0
CelebDFv3,/root/Datasets/CelebDFv3/CelebDFv3/FAKE/TalkingFace/SadTalker/id48_0001_test_id00817_rXXQYz0mm0o.mp4,TalkingFace/SadTalker,id48,,0,9.359649658203125,-9.359649658203125,0.0,107.1779556274414,25.0,0.0,0.0,0.0,0.0,0.0,0.0
CelebDFv3,/root/Datasets/CelebDFv3/CelebDFv3/FAKE/FaceReenact/DaGAN/id26_id38_0002.mp4,FaceReenact/DaGAN,id26,id38,0,0.5455331802368164,-0.5455331802368164,0.0,93.7953872680664,30.0,0.0,0.0,0.0,0.0,0.0,0.0
CelebDFv3,/root/Datasets/CelebDFv3/CelebDFv3/FAKE/FaceReenact/FSRT/id23_id19_0002.mp4,FaceReenact/FSRT,id23,id19,0,7.0367841720581055,-7.0367841720581055,0.0,105.20318603515625,20.0,0.0,0.0,0.0,0.0,0.0,0.0
CelebDFv3,/root/Datasets/CelebDFv3/CelebDFv3/FAKE/FaceReenact/HyperReenact/id23_id27_0001.mp4,FaceReenact/HyperReenact,id23,id27,0,5.947880744934082,-5.947880744934082,0.0,114.9103012084961,25.0,0.0,0.0,0.0,0.0,0.0,0.0
CelebDFv3,/root/Datasets/CelebDFv3/CelebDFv3/FAKE/FaceReenact/LIA/id11_id7_0004.mp4,FaceReenact/LIA,id11,id7,0,3.6293880939483643,-3.6293880939483643,0.0,148.305908203125,30.0,0.0,0.0,0.0,0.0,0.0,0.0
CelebDFv3,/root/Datasets/CelebDFv3/CelebDFv3/FAKE/FaceReenact/LivePortrait/id23_id16_0004.mp4,FaceReenact/LivePortrait,id23,id16,0,-1.513304591178894,1.513304591178894,0.0,126.71952819824219,30.0,0.0,0.0,0.0,0.0,0.0,0.0
CelebDFv3,/root/Datasets/CelebDFv3/CelebDFv3/FAKE/FaceReenact/MCNET/id59_id5_0004.mp4,FaceReenact/MCNET,id59,id5,0,-0.5436559915542603,0.5436559915542603,0.0,215.5580291748047,30.0,0.0,0.0,0.0,0.0,0.0,0.0
CelebDFv3,/root/Datasets/CelebDFv3/CelebDFv3/FAKE/FaceReenact/TPSMM/id23_id1_0007.mp4,FaceReenact/TPSMM,id23,id1,0,8.436064720153809,-8.436064720153809,0.0,123.1514663696289,30.0,0.0,0.0,0.0,0.0,0.0,0.0
CelebDFv3,/root/Datasets/CelebDFv3/CelebDFv3/FAKE/FaceSwap/BlendFace/id23_id26_0009.mp4,FaceSwap/BlendFace,id23,id26,0,2.667734146118164,-2.667734146118164,0.0,140.97100830078125,30.0,0.0,0.0,0.0,0.0,0.0,0.0
CelebDFv3,/root/Datasets/CelebDFv3/CelebDFv3/FAKE/FaceSwap/Celeb-DF-v2/id26_id23_0002.mp4,FaceSwap/Celeb-DF-v2,id26,id23,0,-2.7033228874206543,2.7033228874206543,0.0,95.7437515258789,30.0,0.0,0.0,0.0,0.0,0.0,0.0
CelebDFv3,/root/Datasets/CelebDFv3/CelebDFv3/FAKE/FaceSwap/GHOST/id23_id24_0009.mp4,FaceSwap/GHOST,id23,id24,0,1.5728858709335327,-1.5728858709335327,0.0,138.0930633544922,30.0,0.0,0.0,0.0,0.0,0.0,0.0
CelebDFv3,/root/Datasets/CelebDFv3/CelebDFv3/FAKE/FaceSwap/HifiFace/id54_id49_0001.mp4,FaceSwap/HifiFace,id54,id49,0,-4.086481094360352,4.086481094360352,0.0,185.71087646484375,30.0,0.0,0.0,0.0,0.0,0.0,0.0
CelebDFv3,/root/Datasets/CelebDFv3/CelebDFv3/FAKE/FaceSwap/InSwapper/id51_id53_0008.mp4,FaceSwap/InSwapper,id51,id53,0,0.8793905973434448,-0.8793905973434448,0.0,117.70305633544922,30.0,0.0,0.0,0.0,0.0,0.0,0.0
CelebDFv3,/root/Datasets/CelebDFv3/CelebDFv3/FAKE/FaceSwap/MobileFaceSwap/id31_id32_0006.mp4,FaceSwap/MobileFaceSwap,id31,id32,0,-7.652036666870117,7.652036666870117,0.0,208.40118408203125,30.0,0.0,0.0,0.0,0.0,0.0,0.0
CelebDFv3,/root/Datasets/CelebDFv3/CelebDFv3/FAKE/FaceSwap/SimSwap/id51_id54_0004.mp4,FaceSwap/SimSwap,id51,id54,0,-1.5378608703613281,1.5378608703613281,0.0,104.8866958618164,29.0,0.0,0.0,0.0,0.0,0.0,0.0
CelebDFv3,/root/Datasets/CelebDFv3/CelebDFv3/FAKE/FaceSwap/UniFace/id23_id20_0002.mp4,FaceSwap/UniFace,id23,id20,0,2.674281120300293,-2.674281120300293,0.0,92.71389770507812,30.0,0.0,0.0,0.0,0.0,0.0,0.0
CelebDFv3,/root/Datasets/CelebDFv3/CelebDFv3/FAKE/TalkingFace/AniTalker/id59_0002_test_id04232_lcNvUKfW9tY.mp4,TalkingFace/AniTalker,id59,,0,7.326789855957031,-7.326789855957031,0.0,183.06170654296875,25.0,0.0,0.0,0.0,0.0,0.0,0.0
CelebDFv3,/root/Datasets/CelebDFv3/CelebDFv3/FAKE/TalkingFace/EDTalk/id26_0007_test_id08552_7kf2EfS9G6Q.mp4,TalkingFace/EDTalk,id26,,0,2.636089563369751,-2.636089563369751,0.0,175.44537353515625,25.0,0.0,0.0,0.0,0.0,0.0,0.0
CelebDFv3,/root/Datasets/CelebDFv3/CelebDFv3/FAKE/TalkingFace/EchoMimic/id59_0000_test_id04627_IjO3LUCaYLE.mp4,TalkingFace/EchoMimic,id59,,0,6.120135307312012,-6.120135307312012,0.0,111.6794662475586,24.0,0.0,0.0,0.0,0.0,0.0,0.0
CelebDFv3,/root/Datasets/CelebDFv3/CelebDFv3/FAKE/TalkingFace/FLOAT/id8_0000_test_id07874_PWsVa_9b3ok.mp4,TalkingFace/FLOAT,id8,,0,0.6739027500152588,-0.6739027500152588,0.0,287.1667785644531,25.0,0.0,0.0,0.0,0.0,0.0,0.0
CelebDFv3,/root/Datasets/CelebDFv3/CelebDFv3/FAKE/TalkingFace/IP_LAP/id56_0000_test_id06692_EC9TCRJkBhI.mp4,TalkingFace/IP_LAP,id56,,0,5.466300964355469,-5.466300964355469,0.0,104.27510833740234,25.0,0.0,0.0,0.0,0.0,0.0,0.0
CelebDFv3,/root/Datasets/CelebDFv3/CelebDFv3/FAKE/TalkingFace/Real3DPortrait/id11_0008_test_id05124_uPPqcWVd-dg.mp4,TalkingFace/Real3DPortrait,id11,,0,-0.05770289525389671,0.05770289525389671,0.0,107.27490234375,25.0,0.0,0.0,0.0,0.0,0.0,0.0
CelebDFv3,/root/Datasets/CelebDFv3/CelebDFv3/FAKE/TalkingFace/SadTalker/id23_0003_test_id00061_bdkqfVtDZVY.mp4,TalkingFace/SadTalker,id23,,0,3.518113613128662,-3.518113613128662,0.0,112.91514587402344,25.0,0.0,0.0,0.0,0.0,0.0,0.0
CelebDFv3,/root/Datasets/CelebDFv3/CelebDFv3/FAKE/FaceReenact/DaGAN/id26_id32_0001.mp4,FaceReenact/DaGAN,id26,id32,0,-2.8172760009765625,2.8172760009765625,0.0,107.20718383789062,30.0,0.0,0.0,0.0,0.0,0.0,0.0
CelebDFv3,/root/Datasets/CelebDFv3/CelebDFv3/FAKE/FaceReenact/FSRT/id31_id17_0003.mp4,FaceReenact/FSRT,id31,id17,0,0.2659941017627716,-0.2659941017627716,0.0,121.18451690673828,20.0,0.0,0.0,0.0,0.0,0.0,0.0
CelebDFv3,/root/Datasets/CelebDFv3/CelebDFv3/FAKE/FaceReenact/HyperReenact/id25_id23_0005.mp4,FaceReenact/HyperReenact,id25,id23,0,10.906856536865234,-10.906856536865234,0.0,117.66786193847656,25.0,0.0,0.0,0.0,0.0,0.0,0.0
CelebDFv3,/root/Datasets/CelebDFv3/CelebDFv3/FAKE/FaceReenact/LIA/id23_id33_0006.mp4,FaceReenact/LIA,id23,id33,0,6.436899185180664,-6.436899185180664,0.0,105.04033660888672,30.0,0.0,0.0,0.0,0.0,0.0,0.0
CelebDFv3,/root/Datasets/CelebDFv3/CelebDFv3/FAKE/FaceReenact/LivePortrait/id31_id37_0005.mp4,FaceReenact/LivePortrait,id31,id37,0,-4.063574314117432,4.063574314117432,0.0,111.38919830322266,30.0,0.0,0.0,0.0,0.0,0.0,0.0
CelebDFv3,/root/Datasets/CelebDFv3/CelebDFv3/FAKE/FaceReenact/MCNET/id23_id4_0004.mp4,FaceReenact/MCNET,id23,id4,0,0.43462449312210083,-0.43462449312210083,0.0,101.33617401123047,30.0,0.0,0.0,0.0,0.0,0.0,0.0
CelebDFv3,/root/Datasets/CelebDFv3/CelebDFv3/FAKE/FaceReenact/TPSMM/id31_id32_0006.mp4,FaceReenact/TPSMM,id31,id32,0,3.824148654937744,-3.824148654937744,0.0,110.85266876220703,30.0,0.0,0.0,0.0,0.0,0.0,0.0
CelebDFv3,/root/Datasets/CelebDFv3/CelebDFv3/FAKE/FaceSwap/BlendFace/id31_id21_0005.mp4,FaceSwap/BlendFace,id31,id21,0,-4.919529914855957,4.919529914855957,0.0,108.20304107666016,30.0,0.0,0.0,0.0,0.0,0.0,0.0
CelebDFv3,/root/Datasets/CelebDFv3/CelebDFv3/FAKE/FaceSwap/Celeb-DF-v2/id26_id37_0006.mp4,FaceSwap/Celeb-DF-v2,id26,id37,0,12.514504432678223,-12.514504432678223,0.0,183.0052032470703,30.0,0.0,0.0,0.0,0.0,0.0,0.0
CelebDFv3,/root/Datasets/CelebDFv3/CelebDFv3/FAKE/FaceSwap/GHOST/id48_id45_0008.mp4,FaceSwap/GHOST,id48,id45,0,-5.581262588500977,5.581262588500977,0.0,128.07003784179688,30.0,0.0,0.0,0.0,0.0,0.0,0.0
CelebDFv3,/root/Datasets/CelebDFv3/CelebDFv3/FAKE/FaceSwap/HifiFace/id23_id0_0003.mp4,FaceSwap/HifiFace,id23,id0,0,-3.041654348373413,3.041654348373413,0.0,114.61590576171875,30.0,0.0,0.0,0.0,0.0,0.0,0.0
CelebDFv3,/root/Datasets/CelebDFv3/CelebDFv3/FAKE/FaceSwap/InSwapper/id26_id25_0003.mp4,FaceSwap/InSwapper,id26,id25,0,-7.802494049072266,7.802494049072266,0.0,382.3053283691406,30.0,0.0,0.0,0.0,0.0,0.0,0.0
CelebDFv3,/root/Datasets/CelebDFv3/CelebDFv3/FAKE/FaceSwap/MobileFaceSwap/id56_id57_0001.mp4,FaceSwap/MobileFaceSwap,id56,id57,0,0.6228312253952026,-0.6228312253952026,0.0,266.9786682128906,30.0,0.0,0.0,0.0,0.0,0.0,0.0
CelebDFv3,/root/Datasets/CelebDFv3/CelebDFv3/FAKE/FaceSwap/SimSwap/id26_id29_0003.mp4,FaceSwap/SimSwap,id26,id29,0,-7.375185966491699,7.375185966491699,0.0,383.50897216796875,30.0,0.0,0.0,0.0,0.0,0.0,0.0
CelebDFv3,/root/Datasets/CelebDFv3/CelebDFv3/FAKE/FaceSwap/UniFace/id54_id57_0006.mp4,FaceSwap/UniFace,id54,id57,0,3.4597644805908203,-3.4597644805908203,0.0,238.6708221435547,30.0,0.0,0.0,0.0,0.0,0.0,0.0
CelebDFv3,/root/Datasets/CelebDFv3/CelebDFv3/FAKE/TalkingFace/AniTalker/id48_0000_test_id06310_MNZMZ6ChMZQ.mp4,TalkingFace/AniTalker,id48,,0,4.533243656158447,-4.533243656158447,0.0,154.9077911376953,25.0,0.0,0.0,0.0,0.0,0.0,0.0
CelebDFv3,/root/Datasets/CelebDFv3/CelebDFv3/FAKE/TalkingFace/EDTalk/id48_0006_test_id08392_AiCBF9JW-d8.mp4,TalkingFace/EDTalk,id48,,0,-2.0843594074249268,2.0843594074249268,0.0,110.23285675048828,25.0,0.0,0.0,0.0,0.0,0.0,0.0
CelebDFv3,/root/Datasets/CelebDFv3/CelebDFv3/FAKE/TalkingFace/EchoMimic/id48_0005_test_id04006__bENbO3pwL0.mp4,TalkingFace/EchoMimic,id48,,0,7.239247798919678,-7.239247798919678,0.0,111.14617156982422,24.0,0.0,0.0,0.0,0.0,0.0,0.0
CelebDFv3,/root/Datasets/CelebDFv3/CelebDFv3/FAKE/TalkingFace/FLOAT/id11_0000_test_id06913_ihOLv6bL4yA.mp4,TalkingFace/FLOAT,id11,,0,8.531204223632812,-8.531204223632812,0.0,95.6815414428711,25.0,0.0,0.0,0.0,0.0,0.0,0.0
CelebDFv3,/root/Datasets/CelebDFv3/CelebDFv3/FAKE/TalkingFace/IP_LAP/id8_0002_test_id03524_2DD4Np7SaWw.mp4,TalkingFace/IP_LAP,id8,,0,2.84716534614563,-2.84716534614563,0.0,118.8814697265625,25.0,0.0,0.0,0.0,0.0,0.0,0.0
CelebDFv3,/root/Datasets/CelebDFv3/CelebDFv3/FAKE/TalkingFace/Real3DPortrait/id25_0009_test_id05124_1HAXGOri_x0.mp4,TalkingFace/Real3DPortrait,id25,,0,-1.3126909732818604,1.3126909732818604,0.0,111.91230010986328,25.0,0.0,0.0,0.0,0.0,0.0,0.0
CelebDFv3,/root/Datasets/CelebDFv3/CelebDFv3/FAKE/TalkingFace/SadTalker/id25_0002_test_id07620_fx5jKGlv9Ek.mp4,TalkingFace/SadTalker,id25,,0,5.497983932495117,-5.497983932495117,0.0,114.31670379638672,25.0,0.0,0.0,0.0,0.0,0.0,0.0
CelebDFv3,/root/Datasets/CelebDFv3/CelebDFv3/FAKE/FaceReenact/DaGAN/id23_id30_0001.mp4,FaceReenact/DaGAN,id23,id30,0,5.889168739318848,-5.889168739318848,0.0,94.20966339111328,30.0,0.0,0.0,0.0,0.0,0.0,0.0
CelebDFv3,/root/Datasets/CelebDFv3/CelebDFv3/FAKE/FaceReenact/FSRT/id23_id33_0004.mp4,FaceReenact/FSRT,id23,id33,0,5.264734268188477,-5.264734268188477,0.0,103.17350006103516,20.0,0.0,0.0,0.0,0.0,0.0,0.0
CelebDFv3,/root/Datasets/CelebDFv3/CelebDFv3/FAKE/FaceReenact/HyperReenact/id31_id2_0005.mp4,FaceReenact/HyperReenact,id31,id2,0,4.396631240844727,-4.396631240844727,0.0,116.94585418701172,25.0,0.0,0.0,0.0,0.0,0.0,0.0
CelebDFv3,/root/Datasets/CelebDFv3/CelebDFv3/FAKE/FaceReenact/LIA/id31_id4_0007.mp4,FaceReenact/LIA,id31,id4,0,8.43317985534668,-8.43317985534668,0.0,208.3510284423828,30.0,0.0,0.0,0.0,0.0,0.0,0.0
CelebDFv3,/root/Datasets/CelebDFv3/CelebDFv3/FAKE/FaceReenact/LivePortrait/id26_id37_0003.mp4,FaceReenact/LivePortrait,id26,id37,0,-8.100805282592773,8.100805282592773,0.0,387.1688537597656,30.0,0.0,0.0,0.0,0.0,0.0,0.0
CelebDFv3,/root/Datasets/CelebDFv3/CelebDFv3/FAKE/FaceReenact/MCNET/id22_id21_0006.mp4,FaceReenact/MCNET,id22,id21,0,7.059268951416016,-7.059268951416016,0.0,123.35505676269531,30.0,0.0,0.0,0.0,0.0,0.0,0.0
CelebDFv3,/root/Datasets/CelebDFv3/CelebDFv3/FAKE/FaceReenact/TPSMM/id26_id30_0006.mp4,FaceReenact/TPSMM,id26,id30,0,3.2811737060546875,-3.2811737060546875,0.0,137.9398651123047,30.0,0.0,0.0,0.0,0.0,0.0,0.0
CelebDFv3,/root/Datasets/CelebDFv3/CelebDFv3/FAKE/FaceSwap/BlendFace/id23_id0_0008.mp4,FaceSwap/BlendFace,id23,id0,0,-0.4204403758049011,0.4204403758049011,0.0,108.81485748291016,30.0,0.0,0.0,0.0,0.0,0.0,0.0
CelebDFv3,/root/Datasets/CelebDFv3/CelebDFv3/FAKE/FaceSwap/Celeb-DF-v2/id51_id57_0008.mp4,FaceSwap/Celeb-DF-v2,id51,id57,0,0.7061487436294556,-0.7061487436294556,0.0,117.56307983398438,30.0,0.0,0.0,0.0,0.0,0.0,0.0
CelebDFv3,/root/Datasets/CelebDFv3/CelebDFv3/FAKE/FaceSwap/GHOST/id31_id2_0002.mp4,FaceSwap/GHOST,id31,id2,0,-2.505568504333496,2.505568504333496,0.0,149.0611572265625,30.0,0.0,0.0,0.0,0.0,0.0,0.0
CelebDFv3,/root/Datasets/CelebDFv3/CelebDFv3/FAKE/FaceSwap/HifiFace/id23_id29_0007.mp4,FaceSwap/HifiFace,id23,id29,0,-10.090112686157227,10.090112686157227,0.0,192.15370178222656,30.0,0.0,0.0,0.0,0.0,0.0,0.0
CelebDFv3,/root/Datasets/CelebDFv3/CelebDFv3/FAKE/FaceSwap/InSwapper/id22_id24_0009.mp4,FaceSwap/InSwapper,id22,id24,0,-14.388124465942383,14.388124465942383,0.0,204.1302032470703,30.0,0.0,0.0,0.0,0.0,0.0,0.0
CelebDFv3,/root/Datasets/CelebDFv3/CelebDFv3/FAKE/FaceSwap/MobileFaceSwap/id23_id17_0006.mp4,FaceSwap/MobileFaceSwap,id23,id17,0,-3.0164132118225098,3.0164132118225098,0.0,112.4152603149414,30.0,0.0,0.0,0.0,0.0,0.0,0.0
CelebDFv3,/root/Datasets/CelebDFv3/CelebDFv3/FAKE/FaceSwap/SimSwap/id48_id47_0004.mp4,FaceSwap/SimSwap,id48,id47,0,3.575108528137207,-3.575108528137207,0.0,161.62387084960938,30.0,0.0,0.0,0.0,0.0,0.0,0.0
CelebDFv3,/root/Datasets/CelebDFv3/CelebDFv3/FAKE/FaceSwap/UniFace/id48_id42_0001.mp4,FaceSwap/UniFace,id48,id42,0,-1.586167812347412,1.586167812347412,0.0,106.34142303466797,30.0,0.0,0.0,0.0,0.0,0.0,0.0
CelebDFv3,/root/Datasets/CelebDFv3/CelebDFv3/FAKE/TalkingFace/AniTalker/id54_0007_test_id01298_gWkO0NOMazs.mp4,TalkingFace/AniTalker,id54,,0,5.917046546936035,-5.917046546936035,0.0,121.04515075683594,25.0,0.0,0.0,0.0,0.0,0.0,0.0
CelebDFv3,/root/Datasets/CelebDFv3/CelebDFv3/FAKE/TalkingFace/EDTalk/id31_0007_test_id04276_j7kziDG61kk.mp4,TalkingFace/EDTalk,id31,,0,10.278484344482422,-10.278484344482422,0.0,157.68539428710938,25.0,0.0,0.0,0.0,0.0,0.0,0.0
CelebDFv3,/root/Datasets/CelebDFv3/CelebDFv3/FAKE/TalkingFace/EchoMimic/id26_0004_test_id01333_SwmQTyhzge8.mp4,TalkingFace/EchoMimic,id26,,0,8.562469482421875,-8.562469482421875,0.0,137.33302307128906,24.0,0.0,0.0,0.0,0.0,0.0,0.0
CelebDFv3,/root/Datasets/CelebDFv3/CelebDFv3/FAKE/TalkingFace/FLOAT/id31_0009_test_id00081_xjfPXNgzW6o.mp4,TalkingFace/FLOAT,id31,,0,7.504271507263184,-7.504271507263184,0.0,115.02869415283203,25.0,0.0,0.0,0.0,0.0,0.0,0.0
CelebDFv3,/root/Datasets/CelebDFv3/CelebDFv3/FAKE/TalkingFace/IP_LAP/id8_0003_test_id07620_axaQeZdVOgM.mp4,TalkingFace/IP_LAP,id8,,0,2.741891860961914,-2.741891860961914,0.0,104.86402130126953,25.0,0.0,0.0,0.0,0.0,0.0,0.0
CelebDFv3,/root/Datasets/CelebDFv3/CelebDFv3/FAKE/TalkingFace/Real3DPortrait/id22_0000_test_id03839_xtBkY9xYpjA.mp4,TalkingFace/Real3DPortrait,id22,,0,4.6240386962890625,-4.6240386962890625,0.0,132.0921630859375,25.0,0.0,0.0,0.0,0.0,0.0,0.0
CelebDFv3,/root/Datasets/CelebDFv3/CelebDFv3/FAKE/TalkingFace/SadTalker/id11_0006_test_id04862_i6aGUMQW5jA.mp4,TalkingFace/SadTalker,id11,,0,3.730973482131958,-3.730973482131958,0.0,109.14277648925781,25.0,0.0,0.0,0.0,0.0,0.0,0.0
CelebDFv3,/root/Datasets/CelebDFv3/CelebDFv3/FAKE/FaceReenact/DaGAN/id26_id29_0008.mp4,FaceReenact/DaGAN,id26,id29,0,3.199397325515747,-3.199397325515747,0.0,109.91080474853516,30.0,0.0,0.0,0.0,0.0,0.0,0.0
CelebDFv3,/root/Datasets/CelebDFv3/CelebDFv3/FAKE/FaceReenact/FSRT/id23_id9_0004.mp4,FaceReenact/FSRT,id23,id9,0,4.111166954040527,-4.111166954040527,0.0,118.52666473388672,20.0,0.0,0.0,0.0,0.0,0.0,0.0
CelebDFv3,/root/Datasets/CelebDFv3/CelebDFv3/FAKE/FaceReenact/HyperReenact/id31_id17_0004.mp4,FaceReenact/HyperReenact,id31,id17,0,13.015996932983398,-13.015996932983398,0.0,151.9892120361328,25.0,0.0,0.0,0.0,0.0,0.0,0.0
CelebDFv3,/root/Datasets/CelebDFv3/CelebDFv3/FAKE/FaceReenact/LIA/id56_id58_0009.mp4,FaceReenact/LIA,id56,id58,0,1.7659000158309937,-1.7659000158309937,0.0,165.11428833007812,29.0,0.0,0.0,0.0,0.0,0.0,0.0
CelebDFv3,/root/Datasets/CelebDFv3/CelebDFv3/FAKE/FaceReenact/LivePortrait/id23_id1_0007.mp4,FaceReenact/LivePortrait,id23,id1,0,-7.08737850189209,7.08737850189209,0.0,188.0797882080078,30.0,0.0,0.0,0.0,0.0,0.0,0.0
CelebDFv3,/root/Datasets/CelebDFv3/CelebDFv3/FAKE/FaceReenact/MCNET/id22_id26_0001.mp4,FaceReenact/MCNET,id22,id26,0,2.2376580238342285,-2.2376580238342285,0.0,101.7308120727539,30.0,0.0,0.0,0.0,0.0,0.0,0.0
CelebDFv3,/root/Datasets/CelebDFv3/CelebDFv3/FAKE/FaceReenact/TPSMM/id25_id19_0007.mp4,FaceReenact/TPSMM,id25,id19,0,7.359398365020752,-7.359398365020752,0.0,126.9653091430664,30.0,0.0,0.0,0.0,0.0,0.0,0.0
CelebDFv3,/root/Datasets/CelebDFv3/CelebDFv3/FAKE/FaceSwap/BlendFace/id22_id21_0005.mp4,FaceSwap/BlendFace,id22,id21,0,3.030674934387207,-3.030674934387207,0.0,182.96791076660156,30.0,0.0,0.0,0.0,0.0,0.0,0.0
CelebDFv3,/root/Datasets/CelebDFv3/CelebDFv3/FAKE/FaceSwap/Celeb-DF-v2/id31_id29_0000.mp4,FaceSwap/Celeb-DF-v2,id31,id29,0,-4.123540878295898,4.123540878295898,0.0,149.54551696777344,30.0,0.0,0.0,0.0,0.0,0.0,0.0
CelebDFv3,/root/Datasets/CelebDFv3/CelebDFv3/FAKE/FaceSwap/GHOST/id48_id45_0002.mp4,FaceSwap/GHOST,id48,id45,0,1.8500462770462036,-1.8500462770462036,0.0,120.76803588867188,30.0,0.0,0.0,0.0,0.0,0.0,0.0
CelebDFv3,/root/Datasets/CelebDFv3/CelebDFv3/FAKE/FaceSwap/HifiFace/id22_id24_0005.mp4,FaceSwap/HifiFace,id22,id24,0,3.0407233238220215,-3.0407233238220215,0.0,182.8865203857422,30.0,0.0,0.0,0.0,0.0,0.0,0.0
CelebDFv3,/root/Datasets/CelebDFv3/CelebDFv3/FAKE/FaceSwap/InSwapper/id8_id4_0007.mp4,FaceSwap/InSwapper,id8,id4,0,8.964180946350098,-8.964180946350098,0.0,173.43118286132812,30.0,0.0,0.0,0.0,0.0,0.0,0.0
CelebDFv3,/root/Datasets/CelebDFv3/CelebDFv3/FAKE/FaceSwap/MobileFaceSwap/id31_id34_0006.mp4,FaceSwap/MobileFaceSwap,id31,id34,0,-7.583749294281006,7.583749294281006,0.0,208.5638427734375,30.0,0.0,0.0,0.0,0.0,0.0,0.0
CelebDFv3,/root/Datasets/CelebDFv3/CelebDFv3/FAKE/FaceSwap/SimSwap/id56_id57_0008.mp4,FaceSwap/SimSwap,id56,id57,0,-1.5078296661376953,1.5078296661376953,0.0,121.91228485107422,30.0,0.0,0.0,0.0,0.0,0.0,0.0
CelebDFv3,/root/Datasets/CelebDFv3/CelebDFv3/FAKE/FaceSwap/UniFace/id48_id40_0003.mp4,FaceSwap/UniFace,id48,id40,0,3.3875536918640137,-3.3875536918640137,0.0,121.04193115234375,30.0,0.0,0.0,0.0,0.0,0.0,0.0
CelebDFv3,/root/Datasets/CelebDFv3/CelebDFv3/FAKE/TalkingFace/AniTalker/id23_0002_test_id01593_QZPwKUYcJ30.mp4,TalkingFace/AniTalker,id23,,0,10.862886428833008,-10.862886428833008,0.0,117.44105529785156,25.0,0.0,0.0,0.0,0.0,0.0,0.0
CelebDFv3,/root/Datasets/CelebDFv3/CelebDFv3/FAKE/TalkingFace/EDTalk/id59_0002_test_id05055_vecDm0cNDVs.mp4,TalkingFace/EDTalk,id59,,0,8.161104202270508,-8.161104202270508,0.0,158.75628662109375,25.0,0.0,0.0,0.0,0.0,0.0,0.0
CelebDFv3,/root/Datasets/CelebDFv3/CelebDFv3/FAKE/TalkingFace/EchoMimic/id11_0005_test_id04094_BNAe-NhgItg.mp4,TalkingFace/EchoMimic,id11,,0,5.063900470733643,-5.063900470733643,0.0,118.41699981689453,24.0,0.0,0.0,0.0,0.0,0.0,0.0
CelebDFv3,/root/Datasets/CelebDFv3/CelebDFv3/FAKE/TalkingFace/FLOAT/id26_0002_test_id07494_xQ0YMPe-9u8.mp4,TalkingFace/FLOAT,id26,,0,4.831108093261719,-4.831108093261719,0.0,106.24136352539062,25.0,0.0,0.0,0.0,0.0,0.0,0.0
CelebDFv3,/root/Datasets/CelebDFv3/CelebDFv3/FAKE/TalkingFace/IP_LAP/id56_0001_test_id01106_mkgP19APekU.mp4,TalkingFace/IP_LAP,id56,,0,1.233973741531372,-1.233973741531372,0.0,107.2378158569336,25.0,0.0,0.0,0.0,0.0,0.0,0.0
CelebDFv3,/root/Datasets/CelebDFv3/CelebDFv3/FAKE/TalkingFace/Real3DPortrait/id23_0002_test_id01593_NxfyefwggDQ.mp4,TalkingFace/Real3DPortrait,id23,,0,7.419997215270996,-7.419997215270996,0.0,119.8321304321289,25.0,0.0,0.0,0.0,0.0,0.0,0.0
CelebDFv3,/root/Datasets/CelebDFv3/CelebDFv3/FAKE/TalkingFace/SadTalker/id31_0002_test_id00812_BDoGOx3Jgbk.mp4,TalkingFace/SadTalker,id31,,0,1.7642831802368164,-1.7642831802368164,0.0,126.370361328125,25.0,0.0,0.0,0.0,0.0,0.0,0.0
CelebDFv3,/root/Datasets/CelebDFv3/CelebDFv3/FAKE/FaceReenact/DaGAN/id54_id53_0008.mp4,FaceReenact/DaGAN,id54,id53,0,1.3622939586639404,-1.3622939586639404,0.0,119.62460327148438,30.0,0.0,0.0,0.0,0.0,0.0,0.0
CelebDFv3,/root/Datasets/CelebDFv3/CelebDFv3/FAKE/FaceReenact/FSRT/id23_id28_0001.mp4,FaceReenact/FSRT,id23,id28,0,2.6389431953430176,-2.6389431953430176,0.0,98.12815856933594,20.0,0.0,0.0,0.0,0.0,0.0,0.0
CelebDFv3,/root/Datasets/CelebDFv3/CelebDFv3/FAKE/FaceReenact/HyperReenact/id26_id30_0004.mp4,FaceReenact/HyperReenact,id26,id30,0,6.13992977142334,-6.13992977142334,0.0,121.76801300048828,25.0,0.0,0.0,0.0,0.0,0.0,0.0
CelebDFv3,/root/Datasets/CelebDFv3/CelebDFv3/FAKE/FaceReenact/LIA/id23_id9_0000.mp4,FaceReenact/LIA,id23,id9,0,-1.457944631576538,1.457944631576538,0.0,102.93148040771484,30.0,0.0,0.0,0.0,0.0,0.0,0.0
CelebDFv3,/root/Datasets/CelebDFv3/CelebDFv3/FAKE/FaceReenact/LivePortrait/id31_id9_0002.mp4,FaceReenact/LivePortrait,id31,id9,0,-2.8217878341674805,2.8217878341674805,0.0,147.6245574951172,30.0,0.0,0.0,0.0,0.0,0.0,0.0
CelebDFv3,/root/Datasets/CelebDFv3/CelebDFv3/FAKE/FaceReenact/MCNET/id51_id49_0005.mp4,FaceReenact/MCNET,id51,id49,0,1.2374792098999023,-1.2374792098999023,0.0,133.71192932128906,30.0,0.0,0.0,0.0,0.0,0.0,0.0
CelebDFv3,/root/Datasets/CelebDFv3/CelebDFv3/FAKE/FaceReenact/TPSMM/id26_id30_0003.mp4,FaceReenact/TPSMM,id26,id30,0,1.7605533599853516,-1.7605533599853516,0.0,242.86180114746094,30.0,0.0,0.0,0.0,0.0,0.0,0.0
CelebDFv3,/root/Datasets/CelebDFv3/CelebDFv3/FAKE/FaceSwap/BlendFace/id23_id20_0007.mp4,FaceSwap/BlendFace,id23,id20,0,-9.892759323120117,9.892759323120117,0.0,192.36326599121094,30.0,0.0,0.0,0.0,0.0,0.0,0.0
CelebDFv3,/root/Datasets/CelebDFv3/CelebDFv3/FAKE/FaceSwap/Celeb-DF-v2/id26_id31_0003.mp4,FaceSwap/Celeb-DF-v2,id26,id31,0,-7.473952293395996,7.473952293395996,0.0,385.5094299316406,30.0,0.0,0.0,0.0,0.0,0.0,0.0
CelebDFv3,/root/Datasets/CelebDFv3/CelebDFv3/FAKE/FaceSwap/GHOST/id8_id4_0007.mp4,FaceSwap/GHOST,id8,id4,0,8.96830940246582,-8.96830940246582,0.0,173.49070739746094,30.0,0.0,0.0,0.0,0.0,0.0,0.0
CelebDFv3,/root/Datasets/CelebDFv3/CelebDFv3/FAKE/FaceSwap/HifiFace/id48_id46_0001.mp4,FaceSwap/HifiFace,id48,id46,0,-1.677628993988037,1.677628993988037,0.0,106.49787139892578,30.0,0.0,0.0,0.0,0.0,0.0,0.0
CelebDFv3,/root/Datasets/CelebDFv3/CelebDFv3/FAKE/FaceSwap/InSwapper/id31_id29_0001.mp4,FaceSwap/InSwapper,id31,id29,0,0.8444734215736389,-0.8444734215736389,0.0,126.30790710449219,30.0,0.0,0.0,0.0,0.0,0.0,0.0
CelebDFv3,/root/Datasets/CelebDFv3/CelebDFv3/FAKE/FaceSwap/MobileFaceSwap/id48_id40_0003.mp4,FaceSwap/MobileFaceSwap,id48,id40,0,3.3343207836151123,-3.3343207836151123,0.0,121.69672393798828,30.0,0.0,0.0,0.0,0.0,0.0,0.0
CelebDFv3,/root/Datasets/CelebDFv3/CelebDFv3/FAKE/FaceSwap/SimSwap/id48_id45_0007.mp4,FaceSwap/SimSwap,id48,id45,0,0.05503324419260025,-0.05503324419260025,0.0,114.44346618652344,30.0,0.0,0.0,0.0,0.0,0.0,0.0
CelebDFv3,/root/Datasets/CelebDFv3/CelebDFv3/FAKE/FaceSwap/UniFace/id51_id50_0007.mp4,FaceSwap/UniFace,id51,id50,0,-2.722484827041626,2.722484827041626,0.0,108.78334045410156,30.0,0.0,0.0,0.0,0.0,0.0,0.0
CelebDFv3,/root/Datasets/CelebDFv3/CelebDFv3/FAKE/TalkingFace/AniTalker/id31_0001_test_id09017_fsgr0uLbKVg.mp4,TalkingFace/AniTalker,id31,,0,4.430427074432373,-4.430427074432373,0.0,146.02938842773438,25.0,0.0,0.0,0.0,0.0,0.0,0.0
CelebDFv3,/root/Datasets/CelebDFv3/CelebDFv3/FAKE/TalkingFace/EDTalk/id25_0003_test_id01066_7B-KDiAofNk.mp4,TalkingFace/EDTalk,id25,,0,9.461688995361328,-9.461688995361328,0.0,121.40066528320312,25.0,0.0,0.0,0.0,0.0,0.0,0.0
CelebDFv3,/root/Datasets/CelebDFv3/CelebDFv3/FAKE/TalkingFace/EchoMimic/id11_0009_test_id08149_Ay1xwkYsNAE.mp4,TalkingFace/EchoMimic,id11,,0,4.093264579772949,-4.093264579772949,0.0,97.43268585205078,24.0,0.0,0.0,0.0,0.0,0.0,0.0
CelebDFv3,/root/Datasets/CelebDFv3/CelebDFv3/FAKE/TalkingFace/FLOAT/id31_0000_test_id03041_qyCz5uttaAA.mp4,TalkingFace/FLOAT,id31,,0,3.7837727069854736,-3.7837727069854736,0.0,120.84355926513672,25.0,0.0,0.0,0.0,0.0,0.0,0.0
CelebDFv3,/root/Datasets/CelebDFv3/CelebDFv3/FAKE/TalkingFace/IP_LAP/id25_0006_test_id03347_iLd-6KT2Y2Q.mp4,TalkingFace/IP_LAP,id25,,0,11.813431739807129,-11.813431739807129,0.0,257.77508544921875,25.0,0.0,0.0,0.0,0.0,0.0,0.0
CelebDFv3,/root/Datasets/CelebDFv3/CelebDFv3/FAKE/TalkingFace/Real3DPortrait/id54_0007_test_id01298_gWkO0NOMazs.mp4,TalkingFace/Real3DPortrait,id54,,0,3.503066301345825,-3.503066301345825,0.0,124.4257583618164,25.0,0.0,0.0,0.0,0.0,0.0,0.0
CelebDFv3,/root/Datasets/CelebDFv3/CelebDFv3/FAKE/TalkingFace/SadTalker/id11_0001_test_id01224_rjzQSZ-p8d0.mp4,TalkingFace/SadTalker,id11,,0,7.798375129699707,-7.798375129699707,0.0,124.53206634521484,25.0,0.0,0.0,0.0,0.0,0.0,0.0
CelebDFv3,/root/Datasets/CelebDFv3/CelebDFv3/FAKE/FaceReenact/DaGAN/id23_id4_0005.mp4,FaceReenact/DaGAN,id23,id4,0,2.873410940170288,-2.873410940170288,0.0,96.09056091308594,30.0,0.0,0.0,0.0,0.0,0.0,0.0
CelebDFv3,/root/Datasets/CelebDFv3/CelebDFv3/FAKE/FaceReenact/FSRT/id25_id21_0002.mp4,FaceReenact/FSRT,id25,id21,0,7.511055946350098,-7.511055946350098,0.0,92.11771392822266,20.0,0.0,0.0,0.0,0.0,0.0,0.0
CelebDFv3,/root/Datasets/CelebDFv3/CelebDFv3/FAKE/FaceReenact/HyperReenact/id11_id7_0003.mp4,FaceReenact/HyperReenact,id11,id7,0,5.148738384246826,-5.148738384246826,0.0,127.6738510131836,25.0,0.0,0.0,0.0,0.0,0.0,0.0
CelebDFv3,/root/Datasets/CelebDFv3/CelebDFv3/FAKE/FaceReenact/LIA/id31_id38_0006.mp4,FaceReenact/LIA,id31,id38,0,6.994460582733154,-6.994460582733154,0.0,134.12464904785156,30.0,0.0,0.0,0.0,0.0,0.0,0.0
CelebDFv3,/root/Datasets/CelebDFv3/CelebDFv3/FAKE/FaceReenact/LivePortrait/id23_id29_0007.mp4,FaceReenact/LivePortrait,id23,id29,0,-6.960263252258301,6.960263252258301,0.0,182.934814453125,30.0,0.0,0.0,0.0,0.0,0.0,0.0
CelebDFv3,/root/Datasets/CelebDFv3/CelebDFv3/FAKE/FaceReenact/MCNET/id31_id2_0001.mp4,FaceReenact/MCNET,id31,id2,0,6.292017936706543,-6.292017936706543,0.0,123.93771362304688,30.0,0.0,0.0,0.0,0.0,0.0,0.0
CelebDFv3,/root/Datasets/CelebDFv3/CelebDFv3/FAKE/FaceReenact/TPSMM/id31_id9_0002.mp4,FaceReenact/TPSMM,id31,id9,0,3.628375291824341,-3.628375291824341,0.0,124.26866912841797,30.0,0.0,0.0,0.0,0.0,0.0,0.0
CelebDFv3,/root/Datasets/CelebDFv3/CelebDFv3/FAKE/FaceSwap/BlendFace/id26_id32_0006.mp4,FaceSwap/BlendFace,id26,id32,0,12.802847862243652,-12.802847862243652,0.0,179.65870666503906,30.0,0.0,0.0,0.0,0.0,0.0,0.0
CelebDFv3,/root/Datasets/CelebDFv3/CelebDFv3/FAKE/FaceSwap/Celeb-DF-v2/id51_id55_0000.mp4,FaceSwap/Celeb-DF-v2,id51,id55,0,-10.277673721313477,10.277673721313477,0.0,234.67787170410156,30.0,0.0,0.0,0.0,0.0,0.0,0.0
CelebDFv3,/root/Datasets/CelebDFv3/CelebDFv3/FAKE/FaceSwap/GHOST/id51_id57_0007.mp4,FaceSwap/GHOST,id51,id57,0,-2.9578123092651367,2.9578123092651367,0.0,109.02657318115234,30.0,0.0,0.0,0.0,0.0,0.0,0.0
CelebDFv3,/root/Datasets/CelebDFv3/CelebDFv3/FAKE/FaceSwap/HifiFace/id25_id28_0002.mp4,FaceSwap/HifiFace,id25,id28,0,-3.7658510208129883,3.7658510208129883,0.0,130.5833282470703,30.0,0.0,0.0,0.0,0.0,0.0,0.0
CelebDFv3,/root/Datasets/CelebDFv3/CelebDFv3/FAKE/FaceSwap/InSwapper/id23_id24_0009.mp4,FaceSwap/InSwapper,id23,id24,0,1.8387881517410278,-1.8387881517410278,0.0,140.1731719970703,30.0,0.0,0.0,0.0,0.0,0.0,0.0
CelebDFv3,/root/Datasets/CelebDFv3/CelebDFv3/FAKE/FaceSwap/MobileFaceSwap/id51_id57_0008.mp4,FaceSwap/MobileFaceSwap,id51,id57,0,0.9976125955581665,-0.9976125955581665,0.0,118.10588836669922,30.0,0.0,0.0,0.0,0.0,0.0,0.0
CelebDFv3,/root/Datasets/CelebDFv3/CelebDFv3/FAKE/FaceSwap/SimSwap/id8_id7_0008.mp4,FaceSwap/SimSwap,id8,id7,0,-4.155675888061523,4.155675888061523,0.0,254.00001525878906,30.0,0.0,0.0,0.0,0.0,0.0,0.0
CelebDFv3,/root/Datasets/CelebDFv3/CelebDFv3/FAKE/FaceSwap/UniFace/id8_id2_0003.mp4,FaceSwap/UniFace,id8,id2,0,-4.356534957885742,4.356534957885742,0.0,188.91090393066406,30.0,0.0,0.0,0.0,0.0,0.0,0.0
CelebDFv3,/root/Datasets/CelebDFv3/CelebDFv3/FAKE/TalkingFace/AniTalker/id59_0007_test_id02317_5moKZXlJTEs.mp4,TalkingFace/AniTalker,id59,,0,6.335530757904053,-6.335530757904053,0.0,115.38863372802734,25.0,0.0,0.0,0.0,0.0,0.0,0.0
CelebDFv3,/root/Datasets/CelebDFv3/CelebDFv3/FAKE/TalkingFace/EDTalk/id23_0002_test_id03347_JbbZ8at5OF8.mp4,TalkingFace/EDTalk,id23,,0,7.666051864624023,-7.666051864624023,0.0,114.88028717041016,25.0,0.0,0.0,0.0,0.0,0.0,0.0
CelebDFv3,/root/Datasets/CelebDFv3/CelebDFv3/FAKE/TalkingFace/EchoMimic/id22_0001_test_id02542_gMKSu2wZpAA.mp4,TalkingFace/EchoMimic,id22,,0,7.884952068328857,-7.884952068328857,0.0,123.04273223876953,24.0,0.0,0.0,0.0,0.0,0.0,0.0
CelebDFv3,/root/Datasets/CelebDFv3/CelebDFv3/FAKE/TalkingFace/FLOAT/id31_0007_test_id08456_Kz89r1sNI6k.mp4,TalkingFace/FLOAT,id31,,0,9.9719820022583,-9.9719820022583,0.0,184.59751892089844,25.0,0.0,0.0,0.0,0.0,0.0,0.0
CelebDFv3,/root/Datasets/CelebDFv3/CelebDFv3/FAKE/TalkingFace/IP_LAP/id31_0003_test_id04627_IjO3LUCaYLE.mp4,TalkingFace/IP_LAP,id31,,0,3.5419321060180664,-3.5419321060180664,0.0,121.0696792602539,25.0,0.0,0.0,0.0,0.0,0.0,0.0
CelebDFv3,/root/Datasets/CelebDFv3/CelebDFv3/FAKE/TalkingFace/Real3DPortrait/id56_0004_test_id09017_oF8cALd6lU0.mp4,TalkingFace/Real3DPortrait,id56,,0,2.2328598499298096,-2.2328598499298096,0.0,105.03902435302734,25.0,0.0,0.0,0.0,0.0,0.0,0.0
CelebDFv3,/root/Datasets/CelebDFv3/CelebDFv3/FAKE/TalkingFace/SadTalker/id59_0002_test_id03524_Lt7XKpDEmh0.mp4,TalkingFace/SadTalker,id59,,0,4.08958101272583,-4.08958101272583,0.0,185.22828674316406,25.0,0.0,0.0,0.0,0.0,0.0,0.0
CelebDFv3,/root/Datasets/CelebDFv3/CelebDFv3/FAKE/FaceReenact/DaGAN/id54_id49_0008.mp4,FaceReenact/DaGAN,id54,id49,0,1.0536131858825684,-1.0536131858825684,0.0,117.786376953125,30.0,0.0,0.0,0.0,0.0,0.0,0.0
CelebDFv3,/root/Datasets/CelebDFv3/CelebDFv3/FAKE/FaceReenact/FSRT/id23_id21_0007.mp4,FaceReenact/FSRT,id23,id21,0,5.423169136047363,-5.423169136047363,0.0,212.37924194335938,20.0,0.0,0.0,0.0,0.0,0.0,0.0
CelebDFv3,/root/Datasets/CelebDFv3/CelebDFv3/FAKE/FaceReenact/HyperReenact/id48_id45_0002.mp4,FaceReenact/HyperReenact,id48,id45,0,8.624486923217773,-8.624486923217773,0.0,115.85968017578125,25.0,0.0,0.0,0.0,0.0,0.0,0.0
CelebDFv3,/root/Datasets/CelebDFv3/CelebDFv3/FAKE/FaceReenact/LIA/id56_id50_0005.mp4,FaceReenact/LIA,id56,id50,0,1.7453076839447021,-1.7453076839447021,0.0,107.13716125488281,29.0,0.0,0.0,0.0,0.0,0.0,0.0
CelebDFv3,/root/Datasets/CelebDFv3/CelebDFv3/FAKE/FaceReenact/LivePortrait/id48_id43_0003.mp4,FaceReenact/LivePortrait,id48,id43,0,4.307168006896973,-4.307168006896973,0.0,134.58889770507812,30.0,0.0,0.0,0.0,0.0,0.0,0.0
CelebDFv3,/root/Datasets/CelebDFv3/CelebDFv3/FAKE/FaceReenact/MCNET/id54_id57_0008.mp4,FaceReenact/MCNET,id54,id57,0,0.99756920337677,-0.99756920337677,0.0,113.94390869140625,29.829999923706055,0.0,0.0,0.0,0.0,0.0,0.0
CelebDFv3,/root/Datasets/CelebDFv3/CelebDFv3/FAKE/FaceReenact/TPSMM/id23_id16_0009.mp4,FaceReenact/TPSMM,id23,id16,0,6.394591331481934,-6.394591331481934,0.0,115.0831527709961,30.0,0.0,0.0,0.0,0.0,0.0,0.0
CelebDFv3,/root/Datasets/CelebDFv3/CelebDFv3/FAKE/FaceSwap/BlendFace/id54_id55_0006.mp4,FaceSwap/BlendFace,id54,id55,0,3.3422980308532715,-3.3422980308532715,0.0,238.9397735595703,30.0,0.0,0.0,0.0,0.0,0.0,0.0
CelebDFv3,/root/Datasets/CelebDFv3/CelebDFv3/FAKE/FaceSwap/Celeb-DF-v2/id51_id55_0001.mp4,FaceSwap/Celeb-DF-v2,id51,id55,0,1.1452853679656982,-1.1452853679656982,0.0,224.86302185058594,30.0,0.0,0.0,0.0,0.0,0.0,0.0
CelebDFv3,/root/Datasets/CelebDFv3/CelebDFv3/FAKE/FaceSwap/GHOST/id31_id33_0009.mp4,FaceSwap/GHOST,id31,id33,0,0.48686617612838745,-0.48686617612838745,0.0,110.1794204711914,30.0,0.0,0.0,0.0,0.0,0.0,0.0
CelebDFv3,/root/Datasets/CelebDFv3/CelebDFv3/FAKE/FaceSwap/HifiFace/id51_id55_0000.mp4,FaceSwap/HifiFace,id51,id55,0,-10.015948295593262,10.015948295593262,0.0,233.5234832763672,30.0,0.0,0.0,0.0,0.0,0.0,0.0
CelebDFv3,/root/Datasets/CelebDFv3/CelebDFv3/FAKE/FaceSwap/InSwapper/id23_id30_0000.mp4,FaceSwap/InSwapper,id23,id30,0,2.732536554336548,-2.732536554336548,0.0,99.6843032836914,30.0,0.0,0.0,0.0,0.0,0.0,0.0
CelebDFv3,/root/Datasets/CelebDFv3/CelebDFv3/FAKE/FaceSwap/MobileFaceSwap/id31_id32_0008.mp4,FaceSwap/MobileFaceSwap,id31,id32,0,2.431441307067871,-2.431441307067871,0.0,118.77861785888672,30.0,0.0,0.0,0.0,0.0,0.0,0.0
CelebDFv3,/root/Datasets/CelebDFv3/CelebDFv3/FAKE/FaceSwap/SimSwap/id48_id43_0003.mp4,FaceSwap/SimSwap,id48,id43,0,3.0562095642089844,-3.0562095642089844,0.0,119.55447387695312,30.0,0.0,0.0,0.0,0.0,0.0,0.0
CelebDFv3,/root/Datasets/CelebDFv3/CelebDFv3/FAKE/FaceSwap/UniFace/id26_id27_0008.mp4,FaceSwap/UniFace,id26,id27,0,0.039361387491226196,-0.039361387491226196,0.0,103.49919128417969,30.0,0.0,0.0,0.0,0.0,0.0,0.0
CelebDFv3,/root/Datasets/CelebDFv3/CelebDFv3/FAKE/TalkingFace/AniTalker/id22_0006_test_id04478_qfn8NllQPNY.mp4,TalkingFace/AniTalker,id22,,0,8.08975601196289,-8.08975601196289,0.0,137.68174743652344,25.0,0.0,0.0,0.0,0.0,0.0,0.0
CelebDFv3,/root/Datasets/CelebDFv3/CelebDFv3/FAKE/TalkingFace/EDTalk/id11_0005_test_id02465_PhHBC9xmnUQ.mp4,TalkingFace/EDTalk,id11,,0,7.66166353225708,-7.66166353225708,0.0,110.28343200683594,25.0,0.0,0.0,0.0,0.0,0.0,0.0
CelebDFv3,/root/Datasets/CelebDFv3/CelebDFv3/FAKE/TalkingFace/EchoMimic/id25_0004_test_id01593_tLFWX-IdAwI.mp4,TalkingFace/EchoMimic,id25,,0,7.386172294616699,-7.386172294616699,0.0,106.0714111328125,24.0,0.0,0.0,0.0,0.0,0.0,0.0
CelebDFv3,/root/Datasets/CelebDFv3/CelebDFv3/FAKE/TalkingFace/FLOAT/id31_0006_test_id01333_oeu8HplVJz8.mp4,TalkingFace/FLOAT,id31,,0,6.756351947784424,-6.756351947784424,0.0,142.95030212402344,25.0,0.0,0.0,0.0,0.0,0.0,0.0
CelebDFv3,/root/Datasets/CelebDFv3/CelebDFv3/FAKE/TalkingFace/IP_LAP/id26_0008_test_id01541_SjibtkyrW1A.mp4,TalkingFace/IP_LAP,id26,,0,3.7093870639801025,-3.7093870639801025,0.0,103.08342742919922,25.0,0.0,0.0,0.0,0.0,0.0,0.0
CelebDFv3,/root/Datasets/CelebDFv3/CelebDFv3/FAKE/TalkingFace/Real3DPortrait/id8_0001_test_id04656_4MhYXxGH8aU.mp4,TalkingFace/Real3DPortrait,id8,,0,1.9178805351257324,-1.9178805351257324,0.0,147.2135467529297,25.0,0.0,0.0,0.0,0.0,0.0,0.0
CelebDFv3,/root/Datasets/CelebDFv3/CelebDFv3/FAKE/TalkingFace/SadTalker/id54_0003_test_id02317_B_Tih3Eph2k.mp4,TalkingFace/SadTalker,id54,,0,4.3276262283325195,-4.3276262283325195,0.0,161.72982788085938,25.0,0.0,0.0,0.0,0.0,0.0,0.0
CelebDFv3,/root/Datasets/CelebDFv3/CelebDFv3/FAKE/FaceReenact/DaGAN/id48_id43_0003.mp4,FaceReenact/DaGAN,id48,id43,0,9.711559295654297,-9.711559295654297,0.0,116.499267578125,30.0,0.0,0.0,0.0,0.0,0.0,0.0
CelebDFv3,/root/Datasets/CelebDFv3/CelebDFv3/FAKE/FaceReenact/FSRT/id23_id1_0003.mp4,FaceReenact/FSRT,id23,id1,0,0.521796703338623,-0.521796703338623,0.0,94.9631576538086,20.0,0.0,0.0,0.0,0.0,0.0,0.0
CelebDFv3,/root/Datasets/CelebDFv3/CelebDFv3/FAKE/FaceReenact/HyperReenact/id31_id38_0001.mp4,FaceReenact/HyperReenact,id31,id38,0,8.219123840332031,-8.219123840332031,0.0,125.59921264648438,25.0,0.0,0.0,0.0,0.0,0.0,0.0
CelebDFv3,/root/Datasets/CelebDFv3/CelebDFv3/FAKE/FaceReenact/LIA/id31_id16_0004.mp4,FaceReenact/LIA,id31,id16,0,-5.3076863288879395,5.3076863288879395,0.0,193.10818481445312,30.0,0.0,0.0,0.0,0.0,0.0,0.0
CelebDFv3,/root/Datasets/CelebDFv3/CelebDFv3/FAKE/FaceReenact/LivePortrait/id51_id49_0005.mp4,FaceReenact/LivePortrait,id51,id49,0,3.235771417617798,-3.235771417617798,0.0,140.5008544921875,30.0,0.0,0.0,0.0,0.0,0.0,0.0
CelebDFv3,/root/Datasets/CelebDFv3/CelebDFv3/FAKE/FaceReenact/MCNET/id48_id40_0003.mp4,FaceReenact/MCNET,id48,id40,0,5.270442008972168,-5.270442008972168,0.0,76.16663360595703,30.0,0.0,0.0,0.0,0.0,0.0,0.0
CelebDFv3,/root/Datasets/CelebDFv3/CelebDFv3/FAKE/FaceReenact/TPSMM/id26_id35_0002.mp4,FaceReenact/TPSMM,id26,id35,0,2.4205384254455566,-2.4205384254455566,0.0,91.1741714477539,30.0,0.0,0.0,0.0,0.0,0.0,0.0
CelebDFv3,/root/Datasets/CelebDFv3/CelebDFv3/FAKE/FaceSwap/BlendFace/id23_id26_0001.mp4,FaceSwap/BlendFace,id23,id26,0,4.851524353027344,-4.851524353027344,0.0,121.27217102050781,30.0,0.0,0.0,0.0,0.0,0.0,0.0
CelebDFv3,/root/Datasets/CelebDFv3/CelebDFv3/FAKE/FaceSwap/Celeb-DF-v2/id25_id27_0005.mp4,FaceSwap/Celeb-DF-v2,id25,id27,0,2.325951099395752,-2.325951099395752,0.0,103.32542419433594,30.0,0.0,0.0,0.0,0.0,0.0,0.0
CelebDFv3,/root/Datasets/CelebDFv3/CelebDFv3/FAKE/FaceSwap/GHOST/id23_id16_0004.mp4,FaceSwap/GHOST,id23,id16,0,-1.0423275232315063,1.0423275232315063,0.0,117.9832992553711,30.0,0.0,0.0,0.0,0.0,0.0,0.0
CelebDFv3,/root/Datasets/CelebDFv3/CelebDFv3/FAKE/FaceSwap/HifiFace/id26_id35_0002.mp4,FaceSwap/HifiFace,id26,id35,0,-2.675909996032715,2.675909996032715,0.0,96.6124496459961,30.0,0.0,0.0,0.0,0.0,0.0,0.0
CelebDFv3,/root/Datasets/CelebDFv3/CelebDFv3/FAKE/FaceSwap/InSwapper/id23_id26_0009.mp4,FaceSwap/InSwapper,id23,id26,0,2.252371311187744,-2.252371311187744,0.0,140.27674865722656,30.0,0.0,0.0,0.0,0.0,0.0,0.0
CelebDFv3,/root/Datasets/CelebDFv3/CelebDFv3/FAKE/FaceSwap/MobileFaceSwap/id26_id3_0006.mp4,FaceSwap/MobileFaceSwap,id26,id3,0,12.500755310058594,-12.500755310058594,0.0,178.88214111328125,30.0,0.0,0.0,0.0,0.0,0.0,0.0
CelebDFv3,/root/Datasets/CelebDFv3/CelebDFv3/FAKE/FaceSwap/SimSwap/id48_id39_0007.mp4,FaceSwap/SimSwap,id48,id39,0,0.049690231680870056,-0.049690231680870056,0.0,114.420166015625,30.0,0.0,0.0,0.0,0.0,0.0,0.0
CelebDFv3,/root/Datasets/CelebDFv3/CelebDFv3/FAKE/FaceSwap/UniFace/id54_id52_0006.mp4,FaceSwap/UniFace,id54,id52,0,3.381830930709839,-3.381830930709839,0.0,238.79901123046875,30.0,0.0,0.0,0.0,0.0,0.0,0.0
CelebDFv3,/root/Datasets/CelebDFv3/CelebDFv3/FAKE/TalkingFace/AniTalker/id54_0000_test_id08374_8V4tFXw2UxY.mp4,TalkingFace/AniTalker,id54,,0,5.386570930480957,-5.386570930480957,0.0,125.38676452636719,25.0,0.0,0.0,0.0,0.0,0.0,0.0
CelebDFv3,/root/Datasets/CelebDFv3/CelebDFv3/FAKE/TalkingFace/EDTalk/id31_0000_test_id08701_UeUyLqpLz70.mp4,TalkingFace/EDTalk,id31,,0,4.781360626220703,-4.781360626220703,0.0,130.81346130371094,25.0,0.0,0.0,0.0,0.0,0.0,0.0
CelebDFv3,/root/Datasets/CelebDFv3/CelebDFv3/FAKE/TalkingFace/EchoMimic/id56_0003_test_id04862_GaEmvf_9c3Q.mp4,TalkingFace/EchoMimic,id56,,0,-0.569579541683197,0.569579541683197,0.0,110.45060729980469,24.0,0.0,0.0,0.0,0.0,0.0,0.0
CelebDFv3,/root/Datasets/CelebDFv3/CelebDFv3/FAKE/TalkingFace/FLOAT/id54_0005_test_id06104_HSe6gXwgeRs.mp4,TalkingFace/FLOAT,id54,,0,5.158679962158203,-5.158679962158203,0.0,105.73912048339844,25.0,0.0,0.0,0.0,0.0,0.0,0.0
CelebDFv3,/root/Datasets/CelebDFv3/CelebDFv3/FAKE/TalkingFace/IP_LAP/id51_0004_test_id08392_V2DQaPnQhBs.mp4,TalkingFace/IP_LAP,id51,,0,2.823075771331787,-2.823075771331787,0.0,115.19465637207031,25.0,0.0,0.0,0.0,0.0,0.0,0.0
CelebDFv3,/root/Datasets/CelebDFv3/CelebDFv3/FAKE/TalkingFace/Real3DPortrait/id11_0001_test_id04478_GZQGZOmFU5U.mp4,TalkingFace/Real3DPortrait,id11,,0,7.784570693969727,-7.784570693969727,0.0,116.65547943115234,25.0,0.0,0.0,0.0,0.0,0.0,0.0
CelebDFv3,/root/Datasets/CelebDFv3/CelebDFv3/FAKE/TalkingFace/SadTalker/id51_0007_test_id07663_Um4MKhndp_0.mp4,TalkingFace/SadTalker,id51,,0,0.4203263223171234,-0.4203263223171234,0.0,116.9305648803711,25.0,0.0,0.0,0.0,0.0,0.0,0.0
CelebDFv3,/root/Datasets/CelebDFv3/CelebDFv3/FAKE/FaceReenact/DaGAN/id54_id56_0002.mp4,FaceReenact/DaGAN,id54,id56,0,4.52223014831543,-4.52223014831543,0.0,123.06514739990234,30.0,0.0,0.0,0.0,0.0,0.0,0.0
CelebDFv3,/root/Datasets/CelebDFv3/CelebDFv3/FAKE/FaceReenact/FSRT/id22_id21_0006.mp4,FaceReenact/FSRT,id22,id21,0,6.87399959564209,-6.87399959564209,0.0,125.60533905029297,20.0,0.0,0.0,0.0,0.0,0.0,0.0
CelebDFv3,/root/Datasets/CelebDFv3/CelebDFv3/FAKE/FaceReenact/HyperReenact/id54_id49_0001.mp4,FaceReenact/HyperReenact,id54,id49,0,8.048290252685547,-8.048290252685547,0.0,173.54898071289062,25.0,0.0,0.0,0.0,0.0,0.0,0.0
CelebDFv3,/root/Datasets/CelebDFv3/CelebDFv3/FAKE/FaceReenact/LIA/id26_id37_0001.mp4,FaceReenact/LIA,id26,id37,0,1.7518270015716553,-1.7518270015716553,0.0,109.72705078125,30.0,0.0,0.0,0.0,0.0,0.0,0.0
CelebDFv3,/root/Datasets/CelebDFv3/CelebDFv3/FAKE/FaceReenact/LivePortrait/id23_id33_0002.mp4,FaceReenact/LivePortrait,id23,id33,0,8.135557174682617,-8.135557174682617,0.0,104.50253295898438,30.0,0.0,0.0,0.0,0.0,0.0,0.0
CelebDFv3,/root/Datasets/CelebDFv3/CelebDFv3/FAKE/FaceReenact/MCNET/id23_id9_0008.mp4,FaceReenact/MCNET,id23,id9,0,1.9970874786376953,-1.9970874786376953,0.0,96.2548599243164,30.0,0.0,0.0,0.0,0.0,0.0,0.0
CelebDFv3,/root/Datasets/CelebDFv3/CelebDFv3/FAKE/FaceReenact/TPSMM/id26_id25_0001.mp4,FaceReenact/TPSMM,id26,id25,0,6.758758544921875,-6.758758544921875,0.0,112.22035217285156,30.0,0.0,0.0,0.0,0.0,0.0,0.0
CelebDFv3,/root/Datasets/CelebDFv3/CelebDFv3/FAKE/FaceSwap/BlendFace/id48_id47_0002.mp4,FaceSwap/BlendFace,id48,id47,0,1.899793028831482,-1.899793028831482,0.0,120.11640930175781,30.0,0.0,0.0,0.0,0.0,0.0,0.0
CelebDFv3,/root/Datasets/CelebDFv3/CelebDFv3/FAKE/FaceSwap/Celeb-DF-v2/id31_id26_0002.mp4,FaceSwap/Celeb-DF-v2,id31,id26,0,-2.545010566711426,2.545010566711426,0.0,149.28074645996094,30.0,0.0,0.0,0.0,0.0,0.0,0.0
CelebDFv3,/root/Datasets/CelebDFv3/CelebDFv3/FAKE/FaceSwap/GHOST/id48_id40_0003.mp4,FaceSwap/GHOST,id48,id40,0,3.1196365356445312,-3.1196365356445312,0.0,120.94104766845703,30.0,0.0,0.0,0.0,0.0,0.0,0.0
CelebDFv3,/root/Datasets/CelebDFv3/CelebDFv3/FAKE/FaceSwap/HifiFace/id31_id26_0007.mp4,FaceSwap/HifiFace,id31,id26,0,-1.888676643371582,1.888676643371582,0.0,272.91845703125,30.0,0.0,0.0,0.0,0.0,0.0,0.0
CelebDFv3,/root/Datasets/CelebDFv3/CelebDFv3/FAKE/FaceSwap/InSwapper/id26_id31_0002.mp4,FaceSwap/InSwapper,id26,id31,0,-2.6267924308776855,2.6267924308776855,0.0,96.72991943359375,30.0,0.0,0.0,0.0,0.0,0.0,0.0
CelebDFv3,/root/Datasets/CelebDFv3/CelebDFv3/FAKE/FaceSwap/MobileFaceSwap/id48_id41_0006.mp4,FaceSwap/MobileFaceSwap,id48,id41,0,-4.993272304534912,4.993272304534912,0.0,134.9707794189453,30.0,0.0,0.0,0.0,0.0,0.0,0.0
CelebDFv3,/root/Datasets/CelebDFv3/CelebDFv3/FAKE/FaceSwap/SimSwap/id31_id9_0002.mp4,FaceSwap/SimSwap,id31,id9,0,-2.2698776721954346,2.2698776721954346,0.0,149.41937255859375,30.0,0.0,0.0,0.0,0.0,0.0,0.0
CelebDFv3,/root/Datasets/CelebDFv3/CelebDFv3/FAKE/FaceSwap/UniFace/id11_id7_0009.mp4,FaceSwap/UniFace,id11,id7,0,-1.5152586698532104,1.5152586698532104,0.0,124.04744720458984,30.0,0.0,0.0,0.0,0.0,0.0,0.0
CelebDFv3,/root/Datasets/CelebDFv3/CelebDFv3/FAKE/TalkingFace/AniTalker/id59_0008_test_id06104_I5L50wxtK8Q.mp4,TalkingFace/AniTalker,id59,,0,6.742523670196533,-6.742523670196533,0.0,119.81751251220703,25.0,0.0,0.0,0.0,0.0,0.0,0.0
CelebDFv3,/root/Datasets/CelebDFv3/CelebDFv3/FAKE/TalkingFace/EDTalk/id11_0009_test_id00817_GAs8WnyFKJM.mp4,TalkingFace/EDTalk,id11,,0,4.610332489013672,-4.610332489013672,0.0,103.11958312988281,25.0,0.0,0.0,0.0,0.0,0.0,0.0
CelebDFv3,/root/Datasets/CelebDFv3/CelebDFv3/FAKE/TalkingFace/EchoMimic/id23_0002_test_id07961_Q7QhiPMMMVA.mp4,TalkingFace/EchoMimic,id23,,0,8.908792495727539,-8.908792495727539,0.0,116.86554718017578,24.0,0.0,0.0,0.0,0.0,0.0,0.0
CelebDFv3,/root/Datasets/CelebDFv3/CelebDFv3/FAKE/TalkingFace/FLOAT/id51_0008_test_id03524_2DD4Np7SaWw.mp4,TalkingFace/FLOAT,id51,,0,8.17221736907959,-8.17221736907959,0.0,109.12944030761719,25.0,0.0,0.0,0.0,0.0,0.0,0.0
CelebDFv3,/root/Datasets/CelebDFv3/CelebDFv3/FAKE/TalkingFace/IP_LAP/id48_0006_test_id04094_iuzHh5LLoUo.mp4,TalkingFace/IP_LAP,id48,,0,0.35511359572410583,-0.35511359572410583,0.0,96.7862777709961,25.0,0.0,0.0,0.0,0.0,0.0,0.0
CelebDFv3,/root/Datasets/CelebDFv3/CelebDFv3/FAKE/TalkingFace/Real3DPortrait/id25_0010_test_id01437_TLJh3OC21Ms.mp4,TalkingFace/Real3DPortrait,id25,,0,4.707233905792236,-4.707233905792236,0.0,134.06851196289062,25.0,0.0,0.0,0.0,0.0,0.0,0.0
CelebDFv3,/root/Datasets/CelebDFv3/CelebDFv3/FAKE/TalkingFace/SadTalker/id31_0003_test_id02542_cwgUjse_REU.mp4,TalkingFace/SadTalker,id31,,0,10.28066635131836,-10.28066635131836,0.0,130.2437286376953,25.0,0.0,0.0,0.0,0.0,0.0,0.0
CelebDFv3,/root/Datasets/CelebDFv3/CelebDFv3/FAKE/FaceReenact/DaGAN/id51_id55_0004.mp4,FaceReenact/DaGAN,id51,id55,0,2.9601385593414307,-2.9601385593414307,0.0,92.09989929199219,30.0,0.0,0.0,0.0,0.0,0.0,0.0
CelebDFv3,/root/Datasets/CelebDFv3/CelebDFv3/FAKE/FaceReenact/FSRT/id51_id49_0001.mp4,FaceReenact/FSRT,id51,id49,0,3.3701534271240234,-3.3701534271240234,0.0,125.5133056640625,20.0,0.0,0.0,0.0,0.0,0.0,0.0
CelebDFv3,/root/Datasets/CelebDFv3/CelebDFv3/FAKE/FaceReenact/HyperReenact/id56_id50_0006.mp4,FaceReenact/HyperReenact,id56,id50,0,7.129618167877197,-7.129618167877197,0.0,104.24296569824219,25.0,0.0,0.0,0.0,0.0,0.0,0.0
CelebDFv3,/root/Datasets/CelebDFv3/CelebDFv3/FAKE/FaceReenact/LIA/id26_id3_0008.mp4,FaceReenact/LIA,id26,id3,0,0.7097122669219971,-0.7097122669219971,0.0,122.67340850830078,30.0,0.0,0.0,0.0,0.0,0.0,0.0
CelebDFv3,/root/Datasets/CelebDFv3/CelebDFv3/FAKE/FaceReenact/LivePortrait/id22_id21_0006.mp4,FaceReenact/LivePortrait,id22,id21,0,0.39401447772979736,-0.39401447772979736,0.0,171.80392456054688,30.0,0.0,0.0,0.0,0.0,0.0,0.0
CelebDFv3,/root/Datasets/CelebDFv3/CelebDFv3/FAKE/FaceReenact/MCNET/id31_id16_0005.mp4,FaceReenact/MCNET,id31,id16,0,3.2637834548950195,-3.2637834548950195,0.0,105.37157440185547,30.0,0.0,0.0,0.0,0.0,0.0,0.0
CelebDFv3,/root/Datasets/CelebDFv3/CelebDFv3/FAKE/FaceReenact/TPSMM/id23_id3_0006.mp4,FaceReenact/TPSMM,id23,id3,0,7.682636260986328,-7.682636260986328,0.0,101.88043975830078,30.0,0.0,0.0,0.0,0.0,0.0,0.0
CelebDFv3,/root/Datasets/CelebDFv3/CelebDFv3/FAKE/FaceSwap/BlendFace/id56_id52_0008.mp4,FaceSwap/BlendFace,id56,id52,0,-1.3724606037139893,1.3724606037139893,0.0,121.38080596923828,30.0,0.0,0.0,0.0,0.0,0.0,0.0
CelebDFv3,/root/Datasets/CelebDFv3/CelebDFv3/FAKE/FaceSwap/Celeb-DF-v2/id56_id58_0005.mp4,FaceSwap/Celeb-DF-v2,id56,id58,0,1.6513516902923584,-1.6513516902923584,0.0,127.60974884033203,29.899993896484375,0.0,0.0,0.0,0.0,0.0,0.0
CelebDFv3,/root/Datasets/CelebDFv3/CelebDFv3/FAKE/FaceSwap/GHOST/id23_id2_0007.mp4,FaceSwap/GHOST,id23,id2,0,-10.116426467895508,10.116426467895508,0.0,192.1185760498047,30.0,0.0,0.0,0.0,0.0,0.0,0.0
CelebDFv3,/root/Datasets/CelebDFv3/CelebDFv3/FAKE/FaceSwap/HifiFace/id31_id35_0002.mp4,FaceSwap/HifiFace,id31,id35,0,-2.5883049964904785,2.5883049964904785,0.0,148.85012817382812,30.0,0.0,0.0,0.0,0.0,0.0,0.0
CelebDFv3,/root/Datasets/CelebDFv3/CelebDFv3/FAKE/FaceSwap/InSwapper/id31_id3_0000.mp4,FaceSwap/InSwapper,id31,id3,0,-4.219347953796387,4.219347953796387,0.0,148.46307373046875,30.0,0.0,0.0,0.0,0.0,0.0,0.0
CelebDFv3,/root/Datasets/CelebDFv3/CelebDFv3/FAKE/FaceSwap/MobileFaceSwap/id23_id20_0001.mp4,FaceSwap/MobileFaceSwap,id23,id20,0,4.759133338928223,-4.759133338928223,0.0,121.00685119628906,30.0,0.0,0.0,0.0,0.0,0.0,0.0
CelebDFv3,/root/Datasets/CelebDFv3/CelebDFv3/FAKE/FaceSwap/SimSwap/id8_id6_0007.mp4,FaceSwap/SimSwap,id8,id6,0,8.962791442871094,-8.962791442871094,0.0,172.6717987060547,30.0,0.0,0.0,0.0,0.0,0.0,0.0
CelebDFv3,/root/Datasets/CelebDFv3/CelebDFv3/FAKE/FaceSwap/UniFace/id26_id1_0000.mp4,FaceSwap/UniFace,id26,id1,0,5.244922161102295,-5.244922161102295,0.0,133.15548706054688,30.0,0.0,0.0,0.0,0.0,0.0,0.0
CelebDFv3,/root/Datasets/CelebDFv3/CelebDFv3/FAKE/TalkingFace/AniTalker/id22_0000_test_id00926_TOxtKuoggFI.mp4,TalkingFace/AniTalker,id22,,0,5.827047348022461,-5.827047348022461,0.0,134.73785400390625,25.0,0.0,0.0,0.0,0.0,0.0,0.0
CelebDFv3,/root/Datasets/CelebDFv3/CelebDFv3/FAKE/TalkingFace/EDTalk/id56_0007_test_id07663_qqRVoQRN1vg.mp4,TalkingFace/EDTalk,id56,,0,5.108790397644043,-5.108790397644043,0.0,141.666259765625,25.0,0.0,0.0,0.0,0.0,0.0,0.0
CelebDFv3,/root/Datasets/CelebDFv3/CelebDFv3/FAKE/TalkingFace/EchoMimic/id56_0004_test_id09017_oF8cALd6lU0.mp4,TalkingFace/EchoMimic,id56,,0,4.248044967651367,-4.248044967651367,0.0,107.16595458984375,24.0,0.0,0.0,0.0,0.0,0.0,0.0
CelebDFv3,/root/Datasets/CelebDFv3/CelebDFv3/FAKE/TalkingFace/FLOAT/id23_0004_test_id04276_H1Xnb_rtgqY.mp4,TalkingFace/FLOAT,id23,,0,9.308393478393555,-9.308393478393555,0.0,118.7987060546875,25.0,0.0,0.0,0.0,0.0,0.0,0.0
CelebDFv3,/root/Datasets/CelebDFv3/CelebDFv3/FAKE/TalkingFace/IP_LAP/id59_0006_test_id08701_yty4X4F1mQY.mp4,TalkingFace/IP_LAP,id59,,0,3.708230972290039,-3.708230972290039,0.0,105.97791290283203,25.0,0.0,0.0,0.0,0.0,0.0,0.0
CelebDFv3,/root/Datasets/CelebDFv3/CelebDFv3/FAKE/TalkingFace/Real3DPortrait/id59_0002_test_id04232_lcNvUKfW9tY.mp4,TalkingFace/Real3DPortrait,id59,,0,-2.4810760021209717,2.4810760021209717,0.0,231.35047912597656,25.0,0.0,0.0,0.0,0.0,0.0,0.0
CelebDFv3,/root/Datasets/CelebDFv3/CelebDFv3/FAKE/TalkingFace/SadTalker/id56_0004_test_id04366_GAE3onT-CHs.mp4,TalkingFace/SadTalker,id56,,0,7.09154748916626,-7.09154748916626,0.0,110.8661117553711,25.0,0.0,0.0,0.0,0.0,0.0,0.0
CelebDFv3,/root/Datasets/CelebDFv3/CelebDFv3/FAKE/FaceReenact/DaGAN/id48_id42_0003.mp4,FaceReenact/DaGAN,id48,id42,0,6.654825210571289,-6.654825210571289,0.0,98.8084945678711,30.0,0.0,0.0,0.0,0.0,0.0,0.0
CelebDFv3,/root/Datasets/CelebDFv3/CelebDFv3/FAKE/FaceReenact/FSRT/id26_id0_0000.mp4,FaceReenact/FSRT,id26,id0,0,0.15279358625411987,-0.15279358625411987,0.0,99.91626739501953,20.0,0.0,0.0,0.0,0.0,0.0,0.0
CelebDFv3,/root/Datasets/CelebDFv3/CelebDFv3/FAKE/FaceReenact/HyperReenact/id31_id16_0004.mp4,FaceReenact/HyperReenact,id31,id16,0,9.561114311218262,-9.561114311218262,0.0,129.4177703857422,25.0,0.0,0.0,0.0,0.0,0.0,0.0
CelebDFv3,/root/Datasets/CelebDFv3/CelebDFv3/FAKE/FaceReenact/LIA/id48_id45_0008.mp4,FaceReenact/LIA,id48,id45,0,-0.2920278012752533,0.2920278012752533,0.0,137.3125,30.0,0.0,0.0,0.0,0.0,0.0,0.0
CelebDFv3,/root/Datasets/CelebDFv3/CelebDFv3/FAKE/FaceReenact/LivePortrait/id26_id1_0004.mp4,FaceReenact/LivePortrait,id26,id1,0,-3.263669490814209,3.263669490814209,0.0,144.64390563964844,30.0,0.0,0.0,0.0,0.0,0.0,0.0
CelebDFv3,/root/Datasets/CelebDFv3/CelebDFv3/FAKE/FaceReenact/MCNET/id25_id21_0008.mp4,FaceReenact/MCNET,id25,id21,0,2.1455233097076416,-2.1455233097076416,0.0,98.33028411865234,30.0,0.0,0.0,0.0,0.0,0.0,0.0
CelebDFv3,/root/Datasets/CelebDFv3/CelebDFv3/FAKE/FaceReenact/TPSMM/id22_id21_0004.mp4,FaceReenact/TPSMM,id22,id21,0,9.487042427062988,-9.487042427062988,0.0,123.69620513916016,30.0,0.0,0.0,0.0,0.0,0.0,0.0
CelebDFv3,/root/Datasets/CelebDFv3/CelebDFv3/FAKE/FaceSwap/BlendFace/id23_id0_0003.mp4,FaceSwap/BlendFace,id23,id0,0,-2.7732014656066895,2.7732014656066895,0.0,114.27954864501953,30.0,0.0,0.0,0.0,0.0,0.0,0.0
CelebDFv3,/root/Datasets/CelebDFv3/CelebDFv3/FAKE/FaceSwap/Celeb-DF-v2/id23_id31_0000.mp4,FaceSwap/Celeb-DF-v2,id23,id31,0,2.603907585144043,-2.603907585144043,0.0,99.22018432617188,30.0,0.0,0.0,0.0,0.0,0.0,0.0
CelebDFv3,/root/Datasets/CelebDFv3/CelebDFv3/FAKE/FaceSwap/GHOST/id54_id52_0005.mp4,FaceSwap/GHOST,id54,id52,0,-1.2319778203964233,1.2319778203964233,0.0,154.4301300048828,30.0,0.0,0.0,0.0,0.0,0.0,0.0
CelebDFv3,/root/Datasets/CelebDFv3/CelebDFv3/FAKE/FaceSwap/HifiFace/id48_id40_0007.mp4,FaceSwap/HifiFace,id48,id40,0,0.07362958043813705,-0.07362958043813705,0.0,114.59211730957031,30.0,0.0,0.0,0.0,0.0,0.0,0.0
CelebDFv3,/root/Datasets/CelebDFv3/CelebDFv3/FAKE/FaceSwap/InSwapper/id31_id37_0004.mp4,FaceSwap/InSwapper,id31,id37,0,-11.598264694213867,11.598264694213867,0.0,197.3794708251953,30.0,0.0,0.0,0.0,0.0,0.0,0.0
CelebDFv3,/root/Datasets/CelebDFv3/CelebDFv3/FAKE/FaceSwap/MobileFaceSwap/id54_id52_0003.mp4,FaceSwap/MobileFaceSwap,id54,id52,0,0.30278146266937256,-0.30278146266937256,0.0,179.87188720703125,30.0,0.0,0.0,0.0,0.0,0.0,0.0
CelebDFv3,/root/Datasets/CelebDFv3/CelebDFv3/FAKE/FaceSwap/SimSwap/id51_id53_0007.mp4,FaceSwap/SimSwap,id51,id53,0,-2.6782593727111816,2.6782593727111816,0.0,108.80897521972656,30.0,0.0,0.0,0.0,0.0,0.0,0.0
CelebDFv3,/root/Datasets/CelebDFv3/CelebDFv3/FAKE/FaceSwap/UniFace/id26_id22_0003.mp4,FaceSwap/UniFace,id26,id22,0,-7.761390209197998,7.761390209197998,0.0,382.7431945800781,30.0,0.0,0.0,0.0,0.0,0.0,0.0
CelebDFv3,/root/Datasets/CelebDFv3/CelebDFv3/FAKE/TalkingFace/AniTalker/id11_0003_test_id06209_6oI-FJQS9V0.mp4,TalkingFace/AniTalker,id11,,0,0.532312273979187,-0.532312273979187,0.0,162.6389617919922,25.0,0.0,0.0,0.0,0.0,0.0,0.0
CelebDFv3,/root/Datasets/CelebDFv3/CelebDFv3/FAKE/TalkingFace/EDTalk/id25_0000_test_id06209_6oI-FJQS9V0.mp4,TalkingFace/EDTalk,id25,,0,11.350364685058594,-11.350364685058594,0.0,132.39303588867188,25.0,0.0,0.0,0.0,0.0,0.0,0.0
CelebDFv3,/root/Datasets/CelebDFv3/CelebDFv3/FAKE/TalkingFace/EchoMimic/id11_0003_test_id02725_37kUrf6RJdw.mp4,TalkingFace/EchoMimic,id11,,0,4.414504051208496,-4.414504051208496,0.0,179.9955596923828,24.0,0.0,0.0,0.0,0.0,0.0,0.0
CelebDFv3,/root/Datasets/CelebDFv3/CelebDFv3/FAKE/TalkingFace/FLOAT/id25_0004_test_id00926_TOxtKuoggFI.mp4,TalkingFace/FLOAT,id25,,0,5.414187908172607,-5.414187908172607,0.0,107.1082992553711,25.0,0.0,0.0,0.0,0.0,0.0,0.0
CelebDFv3,/root/Datasets/CelebDFv3/CelebDFv3/FAKE/TalkingFace/IP_LAP/id23_0007_test_id03127_XaxvcU5-eGY.mp4,TalkingFace/IP_LAP,id23,,0,5.265208721160889,-5.265208721160889,0.0,145.2016143798828,25.0,0.0,0.0,0.0,0.0,0.0,0.0
CelebDFv3,/root/Datasets/CelebDFv3/CelebDFv3/FAKE/TalkingFace/Real3DPortrait/id54_0005_test_id03178_NLOzCF7vIio.mp4,TalkingFace/Real3DPortrait,id54,,0,3.12131404876709,-3.12131404876709,0.0,117.01078033447266,25.0,0.0,0.0,0.0,0.0,0.0,0.0
CelebDFv3,/root/Datasets/CelebDFv3/CelebDFv3/FAKE/TalkingFace/SadTalker/id22_0002_test_id02086_0zkXi4u4Rr0.mp4,TalkingFace/SadTalker,id22,,0,6.862344741821289,-6.862344741821289,0.0,126.34346008300781,25.0,0.0,0.0,0.0,0.0,0.0,0.0
CelebDFv3,/root/Datasets/CelebDFv3/CelebDFv3/FAKE/FaceReenact/DaGAN/id31_id1_0001.mp4,FaceReenact/DaGAN,id31,id1,0,6.051637172698975,-6.051637172698975,0.0,117.55398559570312,30.0,0.0,0.0,0.0,0.0,0.0,0.0
CelebDFv3,/root/Datasets/CelebDFv3/CelebDFv3/FAKE/FaceReenact/FSRT/id31_id17_0004.mp4,FaceReenact/FSRT,id31,id17,0,-4.28671932220459,4.28671932220459,0.0,142.59298706054688,20.0,0.0,0.0,0.0,0.0,0.0,0.0
CelebDFv3,/root/Datasets/CelebDFv3/CelebDFv3/FAKE/FaceReenact/HyperReenact/id23_id19_0002.mp4,FaceReenact/HyperReenact,id23,id19,0,9.606767654418945,-9.606767654418945,0.0,119.3438491821289,25.0,0.0,0.0,0.0,0.0,0.0,0.0
CelebDFv3,/root/Datasets/CelebDFv3/CelebDFv3/FAKE/FaceReenact/LIA/id23_id2_0009.mp4,FaceReenact/LIA,id23,id2,0,7.10175895690918,-7.10175895690918,0.0,114.61815643310547,30.0,0.0,0.0,0.0,0.0,0.0,0.0
CelebDFv3,/root/Datasets/CelebDFv3/CelebDFv3/FAKE/FaceReenact/LivePortrait/id31_id2_0002.mp4,FaceReenact/LivePortrait,id31,id2,0,-2.7009174823760986,2.7009174823760986,0.0,149.2136993408203,30.0,0.0,0.0,0.0,0.0,0.0,0.0
CelebDFv3,/root/Datasets/CelebDFv3/CelebDFv3/FAKE/FaceReenact/MCNET/id23_id4_0005.mp4,FaceReenact/MCNET,id23,id4,0,2.8060100078582764,-2.8060100078582764,0.0,96.7888412475586,30.0,0.0,0.0,0.0,0.0,0.0,0.0
CelebDFv3,/root/Datasets/CelebDFv3/CelebDFv3/FAKE/FaceReenact/TPSMM/id22_id28_0005.mp4,FaceReenact/TPSMM,id22,id28,0,8.974283218383789,-8.974283218383789,0.0,105.62346649169922,30.0,0.0,0.0,0.0,0.0,0.0,0.0
CelebDFv3,/root/Datasets/CelebDFv3/CelebDFv3/FAKE/FaceSwap/BlendFace/id23_id17_0000.mp4,FaceSwap/BlendFace,id23,id17,0,2.6499712467193604,-2.6499712467193604,0.0,99.45877838134766,30.0,0.0,0.0,0.0,0.0,0.0,0.0
CelebDFv3,/root/Datasets/CelebDFv3/CelebDFv3/FAKE/FaceSwap/Celeb-DF-v2/id59_id61_0007.mp4,FaceSwap/Celeb-DF-v2,id59,id61,0,2.2978594303131104,-2.2978594303131104,0.0,85.04193115234375,30.0,0.0,0.0,0.0,0.0,0.0,0.0
CelebDFv3,/root/Datasets/CelebDFv3/CelebDFv3/FAKE/FaceSwap/GHOST/id23_id9_0006.mp4,FaceSwap/GHOST,id23,id9,0,-3.030073404312134,3.030073404312134,0.0,111.66834259033203,30.0,0.0,0.0,0.0,0.0,0.0,0.0
CelebDFv3,/root/Datasets/CelebDFv3/CelebDFv3/FAKE/FaceSwap/HifiFace/id48_id43_0008.mp4,FaceSwap/HifiFace,id48,id43,0,-5.6429443359375,5.6429443359375,0.0,129.6189422607422,30.0,0.0,0.0,0.0,0.0,0.0,0.0
CelebDFv3,/root/Datasets/CelebDFv3/CelebDFv3/FAKE/FaceSwap/InSwapper/id31_id20_0008.mp4,FaceSwap/InSwapper,id31,id20,0,1.9680417776107788,-1.9680417776107788,0.0,121.70083618164062,30.0,0.0,0.0,0.0,0.0,0.0,0.0
CelebDFv3,/root/Datasets/CelebDFv3/CelebDFv3/FAKE/FaceSwap/MobileFaceSwap/id26_id16_0003.mp4,FaceSwap/MobileFaceSwap,id26,id16,0,-7.692868232727051,7.692868232727051,0.0,380.0672912597656,30.0,0.0,0.0,0.0,0.0,0.0,0.0
CelebDFv3,/root/Datasets/CelebDFv3/CelebDFv3/FAKE/FaceSwap/SimSwap/id31_id34_0004.mp4,FaceSwap/SimSwap,id31,id34,0,-11.714679718017578,11.714679718017578,0.0,197.17593383789062,30.0,0.0,0.0,0.0,0.0,0.0,0.0
CelebDFv3,/root/Datasets/CelebDFv3/CelebDFv3/FAKE/FaceSwap/UniFace/id22_id20_0002.mp4,FaceSwap/UniFace,id22,id20,0,-2.6548519134521484,2.6548519134521484,0.0,96.51504516601562,30.0,0.0,0.0,0.0,0.0,0.0,0.0
CelebDFv3,/root/Datasets/CelebDFv3/CelebDFv3/FAKE/TalkingFace/AniTalker/id48_0006_test_id01298_tAQVEmDyrPs.mp4,TalkingFace/AniTalker,id48,,0,1.2696138620376587,-1.2696138620376587,0.0,109.52302551269531,25.0,0.0,0.0,0.0,0.0,0.0,0.0
CelebDFv3,/root/Datasets/CelebDFv3/CelebDFv3/FAKE/TalkingFace/EDTalk/id8_0005_test_id09017_D8dCOAYteTY.mp4,TalkingFace/EDTalk,id8,,0,7.408454895019531,-7.408454895019531,0.0,113.79972076416016,25.0,0.0,0.0,0.0,0.0,0.0,0.0
CelebDFv3,/root/Datasets/CelebDFv3/CelebDFv3/FAKE/TalkingFace/EchoMimic/id54_0008_test_id08456_ajf9MieCX4k.mp4,TalkingFace/EchoMimic,id54,,0,0.5437517762184143,-0.5437517762184143,0.0,130.8241729736328,24.0,0.0,0.0,0.0,0.0,0.0,0.0
CelebDFv3,/root/Datasets/CelebDFv3/CelebDFv3/FAKE/TalkingFace/FLOAT/id8_0009_test_id02086_UpjWerN0hoE.mp4,TalkingFace/FLOAT,id8,,0,5.3781304359436035,-5.3781304359436035,0.0,106.29125213623047,25.0,0.0,0.0,0.0,0.0,0.0,0.0
CelebDFv3,/root/Datasets/CelebDFv3/CelebDFv3/FAKE/TalkingFace/IP_LAP/id22_0008_test_id03347_y_F4aAkN0d8.mp4,TalkingFace/IP_LAP,id22,,0,4.024559020996094,-4.024559020996094,0.0,120.24474334716797,25.0,0.0,0.0,0.0,0.0,0.0,0.0
CelebDFv3,/root/Datasets/CelebDFv3/CelebDFv3/FAKE/TalkingFace/Real3DPortrait/id26_0002_test_id05055_6EIN7_SQQDM.mp4,TalkingFace/Real3DPortrait,id26,,0,1.3902230262756348,-1.3902230262756348,0.0,107.78633117675781,25.0,0.0,0.0,0.0,0.0,0.0,0.0
CelebDFv3,/root/Datasets/CelebDFv3/CelebDFv3/FAKE/TalkingFace/SadTalker/id51_0007_test_id08696_rszCIqLKMBQ.mp4,TalkingFace/SadTalker,id51,,0,0.6691922545433044,-0.6691922545433044,0.0,114.8976821899414,25.0,0.0,0.0,0.0,0.0,0.0,0.0
CelebDFv3,/root/Datasets/CelebDFv3/CelebDFv3/FAKE/FaceReenact/DaGAN/id56_id55_0001.mp4,FaceReenact/DaGAN,id56,id55,0,1.038116455078125,-1.038116455078125,0.0,107.67666625976562,30.0,0.0,0.0,0.0,0.0,0.0,0.0
CelebDFv3,/root/Datasets/CelebDFv3/CelebDFv3/FAKE/FaceReenact/FSRT/id31_id38_0001.mp4,FaceReenact/FSRT,id31,id38,0,5.015748977661133,-5.015748977661133,0.0,126.99319458007812,20.0,0.0,0.0,0.0,0.0,0.0,0.0
CelebDFv3,/root/Datasets/CelebDFv3/CelebDFv3/FAKE/FaceReenact/HyperReenact/id23_id17_0006.mp4,FaceReenact/HyperReenact,id23,id17,0,8.791169166564941,-8.791169166564941,0.0,112.25736236572266,25.0,0.0,0.0,0.0,0.0,0.0,0.0
CelebDFv3,/root/Datasets/CelebDFv3/CelebDFv3/FAKE/FaceReenact/LIA/id8_id6_0007.mp4,FaceReenact/LIA,id8,id6,0,4.645666599273682,-4.645666599273682,0.0,101.19009399414062,30.0,0.0,0.0,0.0,0.0,0.0,0.0
CelebDFv3,/root/Datasets/CelebDFv3/CelebDFv3/FAKE/FaceReenact/LivePortrait/id59_id5_0004.mp4,FaceReenact/LivePortrait,id59,id5,0,-6.8776750564575195,6.8776750564575195,0.0,232.17835998535156,30.0,0.0,0.0,0.0,0.0,0.0,0.0
CelebDFv3,/root/Datasets/CelebDFv3/CelebDFv3/FAKE/FaceReenact/MCNET/id31_id3_0000.mp4,FaceReenact/MCNET,id31,id3,0,5.351256370544434,-5.351256370544434,0.0,109.38505554199219,30.0,0.0,0.0,0.0,0.0,0.0,0.0
CelebDFv3,/root/Datasets/CelebDFv3/CelebDFv3/FAKE/FaceReenact/TPSMM/id31_id3_0000.mp4,FaceReenact/TPSMM,id31,id3,0,5.264265060424805,-5.264265060424805,0.0,117.46876525878906,30.0,0.0,0.0,0.0,0.0,0.0,0.0
CelebDFv3,/root/Datasets/CelebDFv3/CelebDFv3/FAKE/FaceSwap/BlendFace/id23_id0_0007.mp4,FaceSwap/BlendFace,id23,id0,0,-9.783360481262207,9.783360481262207,0.0,191.99774169921875,30.0,0.0,0.0,0.0,0.0,0.0,0.0
CelebDFv3,/root/Datasets/CelebDFv3/CelebDFv3/FAKE/FaceSwap/Celeb-DF-v2/id51_id50_0002.mp4,FaceSwap/Celeb-DF-v2,id51,id50,0,1.6930818557739258,-1.6930818557739258,0.0,106.73866271972656,30.0,0.0,0.0,0.0,0.0,0.0,0.0
CelebDFv3,/root/Datasets/CelebDFv3/CelebDFv3/FAKE/FaceSwap/GHOST/id54_id53_0001.mp4,FaceSwap/GHOST,id54,id53,0,-4.125176429748535,4.125176429748535,0.0,185.7975311279297,30.0,0.0,0.0,0.0,0.0,0.0,0.0
CelebDFv3,/root/Datasets/CelebDFv3/CelebDFv3/FAKE/FaceSwap/HifiFace/id56_id49_0003.mp4,FaceSwap/HifiFace,id56,id49,0,3.8118786811828613,-3.8118786811828613,0.0,327.4429931640625,30.0,0.0,0.0,0.0,0.0,0.0,0.0
CelebDFv3,/root/Datasets/CelebDFv3/CelebDFv3/FAKE/FaceSwap/InSwapper/id31_id20_0002.mp4,FaceSwap/InSwapper,id31,id20,0,-2.7842047214508057,2.7842047214508057,0.0,148.40963745117188,30.0,0.0,0.0,0.0,0.0,0.0,0.0
CelebDFv3,/root/Datasets/CelebDFv3/CelebDFv3/FAKE/FaceSwap/MobileFaceSwap/id23_id0_0007.mp4,FaceSwap/MobileFaceSwap,id23,id0,0,-9.69603157043457,9.69603157043457,0.0,192.87608337402344,30.0,0.0,0.0,0.0,0.0,0.0,0.0
CelebDFv3,/root/Datasets/CelebDFv3/CelebDFv3/FAKE/FaceSwap/SimSwap/id26_id28_0004.mp4,FaceSwap/SimSwap,id26,id28,0,-0.5805326700210571,0.5805326700210571,0.0,135.2942352294922,30.0,0.0,0.0,0.0,0.0,0.0,0.0
CelebDFv3,/root/Datasets/CelebDFv3/CelebDFv3/FAKE/FaceSwap/UniFace/id23_id35_0005.mp4,FaceSwap/UniFace,id23,id35,0,1.6892822980880737,-1.6892822980880737,0.0,89.15208435058594,30.0,0.0,0.0,0.0,0.0,0.0,0.0
CelebDFv3,/root/Datasets/CelebDFv3/CelebDFv3/FAKE/TalkingFace/AniTalker/id26_0006_test_id04232_ROWN2ssXek8.mp4,TalkingFace/AniTalker,id26,,0,6.204511642456055,-6.204511642456055,0.0,184.8081817626953,25.0,0.0,0.0,0.0,0.0,0.0,0.0
CelebDFv3,/root/Datasets/CelebDFv3/CelebDFv3/FAKE/TalkingFace/EDTalk/id23_0007_test_id04295_zjlNcdVhso4.mp4,TalkingFace/EDTalk,id23,,0,9.460463523864746,-9.460463523864746,0.0,183.95127868652344,25.0,0.0,0.0,0.0,0.0,0.0,0.0
CelebDFv3,/root/Datasets/CelebDFv3/CelebDFv3/FAKE/TalkingFace/EchoMimic/id23_0001_test_id03862_6W_l9CHyUZg.mp4,TalkingFace/EchoMimic,id23,,0,10.704127311706543,-10.704127311706543,0.0,111.0280990600586,24.0,0.0,0.0,0.0,0.0,0.0,0.0
CelebDFv3,/root/Datasets/CelebDFv3/CelebDFv3/FAKE/TalkingFace/FLOAT/id54_0008_test_id08456_ajf9MieCX4k.mp4,TalkingFace/FLOAT,id54,,0,-0.771975576877594,0.771975576877594,0.0,113.7101058959961,25.0,0.0,0.0,0.0,0.0,0.0,0.0
CelebDFv3,/root/Datasets/CelebDFv3/CelebDFv3/FAKE/TalkingFace/IP_LAP/id59_0007_test_id07621_50AxdGn25as.mp4,TalkingFace/IP_LAP,id59,,0,1.8871188163757324,-1.8871188163757324,0.0,101.9242935180664,25.0,0.0,0.0,0.0,0.0,0.0,0.0
CelebDFv3,/root/Datasets/CelebDFv3/CelebDFv3/FAKE/TalkingFace/Real3DPortrait/id51_0005_test_id09017_sduESYpj2-I.mp4,TalkingFace/Real3DPortrait,id51,,0,1.4631460905075073,-1.4631460905075073,0.0,134.1670684814453,25.0,0.0,0.0,0.0,0.0,0.0,0.0
CelebDFv3,/root/Datasets/CelebDFv3/CelebDFv3/FAKE/TalkingFace/SadTalker/id11_0003_test_id02725_37kUrf6RJdw.mp4,TalkingFace/SadTalker,id11,,0,3.7895150184631348,-3.7895150184631348,0.0,182.3285369873047,25.0,0.0,0.0,0.0,0.0,0.0,0.0
CelebDFv3,/root/Datasets/CelebDFv3/CelebDFv3/FAKE/FaceReenact/DaGAN/id11_id7_0003.mp4,FaceReenact/DaGAN,id11,id7,0,-1.091597080230713,1.091597080230713,0.0,129.402587890625,30.0,0.0,0.0,0.0,0.0,0.0,0.0
CelebDFv3,/root/Datasets/CelebDFv3/CelebDFv3/FAKE/FaceReenact/FSRT/id54_id52_0006.mp4,FaceReenact/FSRT,id54,id52,0,1.6420679092407227,-1.6420679092407227,0.0,148.10922241210938,20.0,0.0,0.0,0.0,0.0,0.0,0.0
CelebDFv3,/root/Datasets/CelebDFv3/CelebDFv3/FAKE/FaceReenact/HyperReenact/id22_id26_0005.mp4,FaceReenact/HyperReenact,id22,id26,0,13.047052383422852,-13.047052383422852,0.0,134.18408203125,25.0,0.0,0.0,0.0,0.0,0.0,0.0
CelebDFv3,/root/Datasets/CelebDFv3/CelebDFv3/FAKE/FaceReenact/LIA/id31_id9_0003.mp4,FaceReenact/LIA,id31,id9,0,5.097171783447266,-5.097171783447266,0.0,119.7148208618164,30.0,0.0,0.0,0.0,0.0,0.0,0.0
CelebDFv3,/root/Datasets/CelebDFv3/CelebDFv3/FAKE/FaceReenact/LivePortrait/id26_id3_0008.mp4,FaceReenact/LivePortrait,id26,id3,0,-0.8463353514671326,0.8463353514671326,0.0,108.53282928466797,30.0,0.0,0.0,0.0,0.0,0.0,0.0
CelebDFv3,/root/Datasets/CelebDFv3/CelebDFv3/FAKE/FaceReenact/MCNET/id26_id29_0008.mp4,FaceReenact/MCNET,id26,id29,0,3.1097917556762695,-3.1097917556762695,0.0,110.26283264160156,30.0,0.0,0.0,0.0,0.0,0.0,0.0
CelebDFv3,/root/Datasets/CelebDFv3/CelebDFv3/FAKE/FaceReenact/TPSMM/id31_id29_0001.mp4,FaceReenact/TPSMM,id31,id29,0,1.5892086029052734,-1.5892086029052734,0.0,105.18789672851562,30.0,0.0,0.0,0.0,0.0,0.0,0.0
CelebDFv3,/root/Datasets/CelebDFv3/CelebDFv3/FAKE/FaceSwap/BlendFace/id23_id38_0000.mp4,FaceSwap/BlendFace,id23,id38,0,2.680914878845215,-2.680914878845215,0.0,99.59843444824219,30.0,0.0,0.0,0.0,0.0,0.0,0.0
CelebDFv3,/root/Datasets/CelebDFv3/CelebDFv3/FAKE/FaceSwap/Celeb-DF-v2/id54_id51_0000.mp4,FaceSwap/Celeb-DF-v2,id54,id51,0,-1.623836636543274,1.623836636543274,0.0,96.63848876953125,30.0,0.0,0.0,0.0,0.0,0.0,0.0
CelebDFv3,/root/Datasets/CelebDFv3/CelebDFv3/FAKE/FaceSwap/GHOST/id56_id53_0006.mp4,FaceSwap/GHOST,id56,id53,0,-0.9976116418838501,0.9976116418838501,0.0,93.0282974243164,30.0,0.0,0.0,0.0,0.0,0.0,0.0
CelebDFv3,/root/Datasets/CelebDFv3/CelebDFv3/FAKE/FaceSwap/HifiFace/id23_id0_0001.mp4,FaceSwap/HifiFace,id23,id0,0,4.771434783935547,-4.771434783935547,0.0,121.42034912109375,30.0,0.0,0.0,0.0,0.0,0.0,0.0
CelebDFv3,/root/Datasets/CelebDFv3/CelebDFv3/FAKE/FaceSwap/InSwapper/id51_id57_0000.mp4,FaceSwap/InSwapper,id51,id57,0,-10.2518949508667,10.2518949508667,0.0,233.26168823242188,30.0,0.0,0.0,0.0,0.0,0.0,0.0
CelebDFv3,/root/Datasets/CelebDFv3/CelebDFv3/FAKE/FaceSwap/MobileFaceSwap/id8_id1_0003.mp4,FaceSwap/MobileFaceSwap,id8,id1,0,-4.5172014236450195,4.5172014236450195,0.0,187.9779052734375,30.0,0.0,0.0,0.0,0.0,0.0,0.0
CelebDFv3,/root/Datasets/CelebDFv3/CelebDFv3/FAKE/FaceSwap/SimSwap/id31_id3_0000.mp4,FaceSwap/SimSwap,id31,id3,0,-4.082207679748535,4.082207679748535,0.0,148.6136932373047,30.0,0.0,0.0,0.0,0.0,0.0,0.0
CelebDFv3,/root/Datasets/CelebDFv3/CelebDFv3/FAKE/FaceSwap/UniFace/id23_id30_0002.mp4,FaceSwap/UniFace,id23,id30,0,2.6357741355895996,-2.6357741355895996,0.0,92.70234680175781,30.0,0.0,0.0,0.0,0.0,0.0,0.0
CelebDFv3,/root/Datasets/CelebDFv3/CelebDFv3/FAKE/TalkingFace/AniTalker/id48_0008_test_id04094_XXOtyg4RxTE.mp4,TalkingFace/AniTalker,id48,,0,3.0028724670410156,-3.0028724670410156,0.0,138.6111602783203,25.0,0.0,0.0,0.0,0.0,0.0,0.0
CelebDFv3,/root/Datasets/CelebDFv3/CelebDFv3/FAKE/TalkingFace/EDTalk/id48_0005_test_id01618_kzxW2WAFWLI.mp4,TalkingFace/EDTalk,id48,,0,7.734919548034668,-7.734919548034668,0.0,110.80371856689453,25.0,0.0,0.0,0.0,0.0,0.0,0.0
CelebDFv3,/root/Datasets/CelebDFv3/CelebDFv3/FAKE/TalkingFace/EchoMimic/id11_0001_test_id04478_GZQGZOmFU5U.mp4,TalkingFace/EchoMimic,id11,,0,9.057480812072754,-9.057480812072754,0.0,121.84534454345703,24.0,0.0,0.0,0.0,0.0,0.0,0.0
CelebDFv3,/root/Datasets/CelebDFv3/CelebDFv3/FAKE/TalkingFace/FLOAT/id25_0002_test_id03969_jDDsg0LLY2Y.mp4,TalkingFace/FLOAT,id25,,0,9.49064826965332,-9.49064826965332,0.0,109.30323791503906,25.0,0.0,0.0,0.0,0.0,0.0,0.0
CelebDFv3,/root/Datasets/CelebDFv3/CelebDFv3/FAKE/TalkingFace/IP_LAP/id54_0004_test_id01106_mkgP19APekU.mp4,TalkingFace/IP_LAP,id54,,0,5.069647789001465,-5.069647789001465,0.0,152.0096893310547,25.0,0.0,0.0,0.0,0.0,0.0,0.0
CelebDFv3,/root/Datasets/CelebDFv3/CelebDFv3/FAKE/TalkingFace/Real3DPortrait/id22_0000_test_id00926_TOxtKuoggFI.mp4,TalkingFace/Real3DPortrait,id22,,0,4.632514476776123,-4.632514476776123,0.0,133.20953369140625,25.0,0.0,0.0,0.0,0.0,0.0,0.0
CelebDFv3,/root/Datasets/CelebDFv3/CelebDFv3/FAKE/TalkingFace/SadTalker/id22_0005_test_id04276_Sgb1KpIJt90.mp4,TalkingFace/SadTalker,id22,,0,9.081888198852539,-9.081888198852539,0.0,124.21207427978516,25.0,0.0,0.0,0.0,0.0,0.0,0.0
CelebDFv3,/root/Datasets/CelebDFv3/CelebDFv3/FAKE/FaceReenact/DaGAN/id26_id0_0000.mp4,FaceReenact/DaGAN,id26,id0,0,2.315342903137207,-2.315342903137207,0.0,97.2077865600586,30.0,0.0,0.0,0.0,0.0,0.0,0.0
CelebDFv3,/root/Datasets/CelebDFv3/CelebDFv3/FAKE/FaceReenact/FSRT/id26_id20_0000.mp4,FaceReenact/FSRT,id26,id20,0,0.07518875598907471,-0.07518875598907471,0.0,95.73831939697266,20.0,0.0,0.0,0.0,0.0,0.0,0.0
CelebDFv3,/root/Datasets/CelebDFv3/CelebDFv3/FAKE/FaceReenact/HyperReenact/id23_id30_0003.mp4,FaceReenact/HyperReenact,id23,id30,0,2.4366981983184814,-2.4366981983184814,0.0,117.14017486572266,25.0,0.0,0.0,0.0,0.0,0.0,0.0
CelebDFv3,/root/Datasets/CelebDFv3/CelebDFv3/FAKE/FaceReenact/LIA/id31_id33_0001.mp4,FaceReenact/LIA,id31,id33,0,4.526398658752441,-4.526398658752441,0.0,118.10880279541016,30.0,0.0,0.0,0.0,0.0,0.0,0.0
CelebDFv3,/root/Datasets/CelebDFv3/CelebDFv3/FAKE/FaceReenact/LivePortrait/id22_id28_0002.mp4,FaceReenact/LivePortrait,id22,id28,0,-5.537351608276367,5.537351608276367,0.0,149.13380432128906,30.0,0.0,0.0,0.0,0.0,0.0,0.0
CelebDFv3,/root/Datasets/CelebDFv3/CelebDFv3/FAKE/FaceReenact/MCNET/id54_id52_0006.mp4,FaceReenact/MCNET,id54,id52,0,2.768686056137085,-2.768686056137085,0.0,136.4920196533203,29.670000076293945,0.0,0.0,0.0,0.0,0.0,0.0
CelebDFv3,/root/Datasets/CelebDFv3/CelebDFv3/FAKE/FaceReenact/TPSMM/id26_id1_0004.mp4,FaceReenact/TPSMM,id26,id1,0,-1.5734899044036865,1.5734899044036865,0.0,136.41168212890625,30.0,0.0,0.0,0.0,0.0,0.0,0.0
CelebDFv3,/root/Datasets/CelebDFv3/CelebDFv3/FAKE/FaceSwap/BlendFace/id22_id26_0001.mp4,FaceSwap/BlendFace,id22,id26,0,-1.6080193519592285,1.6080193519592285,0.0,98.44393157958984,30.0,0.0,0.0,0.0,0.0,0.0,0.0
CelebDFv3,/root/Datasets/CelebDFv3/CelebDFv3/FAKE/FaceSwap/Celeb-DF-v2/id48_id45_0007.mp4,FaceSwap/Celeb-DF-v2,id48,id45,0,-0.13297785818576813,0.13297785818576813,0.0,114.4266586303711,30.0,0.0,0.0,0.0,0.0,0.0,0.0
CelebDFv3,/root/Datasets/CelebDFv3/CelebDFv3/FAKE/FaceSwap/GHOST/id23_id20_0001.mp4,FaceSwap/GHOST,id23,id20,0,4.94126033782959,-4.94126033782959,0.0,122.02243041992188,30.0,0.0,0.0,0.0,0.0,0.0,0.0
CelebDFv3,/root/Datasets/CelebDFv3/CelebDFv3/FAKE/FaceSwap/HifiFace/id26_id6_0006.mp4,FaceSwap/HifiFace,id26,id6,0,12.410066604614258,-12.410066604614258,0.0,180.23048400878906,30.0,0.0,0.0,0.0,0.0,0.0,0.0
CelebDFv3,/root/Datasets/CelebDFv3/CelebDFv3/FAKE/FaceSwap/InSwapper/id48_id40_0009.mp4,FaceSwap/InSwapper,id48,id40,0,1.9374425411224365,-1.9374425411224365,0.0,132.31166076660156,30.0,0.0,0.0,0.0,0.0,0.0,0.0
CelebDFv3,/root/Datasets/CelebDFv3/CelebDFv3/FAKE/FaceSwap/MobileFaceSwap/id31_id23_0000.mp4,FaceSwap/MobileFaceSwap,id31,id23,0,-3.9448490142822266,3.9448490142822266,0.0,147.91331481933594,30.0,0.0,0.0,0.0,0.0,0.0,0.0
CelebDFv3,/root/Datasets/CelebDFv3/CelebDFv3/FAKE/FaceSwap/SimSwap/id31_id38_0000.mp4,FaceSwap/SimSwap,id31,id38,0,-4.063520908355713,4.063520908355713,0.0,148.6572723388672,30.0,0.0,0.0,0.0,0.0,0.0,0.0
CelebDFv3,/root/Datasets/CelebDFv3/CelebDFv3/FAKE/FaceSwap/UniFace/id59_id60_0006.mp4,FaceSwap/UniFace,id59,id60,0,-3.927877902984619,3.927877902984619,0.0,101.13789367675781,30.0,0.0,0.0,0.0,0.0,0.0,0.0
CelebDFv3,/root/Datasets/CelebDFv3/CelebDFv3/FAKE/TalkingFace/AniTalker/id23_0005_test_id07494_XMEIdqio6ic.mp4,TalkingFace/AniTalker,id23,,0,6.825960636138916,-6.825960636138916,0.0,109.77177429199219,25.0,0.0,0.0,0.0,0.0,0.0,0.0
CelebDFv3,/root/Datasets/CelebDFv3/CelebDFv3/FAKE/TalkingFace/EDTalk/id11_0000_test_id06913_ihOLv6bL4yA.mp4,TalkingFace/EDTalk,id11,,0,9.648054122924805,-9.648054122924805,0.0,101.96147918701172,25.0,0.0,0.0,0.0,0.0,0.0,0.0
CelebDFv3,/root/Datasets/CelebDFv3/CelebDFv3/FAKE/TalkingFace/EchoMimic/id11_0004_test_id08696_ttUSQacqnRA.mp4,TalkingFace/EchoMimic,id11,,0,5.271428108215332,-5.271428108215332,0.0,143.26040649414062,24.0,0.0,0.0,0.0,0.0,0.0,0.0
CelebDFv3,/root/Datasets/CelebDFv3/CelebDFv3/FAKE/TalkingFace/FLOAT/id23_0002_test_id05850_WNF1CY-Lu3I.mp4,TalkingFace/FLOAT,id23,,0,11.365869522094727,-11.365869522094727,0.0,113.82050323486328,25.0,0.0,0.0,0.0,0.0,0.0,0.0
CelebDFv3,/root/Datasets/CelebDFv3/CelebDFv3/FAKE/TalkingFace/IP_LAP/id26_0000_test_id01541_TU5SEgxdqSg.mp4,TalkingFace/IP_LAP,id26,,0,6.830950736999512,-6.830950736999512,0.0,103.2384033203125,25.0,0.0,0.0,0.0,0.0,0.0,0.0
CelebDFv3,/root/Datasets/CelebDFv3/CelebDFv3/FAKE/TalkingFace/Real3DPortrait/id31_0008_test_id01509_qLxfiUMYgQg.mp4,TalkingFace/Real3DPortrait,id31,,0,8.93509292602539,-8.93509292602539,0.0,137.12957763671875,25.0,0.0,0.0,0.0,0.0,0.0,0.0
CelebDFv3,/root/Datasets/CelebDFv3/CelebDFv3/FAKE/TalkingFace/SadTalker/id8_0004_test_id03839_pX7kYiDgFMA.mp4,TalkingFace/SadTalker,id8,,0,1.4957659244537354,-1.4957659244537354,0.0,208.0106964111328,25.0,0.0,0.0,0.0,0.0,0.0,0.0
CelebDFv3,/root/Datasets/CelebDFv3/CelebDFv3/FAKE/FaceReenact/DaGAN/id31_id9_0005.mp4,FaceReenact/DaGAN,id31,id9,0,1.3501644134521484,-1.3501644134521484,0.0,97.38232421875,30.0,0.0,0.0,0.0,0.0,0.0,0.0
CelebDFv3,/root/Datasets/CelebDFv3/CelebDFv3/FAKE/FaceReenact/FSRT/id26_id25_0008.mp4,FaceReenact/FSRT,id26,id25,0,0.456612229347229,-0.456612229347229,0.0,111.44532012939453,20.0,0.0,0.0,0.0,0.0,0.0,0.0
CelebDFv3,/root/Datasets/CelebDFv3/CelebDFv3/FAKE/FaceReenact/HyperReenact/id26_id27_0008.mp4,FaceReenact/HyperReenact,id26,id27,0,6.294069290161133,-6.294069290161133,0.0,108.53550720214844,25.0,0.0,0.0,0.0,0.0,0.0,0.0
CelebDFv3,/root/Datasets/CelebDFv3/CelebDFv3/FAKE/FaceReenact/LIA/id26_id33_0006.mp4,FaceReenact/LIA,id26,id33,0,1.2587554454803467,-1.2587554454803467,0.0,185.57525634765625,30.0,0.0,0.0,0.0,0.0,0.0,0.0
CelebDFv3,/root/Datasets/CelebDFv3/CelebDFv3/FAKE/FaceReenact/LivePortrait/id31_id32_0006.mp4,FaceReenact/LivePortrait,id31,id32,0,-3.480626106262207,3.480626106262207,0.0,176.96788024902344,30.0,0.0,0.0,0.0,0.0,0.0,0.0
CelebDFv3,/root/Datasets/CelebDFv3/CelebDFv3/FAKE/FaceReenact/MCNET/id23_id19_0000.mp4,FaceReenact/MCNET,id23,id19,0,3.3090429306030273,-3.3090429306030273,0.0,100.95085906982422,29.829999923706055,0.0,0.0,0.0,0.0,0.0,0.0
CelebDFv3,/root/Datasets/CelebDFv3/CelebDFv3/FAKE/FaceReenact/TPSMM/id51_id49_0004.mp4,FaceReenact/TPSMM,id51,id49,0,3.948566436767578,-3.948566436767578,0.0,107.0266342163086,30.0,0.0,0.0,0.0,0.0,0.0,0.0
CelebDFv3,/root/Datasets/CelebDFv3/CelebDFv3/FAKE/FaceSwap/BlendFace/id59_id60_0007.mp4,FaceSwap/BlendFace,id59,id60,0,2.453547954559326,-2.453547954559326,0.0,86.0468521118164,30.0,0.0,0.0,0.0,0.0,0.0,0.0
CelebDFv3,/root/Datasets/CelebDFv3/CelebDFv3/FAKE/FaceSwap/Celeb-DF-v2/id26_id37_0004.mp4,FaceSwap/Celeb-DF-v2,id26,id37,0,-0.9547591805458069,0.9547591805458069,0.0,135.3520050048828,30.0,0.0,0.0,0.0,0.0,0.0,0.0
CelebDFv3,/root/Datasets/CelebDFv3/CelebDFv3/FAKE/FaceSwap/GHOST/id31_id32_0008.mp4,FaceSwap/GHOST,id31,id32,0,2.960827350616455,-2.960827350616455,0.0,122.17194366455078,30.0,0.0,0.0,0.0,0.0,0.0,0.0
CelebDFv3,/root/Datasets/CelebDFv3/CelebDFv3/FAKE/FaceSwap/HifiFace/id26_id29_0009.mp4,FaceSwap/HifiFace,id26,id29,0,1.5236351490020752,-1.5236351490020752,0.0,163.89508056640625,30.0,0.0,0.0,0.0,0.0,0.0,0.0
CelebDFv3,/root/Datasets/CelebDFv3/CelebDFv3/FAKE/FaceSwap/InSwapper/id48_id47_0002.mp4,FaceSwap/InSwapper,id48,id47,0,1.4627695083618164,-1.4627695083618164,0.0,120.26162719726562,30.0,0.0,0.0,0.0,0.0,0.0,0.0
CelebDFv3,/root/Datasets/CelebDFv3/CelebDFv3/FAKE/FaceSwap/MobileFaceSwap/id31_id35_0006.mp4,FaceSwap/MobileFaceSwap,id31,id35,0,-7.590434551239014,7.590434551239014,0.0,208.4864501953125,30.0,0.0,0.0,0.0,0.0,0.0,0.0
CelebDFv3,/root/Datasets/CelebDFv3/CelebDFv3/FAKE/FaceSwap/SimSwap/id59_id60_0007.mp4,FaceSwap/SimSwap,id59,id60,0,2.3805348873138428,-2.3805348873138428,0.0,86.57855224609375,30.0,0.0,0.0,0.0,0.0,0.0,0.0
CelebDFv3,/root/Datasets/CelebDFv3/CelebDFv3/FAKE/FaceSwap/UniFace/id26_id37_0000.mp4,FaceSwap/UniFace,id26,id37,0,5.621377468109131,-5.621377468109131,0.0,132.00552368164062,30.0,0.0,0.0,0.0,0.0,0.0,0.0
CelebDFv3,/root/Datasets/CelebDFv3/CelebDFv3/FAKE/TalkingFace/AniTalker/id59_0004_test_id04232_AB9fk1MH2rA.mp4,TalkingFace/AniTalker,id59,,0,3.611870765686035,-3.611870765686035,0.0,248.62437438964844,25.0,0.0,0.0,0.0,0.0,0.0,0.0
CelebDFv3,/root/Datasets/CelebDFv3/CelebDFv3/FAKE/TalkingFace/EDTalk/id23_0008_test_id06811_Y6PB7tt3VPc.mp4,TalkingFace/EDTalk,id23,,0,2.784050464630127,-2.784050464630127,0.0,113.24029541015625,25.0,0.0,0.0,0.0,0.0,0.0,0.0
CelebDFv3,/root/Datasets/CelebDFv3/CelebDFv3/FAKE/TalkingFace/EchoMimic/id31_0003_test_id02542_cwgUjse_REU.mp4,TalkingFace/EchoMimic,id31,,0,4.326875686645508,-4.326875686645508,0.0,129.02757263183594,24.0,0.0,0.0,0.0,0.0,0.0,0.0
CelebDFv3,/root/Datasets/CelebDFv3/CelebDFv3/FAKE/TalkingFace/FLOAT/id54_0006_test_id01567_vpFlNPO9OGM.mp4,TalkingFace/FLOAT,id54,,0,7.09235954284668,-7.09235954284668,0.0,145.4405059814453,25.0,0.0,0.0,0.0,0.0,0.0,0.0
CelebDFv3,/root/Datasets/CelebDFv3/CelebDFv3/FAKE/TalkingFace/IP_LAP/id11_0008_test_id05124_uPPqcWVd-dg.mp4,TalkingFace/IP_LAP,id11,,0,4.844717025756836,-4.844717025756836,0.0,97.19279479980469,25.0,0.0,0.0,0.0,0.0,0.0,0.0
CelebDFv3,/root/Datasets/CelebDFv3/CelebDFv3/FAKE/TalkingFace/Real3DPortrait/id23_0004_test_id07961_DM8nW7joT3A.mp4,TalkingFace/Real3DPortrait,id23,,0,2.9358115196228027,-2.9358115196228027,0.0,128.06578063964844,25.0,0.0,0.0,0.0,0.0,0.0,0.0
CelebDFv3,/root/Datasets/CelebDFv3/CelebDFv3/FAKE/TalkingFace/SadTalker/id26_0007_test_id05124_1HAXGOri_x0.mp4,TalkingFace/SadTalker,id26,,0,4.96562385559082,-4.96562385559082,0.0,160.1327667236328,25.0,0.0,0.0,0.0,0.0,0.0,0.0
CelebDFv3,/root/Datasets/CelebDFv3/CelebDFv3/FAKE/FaceReenact/DaGAN/id23_id2_0000.mp4,FaceReenact/DaGAN,id23,id2,0,-0.2535184621810913,0.2535184621810913,0.0,105.858642578125,30.0,0.0,0.0,0.0,0.0,0.0,0.0
CelebDFv3,/root/Datasets/CelebDFv3/CelebDFv3/FAKE/FaceReenact/FSRT/id48_id45_0002.mp4,FaceReenact/FSRT,id48,id45,0,2.0619592666625977,-2.0619592666625977,0.0,88.7991714477539,20.0,0.0,0.0,0.0,0.0,0.0,0.0
CelebDFv3,/root/Datasets/CelebDFv3/CelebDFv3/FAKE/FaceReenact/HyperReenact/id25_id27_0004.mp4,FaceReenact/HyperReenact,id25,id27,0,5.016326427459717,-5.016326427459717,0.0,105.20938110351562,25.0,0.0,0.0,0.0,0.0,0.0,0.0
CelebDFv3,/root/Datasets/CelebDFv3/CelebDFv3/FAKE/FaceReenact/LIA/id56_id52_0001.mp4,FaceReenact/LIA,id56,id52,0,-0.5330104231834412,0.5330104231834412,0.0,90.86083984375,30.0,0.0,0.0,0.0,0.0,0.0,0.0
CelebDFv3,/root/Datasets/CelebDFv3/CelebDFv3/FAKE/FaceReenact/LivePortrait/id51_id54_0005.mp4,FaceReenact/LivePortrait,id51,id54,0,3.977417230606079,-3.977417230606079,0.0,140.63986206054688,30.0,0.0,0.0,0.0,0.0,0.0,0.0
CelebDFv3,/root/Datasets/CelebDFv3/CelebDFv3/FAKE/FaceReenact/MCNET/id26_id16_0003.mp4,FaceReenact/MCNET,id26,id16,0,3.53733491897583,-3.53733491897583,0.0,333.1910705566406,30.0,0.0,0.0,0.0,0.0,0.0,0.0
CelebDFv3,/root/Datasets/CelebDFv3/CelebDFv3/FAKE/FaceReenact/TPSMM/id31_id2_0005.mp4,FaceReenact/TPSMM,id31,id2,0,3.170651435852051,-3.170651435852051,0.0,106.24918365478516,30.0,0.0,0.0,0.0,0.0,0.0,0.0
CelebDFv3,/root/Datasets/CelebDFv3/CelebDFv3/FAKE/FaceSwap/BlendFace/id23_id0_0006.mp4,FaceSwap/BlendFace,id23,id0,0,-2.908967971801758,2.908967971801758,0.0,111.9452133178711,30.0,0.0,0.0,0.0,0.0,0.0,0.0
CelebDFv3,/root/Datasets/CelebDFv3/CelebDFv3/FAKE/FaceSwap/Celeb-DF-v2/id51_id58_0001.mp4,FaceSwap/Celeb-DF-v2,id51,id58,0,1.049771785736084,-1.049771785736084,0.0,224.94471740722656,30.0,0.0,0.0,0.0,0.0,0.0,0.0
CelebDFv3,/root/Datasets/CelebDFv3/CelebDFv3/FAKE/FaceSwap/GHOST/id54_id50_0004.mp4,FaceSwap/GHOST,id54,id50,0,-4.763345241546631,4.763345241546631,0.0,153.60342407226562,30.0,0.0,0.0,0.0,0.0,0.0,0.0
CelebDFv3,/root/Datasets/CelebDFv3/CelebDFv3/FAKE/FaceSwap/HifiFace/id51_id55_0004.mp4,FaceSwap/HifiFace,id51,id55,0,-1.792027235031128,1.792027235031128,0.0,105.37355041503906,29.0,0.0,0.0,0.0,0.0,0.0,0.0
CelebDFv3,/root/Datasets/CelebDFv3/CelebDFv3/FAKE/FaceSwap/InSwapper/id23_id2_0007.mp4,FaceSwap/InSwapper,id23,id2,0,-9.992341995239258,9.992341995239258,0.0,192.36557006835938,30.0,0.0,0.0,0.0,0.0,0.0,0.0
CelebDFv3,/root/Datasets/CelebDFv3/CelebDFv3/FAKE/FaceSwap/MobileFaceSwap/id54_id51_0003.mp4,FaceSwap/MobileFaceSwap,id54,id51,0,0.3619920015335083,-0.3619920015335083,0.0,179.98834228515625,30.0,0.0,0.0,0.0,0.0,0.0,0.0
CelebDFv3,/root/Datasets/CelebDFv3/CelebDFv3/FAKE/FaceSwap/SimSwap/id26_id22_0003.mp4,FaceSwap/SimSwap,id26,id22,0,-7.2958083152771,7.2958083152771,0.0,383.90411376953125,30.0,0.0,0.0,0.0,0.0,0.0,0.0
CelebDFv3,/root/Datasets/CelebDFv3/CelebDFv3/FAKE/FaceSwap/UniFace/id23_id24_0009.mp4,FaceSwap/UniFace,id23,id24,0,2.443161964416504,-2.443161964416504,0.0,140.40399169921875,30.0,0.0,0.0,0.0,0.0,0.0,0.0
CelebDFv3,/root/Datasets/CelebDFv3/CelebDFv3/FAKE/TalkingFace/AniTalker/id54_0009_test_id01989_t3crub0ikyc.mp4,TalkingFace/AniTalker,id54,,0,4.022933006286621,-4.022933006286621,0.0,109.4081039428711,25.0,0.0,0.0,0.0,0.0,0.0,0.0
CelebDFv3,/root/Datasets/CelebDFv3/CelebDFv3/FAKE/TalkingFace/EDTalk/id23_0006_test_id09017_W9dkqIcvdBg.mp4,TalkingFace/EDTalk,id23,,0,9.60744857788086,-9.60744857788086,0.0,124.55626678466797,25.0,0.0,0.0,0.0,0.0,0.0,0.0
CelebDFv3,/root/Datasets/CelebDFv3/CelebDFv3/FAKE/TalkingFace/EchoMimic/id11_0005_test_id02317_B_Tih3Eph2k.mp4,TalkingFace/EchoMimic,id11,,0,5.355590343475342,-5.355590343475342,0.0,117.04927825927734,24.0,0.0,0.0,0.0,0.0,0.0,0.0
CelebDFv3,/root/Datasets/CelebDFv3/CelebDFv3/FAKE/TalkingFace/FLOAT/id54_0007_test_id01298_gWkO0NOMazs.mp4,TalkingFace/FLOAT,id54,,0,5.078688621520996,-5.078688621520996,0.0,116.18798828125,25.0,0.0,0.0,0.0,0.0,0.0,0.0
CelebDFv3,/root/Datasets/CelebDFv3/CelebDFv3/FAKE/TalkingFace/IP_LAP/id48_0007_test_id04094_BExUTQV-HpQ.mp4,TalkingFace/IP_LAP,id48,,0,2.256850242614746,-2.256850242614746,0.0,101.04571533203125,25.0,0.0,0.0,0.0,0.0,0.0,0.0
CelebDFv3,/root/Datasets/CelebDFv3/CelebDFv3/FAKE/TalkingFace/Real3DPortrait/id54_0000_test_id08374_8V4tFXw2UxY.mp4,TalkingFace/Real3DPortrait,id54,,0,3.3062989711761475,-3.3062989711761475,0.0,122.42216491699219,25.0,0.0,0.0,0.0,0.0,0.0,0.0
CelebDFv3,/root/Datasets/CelebDFv3/CelebDFv3/FAKE/TalkingFace/SadTalker/id59_0008_test_id05055__PvDDInENOI.mp4,TalkingFace/SadTalker,id59,,0,4.281652450561523,-4.281652450561523,0.0,124.26558685302734,25.0,0.0,0.0,0.0,0.0,0.0,0.0
CelebDFv3,/root/Datasets/CelebDFv3/CelebDFv3/FAKE/FaceReenact/DaGAN/id48_id45_0008.mp4,FaceReenact/DaGAN,id48,id45,0,0.14748606085777283,-0.14748606085777283,0.0,130.8573455810547,30.0,0.0,0.0,0.0,0.0,0.0,0.0
CelebDFv3,/root/Datasets/CelebDFv3/CelebDFv3/FAKE/FaceReenact/FSRT/id56_id55_0003.mp4,FaceReenact/FSRT,id56,id55,0,4.26784610748291,-4.26784610748291,0.0,91.06863403320312,20.0,0.0,0.0,0.0,0.0,0.0,0.0
CelebDFv3,/root/Datasets/CelebDFv3/CelebDFv3/FAKE/FaceReenact/HyperReenact/id51_id58_0002.mp4,FaceReenact/HyperReenact,id51,id58,0,9.40482234954834,-9.40482234954834,0.0,118.49517059326172,25.0,0.0,0.0,0.0,0.0,0.0,0.0
CelebDFv3,/root/Datasets/CelebDFv3/CelebDFv3/FAKE/FaceReenact/LIA/id54_id52_0001.mp4,FaceReenact/LIA,id54,id52,0,-4.044661998748779,4.044661998748779,0.0,242.3687286376953,30.0,0.0,0.0,0.0,0.0,0.0,0.0
CelebDFv3,/root/Datasets/CelebDFv3/CelebDFv3/FAKE/FaceReenact/LivePortrait/id23_id25_0002.mp4,FaceReenact/LivePortrait,id23,id25,0,7.487151145935059,-7.487151145935059,0.0,106.93508911132812,30.0,0.0,0.0,0.0,0.0,0.0,0.0
CelebDFv3,/root/Datasets/CelebDFv3/CelebDFv3/FAKE/FaceReenact/MCNET/id8_id1_0003.mp4,FaceReenact/MCNET,id8,id1,0,0.18541574478149414,-0.18541574478149414,0.0,117.52114868164062,30.0,0.0,0.0,0.0,0.0,0.0,0.0
CelebDFv3,/root/Datasets/CelebDFv3/CelebDFv3/FAKE/FaceReenact/TPSMM/id48_id45_0003.mp4,FaceReenact/TPSMM,id48,id45,0,10.236631393432617,-10.236631393432617,0.0,124.45891571044922,30.0,0.0,0.0,0.0,0.0,0.0,0.0
CelebDFv3,/root/Datasets/CelebDFv3/CelebDFv3/FAKE/FaceSwap/BlendFace/id23_id28_0000.mp4,FaceSwap/BlendFace,id23,id28,0,2.6999573707580566,-2.6999573707580566,0.0,99.59774780273438,30.0,0.0,0.0,0.0,0.0,0.0,0.0
CelebDFv3,/root/Datasets/CelebDFv3/CelebDFv3/FAKE/FaceSwap/Celeb-DF-v2/id31_id17_0000.mp4,FaceSwap/Celeb-DF-v2,id31,id17,0,-4.347845077514648,4.347845077514648,0.0,149.5725555419922,30.0,0.0,0.0,0.0,0.0,0.0,0.0
CelebDFv3,/root/Datasets/CelebDFv3/CelebDFv3/FAKE/FaceSwap/GHOST/id51_id49_0001.mp4,FaceSwap/GHOST,id51,id49,0,0.1495649665594101,-0.1495649665594101,0.0,221.76336669921875,30.0,0.0,0.0,0.0,0.0,0.0,0.0
CelebDFv3,/root/Datasets/CelebDFv3/CelebDFv3/FAKE/FaceSwap/HifiFace/id54_id55_0008.mp4,FaceSwap/HifiFace,id54,id55,0,-1.3698713779449463,1.3698713779449463,0.0,127.77469635009766,30.0,0.0,0.0,0.0,0.0,0.0,0.0
CelebDFv3,/root/Datasets/CelebDFv3/CelebDFv3/FAKE/FaceSwap/InSwapper/id56_id50_0005.mp4,FaceSwap/InSwapper,id56,id50,0,1.7080180644989014,-1.7080180644989014,0.0,128.71714782714844,29.899993896484375,0.0,0.0,0.0,0.0,0.0,0.0
CelebDFv3,/root/Datasets/CelebDFv3/CelebDFv3/FAKE/FaceSwap/MobileFaceSwap/id26_id37_0008.mp4,FaceSwap/MobileFaceSwap,id26,id37,0,-0.12320148944854736,0.12320148944854736,0.0,101.7646713256836,30.0,0.0,0.0,0.0,0.0,0.0,0.0
CelebDFv3,/root/Datasets/CelebDFv3/CelebDFv3/FAKE/FaceSwap/SimSwap/id31_id26_0006.mp4,FaceSwap/SimSwap,id31,id26,0,-7.32841157913208,7.32841157913208,0.0,207.57276916503906,30.0,0.0,0.0,0.0,0.0,0.0,0.0
CelebDFv3,/root/Datasets/CelebDFv3/CelebDFv3/FAKE/FaceSwap/UniFace/id48_id39_0008.mp4,FaceSwap/UniFace,id48,id39,0,-5.644889831542969,5.644889831542969,0.0,129.4510040283203,30.0,0.0,0.0,0.0,0.0,0.0,0.0
CelebDFv3,/root/Datasets/CelebDFv3/CelebDFv3/FAKE/TalkingFace/AniTalker/id22_0005_test_id05459_smpeQd0vnD8.mp4,TalkingFace/AniTalker,id22,,0,13.166752815246582,-13.166752815246582,0.0,129.843994140625,25.0,0.0,0.0,0.0,0.0,0.0,0.0
CelebDFv3,/root/Datasets/CelebDFv3/CelebDFv3/FAKE/TalkingFace/EDTalk/id11_0010_test_id05459_wq3Z0I944wU.mp4,TalkingFace/EDTalk,id11,,0,5.392057418823242,-5.392057418823242,0.0,115.37169647216797,25.0,0.0,0.0,0.0,0.0,0.0,0.0
CelebDFv3,/root/Datasets/CelebDFv3/CelebDFv3/FAKE/TalkingFace/EchoMimic/id56_0009_test_id06104_I5L50wxtK8Q.mp4,TalkingFace/EchoMimic,id56,,0,3.1355040073394775,-3.1355040073394775,0.0,177.71995544433594,24.0,0.0,0.0,0.0,0.0,0.0,0.0
CelebDFv3,/root/Datasets/CelebDFv3/CelebDFv3/FAKE/TalkingFace/FLOAT/id11_0000_test_id04006__bENbO3pwL0.mp4,TalkingFace/FLOAT,id11,,0,8.33763313293457,-8.33763313293457,0.0,97.19194793701172,25.0,0.0,0.0,0.0,0.0,0.0,0.0
CelebDFv3,/root/Datasets/CelebDFv3/CelebDFv3/FAKE/TalkingFace/IP_LAP/id54_0003_test_id01822_jmFGgwXCuW0.mp4,TalkingFace/IP_LAP,id54,,0,4.33374547958374,-4.33374547958374,0.0,146.6531982421875,25.0,0.0,0.0,0.0,0.0,0.0,0.0
CelebDFv3,/root/Datasets/CelebDFv3/CelebDFv3/FAKE/TalkingFace/Real3DPortrait/id54_0003_test_id03524_NDFq9szuzN0.mp4,TalkingFace/Real3DPortrait,id54,,0,2.8444716930389404,-2.8444716930389404,0.0,153.27439880371094,25.0,0.0,0.0,0.0,0.0,0.0,0.0
CelebDFv3,/root/Datasets/CelebDFv3/CelebDFv3/FAKE/TalkingFace/SadTalker/id56_0000_test_id05015_k_TJD7DmraQ.mp4,TalkingFace/SadTalker,id56,,0,4.023545265197754,-4.023545265197754,0.0,110.95348358154297,25.0,0.0,0.0,0.0,0.0,0.0,0.0
CelebDFv3,/root/Datasets/CelebDFv3/CelebDFv3/FAKE/FaceReenact/DaGAN/id23_id9_0000.mp4,FaceReenact/DaGAN,id23,id9,0,-0.9662342667579651,0.9662342667579651,0.0,105.37479400634766,30.0,0.0,0.0,0.0,0.0,0.0,0.0
CelebDFv3,/root/Datasets/CelebDFv3/CelebDFv3/FAKE/FaceReenact/FSRT/id31_id20_0003.mp4,FaceReenact/FSRT,id31,id20,0,-0.03700092434883118,0.03700092434883118,0.0,122.82170867919922,20.0,0.0,0.0,0.0,0.0,0.0,0.0
CelebDFv3,/root/Datasets/CelebDFv3/CelebDFv3/FAKE/FaceReenact/HyperReenact/id31_id38_0004.mp4,FaceReenact/HyperReenact,id31,id38,0,11.38546371459961,-11.38546371459961,0.0,142.45260620117188,25.0,0.0,0.0,0.0,0.0,0.0,0.0
CelebDFv3,/root/Datasets/CelebDFv3/CelebDFv3/FAKE/FaceReenact/LIA/id22_id24_0005.mp4,FaceReenact/LIA,id22,id24,0,6.343721389770508,-6.343721389770508,0.0,138.38909912109375,30.0,0.0,0.0,0.0,0.0,0.0,0.0
CelebDFv3,/root/Datasets/CelebDFv3/CelebDFv3/FAKE/FaceReenact/LivePortrait/id26_id3_0003.mp4,FaceReenact/LivePortrait,id26,id3,0,-7.561323165893555,7.561323165893555,0.0,388.67657470703125,30.0,0.0,0.0,0.0,0.0,0.0,0.0
CelebDFv3,/root/Datasets/CelebDFv3/CelebDFv3/FAKE/FaceReenact/MCNET/id25_id28_0002.mp4,FaceReenact/MCNET,id25,id28,0,4.942255020141602,-4.942255020141602,0.0,96.20552062988281,30.0,0.0,0.0,0.0,0.0,0.0,0.0
CelebDFv3,/root/Datasets/CelebDFv3/CelebDFv3/FAKE/FaceReenact/TPSMM/id48_id42_0004.mp4,FaceReenact/TPSMM,id48,id42,0,6.113965034484863,-6.113965034484863,0.0,113.7060546875,30.0,0.0,0.0,0.0,0.0,0.0,0.0
CelebDFv3,/root/Datasets/CelebDFv3/CelebDFv3/FAKE/FaceSwap/BlendFace/id31_id33_0006.mp4,FaceSwap/BlendFace,id31,id33,0,-7.549334526062012,7.549334526062012,0.0,208.36524963378906,30.0,0.0,0.0,0.0,0.0,0.0,0.0
CelebDFv3,/root/Datasets/CelebDFv3/CelebDFv3/FAKE/FaceSwap/Celeb-DF-v2/id31_id26_0007.mp4,FaceSwap/Celeb-DF-v2,id31,id26,0,-1.7207794189453125,1.7207794189453125,0.0,273.7757873535156,30.0,0.0,0.0,0.0,0.0,0.0,0.0
CelebDFv3,/root/Datasets/CelebDFv3/CelebDFv3/FAKE/FaceSwap/GHOST/id48_id42_0003.mp4,FaceSwap/GHOST,id48,id42,0,3.0137619972229004,-3.0137619972229004,0.0,120.91785430908203,30.0,0.0,0.0,0.0,0.0,0.0,0.0
CelebDFv3,/root/Datasets/CelebDFv3/CelebDFv3/FAKE/FaceSwap/HifiFace/id25_id22_0002.mp4,FaceSwap/HifiFace,id25,id22,0,-3.665972948074341,3.665972948074341,0.0,130.6371612548828,30.0,0.0,0.0,0.0,0.0,0.0,0.0
CelebDFv3,/root/Datasets/CelebDFv3/CelebDFv3/FAKE/FaceSwap/InSwapper/id23_id34_0000.mp4,FaceSwap/InSwapper,id23,id34,0,2.7593517303466797,-2.7593517303466797,0.0,99.69416809082031,30.0,0.0,0.0,0.0,0.0,0.0,0.0
CelebDFv3,/root/Datasets/CelebDFv3/CelebDFv3/FAKE/FaceSwap/MobileFaceSwap/id54_id49_0009.mp4,FaceSwap/MobileFaceSwap,id54,id49,0,-0.5056194067001343,0.5056194067001343,0.0,100.71743774414062,30.0,0.0,0.0,0.0,0.0,0.0,0.0
CelebDFv3,/root/Datasets/CelebDFv3/CelebDFv3/FAKE/FaceSwap/SimSwap/id23_id34_0000.mp4,FaceSwap/SimSwap,id23,id34,0,2.779825210571289,-2.779825210571289,0.0,99.92131042480469,30.0,0.0,0.0,0.0,0.0,0.0,0.0
CelebDFv3,/root/Datasets/CelebDFv3/CelebDFv3/FAKE/FaceSwap/UniFace/id51_id55_0006.mp4,FaceSwap/UniFace,id51,id55,0,-5.47797966003418,5.47797966003418,0.0,201.25335693359375,29.900009155273438,0.0,0.0,0.0,0.0,0.0,0.0
CelebDFv3,/root/Datasets/CelebDFv3/CelebDFv3/FAKE/TalkingFace/AniTalker/id23_0000_test_id01541_H1G3yUV598w.mp4,TalkingFace/AniTalker,id23,,0,7.809761047363281,-7.809761047363281,0.0,134.54714965820312,25.0,0.0,0.0,0.0,0.0,0.0,0.0
CelebDFv3,/root/Datasets/CelebDFv3/CelebDFv3/FAKE/TalkingFace/EDTalk/id48_0004_test_id01509_XmSD0fC9gX4.mp4,TalkingFace/EDTalk,id48,,0,15.198740005493164,-15.198740005493164,0.0,131.39837646484375,25.0,0.0,0.0,0.0,0.0,0.0,0.0
CelebDFv3,/root/Datasets/CelebDFv3/CelebDFv3/FAKE/TalkingFace/EchoMimic/id54_0001_test_id03978_cLsHB_wl6DE.mp4,TalkingFace/EchoMimic,id54,,0,5.255910873413086,-5.255910873413086,0.0,176.5174560546875,24.0,0.0,0.0,0.0,0.0,0.0,0.0
CelebDFv3,/root/Datasets/CelebDFv3/CelebDFv3/FAKE/TalkingFace/FLOAT/id23_0003_test_id04030_LbbwMkj_5cE.mp4,TalkingFace/FLOAT,id23,,0,0.10325954109430313,-0.10325954109430313,0.0,112.24607849121094,25.0,0.0,0.0,0.0,0.0,0.0,0.0
CelebDFv3,/root/Datasets/CelebDFv3/CelebDFv3/FAKE/TalkingFace/IP_LAP/id23_0000_test_id07802_aUfv9KTIO2E.mp4,TalkingFace/IP_LAP,id23,,0,1.4584360122680664,-1.4584360122680664,0.0,102.37857055664062,25.0,0.0,0.0,0.0,0.0,0.0,0.0
CelebDFv3,/root/Datasets/CelebDFv3/CelebDFv3/FAKE/TalkingFace/Real3DPortrait/id25_0003_test_id07620_1OEnUjSVBcE.mp4,TalkingFace/Real3DPortrait,id25,,0,1.7804667949676514,-1.7804667949676514,0.0,131.54176330566406,25.0,0.0,0.0,0.0,0.0,0.0,0.0
CelebDFv3,/root/Datasets/CelebDFv3/CelebDFv3/FAKE/TalkingFace/SadTalker/id11_0009_test_id08149_Ay1xwkYsNAE.mp4,TalkingFace/SadTalker,id11,,0,0.9966253638267517,-0.9966253638267517,0.0,101.79556274414062,25.0,0.0,0.0,0.0,0.0,0.0,0.0
CelebDFv3,/root/Datasets/CelebDFv3/CelebDFv3/FAKE/FaceReenact/DaGAN/id31_id20_0003.mp4,FaceReenact/DaGAN,id31,id20,0,0.21184030175209045,-0.21184030175209045,0.0,121.62858581542969,30.0,0.0,0.0,0.0,0.0,0.0,0.0
CelebDFv3,/root/Datasets/CelebDFv3/CelebDFv3/FAKE/FaceReenact/FSRT/id23_id9_0002.mp4,FaceReenact/FSRT,id23,id9,0,9.058886528015137,-9.058886528015137,0.0,117.7446060180664,20.0,0.0,0.0,0.0,0.0,0.0,0.0
CelebDFv3,/root/Datasets/CelebDFv3/CelebDFv3/FAKE/FaceReenact/HyperReenact/id23_id9_0006.mp4,FaceReenact/HyperReenact,id23,id9,0,9.334525108337402,-9.334525108337402,0.0,113.70066833496094,25.0,0.0,0.0,0.0,0.0,0.0,0.0
CelebDFv3,/root/Datasets/CelebDFv3/CelebDFv3/FAKE/FaceReenact/LIA/id23_id9_0004.mp4,FaceReenact/LIA,id23,id9,0,-0.04152694344520569,0.04152694344520569,0.0,121.40982818603516,30.0,0.0,0.0,0.0,0.0,0.0,0.0
CelebDFv3,/root/Datasets/CelebDFv3/CelebDFv3/FAKE/FaceReenact/LivePortrait/id26_id0_0000.mp4,FaceReenact/LivePortrait,id26,id0,0,5.178823471069336,-5.178823471069336,0.0,132.84646606445312,30.0,0.0,0.0,0.0,0.0,0.0,0.0
CelebDFv3,/root/Datasets/CelebDFv3/CelebDFv3/FAKE/FaceReenact/MCNET/id22_id28_0009.mp4,FaceReenact/MCNET,id22,id28,0,-1.4334886074066162,1.4334886074066162,0.0,110.95764923095703,30.0,0.0,0.0,0.0,0.0,0.0,0.0
CelebDFv3,/root/Datasets/CelebDFv3/CelebDFv3/FAKE/FaceReenact/TPSMM/id56_id58_0006.mp4,FaceReenact/TPSMM,id56,id58,0,1.897109031677246,-1.897109031677246,0.0,97.15775299072266,30.0,0.0,0.0,0.0,0.0,0.0,0.0
CelebDFv3,/root/Datasets/CelebDFv3/CelebDFv3/FAKE/FaceSwap/BlendFace/id56_id58_0001.mp4,FaceSwap/BlendFace,id56,id58,0,1.2123668193817139,-1.2123668193817139,0.0,273.5478210449219,30.0,0.0,0.0,0.0,0.0,0.0,0.0
CelebDFv3,/root/Datasets/CelebDFv3/CelebDFv3/FAKE/FaceSwap/Celeb-DF-v2/id48_id42_0005.mp4,FaceSwap/Celeb-DF-v2,id48,id42,0,2.7854480743408203,-2.7854480743408203,0.0,140.95223999023438,30.0,0.0,0.0,0.0,0.0,0.0,0.0
CelebDFv3,/root/Datasets/CelebDFv3/CelebDFv3/FAKE/FaceSwap/GHOST/id23_id3_0006.mp4,FaceSwap/GHOST,id23,id3,0,-3.0216546058654785,3.0216546058654785,0.0,111.6298828125,30.0,0.0,0.0,0.0,0.0,0.0,0.0
CelebDFv3,/root/Datasets/CelebDFv3/CelebDFv3/FAKE/FaceSwap/HifiFace/id26_id29_0004.mp4,FaceSwap/HifiFace,id26,id29,0,-0.8791850805282593,0.8791850805282593,0.0,134.7542266845703,30.0,0.0,0.0,0.0,0.0,0.0,0.0
CelebDFv3,/root/Datasets/CelebDFv3/CelebDFv3/FAKE/FaceSwap/InSwapper/id26_id6_0002.mp4,FaceSwap/InSwapper,id26,id6,0,-2.578336238861084,2.578336238861084,0.0,96.9747085571289,30.0,0.0,0.0,0.0,0.0,0.0,0.0
CelebDFv3,/root/Datasets/CelebDFv3/CelebDFv3/FAKE/FaceSwap/MobileFaceSwap/id26_id1_0000.mp4,FaceSwap/MobileFaceSwap,id26,id1,0,5.288743019104004,-5.288743019104004,0.0,132.67369079589844,30.0,0.0,0.0,0.0,0.0,0.0,0.0
CelebDFv3,/root/Datasets/CelebDFv3/CelebDFv3/FAKE/FaceSwap/SimSwap/id8_id3_0002.mp4,FaceSwap/SimSwap,id8,id3,0,-1.227887749671936,1.227887749671936,0.0,158.96298217773438,30.0,0.0,0.0,0.0,0.0,0.0,0.0
CelebDFv3,/root/Datasets/CelebDFv3/CelebDFv3/FAKE/FaceSwap/UniFace/id26_id6_0002.mp4,FaceSwap/UniFace,id26,id6,0,-2.4628796577453613,2.4628796577453613,0.0,96.52008819580078,30.0,0.0,0.0,0.0,0.0,0.0,0.0
CelebDFv3,/root/Datasets/CelebDFv3/CelebDFv3/FAKE/TalkingFace/AniTalker/id51_0008_test_id04657_WdJ_DuU0ack.mp4,TalkingFace/AniTalker,id51,,0,4.752385139465332,-4.752385139465332,0.0,110.60408020019531,25.0,0.0,0.0,0.0,0.0,0.0,0.0
CelebDFv3,/root/Datasets/CelebDFv3/CelebDFv3/FAKE/TalkingFace/EDTalk/id51_0007_test_id07663_Um4MKhndp_0.mp4,TalkingFace/EDTalk,id51,,0,-0.4960904121398926,0.4960904121398926,0.0,114.45934295654297,25.0,0.0,0.0,0.0,0.0,0.0,0.0
CelebDFv3,/root/Datasets/CelebDFv3/CelebDFv3/FAKE/TalkingFace/EchoMimic/id11_0009_test_id01106_kk4eYuQIvDo.mp4,TalkingFace/EchoMimic,id11,,0,4.6834259033203125,-4.6834259033203125,0.0,98.02831268310547,24.0,0.0,0.0,0.0,0.0,0.0,0.0
CelebDFv3,/root/Datasets/CelebDFv3/CelebDFv3/FAKE/TalkingFace/FLOAT/id54_0009_test_id03862_MbKTN9ENeFQ.mp4,TalkingFace/FLOAT,id54,,0,4.058668613433838,-4.058668613433838,0.0,108.58885955810547,25.0,0.0,0.0,0.0,0.0,0.0,0.0
CelebDFv3,/root/Datasets/CelebDFv3/CelebDFv3/FAKE/TalkingFace/IP_LAP/id26_0004_test_id02465_PhHBC9xmnUQ.mp4,TalkingFace/IP_LAP,id26,,0,-0.3940005302429199,0.3940005302429199,0.0,130.84988403320312,25.0,0.0,0.0,0.0,0.0,0.0,0.0
CelebDFv3,/root/Datasets/CelebDFv3/CelebDFv3/FAKE/TalkingFace/Real3DPortrait/id25_0003_test_id06811_szilQ-DsQIo.mp4,TalkingFace/Real3DPortrait,id25,,0,1.91884446144104,-1.91884446144104,0.0,132.28009033203125,25.0,0.0,0.0,0.0,0.0,0.0,0.0
CelebDFv3,/root/Datasets/CelebDFv3/CelebDFv3/FAKE/TalkingFace/SadTalker/id54_0008_test_id00017_Nd3m-TBtp6A.mp4,TalkingFace/SadTalker,id54,,0,1.693037509918213,-1.693037509918213,0.0,126.16673278808594,25.0,0.0,0.0,0.0,0.0,0.0,0.0
CelebDFv3,/root/Datasets/CelebDFv3/CelebDFv3/FAKE/FaceReenact/DaGAN/id8_id4_0007.mp4,FaceReenact/DaGAN,id8,id4,0,7.9305291175842285,-7.9305291175842285,0.0,99.73746490478516,30.0,0.0,0.0,0.0,0.0,0.0,0.0
CelebDFv3,/root/Datasets/CelebDFv3/CelebDFv3/FAKE/FaceReenact/FSRT/id48_id44_0003.mp4,FaceReenact/FSRT,id48,id44,0,9.316726684570312,-9.316726684570312,0.0,119.18192291259766,20.0,0.0,0.0,0.0,0.0,0.0,0.0
CelebDFv3,/root/Datasets/CelebDFv3/CelebDFv3/FAKE/FaceReenact/HyperReenact/id54_id58_0004.mp4,FaceReenact/HyperReenact,id54,id58,0,2.4695520401000977,-2.4695520401000977,0.0,149.23497009277344,25.0,0.0,0.0,0.0,0.0,0.0,0.0
CelebDFv3,/root/Datasets/CelebDFv3/CelebDFv3/FAKE/FaceReenact/LIA/id23_id30_0003.mp4,FaceReenact/LIA,id23,id30,0,-1.2363110780715942,1.2363110780715942,0.0,120.87509155273438,30.0,0.0,0.0,0.0,0.0,0.0,0.0
CelebDFv3,/root/Datasets/CelebDFv3/CelebDFv3/FAKE/FaceReenact/LivePortrait/id23_id16_0007.mp4,FaceReenact/LivePortrait,id23,id16,0,-8.222521781921387,8.222521781921387,0.0,194.98570251464844,30.0,0.0,0.0,0.0,0.0,0.0,0.0
CelebDFv3,/root/Datasets/CelebDFv3/CelebDFv3/FAKE/FaceReenact/MCNET/id22_id28_0002.mp4,FaceReenact/MCNET,id22,id28,0,4.648621559143066,-4.648621559143066,0.0,103.0343246459961,30.0,0.0,0.0,0.0,0.0,0.0,0.0
CelebDFv3,/root/Datasets/CelebDFv3/CelebDFv3/FAKE/FaceReenact/TPSMM/id51_id54_0005.mp4,FaceReenact/TPSMM,id51,id54,0,1.3621219396591187,-1.3621219396591187,0.0,134.00967407226562,30.0,0.0,0.0,0.0,0.0,0.0,0.0
CelebDFv3,/root/Datasets/CelebDFv3/CelebDFv3/FAKE/FaceSwap/BlendFace/id54_id52_0001.mp4,FaceSwap/BlendFace,id54,id52,0,-4.111772537231445,4.111772537231445,0.0,186.03274536132812,30.0,0.0,0.0,0.0,0.0,0.0,0.0
CelebDFv3,/root/Datasets/CelebDFv3/CelebDFv3/FAKE/FaceSwap/Celeb-DF-v2/id31_id37_0007.mp4,FaceSwap/Celeb-DF-v2,id31,id37,0,-1.7663360834121704,1.7663360834121704,0.0,273.7742919921875,30.0,0.0,0.0,0.0,0.0,0.0,0.0
CelebDFv3,/root/Datasets/CelebDFv3/CelebDFv3/FAKE/FaceSwap/GHOST/id23_id29_0007.mp4,FaceSwap/GHOST,id23,id29,0,-9.973478317260742,9.973478317260742,0.0,192.13189697265625,30.0,0.0,0.0,0.0,0.0,0.0,0.0
CelebDFv3,/root/Datasets/CelebDFv3/CelebDFv3/FAKE/FaceSwap/HifiFace/id23_id4_0004.mp4,FaceSwap/HifiFace,id23,id4,0,-0.7324997782707214,0.7324997782707214,0.0,118.82532501220703,30.0,0.0,0.0,0.0,0.0,0.0,0.0
CelebDFv3,/root/Datasets/CelebDFv3/CelebDFv3/FAKE/FaceSwap/InSwapper/id56_id58_0006.mp4,FaceSwap/InSwapper,id56,id58,0,-1.232429027557373,1.232429027557373,0.0,93.33165740966797,30.0,0.0,0.0,0.0,0.0,0.0,0.0
CelebDFv3,/root/Datasets/CelebDFv3/CelebDFv3/FAKE/FaceSwap/MobileFaceSwap/id23_id31_0002.mp4,FaceSwap/MobileFaceSwap,id23,id31,0,2.8686342239379883,-2.8686342239379883,0.0,93.68038177490234,30.0,0.0,0.0,0.0,0.0,0.0,0.0
CelebDFv3,/root/Datasets/CelebDFv3/CelebDFv3/FAKE/FaceSwap/SimSwap/id31_id33_0005.mp4,FaceSwap/SimSwap,id31,id33,0,-4.753798484802246,4.753798484802246,0.0,107.49708557128906,30.0,0.0,0.0,0.0,0.0,0.0,0.0
CelebDFv3,/root/Datasets/CelebDFv3/CelebDFv3/FAKE/FaceSwap/UniFace/id31_id35_0001.mp4,FaceSwap/UniFace,id31,id35,0,1.1142622232437134,-1.1142622232437134,0.0,126.66190338134766,30.0,0.0,0.0,0.0,0.0,0.0,0.0
CelebDFv3,/root/Datasets/CelebDFv3/CelebDFv3/FAKE/TalkingFace/AniTalker/id22_0007_test_id01822_zYv_noZ6yqw.mp4,TalkingFace/AniTalker,id22,,0,-1.0015029907226562,1.0015029907226562,0.0,181.8404998779297,25.0,0.0,0.0,0.0,0.0,0.0,0.0
CelebDFv3,/root/Datasets/CelebDFv3/CelebDFv3/FAKE/TalkingFace/EDTalk/id31_0007_test_id02465_BfzqhbsRhuE.mp4,TalkingFace/EDTalk,id31,,0,9.462173461914062,-9.462173461914062,0.0,155.94515991210938,25.0,0.0,0.0,0.0,0.0,0.0,0.0
CelebDFv3,/root/Datasets/CelebDFv3/CelebDFv3/FAKE/TalkingFace/EchoMimic/id8_0006_test_id01298_xv4IT9v17l4.mp4,TalkingFace/EchoMimic,id8,,0,6.472516059875488,-6.472516059875488,0.0,108.32582092285156,24.0,0.0,0.0,0.0,0.0,0.0,0.0
CelebDFv3,/root/Datasets/CelebDFv3/CelebDFv3/FAKE/TalkingFace/FLOAT/id11_0007_test_id02576_vNPd7HDp1uM.mp4,TalkingFace/FLOAT,id11,,0,1.8557443618774414,-1.8557443618774414,0.0,120.97537994384766,25.0,0.0,0.0,0.0,0.0,0.0,0.0
CelebDFv3,/root/Datasets/CelebDFv3/CelebDFv3/FAKE/TalkingFace/IP_LAP/id31_0009_test_id03839_C_MwvSBvUy8.mp4,TalkingFace/IP_LAP,id31,,0,4.145635604858398,-4.145635604858398,0.0,116.234619140625,25.0,0.0,0.0,0.0,0.0,0.0,0.0
CelebDFv3,/root/Datasets/CelebDFv3/CelebDFv3/FAKE/TalkingFace/Real3DPortrait/id26_0002_test_id00017_Nd3m-TBtp6A.mp4,TalkingFace/Real3DPortrait,id26,,0,1.4725346565246582,-1.4725346565246582,0.0,108.1613540649414,25.0,0.0,0.0,0.0,0.0,0.0,0.0
CelebDFv3,/root/Datasets/CelebDFv3/CelebDFv3/FAKE/TalkingFace/SadTalker/id59_0006_test_id04657_dn4XY5c6mEw.mp4,TalkingFace/SadTalker,id59,,0,1.499036192893982,-1.499036192893982,0.0,114.79737091064453,25.0,0.0,0.0,0.0,0.0,0.0,0.0
CelebDFv3,/root/Datasets/CelebDFv3/CelebDFv3/FAKE/FaceReenact/DaGAN/id23_id3_0003.mp4,FaceReenact/DaGAN,id23,id3,0,0.4950162172317505,-0.4950162172317505,0.0,100.45182037353516,30.0,0.0,0.0,0.0,0.0,0.0,0.0
CelebDFv3,/root/Datasets/CelebDFv3/CelebDFv3/FAKE/FaceReenact/FSRT/id26_id32_0006.mp4,FaceReenact/FSRT,id26,id32,0,-4.564626216888428,4.564626216888428,0.0,190.1926727294922,20.0,0.0,0.0,0.0,0.0,0.0,0.0
CelebDFv3,/root/Datasets/CelebDFv3/CelebDFv3/FAKE/FaceReenact/HyperReenact/id54_id49_0009.mp4,FaceReenact/HyperReenact,id54,id49,0,3.27154541015625,-3.27154541015625,0.0,116.1532211303711,25.0,0.0,0.0,0.0,0.0,0.0,0.0
CelebDFv3,/root/Datasets/CelebDFv3/CelebDFv3/FAKE/FaceReenact/LIA/id25_id22_0002.mp4,FaceReenact/LIA,id25,id22,0,7.6805033683776855,-7.6805033683776855,0.0,105.49755096435547,30.0,0.0,0.0,0.0,0.0,0.0,0.0
CelebDFv3,/root/Datasets/CelebDFv3/CelebDFv3/FAKE/FaceReenact/LivePortrait/id31_id20_0008.mp4,FaceReenact/LivePortrait,id31,id20,0,4.188828468322754,-4.188828468322754,0.0,130.21812438964844,30.0,0.0,0.0,0.0,0.0,0.0,0.0
CelebDFv3,/root/Datasets/CelebDFv3/CelebDFv3/FAKE/FaceReenact/MCNET/id8_id3_0002.mp4,FaceReenact/MCNET,id8,id3,0,3.9976096153259277,-3.9976096153259277,0.0,102.15254211425781,30.0,0.0,0.0,0.0,0.0,0.0,0.0
CelebDFv3,/root/Datasets/CelebDFv3/CelebDFv3/FAKE/FaceReenact/TPSMM/id54_id50_0004.mp4,FaceReenact/TPSMM,id54,id50,0,5.702709674835205,-5.702709674835205,0.0,137.1737060546875,30.0,0.0,0.0,0.0,0.0,0.0,0.0
CelebDFv3,/root/Datasets/CelebDFv3/CelebDFv3/FAKE/FaceSwap/BlendFace/id56_id58_0000.mp4,FaceSwap/BlendFace,id56,id58,0,-0.17230933904647827,0.17230933904647827,0.0,96.8452377319336,30.0,0.0,0.0,0.0,0.0,0.0,0.0
CelebDFv3,/root/Datasets/CelebDFv3/CelebDFv3/FAKE/FaceSwap/Celeb-DF-v2/id54_id49_0001.mp4,FaceSwap/Celeb-DF-v2,id54,id49,0,-4.136792182922363,4.136792182922363,0.0,188.46640014648438,30.0,0.0,0.0,0.0,0.0,0.0,0.0
CelebDFv3,/root/Datasets/CelebDFv3/CelebDFv3/FAKE/FaceSwap/GHOST/id26_id29_0004.mp4,FaceSwap/GHOST,id26,id29,0,-0.12885230779647827,0.12885230779647827,0.0,134.6904296875,30.0,0.0,0.0,0.0,0.0,0.0,0.0
CelebDFv3,/root/Datasets/CelebDFv3/CelebDFv3/FAKE/FaceSwap/HifiFace/id26_id29_0003.mp4,FaceSwap/HifiFace,id26,id29,0,-7.723775863647461,7.723775863647461,0.0,381.9582824707031,30.0,0.0,0.0,0.0,0.0,0.0,0.0
CelebDFv3,/root/Datasets/CelebDFv3/CelebDFv3/FAKE/FaceSwap/InSwapper/id26_id28_0002.mp4,FaceSwap/InSwapper,id26,id28,0,-2.447415828704834,2.447415828704834,0.0,96.7268295288086,30.0,0.0,0.0,0.0,0.0,0.0,0.0
CelebDFv3,/root/Datasets/CelebDFv3/CelebDFv3/FAKE/FaceSwap/MobileFaceSwap/id23_id2_0007.mp4,FaceSwap/MobileFaceSwap,id23,id2,0,-9.61921501159668,9.61921501159668,0.0,192.93228149414062,30.0,0.0,0.0,0.0,0.0,0.0,0.0
CelebDFv3,/root/Datasets/CelebDFv3/CelebDFv3/FAKE/FaceSwap/SimSwap/id31_id6_0006.mp4,FaceSwap/SimSwap,id31,id6,0,-7.040628433227539,7.040628433227539,0.0,208.10008239746094,30.0,0.0,0.0,0.0,0.0,0.0,0.0
CelebDFv3,/root/Datasets/CelebDFv3/CelebDFv3/FAKE/FaceSwap/UniFace/id26_id24_0001.mp4,FaceSwap/UniFace,id26,id24,0,-5.8394670486450195,5.8394670486450195,0.0,287.1755676269531,30.0,0.0,0.0,0.0,0.0,0.0,0.0
CelebDFv3,/root/Datasets/CelebDFv3/CelebDFv3/FAKE/TalkingFace/AniTalker/id11_0005_test_id02317_B_Tih3Eph2k.mp4,TalkingFace/AniTalker,id11,,0,6.749194145202637,-6.749194145202637,0.0,116.02989196777344,25.0,0.0,0.0,0.0,0.0,0.0,0.0
CelebDFv3,/root/Datasets/CelebDFv3/CelebDFv3/FAKE/TalkingFace/EDTalk/id59_0005_test_id01593__gyaAyVi6SA.mp4,TalkingFace/EDTalk,id59,,0,6.889461517333984,-6.889461517333984,0.0,111.28221893310547,25.0,0.0,0.0,0.0,0.0,0.0,0.0
CelebDFv3,/root/Datasets/CelebDFv3/CelebDFv3/FAKE/TalkingFace/EchoMimic/id59_0004_test_id04232_AB9fk1MH2rA.mp4,TalkingFace/EchoMimic,id59,,0,4.590813636779785,-4.590813636779785,0.0,205.96875,24.0,0.0,0.0,0.0,0.0,0.0,0.0
CelebDFv3,/root/Datasets/CelebDFv3/CelebDFv3/FAKE/TalkingFace/FLOAT/id54_0000_test_id01593_Clw9yg6Jd34.mp4,TalkingFace/FLOAT,id54,,0,5.612834930419922,-5.612834930419922,0.0,122.61780548095703,25.0,0.0,0.0,0.0,0.0,0.0,0.0
CelebDFv3,/root/Datasets/CelebDFv3/CelebDFv3/FAKE/TalkingFace/IP_LAP/id31_0009_test_id00926_TOxtKuoggFI.mp4,TalkingFace/IP_LAP,id31,,0,3.821969509124756,-3.821969509124756,0.0,126.77615356445312,25.0,0.0,0.0,0.0,0.0,0.0,0.0
CelebDFv3,/root/Datasets/CelebDFv3/CelebDFv3/FAKE/TalkingFace/Real3DPortrait/id59_0003_test_id03347__NVxlFSjV0I.mp4,TalkingFace/Real3DPortrait,id59,,0,-17.50471305847168,17.50471305847168,0.0,248.7071075439453,25.0,0.0,0.0,0.0,0.0,0.0,0.0
CelebDFv3,/root/Datasets/CelebDFv3/CelebDFv3/FAKE/TalkingFace/SadTalker/id23_0007_test_id03127_XaxvcU5-eGY.mp4,TalkingFace/SadTalker,id23,,0,3.5330729484558105,-3.5330729484558105,0.0,289.3911437988281,25.0,0.0,0.0,0.0,0.0,0.0,0.0
CelebDFv3,/root/Datasets/CelebDFv3/CelebDFv3/FAKE/FaceReenact/DaGAN/id51_id54_0005.mp4,FaceReenact/DaGAN,id51,id54,0,1.3464019298553467,-1.3464019298553467,0.0,133.8310546875,30.0,0.0,0.0,0.0,0.0,0.0,0.0
CelebDFv3,/root/Datasets/CelebDFv3/CelebDFv3/FAKE/FaceReenact/FSRT/id23_id31_0002.mp4,FaceReenact/FSRT,id23,id31,0,7.387791156768799,-7.387791156768799,0.0,108.88839721679688,20.0,0.0,0.0,0.0,0.0,0.0,0.0
CelebDFv3,/root/Datasets/CelebDFv3/CelebDFv3/FAKE/FaceReenact/HyperReenact/id23_id9_0002.mp4,FaceReenact/HyperReenact,id23,id9,0,10.431273460388184,-10.431273460388184,0.0,121.3863296508789,25.0,0.0,0.0,0.0,0.0,0.0,0.0
CelebDFv3,/root/Datasets/CelebDFv3/CelebDFv3/FAKE/FaceReenact/LIA/id23_id27_0007.mp4,FaceReenact/LIA,id23,id27,0,8.296412467956543,-8.296412467956543,0.0,139.03236389160156,30.0,0.0,0.0,0.0,0.0,0.0,0.0
CelebDFv3,/root/Datasets/CelebDFv3/CelebDFv3/FAKE/FaceReenact/LivePortrait/id31_id23_0000.mp4,FaceReenact/LivePortrait,id31,id23,0,-6.431548118591309,6.431548118591309,0.0,125.09381866455078,30.0,0.0,0.0,0.0,0.0,0.0,0.0
CelebDFv3,/root/Datasets/CelebDFv3/CelebDFv3/FAKE/FaceReenact/MCNET/id25_id22_0003.mp4,FaceReenact/MCNET,id25,id22,0,3.531165361404419,-3.531165361404419,0.0,105.48445129394531,30.0,0.0,0.0,0.0,0.0,0.0,0.0
CelebDFv3,/root/Datasets/CelebDFv3/CelebDFv3/FAKE/FaceReenact/TPSMM/id23_id19_0009.mp4,FaceReenact/TPSMM,id23,id19,0,6.035797595977783,-6.035797595977783,0.0,104.04676818847656,30.0,0.0,0.0,0.0,0.0,0.0,0.0
CelebDFv3,/root/Datasets/CelebDFv3/CelebDFv3/FAKE/FaceSwap/BlendFace/id31_id29_0009.mp4,FaceSwap/BlendFace,id31,id29,0,0.6452599763870239,-0.6452599763870239,0.0,109.22510528564453,30.0,0.0,0.0,0.0,0.0,0.0,0.0
CelebDFv3,/root/Datasets/CelebDFv3/CelebDFv3/FAKE/FaceSwap/Celeb-DF-v2/id23_id30_0000.mp4,FaceSwap/Celeb-DF-v2,id23,id30,0,2.621814012527466,-2.621814012527466,0.0,99.1951904296875,30.0,0.0,0.0,0.0,0.0,0.0,0.0
CelebDFv3,/root/Datasets/CelebDFv3/CelebDFv3/FAKE/FaceSwap/GHOST/id51_id53_0008.mp4,FaceSwap/GHOST,id51,id53,0,0.8461259603500366,-0.8461259603500366,0.0,117.46450805664062,30.0,0.0,0.0,0.0,0.0,0.0,0.0
CelebDFv3,/root/Datasets/CelebDFv3/CelebDFv3/FAKE/FaceSwap/HifiFace/id26_id9_0008.mp4,FaceSwap/HifiFace,id26,id9,0,-0.0005786791443824768,0.0005786791443824768,0.0,102.51751708984375,30.0,0.0,0.0,0.0,0.0,0.0,0.0
CelebDFv3,/root/Datasets/CelebDFv3/CelebDFv3/FAKE/FaceSwap/InSwapper/id51_id54_0005.mp4,FaceSwap/InSwapper,id51,id54,0,1.817838191986084,-1.817838191986084,0.0,117.5820541381836,30.0,0.0,0.0,0.0,0.0,0.0,0.0
CelebDFv3,/root/Datasets/CelebDFv3/CelebDFv3/FAKE/FaceSwap/MobileFaceSwap/id23_id24_0002.mp4,FaceSwap/MobileFaceSwap,id23,id24,0,2.8069827556610107,-2.8069827556610107,0.0,93.60025787353516,30.0,0.0,0.0,0.0,0.0,0.0,0.0
CelebDFv3,/root/Datasets/CelebDFv3/CelebDFv3/FAKE/FaceSwap/SimSwap/id26_id3_0008.mp4,FaceSwap/SimSwap,id26,id3,0,-0.25668925046920776,0.25668925046920776,0.0,102.8238296508789,30.0,0.0,0.0,0.0,0.0,0.0,0.0
CelebDFv3,/root/Datasets/CelebDFv3/CelebDFv3/FAKE/FaceSwap/UniFace/id8_id7_0008.mp4,FaceSwap/UniFace,id8,id7,0,-4.1653618812561035,4.1653618812561035,0.0,254.66934204101562,30.0,0.0,0.0,0.0,0.0,0.0,0.0
CelebDFv3,/root/Datasets/CelebDFv3/CelebDFv3/FAKE/TalkingFace/AniTalker/id54_0005_test_id03862_QAjCTPnQTOY.mp4,TalkingFace/AniTalker,id54,,0,5.922439098358154,-5.922439098358154,0.0,110.69749450683594,25.0,0.0,0.0,0.0,0.0,0.0,0.0
CelebDFv3,/root/Datasets/CelebDFv3/CelebDFv3/FAKE/TalkingFace/EDTalk/id54_0007_test_id06484_4K-ops4JwUA.mp4,TalkingFace/EDTalk,id54,,0,4.606698989868164,-4.606698989868164,0.0,119.23356628417969,25.0,0.0,0.0,0.0,0.0,0.0,0.0
CelebDFv3,/root/Datasets/CelebDFv3/CelebDFv3/FAKE/TalkingFace/EchoMimic/id56_0001_test_id05055_9wdCne17C3Y.mp4,TalkingFace/EchoMimic,id56,,0,5.272161483764648,-5.272161483764648,0.0,119.0880355834961,24.0,0.0,0.0,0.0,0.0,0.0,0.0
CelebDFv3,/root/Datasets/CelebDFv3/CelebDFv3/FAKE/TalkingFace/FLOAT/id48_0009_test_id08374_8V4tFXw2UxY.mp4,TalkingFace/FLOAT,id48,,0,5.652748107910156,-5.652748107910156,0.0,97.95316314697266,25.0,0.0,0.0,0.0,0.0,0.0,0.0
CelebDFv3,/root/Datasets/CelebDFv3/CelebDFv3/FAKE/TalkingFace/IP_LAP/id31_0007_test_id05459_7UxF1t_taDk.mp4,TalkingFace/IP_LAP,id31,,0,9.016345977783203,-9.016345977783203,0.0,169.23709106445312,25.0,0.0,0.0,0.0,0.0,0.0,0.0
CelebDFv3,/root/Datasets/CelebDFv3/CelebDFv3/FAKE/TalkingFace/Real3DPortrait/id11_0010_test_id09017_I5fFZuGVAvs.mp4,TalkingFace/Real3DPortrait,id11,,0,3.4474472999572754,-3.4474472999572754,0.0,105.29645538330078,25.0,0.0,0.0,0.0,0.0,0.0,0.0
CelebDFv3,/root/Datasets/CelebDFv3/CelebDFv3/FAKE/TalkingFace/SadTalker/id59_0007_test_id04657_yqkK6MUhXgk.mp4,TalkingFace/SadTalker,id59,,0,3.098203659057617,-3.098203659057617,0.0,119.68498229980469,25.0,0.0,0.0,0.0,0.0,0.0,0.0
CelebDFv3,/root/Datasets/CelebDFv3/CelebDFv3/FAKE/FaceReenact/DaGAN/id31_id35_0000.mp4,FaceReenact/DaGAN,id31,id35,0,4.678998947143555,-4.678998947143555,0.0,123.00163269042969,30.0,0.0,0.0,0.0,0.0,0.0,0.0
CelebDFv3,/root/Datasets/CelebDFv3/CelebDFv3/FAKE/FaceReenact/FSRT/id48_id47_0008.mp4,FaceReenact/FSRT,id48,id47,0,-0.9065297842025757,0.9065297842025757,0.0,141.40887451171875,20.0,0.0,0.0,0.0,0.0,0.0,0.0
CelebDFv3,/root/Datasets/CelebDFv3/CelebDFv3/FAKE/FaceReenact/HyperReenact/id23_id20_0001.mp4,FaceReenact/HyperReenact,id23,id20,0,7.354859352111816,-7.354859352111816,0.0,112.04439544677734,25.0,0.0,0.0,0.0,0.0,0.0,0.0
CelebDFv3,/root/Datasets/CelebDFv3/CelebDFv3/FAKE/FaceReenact/LIA/id51_id58_0000.mp4,FaceReenact/LIA,id51,id58,0,5.461030006408691,-5.461030006408691,0.0,104.81851196289062,30.0,0.0,0.0,0.0,0.0,0.0,0.0
CelebDFv3,/root/Datasets/CelebDFv3/CelebDFv3/FAKE/FaceReenact/LivePortrait/id23_id27_0006.mp4,FaceReenact/LivePortrait,id23,id27,0,-3.2677574157714844,3.2677574157714844,0.0,113.9188232421875,30.0,0.0,0.0,0.0,0.0,0.0,0.0
CelebDFv3,/root/Datasets/CelebDFv3/CelebDFv3/FAKE/FaceReenact/MCNET/id8_id9_0003.mp4,FaceReenact/MCNET,id8,id9,0,1.6779555082321167,-1.6779555082321167,0.0,94.41819763183594,30.0,0.0,0.0,0.0,0.0,0.0,0.0
CelebDFv3,/root/Datasets/CelebDFv3/CelebDFv3/FAKE/FaceReenact/TPSMM/id23_id27_0001.mp4,FaceReenact/TPSMM,id23,id27,0,6.911675453186035,-6.911675453186035,0.0,113.62786102294922,30.0,0.0,0.0,0.0,0.0,0.0,0.0
CelebDFv3,/root/Datasets/CelebDFv3/CelebDFv3/FAKE/FaceSwap/BlendFace/id26_id25_0003.mp4,FaceSwap/BlendFace,id26,id25,0,-7.51444149017334,7.51444149017334,0.0,382.7885437011719,30.0,0.0,0.0,0.0,0.0,0.0,0.0
CelebDFv3,/root/Datasets/CelebDFv3/CelebDFv3/FAKE/FaceSwap/Celeb-DF-v2/id59_id5_0008.mp4,FaceSwap/Celeb-DF-v2,id59,id5,0,-2.5646753311157227,2.5646753311157227,0.0,138.7017059326172,30.0,0.0,0.0,0.0,0.0,0.0,0.0
CelebDFv3,/root/Datasets/CelebDFv3/CelebDFv3/FAKE/FaceSwap/GHOST/id31_id26_0007.mp4,FaceSwap/GHOST,id31,id26,0,-2.1680798530578613,2.1680798530578613,0.0,272.3296203613281,30.0,0.0,0.0,0.0,0.0,0.0,0.0
CelebDFv3,/root/Datasets/CelebDFv3/CelebDFv3/FAKE/FaceSwap/HifiFace/id31_id33_0000.mp4,FaceSwap/HifiFace,id31,id33,0,-4.149942874908447,4.149942874908447,0.0,148.75765991210938,30.0,0.0,0.0,0.0,0.0,0.0,0.0
CelebDFv3,/root/Datasets/CelebDFv3/CelebDFv3/FAKE/FaceSwap/InSwapper/id51_id58_0002.mp4,FaceSwap/InSwapper,id51,id58,0,1.8312017917633057,-1.8312017917633057,0.0,106.45769500732422,30.0,0.0,0.0,0.0,0.0,0.0,0.0
CelebDFv3,/root/Datasets/CelebDFv3/CelebDFv3/FAKE/FaceSwap/MobileFaceSwap/id11_id7_0003.mp4,FaceSwap/MobileFaceSwap,id11,id7,0,0.36204543709754944,-0.36204543709754944,0.0,128.76783752441406,30.0,0.0,0.0,0.0,0.0,0.0,0.0
CelebDFv3,/root/Datasets/CelebDFv3/CelebDFv3/FAKE/FaceSwap/SimSwap/id23_id0_0006.mp4,FaceSwap/SimSwap,id23,id0,0,-2.921503782272339,2.921503782272339,0.0,110.93036651611328,30.0,0.0,0.0,0.0,0.0,0.0,0.0
CelebDFv3,/root/Datasets/CelebDFv3/CelebDFv3/FAKE/FaceSwap/UniFace/id56_id52_0001.mp4,FaceSwap/UniFace,id56,id52,0,0.9131695628166199,-0.9131695628166199,0.0,273.3482971191406,30.0,0.0,0.0,0.0,0.0,0.0,0.0
CelebDFv3,/root/Datasets/CelebDFv3/CelebDFv3/FAKE/TalkingFace/AniTalker/id31_0009_test_id09017_rINrNM431yc.mp4,TalkingFace/AniTalker,id31,,0,8.426986694335938,-8.426986694335938,0.0,114.77371215820312,25.0,0.0,0.0,0.0,0.0,0.0,0.0
CelebDFv3,/root/Datasets/CelebDFv3/CelebDFv3/FAKE/TalkingFace/EDTalk/id23_0001_test_id07961_Q7QhiPMMMVA.mp4,TalkingFace/EDTalk,id23,,0,9.395079612731934,-9.395079612731934,0.0,109.89478302001953,25.0,0.0,0.0,0.0,0.0,0.0,0.0
CelebDFv3,/root/Datasets/CelebDFv3/CelebDFv3/FAKE/TalkingFace/EchoMimic/id51_0002_test_id03862_znMGUBKuVsI.mp4,TalkingFace/EchoMimic,id51,,0,6.864903450012207,-6.864903450012207,0.0,114.00904083251953,24.0,0.0,0.0,0.0,0.0,0.0,0.0
CelebDFv3,/root/Datasets/CelebDFv3/CelebDFv3/FAKE/TalkingFace/FLOAT/id59_0006_test_id04657_dn4XY5c6mEw.mp4,TalkingFace/FLOAT,id59,,0,3.1855316162109375,-3.1855316162109375,0.0,110.15755462646484,25.0,0.0,0.0,0.0,0.0,0.0,0.0
CelebDFv3,/root/Datasets/CelebDFv3/CelebDFv3/FAKE/TalkingFace/IP_LAP/id8_0006_test_id04657__k6cgeecD88.mp4,TalkingFace/IP_LAP,id8,,0,5.944215774536133,-5.944215774536133,0.0,104.88385772705078,25.0,0.0,0.0,0.0,0.0,0.0,0.0
CelebDFv3,/root/Datasets/CelebDFv3/CelebDFv3/FAKE/TalkingFace/Real3DPortrait/id31_0006_test_id05654_lgnVNGGeF7E.mp4,TalkingFace/Real3DPortrait,id31,,0,5.376686096191406,-5.376686096191406,0.0,160.8457794189453,25.0,0.0,0.0,0.0,0.0,0.0,0.0
CelebDFv3,/root/Datasets/CelebDFv3/CelebDFv3/FAKE/TalkingFace/SadTalker/id11_0007_test_id05055_g-9k9_PcxVY.mp4,TalkingFace/SadTalker,id11,,0,3.3237366676330566,-3.3237366676330566,0.0,128.21273803710938,25.0,0.0,0.0,0.0,0.0,0.0,0.0
CelebDFv3,/root/Datasets/CelebDFv3/CelebDFv3/FAKE/FaceReenact/DaGAN/id23_id19_0002.mp4,FaceReenact/DaGAN,id23,id19,0,7.260861396789551,-7.260861396789551,0.0,105.11332702636719,30.0,0.0,0.0,0.0,0.0,0.0,0.0
CelebDFv3,/root/Datasets/CelebDFv3/CelebDFv3/FAKE/FaceReenact/FSRT/id31_id32_0001.mp4,FaceReenact/FSRT,id31,id32,0,5.452742576599121,-5.452742576599121,0.0,122.08090209960938,20.0,0.0,0.0,0.0,0.0,0.0,0.0
CelebDFv3,/root/Datasets/CelebDFv3/CelebDFv3/FAKE/FaceReenact/HyperReenact/id54_id49_0008.mp4,FaceReenact/HyperReenact,id54,id49,0,1.0700961351394653,-1.0700961351394653,0.0,128.46556091308594,25.0,0.0,0.0,0.0,0.0,0.0,0.0
CelebDFv3,/root/Datasets/CelebDFv3/CelebDFv3/FAKE/FaceReenact/LIA/id31_id33_0006.mp4,FaceReenact/LIA,id31,id33,0,5.886490821838379,-5.886490821838379,0.0,113.62423706054688,30.0,0.0,0.0,0.0,0.0,0.0,0.0
CelebDFv3,/root/Datasets/CelebDFv3/CelebDFv3/FAKE/FaceReenact/LivePortrait/id31_id33_0009.mp4,FaceReenact/LivePortrait,id31,id33,0,-1.6841334104537964,1.6841334104537964,0.0,120.90789031982422,30.0,0.0,0.0,0.0,0.0,0.0,0.0
CelebDFv3,/root/Datasets/CelebDFv3/CelebDFv3/FAKE/FaceReenact/MCNET/id26_id33_0006.mp4,FaceReenact/MCNET,id26,id33,0,-0.5722743272781372,0.5722743272781372,0.0,203.71534729003906,30.0,0.0,0.0,0.0,0.0,0.0,0.0
CelebDFv3,/root/Datasets/CelebDFv3/CelebDFv3/FAKE/FaceReenact/TPSMM/id11_id7_0006.mp4,FaceReenact/TPSMM,id11,id7,0,5.15525484085083,-5.15525484085083,0.0,93.3132553100586,30.0,0.0,0.0,0.0,0.0,0.0,0.0
CelebDFv3,/root/Datasets/CelebDFv3/CelebDFv3/FAKE/FaceSwap/BlendFace/id48_id45_0005.mp4,FaceSwap/BlendFace,id48,id45,0,3.053365707397461,-3.053365707397461,0.0,142.88958740234375,30.0,0.0,0.0,0.0,0.0,0.0,0.0
CelebDFv3,/root/Datasets/CelebDFv3/CelebDFv3/FAKE/FaceSwap/Celeb-DF-v2/id23_id25_0006.mp4,FaceSwap/Celeb-DF-v2,id23,id25,0,-2.8716490268707275,2.8716490268707275,0.0,110.82913208007812,30.0,0.0,0.0,0.0,0.0,0.0,0.0
CelebDFv3,/root/Datasets/CelebDFv3/CelebDFv3/FAKE/FaceSwap/GHOST/id31_id6_0005.mp4,FaceSwap/GHOST,id31,id6,0,-4.688302040100098,4.688302040100098,0.0,108.36872863769531,30.0,0.0,0.0,0.0,0.0,0.0,0.0
CelebDFv3,/root/Datasets/CelebDFv3/CelebDFv3/FAKE/FaceSwap/HifiFace/id23_id1_0002.mp4,FaceSwap/HifiFace,id23,id1,0,2.6692373752593994,-2.6692373752593994,0.0,93.05069732666016,30.0,0.0,0.0,0.0,0.0,0.0,0.0
CelebDFv3,/root/Datasets/CelebDFv3/CelebDFv3/FAKE/FaceSwap/InSwapper/id23_id20_0007.mp4,FaceSwap/InSwapper,id23,id20,0,-10.143659591674805,10.143659591674805,0.0,192.54966735839844,30.0,0.0,0.0,0.0,0.0,0.0,0.0
CelebDFv3,/root/Datasets/CelebDFv3/CelebDFv3/FAKE/FaceSwap/MobileFaceSwap/id23_id29_0007.mp4,FaceSwap/MobileFaceSwap,id23,id29,0,-9.596639633178711,9.596639633178711,0.0,192.8120880126953,30.0,0.0,0.0,0.0,0.0,0.0,0.0
CelebDFv3,/root/Datasets/CelebDFv3/CelebDFv3/FAKE/FaceSwap/SimSwap/id26_id37_0003.mp4,FaceSwap/SimSwap,id26,id37,0,-7.373169898986816,7.373169898986816,0.0,383.8644714355469,30.0,0.0,0.0,0.0,0.0,0.0,0.0
CelebDFv3,/root/Datasets/CelebDFv3/CelebDFv3/FAKE/FaceSwap/UniFace/id23_id27_0001.mp4,FaceSwap/UniFace,id23,id27,0,4.585393905639648,-4.585393905639648,0.0,121.33094024658203,30.0,0.0,0.0,0.0,0.0,0.0,0.0
CelebDFv3,/root/Datasets/CelebDFv3/CelebDFv3/FAKE/TalkingFace/AniTalker/id31_0003_test_id01333_gujKn7v2CJg.mp4,TalkingFace/AniTalker,id31,,0,6.455687999725342,-6.455687999725342,0.0,131.2282257080078,25.0,0.0,0.0,0.0,0.0,0.0,0.0
CelebDFv3,/root/Datasets/CelebDFv3/CelebDFv3/FAKE/TalkingFace/EDTalk/id11_0005_test_id05654_6UV8K4t_6Xw.mp4,TalkingFace/EDTalk,id11,,0,7.385900020599365,-7.385900020599365,0.0,110.44673919677734,25.0,0.0,0.0,0.0,0.0,0.0,0.0
CelebDFv3,/root/Datasets/CelebDFv3/CelebDFv3/FAKE/TalkingFace/EchoMimic/id11_0000_test_id08696_w3hl-OW_TVI.mp4,TalkingFace/EchoMimic,id11,,0,9.641120910644531,-9.641120910644531,0.0,97.91876983642578,24.0,0.0,0.0,0.0,0.0,0.0,0.0
CelebDFv3,/root/Datasets/CelebDFv3/CelebDFv3/FAKE/TalkingFace/FLOAT/id48_0003_test_id02542_gMKSu2wZpAA.mp4,TalkingFace/FLOAT,id48,,0,11.297011375427246,-11.297011375427246,0.0,116.81307983398438,25.0,0.0,0.0,0.0,0.0,0.0,0.0
CelebDFv3,/root/Datasets/CelebDFv3/CelebDFv3/FAKE/TalkingFace/IP_LAP/id59_0005_test_id08392_V2DQaPnQhBs.mp4,TalkingFace/IP_LAP,id59,,0,7.468789100646973,-7.468789100646973,0.0,111.46819305419922,25.0,0.0,0.0,0.0,0.0,0.0,0.0
CelebDFv3,/root/Datasets/CelebDFv3/CelebDFv3/FAKE/TalkingFace/Real3DPortrait/id23_0006_test_id02542_X1EwhLOXzpM.mp4,TalkingFace/Real3DPortrait,id23,,0,-0.562171459197998,0.562171459197998,0.0,117.72518920898438,25.0,0.0,0.0,0.0,0.0,0.0,0.0
CelebDFv3,/root/Datasets/CelebDFv3/CelebDFv3/FAKE/TalkingFace/SadTalker/id25_0007_test_id00926_daYw42Tsdgs.mp4,TalkingFace/SadTalker,id25,,0,6.9546918869018555,-6.9546918869018555,0.0,127.13909149169922,25.0,0.0,0.0,0.0,0.0,0.0,0.0
CelebDFv3,/root/Datasets/CelebDFv3/CelebDFv3/FAKE/FaceReenact/DaGAN/id22_id25_0006.mp4,FaceReenact/DaGAN,id22,id25,0,8.451963424682617,-8.451963424682617,0.0,133.80917358398438,30.0,0.0,0.0,0.0,0.0,0.0,0.0
CelebDFv3,/root/Datasets/CelebDFv3/CelebDFv3/FAKE/FaceReenact/FSRT/id23_id30_0000.mp4,FaceReenact/FSRT,id23,id30,0,-1.4246433973312378,1.4246433973312378,0.0,99.9495849609375,20.0,0.0,0.0,0.0,0.0,0.0,0.0
CelebDFv3,/root/Datasets/CelebDFv3/CelebDFv3/FAKE/FaceReenact/HyperReenact/id23_id2_0006.mp4,FaceReenact/HyperReenact,id23,id2,0,10.131914138793945,-10.131914138793945,0.0,116.96214294433594,25.0,0.0,0.0,0.0,0.0,0.0,0.0
CelebDFv3,/root/Datasets/CelebDFv3/CelebDFv3/FAKE/FaceReenact/LIA/id23_id22_0009.mp4,FaceReenact/LIA,id23,id22,0,7.206064224243164,-7.206064224243164,0.0,110.25422668457031,30.0,0.0,0.0,0.0,0.0,0.0,0.0
CelebDFv3,/root/Datasets/CelebDFv3/CelebDFv3/FAKE/FaceReenact/LivePortrait/id23_id3_0002.mp4,FaceReenact/LivePortrait,id23,id3,0,6.404991149902344,-6.404991149902344,0.0,106.25988006591797,30.0,0.0,0.0,0.0,0.0,0.0,0.0
CelebDFv3,/root/Datasets/CelebDFv3/CelebDFv3/FAKE/FaceReenact/MCNET/id23_id30_0003.mp4,FaceReenact/MCNET,id23,id30,0,0.6462028622627258,-0.6462028622627258,0.0,86.8902816772461,30.0,0.0,0.0,0.0,0.0,0.0,0.0
CelebDFv3,/root/Datasets/CelebDFv3/CelebDFv3/FAKE/FaceReenact/TPSMM/id56_id57_0001.mp4,FaceReenact/TPSMM,id56,id57,0,1.5516703128814697,-1.5516703128814697,0.0,115.2984848022461,30.0,0.0,0.0,0.0,0.0,0.0,0.0
CelebDFv3,/root/Datasets/CelebDFv3/CelebDFv3/FAKE/FaceSwap/BlendFace/id22_id23_0006.mp4,FaceSwap/BlendFace,id22,id23,0,-0.9038068652153015,0.9038068652153015,0.0,165.28395080566406,30.0,0.0,0.0,0.0,0.0,0.0,0.0
CelebDFv3,/root/Datasets/CelebDFv3/CelebDFv3/FAKE/FaceSwap/Celeb-DF-v2/id26_id3_0002.mp4,FaceSwap/Celeb-DF-v2,id26,id3,0,-2.7543532848358154,2.7543532848358154,0.0,95.95777893066406,30.0,0.0,0.0,0.0,0.0,0.0,0.0
CelebDFv3,/root/Datasets/CelebDFv3/CelebDFv3/FAKE/FaceSwap/GHOST/id51_id58_0004.mp4,FaceSwap/GHOST,id51,id58,0,-1.7198591232299805,1.7198591232299805,0.0,105.11134338378906,29.0,0.0,0.0,0.0,0.0,0.0,0.0
CelebDFv3,/root/Datasets/CelebDFv3/CelebDFv3/FAKE/FaceSwap/HifiFace/id26_id32_0001.mp4,FaceSwap/HifiFace,id26,id32,0,-5.786036491394043,5.786036491394043,0.0,287.1561584472656,30.0,0.0,0.0,0.0,0.0,0.0,0.0
CelebDFv3,/root/Datasets/CelebDFv3/CelebDFv3/FAKE/FaceSwap/InSwapper/id23_id29_0006.mp4,FaceSwap/InSwapper,id23,id29,0,-2.8743162155151367,2.8743162155151367,0.0,111.53392028808594,30.0,0.0,0.0,0.0,0.0,0.0,0.0
CelebDFv3,/root/Datasets/CelebDFv3/CelebDFv3/FAKE/FaceSwap/MobileFaceSwap/id26_id29_0009.mp4,FaceSwap/MobileFaceSwap,id26,id29,0,1.8239976167678833,-1.8239976167678833,0.0,161.94845581054688,30.0,0.0,0.0,0.0,0.0,0.0,0.0
CelebDFv3,/root/Datasets/CelebDFv3/CelebDFv3/FAKE/FaceSwap/SimSwap/id54_id56_0008.mp4,FaceSwap/SimSwap,id54,id56,0,-1.1708036661148071,1.1708036661148071,0.0,127.70526123046875,30.0,0.0,0.0,0.0,0.0,0.0,0.0
CelebDFv3,/root/Datasets/CelebDFv3/CelebDFv3/FAKE/FaceSwap/UniFace/id23_id33_0002.mp4,FaceSwap/UniFace,id23,id33,0,2.698965311050415,-2.698965311050415,0.0,92.99866485595703,30.0,0.0,0.0,0.0,0.0,0.0,0.0
CelebDFv3,/root/Datasets/CelebDFv3/CelebDFv3/FAKE/TalkingFace/AniTalker/id25_0002_test_id03524_cxnnKLQYemo.mp4,TalkingFace/AniTalker,id25,,0,9.42716121673584,-9.42716121673584,0.0,115.19834899902344,25.0,0.0,0.0,0.0,0.0,0.0,0.0
CelebDFv3,/root/Datasets/CelebDFv3/CelebDFv3/FAKE/TalkingFace/EDTalk/id51_0005_test_id01509_I6T7sh7T2lU.mp4,TalkingFace/EDTalk,id51,,0,6.51101541519165,-6.51101541519165,0.0,108.820556640625,25.0,0.0,0.0,0.0,0.0,0.0,0.0
CelebDFv3,/root/Datasets/CelebDFv3/CelebDFv3/FAKE/TalkingFace/EchoMimic/id8_0007_test_id00562_6J0PC3tcSh8.mp4,TalkingFace/EchoMimic,id8,,0,10.541001319885254,-10.541001319885254,0.0,117.20089721679688,24.0,0.0,0.0,0.0,0.0,0.0,0.0
CelebDFv3,/root/Datasets/CelebDFv3/CelebDFv3/FAKE/TalkingFace/FLOAT/id25_0002_test_id03524_cxnnKLQYemo.mp4,TalkingFace/FLOAT,id25,,0,7.789534568786621,-7.789534568786621,0.0,110.96871948242188,25.0,0.0,0.0,0.0,0.0,0.0,0.0
CelebDFv3,/root/Datasets/CelebDFv3/CelebDFv3/FAKE/TalkingFace/IP_LAP/id26_0000_test_id01593_Clw9yg6Jd34.mp4,TalkingFace/IP_LAP,id26,,0,6.700709342956543,-6.700709342956543,0.0,103.34659576416016,25.0,0.0,0.0,0.0,0.0,0.0,0.0
CelebDFv3,/root/Datasets/CelebDFv3/CelebDFv3/FAKE/TalkingFace/Real3DPortrait/id23_0005_test_id06310_MNZMZ6ChMZQ.mp4,TalkingFace/Real3DPortrait,id23,,0,0.21043822169303894,-0.21043822169303894,0.0,107.71971130371094,25.0,0.0,0.0,0.0,0.0,0.0,0.0
CelebDFv3,/root/Datasets/CelebDFv3/CelebDFv3/FAKE/TalkingFace/SadTalker/id56_0002_test_id08696_1GdGZIP2kb4.mp4,TalkingFace/SadTalker,id56,,0,6.109296798706055,-6.109296798706055,0.0,110.11463928222656,25.0,0.0,0.0,0.0,0.0,0.0,0.0
CelebDFv3,/root/Datasets/CelebDFv3/CelebDFv3/FAKE/FaceReenact/DaGAN/id31_id38_0009.mp4,FaceReenact/DaGAN,id31,id38,0,1.3716782331466675,-1.3716782331466675,0.0,88.44119262695312,30.0,0.0,0.0,0.0,0.0,0.0,0.0
CelebDFv3,/root/Datasets/CelebDFv3/CelebDFv3/FAKE/FaceReenact/FSRT/id56_id57_0008.mp4,FaceReenact/FSRT,id56,id57,0,3.6207847595214844,-3.6207847595214844,0.0,101.06761932373047,20.0,0.0,0.0,0.0,0.0,0.0,0.0
CelebDFv3,/root/Datasets/CelebDFv3/CelebDFv3/FAKE/FaceReenact/HyperReenact/id56_id55_0001.mp4,FaceReenact/HyperReenact,id56,id55,0,3.3320236206054688,-3.3320236206054688,0.0,121.57476043701172,25.0,0.0,0.0,0.0,0.0,0.0,0.0
CelebDFv3,/root/Datasets/CelebDFv3/CelebDFv3/FAKE/FaceReenact/LIA/id31_id1_0007.mp4,FaceReenact/LIA,id31,id1,0,10.552919387817383,-10.552919387817383,0.0,212.52774047851562,30.0,0.0,0.0,0.0,0.0,0.0,0.0
CelebDFv3,/root/Datasets/CelebDFv3/CelebDFv3/FAKE/FaceReenact/LivePortrait/id25_id28_0002.mp4,FaceReenact/LivePortrait,id25,id28,0,-2.358790874481201,2.358790874481201,0.0,148.07310485839844,30.0,0.0,0.0,0.0,0.0,0.0,0.0
CelebDFv3,/root/Datasets/CelebDFv3/CelebDFv3/FAKE/FaceReenact/MCNET/id26_id29_0004.mp4,FaceReenact/MCNET,id26,id29,0,-1.961475133895874,1.961475133895874,0.0,132.8913116455078,30.0,0.0,0.0,0.0,0.0,0.0,0.0
CelebDFv3,/root/Datasets/CelebDFv3/CelebDFv3/FAKE/FaceReenact/TPSMM/id8_id3_0002.mp4,FaceReenact/TPSMM,id8,id3,0,4.061120510101318,-4.061120510101318,0.0,102.54100799560547,30.0,0.0,0.0,0.0,0.0,0.0,0.0
CelebDFv3,/root/Datasets/CelebDFv3/CelebDFv3/FAKE/FaceSwap/BlendFace/id26_id17_0006.mp4,FaceSwap/BlendFace,id26,id17,0,12.810323715209961,-12.810323715209961,0.0,182.4329071044922,30.0,0.0,0.0,0.0,0.0,0.0,0.0
CelebDFv3,/root/Datasets/CelebDFv3/CelebDFv3/FAKE/FaceSwap/Celeb-DF-v2/id31_id33_0004.mp4,FaceSwap/Celeb-DF-v2,id31,id33,0,-11.672283172607422,11.672283172607422,0.0,197.5757598876953,30.0,0.0,0.0,0.0,0.0,0.0,0.0
CelebDFv3,/root/Datasets/CelebDFv3/CelebDFv3/FAKE/FaceSwap/GHOST/id25_id28_0005.mp4,FaceSwap/GHOST,id25,id28,0,2.568331480026245,-2.568331480026245,0.0,105.59500122070312,30.0,0.0,0.0,0.0,0.0,0.0,0.0
CelebDFv3,/root/Datasets/CelebDFv3/CelebDFv3/FAKE/FaceSwap/HifiFace/id26_id32_0006.mp4,FaceSwap/HifiFace,id26,id32,0,12.223817825317383,-12.223817825317383,0.0,180.12306213378906,30.0,0.0,0.0,0.0,0.0,0.0,0.0
CelebDFv3,/root/Datasets/CelebDFv3/CelebDFv3/FAKE/FaceSwap/InSwapper/id31_id33_0009.mp4,FaceSwap/InSwapper,id31,id33,0,0.1213652640581131,-0.1213652640581131,0.0,109.5787582397461,30.0,0.0,0.0,0.0,0.0,0.0,0.0
CelebDFv3,/root/Datasets/CelebDFv3/CelebDFv3/FAKE/FaceSwap/MobileFaceSwap/id48_id47_0008.mp4,FaceSwap/MobileFaceSwap,id48,id47,0,-5.67786979675293,5.67786979675293,0.0,127.64556884765625,30.0,0.0,0.0,0.0,0.0,0.0,0.0
CelebDFv3,/root/Datasets/CelebDFv3/CelebDFv3/FAKE/FaceSwap/SimSwap/id11_id7_0009.mp4,FaceSwap/SimSwap,id11,id7,0,-1.5091650485992432,1.5091650485992432,0.0,123.97708129882812,30.0,0.0,0.0,0.0,0.0,0.0,0.0
CelebDFv3,/root/Datasets/CelebDFv3/CelebDFv3/FAKE/FaceSwap/UniFace/id23_id28_0006.mp4,FaceSwap/UniFace,id23,id28,0,-3.072805881500244,3.072805881500244,0.0,111.58956909179688,30.0,0.0,0.0,0.0,0.0,0.0,0.0
CelebDFv3,/root/Datasets/CelebDFv3/CelebDFv3/FAKE/TalkingFace/AniTalker/id25_0009_test_id05124_1HAXGOri_x0.mp4,TalkingFace/AniTalker,id25,,0,0.9786940217018127,-0.9786940217018127,0.0,109.0137939453125,25.0,0.0,0.0,0.0,0.0,0.0,0.0
CelebDFv3,/root/Datasets/CelebDFv3/CelebDFv3/FAKE/TalkingFace/EDTalk/id51_0009_test_id04094_XXOtyg4RxTE.mp4,TalkingFace/EDTalk,id51,,0,5.0946760177612305,-5.0946760177612305,0.0,108.9284439086914,25.0,0.0,0.0,0.0,0.0,0.0,0.0
CelebDFv3,/root/Datasets/CelebDFv3/CelebDFv3/FAKE/TalkingFace/EchoMimic/id22_0003_test_id02317_YCBadU0v3AE.mp4,TalkingFace/EchoMimic,id22,,0,5.493292808532715,-5.493292808532715,0.0,156.74038696289062,24.0,0.0,0.0,0.0,0.0,0.0,0.0
CelebDFv3,/root/Datasets/CelebDFv3/CelebDFv3/FAKE/TalkingFace/FLOAT/id22_0009_test_id00562_0Zh6t-f8MsY.mp4,TalkingFace/FLOAT,id22,,0,3.53109073638916,-3.53109073638916,0.0,104.41356658935547,25.0,0.0,0.0,0.0,0.0,0.0,0.0
CelebDFv3,/root/Datasets/CelebDFv3/CelebDFv3/FAKE/TalkingFace/IP_LAP/id48_0005_test_id04006__bENbO3pwL0.mp4,TalkingFace/IP_LAP,id48,,0,7.899338722229004,-7.899338722229004,0.0,108.8719253540039,25.0,0.0,0.0,0.0,0.0,0.0,0.0
CelebDFv3,/root/Datasets/CelebDFv3/CelebDFv3/FAKE/TalkingFace/Real3DPortrait/id54_0008_test_id08456_ajf9MieCX4k.mp4,TalkingFace/Real3DPortrait,id54,,0,0.7413765788078308,-0.7413765788078308,0.0,123.51520538330078,25.0,0.0,0.0,0.0,0.0,0.0,0.0
CelebDFv3,/root/Datasets/CelebDFv3/CelebDFv3/FAKE/TalkingFace/SadTalker/id8_0002_test_id03524_2DD4Np7SaWw.mp4,TalkingFace/SadTalker,id8,,0,3.8184542655944824,-3.8184542655944824,0.0,129.88043212890625,25.0,0.0,0.0,0.0,0.0,0.0,0.0
CelebDFv3,/root/Datasets/CelebDFv3/CelebDFv3/FAKE/FaceReenact/DaGAN/id23_id27_0006.mp4,FaceReenact/DaGAN,id23,id27,0,9.684123992919922,-9.684123992919922,0.0,100.81346130371094,30.0,0.0,0.0,0.0,0.0,0.0,0.0
CelebDFv3,/root/Datasets/CelebDFv3/CelebDFv3/FAKE/FaceReenact/FSRT/id26_id17_0006.mp4,FaceReenact/FSRT,id26,id17,0,1.8733989000320435,-1.8733989000320435,0.0,153.91986083984375,20.0,0.0,0.0,0.0,0.0,0.0,0.0
CelebDFv3,/root/Datasets/CelebDFv3/CelebDFv3/FAKE/FaceReenact/HyperReenact/id26_id32_0006.mp4,FaceReenact/HyperReenact,id26,id32,0,6.317997932434082,-6.317997932434082,0.0,124.5949935913086,25.0,0.0,0.0,0.0,0.0,0.0,0.0
CelebDFv3,/root/Datasets/CelebDFv3/CelebDFv3/FAKE/FaceReenact/LIA/id51_id58_0004.mp4,FaceReenact/LIA,id51,id58,0,4.381205081939697,-4.381205081939697,0.0,103.51510620117188,30.0,0.0,0.0,0.0,0.0,0.0,0.0
CelebDFv3,/root/Datasets/CelebDFv3/CelebDFv3/FAKE/FaceReenact/LivePortrait/id48_id47_0002.mp4,FaceReenact/LivePortrait,id48,id47,0,0.9635978937149048,-0.9635978937149048,0.0,118.481201171875,30.0,0.0,0.0,0.0,0.0,0.0,0.0
CelebDFv3,/root/Datasets/CelebDFv3/CelebDFv3/FAKE/FaceReenact/MCNET/id26_id25_0004.mp4,FaceReenact/MCNET,id26,id25,0,-1.3213739395141602,1.3213739395141602,0.0,135.9698486328125,30.0,0.0,0.0,0.0,0.0,0.0,0.0
CelebDFv3,/root/Datasets/CelebDFv3/CelebDFv3/FAKE/FaceReenact/TPSMM/id31_id20_0002.mp4,FaceReenact/TPSMM,id31,id20,0,3.634216785430908,-3.634216785430908,0.0,109.56715393066406,30.0,0.0,0.0,0.0,0.0,0.0,0.0
CelebDFv3,/root/Datasets/CelebDFv3/CelebDFv3/FAKE/FaceSwap/BlendFace/id56_id49_0006.mp4,FaceSwap/BlendFace,id56,id49,0,-1.0436625480651855,1.0436625480651855,0.0,93.13333892822266,30.0,0.0,0.0,0.0,0.0,0.0,0.0
CelebDFv3,/root/Datasets/CelebDFv3/CelebDFv3/FAKE/FaceSwap/Celeb-DF-v2/id56_id54_0005.mp4,FaceSwap/Celeb-DF-v2,id56,id54,0,1.6615724563598633,-1.6615724563598633,0.0,127.58301544189453,29.899993896484375,0.0,0.0,0.0,0.0,0.0,0.0
CelebDFv3,/root/Datasets/CelebDFv3/CelebDFv3/FAKE/FaceSwap/GHOST/id22_id23_0006.mp4,FaceSwap/GHOST,id22,id23,0,-0.7320520877838135,0.7320520877838135,0.0,165.52737426757812,30.0,0.0,0.0,0.0,0.0,0.0,0.0
CelebDFv3,/root/Datasets/CelebDFv3/CelebDFv3/FAKE/FaceSwap/HifiFace/id11_id7_0000.mp4,FaceSwap/HifiFace,id11,id7,0,1.4546045064926147,-1.4546045064926147,0.0,98.11197662353516,30.0,0.0,0.0,0.0,0.0,0.0,0.0
CelebDFv3,/root/Datasets/CelebDFv3/CelebDFv3/FAKE/FaceSwap/InSwapper/id23_id20_0002.mp4,FaceSwap/InSwapper,id23,id20,0,2.5075817108154297,-2.5075817108154297,0.0,92.66816711425781,30.0,0.0,0.0,0.0,0.0,0.0,0.0
CelebDFv3,/root/Datasets/CelebDFv3/CelebDFv3/FAKE/FaceSwap/MobileFaceSwap/id26_id17_0000.mp4,FaceSwap/MobileFaceSwap,id26,id17,0,5.166129112243652,-5.166129112243652,0.0,132.4226531982422,30.0,0.0,0.0,0.0,0.0,0.0,0.0
CelebDFv3,/root/Datasets/CelebDFv3/CelebDFv3/FAKE/FaceSwap/SimSwap/id54_id57_0006.mp4,FaceSwap/SimSwap,id54,id57,0,3.240783214569092,-3.240783214569092,0.0,236.16835021972656,30.0,0.0,0.0,0.0,0.0,0.0,0.0
CelebDFv3,/root/Datasets/CelebDFv3/CelebDFv3/FAKE/FaceSwap/UniFace/id31_id29_0001.mp4,FaceSwap/UniFace,id31,id29,0,1.0486570596694946,-1.0486570596694946,0.0,126.9106216430664,30.0,0.0,0.0,0.0,0.0,0.0,0.0
CelebDFv3,/root/Datasets/CelebDFv3/CelebDFv3/FAKE/TalkingFace/AniTalker/id51_0001_test_id08149_d9B3S3Lm208.mp4,TalkingFace/AniTalker,id51,,0,3.517043113708496,-3.517043113708496,0.0,140.82566833496094,25.0,0.0,0.0,0.0,0.0,0.0,0.0
CelebDFv3,/root/Datasets/CelebDFv3/CelebDFv3/FAKE/TalkingFace/EDTalk/id54_0002_test_id08149_d9B3S3Lm208.mp4,TalkingFace/EDTalk,id54,,0,5.633976936340332,-5.633976936340332,0.0,105.62344360351562,25.0,0.0,0.0,0.0,0.0,0.0,0.0
CelebDFv3,/root/Datasets/CelebDFv3/CelebDFv3/FAKE/TalkingFace/EchoMimic/id22_0006_test_id04478_qfn8NllQPNY.mp4,TalkingFace/EchoMimic,id22,,0,11.98133659362793,-11.98133659362793,0.0,125.87816619873047,24.0,0.0,0.0,0.0,0.0,0.0,0.0
CelebDFv3,/root/Datasets/CelebDFv3/CelebDFv3/FAKE/TalkingFace/FLOAT/id54_0006_test_id01228_JML4qGlGgJQ.mp4,TalkingFace/FLOAT,id54,,0,7.508307933807373,-7.508307933807373,0.0,147.6234130859375,25.0,0.0,0.0,0.0,0.0,0.0,0.0
CelebDFv3,/root/Datasets/CelebDFv3/CelebDFv3/FAKE/TalkingFace/IP_LAP/id22_0001_test_id04657_LIpH4pzgzJ8.mp4,TalkingFace/IP_LAP,id22,,0,6.496071815490723,-6.496071815490723,0.0,116.3851089477539,25.0,0.0,0.0,0.0,0.0,0.0,0.0
CelebDFv3,/root/Datasets/CelebDFv3/CelebDFv3/FAKE/TalkingFace/Real3DPortrait/id25_0000_test_id02286_cp_LOv6mdJA.mp4,TalkingFace/Real3DPortrait,id25,,0,1.4403600692749023,-1.4403600692749023,0.0,148.95559692382812,25.0,0.0,0.0,0.0,0.0,0.0,0.0
CelebDFv3,/root/Datasets/CelebDFv3/CelebDFv3/FAKE/TalkingFace/SadTalker/id48_0005_test_id08374_p-HisCd2lIg.mp4,TalkingFace/SadTalker,id48,,0,1.7814626693725586,-1.7814626693725586,0.0,114.50421142578125,25.0,0.0,0.0,0.0,0.0,0.0,0.0
CelebDFv3,/root/Datasets/CelebDFv3/CelebDFv3/FAKE/FaceReenact/DaGAN/id26_id37_0000.mp4,FaceReenact/DaGAN,id26,id37,0,1.8478741645812988,-1.8478741645812988,0.0,109.02153778076172,30.0,0.0,0.0,0.0,0.0,0.0,0.0
CelebDFv3,/root/Datasets/CelebDFv3/CelebDFv3/FAKE/FaceReenact/FSRT/id31_id34_0009.mp4,FaceReenact/FSRT,id31,id34,0,-4.018230438232422,4.018230438232422,0.0,98.41975402832031,20.0,0.0,0.0,0.0,0.0,0.0,0.0
CelebDFv3,/root/Datasets/CelebDFv3/CelebDFv3/FAKE/FaceReenact/HyperReenact/id31_id35_0007.mp4,FaceReenact/HyperReenact,id31,id35,0,8.962224960327148,-8.962224960327148,0.0,168.95787048339844,25.0,0.0,0.0,0.0,0.0,0.0,0.0
CelebDFv3,/root/Datasets/CelebDFv3/CelebDFv3/FAKE/FaceReenact/LIA/id8_id5_0008.mp4,FaceReenact/LIA,id8,id5,0,5.266124725341797,-5.266124725341797,0.0,113.72307586669922,30.0,0.0,0.0,0.0,0.0,0.0,0.0
CelebDFv3,/root/Datasets/CelebDFv3/CelebDFv3/FAKE/FaceReenact/LivePortrait/id31_id32_0001.mp4,FaceReenact/LivePortrait,id31,id32,0,4.821410655975342,-4.821410655975342,0.0,133.04930114746094,30.0,0.0,0.0,0.0,0.0,0.0,0.0
CelebDFv3,/root/Datasets/CelebDFv3/CelebDFv3/FAKE/FaceReenact/MCNET/id31_id26_0007.mp4,FaceReenact/MCNET,id31,id26,0,5.715149402618408,-5.715149402618408,0.0,142.75933837890625,30.0,0.0,0.0,0.0,0.0,0.0,0.0
CelebDFv3,/root/Datasets/CelebDFv3/CelebDFv3/FAKE/FaceReenact/TPSMM/id25_id26_0004.mp4,FaceReenact/TPSMM,id25,id26,0,6.209056377410889,-6.209056377410889,0.0,100.77133178710938,30.0,0.0,0.0,0.0,0.0,0.0,0.0
CelebDFv3,/root/Datasets/CelebDFv3/CelebDFv3/FAKE/FaceSwap/BlendFace/id56_id58_0009.mp4,FaceSwap/BlendFace,id56,id58,0,-2.1333789825439453,2.1333789825439453,0.0,153.04415893554688,30.0,0.0,0.0,0.0,0.0,0.0,0.0
CelebDFv3,/root/Datasets/CelebDFv3/CelebDFv3/FAKE/FaceSwap/Celeb-DF-v2/id26_id4_0004.mp4,FaceSwap/Celeb-DF-v2,id26,id4,0,-0.9867007732391357,0.9867007732391357,0.0,135.1139678955078,30.0,0.0,0.0,0.0,0.0,0.0,0.0
CelebDFv3,/root/Datasets/CelebDFv3/CelebDFv3/FAKE/FaceSwap/GHOST/id25_id19_0007.mp4,FaceSwap/GHOST,id25,id19,0,1.6593098640441895,-1.6593098640441895,0.0,125.61322021484375,30.0,0.0,0.0,0.0,0.0,0.0,0.0
CelebDFv3,/root/Datasets/CelebDFv3/CelebDFv3/FAKE/FaceSwap/HifiFace/id48_id39_0008.mp4,FaceSwap/HifiFace,id48,id39,0,-5.607622146606445,5.607622146606445,0.0,129.666748046875,30.0,0.0,0.0,0.0,0.0,0.0,0.0
CelebDFv3,/root/Datasets/CelebDFv3/CelebDFv3/FAKE/FaceSwap/InSwapper/id31_id32_0006.mp4,FaceSwap/InSwapper,id31,id32,0,-8.441192626953125,8.441192626953125,0.0,208.71023559570312,30.0,0.0,0.0,0.0,0.0,0.0,0.0
CelebDFv3,/root/Datasets/CelebDFv3/CelebDFv3/FAKE/FaceSwap/MobileFaceSwap/id26_id35_0008.mp4,FaceSwap/MobileFaceSwap,id26,id35,0,-0.055580466985702515,0.055580466985702515,0.0,101.65892028808594,30.0,0.0,0.0,0.0,0.0,0.0,0.0
CelebDFv3,/root/Datasets/CelebDFv3/CelebDFv3/FAKE/FaceSwap/SimSwap/id23_id0_0008.mp4,FaceSwap/SimSwap,id23,id0,0,-0.009012699127197266,0.009012699127197266,0.0,108.93853759765625,30.0,0.0,0.0,0.0,0.0,0.0,0.0
CelebDFv3,/root/Datasets/CelebDFv3/CelebDFv3/FAKE/FaceSwap/UniFace/id26_id2_0005.mp4,FaceSwap/UniFace,id26,id2,0,-10.948631286621094,10.948631286621094,0.0,265.74505615234375,30.0,0.0,0.0,0.0,0.0,0.0,0.0
CelebDFv3,/root/Datasets/CelebDFv3/CelebDFv3/FAKE/TalkingFace/AniTalker/id54_0002_test_id09017_Kd4_VMFbdeo.mp4,TalkingFace/AniTalker,id54,,0,5.58915376663208,-5.58915376663208,0.0,112.56464385986328,25.0,0.0,0.0,0.0,0.0,0.0,0.0
CelebDFv3,/root/Datasets/CelebDFv3/CelebDFv3/FAKE/TalkingFace/EDTalk/id31_0009_test_id09017_rINrNM431yc.mp4,TalkingFace/EDTalk,id31,,0,8.548076629638672,-8.548076629638672,0.0,116.5892105102539,25.0,0.0,0.0,0.0,0.0,0.0,0.0
CelebDFv3,/root/Datasets/CelebDFv3/CelebDFv3/FAKE/TalkingFace/EchoMimic/id26_0009_test_id05124_fRhAX7v_R6A.mp4,TalkingFace/EchoMimic,id26,,0,2.3352198600769043,-2.3352198600769043,0.0,143.03662109375,24.0,0.0,0.0,0.0,0.0,0.0,0.0
CelebDFv3,/root/Datasets/CelebDFv3/CelebDFv3/FAKE/TalkingFace/FLOAT/id26_0003_test_id02317_quWGoFFkGr0.mp4,TalkingFace/FLOAT,id26,,0,0.44986027479171753,-0.44986027479171753,0.0,363.3959655761719,25.0,0.0,0.0,0.0,0.0,0.0,0.0
CelebDFv3,/root/Datasets/CelebDFv3/CelebDFv3/FAKE/TalkingFace/IP_LAP/id25_0006_test_id07802_MtoFAMWjUxM.mp4,TalkingFace/IP_LAP,id25,,0,11.697287559509277,-11.697287559509277,0.0,257.7474060058594,25.0,0.0,0.0,0.0,0.0,0.0,0.0
CelebDFv3,/root/Datasets/CelebDFv3/CelebDFv3/FAKE/TalkingFace/Real3DPortrait/id11_0009_test_id08149_Ay1xwkYsNAE.mp4,TalkingFace/Real3DPortrait,id11,,0,4.590607643127441,-4.590607643127441,0.0,95.47058868408203,25.0,0.0,0.0,0.0,0.0,0.0,0.0
CelebDFv3,/root/Datasets/CelebDFv3/CelebDFv3/FAKE/TalkingFace/SadTalker/id59_0001_test_id05459_3TI6dVmEwzw.mp4,TalkingFace/SadTalker,id59,,0,-7.691427230834961,7.691427230834961,0.0,340.3198547363281,25.0,0.0,0.0,0.0,0.0,0.0,0.0
CelebDFv3,/root/Datasets/CelebDFv3/CelebDFv3/FAKE/FaceReenact/DaGAN/id26_id1_0004.mp4,FaceReenact/DaGAN,id26,id1,0,-1.8143014907836914,1.8143014907836914,0.0,140.55252075195312,30.0,0.0,0.0,0.0,0.0,0.0,0.0
CelebDFv3,/root/Datasets/CelebDFv3/CelebDFv3/FAKE/FaceReenact/FSRT/id51_id58_0004.mp4,FaceReenact/FSRT,id51,id58,0,3.222071886062622,-3.222071886062622,0.0,110.40464782714844,20.0,0.0,0.0,0.0,0.0,0.0,0.0
CelebDFv3,/root/Datasets/CelebDFv3/CelebDFv3/FAKE/FaceReenact/HyperReenact/id22_id20_0002.mp4,FaceReenact/HyperReenact,id22,id20,0,10.97610092163086,-10.97610092163086,0.0,119.0151138305664,25.0,0.0,0.0,0.0,0.0,0.0,0.0
CelebDFv3,/root/Datasets/CelebDFv3/CelebDFv3/FAKE/FaceReenact/LIA/id26_id37_0003.mp4,FaceReenact/LIA,id26,id37,0,-2.0054190158843994,2.0054190158843994,0.0,301.0296325683594,30.0,0.0,0.0,0.0,0.0,0.0,0.0
CelebDFv3,/root/Datasets/CelebDFv3/CelebDFv3/FAKE/FaceReenact/LivePortrait/id31_id35_0002.mp4,FaceReenact/LivePortrait,id31,id35,0,-3.259993553161621,3.259993553161621,0.0,148.76986694335938,30.0,0.0,0.0,0.0,0.0,0.0,0.0
CelebDFv3,/root/Datasets/CelebDFv3/CelebDFv3/FAKE/FaceReenact/MCNET/id26_id0_0000.mp4,FaceReenact/MCNET,id26,id0,0,2.0594286918640137,-2.0594286918640137,0.0,99.08778381347656,30.0,0.0,0.0,0.0,0.0,0.0,0.0
CelebDFv3,/root/Datasets/CelebDFv3/CelebDFv3/FAKE/FaceReenact/TPSMM/id56_id49_0006.mp4,FaceReenact/TPSMM,id56,id49,0,1.2212024927139282,-1.2212024927139282,0.0,93.18374633789062,30.0,0.0,0.0,0.0,0.0,0.0,0.0
CelebDFv3,/root/Datasets/CelebDFv3/CelebDFv3/FAKE/FaceSwap/BlendFace/id8_id3_0002.mp4,FaceSwap/BlendFace,id8,id3,0,-1.1525366306304932,1.1525366306304932,0.0,158.93731689453125,30.0,0.0,0.0,0.0,0.0,0.0,0.0
CelebDFv3,/root/Datasets/CelebDFv3/CelebDFv3/FAKE/FaceSwap/Celeb-DF-v2/id23_id24_0004.mp4,FaceSwap/Celeb-DF-v2,id23,id24,0,-0.5473262071609497,0.5473262071609497,0.0,118.0369644165039,30.0,0.0,0.0,0.0,0.0,0.0,0.0
CelebDFv3,/root/Datasets/CelebDFv3/CelebDFv3/FAKE/FaceSwap/GHOST/id23_id35_0005.mp4,FaceSwap/GHOST,id23,id35,0,1.5878567695617676,-1.5878567695617676,0.0,88.78604125976562,30.0,0.0,0.0,0.0,0.0,0.0,0.0
CelebDFv3,/root/Datasets/CelebDFv3/CelebDFv3/FAKE/FaceSwap/HifiFace/id48_id44_0000.mp4,FaceSwap/HifiFace,id48,id44,0,2.0636825561523438,-2.0636825561523438,0.0,377.323974609375,30.0,0.0,0.0,0.0,0.0,0.0,0.0
CelebDFv3,/root/Datasets/CelebDFv3/CelebDFv3/FAKE/FaceSwap/InSwapper/id23_id30_0006.mp4,FaceSwap/InSwapper,id23,id30,0,-2.9851160049438477,2.9851160049438477,0.0,111.4884262084961,30.0,0.0,0.0,0.0,0.0,0.0,0.0
CelebDFv3,/root/Datasets/CelebDFv3/CelebDFv3/FAKE/FaceSwap/MobileFaceSwap/id51_id56_0005.mp4,FaceSwap/MobileFaceSwap,id51,id56,0,1.9857431650161743,-1.9857431650161743,0.0,120.7342529296875,30.0,0.0,0.0,0.0,0.0,0.0,0.0
CelebDFv3,/root/Datasets/CelebDFv3/CelebDFv3/FAKE/FaceSwap/SimSwap/id11_id7_0003.mp4,FaceSwap/SimSwap,id11,id7,0,0.47294580936431885,-0.47294580936431885,0.0,131.6470184326172,30.0,0.0,0.0,0.0,0.0,0.0,0.0
CelebDFv3,/root/Datasets/CelebDFv3/CelebDFv3/FAKE/FaceSwap/UniFace/id48_id42_0003.mp4,FaceSwap/UniFace,id48,id42,0,3.123800277709961,-3.123800277709961,0.0,120.97164916992188,30.0,0.0,0.0,0.0,0.0,0.0,0.0
CelebDFv3,/root/Datasets/CelebDFv3/CelebDFv3/FAKE/TalkingFace/AniTalker/id26_0007_test_id05124_1HAXGOri_x0.mp4,TalkingFace/AniTalker,id26,,0,3.2970404624938965,-3.2970404624938965,0.0,160.638671875,25.0,0.0,0.0,0.0,0.0,0.0,0.0
CelebDFv3,/root/Datasets/CelebDFv3/CelebDFv3/FAKE/TalkingFace/EDTalk/id8_0003_test_id00081_jO5DSKhhcqQ.mp4,TalkingFace/EDTalk,id8,,0,5.126123428344727,-5.126123428344727,0.0,117.92913818359375,25.0,0.0,0.0,0.0,0.0,0.0,0.0
CelebDFv3,/root/Datasets/CelebDFv3/CelebDFv3/FAKE/TalkingFace/EchoMimic/id51_0009_test_id08701_cTjRf4YfAHg.mp4,TalkingFace/EchoMimic,id51,,0,3.1226768493652344,-3.1226768493652344,0.0,110.31693267822266,24.0,0.0,0.0,0.0,0.0,0.0,0.0
CelebDFv3,/root/Datasets/CelebDFv3/CelebDFv3/FAKE/TalkingFace/FLOAT/id23_0007_test_id04295_zjlNcdVhso4.mp4,TalkingFace/FLOAT,id23,,0,7.1451287269592285,-7.1451287269592285,0.0,230.2844696044922,25.0,0.0,0.0,0.0,0.0,0.0,0.0
CelebDFv3,/root/Datasets/CelebDFv3/CelebDFv3/FAKE/TalkingFace/IP_LAP/id59_0004_test_id07494_ebeMtxwdAVc.mp4,TalkingFace/IP_LAP,id59,,0,1.4051133394241333,-1.4051133394241333,0.0,169.09707641601562,25.0,0.0,0.0,0.0,0.0,0.0,0.0
CelebDFv3,/root/Datasets/CelebDFv3/CelebDFv3/FAKE/TalkingFace/Real3DPortrait/id8_0008_test_id02548_RoMUUfqkYF4.mp4,TalkingFace/Real3DPortrait,id8,,0,8.956275939941406,-8.956275939941406,0.0,129.29954528808594,25.0,0.0,0.0,0.0,0.0,0.0,0.0
CelebDFv3,/root/Datasets/CelebDFv3/CelebDFv3/FAKE/TalkingFace/SadTalker/id48_0009_test_id01041_Ry0R8LwJEYU.mp4,TalkingFace/SadTalker,id48,,0,2.1984734535217285,-2.1984734535217285,0.0,104.70917510986328,25.0,0.0,0.0,0.0,0.0,0.0,0.0
CelebDFv3,/root/Datasets/CelebDFv3/CelebDFv3/FAKE/FaceReenact/DaGAN/id26_id37_0001.mp4,FaceReenact/DaGAN,id26,id37,0,2.799684524536133,-2.799684524536133,0.0,107.48167419433594,30.0,0.0,0.0,0.0,0.0,0.0,0.0
CelebDFv3,/root/Datasets/CelebDFv3/CelebDFv3/FAKE/FaceReenact/FSRT/id22_id23_0006.mp4,FaceReenact/FSRT,id22,id23,0,10.1585054397583,-10.1585054397583,0.0,114.93095397949219,20.0,0.0,0.0,0.0,0.0,0.0,0.0
CelebDFv3,/root/Datasets/CelebDFv3/CelebDFv3/FAKE/FaceReenact/HyperReenact/id54_id53_0008.mp4,FaceReenact/HyperReenact,id54,id53,0,1.3891794681549072,-1.3891794681549072,0.0,116.9414291381836,25.0,0.0,0.0,0.0,0.0,0.0,0.0
CelebDFv3,/root/Datasets/CelebDFv3/CelebDFv3/FAKE/FaceReenact/LIA/id31_id34_0009.mp4,FaceReenact/LIA,id31,id34,0,2.5125322341918945,-2.5125322341918945,0.0,102.56111145019531,30.0,0.0,0.0,0.0,0.0,0.0,0.0
CelebDFv3,/root/Datasets/CelebDFv3/CelebDFv3/FAKE/FaceReenact/LivePortrait/id54_id55_0008.mp4,FaceReenact/LivePortrait,id54,id55,0,-0.6716614961624146,0.6716614961624146,0.0,122.33940887451172,30.0,0.0,0.0,0.0,0.0,0.0,0.0
CelebDFv3,/root/Datasets/CelebDFv3/CelebDFv3/FAKE/FaceReenact/MCNET/id31_id20_0003.mp4,FaceReenact/MCNET,id31,id20,0,0.47307246923446655,-0.47307246923446655,0.0,122.8587417602539,30.0,0.0,0.0,0.0,0.0,0.0,0.0
CelebDFv3,/root/Datasets/CelebDFv3/CelebDFv3/FAKE/FaceReenact/TPSMM/id31_id21_0002.mp4,FaceReenact/TPSMM,id31,id21,0,3.880289077758789,-3.880289077758789,0.0,114.57659149169922,30.0,0.0,0.0,0.0,0.0,0.0,0.0
CelebDFv3,/root/Datasets/CelebDFv3/CelebDFv3/FAKE/FaceSwap/BlendFace/id51_id56_0005.mp4,FaceSwap/BlendFace,id51,id56,0,2.1407487392425537,-2.1407487392425537,0.0,116.21858978271484,30.0,0.0,0.0,0.0,0.0,0.0,0.0
CelebDFv3,/root/Datasets/CelebDFv3/CelebDFv3/FAKE/FaceSwap/Celeb-DF-v2/id23_id20_0003.mp4,FaceSwap/Celeb-DF-v2,id23,id20,0,-2.9687490463256836,2.9687490463256836,0.0,115.76995849609375,30.0,0.0,0.0,0.0,0.0,0.0,0.0
CelebDFv3,/root/Datasets/CelebDFv3/CelebDFv3/FAKE/FaceSwap/GHOST/id31_id6_0000.mp4,FaceSwap/GHOST,id31,id6,0,-4.342974662780762,4.342974662780762,0.0,148.7427215576172,30.0,0.0,0.0,0.0,0.0,0.0,0.0
CelebDFv3,/root/Datasets/CelebDFv3/CelebDFv3/FAKE/FaceSwap/HifiFace/id22_id21_0006.mp4,FaceSwap/HifiFace,id22,id21,0,-0.8608911037445068,0.8608911037445068,0.0,165.61239624023438,30.0,0.0,0.0,0.0,0.0,0.0,0.0
CelebDFv3,/root/Datasets/CelebDFv3/CelebDFv3/FAKE/FaceSwap/InSwapper/id23_id32_0007.mp4,FaceSwap/InSwapper,id23,id32,0,-9.845301628112793,9.845301628112793,0.0,192.6927032470703,30.0,0.0,0.0,0.0,0.0,0.0,0.0
CelebDFv3,/root/Datasets/CelebDFv3/CelebDFv3/FAKE/FaceSwap/MobileFaceSwap/id26_id38_0002.mp4,FaceSwap/MobileFaceSwap,id26,id38,0,-2.75663423538208,2.75663423538208,0.0,96.39725494384766,30.0,0.0,0.0,0.0,0.0,0.0,0.0
CelebDFv3,/root/Datasets/CelebDFv3/CelebDFv3/FAKE/FaceSwap/SimSwap/id31_id2_0005.mp4,FaceSwap/SimSwap,id31,id2,0,-4.661266803741455,4.661266803741455,0.0,108.26979064941406,30.0,0.0,0.0,0.0,0.0,0.0,0.0
CelebDFv3,/root/Datasets/CelebDFv3/CelebDFv3/FAKE/FaceSwap/UniFace/id22_id28_0009.mp4,FaceSwap/UniFace,id22,id28,0,-13.994247436523438,13.994247436523438,0.0,204.03369140625,30.0,0.0,0.0,0.0,0.0,0.0,0.0
CelebDFv3,/root/Datasets/CelebDFv3/CelebDFv3/FAKE/TalkingFace/AniTalker/id59_0009_test_id08374_nrw4btrElp8.mp4,TalkingFace/AniTalker,id59,,0,-0.7672134041786194,0.7672134041786194,0.0,164.64088439941406,25.0,0.0,0.0,0.0,0.0,0.0,0.0
CelebDFv3,/root/Datasets/CelebDFv3/CelebDFv3/FAKE/TalkingFace/EDTalk/id51_0008_test_id03524_2DD4Np7SaWw.mp4,TalkingFace/EDTalk,id51,,0,6.099233627319336,-6.099233627319336,0.0,114.0538101196289,25.0,0.0,0.0,0.0,0.0,0.0,0.0
CelebDFv3,/root/Datasets/CelebDFv3/CelebDFv3/FAKE/TalkingFace/EchoMimic/id25_0002_test_id03969_jDDsg0LLY2Y.mp4,TalkingFace/EchoMimic,id25,,0,9.978107452392578,-9.978107452392578,0.0,117.04071044921875,24.0,0.0,0.0,0.0,0.0,0.0,0.0
CelebDFv3,/root/Datasets/CelebDFv3/CelebDFv3/FAKE/TalkingFace/FLOAT/id22_0002_test_id05124_fRhAX7v_R6A.mp4,TalkingFace/FLOAT,id22,,0,6.706698417663574,-6.706698417663574,0.0,119.5973129272461,25.0,0.0,0.0,0.0,0.0,0.0,0.0
CelebDFv3,/root/Datasets/CelebDFv3/CelebDFv3/FAKE/TalkingFace/IP_LAP/id51_0001_test_id08149_d9B3S3Lm208.mp4,TalkingFace/IP_LAP,id51,,0,3.4901552200317383,-3.4901552200317383,0.0,135.12937927246094,25.0,0.0,0.0,0.0,0.0,0.0,0.0
CelebDFv3,/root/Datasets/CelebDFv3/CelebDFv3/FAKE/TalkingFace/Real3DPortrait/id22_0008_test_id03347_y_F4aAkN0d8.mp4,TalkingFace/Real3DPortrait,id22,,0,-3.2672276496887207,3.2672276496887207,0.0,171.4520721435547,25.0,0.0,0.0,0.0,0.0,0.0,0.0
CelebDFv3,/root/Datasets/CelebDFv3/CelebDFv3/FAKE/TalkingFace/SadTalker/id8_0009_test_id07414_hhYGsoX_H3g.mp4,TalkingFace/SadTalker,id8,,0,4.459031105041504,-4.459031105041504,0.0,123.0204849243164,25.0,0.0,0.0,0.0,0.0,0.0,0.0
CelebDFv3,/root/Datasets/CelebDFv3/CelebDFv3/FAKE/FaceReenact/DaGAN/id51_id54_0002.mp4,FaceReenact/DaGAN,id51,id54,0,3.1626787185668945,-3.1626787185668945,0.0,102.54447937011719,30.0,0.0,0.0,0.0,0.0,0.0,0.0
CelebDFv3,/root/Datasets/CelebDFv3/CelebDFv3/FAKE/FaceReenact/FSRT/id56_id57_0001.mp4,FaceReenact/FSRT,id56,id57,0,0.7688694000244141,-0.7688694000244141,0.0,114.45476531982422,20.0,0.0,0.0,0.0,0.0,0.0,0.0
CelebDFv3,/root/Datasets/CelebDFv3/CelebDFv3/FAKE/FaceReenact/HyperReenact/id48_id44_0003.mp4,FaceReenact/HyperReenact,id48,id44,0,10.74695110321045,-10.74695110321045,0.0,128.33795166015625,25.0,0.0,0.0,0.0,0.0,0.0,0.0
CelebDFv3,/root/Datasets/CelebDFv3/CelebDFv3/FAKE/FaceReenact/LIA/id54_id56_0008.mp4,FaceReenact/LIA,id54,id56,0,-1.3591346740722656,1.3591346740722656,0.0,106.4718017578125,30.0,0.0,0.0,0.0,0.0,0.0,0.0
CelebDFv3,/root/Datasets/CelebDFv3/CelebDFv3/FAKE/FaceReenact/LivePortrait/id56_id50_0002.mp4,FaceReenact/LivePortrait,id56,id50,0,0.08144685626029968,-0.08144685626029968,0.0,111.46675109863281,30.0,0.0,0.0,0.0,0.0,0.0,0.0
CelebDFv3,/root/Datasets/CelebDFv3/CelebDFv3/FAKE/FaceReenact/MCNET/id56_id53_0006.mp4,FaceReenact/MCNET,id56,id53,0,1.692467451095581,-1.692467451095581,0.0,95.91436767578125,30.0,0.0,0.0,0.0,0.0,0.0,0.0
CelebDFv3,/root/Datasets/CelebDFv3/CelebDFv3/FAKE/FaceReenact/TPSMM/id56_id58_0000.mp4,FaceReenact/TPSMM,id56,id58,0,4.204277038574219,-4.204277038574219,0.0,86.33665466308594,30.0,0.0,0.0,0.0,0.0,0.0,0.0
CelebDFv3,/root/Datasets/CelebDFv3/CelebDFv3/FAKE/FaceSwap/BlendFace/id54_id56_0002.mp4,FaceSwap/BlendFace,id54,id56,0,-9.956071853637695,9.956071853637695,0.0,234.1492462158203,30.0,0.0,0.0,0.0,0.0,0.0,0.0
CelebDFv3,/root/Datasets/CelebDFv3/CelebDFv3/FAKE/FaceSwap/Celeb-DF-v2/id23_id19_0007.mp4,FaceSwap/Celeb-DF-v2,id23,id19,0,-9.953045845031738,9.953045845031738,0.0,192.3948516845703,30.0,0.0,0.0,0.0,0.0,0.0,0.0
CelebDFv3,/root/Datasets/CelebDFv3/CelebDFv3/FAKE/FaceSwap/GHOST/id26_id35_0001.mp4,FaceSwap/GHOST,id26,id35,0,-5.928323745727539,5.928323745727539,0.0,287.1306457519531,30.0,0.0,0.0,0.0,0.0,0.0,0.0
CelebDFv3,/root/Datasets/CelebDFv3/CelebDFv3/FAKE/FaceSwap/HifiFace/id31_id20_0001.mp4,FaceSwap/HifiFace,id31,id20,0,0.8301529884338379,-0.8301529884338379,0.0,126.13938903808594,30.0,0.0,0.0,0.0,0.0,0.0,0.0
CelebDFv3,/root/Datasets/CelebDFv3/CelebDFv3/FAKE/FaceSwap/InSwapper/id26_id28_0003.mp4,FaceSwap/InSwapper,id26,id28,0,-7.733216762542725,7.733216762542725,0.0,382.0675354003906,30.0,0.0,0.0,0.0,0.0,0.0,0.0
CelebDFv3,/root/Datasets/CelebDFv3/CelebDFv3/FAKE/FaceSwap/MobileFaceSwap/id31_id28_0007.mp4,FaceSwap/MobileFaceSwap,id31,id28,0,-1.5496586561203003,1.5496586561203003,0.0,271.912353515625,30.0,0.0,0.0,0.0,0.0,0.0,0.0
CelebDFv3,/root/Datasets/CelebDFv3/CelebDFv3/FAKE/FaceSwap/SimSwap/id26_id33_0006.mp4,FaceSwap/SimSwap,id26,id33,0,12.602743148803711,-12.602743148803711,0.0,181.05966186523438,30.0,0.0,0.0,0.0,0.0,0.0,0.0
CelebDFv3,/root/Datasets/CelebDFv3/CelebDFv3/FAKE/FaceSwap/UniFace/id26_id21_0004.mp4,FaceSwap/UniFace,id26,id21,0,-0.6606625914573669,0.6606625914573669,0.0,136.659423828125,30.0,0.0,0.0,0.0,0.0,0.0,0.0
CelebDFv3,/root/Datasets/CelebDFv3/CelebDFv3/FAKE/TalkingFace/AniTalker/id23_0006_test_id02057_QZYXK4dWZoY.mp4,TalkingFace/AniTalker,id23,,0,11.507209777832031,-11.507209777832031,0.0,117.14752960205078,25.0,0.0,0.0,0.0,0.0,0.0,0.0
CelebDFv3,/root/Datasets/CelebDFv3/CelebDFv3/FAKE/TalkingFace/EDTalk/id26_0007_test_id05124_1HAXGOri_x0.mp4,TalkingFace/EDTalk,id26,,0,3.232090473175049,-3.232090473175049,0.0,170.55711364746094,25.0,0.0,0.0,0.0,0.0,0.0,0.0
CelebDFv3,/root/Datasets/CelebDFv3/CelebDFv3/FAKE/TalkingFace/EchoMimic/id25_0009_test_id02465_mzyWUVgjQn0.mp4,TalkingFace/EchoMimic,id25,,0,-0.20419368147850037,0.20419368147850037,0.0,110.17919158935547,24.0,0.0,0.0,0.0,0.0,0.0,0.0
CelebDFv3,/root/Datasets/CelebDFv3/CelebDFv3/FAKE/TalkingFace/FLOAT/id51_0008_test_id02548_RoMUUfqkYF4.mp4,TalkingFace/FLOAT,id51,,0,7.717012405395508,-7.717012405395508,0.0,108.2679672241211,25.0,0.0,0.0,0.0,0.0,0.0,0.0
CelebDFv3,/root/Datasets/CelebDFv3/CelebDFv3/FAKE/TalkingFace/IP_LAP/id25_0001_test_id04232_AB9fk1MH2rA.mp4,TalkingFace/IP_LAP,id25,,0,8.80559253692627,-8.80559253692627,0.0,110.5912857055664,25.0,0.0,0.0,0.0,0.0,0.0,0.0
CelebDFv3,/root/Datasets/CelebDFv3/CelebDFv3/FAKE/TalkingFace/Real3DPortrait/id22_0002_test_id07354_3Vnq2AKOm5I.mp4,TalkingFace/Real3DPortrait,id22,,0,4.119162559509277,-4.119162559509277,0.0,122.11089324951172,25.0,0.0,0.0,0.0,0.0,0.0,0.0
CelebDFv3,/root/Datasets/CelebDFv3/CelebDFv3/FAKE/TalkingFace/SadTalker/id11_0004_test_id08696_FUGi6S_tSJY.mp4,TalkingFace/SadTalker,id11,,0,3.2082133293151855,-3.2082133293151855,0.0,136.6350555419922,25.0,0.0,0.0,0.0,0.0,0.0,0.0
CelebDFv3,/root/Datasets/CelebDFv3/CelebDFv3/FAKE/FaceReenact/DaGAN/id31_id16_0004.mp4,FaceReenact/DaGAN,id31,id16,0,-5.1760172843933105,5.1760172843933105,0.0,181.94654846191406,30.0,0.0,0.0,0.0,0.0,0.0,0.0
CelebDFv3,/root/Datasets/CelebDFv3/CelebDFv3/FAKE/FaceReenact/FSRT/id22_id21_0005.mp4,FaceReenact/FSRT,id22,id21,0,6.931665420532227,-6.931665420532227,0.0,124.27507781982422,20.0,0.0,0.0,0.0,0.0,0.0,0.0
CelebDFv3,/root/Datasets/CelebDFv3/CelebDFv3/FAKE/FaceReenact/HyperReenact/id31_id29_0009.mp4,FaceReenact/HyperReenact,id31,id29,0,7.618269920349121,-7.618269920349121,0.0,107.07024383544922,25.0,0.0,0.0,0.0,0.0,0.0,0.0
CelebDFv3,/root/Datasets/CelebDFv3/CelebDFv3/FAKE/FaceReenact/LIA/id11_id7_0009.mp4,FaceReenact/LIA,id11,id7,0,7.028808116912842,-7.028808116912842,0.0,87.80744171142578,30.0,0.0,0.0,0.0,0.0,0.0,0.0
CelebDFv3,/root/Datasets/CelebDFv3/CelebDFv3/FAKE/FaceReenact/LivePortrait/id31_id28_0007.mp4,FaceReenact/LivePortrait,id31,id28,0,-2.9858641624450684,2.9858641624450684,0.0,277.9593200683594,30.0,0.0,0.0,0.0,0.0,0.0,0.0
CelebDFv3,/root/Datasets/CelebDFv3/CelebDFv3/FAKE/FaceReenact/MCNET/id23_id21_0007.mp4,FaceReenact/MCNET,id23,id21,0,2.518744945526123,-2.518744945526123,0.0,193.6793975830078,30.0,0.0,0.0,0.0,0.0,0.0,0.0
CelebDFv3,/root/Datasets/CelebDFv3/CelebDFv3/FAKE/FaceReenact/TPSMM/id8_id6_0007.mp4,FaceReenact/TPSMM,id8,id6,0,8.10232162475586,-8.10232162475586,0.0,102.705322265625,30.0,0.0,0.0,0.0,0.0,0.0,0.0
CelebDFv3,/root/Datasets/CelebDFv3/CelebDFv3/FAKE/FaceSwap/BlendFace/id23_id19_0009.mp4,FaceSwap/BlendFace,id23,id19,0,2.6913809776306152,-2.6913809776306152,0.0,141.32196044921875,30.0,0.0,0.0,0.0,0.0,0.0,0.0
CelebDFv3,/root/Datasets/CelebDFv3/CelebDFv3/FAKE/FaceSwap/Celeb-DF-v2/id23_id32_0006.mp4,FaceSwap/Celeb-DF-v2,id23,id32,0,-2.7796874046325684,2.7796874046325684,0.0,110.99527740478516,30.0,0.0,0.0,0.0,0.0,0.0,0.0
CelebDFv3,/root/Datasets/CelebDFv3/CelebDFv3/FAKE/FaceSwap/GHOST/id25_id21_0008.mp4,FaceSwap/GHOST,id25,id21,0,2.129547119140625,-2.129547119140625,0.0,108.1131820678711,30.0,0.0,0.0,0.0,0.0,0.0,0.0
CelebDFv3,/root/Datasets/CelebDFv3/CelebDFv3/FAKE/FaceSwap/HifiFace/id23_id30_0003.mp4,FaceSwap/HifiFace,id23,id30,0,-3.024151086807251,3.024151086807251,0.0,114.58172607421875,30.0,0.0,0.0,0.0,0.0,0.0,0.0
CelebDFv3,/root/Datasets/CelebDFv3/CelebDFv3/FAKE/FaceSwap/InSwapper/id23_id4_0007.mp4,FaceSwap/InSwapper,id23,id4,0,-9.907903671264648,9.907903671264648,0.0,192.40667724609375,30.0,0.0,0.0,0.0,0.0,0.0,0.0
CelebDFv3,/root/Datasets/CelebDFv3/CelebDFv3/FAKE/FaceSwap/MobileFaceSwap/id23_id25_0007.mp4,FaceSwap/MobileFaceSwap,id23,id25,0,-9.60634994506836,9.60634994506836,0.0,192.996337890625,30.0,0.0,0.0,0.0,0.0,0.0,0.0
CelebDFv3,/root/Datasets/CelebDFv3/CelebDFv3/FAKE/FaceSwap/SimSwap/id22_id23_0001.mp4,FaceSwap/SimSwap,id22,id23,0,-1.8952043056488037,1.8952043056488037,0.0,98.96591186523438,30.0,0.0,0.0,0.0,0.0,0.0,0.0
CelebDFv3,/root/Datasets/CelebDFv3/CelebDFv3/FAKE/FaceSwap/UniFace/id51_id49_0001.mp4,FaceSwap/UniFace,id51,id49,0,0.5265483260154724,-0.5265483260154724,0.0,222.10975646972656,30.0,0.0,0.0,0.0,0.0,0.0,0.0
CelebDFv3,/root/Datasets/CelebDFv3/CelebDFv3/FAKE/TalkingFace/AniTalker/id56_0003_test_id07868_G6yM82HVOKI.mp4,TalkingFace/AniTalker,id56,,0,1.5924993753433228,-1.5924993753433228,0.0,104.85662078857422,25.0,0.0,0.0,0.0,0.0,0.0,0.0
CelebDFv3,/root/Datasets/CelebDFv3/CelebDFv3/FAKE/TalkingFace/EDTalk/id22_0003_test_id02317_YCBadU0v3AE.mp4,TalkingFace/EDTalk,id22,,0,10.605321884155273,-10.605321884155273,0.0,139.10833740234375,25.0,0.0,0.0,0.0,0.0,0.0,0.0
CelebDFv3,/root/Datasets/CelebDFv3/CelebDFv3/FAKE/TalkingFace/EchoMimic/id8_0002_test_id03524_2DD4Np7SaWw.mp4,TalkingFace/EchoMimic,id8,,0,5.856505870819092,-5.856505870819092,0.0,125.5383529663086,24.0,0.0,0.0,0.0,0.0,0.0,0.0
CelebDFv3,/root/Datasets/CelebDFv3/CelebDFv3/FAKE/TalkingFace/FLOAT/id56_0004_test_id08374_nrw4btrElp8.mp4,TalkingFace/FLOAT,id56,,0,4.934584617614746,-4.934584617614746,0.0,101.26600646972656,25.0,0.0,0.0,0.0,0.0,0.0,0.0
CelebDFv3,/root/Datasets/CelebDFv3/CelebDFv3/FAKE/TalkingFace/IP_LAP/id23_0005_test_id06310_MNZMZ6ChMZQ.mp4,TalkingFace/IP_LAP,id23,,0,5.177315711975098,-5.177315711975098,0.0,99.61532592773438,25.0,0.0,0.0,0.0,0.0,0.0,0.0
CelebDFv3,/root/Datasets/CelebDFv3/CelebDFv3/FAKE/TalkingFace/Real3DPortrait/id54_0007_test_id05055_HU7kokWzb4M.mp4,TalkingFace/Real3DPortrait,id54,,0,3.497525930404663,-3.497525930404663,0.0,124.0821533203125,25.0,0.0,0.0,0.0,0.0,0.0,0.0
CelebDFv3,/root/Datasets/CelebDFv3/CelebDFv3/FAKE/TalkingFace/SadTalker/id23_0007_test_id04295_1fSjOItVYVg.mp4,TalkingFace/SadTalker,id23,,0,4.138782501220703,-4.138782501220703,0.0,287.53741455078125,25.0,0.0,0.0,0.0,0.0,0.0,0.0
CelebDFv3,/root/Datasets/CelebDFv3/CelebDFv3/FAKE/FaceReenact/DaGAN/id23_id30_0006.mp4,FaceReenact/DaGAN,id23,id30,0,5.234094619750977,-5.234094619750977,0.0,90.83827209472656,30.0,0.0,0.0,0.0,0.0,0.0,0.0
CelebDFv3,/root/Datasets/CelebDFv3/CelebDFv3/FAKE/FaceReenact/FSRT/id54_id51_0006.mp4,FaceReenact/FSRT,id54,id51,0,2.8503828048706055,-2.8503828048706055,0.0,119.85320281982422,20.0,0.0,0.0,0.0,0.0,0.0,0.0
