run,epoch,train_loss,learning_rate,selection_metric,selection_value,auroc,eer,tpr_at_target_fpr,embedding_variance_mean
run_3d_bcnn_t8_k3_combined_pretrain_896_celeb,1,0.7062139397785068,2.8499999999999998e-05,auroc,0.6733960176991151,0.6733960176991151,0.3522538716814159,0.328125,
run_3d_bcnn_t8_k3_combined_pretrain_896_celeb,2,0.6493589170202613,2.7074999999999997e-05,auroc,0.7960453539823009,0.7960453539823009,0.3155420353982301,0.5,
run_3d_bcnn_t8_k3_combined_pretrain_896_celeb,3,0.6091019751876593,2.5721249999999997e-05,auroc,0.6657909292035399,0.6657909292035399,0.3689159292035398,0.265625,
run_3d_bcnn_t8_k3_combined_pretrain_896_celeb,4,0.6001483677774668,2.4435187499999995e-05,auroc,0.7491703539823009,0.7491703539823009,0.33559181415929207,0.4375,
run_3d_bcnn_t8_k3_combined_pretrain_896_celeb,5,0.5983918463662267,2.3213428124999993e-05,auroc,0.8082134955752213,0.8082134955752213,0.26998064159292035,0.484375,
run_3d_bcnn_t8_k3_combined_pretrain_896_celeb,6,0.5893020661026239,2.2052756718749993e-05,auroc,0.7346515486725663,0.7346515486725663,0.32777931415929207,0.484375,
run_3d_bcnn_t8_k3_combined_pretrain_896_celeb,7,0.5651704933941364,2.0950118882812494e-05,auroc,0.8225940265486725,0.8225940265486725,0.26113108407079644,0.484375,
run_3d_bcnn_t8_k3_combined_pretrain_896_celeb,8,0.5711131200827658,1.9902612938671867e-05,auroc,0.7881637168141593,0.7881637168141593,0.2988799778761062,0.5625,
run_3d_bcnn_t8_k3_combined_pretrain_896_celeb,9,0.5331168495044112,1.890748229173827e-05,auroc,0.7600940265486726,0.7600940265486726,0.32777931415929207,0.484375,
run_3d_bcnn_t8_k3_combined_pretrain_896_celeb,10,0.5344348318874836,1.7962108177151358e-05,auroc,0.7712942477876106,0.7712942477876106,0.2655558628318584,0.484375,
run_3d_bcnn_t8_k3_combined_pretrain_896_celeb,11,0.5537424027770758,1.7064002768293788e-05,auroc,0.8270188053097346,0.8270188053097346,0.23119469026548672,0.484375,
run_3d_bcnn_t8_k3_combined_pretrain_896_celeb,12,0.5359131054896862,1.6210802629879097e-05,auroc,0.7862278761061947,0.7862278761061947,0.26113108407079644,0.546875,
run_3d_bcnn_t8_k3_combined_pretrain_896_celeb,13,0.530520476359874,1.540026249838514e-05,auroc,0.7952157079646017,0.7952157079646017,0.25331858407079644,0.53125,
run_3d_bcnn_t8_k3_combined_pretrain_896_celeb,14,0.5256168602928519,1.4630249373465883e-05,auroc,0.8181692477876106,0.8181692477876106,0.26998064159292035,0.53125,
run_3d_bcnn_t8_k3_combined_pretrain_896_celeb,15,0.5212394266268239,1.3898736904792588e-05,auroc,0.7823561946902654,0.7823561946902654,0.2655558628318584,0.5,
run_3d_bcnn_t8_k3_combined_pretrain_896_celeb,16,0.5334817839674652,1.3203800059552958e-05,auroc,0.7466814159292036,0.7466814159292036,0.31008019911504425,0.484375,
run_3d_bcnn_t8_k3_combined_pretrain_896_celeb,17,0.5258039041347802,1.254361005657531e-05,auroc,0.8042035398230087,0.8042035398230087,0.2488938053097345,0.484375,
run_3d_bcnn_t8_k3_combined_pretrain_896_celeb,18,0.5329621968455612,1.1916429553746543e-05,auroc,0.8089048672566371,0.8089048672566371,0.2488938053097345,0.5,
run_3d_bcnn_t8_k3_combined_pretrain_896_celeb,19,0.49985851066187026,1.1320608076059215e-05,auroc,0.813191371681416,0.813191371681416,0.23223174778761063,0.5,
run_3d_bcnn_t8_k3_combined_pretrain_896_celeb,20,0.5047369419559836,1.0754577672256254e-05,auroc,0.7899612831858406,0.7899612831858406,0.26998064159292035,0.515625,
run_3d_bcnn_t8_k3_combined_pretrain_896_celeb,21,0.525431799672544,1.021684878864344e-05,auroc,0.7972898230088495,0.7972898230088495,0.2522815265486726,0.515625,
run_3d_bcnn_t8_k3_combined_pretrain_896_celeb,22,0.5202121214158834,9.706006349211269e-06,auroc,0.7819413716814159,0.7819413716814159,0.26998064159292035,0.5,
run_3d_bcnn_t8_k3_combined_pretrain_896_celeb,23,0.5059930253736675,9.220706031750704e-06,auroc,0.7952157079646018,0.7952157079646018,0.2577433628318584,0.53125,
run_3d_bcnn_t8_k3_combined_pretrain_896_celeb,24,0.5053092704592272,8.759670730163168e-06,auroc,0.804341814159292,0.804341814159292,0.26998064159292035,0.5,
run_3d_bcnn_t8_k3_combined_pretrain_896_celeb,25,0.4836718495264649,8.32168719365501e-06,auroc,0.8014380530973452,0.8014380530973452,0.25331858407079644,0.484375,
run_3d_bcnn_t8_k3_combined_pretrain_896_celeb,26,0.5198670930154622,7.905602833972258e-06,auroc,0.831858407079646,0.831858407079646,0.2577433628318584,0.609375,
run_3d_bcnn_t8_k3_combined_pretrain_896_celeb,27,0.5009708649683744,7.510322692273645e-06,auroc,0.8234236725663717,0.8234236725663717,0.25331858407079644,0.5625,
run_3d_bcnn_t8_k3_combined_pretrain_896_celeb,28,0.5048102400479838,7.134806557659962e-06,auroc,0.824391592920354,0.824391592920354,0.2744054203539823,0.625,
run_3d_bcnn_t8_k3_combined_pretrain_896_celeb,29,0.49485884508118033,6.778066229776964e-06,auroc,0.7953539823008848,0.7953539823008848,0.23561946902654868,0.546875,
run_3d_bcnn_t8_k3_combined_pretrain_896_celeb,30,0.5183438846934587,6.439162918288115e-06,auroc,0.8076603982300885,0.8076603982300885,0.25331858407079644,0.578125,
run_3d_bcnn_t8_k3_combined_pretrain_896_celeb,31,0.5188781827390194,6.11720477237371e-06,auroc,0.8196902654867256,0.8196902654867256,0.2488938053097345,0.625,
run_3d_bcnn_t8_k3_combined_pretrain_896_celeb,32,0.500586438447237,5.811344533755024e-06,auroc,0.8149889380530974,0.8149889380530974,0.2655558628318584,0.59375,
run_3d_bcnn_t8_k3_combined_pretrain_896_celeb,33,0.5072542224265635,5.520777307067273e-06,auroc,0.8282632743362832,0.8282632743362832,0.2665929203539823,0.609375,
run_3d_bcnn_t8_k3_combined_pretrain_896_celeb,34,0.4799870736189187,5.244738441713909e-06,auroc,0.8192754424778762,0.8192754424778762,0.2655558628318584,0.59375,
run_3d_bcnn_t8_k3_combined_pretrain_896_celeb,35,0.49627048918418587,4.982501519628213e-06,auroc,0.8066924778761062,0.8066924778761062,0.2488938053097345,0.59375,
run_3d_bcnn_t8_k3_combined_pretrain_896_celeb,36,0.5037626126594842,4.7333764436468025e-06,auroc,0.8147123893805309,0.8147123893805309,0.23223174778761063,0.5625,
run_3d_bcnn_t8_k3_combined_pretrain_896_celeb,37,0.47573697555437683,4.496707621464462e-06,auroc,0.8277101769911505,0.8277101769911505,0.2410813053097345,0.59375,
run_3d_bcnn_t8_k3_combined_pretrain_896_celeb,38,0.48321337887644766,4.271872240391239e-06,auroc,0.8203816371681415,0.8203816371681415,0.26216814159292035,0.59375,
run_3d_bcnn_t8_k3_combined_pretrain_896_celeb,39,0.47419054848328235,4.058278628371677e-06,auroc,0.8154037610619469,0.8154037610619469,0.2332688053097345,0.578125,
run_3d_bcnn_t8_k3_combined_pretrain_896_celeb,40,0.4806432754313573,3.855364696953093e-06,auroc,0.8245298672566372,0.8245298672566372,0.2655558628318584,0.59375,
run_3d_bcnn_t8_k3_combined_pretrain_896_celeb,41,0.4805258084200323,3.6625964621054378e-06,auroc,0.7974280973451328,0.7974280973451328,0.2655558628318584,0.53125,
run_3d_bcnn_t8_k3_combined_pretrain_896_celeb,42,0.4761557709686458,3.4794666390001657e-06,auroc,0.8083517699115044,0.8083517699115044,0.2488938053097345,0.546875,
run_3d_bcnn_t8_k3_combined_pretrain_896_celeb,43,0.46998022265359757,3.3054933070501574e-06,auroc,0.81554203539823,0.81554203539823,0.21999446902654868,0.484375,
run_3d_bcnn_t8_k3_combined_pretrain_896_celeb,44,0.49653770857676865,3.1402186416976496e-06,auroc,0.8266039823008849,0.8266039823008849,0.2488938053097345,0.5625,
run_3d_bcnn_t8_k3_combined_pretrain_896_celeb,45,0.45094063891796393,2.983207709612767e-06,auroc,0.8165099557522124,0.8165099557522124,0.2577433628318584,0.5625,
run_3d_bcnn_t8_k3_combined_pretrain_896_celeb,46,0.4634996519116685,2.8340473241321283e-06,auroc,0.8187223451327433,0.8187223451327433,0.25331858407079644,0.578125,
run_3d_bcnn_t8_k3_combined_pretrain_896_celeb,47,0.48645500263385477,2.692344957925522e-06,auroc,0.8261891592920354,0.8261891592920354,0.25331858407079644,0.5625,
run_3d_bcnn_t8_k3_combined_pretrain_896_celeb,48,0.47833142449334265,2.5577277100292455e-06,auroc,0.8231471238938053,0.8231471238938053,0.22676991150442477,0.578125,
run_3d_bcnn_t8_k3_combined_pretrain_896_celeb,49,0.44753078036382793,2.4298413245277833e-06,auroc,0.8163716814159292,0.8163716814159292,0.25331858407079644,0.59375,
run_3d_bcnn_t8_k3_combined_pretrain_896_celeb,50,0.4663270698902197,2.308349258301394e-06,auroc,0.8260508849557522,0.8260508849557522,0.2754424778761062,0.59375,
run_3d_bcnn_t8_k3_combined_pretrain_896_celeb,51,0.4789574085087515,2.192931795386324e-06,auroc,0.8214878318584071,0.8214878318584071,0.2488938053097345,0.59375,
run_3d_bcnn_t8_k3_combined_pretrain_896_celeb,52,0.5062107947897166,2.0832852056170076e-06,auroc,0.8170630530973451,0.8170630530973451,0.26216814159292035,0.5625,
run_3d_bcnn_t8_k3_combined_pretrain_896_celeb,53,0.4578211436681449,1.979120945336157e-06,auroc,0.8163716814159292,0.8163716814159292,0.24550608407079647,0.578125,
run_3d_bcnn_t8_k3_combined_pretrain_896_celeb,54,0.45637512728106233,1.8801648980693493e-06,auroc,0.8156803097345133,0.8156803097345133,0.24446902654867259,0.578125,
run_3d_bcnn_t8_k3_combined_pretrain_896_celeb,55,0.4664314799485728,1.7861566531658818e-06,auroc,0.8178926991150443,0.8178926991150443,0.2488938053097345,0.546875,
run_3d_bcnn_t8_k3_combined_pretrain_896_celeb,56,0.4893781100474298,1.6968488205075877e-06,auroc,0.8149889380530974,0.8149889380530974,0.25331858407079644,0.578125,
run_3d_bcnn_t8_k3_combined_pretrain_896_celeb,57,0.4699234615596943,1.6120063794822082e-06,auroc,0.8046183628318583,0.8046183628318583,0.24446902654867259,0.546875,
run_3d_bcnn_t8_k3_combined_pretrain_896_celeb,58,0.453441371132154,1.5314060605080976e-06,auroc,0.8148506637168141,0.8148506637168141,0.25331858407079644,0.515625,
run_3d_bcnn_t8_k3_combined_pretrain_896_celeb,59,0.46387755719944834,1.4548357574826926e-06,auroc,0.819137168141593,0.819137168141593,0.24004424778761063,0.53125,
run_3d_bcnn_t8_k3_combined_pretrain_896_celeb,60,0.4711286837644875,1.382093969608558e-06,auroc,0.8189988938053098,0.8189988938053098,0.23223174778761063,0.5625,
run_3d_bcnn_t8_k3_combined_pretrain_896_dfd,1,0.7754993857741356,2.8499999999999998e-05,auroc,0.5211328976034859,0.5211328976034859,0.4366013071895425,0.058823529411764705,
run_3d_bcnn_t8_k3_combined_pretrain_896_dfd,2,0.734175048649311,2.7074999999999997e-05,auroc,0.5799564270152506,0.5799564270152506,0.38496732026143793,0.0392156862745098,
run_3d_bcnn_t8_k3_combined_pretrain_896_dfd,3,0.7121236346364022,2.5721249999999997e-05,auroc,0.47886710239651414,0.47886710239651414,0.5313725490196078,0.11764705882352941,
run_3d_bcnn_t8_k3_combined_pretrain_896_dfd,4,0.7084597669839859,2.4435187499999995e-05,auroc,0.465359477124183,0.465359477124183,0.5104575163398692,0.058823529411764705,
run_3d_bcnn_t8_k3_combined_pretrain_896_dfd,5,0.7109615449905395,2.3213428124999993e-05,auroc,0.47058823529411764,0.47058823529411764,0.5620915032679739,0.058823529411764705,
run_3d_bcnn_t8_k3_combined_pretrain_896_dfd,6,0.7034919302463531,2.2052756718749993e-05,auroc,0.5115468409586057,0.5115468409586057,0.5006535947712418,0.0392156862745098,
run_3d_bcnn_t8_k3_combined_pretrain_896_dfd,7,0.6991355705857277,2.0950118882812494e-05,auroc,0.5080610021786492,0.5080610021786492,0.46862745098039216,0.0196078431372549,
run_3d_bcnn_t8_k3_combined_pretrain_896_dfd,8,0.7005984683632851,1.9902612938671867e-05,auroc,0.5891067538126361,0.5891067538126361,0.39607843137254906,0.0784313725490196,
run_3d_bcnn_t8_k3_combined_pretrain_896_dfd,9,0.6923577548861504,1.890748229173827e-05,auroc,0.46361655773420474,0.46361655773420474,0.5745098039215686,0.0,
run_3d_bcnn_t8_k3_combined_pretrain_896_dfd,10,0.6930570641756058,1.7962108177151358e-05,auroc,0.48366013071895425,0.48366013071895425,0.48954248366013076,0.0392156862745098,
run_3d_bcnn_t8_k3_combined_pretrain_896_dfd,11,0.6912320083975791,1.7064002768293788e-05,auroc,0.43965141612200437,0.43965141612200437,0.5620915032679739,0.0392156862745098,
run_3d_bcnn_t8_k3_combined_pretrain_896_dfd,12,0.6916595391631126,1.6210802629879097e-05,auroc,0.44052287581699345,0.44052287581699345,0.4993464052287582,0.0196078431372549,
run_3d_bcnn_t8_k3_combined_pretrain_896_dfd,13,0.6907821171283722,1.540026249838514e-05,auroc,0.5237472766884532,0.5237472766884532,0.5104575163398692,0.17647058823529413,
run_3d_bcnn_t8_k3_combined_pretrain_896_dfd,14,0.6854648092985153,1.4630249373465883e-05,auroc,0.45403050108932463,0.45403050108932463,0.48954248366013076,0.0196078431372549,
run_3d_bcnn_t8_k3_combined_pretrain_896_dfd,15,0.6882310775518418,1.3898736904792588e-05,auroc,0.48932461873638344,0.48932461873638344,0.5411764705882354,0.09803921568627451,
run_3d_bcnn_t8_k3_combined_pretrain_896_dfd,16,0.6834103015065193,1.3203800059552958e-05,auroc,0.48278867102396517,0.48278867102396517,0.5202614379084967,0.0392156862745098,
run_3d_bcnn_t8_k3_combined_pretrain_896_dfd,17,0.6865707691907883,1.254361005657531e-05,auroc,0.48453159041394334,0.48453159041394334,0.5732026143790849,0.0392156862745098,
run_3d_bcnn_t8_k3_combined_pretrain_896_dfd,18,0.6805914530754089,1.1916429553746543e-05,auroc,0.5150326797385621,0.5150326797385621,0.48954248366013076,0.0392156862745098,
run_3d_bcnn_t8_k3_combined_pretrain_896_dfd,19,0.6762391414642334,1.1320608076059215e-05,auroc,0.4657952069716776,0.4657952069716776,0.5522875816993464,0.0392156862745098,
run_3d_bcnn_t8_k3_combined_pretrain_896_dfd,20,0.6886997659206391,1.0754577672256254e-05,auroc,0.46623093681917216,0.46623093681917216,0.584313725490196,0.0392156862745098,
run_3d_bcnn_t8_k3_combined_pretrain_896_dfd,21,0.6744382146000862,1.021684878864344e-05,auroc,0.5071895424836602,0.5071895424836602,0.5104575163398692,0.13725490196078433,
run_3d_bcnn_t8_k3_combined_pretrain_896_dfd,22,0.6807287261486054,9.706006349211269e-06,auroc,0.481917211328976,0.481917211328976,0.5117647058823529,0.0392156862745098,
run_3d_bcnn_t8_k3_combined_pretrain_896_dfd,23,0.685513430416584,9.220706031750704e-06,auroc,0.48061002178649237,0.48061002178649237,0.5313725490196078,0.058823529411764705,
run_3d_bcnn_t8_k3_combined_pretrain_896_dfd,24,0.6767437278628349,8.759670730163168e-06,auroc,0.4675381263616558,0.4675381263616558,0.5104575163398692,0.0392156862745098,
run_3d_bcnn_t8_k3_combined_pretrain_896_dfd,25,0.6830878642201423,8.32168719365501e-06,auroc,0.49019607843137253,0.49019607843137253,0.5202614379084967,0.058823529411764705,
run_3d_bcnn_t8_k3_combined_pretrain_896_dfd,26,0.6792372500300408,7.905602833972258e-06,auroc,0.4910675381263616,0.4910675381263616,0.5215686274509803,0.09803921568627451,
run_3d_bcnn_t8_k3_combined_pretrain_896_dfd,27,0.6733128618597984,7.510322692273645e-06,auroc,0.5211328976034859,0.5211328976034859,0.47973856209150323,0.0784313725490196,
run_3d_bcnn_t8_k3_combined_pretrain_896_dfd,28,0.6761765733361245,7.134806557659962e-06,auroc,0.46361655773420485,0.46361655773420485,0.48954248366013076,0.0392156862745098,
run_3d_bcnn_t8_k3_combined_pretrain_896_dfd,29,0.6797867555618287,6.778066229776964e-06,auroc,0.49324618736383447,0.49324618736383447,0.5006535947712418,0.058823529411764705,
run_3d_bcnn_t8_k3_combined_pretrain_896_dfd,30,0.6841888439059257,6.439162918288115e-06,auroc,0.4849673202614379,0.4849673202614379,0.5313725490196078,0.0392156862745098,
run_3d_bcnn_t8_k3_combined_pretrain_896_dfd,31,0.6656730509400368,6.11720477237371e-06,auroc,0.5071895424836601,0.5071895424836601,0.5522875816993464,0.0392156862745098,
run_3d_bcnn_t8_k3_combined_pretrain_896_dfd,32,0.6757202464938163,5.811344533755024e-06,auroc,0.4675381263616558,0.4675381263616558,0.5647058823529412,0.0784313725490196,
run_3d_bcnn_t8_k3_combined_pretrain_896_dfd,33,0.6770191062092781,5.520777307067273e-06,auroc,0.4636165577342048,0.4636165577342048,0.5411764705882354,0.058823529411764705,
run_3d_bcnn_t8_k3_combined_pretrain_896_dfd,34,0.6725595842599869,5.244738441713909e-06,auroc,0.49716775599128543,0.49716775599128543,0.5006535947712418,0.058823529411764705,
run_3d_bcnn_t8_k3_combined_pretrain_896_dfd,35,0.6763697531223297,4.982501519628213e-06,auroc,0.4723311546840958,0.4723311546840958,0.5313725490196078,0.058823529411764705,
run_3d_bcnn_t8_k3_combined_pretrain_896_dfd,36,0.6693957113027572,4.7333764436468025e-06,auroc,0.45882352941176474,0.45882352941176474,0.5411764705882354,0.058823529411764705,
run_3d_bcnn_t8_k3_combined_pretrain_896_dfd,37,0.6723639637231826,4.496707621464462e-06,auroc,0.4627450980392157,0.4627450980392157,0.5411764705882354,0.0196078431372549,
run_3d_bcnn_t8_k3_combined_pretrain_896_dfd,38,0.674623285651207,4.271872240391239e-06,auroc,0.4636165577342048,0.4636165577342048,0.5732026143790849,0.058823529411764705,
run_3d_bcnn_t8_k3_combined_pretrain_896_dfd,39,0.6767212041020393,4.058278628371677e-06,auroc,0.4610021786492374,0.4610021786492374,0.5732026143790849,0.0392156862745098,
run_3d_bcnn_t8_k3_combined_pretrain_896_dfd,40,0.668895383298397,3.855364696953093e-06,auroc,0.4762527233115469,0.4762527233115469,0.5411764705882354,0.0392156862745098,
run_3d_bcnn_t8_k3_combined_pretrain_896_dfd,41,0.6683628933429718,3.6625964621054378e-06,auroc,0.47755991285403043,0.47755991285403043,0.5104575163398692,0.0392156862745098,
run_3d_bcnn_t8_k3_combined_pretrain_896_dfd,42,0.6690546056628227,3.4794666390001657e-06,auroc,0.48496732026143796,0.48496732026143796,0.542483660130719,0.058823529411764705,
run_3d_bcnn_t8_k3_combined_pretrain_896_dfd,43,0.6641874185204506,3.3054933070501574e-06,auroc,0.4649237472766885,0.4649237472766885,0.5732026143790849,0.0,
run_3d_bcnn_t8_k3_combined_pretrain_896_dfd,44,0.6682400812506676,3.1402186416976496e-06,auroc,0.4396514161220043,0.4396514161220043,0.5732026143790849,0.0,
run_3d_bcnn_t8_k3_combined_pretrain_896_dfd,45,0.6788719170093537,2.983207709612767e-06,auroc,0.48061002178649237,0.48061002178649237,0.5300653594771242,0.0196078431372549,
run_3d_bcnn_t8_k3_combined_pretrain_896_dfd,46,0.671233621776104,2.8340473241321283e-06,auroc,0.4784313725490197,0.4784313725490197,0.5104575163398692,0.0392156862745098,
run_3d_bcnn_t8_k3_combined_pretrain_896_dfd,47,0.6712884523868561,2.692344957925522e-06,auroc,0.4906318082788671,0.4906318082788671,0.5202614379084967,0.0392156862745098,
run_3d_bcnn_t8_k3_combined_pretrain_896_dfd,48,0.673982669532299,2.5577277100292455e-06,auroc,0.46884531590413947,0.46884531590413947,0.5104575163398692,0.0196078431372549,
run_3d_bcnn_t8_k3_combined_pretrain_896_dfd,49,0.6737795333862304,2.4298413245277833e-06,auroc,0.46405228758169936,0.46405228758169936,0.5104575163398692,0.0196078431372549,
run_3d_bcnn_t8_k3_combined_pretrain_896_dfd,50,0.6650483392477036,2.308349258301394e-06,auroc,0.48671023965141613,0.48671023965141613,0.5104575163398692,0.0196078431372549,
run_3d_bcnn_t8_k3_combined_pretrain_896_dfd,51,0.6695056260824204,2.192931795386324e-06,auroc,0.48496732026143796,0.48496732026143796,0.5104575163398692,0.0196078431372549,
run_3d_bcnn_t8_k3_combined_pretrain_896_dfd,52,0.6673243275284767,2.0832852056170076e-06,auroc,0.48758169934640516,0.48758169934640516,0.4993464052287582,0.0196078431372549,
run_3d_bcnn_t8_k3_combined_pretrain_896_dfd,53,0.6720605266094207,1.979120945336157e-06,auroc,0.4836601307189543,0.4836601307189543,0.5522875816993464,0.0196078431372549,
run_3d_bcnn_t8_k3_combined_pretrain_896_dfd,54,0.6783531234264374,1.8801648980693493e-06,auroc,0.46884531590413947,0.46884531590413947,0.5522875816993464,0.058823529411764705,
run_3d_bcnn_t8_k3_combined_pretrain_896_dfd,55,0.6665208525061608,1.7861566531658818e-06,auroc,0.46143790849673205,0.46143790849673205,0.5522875816993464,0.058823529411764705,
run_3d_bcnn_t8_k3_combined_pretrain_896_dfd,56,0.6644496359825134,1.6968488205075877e-06,auroc,0.4888888888888889,0.4888888888888889,0.5313725490196078,0.058823529411764705,
run_3d_bcnn_t8_k3_combined_pretrain_896_dfd,57,0.669474221765995,1.6120063794822082e-06,auroc,0.485838779956427,0.485838779956427,0.5202614379084967,0.058823529411764705,
run_3d_bcnn_t8_k3_combined_pretrain_896_dfd,58,0.6722053347826004,1.5314060605080976e-06,auroc,0.47886710239651414,0.47886710239651414,0.5104575163398692,0.058823529411764705,
run_3d_bcnn_t8_k3_combined_pretrain_896_dfd,59,0.676564940571785,1.4548357574826926e-06,auroc,0.48496732026143796,0.48496732026143796,0.5313725490196078,0.058823529411764705,
run_3d_bcnn_t8_k3_combined_pretrain_896_dfd,60,0.6729927870035172,1.382093969608558e-06,auroc,0.48017429193899785,0.48017429193899785,0.5006535947712418,0.058823529411764705,
run_celeb_supervised_3d_t8_k3_N_celeb_gen_subset,1,2.25641849167645,9.5e-05,macro_dataset_auroc,0.4272676991150443,0.4272676991150443,0.5766731194690266,0.03125,0.11279542895612815
run_celeb_supervised_3d_t8_k3_N_celeb_gen_subset,2,1.5893474267050625,9.025e-05,macro_dataset_auroc,0.4799502212389381,0.4799502212389381,0.5600110619469026,0.015625,0.08538008441723184
run_celeb_supervised_3d_t8_k3_N_celeb_gen_subset,3,1.2778746910020709,8.573749999999999e-05,macro_dataset_auroc,0.5485342920353982,0.5485342920353982,0.5144496681415929,0.125,0.09040061968869369
run_celeb_supervised_3d_t8_k3_N_celeb_gen_subset,4,1.221039334088564,8.145062499999998e-05,macro_dataset_auroc,0.5109236725663717,0.5109236725663717,0.5144496681415929,0.0625,0.16967407770020473
run_celeb_supervised_3d_t8_k3_N_celeb_gen_subset,5,1.1122342885658145,7.737809374999998e-05,macro_dataset_auroc,0.6404867256637168,0.6404867256637168,0.40666482300884954,0.09375,0.17542293245541132
run_celeb_supervised_3d_t8_k3_N_celeb_gen_subset,6,0.9823366910591722,7.350918906249998e-05,macro_dataset_auroc,0.6084070796460177,0.6084070796460177,0.45665099557522126,0.15625,0.16404370262181822
run_celeb_supervised_3d_t8_k3_N_celeb_gen_subset,7,0.8115769243240356,6.983372960937497e-05,macro_dataset_auroc,0.5999723451327434,0.5999723451327434,0.4355641592920354,0.171875,0.15034689025299477
run_celeb_supervised_3d_t8_k3_N_celeb_gen_subset,8,0.7185332409664988,6.634204312890622e-05,macro_dataset_auroc,0.6222345132743363,0.6222345132743363,0.4022400442477876,0.15625,0.20716538289411401
run_celeb_supervised_3d_t8_k3_N_celeb_gen_subset,9,0.6880001295357943,6.30249409724609e-05,macro_dataset_auroc,0.6612278761061948,0.6612278761061948,0.40666482300884954,0.1875,0.15061837472894152
run_celeb_supervised_3d_t8_k3_N_celeb_gen_subset,10,0.5333029148727655,5.987369392383786e-05,macro_dataset_auroc,0.6453263274336284,0.6453263274336284,0.4022400442477876,0.171875,0.2173425208022237
run_celeb_supervised_3d_t8_k3_N_celeb_gen_subset,11,0.45739500008523465,5.688000922764596e-05,macro_dataset_auroc,0.6478152654867256,0.6478152654867256,0.3655282079646018,0.1875,0.24488548000785285
run_celeb_supervised_3d_t8_k3_N_celeb_gen_subset,12,0.41673162996768953,5.4036008766263664e-05,macro_dataset_auroc,0.6139380530973451,0.6139380530973451,0.43217643805309736,0.109375,0.25955078176889396
run_celeb_supervised_3d_t8_k3_N_celeb_gen_subset,13,0.3649560790881515,5.133420832795048e-05,macro_dataset_auroc,0.6277654867256638,0.6277654867256638,0.43998893805309736,0.171875,0.2709181591384454
run_celeb_supervised_3d_t8_k3_N_celeb_gen_subset,14,0.37039663922041655,4.876749791155295e-05,macro_dataset_auroc,0.6223727876106195,0.6223727876106195,0.4355641592920354,0.125,0.2790826793520218
run_celeb_supervised_3d_t8_k3_N_celeb_gen_subset,15,0.29791633676737544,4.6329123015975305e-05,macro_dataset_auroc,0.6215431415929205,0.6215431415929205,0.39781526548672563,0.078125,0.2961679822334448
run_celeb_supervised_3d_t8_k3_N_celeb_gen_subset,16,0.24760096956044436,4.4012666865176535e-05,macro_dataset_auroc,0.6364767699115044,0.6364767699115044,0.4355641592920354,0.09375,0.3075621064183802
run_celeb_supervised_3d_t8_k3_N_celeb_gen_subset,17,0.2755848248302937,4.181203352191771e-05,macro_dataset_auroc,0.6620575221238938,0.6620575221238938,0.4110896017699115,0.203125,0.2679738798024173
run_celeb_supervised_3d_t8_k3_p1_lr1e4,1,1.843257410293613,9.5e-05,auroc,0.5757245317804708,0.5757245317804708,0.4475965105560177,0.13143872113676733,
run_celeb_supervised_3d_t8_k3_p1_lr1e4,2,1.2647315790007856,9.025e-05,auroc,0.6415675517683297,0.6415675517683297,0.39513681228500125,0.0497335701598579,
run_celeb_supervised_3d_t8_k3_p1_lr1e4,3,1.2935976654443087,8.573749999999999e-05,auroc,0.6615441688962835,0.6615441688962835,0.3664927940283742,0.11012433392539965,
run_celeb_supervised_3d_t8_k3_p1_lr1e4,4,1.354440888610554,8.145062499999998e-05,auroc,0.5881017154934011,0.5881017154934011,0.451148908424579,0.06571936056838366,
run_celeb_supervised_3d_t8_k3_p1_lr1e4,5,1.3070045848755953,7.737809374999998e-05,auroc,0.5706994626436135,0.5706994626436135,0.4458203116217371,0.03907637655417407,
run_celeb_supervised_3d_t8_k3_p1_lr1e4,6,1.283043297704307,7.350918906249998e-05,auroc,0.5769274006790026,0.5769274006790026,0.44354385412685204,0.0763765541740675,
run_celeb_supervised_3d_t8_k3_p1_lr1e4,7,1.3043433014980048,6.983372960937497e-05,auroc,0.6230748476740787,0.6230748476740787,0.4117352789081997,0.12966252220248667,
run_celeb_supervised_3d_t8_k3_p1_lr1e4,8,1.2863416587476901,6.634204312890622e-05,auroc,0.6007374598106887,0.6007374598106887,0.43416260089484454,0.11900532859680284,
run_celeb_supervised_3d_t8_k3_p1_lr1e4,9,1.2758748902157586,6.30249409724609e-05,auroc,0.6238505294871506,0.6238505294871506,0.43188614339995957,0.0905861456483126,
run_celeb_supervised_3d_t8_k3_p1_lr1e4,10,1.2567354057426323,5.987369392383786e-05,auroc,0.6088540144344268,0.6088540144344268,0.4502608089574387,0.108348134991119,
run_celeb_supervised_3d_t8_k3_p1_lr1e4,11,1.2425805869353521,5.688000922764596e-05,auroc,0.5933741034692088,0.5933741034692088,0.44354385412685204,0.0994671403197158,
run_celeb_supervised_3d_t8_k3_p1_lr1e4,12,1.2715575198415612,5.4036008766263664e-05,auroc,0.6318096993951929,0.6318096993951929,0.4233929896350923,0.16341030195381884,
run_celeb_supervised_3d_t8_k3_p1_lr1e4,13,1.2748332437774448,5.133420832795048e-05,auroc,0.6165546237381119,0.6165546237381119,0.4386030982305461,0.08170515097690942,
run_celeb_supervised_3d_t8_k3_p1_lr1e4,14,1.2385362259825135,4.876749791155295e-05,auroc,0.5862805494974932,0.5862805494974932,0.4484846100231581,0.06927175843694494,
run_celeb_supervised_3d_t8_k3_p1_lr1e4,15,1.2660862864924534,4.6329123015975305e-05,auroc,0.6146884906805765,0.6146884906805765,0.4233929896350923,0.08348134991119005,
run_celeb_supervised_3d_t8_k3_p1_lr1e4,16,1.2292735991701775,4.4012666865176535e-05,auroc,0.6110011916271332,0.6110011916271332,0.4368268992962655,0.12433392539964476,
run_celeb_supervised_3d_t8_k3_p1_lr1e4,17,1.2239365853221436,4.181203352191771e-05,auroc,0.6123726870067676,0.6123726870067676,0.43010994446567885,0.12788632326820604,
run_celeb_supervised_3d_t8_k3_p1_lr1e4_dfd,1,1.705197413667137,2.8499999999999998e-05,auroc,0.6096515486725664,0.6096515486725664,0.4512496543141593,0.12109375,
run_celeb_supervised_3d_t8_k3_p1_lr1e4_dfd,2,1.6373774465020576,2.7074999999999997e-05,auroc,0.5758434734513274,0.5758434734513274,0.4679117118362832,0.0625,
run_celeb_supervised_3d_t8_k3_p1_lr1e4_dfd,3,1.4320148351953748,2.5721249999999997e-05,auroc,0.6114491150442478,0.6114491150442478,0.3963806692477876,0.056640625,
run_celeb_supervised_3d_t8_k3_p1_lr1e4_dfd,4,1.4478607113168858,2.4435187499999995e-05,auroc,0.5934388827433629,0.5934388827433629,0.4345875967920354,0.103515625,
run_celeb_supervised_3d_t8_k3_p1_lr1e4_dfd,5,1.2304320307665455,2.3213428124999993e-05,auroc,0.6338668418141593,0.6338668418141593,0.42332688053097345,0.048828125,
run_celeb_supervised_3d_t8_k3_p1_lr1e4_dfd,6,1.3011830876771537,2.2052756718749993e-05,auroc,0.6152862278761062,0.6152862278761062,0.40666482300884954,0.021484375,
run_celeb_supervised_3d_t8_k3_p1_lr1e4_dfd,7,1.224273176998957,2.0950118882812494e-05,auroc,0.6764726216814159,0.6764726216814159,0.3806951742256637,0.12890625,
run_celeb_supervised_3d_t8_k3_p1_lr1e4_dfd,8,1.159066487306006,1.9902612938671867e-05,auroc,0.6395706581858407,0.6395706581858407,0.4130427267699115,0.048828125,
run_celeb_supervised_3d_t8_k3_p1_lr1e4_dfd,9,1.1097285022564627,1.890748229173827e-05,auroc,0.6322766869469026,0.6322766869469026,0.38804964048672563,0.0078125,
run_celeb_supervised_3d_t8_k3_p1_lr1e4_dfd,10,1.1263068806256673,1.7962108177151358e-05,auroc,0.6776825221238938,0.6776825221238938,0.3650096792035398,0.05078125,
run_celeb_supervised_3d_t8_k3_p1_lr1e4_dfd,11,1.1442635355570596,1.7064002768293788e-05,auroc,0.6470374723451329,0.6470374723451329,0.38609651548672563,0.0234375,
run_celeb_supervised_3d_t8_k3_p1_lr1e4_dfd,12,1.0465986852207034,1.6210802629879097e-05,auroc,0.6585833794247787,0.6585833794247787,0.40373513550884954,0.09375,
run_celeb_supervised_3d_t8_k3_p1_lr1e4_dfd,13,1.1152447920233661,1.540026249838514e-05,auroc,0.6871888827433629,0.6871888827433629,0.3527724004424779,0.109375,
run_celeb_supervised_3d_t8_k3_p1_lr1e4_dfd,14,1.1547812887924491,1.4630249373465883e-05,auroc,0.7011027378318584,0.7011027378318584,0.3704110204646018,0.125,
run_celeb_supervised_3d_t8_k3_p1_lr1e4_dfd,15,1.0676260085537257,1.3898736904792588e-05,auroc,0.6769047289823009,0.6769047289823009,0.3713875829646018,0.126953125,
run_celeb_supervised_3d_t8_k3_p1_lr1e4_dfd,16,1.0453264652851564,1.3203800059552958e-05,auroc,0.667484789823009,0.667484789823009,0.3752938329646018,0.078125,
run_celeb_supervised_3d_t8_k3_p1_lr1e4_dfd,17,0.9954638626989603,1.254361005657531e-05,auroc,0.6814159292035398,0.6814159292035398,0.3743172704646018,0.0625,
run_celeb_supervised_3d_t8_k3_p1_lr1e4_dfd,18,1.0239624115178019,1.1916429553746543e-05,auroc,0.6524128871681416,0.6524128871681416,0.3826482992256637,0.03515625,
run_celeb_supervised_3d_t8_k3_p1_lr1e4_dfd,19,1.1315342166605549,1.1320608076059215e-05,auroc,0.6842332688053097,0.6842332688053097,0.3463944966814159,0.060546875,
run_celeb_supervised_3d_t8_k3_p1_lr1e4_dfd,20,1.031737086699282,1.0754577672256254e-05,auroc,0.6782701880530974,0.6782701880530974,0.39097932798672563,0.0859375,
run_celeb_supervised_3d_t8_k3_p1_lr1e4_dfd,21,1.1117270798448655,1.021684878864344e-05,auroc,0.6697144634955752,0.6697144634955752,0.3806951742256637,0.03515625,
run_celeb_supervised_3d_t8_k3_p1_lr1e4_dfd,22,1.0440156499519269,9.706006349211269e-06,auroc,0.6576500276548672,0.6576500276548672,0.38707307798672563,0.091796875,
run_celeb_supervised_3d_t8_k3_p1_lr1e4_dfd,23,1.0064993492569652,9.220706031750704e-06,auroc,0.6342298119469026,0.6342298119469026,0.40959451050884954,0.041015625,
run_celeb_supervised_3d_t8_k3_p1_lr1e4_dfd,24,0.986535398020682,8.759670730163168e-06,auroc,0.6807936946902655,0.6807936946902655,0.3826482992256637,0.11328125,
run_celeb_supervised_3d_t8_k3_p1_lr1e4_dfd,25,1.0309916637952228,8.32168719365501e-06,auroc,0.6605710730088495,0.6605710730088495,0.3758123617256637,0.060546875,
run_celeb_supervised_3d_t8_k3_p1_lr1e4_dfd,26,0.9616932206697227,7.905602833972258e-06,auroc,0.6729293418141593,0.6729293418141593,0.3640331167035398,0.037109375,
run_celeb_supervised_3d_t8_k3_p1_lr1e4_dfd,27,0.9645620792483478,7.510322692273645e-06,auroc,0.691890210176991,0.691890210176991,0.336110342920354,0.06640625,
run_celeb_supervised_3d_t8_k3_p1_lr1e4_dfd,28,0.9657477279045132,7.134806557659962e-06,auroc,0.6591537610619469,0.6591537610619469,0.3777654867256637,0.060546875,
run_celeb_supervised_3d_t8_k3_p1_lr1e4_dfd,29,0.9510180743835772,6.778066229776964e-06,auroc,0.6571314988938053,0.6571314988938053,0.3993103567477876,0.056640625,
run_celeb_supervised_3d_t8_k3_p1_lr1e4_dfd,30,0.9555614064367968,6.439162918288115e-06,auroc,0.6703885508849556,0.6703885508849556,0.3983337942477876,0.123046875,
run_celeb_supervised_3d_t8_k3_p1_pretrain,1,0.9555990813363824,2.8499999999999998e-05,auroc,0.7304112237785821,0.7304112237785821,0.3414011736403084,0.33037300177619894,
run_celeb_supervised_3d_t8_k3_p1_pretrain,2,0.9137406952521151,2.7074999999999997e-05,auroc,0.6825437866762596,0.6825437866762596,0.35483508330148167,0.2539964476021314,
run_celeb_supervised_3d_t8_k3_p1_pretrain,3,0.8488186303204074,2.5721249999999997e-05,auroc,0.6184207567956472,0.6184207567956472,0.41489983587022505,0.12966252220248667,
run_celeb_supervised_3d_t8_k3_p1_pretrain,4,0.7878411691666233,2.4435187499999995e-05,auroc,0.7619218922139532,0.7619218922139532,0.293494390359062,0.35879218472468916,
run_celeb_supervised_3d_t8_k3_p1_pretrain,5,0.7596579610839559,2.3213428124999993e-05,auroc,0.7784360455966004,0.7784360455966004,0.31630955325224275,0.522202486678508,
run_celeb_supervised_3d_t8_k3_p1_pretrain,6,0.730563923546385,2.2052756718749993e-05,auroc,0.7909144051981923,0.7909144051981923,0.2786721226701441,0.5150976909413855,
run_celeb_supervised_3d_t8_k3_p1_pretrain,7,0.7224865648257401,2.0950118882812494e-05,auroc,0.7049486251320907,0.7049486251320907,0.34811812847089507,0.2682060390763766,
run_celeb_supervised_3d_t8_k3_p1_pretrain,8,0.7132942025681888,1.9902612938671867e-05,auroc,0.7441374193403332,0.7441374193403332,0.3355723182768622,0.5026642984014209,
run_celeb_supervised_3d_t8_k3_p1_pretrain,9,0.6979625014311727,1.890748229173827e-05,auroc,0.6525282730399982,0.6525282730399982,0.4117352789081997,0.23268206039076378,
run_celeb_supervised_3d_t8_k3_p1_pretrain,10,0.6799290061823501,1.7962108177151358e-05,auroc,0.7783573532387527,0.7783573532387527,0.30376374305820986,0.42095914742451157,
run_celeb_supervised_3d_t8_k3_p1_pretrain,11,0.6632015484022082,1.7064002768293788e-05,auroc,0.7740405153225263,0.7740405153225263,0.2831126200058457,0.46181172291296624,
run_celeb_supervised_3d_t8_k3_p1_pretrain,12,0.6613094780417873,1.6210802629879097e-05,auroc,0.7785259797198552,0.7785259797198552,0.3131449962902174,0.5062166962699822,
run_celeb_supervised_3d_t8_k3_p1_pretrain,13,0.657454233136496,1.540026249838514e-05,auroc,0.8063381073363761,0.8063381073363761,0.2845009780335904,0.5630550621669627,
run_celeb_supervised_3d_t8_k3_p1_pretrain,14,0.6242575673037019,1.4630249373465883e-05,auroc,0.7906333610630214,0.7906333610630214,0.30109944465678895,0.5435168738898757,
run_celeb_supervised_3d_t8_k3_p1_pretrain,15,0.6253962520309413,1.3898736904792588e-05,auroc,0.7564808777570429,0.7564808777570429,0.33646041774400254,0.48845470692717585,
run_celeb_supervised_3d_t8_k3_p1_pretrain,16,0.6165377894024475,1.3203800059552958e-05,auroc,0.7973671785417181,0.7973671785417181,0.2845009780335904,0.5452930728241563,
run_celeb_supervised_3d_t8_k3_p1_pretrain,17,0.6274500186289212,1.254361005657531e-05,auroc,0.7972547608876498,0.7972547608876498,0.2979348876947636,0.5790408525754884,
run_celeb_supervised_3d_t8_k3_p1_pretrain,18,0.6147869499385065,1.1916429553746543e-05,auroc,0.7915102187647548,0.7915102187647548,0.30287564359106955,0.5577264653641207,
run_celeb_supervised_3d_t8_k3_p1_pretrain,19,0.6072053871866541,1.1320608076059215e-05,auroc,0.8032353800840883,0.8032353800840883,0.28716527643501133,0.5932504440497336,
run_celeb_supervised_3d_t8_k3_p1_pretrain,20,0.6071541051807255,1.0754577672256254e-05,auroc,0.8093059334037817,0.8093059334037817,0.2853890775007307,0.5346358792184724,
run_celeb_supervised_3d_t8_k3_p1_pretrain,21,0.6117020598073379,1.021684878864344e-05,auroc,0.8168154326955506,0.8168154326955506,0.27195516783955753,0.5790408525754884,
run_celeb_supervised_3d_t8_k3_p1_pretrain,22,0.6118923831506227,9.706006349211269e-06,auroc,0.8172875868426378,0.8172875868426378,0.26612631247611124,0.5648312611012434,
run_celeb_supervised_3d_t8_k3_p1_pretrain,23,0.5935413638588655,9.220706031750704e-06,auroc,0.798929783933269,0.798929783933269,0.29032983339703666,0.5488454706927176,
run_celeb_supervised_3d_t8_k3_p1_pretrain,24,0.6039232437849823,8.759670730163168e-06,auroc,0.8101827911055152,0.8101827911055152,0.27195516783955753,0.5772646536412078,
run_celeb_supervised_3d_t8_k3_p1_pretrain,25,0.5970650842598659,8.32168719365501e-06,auroc,0.7953998695955213,0.7953998695955213,0.2970467882276232,0.5364120781527532,
run_celeb_supervised_3d_t8_k3_p1_pretrain,26,0.5904078463648506,7.905602833972258e-06,auroc,0.7846190165703621,0.7846190165703621,0.30198754412392925,0.5541740674955595,
run_celeb_supervised_3d_t8_k3_v10_kl,1,1.8900092199663547,2.8499999999999998e-05,macro_dataset_auroc,0.6744849280973452,0.6744849280973452,0.3993103567477876,0.212890625,1.2244006359539268
run_celeb_supervised_3d_t8_k3_v10_kl,2,1.7502803130357922,2.7074999999999997e-05,macro_dataset_auroc,0.6560253042035399,0.6560253042035399,0.40568826050884954,0.19140625,0.9052125445371498
run_celeb_supervised_3d_t8_k3_v10_kl,3,1.6953833536358875,2.5721249999999997e-05,macro_dataset_auroc,0.6832653484513274,0.6832653484513274,0.38511995298672563,0.15625,0.8402646991894295
run_celeb_supervised_3d_t8_k3_v10_kl,4,1.590820943016018,2.4435187499999995e-05,macro_dataset_auroc,0.681467782079646,0.681467782079646,0.3571971792035398,0.166015625,1.1350023893206345
run_celeb_supervised_3d_t8_k3_v10_kl,5,1.4609134627361686,2.3213428124999993e-05,macro_dataset_auroc,0.6809146847345132,0.6809146847345132,0.4022400442477876,0.2421875,0.9502914074975648
run_celeb_supervised_3d_t8_k3_v10_kl,6,1.5073846753376732,2.2052756718749993e-05,macro_dataset_auroc,0.699650857300885,0.699650857300885,0.3797186117256637,0.189453125,0.9697719841765575
run_celeb_supervised_3d_t8_k3_v10_kl,7,1.4143742952027873,2.0950118882812494e-05,macro_dataset_auroc,0.6873962942477876,0.6873962942477876,0.3611034292035398,0.1953125,1.2394187162948593
run_celeb_supervised_3d_t8_k3_v10_kl,8,1.3561120187137488,1.9902612938671867e-05,macro_dataset_auroc,0.6978705752212389,0.6978705752212389,0.3743172704646018,0.197265625,1.0415297798785623
run_celeb_supervised_3d_t8_k3_v10_kl,9,1.3239465667752224,1.890748229173827e-05,macro_dataset_auroc,0.6768701603982301,0.6768701603982301,0.3733407079646018,0.162109375,0.9502099294468597
run_celeb_supervised_3d_t8_k3_v10_kl,10,1.3693613288696205,1.7962108177151358e-05,macro_dataset_auroc,0.7123375276548672,0.7123375276548672,0.3547255254424779,0.208984375,1.4567989723466754
run_celeb_supervised_3d_t8_k3_v10_kl,11,1.3111088176001149,1.7064002768293788e-05,macro_dataset_auroc,0.6956063329646018,0.6956063329646018,0.3571971792035398,0.169921875,1.1733577181895685
run_celeb_supervised_3d_t8_k3_v10_kl,12,1.2624792776284754,1.6210802629879097e-05,macro_dataset_auroc,0.6870506084070797,0.6870506084070797,0.39293245298672563,0.154296875,1.2482373593187455
run_celeb_supervised_3d_t8_k3_v10_kl,13,1.238502458758883,1.540026249838514e-05,macro_dataset_auroc,0.7108165099557522,0.7108165099557522,0.3576552129424779,0.189453125,1.352373493534867
run_celeb_supervised_3d_t8_k3_v10_kl,14,1.181520317618843,1.4630249373465883e-05,macro_dataset_auroc,0.7129597621681416,0.7129597621681416,0.3517958379424779,0.228515625,1.112726518372001
run_celeb_supervised_3d_t8_k3_v10_kl,15,1.212323005422099,1.3898736904792588e-05,macro_dataset_auroc,0.707515210176991,0.707515210176991,0.3547255254424779,0.12890625,1.3475548648560265
run_celeb_supervised_3d_t8_k3_v10_kl,16,1.152512204224095,1.3203800059552958e-05,macro_dataset_auroc,0.7001002488938053,0.7001002488938053,0.3640331167035398,0.181640625,0.8617313342011652
run_celeb_supervised_3d_t8_k3_v10_kl,17,1.1720240504084365,1.254361005657531e-05,macro_dataset_auroc,0.715362278761062,0.715362278761062,0.3444413716814159,0.18359375,1.355053501145702
run_celeb_supervised_3d_t8_k3_v10_kl,18,1.2028406767043942,1.1916429553746543e-05,macro_dataset_auroc,0.7039027931415929,0.7039027931415929,0.3444413716814159,0.2265625,1.055893771880323
run_celeb_supervised_3d_t8_k3_v10_kl,19,1.167554115709434,1.1320608076059215e-05,macro_dataset_auroc,0.7076707688053097,0.7076707688053097,0.3527724004424779,0.232421875,1.1357211557618363
run_celeb_supervised_3d_t8_k3_v10_kl,20,1.190361421901678,1.0754577672256254e-05,macro_dataset_auroc,0.6913025442477876,0.6913025442477876,0.3527724004424779,0.21875,1.0580640127689787
run_celeb_supervised_3d_t8_k3_v10_kl,21,1.0778476702107107,1.021684878864344e-05,macro_dataset_auroc,0.7182141869469028,0.7182141869469028,0.3684578954646018,0.248046875,1.111319455183426
run_celeb_supervised_3d_t8_k3_v10_kl,22,1.0973194047055082,9.706006349211269e-06,macro_dataset_auroc,0.7144634955752213,0.7144634955752213,0.3405351216814159,0.2578125,1.1008871181995508
run_celeb_supervised_3d_t8_k3_v10_kl,23,1.0468212785184092,9.220706031750704e-06,macro_dataset_auroc,0.7410467367256637,0.7410467367256637,0.3444413716814159,0.31640625,1.4137992797667422
run_celeb_supervised_3d_t8_k3_v10_kl,24,1.085486452765216,8.759670730163168e-06,macro_dataset_auroc,0.7256118639380531,0.7256118639380531,0.340993155420354,0.28125,1.2991213224713585
run_celeb_supervised_3d_t8_k3_v10_kl,25,1.0889097580999185,8.32168719365501e-06,macro_dataset_auroc,0.7396985619469026,0.7396985619469026,0.336110342920354,0.302734375,1.1371721689599898
run_celeb_supervised_3d_t8_k3_v10_kl,26,1.0859401575358034,7.905602833972258e-06,macro_dataset_auroc,0.7345132743362831,0.7345132743362831,0.327321280420354,0.28515625,1.3948069299476102
run_celeb_supervised_3d_t8_k3_v10_kl,27,1.0745178272440228,7.510322692273645e-06,macro_dataset_auroc,0.7165030420353983,0.7165030420353983,0.3806951742256637,0.333984375,0.8892389295341666
run_celeb_supervised_3d_t8_k3_v10_kl,28,1.0571186416349443,7.134806557659962e-06,macro_dataset_auroc,0.7248513550884956,0.7248513550884956,0.3444413716814159,0.232421875,1.315874077337539
run_celeb_supervised_3d_t8_k3_v10_kl,29,1.0882604035623311,6.778066229776964e-06,macro_dataset_auroc,0.7344959900442478,0.7344959900442478,0.32582618915929207,0.287109375,1.428965088758547
run_celeb_supervised_3d_t8_k3_v10_kl,30,1.0480110111234628,6.439162918288115e-06,macro_dataset_auroc,0.7141178097345132,0.7141178097345132,0.3640331167035398,0.291015625,0.9930824359567967
run_celeb_supervised_3d_t8_k3_v10_kl,31,1.0410024310548776,6.11720477237371e-06,macro_dataset_auroc,0.7246785121681415,0.7246785121681415,0.3174951603982301,0.150390625,1.1382231474729008
run_celeb_supervised_3d_t8_k3_v10_kl,32,1.0561395163539962,5.811344533755024e-06,macro_dataset_auroc,0.708897953539823,0.708897953539823,0.3581737417035398,0.232421875,1.2731231678414643
run_celeb_supervised_3d_t8_k3_v10_kl,33,0.9435969438725934,5.520777307067273e-06,macro_dataset_auroc,0.6975421736725664,0.6975421736725664,0.3640331167035398,0.08203125,1.2275336986098027
run_celeb_supervised_3d_t8_k3_v10_kl,34,1.0467386426097223,5.244738441713909e-06,macro_dataset_auroc,0.7144462112831858,0.7144462112831858,0.3620799917035398,0.3046875,0.795430573974676
run_celeb_supervised_3d_t8_k3_v10_kl,35,1.0217523423629717,4.982501519628213e-06,macro_dataset_auroc,0.712372096238938,0.712372096238938,0.3527724004424779,0.19140625,1.2597377362034132
run_celeb_supervised_3d_t8_k3_v10_kl,36,0.9802221432692853,4.7333764436468025e-06,macro_dataset_auroc,0.7175919524336283,0.7175919524336283,0.3444413716814159,0.267578125,1.200324461523588
run_celeb_supervised_3d_t8_k3_v10_kl,37,1.0070525459811506,4.496707621464462e-06,macro_dataset_auroc,0.7266316371681416,0.7266316371681416,0.33168556415929207,0.251953125,1.4547022419371596
run_celeb_supervised_3d_t8_k3_v10_kl,38,0.9799896994481079,4.271872240391239e-06,macro_dataset_auroc,0.7464567201327432,0.7464567201327432,0.335133780420354,0.2109375,1.3324223395321635
run_celeb_supervised_3d_t8_k3_v10_kl,39,0.9867371833149411,4.058278628371677e-06,macro_dataset_auroc,0.7232093473451326,0.7232093473451326,0.339040030420354,0.169921875,0.8542054687092587
run_celeb_supervised_3d_t8_k3_v10_kl,40,1.0077855952120527,3.855364696953093e-06,macro_dataset_auroc,0.7474764933628318,0.7474764933628318,0.3184717228982301,0.287109375,1.134698952749867
run_celeb_supervised_3d_t8_k3_v10_kl,41,0.9899604649421246,3.6625964621054378e-06,macro_dataset_auroc,0.7162437776548671,0.7162437776548671,0.32582618915929207,0.2265625,1.343977621108429
run_celeb_supervised_3d_t8_k3_v10_kl,42,0.9708793456704153,3.4794666390001657e-06,macro_dataset_auroc,0.744831996681416,0.744831996681416,0.3184717228982301,0.27734375,1.5921501309646033
run_celeb_supervised_3d_t8_k3_v10_kl,43,0.9208306112063845,3.3054933070501574e-06,macro_dataset_auroc,0.7216883296460177,0.7216883296460177,0.3620799917035398,0.26953125,1.1927380366216047
run_celeb_supervised_3d_t8_k3_v10_kl,44,0.9501122419538545,3.1402186416976496e-06,macro_dataset_auroc,0.7331823838495575,0.7331823838495575,0.32680275165929207,0.275390625,1.5267367881175782
run_celeb_supervised_3d_t8_k3_v10_kl,45,0.9818894299169544,2.983207709612767e-06,macro_dataset_auroc,0.719925331858407,0.719925331858407,0.333180655420354,0.2265625,1.2224291146760158
run_celeb_supervised_3d_t8_k3_v10_kl,46,0.9669946998989796,2.8340473241321283e-06,macro_dataset_auroc,0.725179756637168,0.725179756637168,0.335133780420354,0.25,1.435600679733992
run_celeb_supervised_3d_t8_k3_v10_kl,47,0.9253872069993572,2.692344957925522e-06,macro_dataset_auroc,0.7152585730088497,0.7152585730088497,0.3444413716814159,0.21875,0.9402045936547873
run_celeb_supervised_3d_t8_k3_v10_kl,48,0.9552145263158867,2.5577277100292455e-06,macro_dataset_auroc,0.714411642699115,0.714411642699115,0.3415116841814159,0.255859375,1.1251622114466981
run_celeb_supervised_3d_t8_k3_v10_kl,49,0.9799567167852287,2.4298413245277833e-06,macro_dataset_auroc,0.7315922289823009,0.7315922289823009,0.3174951603982301,0.2421875,1.2045924406563508
run_celeb_supervised_3d_t8_k3_v10_kl,50,0.9452105582149344,2.308349258301394e-06,macro_dataset_auroc,0.7048879977876106,0.7048879977876106,0.339040030420354,0.21484375,1.4757052675461417
run_celeb_supervised_3d_t8_k3_v10_kl,51,0.9730434700919598,2.192931795386324e-06,macro_dataset_auroc,0.7217401825221238,0.7217401825221238,0.338063467920354,0.208984375,1.0765553516880975
run_celeb_supervised_3d_t8_k3_v10_kl,52,0.8891090019735193,2.0832852056170076e-06,macro_dataset_auroc,0.7316786504424779,0.7316786504424779,0.333180655420354,0.291015625,1.226431569950697
run_celeb_supervised_3d_t8_k3_v10_kl,53,0.8785672449365526,1.979120945336157e-06,macro_dataset_auroc,0.7202018805309733,0.7202018805309733,0.32680275165929207,0.205078125,1.1615351564033984
run_celeb_supervised_3d_t8_k3_v10_kl,54,0.9665499163782422,1.8801648980693493e-06,macro_dataset_auroc,0.7437949391592921,0.7437949391592921,0.3184717228982301,0.287109375,1.715908639529048
run_celeb_supervised_3d_t8_k3_v10_kl,55,0.9774955848010096,1.7861566531658818e-06,macro_dataset_auroc,0.7168660121681416,0.7168660121681416,0.336110342920354,0.166015625,1.4181984536362582
run_celeb_supervised_3d_t8_k3_v10_kl,56,0.9445289702049865,1.6968488205075877e-06,macro_dataset_auroc,0.7085522676991152,0.7085522676991152,0.333180655420354,0.197265625,0.7606594002290918
run_celeb_supervised_3d_t8_k3_v10_kl,57,0.9195411875236287,1.6120063794822082e-06,macro_dataset_auroc,0.7244883849557523,0.7244883849557523,0.32973243915929207,0.23828125,1.2615464601277577
run_celeb_supervised_3d_t8_k3_v10_kl,58,0.950237286567299,1.5314060605080976e-06,macro_dataset_auroc,0.7204265763274336,0.7204265763274336,0.335133780420354,0.193359375,1.036310884073481
run_celeb_supervised_3d_t8_k3_v10_kl,59,0.9213755689135967,1.4548357574826926e-06,macro_dataset_auroc,0.7206858407079646,0.7206858407079646,0.336110342920354,0.12109375,1.0998178340467617
run_celeb_supervised_3d_t8_k3_v10_kl,60,0.8506372192263798,1.382093969608558e-06,macro_dataset_auroc,0.719061117256637,0.719061117256637,0.3415116841814159,0.251953125,1.0975913648977367
run_celeb_supervised_3d_t8_k3_v11_id20,1,1.7894480968195015,2.8499999999999998e-05,macro_dataset_auroc,0.6770948561946903,0.6770948561946903,0.3826482992256637,0.12109375,0.8402510794666942
run_celeb_supervised_3d_t8_k3_v11_id20,2,1.6830602200978342,2.7074999999999997e-05,macro_dataset_auroc,0.6376866703539823,0.6376866703539823,0.40275857300884954,0.15625,1.1191138588377838
run_celeb_supervised_3d_t8_k3_v11_id20,3,1.6008572723977814,2.5721249999999997e-05,macro_dataset_auroc,0.58203125,0.58203125,0.44389518805309736,0.103515625,1.3549415868912775
run_celeb_supervised_3d_t8_k3_v11_id20,4,1.4250030493755714,2.4435187499999995e-05,macro_dataset_auroc,0.6589982024336284,0.6589982024336284,0.38804964048672563,0.146484375,0.9979264340972857
run_celeb_supervised_3d_t8_k3_v11_id20,5,1.351851663681364,2.3213428124999993e-05,macro_dataset_auroc,0.6277654867256637,0.6277654867256637,0.42430344303097345,0.181640625,1.5329343731245384
run_celeb_supervised_3d_t8_k3_v11_id20,6,1.3170347948654344,2.2052756718749993e-05,macro_dataset_auroc,0.6403138827433628,0.6403138827433628,0.3973572317477876,0.162109375,1.0326837547257515
run_celeb_supervised_3d_t8_k3_v11_id20,7,1.3555607328261288,2.0950118882812494e-05,macro_dataset_auroc,0.6841122787610618,0.6841122787610618,0.3650096792035398,0.12890625,1.4778798511234352
run_celeb_supervised_3d_t8_k3_v11_id20,8,1.18976521567361,1.9902612938671867e-05,macro_dataset_auroc,0.6814504977876106,0.6814504977876106,0.3557020879424779,0.177734375,1.560029316617127
run_celeb_supervised_3d_t8_k3_v11_id20,9,1.2684251817268415,1.890748229173827e-05,macro_dataset_auroc,0.6332446073008849,0.6332446073008849,0.38902620298672563,0.087890625,1.5984806254944695
run_celeb_supervised_3d_t8_k3_v11_id20,10,1.1325084212772414,1.7962108177151358e-05,macro_dataset_auroc,0.6577364491150443,0.6577364491150443,0.38804964048672563,0.068359375,1.863043541562619
run_celeb_supervised_3d_t8_k3_v11_id20,11,1.0972140263857209,1.7064002768293788e-05,macro_dataset_auroc,0.6630081581858407,0.6630081581858407,0.38804964048672563,0.037109375,1.480912000924089
run_celeb_supervised_3d_t8_k3_v11_id20,12,1.085520504805188,1.6210802629879097e-05,macro_dataset_auroc,0.6990113384955753,0.6990113384955753,0.3723641454646018,0.134765625,1.9992437828570628
run_celeb_supervised_3d_t8_k3_v11_id20,13,1.1074316068316945,1.540026249838514e-05,macro_dataset_auroc,0.659810564159292,0.659810564159292,0.3816717367256637,0.037109375,1.3835815257863495
run_celeb_supervised_3d_t8_k3_v11_id20,14,1.1077775318983816,1.4630249373465883e-05,macro_dataset_auroc,0.7015348451327433,0.7015348451327433,0.3527724004424779,0.181640625,1.1872188242078772
run_celeb_supervised_3d_t8_k3_v11_id20,15,1.0558164921478288,1.3898736904792588e-05,macro_dataset_auroc,0.7423776272123894,0.7423776272123894,0.32680275165929207,0.267578125,1.348652861961385
run_celeb_supervised_3d_t8_k3_v11_id20,16,0.9532454403551816,1.3203800059552958e-05,macro_dataset_auroc,0.70703125,0.70703125,0.3684578954646018,0.12890625,2.1188614711602463
run_celeb_supervised_3d_t8_k3_v11_id20,17,0.9513198527132221,1.254361005657531e-05,macro_dataset_auroc,0.7119745575221239,0.7119745575221239,0.3463944966814159,0.18359375,1.715050300761908
run_celeb_supervised_3d_t8_k3_v11_id20,18,0.9958993718453468,1.1916429553746543e-05,macro_dataset_auroc,0.703470685840708,0.703470685840708,0.3689159292035398,0.10546875,2.047447582008765
run_celeb_supervised_3d_t8_k3_v11_id20,19,1.0036153189145138,1.1320608076059215e-05,macro_dataset_auroc,0.7302613384955752,0.7302613384955752,0.3434648091814159,0.310546875,2.165149775630252
run_celeb_supervised_3d_t8_k3_v11_id20,20,0.9225509749637343,1.0754577672256254e-05,macro_dataset_auroc,0.7137029867256637,0.7137029867256637,0.3145654728982301,0.259765625,1.2626391317785173
run_celeb_supervised_3d_t8_k3_v11_id20,21,0.9515293937899646,1.021684878864344e-05,macro_dataset_auroc,0.7209623893805309,0.7209623893805309,0.3611034292035398,0.28515625,1.6422085113356222
run_celeb_supervised_3d_t8_k3_v11_id20,22,0.8985460406780048,9.706006349211269e-06,macro_dataset_auroc,0.6799986172566372,0.6799986172566372,0.3983337942477876,0.12890625,1.9257608031590367
run_celeb_supervised_3d_t8_k3_v11_id20,23,0.9319584402536782,9.220706031750704e-06,macro_dataset_auroc,0.7090362278761062,0.7090362278761062,0.3434648091814159,0.2421875,1.90004083548441
run_celeb_supervised_3d_t8_k3_v11_id20,24,0.8460974763610916,8.759670730163168e-06,macro_dataset_auroc,0.6913025442477876,0.6913025442477876,0.3777654867256637,0.115234375,1.9939842804686267
run_celeb_supervised_3d_t8_k3_v11_id20,25,0.8334629787451194,8.32168719365501e-06,macro_dataset_auroc,0.7027620298672566,0.7027620298672566,0.3650096792035398,0.19921875,1.9105839837315108
run_celeb_supervised_3d_t8_k3_v11_id20,26,0.8721968498731223,7.905602833972258e-06,macro_dataset_auroc,0.7227945243362832,0.7227945243362832,0.3444413716814159,0.25390625,1.4571625552273877
run_celeb_supervised_3d_t8_k3_v11_id20,27,0.8446969319663662,7.510322692273645e-06,macro_dataset_auroc,0.7101251382743363,0.7101251382743363,0.336110342920354,0.20703125,1.4914621607778102
run_celeb_supervised_3d_t8_k3_v11_id20,28,0.8185707030188881,7.134806557659962e-06,macro_dataset_auroc,0.7269773230088495,0.7269773230088495,0.3415116841814159,0.287109375,1.9088555377348164
run_celeb_supervised_3d_t8_k3_v11_id20,29,0.8959856443654072,6.778066229776964e-06,macro_dataset_auroc,0.7072386615044248,0.7072386615044248,0.3566786504424779,0.21484375,1.5460377158312442
run_celeb_supervised_3d_t8_k3_v11_id20,30,0.9406566657004407,6.439162918288115e-06,macro_dataset_auroc,0.7195796460176991,0.7195796460176991,0.3508192754424779,0.208984375,1.251787236260649
run_celeb_supervised_3d_t8_k3_v11_id20,31,0.7876956294583943,6.11720477237371e-06,macro_dataset_auroc,0.7271155973451326,0.7271155973451326,0.3145654728982301,0.212890625,1.604206801147592
run_celeb_supervised_3d_t8_k3_v11_id20,32,0.7841923375831246,5.811344533755024e-06,macro_dataset_auroc,0.6944482853982301,0.6944482853982301,0.3537489629424779,0.189453125,1.942069694109144
run_celeb_supervised_3d_t8_k3_v11_id20,33,0.8056730905860711,5.520777307067273e-06,macro_dataset_auroc,0.729690956858407,0.729690956858407,0.32582618915929207,0.19921875,1.1564266525803613
run_celeb_supervised_3d_t8_k3_v11_id20,34,0.8404285368520226,5.244738441713909e-06,macro_dataset_auroc,0.7299156526548674,0.7299156526548674,0.337086905420354,0.23828125,1.156238172630687
run_celeb_supervised_3d_t8_k3_v11_id20,35,0.7524401335923843,4.982501519628213e-06,macro_dataset_auroc,0.7100214325221239,0.7100214325221239,0.3527724004424779,0.205078125,1.4193106518109082
run_celeb_supervised_3d_t8_k3_v11_id20,36,0.7460559311567473,4.7333764436468025e-06,macro_dataset_auroc,0.7012928650442476,0.7012928650442476,0.3527724004424779,0.197265625,1.3548777865218704
run_celeb_supervised_3d_t8_k3_v11_id20,37,0.7428079970533463,4.496707621464462e-06,macro_dataset_auroc,0.7171598451327433,0.7171598451327433,0.3611034292035398,0.228515625,1.305696891686909
run_celeb_supervised_3d_t8_k3_v11_id20,38,0.7803397457408574,4.271872240391239e-06,macro_dataset_auroc,0.7032459900442478,0.7032459900442478,0.3620799917035398,0.19921875,1.1651759034659004
run_celeb_supervised_3d_t8_k3_v11_id20,39,0.7588458283824108,4.058278628371677e-06,macro_dataset_auroc,0.7021916482300885,0.7021916482300885,0.3630565542035398,0.19140625,1.3967280110954958
run_celeb_supervised_3d_t8_k3_v11_id20,40,0.7711545076421773,3.855364696953093e-06,macro_dataset_auroc,0.7278933904867257,0.7278933904867257,0.3620799917035398,0.28515625,1.1862373043043606
run_celeb_supervised_3d_t8_k3_v11_id20,41,0.6741648444246506,3.6625964621054378e-06,macro_dataset_auroc,0.7159845132743363,0.7159845132743363,0.3527724004424779,0.203125,1.4009198063165307
run_celeb_supervised_3d_t8_k3_v11_id20,42,0.7942500116567919,3.4794666390001657e-06,macro_dataset_auroc,0.7121992533185841,0.7121992533185841,0.3434648091814159,0.228515625,2.1373292925390763
run_celeb_supervised_3d_t8_k3_v11_id20,43,0.7815299549460606,3.3054933070501574e-06,macro_dataset_auroc,0.7294144081858407,0.7294144081858407,0.331227530420354,0.30859375,2.082521006237054
run_celeb_supervised_3d_t8_k3_v11_id20,44,0.7987015633426036,3.1402186416976496e-06,macro_dataset_auroc,0.7174882466814159,0.7174882466814159,0.3444413716814159,0.2578125,1.4168793697099036
run_celeb_supervised_3d_t8_k3_v11_id20,45,0.7321352775878658,2.983207709612767e-06,macro_dataset_auroc,0.7233130530973452,0.7233130530973452,0.340993155420354,0.26953125,1.7856831061397533
run_celeb_supervised_3d_t8_k3_v11_id20,46,0.7775246503156705,2.8340473241321283e-06,macro_dataset_auroc,0.7172635508849556,0.7172635508849556,0.3463944966814159,0.203125,1.6188928329488397
run_celeb_supervised_3d_t8_k3_v11_id20,47,0.6778273310992399,2.692344957925522e-06,macro_dataset_auroc,0.7371750553097346,0.7371750553097346,0.337086905420354,0.2109375,1.5761350354634387
run_celeb_supervised_3d_t8_k3_v11_id20,48,0.6542778875174374,2.5577277100292455e-06,macro_dataset_auroc,0.7293107024336283,0.7293107024336283,0.3444413716814159,0.275390625,1.6377706965033656
run_celeb_supervised_3d_t8_k3_v11_id20,49,0.7395364240869321,2.4298413245277833e-06,macro_dataset_auroc,0.7069966814159292,0.7069966814159292,0.3537489629424779,0.173828125,2.0695667765725845
run_celeb_supervised_3d_t8_k3_v11_id20,50,0.7569038560993812,2.308349258301394e-06,macro_dataset_auroc,0.7323700221238938,0.7323700221238938,0.3498427129424779,0.255859375,1.45584873757046
run_celeb_supervised_3d_t8_k3_v11_id20,51,0.725037587682001,2.192931795386324e-06,macro_dataset_auroc,0.7422220685840708,0.7422220685840708,0.32777931415929207,0.23828125,1.345807172062638
run_celeb_supervised_3d_t8_k3_v11_id20,52,0.7645203403423603,2.0832852056170076e-06,macro_dataset_auroc,0.7246439435840708,0.7246439435840708,0.336110342920354,0.203125,1.720975243049654
run_celeb_supervised_3d_t8_k3_v11_id20,53,0.7441502044533439,1.979120945336157e-06,macro_dataset_auroc,0.716624032079646,0.716624032079646,0.3444413716814159,0.15234375,1.0331962976387516
run_celeb_supervised_3d_t8_k3_v11_id20,54,0.7285553976638185,1.8801648980693493e-06,macro_dataset_auroc,0.75,0.75,0.32387306415929207,0.265625,1.8116490948718298
run_celeb_supervised_3d_t8_k3_v11_id20,55,0.6769509510384785,1.7861566531658818e-06,macro_dataset_auroc,0.7310391316371682,0.7310391316371682,0.335133780420354,0.205078125,1.1104123902904837
run_celeb_supervised_3d_t8_k3_v11_id20,56,0.6561102037899937,1.6968488205075877e-06,macro_dataset_auroc,0.7352910674778761,0.7352910674778761,0.3454179341814159,0.197265625,1.2501765321369345
run_celeb_supervised_3d_t8_k3_v11_id20,57,0.6867035964099754,1.6120063794822082e-06,macro_dataset_auroc,0.7390417588495575,0.7390417588495575,0.32875587665929207,0.234375,1.5532056558474436
run_celeb_supervised_3d_t8_k3_v11_id20,58,0.7213515503723995,1.5314060605080976e-06,macro_dataset_auroc,0.743535674778761,0.743535674778761,0.335133780420354,0.30859375,1.8904516774407323
run_celeb_supervised_3d_t8_k3_v11_id20,59,0.7398455968676636,1.4548357574826926e-06,macro_dataset_auroc,0.7438467920353982,0.7438467920353982,0.3027862278761062,0.205078125,1.569266434004777
run_celeb_supervised_3d_t8_k3_v11_id20,60,0.6471824215369552,1.382093969608558e-06,macro_dataset_auroc,0.7339774612831859,0.7339774612831859,0.32973243915929207,0.263671875,1.2134652453180943
run_celeb_supervised_3d_t8_k3_v12_nocrop,1,1.4488312937015422,2.8499999999999998e-05,macro_dataset_auroc,0.751866703539823,0.751866703539823,0.32680275165929207,0.240234375,1.4243684190690546
run_celeb_supervised_3d_t8_k3_v12_nocrop,2,1.436402021854095,2.7074999999999997e-05,macro_dataset_auroc,0.7259229811946903,0.7259229811946903,0.3174951603982301,0.125,1.282670540263569
run_celeb_supervised_3d_t8_k3_v12_nocrop,3,1.2808067392114229,2.5721249999999997e-05,macro_dataset_auroc,0.7578297842920353,0.7578297842920353,0.2841710453539823,0.185546875,1.6300265486852716
run_celeb_supervised_3d_t8_k3_v12_nocrop,4,1.155009331476387,2.4435187499999995e-05,macro_dataset_auroc,0.7703436117256637,0.7703436117256637,0.2998565403761062,0.2421875,1.3782195133184174
run_celeb_supervised_3d_t8_k3_v12_nocrop,5,1.1172862301837367,2.3213428124999993e-05,macro_dataset_auroc,0.7285329092920354,0.7285329092920354,0.2988799778761062,0.12109375,1.588167662754075
run_celeb_supervised_3d_t8_k3_v12_nocrop,6,1.024935584296556,2.2052756718749993e-05,macro_dataset_auroc,0.7535951327433629,0.7535951327433629,0.29347863661504425,0.27734375,1.3813706224714206
run_celeb_supervised_3d_t8_k3_v12_nocrop,7,1.0018617665033551,2.0950118882812494e-05,macro_dataset_auroc,0.7593680862831858,0.7593680862831858,0.29152551161504425,0.32421875,1.6258926699812493
run_celeb_supervised_3d_t8_k3_v12_nocrop,8,0.9073868948559096,1.9902612938671867e-05,macro_dataset_auroc,0.7585384402654868,0.7585384402654868,0.2841710453539823,0.1640625,1.2905680781461357
run_celeb_supervised_3d_t8_k3_v12_nocrop,9,0.8915759038733133,1.890748229173827e-05,macro_dataset_auroc,0.7030040099557523,0.7030040099557523,0.337086905420354,0.083984375,1.1914154635272867
run_celeb_supervised_3d_t8_k3_v12_nocrop,10,0.8857129978328991,1.7962108177151358e-05,macro_dataset_auroc,0.7449702710176991,0.7449702710176991,0.31014069413716816,0.306640625,1.461660276252191
run_celeb_supervised_3d_t8_k3_v12_nocrop,11,0.8731127046656356,1.7064002768293788e-05,macro_dataset_auroc,0.7306761615044247,0.7306761615044247,0.3174951603982301,0.12109375,1.540639598881389
run_celeb_supervised_3d_t8_k3_v12_nocrop,12,0.8484138086207248,1.6210802629879097e-05,macro_dataset_auroc,0.7305378871681416,0.7305378871681416,0.32582618915929207,0.193359375,1.4630811029591677
run_celeb_supervised_3d_t8_k3_v12_nocrop,13,0.7918769889564343,1.540026249838514e-05,macro_dataset_auroc,0.7134782909292035,0.7134782909292035,0.3184717228982301,0.146484375,1.7794842551635373
run_celeb_supervised_3d_t8_k3_v12_nocrop,14,0.7981016588371497,1.4630249373465883e-05,macro_dataset_auroc,0.7652793141592921,0.7652793141592921,0.29250207411504425,0.3125,1.5510657084862807
run_celeb_supervised_3d_t8_k3_v12_nocrop,15,0.8386604708982526,1.3898736904792588e-05,macro_dataset_auroc,0.7582791758849556,0.7582791758849556,0.30623444413716816,0.369140625,1.555805584732794
run_celeb_supervised_3d_t8_k3_v12_nocrop,16,0.7984121243969262,1.3203800059552958e-05,macro_dataset_auroc,0.6997891316371682,0.6997891316371682,0.3194482853982301,0.1015625,1.655646146255253
run_celeb_supervised_3d_t8_k3_v12_nocrop,17,0.708042656993691,1.254361005657531e-05,macro_dataset_auroc,0.7242291205752213,0.7242291205752213,0.3243310978982301,0.111328125,1.767480040714387
run_celeb_supervised_3d_t8_k3_v12_nocrop,18,0.7318241247089905,1.1916429553746543e-05,macro_dataset_auroc,0.7134782909292035,0.7134782909292035,0.3204248478982301,0.146484375,1.6914740733729852
run_celeb_supervised_3d_t8_k3_v12_nocrop,19,0.7195754530452204,1.1320608076059215e-05,macro_dataset_auroc,0.7024681969026549,0.7024681969026549,0.3135889103982301,0.044921875,1.2250312690235934
run_celeb_supervised_3d_t8_k3_v12_nocrop,20,0.721845531061316,1.0754577672256254e-05,macro_dataset_auroc,0.7200117533185841,0.7200117533185841,0.3184717228982301,0.0390625,1.5249780566759616
run_celeb_supervised_3d_t8_k3_v12_nocrop,21,0.7118048321692726,1.021684878864344e-05,macro_dataset_auroc,0.7079646017699115,0.7079646017699115,0.33070900165929207,0.134765625,1.3680756341263731
run_celeb_supervised_3d_t8_k3_v12_nocrop,22,0.7578558254239512,9.706006349211269e-06,macro_dataset_auroc,0.7153104258849559,0.7153104258849559,0.3184717228982301,0.095703125,1.3408442469673667
run_celeb_supervised_3d_t8_k3_v12_nocrop,23,0.7339694692311143,9.220706031750704e-06,macro_dataset_auroc,0.7360170077433629,0.7360170077433629,0.3174951603982301,0.185546875,1.5646632705386068
run_celeb_supervised_3d_t8_k3_v12_nocrop,24,0.7265757369773909,8.759670730163168e-06,macro_dataset_auroc,0.6907840154867256,0.6907840154867256,0.3483476216814159,0.134765625,1.4618480577321284
run_celeb_supervised_3d_t8_k3_v12_nocrop,25,0.6971795995693904,8.32168719365501e-06,macro_dataset_auroc,0.7436912334070797,0.7436912334070797,0.3018096653761062,0.154296875,1.1993646047908826
run_celeb_supervised_3d_t8_k3_v12_nocrop,26,0.692041739863974,7.905602833972258e-06,macro_dataset_auroc,0.7375380254424779,0.7375380254424779,0.30916413163716816,0.169921875,1.4581452357357896
run_celeb_supervised_3d_t8_k3_v12_nocrop,27,0.7178236188497668,7.510322692273645e-06,macro_dataset_auroc,0.7263378042035399,0.7263378042035399,0.3184717228982301,0.140625,1.3798512234650582
run_celeb_supervised_3d_t8_k3_v12_nocrop,28,0.6857488031998933,7.134806557659962e-06,macro_dataset_auroc,0.685633296460177,0.685633296460177,0.3444413716814159,0.013671875,1.739409822284096
run_celeb_supervised_3d_t8_k3_v12_nocrop,29,0.7074177686374203,6.778066229776964e-06,macro_dataset_auroc,0.7083275719026549,0.7083275719026549,0.3454179341814159,0.0859375,1.4501277441636644
run_celeb_supervised_3d_t8_k3_v12_nocrop,30,0.6761203506751803,6.439162918288115e-06,macro_dataset_auroc,0.7048707134955752,0.7048707134955752,0.335133780420354,0.06640625,1.424792154482637
run_celeb_supervised_3d_t8_k3_v12_nocrop,31,0.6579449094260692,6.11720477237371e-06,macro_dataset_auroc,0.7503111172566371,0.7503111172566371,0.3018096653761062,0.216796875,1.544529780806692
run_celeb_supervised_3d_t8_k3_v12_nocrop,32,0.6544381116029198,5.811344533755024e-06,macro_dataset_auroc,0.6745540652654867,0.6745540652654867,0.3444413716814159,0.01171875,1.5651559509068975
run_celeb_supervised_3d_t8_k3_v12_nocrop,33,0.6402669258379237,5.520777307067273e-06,macro_dataset_auroc,0.7113868915929205,0.7113868915929205,0.3473710591814159,0.087890625,1.8065874096555403
run_celeb_supervised_3d_t8_k3_v12_nocrop,34,0.5928311830122164,5.244738441713909e-06,macro_dataset_auroc,0.7157598174778761,0.7157598174778761,0.32777931415929207,0.16015625,1.0356902248496747
run_celeb_supervised_3d_t8_k3_v12_nocrop,35,0.6440725703321117,4.982501519628213e-06,macro_dataset_auroc,0.7408566095132743,0.7408566095132743,0.3165185978982301,0.23828125,1.163441277062373
run_celeb_supervised_3d_t8_k3_v12_nocrop,36,0.617370024724555,4.7333764436468025e-06,macro_dataset_auroc,0.6924951603982301,0.6924951603982301,0.3601268667035398,0.05859375,1.386686344867344
run_celeb_supervised_3d_t8_k3_v12_nocrop,37,0.6596826070928749,4.496707621464462e-06,macro_dataset_auroc,0.6696798949115044,0.6696798949115044,0.38804964048672563,0.03125,1.5779349562923393
run_celeb_supervised_3d_t8_k3_v12_nocrop,38,0.6428187752042276,4.271872240391239e-06,macro_dataset_auroc,0.730555171460177,0.730555171460177,0.32680275165929207,0.181640625,1.6771858032887408
run_celeb_supervised_3d_t8_k3_v12_nocrop,39,0.6301751906814913,4.058278628371677e-06,macro_dataset_auroc,0.699702710176991,0.699702710176991,0.336110342920354,0.064453125,1.0665689308418838
run_celeb_supervised_3d_t8_k3_v12_nocrop,40,0.6563214217700052,3.855364696953093e-06,macro_dataset_auroc,0.7391973174778761,0.7391973174778761,0.32484962665929207,0.27734375,1.4925652649899452
run_celeb_supervised_3d_t8_k3_v12_nocrop,41,0.6082759591193222,3.6625964621054378e-06,macro_dataset_auroc,0.7233130530973451,0.7233130530973451,0.3204248478982301,0.1171875,1.6602721907180098
run_celeb_supervised_3d_t8_k3_v12_nocrop,42,0.6834316172046043,3.4794666390001657e-06,macro_dataset_auroc,0.761459485619469,0.761459485619469,0.2988799778761062,0.2265625,2.155703190017829
run_celeb_supervised_3d_t8_k3_v12_nocrop,43,0.587970843857692,3.3054933070501574e-06,macro_dataset_auroc,0.7274267146017699,0.7274267146017699,0.32973243915929207,0.15625,1.228625219546859
run_celeb_supervised_3d_t8_k3_v12_nocrop,44,0.591569398765317,3.1402186416976496e-06,macro_dataset_auroc,0.7261131084070797,0.7261131084070797,0.32289650165929207,0.154296875,1.9475246279188687
run_celeb_supervised_3d_t8_k3_v12_nocrop,45,0.6449279150155298,2.983207709612767e-06,macro_dataset_auroc,0.6703366980088495,0.6703366980088495,0.3762703954646018,0.060546875,1.4826151410496875
run_celeb_supervised_3d_t8_k3_v12_nocrop,46,0.6470015096564764,2.8340473241321283e-06,macro_dataset_auroc,0.7082757190265486,0.7082757190265486,0.3527724004424779,0.138671875,1.6915620663172655
run_celeb_supervised_3d_t8_k3_v12_nocrop,47,0.6446122071336572,2.692344957925522e-06,macro_dataset_auroc,0.6694551991150444,0.6694551991150444,0.3704110204646018,0.080078125,1.2036550366015861
run_celeb_supervised_3d_t8_k3_v12_nocrop,48,0.606195580129182,2.5577277100292455e-06,macro_dataset_auroc,0.7160709347345133,0.7160709347345133,0.32973243915929207,0.12109375,1.649194149580312
run_celeb_supervised_3d_t8_k3_v12_nocrop,49,0.596289139945929,2.4298413245277833e-06,macro_dataset_auroc,0.7253180309734513,0.7253180309734513,0.340016592920354,0.22265625,1.5524866653202782
run_celeb_supervised_3d_t8_k3_v12_nocrop,50,0.5987086858582147,2.308349258301394e-06,macro_dataset_auroc,0.6473831581858406,0.6473831581858406,0.38707307798672563,0.06640625,1.9372520291000173
run_celeb_supervised_3d_t8_k3_v12_nocrop,51,0.6058113764831721,2.192931795386324e-06,macro_dataset_auroc,0.7257328539823009,0.7257328539823009,0.337086905420354,0.173828125,1.4048367457457676
run_celeb_supervised_3d_t8_k3_v12_nocrop,52,0.6023590261903614,2.0832852056170076e-06,macro_dataset_auroc,0.7445554480088494,0.7445554480088494,0.31014069413716816,0.205078125,1.6103117914641232
run_celeb_supervised_3d_t8_k3_v12_nocrop,53,0.6145910913850899,1.979120945336157e-06,macro_dataset_auroc,0.6914753871681416,0.6914753871681416,0.3620799917035398,0.072265625,1.0754968169958197
run_celeb_supervised_3d_t8_k3_v12_nocrop,54,0.644512885667955,1.8801648980693493e-06,macro_dataset_auroc,0.7264415099557522,0.7264415099557522,0.336110342920354,0.09375,1.8522783406571526
run_celeb_supervised_3d_t8_k3_v12_nocrop,55,0.6071124829558525,1.7861566531658818e-06,macro_dataset_auroc,0.6853913163716814,0.6853913163716814,0.3537489629424779,0.072265625,1.4621750027301834
run_celeb_supervised_3d_t8_k3_v12_nocrop,56,0.628282002740058,1.6968488205075877e-06,macro_dataset_auroc,0.7159499446902655,0.7159499446902655,0.32582618915929207,0.12109375,1.2356956374836794
run_celeb_supervised_3d_t8_k3_v12_nocrop,57,0.6133082519675838,1.6120063794822082e-06,macro_dataset_auroc,0.7357923119469026,0.7357923119469026,0.3194482853982301,0.2109375,1.5180127021304557
run_celeb_supervised_3d_t8_k3_v12_nocrop,58,0.6738609133947635,1.5314060605080976e-06,macro_dataset_auroc,0.6996681415929203,0.6996681415929203,0.3566786504424779,0.150390625,1.0911218725243967
run_celeb_supervised_3d_t8_k3_v12_nocrop,59,0.6306421058176489,1.4548357574826926e-06,macro_dataset_auroc,0.7671287334070797,0.7671287334070797,0.29738488661504425,0.3515625,1.3605007357488716
run_celeb_supervised_3d_t8_k3_v12_nocrop,60,0.6091923059175492,1.382093969608558e-06,macro_dataset_auroc,0.7110930586283186,0.7110930586283186,0.336110342920354,0.21484375,1.302689995000649
run_celeb_supervised_3d_t8_k3_v15_resmatch,1,1.6509460214871858,2.8499999999999998e-05,macro_dataset_auroc,0.6526202986725663,0.6526202986725663,0.4433766592920354,0.189453125,1.1866502769694487
run_celeb_supervised_3d_t8_k3_v15_resmatch,2,1.5582431331033808,2.7074999999999997e-05,macro_dataset_auroc,0.6817788993362832,0.6817788993362832,0.3723641454646018,0.142578125,1.1034692130574544
run_celeb_supervised_3d_t8_k3_v15_resmatch,3,1.4762621028060139,2.5721249999999997e-05,macro_dataset_auroc,0.648091814159292,0.648091814159292,0.3934509817477876,0.11328125,1.394587071524955
run_celeb_supervised_3d_t8_k3_v15_resmatch,4,1.435528864649536,2.4435187499999995e-05,macro_dataset_auroc,0.6303062776548672,0.6303062776548672,0.3983337942477876,0.083984375,1.5320779541080216
run_celeb_supervised_3d_t8_k3_v15_resmatch,5,1.268706492107319,2.3213428124999993e-05,macro_dataset_auroc,0.6524647400442478,0.6524647400442478,0.4326344717920354,0.17578125,0.99904066641856
run_celeb_supervised_3d_t8_k3_v15_resmatch,6,1.30273149675442,2.2052756718749993e-05,macro_dataset_auroc,0.6962804203539824,0.6962804203539824,0.3723641454646018,0.126953125,1.3424899260848588
run_celeb_supervised_3d_t8_k3_v15_resmatch,7,1.1775124175671554,2.0950118882812494e-05,macro_dataset_auroc,0.6842505530973451,0.6842505530973451,0.3787420492256637,0.173828125,1.158776210212755
run_celeb_supervised_3d_t8_k3_v15_resmatch,8,1.074940668798825,1.9902612938671867e-05,macro_dataset_auroc,0.7046287334070795,0.7046287334070795,0.3787420492256637,0.14453125,1.3986021292476476
run_celeb_supervised_3d_t8_k3_v15_resmatch,9,1.169327181604422,1.890748229173827e-05,macro_dataset_auroc,0.7139103982300885,0.7139103982300885,0.3787420492256637,0.189453125,1.4173487053698322
run_celeb_supervised_3d_t8_k3_v15_resmatch,10,1.0644898122422652,1.7962108177151358e-05,macro_dataset_auroc,0.7080510232300885,0.7080510232300885,0.3777654867256637,0.267578125,1.2871367362854904
run_celeb_supervised_3d_t8_k3_v15_resmatch,11,1.0970986517629362,1.7064002768293788e-05,macro_dataset_auroc,0.7064954369469025,0.7064954369469025,0.3752938329646018,0.109375,1.1297031283689623
run_celeb_supervised_3d_t8_k3_v15_resmatch,12,1.0431805611641236,1.6210802629879097e-05,macro_dataset_auroc,0.7313329646017699,0.7313329646017699,0.3473710591814159,0.177734375,1.0779912556841198
run_celeb_supervised_3d_t8_k3_v15_resmatch,13,1.0330789761395964,1.540026249838514e-05,macro_dataset_auroc,0.6994607300884956,0.6994607300884956,0.3787420492256637,0.203125,1.3118666728236554
run_celeb_supervised_3d_t8_k3_v15_resmatch,14,0.9621260884547603,1.4630249373465883e-05,macro_dataset_auroc,0.6806208517699115,0.6806208517699115,0.3797186117256637,0.138671875,1.1839635633853038
run_celeb_supervised_3d_t8_k3_v15_resmatch,15,0.9505958865118649,1.3898736904792588e-05,macro_dataset_auroc,0.7043867533185841,0.7043867533185841,0.3557020879424779,0.1640625,1.6164491354578054
run_celeb_supervised_3d_t8_k3_v15_resmatch,16,0.9616699935306247,1.3203800059552958e-05,macro_dataset_auroc,0.7065991426991151,0.7065991426991151,0.3674813329646018,0.185546875,1.4305521904693883
run_celeb_supervised_3d_t8_k3_v15_resmatch,17,0.9318963067445047,1.254361005657531e-05,macro_dataset_auroc,0.697265625,0.697265625,0.3527724004424779,0.138671875,1.0530941106941554
run_celeb_supervised_3d_t8_k3_v15_resmatch,18,0.9396167371428129,1.1916429553746543e-05,macro_dataset_auroc,0.7162610619469026,0.7162610619469026,0.3611034292035398,0.134765625,1.391579678574968
run_celeb_supervised_3d_t8_k3_v15_resmatch,19,0.9050308370121054,1.1320608076059215e-05,macro_dataset_auroc,0.715103014380531,0.715103014380531,0.3650096792035398,0.20703125,1.2530103284002085
run_celeb_supervised_3d_t8_k3_v15_resmatch,20,0.8386051198908205,1.0754577672256254e-05,macro_dataset_auroc,0.7057349280973452,0.7057349280973452,0.3620799917035398,0.169921875,1.5348633343535814
run_celeb_supervised_3d_t8_k3_v15_resmatch,21,0.9054174224130481,1.021684878864344e-05,macro_dataset_auroc,0.6928062776548672,0.6928062776548672,0.3620799917035398,0.126953125,1.2084755288204319
run_celeb_supervised_3d_t8_k3_v15_resmatch,22,0.8417354277160389,9.706006349211269e-06,macro_dataset_auroc,0.7077053373893805,0.7077053373893805,0.3527724004424779,0.16015625,1.1039380722616619
run_celeb_supervised_3d_t8_k3_v15_resmatch,23,0.8465407828923442,9.220706031750704e-06,macro_dataset_auroc,0.697352046460177,0.697352046460177,0.3713875829646018,0.14453125,1.370409295544847
run_celeb_supervised_3d_t8_k3_v15_resmatch,24,0.8777703428443454,8.759670730163168e-06,macro_dataset_auroc,0.7021570796460177,0.7021570796460177,0.3517958379424779,0.109375,1.3466551169348226
run_celeb_supervised_3d_t8_k3_v15_resmatch,25,0.8335936744051695,8.32168719365501e-06,macro_dataset_auroc,0.6934630807522124,0.6934630807522124,0.3591503042035398,0.087890625,1.4328709083090967
run_celeb_supervised_3d_t8_k3_v15_resmatch,26,0.8462727914638757,7.905602833972258e-06,macro_dataset_auroc,0.699045907079646,0.699045907079646,0.3434648091814159,0.126953125,1.0745506842320414
run_celeb_supervised_3d_t8_k3_v15_resmatch,27,0.8491251547965198,7.510322692273645e-06,macro_dataset_auroc,0.6821073008849557,0.6821073008849557,0.4140192892699115,0.1328125,1.2895042593348875
run_celeb_supervised_3d_t8_k3_v15_resmatch,28,0.8176454608959144,7.134806557659962e-06,macro_dataset_auroc,0.6938779037610621,0.6938779037610621,0.3743172704646018,0.0703125,1.000098378463765
run_celeb_supervised_3d_t8_k3_v15_resmatch,29,0.862731342706799,6.778066229776964e-06,macro_dataset_auroc,0.7059941924778761,0.7059941924778761,0.335133780420354,0.095703125,1.1420515223625145
run_celeb_supervised_3d_t8_k3_v15_resmatch,30,0.7872390066369226,6.439162918288115e-06,macro_dataset_auroc,0.6987002212389382,0.6987002212389382,0.3640331167035398,0.09375,1.0293193060815113
run_celeb_supervised_3d_t8_k3_v15_resmatch,31,0.798803464198093,6.11720477237371e-06,macro_dataset_auroc,0.7110066371681416,0.7110066371681416,0.3537489629424779,0.091796875,1.228723446388364
run_celeb_supervised_3d_t8_k3_v15_resmatch,32,0.7720322592114061,5.811344533755024e-06,macro_dataset_auroc,0.7073596515486724,0.7073596515486724,0.338063467920354,0.07421875,1.0935082401795155
run_celeb_supervised_3d_t8_k3_v15_resmatch,33,0.7685104505285062,5.520777307067273e-06,macro_dataset_auroc,0.7069102599557522,0.7069102599557522,0.337086905420354,0.1171875,1.2721724939475374
run_celeb_supervised_3d_t8_k3_v15_resmatch,34,0.7715677459090705,5.244738441713909e-06,macro_dataset_auroc,0.701344717920354,0.701344717920354,0.3537489629424779,0.095703125,1.3362824093576158
run_celeb_supervised_3d_t8_k3_v15_resmatch,35,0.7990467836791695,4.982501519628213e-06,macro_dataset_auroc,0.6919420630530975,0.6919420630530975,0.3611034292035398,0.115234375,1.5461305104456509
run_celeb_supervised_3d_t8_k3_v15_resmatch,36,0.7627310465237348,4.7333764436468025e-06,macro_dataset_auroc,0.6931692477876106,0.6931692477876106,0.3547255254424779,0.07421875,1.3241510264258327
run_celeb_supervised_3d_t8_k3_v15_resmatch,37,0.7889713959959844,4.496707621464462e-06,macro_dataset_auroc,0.6888136061946901,0.6888136061946901,0.3625380254424779,0.109375,1.1942849021847064
run_celeb_supervised_3d_t8_k3_v15_resmatch,38,0.8022597884823117,4.271872240391239e-06,macro_dataset_auroc,0.6938260508849559,0.6938260508849559,0.3434648091814159,0.087890625,1.1001682173289442
run_celeb_supervised_3d_t8_k3_v15_resmatch,39,0.8020444401277026,4.058278628371677e-06,macro_dataset_auroc,0.6872580199115044,0.6872580199115044,0.3620799917035398,0.08984375,1.0567818532559419
run_celeb_supervised_3d_t8_k3_v15_resmatch,40,0.7492723177273745,3.855364696953093e-06,macro_dataset_auroc,0.687327157079646,0.687327157079646,0.3557020879424779,0.099609375,1.0340373777515093
run_celeb_supervised_3d_t8_k3_v15_resmatch,41,0.7564140516492807,3.6625964621054378e-06,macro_dataset_auroc,0.6921494745575222,0.6921494745575222,0.3527724004424779,0.146484375,1.325476017549341
run_celeb_supervised_3d_t8_k3_v15_resmatch,42,0.7891149188089527,3.4794666390001657e-06,macro_dataset_auroc,0.6862209623893806,0.6862209623893806,0.3424882466814159,0.1328125,1.4069240706085417
run_celeb_supervised_3d_t8_k3_v15_resmatch,43,0.7629171244034371,3.3054933070501574e-06,macro_dataset_auroc,0.6932556692477876,0.6932556692477876,0.3376054341814159,0.14453125,1.2981374257373697
run_celeb_supervised_3d_t8_k3_v15_resmatch,44,0.7979579628741469,3.1402186416976496e-06,macro_dataset_auroc,0.6847172289823009,0.6847172289823009,0.3674813329646018,0.12109375,1.1171724846886664
run_celeb_supervised_3d_t8_k3_v15_resmatch,45,0.7501244830851843,2.983207709612767e-06,macro_dataset_auroc,0.6767837389380531,0.6767837389380531,0.3630565542035398,0.11328125,1.053615674888416
run_celeb_supervised_3d_t8_k3_v15_resmatch,46,0.7614526758623745,2.8340473241321283e-06,macro_dataset_auroc,0.6911642699115044,0.6911642699115044,0.3640331167035398,0.134765625,1.0913189050196306
run_celeb_supervised_3d_t8_k3_v15_resmatch,47,0.748725375394545,2.692344957925522e-06,macro_dataset_auroc,0.6806381360619469,0.6806381360619469,0.3611034292035398,0.140625,1.2474694762901444
run_celeb_supervised_3d_t8_k3_v15_resmatch,48,0.740531323754136,2.5577277100292455e-06,macro_dataset_auroc,0.6767318860619469,0.6767318860619469,0.3836248617256637,0.076171875,1.3375867217614945
run_celeb_supervised_3d_t8_k3_v15_resmatch,49,0.7712225068548959,2.4298413245277833e-06,macro_dataset_auroc,0.6693860619469026,0.6693860619469026,0.3797186117256637,0.064453125,1.44424234938832
run_celeb_supervised_3d_t8_k3_v15_resmatch,50,0.7316433567474756,2.308349258301394e-06,macro_dataset_auroc,0.6880012444690267,0.6880012444690267,0.3713875829646018,0.15625,1.0714598574421565
run_celeb_supervised_3d_t8_k3_v15_resmatch,51,0.7869743011940459,2.192931795386324e-06,macro_dataset_auroc,0.670319413716814,0.670319413716814,0.3797186117256637,0.1015625,1.3256017536577591
run_celeb_supervised_3d_t8_k3_v15_resmatch,52,0.7657930942990652,2.0832852056170076e-06,macro_dataset_auroc,0.6654452433628318,0.6654452433628318,0.3611034292035398,0.083984375,1.2274056297645897
run_celeb_supervised_3d_t8_k3_v15_resmatch,53,0.7259433889855763,1.979120945336157e-06,macro_dataset_auroc,0.6822974280973451,0.6822974280973451,0.3537489629424779,0.107421875,1.1213043084971985
run_celeb_supervised_3d_t8_k3_v15_resmatch,54,0.6959688304262586,1.8801648980693493e-06,macro_dataset_auroc,0.6897815265486726,0.6897815265486726,0.3444413716814159,0.115234375,1.1525775945462788
run_celeb_supervised_3d_t8_k3_v15_resmatch,55,0.6565086854770658,1.7861566531658818e-06,macro_dataset_auroc,0.6785121681415929,0.6785121681415929,0.3787420492256637,0.125,1.0825458617820956
run_celeb_supervised_3d_t8_k3_v1_full,1,1.5738913306501523,9.5e-05,macro_dataset_auroc,0.6955199115044248,0.6955199115044248,0.3522538716814159,0.25,0.13058746017548212
run_celeb_supervised_3d_t8_k3_v1_full,2,0.9275316727358307,9.025e-05,macro_dataset_auroc,0.7039546460176992,0.7039546460176992,0.3444413716814159,0.265625,0.004279792690549293
run_celeb_supervised_3d_t8_k3_v1_full,3,0.8036003380430464,8.573749999999999e-05,macro_dataset_auroc,0.6457411504424779,0.6457411504424779,0.42332688053097345,0.171875,0.02115330072544325
run_celeb_supervised_3d_t8_k3_v1_full,4,0.8142954422796045,8.145062499999998e-05,macro_dataset_auroc,0.7018805309734514,0.7018805309734514,0.3444413716814159,0.203125,0.01403631265197679
run_celeb_supervised_3d_t8_k3_v1_full,5,0.8184711089081224,7.737809374999998e-05,macro_dataset_auroc,0.7605088495575222,0.7605088495575222,0.332204092920354,0.21875,0.011823210219172155
run_celeb_supervised_3d_t8_k3_v2_full,1,1.5553122763423215,9.5e-05,macro_dataset_auroc,0.7172289823008849,0.7172289823008849,0.3566786504424779,0.1875,0.08481597686763793
run_celeb_supervised_3d_t8_k3_v2_full,2,0.9308203668325994,9.025e-05,macro_dataset_auroc,0.7000829646017698,0.7000829646017698,0.3733407079646018,0.25,0.007073031554474191
run_celeb_supervised_3d_t8_k3_v2_full,3,0.8430728360852545,8.573749999999999e-05,macro_dataset_auroc,0.6180862831858408,0.6180862831858408,0.41551438053097345,0.21875,0.023090576022731405
run_celeb_supervised_3d_t8_k3_v2_full,4,0.8449499904684006,8.145062499999998e-05,macro_dataset_auroc,0.726216814159292,0.726216814159292,0.3611034292035398,0.3125,0.008920239533320454
run_celeb_supervised_3d_t8_k3_v2_full,5,0.8066755903863498,7.737809374999998e-05,macro_dataset_auroc,0.7397676991150443,0.7397676991150443,0.3444413716814159,0.28125,0.00989653436822422
run_celeb_supervised_3d_t8_k3_v2_full,6,0.8438465419676623,7.350918906249998e-05,macro_dataset_auroc,0.752212389380531,0.752212389380531,0.32674225663716816,0.25,0.02081516886562483
run_celeb_supervised_3d_t8_k3_v3_full,1,1.56595399108568,9.5e-05,macro_dataset_auroc,0.6980088495575221,0.6980088495575221,0.31111725663716816,0.125,0.09756082697829273
run_celeb_supervised_3d_t8_k3_v3_full,2,0.92101731844137,9.025e-05,macro_dataset_auroc,0.6814159292035399,0.6814159292035399,0.3733407079646018,0.1875,0.001386996368704486
run_celeb_supervised_3d_t8_k3_v3_full,3,0.8139095611529968,8.573749999999999e-05,macro_dataset_auroc,0.6811393805309736,0.6811393805309736,0.3566786504424779,0.171875,0.005871748157382197
run_celeb_supervised_3d_t8_k3_v3_full,4,0.8273169442367106,8.145062499999998e-05,macro_dataset_auroc,0.7284292035398231,0.7284292035398231,0.3444413716814159,0.234375,0.004496584001221248
run_celeb_supervised_3d_t8_k3_v3_full,5,0.7617523848864616,7.737809374999998e-05,macro_dataset_auroc,0.7343750000000001,0.7343750000000001,0.3689159292035398,0.234375,0.013598462274320145
run_celeb_supervised_3d_t8_k3_v3_full,6,0.8106104408681004,7.350918906249998e-05,macro_dataset_auroc,0.7282909292035398,0.7282909292035398,0.3077295353982301,0.21875,0.010085387353744493
run_celeb_supervised_3d_t8_k3_v3_full,7,0.778684405242298,6.983372960937497e-05,macro_dataset_auroc,0.7093473451327434,0.7093473451327434,0.340016592920354,0.203125,0.005000267752017225
run_celeb_supervised_3d_t8_k3_v3_full,8,0.7727740529748394,6.634204312890622e-05,macro_dataset_auroc,0.6869469026548674,0.6869469026548674,0.3855779867256637,0.171875,0.002862610837518762
run_celeb_supervised_3d_t8_k3_v3_full,9,0.7673773023666021,6.30249409724609e-05,macro_dataset_auroc,0.699391592920354,0.699391592920354,0.3522538716814159,0.140625,0.004988479500557289
run_celeb_supervised_3d_t8_k3_v3_full,10,0.792144714400391,5.987369392383786e-05,macro_dataset_auroc,0.7482024336283186,0.7482024336283186,0.32777931415929207,0.3125,0.004066655377779464
run_celeb_supervised_3d_t8_k3_v3_full,11,0.756054512737091,5.688000922764596e-05,macro_dataset_auroc,0.7233130530973451,0.7233130530973451,0.3644911504424779,0.296875,0.005238458792098473
run_celeb_supervised_3d_t8_k3_v3_full,12,0.7466171406890109,5.4036008766263664e-05,macro_dataset_auroc,0.7401825221238938,0.7401825221238938,0.3566786504424779,0.3125,0.006382793065759846
run_celeb_supervised_3d_t8_k3_v3_full,13,0.748593338818379,5.133420832795048e-05,macro_dataset_auroc,0.7179203539823008,0.7179203539823008,0.39000276548672563,0.3125,0.011232696167234607
run_celeb_supervised_3d_t8_k3_v3_full,14,0.752306602524554,4.876749791155295e-05,macro_dataset_auroc,0.7545630530973453,0.7545630530973453,0.3566786504424779,0.265625,0.008573051887185379
run_celeb_supervised_3d_t8_k3_v3_full,15,0.7573522605354401,4.6329123015975305e-05,macro_dataset_auroc,0.709070796460177,0.709070796460177,0.4267146017699115,0.234375,0.0075722289458267445
run_celeb_supervised_3d_t8_k3_v3_full,16,0.7383592622643291,4.4012666865176535e-05,macro_dataset_auroc,0.7122511061946902,0.7122511061946902,0.3644911504424779,0.21875,0.00820266999272554
run_celeb_supervised_3d_t8_k3_v3_full,17,0.7776204804490285,4.181203352191771e-05,macro_dataset_auroc,0.7397676991150444,0.7397676991150444,0.340016592920354,0.234375,0.009108006006963137
run_celeb_supervised_3d_t8_k3_v3_full,18,0.7461212010747262,3.972143184582182e-05,macro_dataset_auroc,0.7352046460176992,0.7352046460176992,0.3600663716814159,0.1875,0.007172028660804088
run_celeb_supervised_3d_t8_k3_v3_full,19,0.7363589843507206,3.7735360253530726e-05,macro_dataset_auroc,0.7195796460176991,0.7195796460176991,0.3777654867256637,0.296875,0.00770872676249577
run_celeb_supervised_3d_t8_k3_v3_full,20,0.7458166917011166,3.584859224085419e-05,macro_dataset_auroc,0.7335453539823009,0.7335453539823009,0.3566786504424779,0.3125,0.007873125630899288
run_celeb_supervised_3d_t8_k3_v3_full,21,0.7414966420153517,3.405616262881148e-05,macro_dataset_auroc,0.7338219026548674,0.7338219026548674,0.3488661504424779,0.171875,0.008109044785995891
run_celeb_supervised_3d_t8_k3_v3_full,22,0.7354910252266373,3.2353354497370904e-05,macro_dataset_auroc,0.7483407079646018,0.7483407079646018,0.3566786504424779,0.28125,0.011232113359637905
run_celeb_supervised_3d_t8_k3_v4_relu,1,2.309279993030609,9.5e-05,macro_dataset_auroc,0.683075221238938,0.683075221238938,0.39781526548672563,0.09375,0.3814748736175322
run_celeb_supervised_3d_t8_k3_v4_relu,2,1.529295199925952,9.025e-05,macro_dataset_auroc,0.6147676991150443,0.6147676991150443,0.39000276548672563,0.078125,0.2174785887652646
run_celeb_supervised_3d_t8_k3_v4_relu,3,1.4231373476712292,8.573749999999999e-05,macro_dataset_auroc,0.5828263274336283,0.5828263274336283,0.45665099557522126,0.09375,0.33327500905297536
run_celeb_supervised_3d_t8_k3_v4_relu,4,1.2754115565796953,8.145062499999998e-05,macro_dataset_auroc,0.7089325221238938,0.7089325221238938,0.3155420353982301,0.234375,0.23034620211272855
run_celeb_supervised_3d_t8_k3_v4_relu,5,1.0598987719229442,7.737809374999998e-05,macro_dataset_auroc,0.6922013274336283,0.6922013274336283,0.3611034292035398,0.171875,0.21355222471700355
run_celeb_supervised_3d_t8_k3_v4_relu,6,1.02810295321181,7.350918906249998e-05,macro_dataset_auroc,0.7078263274336283,0.7078263274336283,0.3611034292035398,0.21875,0.15434466965840551
run_celeb_supervised_3d_t8_k3_v4_relu,7,0.9859318619876565,6.983372960937497e-05,macro_dataset_auroc,0.6920630530973452,0.6920630530973452,0.3733407079646018,0.25,0.14196409296455337
run_celeb_supervised_3d_t8_k3_v4_relu,8,1.0566950096075725,6.634204312890622e-05,macro_dataset_auroc,0.7162610619469026,0.7162610619469026,0.3611034292035398,0.296875,0.18121637513819255
run_celeb_supervised_3d_t8_k3_v4_relu,9,1.1303942021511215,6.30249409724609e-05,macro_dataset_auroc,0.6922013274336283,0.6922013274336283,0.3733407079646018,0.140625,0.2711810004245791
run_celeb_supervised_3d_t8_k3_v4_relu,10,1.1292986716424855,5.987369392383786e-05,macro_dataset_auroc,0.7589878318584071,0.7589878318584071,0.2811808628318584,0.34375,0.14102866899876818
run_celeb_supervised_3d_t8_k3_v4_relu,11,1.0568275828747045,5.688000922764596e-05,macro_dataset_auroc,0.7357577433628318,0.7357577433628318,0.3611034292035398,0.203125,0.15818080564926978
run_celeb_supervised_3d_t8_k3_v4_relu,12,0.9754093513743524,5.4036008766263664e-05,macro_dataset_auroc,0.7360342920353982,0.7360342920353982,0.3444413716814159,0.234375,0.17221304825959857
run_celeb_supervised_3d_t8_k3_v4_relu,13,1.0292658233380045,5.133420832795048e-05,macro_dataset_auroc,0.7241426991150444,0.7241426991150444,0.3611034292035398,0.265625,0.19236824647691766
run_celeb_supervised_3d_t8_k3_v4_relu,14,1.0356472355494395,4.876749791155295e-05,macro_dataset_auroc,0.7439159292035398,0.7439159292035398,0.3488661504424779,0.234375,0.21668327727014058
run_celeb_supervised_3d_t8_k3_v4_relu,15,0.9894305891547273,4.6329123015975305e-05,macro_dataset_auroc,0.7260785398230089,0.7260785398230089,0.3777654867256637,0.390625,0.21190941879904335
run_celeb_supervised_3d_t8_k3_v4_relu,16,0.9351323988914587,4.4012666865176535e-05,macro_dataset_auroc,0.7051991150442477,0.7051991150442477,0.3733407079646018,0.265625,0.29131554435660173
run_celeb_supervised_3d_t8_k3_v4_relu,17,0.9935902395995173,4.181203352191771e-05,macro_dataset_auroc,0.706028761061947,0.706028761061947,0.3566786504424779,0.171875,0.2834421547880183
run_celeb_supervised_3d_t8_k3_v4_relu,18,1.007184772267573,3.972143184582182e-05,macro_dataset_auroc,0.6859789823008849,0.6859789823008849,0.3611034292035398,0.203125,0.2847834862540601
run_celeb_supervised_3d_t8_k3_v5_relu_lr3e5,1,1.4390405743317543,2.8499999999999998e-05,macro_dataset_auroc,0.7118362831858408,0.7118362831858408,0.3444413716814159,0.1875,0.6521866040337342
run_celeb_supervised_3d_t8_k3_v5_relu_lr3e5,2,1.3810884644616195,2.7074999999999997e-05,macro_dataset_auroc,0.6362002212389382,0.6362002212389382,0.41447732300884954,0.25,0.5523540374937275
run_celeb_supervised_3d_t8_k3_v5_relu_lr3e5,3,1.344522671217971,2.5721249999999997e-05,macro_dataset_auroc,0.6126935840707964,0.6126935840707964,0.4022400442477876,0.140625,0.4693061902027969
run_celeb_supervised_3d_t8_k3_v5_relu_lr3e5,4,1.266365366770626,2.4435187499999995e-05,macro_dataset_auroc,0.7437776548672567,0.7437776548672567,0.3155420353982301,0.171875,0.838873707716728
run_celeb_supervised_3d_t8_k3_v5_relu_lr3e5,5,1.162870500090898,2.3213428124999993e-05,macro_dataset_auroc,0.6843196902654867,0.6843196902654867,0.3366288716814159,0.15625,0.6737832619325301
run_celeb_supervised_3d_t8_k3_v5_relu_lr3e5,6,1.2023074395687214,2.2052756718749993e-05,macro_dataset_auroc,0.7363108407079647,0.7363108407079647,0.3600663716814159,0.28125,0.5109718177990256
run_celeb_supervised_3d_t8_k3_v5_relu_lr3e5,7,1.106229335008885,2.0950118882812494e-05,macro_dataset_auroc,0.7282909292035398,0.7282909292035398,0.38219026548672563,0.359375,0.5489433917565187
run_celeb_supervised_3d_t8_k3_v5_relu_lr3e5,8,1.083463141466772,1.9902612938671867e-05,macro_dataset_auroc,0.6981471238938053,0.6981471238938053,0.3655282079646018,0.203125,0.6950008038312712
run_celeb_supervised_3d_t8_k3_v5_relu_lr3e5,9,1.0601088939018877,1.890748229173827e-05,macro_dataset_auroc,0.6731194690265486,0.6731194690265486,0.3777654867256637,0.15625,0.6056004672740526
run_celeb_supervised_3d_t8_k3_v5_relu_lr3e5,10,1.0842887204790679,1.7962108177151358e-05,macro_dataset_auroc,0.6984236725663717,0.6984236725663717,0.3866150442477876,0.265625,0.663947349773049
run_celeb_supervised_3d_t8_k3_v5_relu_lr3e5,11,1.0139794343228636,1.7064002768293788e-05,macro_dataset_auroc,0.7298119469026548,0.7298119469026548,0.340016592920354,0.3125,0.7964897991566703
run_celeb_supervised_3d_t8_k3_v5_relu_lr3e5,12,0.9988360267077826,1.6210802629879097e-05,macro_dataset_auroc,0.6829369469026548,0.6829369469026548,0.3866150442477876,0.21875,1.1664210777482689
run_celeb_supervised_3d_t8_k3_v6_bigval,1,1.4465746691854606,2.8499999999999998e-05,macro_dataset_auroc,0.6841295630530974,0.6841295630530974,0.3713875829646018,0.140625,0.5976359315539657
run_celeb_supervised_3d_t8_k3_v6_bigval,2,1.3803829552870104,2.7074999999999997e-05,macro_dataset_auroc,0.6293729258849559,0.6293729258849559,0.3963806692477876,0.181640625,0.4101834657804887
run_celeb_supervised_3d_t8_k3_v6_bigval,3,1.3034584709119543,2.5721249999999997e-05,macro_dataset_auroc,0.6295284845132743,0.6295284845132743,0.42918625553097345,0.1796875,0.38375408041119125
run_celeb_supervised_3d_t8_k3_v6_bigval,4,1.2533611591060632,2.4435187499999995e-05,macro_dataset_auroc,0.6801714601769911,0.6801714601769911,0.3752938329646018,0.1796875,0.48864300464958843
run_celeb_supervised_3d_t8_k3_v6_bigval,5,1.1322388419939196,2.3213428124999993e-05,macro_dataset_auroc,0.6647020188053097,0.6647020188053097,0.3934509817477876,0.208984375,0.5435090038653654
run_celeb_supervised_3d_t8_k3_v6_bigval,6,1.1209570800803517,2.2052756718749993e-05,macro_dataset_auroc,0.691803788716814,0.691803788716814,0.3723641454646018,0.20703125,0.3703065548925964
run_celeb_supervised_3d_t8_k3_v6_bigval,7,1.038021789775587,2.0950118882812494e-05,macro_dataset_auroc,0.7156906803097345,0.7156906803097345,0.3434648091814159,0.224609375,0.4274589672260946
run_celeb_supervised_3d_t8_k3_v6_bigval,8,1.0342042255557187,1.9902612938671867e-05,macro_dataset_auroc,0.6900235066371682,0.6900235066371682,0.3640331167035398,0.220703125,0.4612995124064487
run_celeb_supervised_3d_t8_k3_v6_bigval,9,1.0735433450907614,1.890748229173827e-05,macro_dataset_auroc,0.682988799778761,0.682988799778761,0.3865545492256637,0.193359375,0.5098703726303155
run_celeb_supervised_3d_t8_k3_v6_bigval,10,1.0930648377046694,1.7962108177151358e-05,macro_dataset_auroc,0.6794455199115044,0.6794455199115044,0.3547255254424779,0.14453125,0.6155148341844414
run_celeb_supervised_3d_t8_k3_v6_bigval,11,1.0099364329086917,1.7064002768293788e-05,macro_dataset_auroc,0.702952157079646,0.702952157079646,0.3547255254424779,0.201171875,0.6070753057936645
run_celeb_supervised_3d_t8_k3_v6_bigval,12,0.97166879431969,1.6210802629879097e-05,macro_dataset_auroc,0.6724626659292035,0.6724626659292035,0.3733407079646018,0.125,0.5571469336533388
run_celeb_supervised_3d_t8_k3_v6_bigval,13,0.9834238882093017,1.540026249838514e-05,macro_dataset_auroc,0.7082238661504424,0.7082238661504424,0.3463944966814159,0.205078125,0.5170470517568583
run_celeb_supervised_3d_t8_k3_v6_bigval,14,0.9937500308585303,1.4630249373465883e-05,macro_dataset_auroc,0.7383503871681416,0.7383503871681416,0.338063467920354,0.279296875,0.41888938942122056
run_celeb_supervised_3d_t8_k3_v6_bigval,15,0.9809952485960032,1.3898736904792588e-05,macro_dataset_auroc,0.7006706305309734,0.7006706305309734,0.3493241841814159,0.1640625,0.7163704825267719
run_celeb_supervised_3d_t8_k3_v6_bigval,16,0.9344140907193474,1.3203800059552958e-05,macro_dataset_auroc,0.6968508019911505,0.6968508019911505,0.3650096792035398,0.140625,0.4184331266491815
run_celeb_supervised_3d_t8_k3_v6_bigval,17,0.942915477198936,1.254361005657531e-05,macro_dataset_auroc,0.7214117809734513,0.7214117809734513,0.32582618915929207,0.197265625,0.4681514327572619
run_celeb_supervised_3d_t8_k3_v6_bigval,18,0.9337711995118108,1.1916429553746543e-05,macro_dataset_auroc,0.7197870575221239,0.7197870575221239,0.3204248478982301,0.220703125,0.5463473273389257
run_celeb_supervised_3d_t8_k3_v6_bigval,19,0.9215804553039214,1.1320608076059215e-05,macro_dataset_auroc,0.6951223727876106,0.6951223727876106,0.3630565542035398,0.1953125,0.4221411979995819
run_celeb_supervised_3d_t8_k3_v6_bigval,20,0.9204085714033339,1.0754577672256254e-05,macro_dataset_auroc,0.7006187776548671,0.7006187776548671,0.3527724004424779,0.130859375,0.5730002581278545
run_celeb_supervised_3d_t8_k3_v6_bigval,21,0.8536362352539432,1.021684878864344e-05,macro_dataset_auroc,0.7265452157079646,0.7265452157079646,0.32777931415929207,0.22265625,0.44538068445569134
run_celeb_supervised_3d_t8_k3_v6_bigval,22,0.9067143267218091,9.706006349211269e-06,macro_dataset_auroc,0.7181450497787611,0.7181450497787611,0.3517958379424779,0.25,0.5938580829860095
run_celeb_supervised_3d_t8_k3_v6_bigval,23,0.8450424418728464,9.220706031750704e-06,macro_dataset_auroc,0.7415479811946902,0.7415479811946902,0.334157217920354,0.279296875,0.4952674007479061
run_celeb_supervised_3d_t8_k3_v6_bigval,24,0.7951307180314818,8.759670730163168e-06,macro_dataset_auroc,0.706685564159292,0.706685564159292,0.3537489629424779,0.20703125,0.6158678163802994
run_celeb_supervised_3d_t8_k3_v6_bigval,25,0.8563724741412609,8.32168719365501e-06,macro_dataset_auroc,0.734375,0.734375,0.3444413716814159,0.263671875,0.5942795250652952
run_celeb_supervised_3d_t8_k3_v6_bigval,26,0.8866498355205258,7.905602833972258e-06,macro_dataset_auroc,0.7179894911504425,0.7179894911504425,0.3463944966814159,0.18359375,0.6485952144466667
run_celeb_supervised_3d_t8_k3_v6_bigval,27,0.859856083095803,7.510322692273645e-06,macro_dataset_auroc,0.7149128871681416,0.7149128871681416,0.3704110204646018,0.19140625,0.37062408695334137
run_celeb_supervised_3d_t8_k3_v6_bigval,28,0.8116616042327822,7.134806557659962e-06,macro_dataset_auroc,0.7449702710176991,0.7449702710176991,0.334157217920354,0.263671875,0.6362543230194497
run_celeb_supervised_3d_t8_k3_v6_bigval,29,0.8521071331754788,6.778066229776964e-06,macro_dataset_auroc,0.7400269634955752,0.7400269634955752,0.334157217920354,0.240234375,0.6032905815765066
run_celeb_supervised_3d_t8_k3_v6_bigval,30,0.7945835390120599,6.439162918288115e-06,macro_dataset_auroc,0.718490735619469,0.718490735619469,0.333180655420354,0.177734375,0.5151455076844426
run_celeb_supervised_3d_t8_k3_v6_bigval,31,0.8262438445699934,6.11720477237371e-06,macro_dataset_auroc,0.723226631637168,0.723226631637168,0.338063467920354,0.142578125,0.5265993141322527
run_celeb_supervised_3d_t8_k3_v6_bigval,32,0.8308164257720283,5.811344533755024e-06,macro_dataset_auroc,0.7051299778761061,0.7051299778761061,0.3517958379424779,0.091796875,0.6084588199342825
run_celeb_supervised_3d_t8_k3_v6_bigval,33,0.8057284523804367,5.520777307067273e-06,macro_dataset_auroc,0.7065472898230089,0.7065472898230089,0.3611034292035398,0.171875,0.6382818066104541
run_celeb_supervised_3d_t8_k3_v6_bigval,34,0.7927160258564435,5.244738441713909e-06,macro_dataset_auroc,0.7066337112831858,0.7066337112831858,0.32777931415929207,0.15234375,0.5064122482788864
run_celeb_supervised_3d_t8_k3_v6_bigval,35,0.7948513898093004,4.982501519628213e-06,macro_dataset_auroc,0.7048707134955753,0.7048707134955753,0.334157217920354,0.05078125,0.8669898656623731
run_celeb_supervised_3d_t8_k3_v6_bigval,36,0.792872600482251,4.7333764436468025e-06,macro_dataset_auroc,0.7134437223451326,0.7134437223451326,0.3576552129424779,0.2109375,0.5266082165509669
run_celeb_supervised_3d_t8_k3_v6_bigval,37,0.8193218412628279,4.496707621464462e-06,macro_dataset_auroc,0.7081720132743363,0.7081720132743363,0.336110342920354,0.12109375,0.6134012714135698
run_celeb_supervised_3d_t8_k3_v6_bigval,38,0.8042498536918428,4.271872240391239e-06,macro_dataset_auroc,0.7271155973451326,0.7271155973451326,0.3463944966814159,0.05859375,0.7697206964271865
run_celeb_supervised_3d_t8_k3_v6_bigval,39,0.8010968639595862,4.058278628371677e-06,macro_dataset_auroc,0.7169351493362832,0.7169351493362832,0.336110342920354,0.15234375,0.47198360096758724
run_celeb_supervised_3d_t8_k3_v6_bigval,40,0.7786718139373264,3.855364696953093e-06,macro_dataset_auroc,0.724436532079646,0.724436532079646,0.3184717228982301,0.103515625,0.7410474733221574
run_celeb_supervised_3d_t8_k3_v7_wide,1,1.5539371556865256,0.000285,macro_dataset_auroc,0.5641592920353983,0.5641592920353983,0.44096550055309736,0.029296875,2.3043370201844304
run_celeb_supervised_3d_t8_k3_v7_wide,2,1.2675605221221538,0.00027075,macro_dataset_auroc,0.5964463495575222,0.5964463495575222,0.4336110342920354,0.09375,1.3010776422669204
run_celeb_supervised_3d_t8_k3_v7_wide,3,1.2791126174381273,0.0002572125,macro_dataset_auroc,0.5155558628318584,0.5155558628318584,0.5173793556415929,0.04296875,0.8233788600693538
run_celeb_supervised_3d_t8_k3_v7_wide,4,1.219906233384792,0.000244351875,macro_dataset_auroc,0.5962562223451328,0.5962562223451328,0.4316579092920354,0.109375,1.0685125392757615
run_celeb_supervised_3d_t8_k3_v7_wide,5,1.2180497448824552,0.00023213428124999998,macro_dataset_auroc,0.5683248064159292,0.5683248064159292,0.45958068307522126,0.150390625,0.8023901027884224
run_celeb_supervised_3d_t8_k3_v7_wide,6,1.1602085835465987,0.00022052756718749997,macro_dataset_auroc,0.562759264380531,0.562759264380531,0.44389518805309736,0.083984375,0.907648128689986
run_celeb_supervised_3d_t8_k3_v7_wide,7,1.155772780042391,0.00020950118882812497,macro_dataset_auroc,0.6331754701327433,0.6331754701327433,0.40764138550884954,0.091796875,0.9511258289230432
run_celeb_supervised_3d_t8_k3_v7_wide,8,1.1547663565147759,0.00019902612938671872,macro_dataset_auroc,0.6074391592920354,0.6074391592920354,0.42430344303097345,0.130859375,0.6290810938796694
run_celeb_supervised_3d_t8_k3_v7_wide,9,1.1200954506195,0.00018907482291738277,macro_dataset_auroc,0.5887548396017699,0.5887548396017699,0.42332688053097345,0.109375,0.39213782667398334
run_celeb_supervised_3d_t8_k3_v7_wide,10,1.1455532324669022,0.0001796210817715136,macro_dataset_auroc,0.6510128595132743,0.6510128595132743,0.3924744192477876,0.130859375,0.9521405182091693
run_celeb_supervised_3d_t8_k3_v7_wide,11,1.0828290546941912,0.00017064002768293793,macro_dataset_auroc,0.6508400165929202,0.6508400165929202,0.40666482300884954,0.193359375,1.2015167330607657
run_celeb_supervised_3d_t8_k3_v7_wide,12,1.0950402974426066,0.00016210802629879103,macro_dataset_auroc,0.6216468473451328,0.6216468473451328,0.40568826050884954,0.1015625,0.6952984261955792
run_celeb_supervised_3d_t8_k3_v7_wide,13,1.1075780165623297,0.00015400262498385146,macro_dataset_auroc,0.6592574668141593,0.6592574668141593,0.41838357300884954,0.115234375,0.8460080700655123
run_celeb_supervised_3d_t8_k3_v7_wide,14,1.0228573157897198,0.00014630249373465888,macro_dataset_auroc,0.6120713495575222,0.6120713495575222,0.42332688053097345,0.064453125,0.3851847760919307
run_celeb_supervised_3d_t8_k3_v7_wide,15,1.0253339957257468,0.00013898736904792593,macro_dataset_auroc,0.6504251935840708,0.6504251935840708,0.40568826050884954,0.083984375,0.769107402019703
run_celeb_supervised_3d_t8_k3_v7_wide,16,1.0293448985254978,0.00013203800059552963,macro_dataset_auroc,0.6524128871681416,0.6524128871681416,0.40568826050884954,0.142578125,0.44757735610839333
run_celeb_supervised_3d_t8_k3_v7_wide,17,0.9895640656133265,0.00012543610056575314,macro_dataset_auroc,0.6974211836283185,0.6974211836283185,0.3733407079646018,0.140625,0.6061701254167747
run_celeb_supervised_3d_t8_k3_v7_wide,18,1.0195883151636038,0.00011916429553746547,macro_dataset_auroc,0.6829715154867257,0.6829715154867257,0.3547255254424779,0.146484375,0.780031210221318
run_celeb_supervised_3d_t8_k3_v7_wide,19,1.0112143628797563,0.0001132060807605922,macro_dataset_auroc,0.6436670353982301,0.6436670353982301,0.4012634817477876,0.134765625,0.34534335006559186
run_celeb_supervised_3d_t8_k3_v7_wide,20,0.9856734322004178,0.00010754577672256258,macro_dataset_auroc,0.7013792865044248,0.7013792865044248,0.3566786504424779,0.162109375,0.460100262345403
run_celeb_supervised_3d_t8_k3_v7_wide,21,0.9282979641541182,0.00010216848788643445,macro_dataset_auroc,0.6755738384955752,0.6755738384955752,0.3963806692477876,0.169921875,0.301922697437265
run_celeb_supervised_3d_t8_k3_v7_wide,22,0.9787432843816222,9.706006349211273e-05,macro_dataset_auroc,0.6988903484513274,0.6988903484513274,0.3537489629424779,0.1796875,0.43305435033086226
run_celeb_supervised_3d_t8_k3_v7_wide,23,0.9848210705386484,9.220706031750709e-05,macro_dataset_auroc,0.6964186946902655,0.6964186946902655,0.3630565542035398,0.154296875,0.6395936595001505
run_celeb_supervised_3d_t8_k3_v7_wide,24,0.9224679875164786,8.759670730163173e-05,macro_dataset_auroc,0.7025373340707964,0.7025373340707964,0.335133780420354,0.13671875,0.5796559956800311
run_celeb_supervised_3d_t8_k3_v7_wide,25,0.957276988355215,8.321687193655014e-05,macro_dataset_auroc,0.6883123617256637,0.6883123617256637,0.3640331167035398,0.228515625,0.30799976872084966
run_celeb_supervised_3d_t8_k3_v7_wide,26,0.9610708299993885,7.905602833972263e-05,macro_dataset_auroc,0.7260266869469026,0.7260266869469026,0.336110342920354,0.251953125,0.5490667626796631
run_celeb_supervised_3d_t8_k3_v7_wide,27,0.8968384586408321,7.510322692273649e-05,macro_dataset_auroc,0.6823838495575221,0.6823838495575221,0.3723641454646018,0.134765625,0.2955469277650418
run_celeb_supervised_3d_t8_k3_v7_wide,28,0.9331483024903262,7.134806557659966e-05,macro_dataset_auroc,0.6893494192477876,0.6893494192477876,0.3473710591814159,0.197265625,0.5047789702915499
run_celeb_supervised_3d_t8_k3_v7_wide,29,0.9106955818382212,6.778066229776968e-05,macro_dataset_auroc,0.6979224280973451,0.6979224280973451,0.3659862417035398,0.2421875,0.6949048386313154
run_celeb_supervised_3d_t8_k3_v7_wide,30,0.8735653632252096,6.43916291828812e-05,macro_dataset_auroc,0.700826189159292,0.700826189159292,0.3508192754424779,0.146484375,0.3879721557024074
run_celeb_supervised_3d_t8_k3_v7_wide,31,0.9117272439949081,6.117204772373713e-05,macro_dataset_auroc,0.7286538993362832,0.7286538993362832,0.337086905420354,0.201171875,0.6377468401050193
run_celeb_supervised_3d_t8_k3_v7_wide,32,0.920722003461,5.811344533755027e-05,macro_dataset_auroc,0.7131671736725662,0.7131671736725662,0.3503007466814159,0.208984375,0.7403723321910147
run_celeb_supervised_3d_t8_k3_v7_wide,33,0.8393445174661002,5.520777307067275e-05,macro_dataset_auroc,0.6876555586283186,0.6876555586283186,0.3787420492256637,0.22265625,0.6996932419936259
run_celeb_supervised_3d_t8_k3_v7_wide,34,0.8460958639059526,5.244738441713911e-05,macro_dataset_auroc,0.6699391592920353,0.6699391592920353,0.3806951742256637,0.162109375,0.16926263415800158
run_celeb_supervised_3d_t8_k3_v7_wide,35,0.8731127092052634,4.982501519628216e-05,macro_dataset_auroc,0.7155869745575221,0.7155869745575221,0.3527724004424779,0.236328125,0.4565376347900224
run_celeb_supervised_3d_t8_k3_v7_wide,36,0.8454805201141324,4.733376443646805e-05,macro_dataset_auroc,0.7179722068584071,0.7179722068584071,0.3463944966814159,0.1875,0.28236019790368533
run_celeb_supervised_3d_t8_k3_v7_wide,37,0.8694257837451301,4.496707621464464e-05,macro_dataset_auroc,0.7318860619469026,0.7318860619469026,0.3611034292035398,0.27734375,0.4432236899821561
run_celeb_supervised_3d_t8_k3_v7_wide,38,0.8309153841039679,4.2718722403912406e-05,macro_dataset_auroc,0.7274612831858407,0.7274612831858407,0.3434648091814159,0.255859375,0.9737655007713827
run_celeb_supervised_3d_t8_k3_v7_wide,39,0.8260409766002931,4.0582786283716785e-05,macro_dataset_auroc,0.7130634679203538,0.7130634679203538,0.3537489629424779,0.1484375,0.33093793176146324
run_celeb_supervised_3d_t8_k3_v7_wide,40,0.8150808250267199,3.855364696953094e-05,macro_dataset_auroc,0.7431554203539823,0.7431554203539823,0.32875587665929207,0.22265625,0.359199503953025
run_celeb_supervised_3d_t8_k3_v7_wide,41,0.8074981667964338,3.6625964621054396e-05,macro_dataset_auroc,0.7051991150442478,0.7051991150442478,0.3723641454646018,0.189453125,0.3965103997058723
run_celeb_supervised_3d_t8_k3_v7_wide,42,0.8162094503641129,3.479466639000167e-05,macro_dataset_auroc,0.7367429480088495,0.7367429480088495,0.3155420353982301,0.259765625,0.5460029961846635
run_celeb_supervised_3d_t8_k3_v7_wide,43,0.8178795423559224,3.3054933070501586e-05,macro_dataset_auroc,0.7236068860619469,0.7236068860619469,0.3434648091814159,0.1953125,0.4632371109857775
run_celeb_supervised_3d_t8_k3_v7_wide,44,0.815281109516714,3.14021864169765e-05,macro_dataset_auroc,0.7418590984513275,0.7418590984513275,0.3174951603982301,0.216796875,0.5874876388510969
run_celeb_supervised_3d_t8_k3_v7_wide,45,0.8371342480498659,2.9832077096127674e-05,macro_dataset_auroc,0.7355503318584071,0.7355503318584071,0.31404694413716816,0.224609375,0.8032103627673112
run_celeb_supervised_3d_t8_k3_v7_wide,46,0.7380842431091368,2.834047324132129e-05,macro_dataset_auroc,0.738972621681416,0.738972621681416,0.32582618915929207,0.25390625,0.6806533459304795
run_celeb_supervised_3d_t8_k3_v7_wide,47,0.7834877020529005,2.6923449579255225e-05,macro_dataset_auroc,0.7161055033185841,0.7161055033185841,0.32094337665929207,0.181640625,0.3121859366176735
run_celeb_supervised_3d_t8_k3_v7_wide,48,0.785365189779641,2.5577277100292462e-05,macro_dataset_auroc,0.7314366703539823,0.7314366703539823,0.334157217920354,0.1953125,0.43186197113866726
run_celeb_supervised_3d_t8_k3_v7_wide,49,0.8237514718880856,2.4298413245277838e-05,macro_dataset_auroc,0.7351873617256637,0.7351873617256637,0.32484962665929207,0.228515625,0.5279661862698937
run_celeb_supervised_3d_t8_k3_v7_wide,50,0.7807945673996628,2.3083492583013945e-05,macro_dataset_auroc,0.7312119745575221,0.7312119745575221,0.338063467920354,0.20703125,0.6127711794894442
run_celeb_supervised_3d_t8_k3_v7_wide,51,0.7484054862237483,2.1929317953863246e-05,macro_dataset_auroc,0.7341157356194691,0.7341157356194691,0.3155420353982301,0.189453125,0.4520931746846629
run_celeb_supervised_3d_t8_k3_v7_wide,52,0.7907485040618778,2.0832852056170082e-05,macro_dataset_auroc,0.7459381913716814,0.7459381913716814,0.29543176161504425,0.185546875,0.4191724987590952
run_celeb_supervised_3d_t8_k3_v7_wide,53,0.713043215224249,1.9791209453361577e-05,macro_dataset_auroc,0.7471826603982301,0.7471826603982301,0.31404694413716816,0.2109375,0.4987227083482706
run_celeb_supervised_3d_t8_k3_v7_wide,54,0.7750590804107427,1.8801648980693497e-05,macro_dataset_auroc,0.7487728152654867,0.7487728152654867,0.31014069413716816,0.2578125,0.8272388234945436
run_celeb_supervised_3d_t8_k3_v7_wide,55,0.7543302911043556,1.7861566531658822e-05,macro_dataset_auroc,0.7363626935840708,0.7363626935840708,0.32973243915929207,0.189453125,0.5651902211786042
run_celeb_supervised_3d_t8_k3_v7_wide,56,0.7553507031031184,1.696848820507588e-05,macro_dataset_auroc,0.7320070519911503,0.7320070519911503,0.32777931415929207,0.20703125,0.2409892593042559
run_celeb_supervised_3d_t8_k3_v7_wide,57,0.7481255565586137,1.6120063794822088e-05,macro_dataset_auroc,0.743535674778761,0.743535674778761,0.30916413163716816,0.193359375,0.5376458928196868
run_celeb_supervised_3d_t8_k3_v7_wide,58,0.7522629579046033,1.531406060508098e-05,macro_dataset_auroc,0.7292069966814159,0.7292069966814159,0.331227530420354,0.234375,0.2853649035773718
run_celeb_supervised_3d_t8_k3_v7_wide,59,0.7440834444435541,1.4548357574826931e-05,macro_dataset_auroc,0.7399578263274337,0.7399578263274337,0.3204248478982301,0.212890625,0.3491310173426839
run_celeb_supervised_3d_t8_k3_v7_wide,60,0.732740156644223,1.3820939696085584e-05,macro_dataset_auroc,0.7510024889380531,0.7510024889380531,0.3184717228982301,0.244140625,0.6125009526139795
run_celeb_supervised_3d_t8_k3_v8_temporal,1,1.4919185807858555,0.000285,macro_dataset_auroc,0.6073700221238938,0.6073700221238938,0.4179255392699115,0.046875,1.8476503229711214
run_celeb_supervised_3d_t8_k3_v8_temporal,2,1.272244340261569,0.00027075,macro_dataset_auroc,0.6003871681415929,0.6003871681415929,0.42332688053097345,0.10546875,1.2430287349117088
run_celeb_supervised_3d_t8_k3_v8_temporal,3,1.296215328450207,0.0002572125,macro_dataset_auroc,0.5177682522123893,0.5177682522123893,0.48457376935840707,0.029296875,1.5416866652477013
run_celeb_supervised_3d_t8_k3_v8_temporal,4,1.3006099167281417,0.000244351875,macro_dataset_auroc,0.5927129424778761,0.5927129424778761,0.4532027793141593,0.0703125,1.7628475213966395
run_celeb_supervised_3d_t8_k3_v8_temporal,5,1.208535221233648,0.00023213428124999998,macro_dataset_auroc,0.5823423672566372,0.5823423672566372,0.4326344717920354,0.05078125,1.0444115173153494
run_celeb_supervised_3d_t8_k3_v8_temporal,6,1.222870851114854,0.00022052756718749997,macro_dataset_auroc,0.6393113938053097,0.6393113938053097,0.4189021017699115,0.09765625,0.9082174952627164
run_celeb_supervised_3d_t8_k3_v8_temporal,7,1.169575587158102,0.00020950118882812497,macro_dataset_auroc,0.6776825221238939,0.6776825221238939,0.39195589048672563,0.21484375,0.9699402250635318
run_celeb_supervised_3d_t8_k3_v8_temporal,8,1.1956560252079373,0.00019902612938671872,macro_dataset_auroc,0.6289581028761062,0.6289581028761062,0.4159724142699115,0.119140625,0.8098742382291566
run_celeb_supervised_3d_t8_k3_v8_temporal,9,1.1104468655260509,0.00018907482291738277,macro_dataset_auroc,0.6474350110619469,0.6474350110619469,0.42528000553097345,0.162109375,0.8758158190523632
run_celeb_supervised_3d_t8_k3_v8_temporal,10,1.1534359534354621,0.0001796210817715136,macro_dataset_auroc,0.6676576327433629,0.6676576327433629,0.3973572317477876,0.15234375,1.1528379271956803
run_celeb_supervised_3d_t8_k3_v8_temporal,11,1.0817566360020325,0.00017064002768293793,macro_dataset_auroc,0.6415237831858407,0.6415237831858407,0.40373513550884954,0.1015625,0.9544116837077368
run_celeb_supervised_3d_t8_k3_v8_temporal,12,1.1061629131800976,0.00016210802629879103,macro_dataset_auroc,0.6528104258849556,0.6528104258849556,0.39982888550884954,0.146484375,0.8540700059698774
run_celeb_supervised_3d_t8_k3_v8_temporal,13,1.0711787844389726,0.00015400262498385146,macro_dataset_auroc,0.6949495298672567,0.6949495298672567,0.338063467920354,0.140625,0.7425677832207785
run_celeb_supervised_3d_t8_k3_v8_temporal,14,1.0501535472507189,0.00014630249373465888,macro_dataset_auroc,0.708897953539823,0.708897953539823,0.3576552129424779,0.197265625,0.5688722198209657
run_celeb_supervised_3d_t8_k3_v8_temporal,15,1.0425360487685895,0.00013898736904792593,macro_dataset_auroc,0.6739663993362832,0.6739663993362832,0.3733407079646018,0.142578125,0.8217411785683184
run_celeb_supervised_3d_t8_k3_v8_temporal,16,1.0242344665221055,0.00013203800059552963,macro_dataset_auroc,0.6562327157079646,0.6562327157079646,0.4002869192477876,0.1328125,0.5360745789007355
run_celeb_supervised_3d_t8_k3_v8_temporal,17,0.986762583766248,0.00012543610056575314,macro_dataset_auroc,0.6757121128318584,0.6757121128318584,0.3650096792035398,0.17578125,1.0118289297312222
run_celeb_supervised_3d_t8_k3_v8_temporal,18,1.0465331330749572,0.00011916429553746547,macro_dataset_auroc,0.6647711559734513,0.6647711559734513,0.39000276548672563,0.158203125,0.7187778820193471
run_celeb_supervised_3d_t8_k3_v8_temporal,19,0.9878543857333127,0.0001132060807605922,macro_dataset_auroc,0.6471066095132744,0.6471066095132744,0.40959451050884954,0.158203125,0.607451305808262
run_celeb_supervised_3d_t8_k3_v8_temporal,20,0.9571054238722725,0.00010754577672256258,macro_dataset_auroc,0.6985792311946902,0.6985792311946902,0.3689159292035398,0.208984375,0.8509324807764618
run_celeb_supervised_3d_t8_k3_v8_temporal,21,0.9201511770705609,0.00010216848788643445,macro_dataset_auroc,0.678909706858407,0.678909706858407,0.3836248617256637,0.162109375,0.5141415870655349
run_celeb_supervised_3d_t8_k3_v8_temporal,22,0.966406941900051,9.706006349211273e-05,macro_dataset_auroc,0.6708897953539823,0.6708897953539823,0.39195589048672563,0.15625,0.4233816286287708
run_celeb_supervised_3d_t8_k3_v8_temporal,23,0.9940109706892469,9.220706031750709e-05,macro_dataset_auroc,0.6895568307522124,0.6895568307522124,0.3640331167035398,0.134765625,0.8903169397378785
run_celeb_supervised_3d_t8_k3_v8_temporal,24,0.8654591809915679,8.759670730163173e-05,macro_dataset_auroc,0.6926507190265486,0.6926507190265486,0.3797186117256637,0.255859375,0.706988779884185
run_celeb_supervised_3d_t8_k3_v8_temporal,25,0.9462146177936533,8.321687193655014e-05,macro_dataset_auroc,0.6919939159292036,0.6919939159292036,0.3640331167035398,0.19921875,0.45573067484637403
run_celeb_supervised_3d_t8_k3_v8_temporal,26,0.8997806100870618,7.905602833972263e-05,macro_dataset_auroc,0.7058732024336283,0.7058732024336283,0.3537489629424779,0.1640625,0.6756744163790873
run_celeb_supervised_3d_t8_k3_v8_temporal,27,0.8910825772615086,7.510322692273649e-05,macro_dataset_auroc,0.6773195519911503,0.6773195519911503,0.3836248617256637,0.123046875,0.4071018583114314
run_celeb_supervised_3d_t8_k3_v8_temporal,28,0.9196009184636456,7.134806557659966e-05,macro_dataset_auroc,0.6817788993362832,0.6817788993362832,0.3787420492256637,0.12890625,0.6553810153729113
run_celeb_supervised_3d_t8_k3_v8_temporal,29,0.9008657379018152,6.778066229776968e-05,macro_dataset_auroc,0.6778553650442477,0.6778553650442477,0.3826482992256637,0.173828125,0.5969481692930738
run_celeb_supervised_3d_t8_k3_v8_temporal,30,0.8673067507843014,6.43916291828812e-05,macro_dataset_auroc,0.6650649889380531,0.6650649889380531,0.3806951742256637,0.123046875,0.4725712185125952
run_celeb_supervised_3d_t8_k3_v8_temporal,31,0.9009779335940059,6.117204772373713e-05,macro_dataset_auroc,0.7023299225663717,0.7023299225663717,0.3454179341814159,0.142578125,0.5439485553762999
run_celeb_supervised_3d_t8_k3_v8_temporal,32,0.8473713763702363,5.811344533755027e-05,macro_dataset_auroc,0.6939470409292035,0.6939470409292035,0.3723641454646018,0.154296875,0.6917761076108574
run_celeb_supervised_3d_t8_k3_v8_temporal,33,0.8300346606950386,5.520777307067275e-05,macro_dataset_auroc,0.7091572179203539,0.7091572179203539,0.3454179341814159,0.15625,0.5763560093946647
run_celeb_supervised_3d_t8_k3_v8_temporal,34,0.8191692027191937,5.244738441713911e-05,macro_dataset_auroc,0.6991841814159292,0.6991841814159292,0.337086905420354,0.130859375,0.3275329074958652
run_celeb_supervised_3d_t8_k3_v9_bn,1,1.6946300593908226,2.8499999999999998e-05,macro_dataset_auroc,0.6839048672566371,0.6839048672566371,0.3733407079646018,0.23046875,1.0478508290511448
run_celeb_supervised_3d_t8_k3_v9_bn,2,1.5389291840935122,2.7074999999999997e-05,macro_dataset_auroc,0.6515141039823009,0.6515141039823009,0.40764138550884954,0.126953125,0.829045567730174
run_celeb_supervised_3d_t8_k3_v9_bn,3,1.4990301972002908,2.5721249999999997e-05,macro_dataset_auroc,0.7038509402654867,0.7038509402654867,0.3659862417035398,0.228515625,0.87657715504027
run_celeb_supervised_3d_t8_k3_v9_bn,4,1.3373590021243784,2.4435187499999995e-05,macro_dataset_auroc,0.6917173672566372,0.6917173672566372,0.3620799917035398,0.1640625,1.0457241603800045
run_celeb_supervised_3d_t8_k3_v9_bn,5,1.2664612668640851,2.3213428124999993e-05,macro_dataset_auroc,0.7008607577433629,0.7008607577433629,0.3601268667035398,0.244140625,1.0245713860339833
run_celeb_supervised_3d_t8_k3_v9_bn,6,1.2715255502994258,2.2052756718749993e-05,macro_dataset_auroc,0.7256982853982301,0.7256982853982301,0.3405351216814159,0.19921875,1.0122430206598887
run_celeb_supervised_3d_t8_k3_v9_bn,7,1.2116849023550993,2.0950118882812494e-05,macro_dataset_auroc,0.6939470409292035,0.6939470409292035,0.3747753042035398,0.203125,1.1528867452143388
run_celeb_supervised_3d_t8_k3_v9_bn,8,1.195904579007509,1.9902612938671867e-05,macro_dataset_auroc,0.7186290099557523,0.7186290099557523,0.335133780420354,0.22265625,0.9885129025000564
run_celeb_supervised_3d_t8_k3_v9_bn,9,1.1612118927922956,1.890748229173827e-05,macro_dataset_auroc,0.6916136615044248,0.6916136615044248,0.3566786504424779,0.140625,0.9872752563303695
run_celeb_supervised_3d_t8_k3_v9_bn,10,1.1823057861084068,1.7962108177151358e-05,macro_dataset_auroc,0.717056139380531,0.717056139380531,0.3620799917035398,0.240234375,1.3632288732673892
run_celeb_supervised_3d_t8_k3_v9_bn,11,1.103272886828293,1.7064002768293788e-05,macro_dataset_auroc,0.7021743639380531,0.7021743639380531,0.3424882466814159,0.197265625,1.1459384555409906
run_celeb_supervised_3d_t8_k3_v9_bn,12,1.0909128986469199,1.6210802629879097e-05,macro_dataset_auroc,0.6869123340707964,0.6869123340707964,0.3616219579646018,0.2265625,1.2149625604971814
run_celeb_supervised_3d_t8_k3_v9_bn,13,1.0347298396170916,1.540026249838514e-05,macro_dataset_auroc,0.7206858407079646,0.7206858407079646,0.3527724004424779,0.228515625,1.1809179233479756
run_celeb_supervised_3d_t8_k3_v9_bn,14,0.9736745975559142,1.4630249373465883e-05,macro_dataset_auroc,0.7226043971238938,0.7226043971238938,0.3444413716814159,0.234375,0.9983738990392482
run_celeb_supervised_3d_t8_k3_v9_bn,15,1.0706562879168675,1.3898736904792588e-05,macro_dataset_auroc,0.738194828539823,0.738194828539823,0.33168556415929207,0.181640625,1.1488672716283637
run_celeb_supervised_3d_t8_k3_v9_bn,16,0.928107476594203,1.3203800059552958e-05,macro_dataset_auroc,0.7165030420353983,0.7165030420353983,0.3444413716814159,0.220703125,0.9284960828514052
run_celeb_supervised_3d_t8_k3_v9_bn,17,0.9677885454239211,1.254361005657531e-05,macro_dataset_auroc,0.749740735619469,0.749740735619469,0.33168556415929207,0.212890625,1.261757866847368
run_celeb_supervised_3d_t8_k3_v9_bn,18,0.9822431508615783,1.1916429553746543e-05,macro_dataset_auroc,0.7278761061946903,0.7278761061946903,0.3463944966814159,0.240234375,1.0912732278812713
run_celeb_supervised_3d_t8_k3_v9_bn,19,0.9612313343020579,1.1320608076059215e-05,macro_dataset_auroc,0.7381256913716814,0.7381256913716814,0.334157217920354,0.228515625,1.069677706086341
run_celeb_supervised_3d_t8_k3_v9_bn,20,0.9724705772714456,1.0754577672256254e-05,macro_dataset_auroc,0.7536297013274336,0.7536297013274336,0.32875587665929207,0.236328125,1.0198743449604346
run_celeb_supervised_3d_t8_k3_v9_bn,21,0.9075909016584008,1.021684878864344e-05,macro_dataset_auroc,0.737762721238938,0.737762721238938,0.31209381913716816,0.24609375,1.0681276758203424
run_celeb_supervised_3d_t8_k3_v9_bn,22,0.932988010826984,9.706006349211269e-06,macro_dataset_auroc,0.7599903207964602,0.7599903207964602,0.32875587665929207,0.28515625,1.0401407070654314
run_celeb_supervised_3d_t8_k3_v9_bn,23,0.8239478443431718,9.220706031750704e-06,macro_dataset_auroc,0.7544420630530975,0.7544420630530975,0.30330475663716816,0.2890625,1.3907354834044297
run_celeb_supervised_3d_t8_k3_v9_bn,24,0.8664874373578131,8.759670730163168e-06,macro_dataset_auroc,0.7526963495575221,0.7526963495575221,0.32582618915929207,0.302734375,1.3279457473088987
run_celeb_supervised_3d_t8_k3_v9_bn,25,0.9067495785483431,8.32168719365501e-06,macro_dataset_auroc,0.763412610619469,0.763412610619469,0.31014069413716816,0.29296875,1.1178745034561612
run_celeb_supervised_3d_t8_k3_v9_bn,26,0.9177228877925562,7.905602833972258e-06,macro_dataset_auroc,0.7725387168141593,0.7725387168141593,0.29054894911504425,0.251953125,1.4154216574920573
run_celeb_supervised_3d_t8_k3_v9_bn,27,0.8519614543735398,7.510322692273645e-06,macro_dataset_auroc,0.759679203539823,0.759679203539823,0.30916413163716816,0.318359375,0.8777192451294522
run_celeb_supervised_3d_t8_k3_v9_bn,28,0.8349083017126382,7.134806557659962e-06,macro_dataset_auroc,0.765365735619469,0.765365735619469,0.30916413163716816,0.33203125,1.274844187880231
run_celeb_supervised_3d_t8_k3_v9_bn,29,0.8998008609352843,6.778066229776964e-06,macro_dataset_auroc,0.7661262444690267,0.7661262444690267,0.31014069413716816,0.294921875,1.3792545860407446
run_celeb_supervised_3d_t8_k3_v9_bn,30,0.8566991892896993,6.439162918288115e-06,macro_dataset_auroc,0.7441060564159292,0.7441060564159292,0.32777931415929207,0.322265625,1.0109389447155308
run_celeb_supervised_3d_t8_k3_v9_bn,31,0.8109690575916655,6.11720477237371e-06,macro_dataset_auroc,0.7627558075221239,0.7627558075221239,0.3174951603982301,0.314453125,1.1813083041131496
run_celeb_supervised_3d_t8_k3_v9_bn,32,0.8424874477416617,5.811344533755024e-06,macro_dataset_auroc,0.7436220962389382,0.7436220962389382,0.3204248478982301,0.333984375,1.2559829203864346
run_celeb_supervised_3d_t8_k3_v9_bn,33,0.7784820426601862,5.520777307067273e-06,macro_dataset_auroc,0.729950221238938,0.729950221238938,0.338063467920354,0.1875,1.1948792967473467
run_celeb_supervised_3d_t8_k3_v9_bn,34,0.8367128632111903,5.244738441713909e-06,macro_dataset_auroc,0.734029314159292,0.734029314159292,0.3630565542035398,0.328125,0.8022654602752088
run_celeb_supervised_3d_t8_k3_v9_bn,35,0.7815817271102505,4.982501519628213e-06,macro_dataset_auroc,0.7382639657079646,0.7382639657079646,0.3444413716814159,0.236328125,1.2581361024977393
run_celeb_supervised_3d_t8_k3_v9_bn,36,0.7687507125125137,4.7333764436468025e-06,macro_dataset_auroc,0.7576742256637168,0.7576742256637168,0.32484962665929207,0.265625,1.138758747225178
run_celeb_supervised_3d_t8_k3_v9_bn,37,0.789594370148602,4.496707621464462e-06,macro_dataset_auroc,0.7601458794247788,0.7601458794247788,0.30818756913716816,0.2578125,1.3314064606149094
run_celeb_supervised_3d_t8_k3_v9_bn,38,0.8031485363245496,4.271872240391239e-06,macro_dataset_auroc,0.777257328539823,0.777257328539823,0.2988799778761062,0.33984375,1.3145482729006517
run_celeb_supervised_3d_t8_k3_v9_bn,39,0.7620178280036659,4.058278628371677e-06,macro_dataset_auroc,0.7552284983407079,0.7552284983407079,0.32875587665929207,0.32421875,0.8545304725593078
run_celeb_supervised_3d_t8_k3_v9_bn,40,0.7815053680787079,3.855364696953093e-06,macro_dataset_auroc,0.7741288716814159,0.7741288716814159,0.3008331028761062,0.337890625,1.084914931111477
run_celeb_supervised_3d_t8_k3_v9_bn,41,0.8297205125186805,3.6625964621054378e-06,macro_dataset_auroc,0.7551507190265487,0.7551507190265487,0.30916413163716816,0.267578125,1.2980471419527684
run_celeb_supervised_3d_t8_k3_v9_bn,42,0.774429009598338,3.4794666390001657e-06,macro_dataset_auroc,0.7718819137168141,0.7718819137168141,0.2988799778761062,0.189453125,1.4580522300414975
run_celeb_supervised_3d_t8_k3_v9_bn,43,0.7038502940455327,3.3054933070501574e-06,macro_dataset_auroc,0.763066924778761,0.763066924778761,0.3047393528761062,0.28515625,1.1492056427564599
run_celeb_supervised_3d_t8_k3_v9_bn,44,0.7573170248072649,3.1402186416976496e-06,macro_dataset_auroc,0.7784845132743362,0.7784845132743362,0.29250207411504425,0.31640625,1.457589983686238
run_celeb_supervised_3d_t8_k3_v9_bn,45,0.7479491838501678,2.983207709612767e-06,macro_dataset_auroc,0.7572594026548672,0.7572594026548672,0.3184717228982301,0.314453125,1.1329880052201655
run_celeb_supervised_3d_t8_k3_v9_bn,46,0.7299151477961517,2.8340473241321283e-06,macro_dataset_auroc,0.7713288163716814,0.7713288163716814,0.3165185978982301,0.220703125,1.3649481099725755
run_celeb_supervised_3d_t8_k3_v9_bn,47,0.7480590234876748,2.692344957925522e-06,macro_dataset_auroc,0.747787610619469,0.747787610619469,0.3145654728982301,0.23046875,0.9003504863115218
run_celeb_supervised_3d_t8_k3_v9_bn,48,0.7702076641286664,2.5577277100292455e-06,macro_dataset_auroc,0.7573285398230087,0.7573285398230087,0.31014069413716816,0.279296875,1.0999301619615671
run_celeb_supervised_3d_t8_k3_v9_bn,49,0.8070195674604538,2.4298413245277833e-06,macro_dataset_auroc,0.7633089048672566,0.7633089048672566,0.3233545353982301,0.314453125,1.1499576456546432
run_celeb_supervised_3d_t8_k3_v9_bn,50,0.7264749906398053,2.308349258301394e-06,macro_dataset_auroc,0.7515037334070798,0.7515037334070798,0.32680275165929207,0.30859375,1.4431629792968115
run_celeb_supervised_3d_t8_k3_v9_bn,51,0.7666049196064277,2.192931795386324e-06,macro_dataset_auroc,0.7576223727876107,0.7576223727876107,0.32875587665929207,0.337890625,1.012988336582878
run_celeb_supervised_3d_t8_k3_v9_bn,52,0.7197597957418268,2.0832852056170076e-06,macro_dataset_auroc,0.7649854811946902,0.7649854811946902,0.32582618915929207,0.296875,1.1712617585998337
run_celeb_supervised_3d_t8_k3_v9_bn,53,0.7303596132390845,1.979120945336157e-06,macro_dataset_auroc,0.7550815818584071,0.7550815818584071,0.32094337665929207,0.287109375,1.107908142011465
run_celeb_supervised_3d_t8_k3_v9_bn,54,0.7608063727750961,1.8801648980693493e-06,macro_dataset_auroc,0.7732473727876106,0.7732473727876106,0.2998565403761062,0.28125,1.5686658249045302
run_celeb_supervised_3d_t8_k3_v9_bn,55,0.7705798374145592,1.7861566531658818e-06,macro_dataset_auroc,0.7553581305309736,0.7553581305309736,0.30721100663716816,0.26953125,1.292598315412017
run_celeb_supervised_3d_t8_k3_v9_bn,56,0.7032345963632886,1.6968488205075877e-06,macro_dataset_auroc,0.7415479811946902,0.7415479811946902,0.3145654728982301,0.25,0.7576521387749706
run_celeb_supervised_3d_t8_k3_v9_bn,57,0.7357492359510059,1.6120063794822082e-06,macro_dataset_auroc,0.7608199668141594,0.7608199668141594,0.3194482853982301,0.3046875,1.2230337874726693
run_celeb_supervised_3d_t8_k3_v9_bn,58,0.7637695115588325,1.5314060605080976e-06,macro_dataset_auroc,0.7476320519911506,0.7476320519911506,0.3194482853982301,0.310546875,0.9929617126776994
run_celeb_supervised_3d_t8_k3_v9_bn,59,0.7217775307790198,1.4548357574826926e-06,macro_dataset_auroc,0.7545630530973452,0.7545630530973452,0.3086456028761062,0.2734375,1.0854976488660895
run_celeb_supervised_3d_t8_k3_v9_bn,60,0.6575780855051164,1.382093969608558e-06,macro_dataset_auroc,0.7527136338495575,0.7527136338495575,0.338063467920354,0.275390625,1.0423848306113406
run_dfd_supervised_3d_t8_k3,1,15.083147219304744,9.5e-05,macro_dataset_auroc,0.5159041394335512,0.5159041394335512,0.46862745098039216,0.0784313725490196,0.30525671161623424
run_dfd_supervised_3d_t8_k3,2,15.048477905609479,9.025e-05,macro_dataset_auroc,0.4989106753812636,0.4989106753812636,0.5313725490196078,0.09803921568627451,0.18242902315435985
run_dfd_supervised_3d_t8_k3_A_baseline_overfit,1,874.617578125,9.5e-05,macro_dataset_auroc,0.72,0.72,0.30000000000000004,0.4,0.00019815825809639737
run_dfd_supervised_3d_t8_k3_A_baseline_overfit,2,874.532763671875,9.025e-05,macro_dataset_auroc,0.72,0.72,0.30000000000000004,0.4,0.0019138136726814204
run_dfd_supervised_3d_t8_k3_A_baseline_overfit,3,874.3740173339844,8.573749999999999e-05,macro_dataset_auroc,0.7,0.7,0.45,0.4,0.019272235659919326
run_dfd_supervised_3d_t8_k3_A_baseline_overfit,4,874.3698303222657,8.145062499999998e-05,macro_dataset_auroc,0.71,0.71,0.45,0.4,0.16542888110568058
run_dfd_supervised_3d_t8_k3_A_baseline_overfit,5,874.3890228271484,7.737809374999998e-05,macro_dataset_auroc,0.69,0.69,0.45,0.3,0.7024741868849117
run_dfd_supervised_3d_t8_k3_A_baseline_overfit,6,874.3895965576172,7.350918906249998e-05,macro_dataset_auroc,0.69,0.69,0.45,0.3,0.9388112947996402
run_dfd_supervised_3d_t8_k3_A_baseline_overfit,7,874.3400360107422,6.983372960937497e-05,macro_dataset_auroc,0.67,0.67,0.45,0.3,1.0583123700838297
run_dfd_supervised_3d_t8_k3_A_baseline_overfit,8,874.4117401123046,6.634204312890622e-05,macro_dataset_auroc,0.67,0.67,0.45,0.3,0.9852836628180099
run_dfd_supervised_3d_t8_k3_A_baseline_overfit,9,874.3983642578125,6.30249409724609e-05,macro_dataset_auroc,0.68,0.68,0.45,0.3,1.0605839483432724
run_dfd_supervised_3d_t8_k3_A_baseline_overfit,10,874.4219848632813,5.987369392383786e-05,macro_dataset_auroc,0.67,0.67,0.45,0.3,0.8991532637045643
run_dfd_supervised_3d_t8_k3_A_baseline_overfit,11,874.358432006836,5.688000922764596e-05,macro_dataset_auroc,0.68,0.68,0.45,0.3,0.9321388146526821
run_dfd_supervised_3d_t8_k3_A_baseline_overfit,12,874.3765686035156,5.4036008766263664e-05,macro_dataset_auroc,0.68,0.68,0.45,0.3,1.023400622238168
run_dfd_supervised_3d_t8_k3_A_baseline_overfit,13,874.4522827148437,5.133420832795048e-05,macro_dataset_auroc,0.68,0.68,0.45,0.3,0.9580388762947932
run_dfd_supervised_3d_t8_k3_A_baseline_overfit,14,874.3183654785156,4.876749791155295e-05,macro_dataset_auroc,0.6900000000000001,0.6900000000000001,0.45,0.3,0.9613356856242361
run_dfd_supervised_3d_t8_k3_A_baseline_overfit,15,874.3893157958985,4.6329123015975305e-05,macro_dataset_auroc,0.6900000000000001,0.6900000000000001,0.45,0.3,0.8488307180537572
run_dfd_supervised_3d_t8_k3_A_baseline_overfit,16,874.3283996582031,4.4012666865176535e-05,macro_dataset_auroc,0.6900000000000001,0.6900000000000001,0.45,0.3,0.8254889043198554
run_dfd_supervised_3d_t8_k3_A_baseline_overfit,17,874.3225799560547,4.181203352191771e-05,macro_dataset_auroc,0.6900000000000001,0.6900000000000001,0.45,0.3,0.8402898715650194
run_dfd_supervised_3d_t8_k3_A_baseline_overfit,18,874.3302978515625,3.972143184582182e-05,macro_dataset_auroc,0.6900000000000001,0.6900000000000001,0.45,0.3,0.8110938552611561
run_dfd_supervised_3d_t8_k3_A_baseline_overfit,19,874.3651489257812,3.7735360253530726e-05,macro_dataset_auroc,0.6900000000000001,0.6900000000000001,0.45,0.3,0.8837592599630377
run_dfd_supervised_3d_t8_k3_A_baseline_overfit,20,874.2920288085937,3.584859224085419e-05,macro_dataset_auroc,0.6900000000000001,0.6900000000000001,0.45,0.3,0.8317061680407365
run_dfd_supervised_3d_t8_k3_A_baseline_overfit,21,874.3991088867188,3.405616262881148e-05,macro_dataset_auroc,0.6900000000000001,0.6900000000000001,0.45,0.3,0.8287498798655463
run_dfd_supervised_3d_t8_k3_A_baseline_overfit,22,874.3293884277343,3.2353354497370904e-05,macro_dataset_auroc,0.6900000000000001,0.6900000000000001,0.45,0.3,0.8659340728472443
run_dfd_supervised_3d_t8_k3_A_baseline_overfit,23,874.3493194580078,3.0735686772502355e-05,macro_dataset_auroc,0.6900000000000001,0.6900000000000001,0.45,0.3,0.8531953142404908
run_dfd_supervised_3d_t8_k3_A_baseline_overfit,24,874.2986846923828,2.9198902433877236e-05,macro_dataset_auroc,0.6900000000000001,0.6900000000000001,0.45,0.3,0.7793114074151569
run_dfd_supervised_3d_t8_k3_A_baseline_overfit,25,874.2831604003907,2.7738957312183373e-05,macro_dataset_auroc,0.6900000000000001,0.6900000000000001,0.45,0.3,0.7897060811854123
run_dfd_supervised_3d_t8_k3_A_baseline_overfit,26,874.3891418457031,2.6352009446574204e-05,macro_dataset_auroc,0.6900000000000001,0.6900000000000001,0.45,0.3,0.8373657155082385
run_dfd_supervised_3d_t8_k3_A_baseline_overfit,27,874.3762390136719,2.5034408974245492e-05,macro_dataset_auroc,0.6900000000000001,0.6900000000000001,0.45,0.3,0.7541405828470232
run_dfd_supervised_3d_t8_k3_A_baseline_overfit,28,874.32705078125,2.3782688525533216e-05,macro_dataset_auroc,0.7000000000000001,0.7000000000000001,0.45,0.4,0.7457645832441463
run_dfd_supervised_3d_t8_k3_A_baseline_overfit,29,874.3212066650391,2.2593554099256555e-05,macro_dataset_auroc,0.7000000000000001,0.7000000000000001,0.45,0.4,0.7221135532261317
run_dfd_supervised_3d_t8_k3_A_baseline_overfit,30,874.2784271240234,2.1463876394293726e-05,macro_dataset_auroc,0.7000000000000001,0.7000000000000001,0.45,0.4,0.7857183925622778
run_dfd_supervised_3d_t8_k3_A_baseline_overfit,31,874.3404998779297,2.039068257457904e-05,macro_dataset_auroc,0.7000000000000001,0.7000000000000001,0.45,0.4,0.7613801309506043
run_dfd_supervised_3d_t8_k3_A_baseline_overfit,32,874.3394500732422,1.9371148445850086e-05,macro_dataset_auroc,0.7000000000000001,0.7000000000000001,0.45,0.4,0.8128136376303252
run_dfd_supervised_3d_t8_k3_A_baseline_overfit,33,874.306689453125,1.840259102355758e-05,macro_dataset_auroc,0.7000000000000001,0.7000000000000001,0.45,0.4,0.7544990662071457
run_dfd_supervised_3d_t8_k3_A_baseline_overfit,34,874.3672027587891,1.74824614723797e-05,macro_dataset_auroc,0.7000000000000001,0.7000000000000001,0.45,0.4,0.7938205747207016
run_dfd_supervised_3d_t8_k3_A_baseline_overfit,35,874.3457580566406,1.6608338398760715e-05,macro_dataset_auroc,0.7000000000000001,0.7000000000000001,0.45,0.4,0.7426691820277325
run_dfd_supervised_3d_t8_k3_A_baseline_overfit,36,874.3845855712891,1.5777921478822678e-05,macro_dataset_auroc,0.7100000000000001,0.7100000000000001,0.45,0.4,0.7478882088755104
run_dfd_supervised_3d_t8_k3_A_baseline_overfit,37,874.3102630615234,1.4989025404881544e-05,macro_dataset_auroc,0.7000000000000001,0.7000000000000001,0.45,0.4,0.8059989704165286
run_dfd_supervised_3d_t8_k3_A_baseline_overfit,38,874.3242004394531,1.4239574134637466e-05,macro_dataset_auroc,0.7000000000000001,0.7000000000000001,0.45,0.4,0.763102794215392
run_dfd_supervised_3d_t8_k3_A_baseline_overfit,39,874.3288818359375,1.3527595427905592e-05,macro_dataset_auroc,0.7000000000000001,0.7000000000000001,0.45,0.4,0.7669122000468782
run_dfd_supervised_3d_t8_k3_A_baseline_overfit,40,874.2383758544922,1.2851215656510312e-05,macro_dataset_auroc,0.7000000000000001,0.7000000000000001,0.45,0.4,0.7240275747071943
run_dfd_supervised_3d_t8_k3_A_baseline_overfit,41,874.2707977294922,1.2208654873684796e-05,macro_dataset_auroc,0.7000000000000001,0.7000000000000001,0.45,0.4,0.7409810446425329
run_dfd_supervised_3d_t8_k3_A_baseline_overfit,42,874.2614318847657,1.1598222130000555e-05,macro_dataset_auroc,0.7000000000000001,0.7000000000000001,0.45,0.4,0.7970150603866835
run_dfd_supervised_3d_t8_k3_A_baseline_overfit,43,874.3706024169921,1.1018311023500527e-05,macro_dataset_auroc,0.7000000000000001,0.7000000000000001,0.45,0.4,0.7500040304617475
run_dfd_supervised_3d_t8_k3_A_baseline_overfit,44,874.3021453857422,1.04673954723255e-05,macro_dataset_auroc,0.7000000000000001,0.7000000000000001,0.45,0.4,0.7155434670930987
run_dfd_supervised_3d_t8_k3_A_baseline_overfit,45,874.3295806884765,9.944025698709225e-06,macro_dataset_auroc,0.7000000000000001,0.7000000000000001,0.45,0.4,0.7899733099643486
run_dfd_supervised_3d_t8_k3_A_baseline_overfit,46,874.3412139892578,9.446824413773763e-06,macro_dataset_auroc,0.7000000000000001,0.7000000000000001,0.45,0.4,0.7487684984614624
run_dfd_supervised_3d_t8_k3_A_baseline_overfit,47,874.3123657226563,8.974483193085074e-06,macro_dataset_auroc,0.7000000000000001,0.7000000000000001,0.45,0.4,0.7554636123380192
run_dfd_supervised_3d_t8_k3_A_baseline_overfit,48,874.2942718505859,8.52575903343082e-06,macro_dataset_auroc,0.7000000000000001,0.7000000000000001,0.45,0.4,0.7802617786310581
run_dfd_supervised_3d_t8_k3_A_baseline_overfit,49,874.2587463378907,8.09947108175928e-06,macro_dataset_auroc,0.7000000000000001,0.7000000000000001,0.45,0.4,0.7641480074999998
run_dfd_supervised_3d_t8_k3_A_baseline_overfit,50,874.2934448242188,7.694497527671315e-06,macro_dataset_auroc,0.7000000000000001,0.7000000000000001,0.45,0.4,0.7787843193927227
run_dfd_supervised_3d_t8_k3_A_baseline_overfit,51,874.3126739501953,7.309772651287749e-06,macro_dataset_auroc,0.7000000000000001,0.7000000000000001,0.45,0.4,0.7194487028384154
run_dfd_supervised_3d_t8_k3_A_baseline_overfit,52,874.2588745117188,6.944284018723361e-06,macro_dataset_auroc,0.7000000000000001,0.7000000000000001,0.45,0.4,0.7867614544076766
run_dfd_supervised_3d_t8_k3_A_baseline_overfit,53,874.3444213867188,6.597069817787193e-06,macro_dataset_auroc,0.7000000000000001,0.7000000000000001,0.45,0.4,0.7664902101175594
run_dfd_supervised_3d_t8_k3_A_baseline_overfit,54,874.3079193115234,6.267216326897833e-06,macro_dataset_auroc,0.7000000000000001,0.7000000000000001,0.45,0.4,0.8049173921928701
run_dfd_supervised_3d_t8_k3_A_baseline_overfit,55,874.3032653808593,5.953855510552941e-06,macro_dataset_auroc,0.7000000000000001,0.7000000000000001,0.45,0.4,0.7930072541903329
run_dfd_supervised_3d_t8_k3_A_baseline_overfit,56,874.3170867919922,5.6561627350252934e-06,macro_dataset_auroc,0.7000000000000001,0.7000000000000001,0.45,0.4,0.7559681007643447
run_dfd_supervised_3d_t8_k3_A_baseline_overfit,57,874.3185211181641,5.373354598274029e-06,macro_dataset_auroc,0.7000000000000001,0.7000000000000001,0.45,0.4,0.711879633235106
run_dfd_supervised_3d_t8_k3_A_baseline_overfit,58,874.2978698730469,5.104686868360327e-06,macro_dataset_auroc,0.7000000000000001,0.7000000000000001,0.45,0.4,0.7094054143654689
run_dfd_supervised_3d_t8_k3_A_baseline_overfit,59,874.3411926269531,4.84945252494231e-06,macro_dataset_auroc,0.7000000000000001,0.7000000000000001,0.45,0.4,0.6895483566169631
run_dfd_supervised_3d_t8_k3_A_baseline_overfit,60,874.2577453613281,4.6069798986951945e-06,macro_dataset_auroc,0.7000000000000001,0.7000000000000001,0.45,0.4,0.7554019229324026
run_dfd_supervised_3d_t8_k3_A_baseline_overfit,61,874.3198333740235,4.3766309037604346e-06,macro_dataset_auroc,0.7000000000000001,0.7000000000000001,0.45,0.4,0.7439290164983495
run_dfd_supervised_3d_t8_k3_A_baseline_overfit,62,874.2527648925782,4.157799358572413e-06,macro_dataset_auroc,0.7000000000000001,0.7000000000000001,0.45,0.4,0.812219787483878
run_dfd_supervised_3d_t8_k3_A_baseline_overfit,63,874.2491271972656,3.949909390643792e-06,macro_dataset_auroc,0.7000000000000001,0.7000000000000001,0.45,0.4,0.7577671302286365
run_dfd_supervised_3d_t8_k3_A_baseline_overfit,64,874.3062744140625,3.7524139211116024e-06,macro_dataset_auroc,0.7000000000000001,0.7000000000000001,0.45,0.4,0.7307894880398441
run_dfd_supervised_3d_t8_k3_A_baseline_overfit,65,874.2635009765625,3.564793225056022e-06,macro_dataset_auroc,0.7000000000000001,0.7000000000000001,0.45,0.4,0.7220943735085036
run_dfd_supervised_3d_t8_k3_A_baseline_overfit,66,874.3022888183593,3.3865535638032207e-06,macro_dataset_auroc,0.7000000000000001,0.7000000000000001,0.45,0.4,0.7739580389579437
run_dfd_supervised_3d_t8_k3_A_baseline_overfit,67,874.329702758789,3.2172258856130596e-06,macro_dataset_auroc,0.7000000000000001,0.7000000000000001,0.45,0.4,0.80688067718327
run_dfd_supervised_3d_t8_k3_A_baseline_overfit,68,874.3214080810546,3.0563645913324067e-06,macro_dataset_auroc,0.7000000000000001,0.7000000000000001,0.45,0.4,0.7408086425827166
run_dfd_supervised_3d_t8_k3_A_baseline_overfit,69,874.2675933837891,2.903546361765786e-06,macro_dataset_auroc,0.7000000000000001,0.7000000000000001,0.45,0.4,0.7830702127233609
run_dfd_supervised_3d_t8_k3_A_baseline_overfit,70,874.2744262695312,2.7583690436774965e-06,macro_dataset_auroc,0.7000000000000001,0.7000000000000001,0.45,0.4,0.7133465656884319
run_dfd_supervised_3d_t8_k3_A_baseline_overfit,71,874.34501953125,2.6204505914936218e-06,macro_dataset_auroc,0.7000000000000001,0.7000000000000001,0.45,0.4,0.700148373010708
run_dfd_supervised_3d_t8_k3_A_baseline_overfit,72,874.2764129638672,2.4894280619189404e-06,macro_dataset_auroc,0.7000000000000001,0.7000000000000001,0.45,0.4,0.7545248222905101
run_dfd_supervised_3d_t8_k3_A_baseline_overfit,73,874.2791809082031,2.3649566588229932e-06,macro_dataset_auroc,0.7000000000000001,0.7000000000000001,0.45,0.4,0.7529045502878531
run_dfd_supervised_3d_t8_k3_A_baseline_overfit,74,874.2368560791016,2.2467088258818436e-06,macro_dataset_auroc,0.7000000000000001,0.7000000000000001,0.45,0.4,0.7619708249986283
run_dfd_supervised_3d_t8_k3_A_baseline_overfit,75,874.275503540039,2.1343733845877514e-06,macro_dataset_auroc,0.7000000000000001,0.7000000000000001,0.45,0.4,0.7191103524968386
run_dfd_supervised_3d_t8_k3_A_baseline_overfit,76,874.2882141113281,2.027654715358364e-06,macro_dataset_auroc,0.7000000000000001,0.7000000000000001,0.45,0.4,0.7672282221282115
run_dfd_supervised_3d_t8_k3_A_baseline_overfit,77,874.2583831787109,1.9262719795904457e-06,macro_dataset_auroc,0.7000000000000001,0.7000000000000001,0.45,0.4,0.7416412939715592
run_dfd_supervised_3d_t8_k3_A_baseline_overfit,78,874.3031158447266,1.8299583806109232e-06,macro_dataset_auroc,0.7000000000000001,0.7000000000000001,0.45,0.4,0.7465642215154736
run_dfd_supervised_3d_t8_k3_A_baseline_overfit,79,874.3470916748047,1.738460461580377e-06,macro_dataset_auroc,0.7000000000000001,0.7000000000000001,0.45,0.4,0.725907357991691
run_dfd_supervised_3d_t8_k3_A_baseline_overfit,80,874.2670806884765,1.651537438501358e-06,macro_dataset_auroc,0.7000000000000001,0.7000000000000001,0.45,0.4,0.7665485118169014
run_dfd_supervised_3d_t8_k3_A_baseline_overfit,81,874.2901428222656,1.5689605665762901e-06,macro_dataset_auroc,0.7000000000000001,0.7000000000000001,0.45,0.4,0.7368355880355026
run_dfd_supervised_3d_t8_k3_A_baseline_overfit,82,874.3353851318359,1.4905125382474756e-06,macro_dataset_auroc,0.7000000000000001,0.7000000000000001,0.45,0.4,0.7589623583870616
run_dfd_supervised_3d_t8_k3_A_baseline_overfit,83,874.2650695800781,1.4159869113351018e-06,macro_dataset_auroc,0.7000000000000001,0.7000000000000001,0.45,0.4,0.7808408512944343
run_dfd_supervised_3d_t8_k3_A_baseline_overfit,84,874.2711456298828,1.3451875657683467e-06,macro_dataset_auroc,0.7000000000000001,0.7000000000000001,0.45,0.4,0.7334928911949639
run_dfd_supervised_3d_t8_k3_A_baseline_overfit,85,874.2520721435546,1.2779281874799292e-06,macro_dataset_auroc,0.7000000000000001,0.7000000000000001,0.45,0.4,0.7552675818440786
run_dfd_supervised_3d_t8_k3_A_baseline_overfit,86,874.2708984375,1.2140317781059327e-06,macro_dataset_auroc,0.7000000000000001,0.7000000000000001,0.45,0.4,0.806112454052175
run_dfd_supervised_3d_t8_k3_A_baseline_overfit,87,874.3007659912109,1.153330189200636e-06,macro_dataset_auroc,0.7000000000000001,0.7000000000000001,0.45,0.4,0.7147742033033863
run_dfd_supervised_3d_t8_k3_A_baseline_overfit,88,874.3343872070312,1.0956636797406041e-06,macro_dataset_auroc,0.7000000000000001,0.7000000000000001,0.45,0.4,0.7526224615431217
run_dfd_supervised_3d_t8_k3_A_baseline_overfit,89,874.3096069335937,1.0408804957535738e-06,macro_dataset_auroc,0.7000000000000001,0.7000000000000001,0.45,0.4,0.6829246149007259
run_dfd_supervised_3d_t8_k3_A_baseline_overfit,90,874.2675262451172,9.88836470965895e-07,macro_dataset_auroc,0.7000000000000001,0.7000000000000001,0.45,0.4,0.8048197683924277
run_dfd_supervised_3d_t8_k3_A_baseline_overfit,91,874.298306274414,9.393946474176003e-07,macro_dataset_auroc,0.7000000000000001,0.7000000000000001,0.45,0.4,0.7524905990534613
run_dfd_supervised_3d_t8_k3_A_baseline_overfit,92,874.2987915039063,8.924249150467202e-07,macro_dataset_auroc,0.7000000000000001,0.7000000000000001,0.45,0.4,0.7856603326567672
run_dfd_supervised_3d_t8_k3_A_baseline_overfit,93,874.3082061767578,8.478036692943841e-07,macro_dataset_auroc,0.7000000000000001,0.7000000000000001,0.45,0.4,0.806420931370256
run_dfd_supervised_3d_t8_k3_A_baseline_overfit,94,874.2748565673828,8.054134858296649e-07,macro_dataset_auroc,0.7000000000000001,0.7000000000000001,0.45,0.4,0.7229345762207463
run_dfd_supervised_3d_t8_k3_A_baseline_overfit,95,874.2717224121094,7.651428115381816e-07,macro_dataset_auroc,0.7000000000000001,0.7000000000000001,0.45,0.4,0.7331160677666898
run_dfd_supervised_3d_t8_k3_A_baseline_overfit,96,874.2879669189454,7.268856709612725e-07,macro_dataset_auroc,0.7000000000000001,0.7000000000000001,0.45,0.4,0.7214234215983357
run_dfd_supervised_3d_t8_k3_A_baseline_overfit,97,874.2959167480469,6.905413874132088e-07,macro_dataset_auroc,0.7000000000000001,0.7000000000000001,0.45,0.4,0.7038910643944715
run_dfd_supervised_3d_t8_k3_A_baseline_overfit,98,874.2464965820312,6.560143180425484e-07,macro_dataset_auroc,0.7000000000000001,0.7000000000000001,0.45,0.4,0.7227820252482176
run_dfd_supervised_3d_t8_k3_A_baseline_overfit,99,874.3183776855469,6.232136021404209e-07,macro_dataset_auroc,0.7000000000000001,0.7000000000000001,0.45,0.4,0.7128594913386384
run_dfd_supervised_3d_t8_k3_A_baseline_overfit,100,874.3115631103516,5.920529220333999e-07,macro_dataset_auroc,0.7000000000000001,0.7000000000000001,0.45,0.4,0.7733044108778605
run_dfd_supervised_3d_t8_k3_A_baseline_overfit,101,874.2726013183594,5.624502759317298e-07,macro_dataset_auroc,0.7000000000000001,0.7000000000000001,0.45,0.4,0.7764657683535334
run_dfd_supervised_3d_t8_k3_A_baseline_overfit,102,874.3502380371094,5.343277621351433e-07,macro_dataset_auroc,0.7000000000000001,0.7000000000000001,0.45,0.4,0.7459995252865447
run_dfd_supervised_3d_t8_k3_A_baseline_overfit,103,874.2867919921875,5.076113740283861e-07,macro_dataset_auroc,0.7000000000000001,0.7000000000000001,0.45,0.4,0.7163428619835923
run_dfd_supervised_3d_t8_k3_A_baseline_overfit,104,874.2652130126953,4.822308053269667e-07,macro_dataset_auroc,0.7000000000000001,0.7000000000000001,0.45,0.4,0.7628200439602232
run_dfd_supervised_3d_t8_k3_A_baseline_overfit,105,874.2867767333985,4.581192650606184e-07,macro_dataset_auroc,0.7000000000000001,0.7000000000000001,0.45,0.4,0.7312636349353945
run_dfd_supervised_3d_t8_k3_A_baseline_overfit,106,874.2653594970703,4.3521330180758747e-07,macro_dataset_auroc,0.7000000000000001,0.7000000000000001,0.45,0.4,0.7617954661422889
run_dfd_supervised_3d_t8_k3_A_baseline_overfit,107,874.2847259521484,4.1345263671720807e-07,macro_dataset_auroc,0.7000000000000001,0.7000000000000001,0.45,0.4,0.754422341521635
run_dfd_supervised_3d_t8_k3_A_baseline_overfit,108,874.2893646240234,3.9278000488134764e-07,macro_dataset_auroc,0.7000000000000001,0.7000000000000001,0.45,0.4,0.7461868056904595
run_dfd_supervised_3d_t8_k3_A_baseline_overfit,109,874.2633972167969,3.7314100463728023e-07,macro_dataset_auroc,0.7000000000000001,0.7000000000000001,0.45,0.4,0.6868800823698442
run_dfd_supervised_3d_t8_k3_A_baseline_overfit,110,874.2672393798828,3.544839544054162e-07,macro_dataset_auroc,0.7000000000000001,0.7000000000000001,0.45,0.4,0.7423238521883194
run_dfd_supervised_3d_t8_k3_A_baseline_overfit,111,874.2570861816406,3.367597566851454e-07,macro_dataset_auroc,0.7000000000000001,0.7000000000000001,0.45,0.4,0.8090218100697234
run_dfd_supervised_3d_t8_k3_A_baseline_overfit,112,874.2487182617188,3.199217688508881e-07,macro_dataset_auroc,0.7000000000000001,0.7000000000000001,0.45,0.4,0.7086746152390768
run_dfd_supervised_3d_t8_k3_A_baseline_overfit,113,874.2563446044921,3.0392568040834367e-07,macro_dataset_auroc,0.7000000000000001,0.7000000000000001,0.45,0.4,0.7486980032356145
run_dfd_supervised_3d_t8_k3_A_baseline_overfit,114,874.2958587646484,2.887293963879265e-07,macro_dataset_auroc,0.7000000000000001,0.7000000000000001,0.45,0.4,0.7319485553987655
run_dfd_supervised_3d_t8_k3_A_baseline_overfit,115,874.3236755371094,2.7429292656853013e-07,macro_dataset_auroc,0.7000000000000001,0.7000000000000001,0.45,0.4,0.7333961878907762
run_dfd_supervised_3d_t8_k3_A_baseline_overfit,116,874.2514343261719,2.605782802401036e-07,macro_dataset_auroc,0.7000000000000001,0.7000000000000001,0.45,0.4,0.761872464332847
run_dfd_supervised_3d_t8_k3_A_baseline_overfit,117,874.3124420166016,2.475493662280984e-07,macro_dataset_auroc,0.7000000000000001,0.7000000000000001,0.45,0.4,0.8200586365059862
run_dfd_supervised_3d_t8_k3_A_baseline_overfit,118,874.2548736572265,2.3517189791669347e-07,macro_dataset_auroc,0.7000000000000001,0.7000000000000001,0.45,0.4,0.6793616110191092
run_dfd_supervised_3d_t8_k3_A_baseline_overfit,119,874.3178192138672,2.234133030208588e-07,macro_dataset_auroc,0.7000000000000001,0.7000000000000001,0.45,0.4,0.7077776227757149
run_dfd_supervised_3d_t8_k3_A_baseline_overfit,120,874.2575073242188,2.1224263786981584e-07,macro_dataset_auroc,0.7000000000000001,0.7000000000000001,0.45,0.4,0.7264023956783977
run_dfd_supervised_3d_t8_k3_A_baseline_overfit,121,874.3075317382812,2.0163050597632503e-07,macro_dataset_auroc,0.7000000000000001,0.7000000000000001,0.45,0.4,0.7820466820351526
run_dfd_supervised_3d_t8_k3_A_baseline_overfit,122,874.3111358642578,1.9154898067750878e-07,macro_dataset_auroc,0.7000000000000001,0.7000000000000001,0.45,0.4,0.7199210961413735
run_dfd_supervised_3d_t8_k3_A_baseline_overfit,123,874.2836303710938,1.8197153164363334e-07,macro_dataset_auroc,0.7000000000000001,0.7000000000000001,0.45,0.4,0.699852652049104
run_dfd_supervised_3d_t8_k3_A_baseline_overfit,124,874.2237274169922,1.7287295506145167e-07,macro_dataset_auroc,0.7000000000000001,0.7000000000000001,0.45,0.4,0.7575711402369233
run_dfd_supervised_3d_t8_k3_A_baseline_overfit,125,874.3049377441406,1.6422930730837908e-07,macro_dataset_auroc,0.7000000000000001,0.7000000000000001,0.45,0.4,0.7339728225385955
run_dfd_supervised_3d_t8_k3_A_baseline_overfit,126,874.3168579101563,1.560178419429601e-07,macro_dataset_auroc,0.7000000000000001,0.7000000000000001,0.45,0.4,0.7182296012874886
run_dfd_supervised_3d_t8_k3_A_baseline_overfit,127,874.239859008789,1.482169498458121e-07,macro_dataset_auroc,0.7000000000000001,0.7000000000000001,0.45,0.4,0.7160280411671157
run_dfd_supervised_3d_t8_k3_A_baseline_overfit,128,874.3426727294922,1.4080610235352148e-07,macro_dataset_auroc,0.7000000000000001,0.7000000000000001,0.45,0.4,0.7939826990558195
run_dfd_supervised_3d_t8_k3_A_baseline_overfit,129,874.2632141113281,1.337657972358454e-07,macro_dataset_auroc,0.7000000000000001,0.7000000000000001,0.45,0.4,0.7824227770918467
run_dfd_supervised_3d_t8_k3_A_baseline_overfit,130,874.3370178222656,1.2707750737405312e-07,macro_dataset_auroc,0.7000000000000001,0.7000000000000001,0.45,0.4,0.7823750791501174
run_dfd_supervised_3d_t8_k3_A_baseline_overfit,131,874.3051788330079,1.2072363200535045e-07,macro_dataset_auroc,0.7000000000000001,0.7000000000000001,0.45,0.4,0.7397040987037341
run_dfd_supervised_3d_t8_k3_A_baseline_overfit,132,874.2435974121094,1.1468745040508292e-07,macro_dataset_auroc,0.7000000000000001,0.7000000000000001,0.45,0.4,0.7463188280463012
run_dfd_supervised_3d_t8_k3_A_baseline_overfit,133,874.3341827392578,1.0895307788482877e-07,macro_dataset_auroc,0.7000000000000001,0.7000000000000001,0.45,0.4,0.7579643496772136
run_dfd_supervised_3d_t8_k3_A_baseline_overfit,134,874.269644165039,1.0350542399058734e-07,macro_dataset_auroc,0.7000000000000001,0.7000000000000001,0.45,0.4,0.7506559359699092
run_dfd_supervised_3d_t8_k3_A_baseline_overfit,135,874.296273803711,9.833015279105797e-08,macro_dataset_auroc,0.7000000000000001,0.7000000000000001,0.45,0.4,0.7462994119818899
run_dfd_supervised_3d_t8_k3_A_baseline_overfit,136,874.221713256836,9.341364515150507e-08,macro_dataset_auroc,0.7000000000000001,0.7000000000000001,0.45,0.4,0.7097355429661176
run_dfd_supervised_3d_t8_k3_A_baseline_overfit,137,874.2583648681641,8.874296289392981e-08,macro_dataset_auroc,0.7000000000000001,0.7000000000000001,0.45,0.4,0.7356974165343981
run_dfd_supervised_3d_t8_k3_A_baseline_overfit,138,874.3266632080079,8.430581474923332e-08,macro_dataset_auroc,0.7000000000000001,0.7000000000000001,0.45,0.4,0.7775906412422859
run_dfd_supervised_3d_t8_k3_A_baseline_overfit,139,874.2843292236328,8.009052401177165e-08,macro_dataset_auroc,0.7000000000000001,0.7000000000000001,0.45,0.4,0.7656594092060149
run_dfd_supervised_3d_t8_k3_A_baseline_overfit,140,874.3015991210938,7.608599781118306e-08,macro_dataset_auroc,0.7000000000000001,0.7000000000000001,0.45,0.4,0.7395135502875358
run_dfd_supervised_3d_t8_k3_A_baseline_overfit,141,874.305908203125,7.22816979206239e-08,macro_dataset_auroc,0.7000000000000001,0.7000000000000001,0.45,0.4,0.7000071171407967
run_dfd_supervised_3d_t8_k3_A_baseline_overfit,142,874.2615203857422,6.86676130245927e-08,macro_dataset_auroc,0.7000000000000001,0.7000000000000001,0.45,0.4,0.6982495525833549
run_dfd_supervised_3d_t8_k3_A_baseline_overfit,143,874.2651519775391,6.523423237336307e-08,macro_dataset_auroc,0.7000000000000001,0.7000000000000001,0.45,0.4,0.7674476354066763
run_dfd_supervised_3d_t8_k3_A_baseline_overfit,144,874.3034423828125,6.197252075469491e-08,macro_dataset_auroc,0.7000000000000001,0.7000000000000001,0.45,0.4,0.7705208327511249
run_dfd_supervised_3d_t8_k3_A_baseline_overfit,145,874.3068206787109,5.887389471696016e-08,macro_dataset_auroc,0.7000000000000001,0.7000000000000001,0.45,0.4,0.7059267474602238
run_dfd_supervised_3d_t8_k3_A_baseline_overfit,146,874.2380004882813,5.593019998111215e-08,macro_dataset_auroc,0.7000000000000001,0.7000000000000001,0.45,0.4,0.6912221219542675
run_dfd_supervised_3d_t8_k3_A_baseline_overfit,147,874.288705444336,5.313368998205654e-08,macro_dataset_auroc,0.7000000000000001,0.7000000000000001,0.45,0.4,0.770685093172631
run_dfd_supervised_3d_t8_k3_A_baseline_overfit,148,874.3633117675781,5.047700548295371e-08,macro_dataset_auroc,0.7000000000000001,0.7000000000000001,0.45,0.4,0.7614367065555352
run_dfd_supervised_3d_t8_k3_A_baseline_overfit,149,874.2970977783203,4.795315520880602e-08,macro_dataset_auroc,0.7000000000000001,0.7000000000000001,0.45,0.4,0.7389936158365243
run_dfd_supervised_3d_t8_k3_A_baseline_overfit,150,874.249462890625,4.5555497448365717e-08,macro_dataset_auroc,0.7000000000000001,0.7000000000000001,0.45,0.4,0.7955203915295479
run_dfd_supervised_3d_t8_k3_B_all_overfit,1,90.76349792480468,0.00095,macro_dataset_auroc,0.7000000000000001,0.7000000000000001,0.24999999999999997,0.0,3.1944978754844233
run_dfd_supervised_3d_t8_k3_B_all_overfit,2,89.11624069213867,0.0009025,macro_dataset_auroc,0.54,0.54,0.4,0.1,1.5981116842948895
run_dfd_supervised_3d_t8_k3_B_all_overfit,3,88.6506290435791,0.000857375,macro_dataset_auroc,0.68,0.68,0.45,0.1,1.5368290601765704
run_dfd_supervised_3d_t8_k3_B_all_overfit,4,87.65616989135742,0.0008145062499999999,macro_dataset_auroc,0.58,0.58,0.5,0.1,1.1429934669989157
run_dfd_supervised_3d_t8_k3_B_all_overfit,5,86.93555603027343,0.0007737809374999998,macro_dataset_auroc,0.58,0.58,0.35,0.1,1.427948795528685
run_dfd_supervised_3d_t8_k3_B_all_overfit,6,86.41652565002441,0.0007350918906249997,macro_dataset_auroc,0.49,0.49,0.6,0.1,0.9477335427702995
run_dfd_supervised_3d_t8_k3_B_all_overfit,7,86.02882881164551,0.0006983372960937497,macro_dataset_auroc,0.6000000000000001,0.6000000000000001,0.55,0.1,1.013458879667918
run_dfd_supervised_3d_t8_k3_B_all_overfit,8,85.5584831237793,0.0006634204312890621,macro_dataset_auroc,0.48000000000000004,0.48000000000000004,0.6499999999999999,0.1,0.9764485218776352
run_dfd_supervised_3d_t8_k3_B_all_overfit,9,85.35988426208496,0.000630249409724609,macro_dataset_auroc,0.6,0.6,0.5,0.1,0.7806019738789445
run_dfd_supervised_3d_t8_k3_B_all_overfit,10,84.96105575561523,0.0005987369392383785,macro_dataset_auroc,0.6,0.6,0.35,0.1,0.5895008665585183
run_dfd_supervised_3d_t8_k3_B_all_overfit,11,84.21918029785157,0.0005688000922764595,macro_dataset_auroc,0.6900000000000001,0.6900000000000001,0.24999999999999997,0.1,0.9405221064964712
run_dfd_supervised_3d_t8_k3_B_all_overfit,12,83.97891464233399,0.0005403600876626365,macro_dataset_auroc,0.6,0.6,0.45,0.1,1.379878096166394
run_dfd_supervised_3d_t8_k3_B_all_overfit,13,83.55978698730469,0.0005133420832795047,macro_dataset_auroc,0.65,0.65,0.35,0.1,1.2052296197609698
run_dfd_supervised_3d_t8_k3_B_all_overfit,14,83.31853446960449,0.00048767497911552944,macro_dataset_auroc,0.6100000000000001,0.6100000000000001,0.5,0.1,1.1261890946763957
run_dfd_supervised_3d_t8_k3_B_all_overfit,15,82.80018119812011,0.00046329123015975297,macro_dataset_auroc,0.55,0.55,0.6,0.1,0.799275530156344
run_dfd_supervised_3d_t8_k3_B_all_overfit,16,82.56077842712402,0.0004401266686517653,macro_dataset_auroc,0.51,0.51,0.6,0.1,0.8680537776447189
run_dfd_supervised_3d_t8_k3_B_all_overfit,17,82.21238136291504,0.00041812033521917703,macro_dataset_auroc,0.56,0.56,0.55,0.1,0.9517203221196554
run_dfd_supervised_3d_t8_k3_B_all_overfit,18,82.14278106689453,0.00039721431845821814,macro_dataset_auroc,0.5700000000000001,0.5700000000000001,0.55,0.1,0.8854238600000394
run_dfd_supervised_3d_t8_k3_B_all_overfit,19,81.55876312255859,0.0003773536025353072,macro_dataset_auroc,0.5900000000000001,0.5900000000000001,0.55,0.1,0.9909510910165232
run_dfd_supervised_3d_t8_k3_B_all_overfit,20,81.27026634216308,0.0003584859224085418,macro_dataset_auroc,0.5800000000000001,0.5800000000000001,0.55,0.1,0.8887552642475469
run_dfd_supervised_3d_t8_k3_B_all_overfit,21,81.03030128479004,0.0003405616262881147,macro_dataset_auroc,0.5800000000000001,0.5800000000000001,0.55,0.1,0.9315656125627962
run_dfd_supervised_3d_t8_k3_B_all_overfit,22,80.73074226379394,0.00032353354497370894,macro_dataset_auroc,0.5900000000000001,0.5900000000000001,0.55,0.1,0.7675676724618179
run_dfd_supervised_3d_t8_k3_B_all_overfit,23,80.49752883911133,0.00030735686772502346,macro_dataset_auroc,0.6,0.6,0.55,0.1,0.932394558519179
run_dfd_supervised_3d_t8_k3_B_all_overfit,24,80.25775413513183,0.00029198902433877225,macro_dataset_auroc,0.5700000000000001,0.5700000000000001,0.6,0.1,0.9133199511748981
run_dfd_supervised_3d_t8_k3_B_all_overfit,25,80.05780448913575,0.00027738957312183364,macro_dataset_auroc,0.64,0.64,0.55,0.2,1.2901865832868347
run_dfd_supervised_3d_t8_k3_B_all_overfit,26,79.85418586730957,0.0002635200944657419,macro_dataset_auroc,0.6499999999999999,0.6499999999999999,0.4,0.1,0.9603516007433063
run_dfd_supervised_3d_t8_k3_B_all_overfit,27,79.65880165100097,0.0002503440897424548,macro_dataset_auroc,0.62,0.62,0.4,0.1,0.8294663679749541
run_dfd_supervised_3d_t8_k3_B_all_overfit,28,79.4634937286377,0.00023782688525533205,macro_dataset_auroc,0.6599999999999999,0.6599999999999999,0.4,0.1,0.8066054526451181
run_dfd_supervised_3d_t8_k3_B_all_overfit,29,79.28117790222169,0.00022593554099256544,macro_dataset_auroc,0.64,0.64,0.55,0.2,0.8910884795774682
run_dfd_supervised_3d_t8_k3_B_all_overfit,30,79.11034545898437,0.00021463876394293716,macro_dataset_auroc,0.63,0.63,0.55,0.1,0.8558628687379628
run_dfd_supervised_3d_t8_k3_B_all_overfit,31,78.96269264221192,0.0002039068257457903,macro_dataset_auroc,0.64,0.64,0.5,0.1,0.8470976726749465
run_dfd_supervised_3d_t8_k3_B_all_overfit,32,78.80954971313477,0.00019371148445850077,macro_dataset_auroc,0.66,0.66,0.5,0.2,0.9755819856382358
run_dfd_supervised_3d_t8_k3_B_all_overfit,33,78.67498741149902,0.00018402591023557573,macro_dataset_auroc,0.65,0.65,0.55,0.2,0.8440843214442015
run_dfd_supervised_3d_t8_k3_B_all_overfit,34,78.53947639465332,0.00017482461472379692,macro_dataset_auroc,0.64,0.64,0.55,0.1,0.998753079038534
run_dfd_supervised_3d_t8_k3_B_all_overfit,35,78.41084175109863,0.00016608338398760707,macro_dataset_auroc,0.65,0.65,0.55,0.2,0.9287799651153987
run_dfd_supervised_3d_t8_k3_B_all_overfit,36,78.28688201904296,0.0001577792147882267,macro_dataset_auroc,0.64,0.64,0.55,0.1,0.8519797701277834
run_dfd_supervised_3d_t8_k3_B_all_overfit,37,78.17273597717285,0.00014989025404881537,macro_dataset_auroc,0.67,0.67,0.4,0.2,0.9432929486096792
run_dfd_supervised_3d_t8_k3_B_all_overfit,38,78.05515937805175,0.00014239574134637458,macro_dataset_auroc,0.6799999999999999,0.6799999999999999,0.45,0.1,0.8792679688844501
run_dfd_supervised_3d_t8_k3_B_all_overfit,39,77.93559494018555,0.00013527595427905584,macro_dataset_auroc,0.7,0.7,0.45,0.2,0.8538453336791679
run_dfd_supervised_3d_t8_k3_B_all_overfit,40,77.85153579711914,0.00012851215656510304,macro_dataset_auroc,0.65,0.65,0.55,0.2,0.9200758952053176
run_dfd_supervised_3d_t8_k3_B_all_overfit,41,77.75913848876954,0.00012208654873684788,macro_dataset_auroc,0.65,0.65,0.55,0.2,0.9284763896500412
run_dfd_supervised_3d_t8_k3_B_all_overfit,42,77.66360702514649,0.00011598222130000548,macro_dataset_auroc,0.67,0.67,0.4,0.2,0.9495468566869449
run_dfd_supervised_3d_t8_k3_B_all_overfit,43,77.58182373046876,0.00011018311023500519,macro_dataset_auroc,0.67,0.67,0.4,0.2,0.7892301654311589
run_dfd_supervised_3d_t8_k3_B_all_overfit,44,77.49110908508301,0.00010467395472325493,macro_dataset_auroc,0.65,0.65,0.55,0.2,0.8271503443041022
run_dfd_supervised_3d_t8_k3_B_all_overfit,45,77.42386245727539,9.944025698709218e-05,macro_dataset_auroc,0.64,0.64,0.55,0.1,0.9884542110616986
run_dfd_supervised_3d_t8_k3_B_all_overfit,46,77.34937171936035,9.446824413773756e-05,macro_dataset_auroc,0.64,0.64,0.55,0.1,0.9037658914536362
run_dfd_supervised_3d_t8_k3_B_all_overfit,47,77.25568809509278,8.974483193085068e-05,macro_dataset_auroc,0.64,0.64,0.55,0.1,0.8842289288176706
run_dfd_supervised_3d_t8_k3_B_all_overfit,48,77.20432815551757,8.525759033430814e-05,macro_dataset_auroc,0.68,0.68,0.4,0.2,0.8590602760123777
run_dfd_supervised_3d_t8_k3_B_all_overfit,49,77.14071731567383,8.099471081759274e-05,macro_dataset_auroc,0.7,0.7,0.45,0.2,0.854822680697805
run_dfd_supervised_3d_t8_k3_B_all_overfit,50,77.08072776794434,7.69449752767131e-05,macro_dataset_auroc,0.68,0.68,0.4,0.2,0.8728914753730495
run_dfd_supervised_3d_t8_k3_B_all_overfit,51,77.02808265686035,7.309772651287744e-05,macro_dataset_auroc,0.68,0.68,0.4,0.2,0.7933352347954857
run_dfd_supervised_3d_t8_k3_B_all_overfit,52,76.96236228942871,6.944284018723356e-05,macro_dataset_auroc,0.64,0.64,0.55,0.1,0.9913032784971093
run_dfd_supervised_3d_t8_k3_B_all_overfit,53,76.9106990814209,6.597069817787189e-05,macro_dataset_auroc,0.68,0.68,0.4,0.2,0.965939598883077
run_dfd_supervised_3d_t8_k3_B_all_overfit,54,76.86411895751954,6.267216326897829e-05,macro_dataset_auroc,0.7,0.7,0.45,0.2,0.9156664979806965
run_dfd_supervised_3d_t8_k3_B_all_overfit,55,76.80199394226074,5.953855510552937e-05,macro_dataset_auroc,0.66,0.66,0.55,0.2,0.9668019526529016
run_dfd_supervised_3d_t8_k3_B_all_overfit,56,76.77092056274414,5.65616273502529e-05,macro_dataset_auroc,0.66,0.66,0.55,0.2,0.9861956456948974
run_dfd_supervised_3d_t8_k3_B_all_overfit,57,76.72388610839843,5.373354598274025e-05,macro_dataset_auroc,0.66,0.66,0.55,0.2,0.9146853759964633
run_dfd_supervised_3d_t8_k3_B_all_overfit,58,76.66894607543945,5.104686868360323e-05,macro_dataset_auroc,0.66,0.66,0.55,0.2,0.8869979804075172
run_dfd_supervised_3d_t8_k3_B_all_overfit,59,76.63065719604492,4.849452524942307e-05,macro_dataset_auroc,0.68,0.68,0.4,0.2,0.8947803891918339
run_dfd_supervised_3d_t8_k3_B_all_overfit,60,76.59018974304199,4.606979898695191e-05,macro_dataset_auroc,0.66,0.66,0.55,0.2,0.9064323148293708
run_dfd_supervised_3d_t8_k3_B_all_overfit,61,76.57407150268554,4.376630903760431e-05,macro_dataset_auroc,0.66,0.66,0.55,0.2,0.8692732367046446
run_dfd_supervised_3d_t8_k3_B_all_overfit,62,76.53366127014161,4.157799358572409e-05,macro_dataset_auroc,0.66,0.66,0.55,0.2,1.0495634679149932
run_dfd_supervised_3d_t8_k3_B_all_overfit,63,76.50998992919922,3.9499093906437885e-05,macro_dataset_auroc,0.66,0.66,0.55,0.2,1.005133879598213
run_dfd_supervised_3d_t8_k3_B_all_overfit,64,76.47488174438476,3.752413921111599e-05,macro_dataset_auroc,0.66,0.66,0.55,0.2,0.857214466784903
run_dfd_supervised_3d_t8_k3_B_all_overfit,65,76.44999885559082,3.564793225056019e-05,macro_dataset_auroc,0.66,0.66,0.55,0.2,0.8632732727850596
run_dfd_supervised_3d_t8_k3_B_all_overfit,66,76.4145637512207,3.3865535638032174e-05,macro_dataset_auroc,0.66,0.66,0.55,0.2,0.9950717677994363
run_dfd_supervised_3d_t8_k3_B_all_overfit,67,76.38300247192383,3.2172258856130564e-05,macro_dataset_auroc,0.68,0.68,0.4,0.2,0.9644812674645853
run_dfd_supervised_3d_t8_k3_B_all_overfit,68,76.37108573913574,3.056364591332403e-05,macro_dataset_auroc,0.66,0.66,0.55,0.2,0.9207038166678225
run_dfd_supervised_3d_t8_k3_B_all_overfit,69,76.3362663269043,2.903546361765783e-05,macro_dataset_auroc,0.66,0.66,0.55,0.2,0.9400047230477852
run_dfd_supervised_3d_t8_k3_B_all_overfit,70,76.32026481628418,2.758369043677494e-05,macro_dataset_auroc,0.66,0.66,0.55,0.2,0.8523891374909113
run_dfd_supervised_3d_t8_k3_B_all_overfit,71,76.2890022277832,2.620450591493619e-05,macro_dataset_auroc,0.68,0.68,0.4,0.2,0.7782112507384833
run_dfd_supervised_3d_t8_k3_B_all_overfit,72,76.27581977844238,2.489428061918938e-05,macro_dataset_auroc,0.7,0.7,0.45,0.2,0.9738970174290856
run_dfd_supervised_3d_t8_k3_B_all_overfit,73,76.25897483825683,2.364956658822991e-05,macro_dataset_auroc,0.66,0.66,0.55,0.2,1.0099571879440206
run_dfd_supervised_3d_t8_k3_B_all_overfit,74,76.23115310668945,2.2467088258818413e-05,macro_dataset_auroc,0.7,0.7,0.45,0.2,0.8577181560222541
run_dfd_supervised_3d_t8_k3_B_all_overfit,75,76.2162254333496,2.134373384587749e-05,macro_dataset_auroc,0.66,0.66,0.55,0.2,0.8208393554184813
run_dfd_supervised_3d_t8_k3_B_all_overfit,76,76.1954502105713,2.0276547153583614e-05,macro_dataset_auroc,0.6699999999999999,0.6699999999999999,0.4,0.1,0.8021961325808373
run_dfd_supervised_3d_t8_k3_B_all_overfit,77,76.1725975036621,1.9262719795904432e-05,macro_dataset_auroc,0.67,0.67,0.5,0.2,0.9194730000464811
run_dfd_supervised_3d_t8_k3_B_all_overfit,78,76.17030563354493,1.829958380610921e-05,macro_dataset_auroc,0.68,0.68,0.4,0.2,0.9635646998324376
run_dfd_supervised_3d_t8_k3_B_all_overfit,79,76.15282249450684,1.738460461580375e-05,macro_dataset_auroc,0.68,0.68,0.4,0.2,0.9117551425526342
run_dfd_supervised_3d_t8_k3_B_all_overfit,80,76.14821853637696,1.6515374385013564e-05,macro_dataset_auroc,0.66,0.66,0.55,0.2,1.0067537811621152
run_dfd_supervised_3d_t8_k3_B_all_overfit,81,76.1327564239502,1.5689605665762886e-05,macro_dataset_auroc,0.66,0.66,0.55,0.2,0.8332718563281395
run_dfd_supervised_3d_t8_k3_B_all_overfit,82,76.10442695617675,1.490512538247474e-05,macro_dataset_auroc,0.7,0.7,0.45,0.2,0.9239583325976645
run_dfd_supervised_3d_t8_k3_B_all_overfit,83,76.10708503723144,1.4159869113351003e-05,macro_dataset_auroc,0.66,0.66,0.55,0.2,0.9894112013554219
run_dfd_supervised_3d_t8_k3_B_all_overfit,84,76.08019485473633,1.3451875657683452e-05,macro_dataset_auroc,0.7,0.7,0.45,0.2,0.9049447698969706
run_dfd_supervised_3d_t8_k3_B_all_overfit,85,76.09369468688965,1.277928187479928e-05,macro_dataset_auroc,0.66,0.66,0.55,0.2,0.8872588473502071
run_dfd_supervised_3d_t8_k3_B_all_overfit,86,76.06948432922363,1.2140317781059316e-05,macro_dataset_auroc,0.66,0.66,0.55,0.2,1.0023274983197261
run_dfd_supervised_3d_t8_k3_B_all_overfit,87,76.05925750732422,1.153330189200635e-05,macro_dataset_auroc,0.66,0.66,0.55,0.2,0.8215006902421934
run_dfd_supervised_3d_t8_k3_B_all_overfit,88,76.05407524108887,1.0956636797406032e-05,macro_dataset_auroc,0.66,0.66,0.55,0.2,0.9762964591544805
run_dfd_supervised_3d_t8_k3_B_all_overfit,89,76.04815406799317,1.0408804957535729e-05,macro_dataset_auroc,0.67,0.67,0.5,0.2,0.8619719373318001
run_dfd_supervised_3d_t8_k3_B_all_overfit,90,76.02832489013672,9.888364709658941e-06,macro_dataset_auroc,0.66,0.66,0.55,0.2,1.0269548564140338
run_dfd_supervised_3d_t8_k3_B_all_overfit,91,76.01381301879883,9.393946474175994e-06,macro_dataset_auroc,0.68,0.68,0.4,0.2,0.9293237396650507
run_dfd_supervised_3d_t8_k3_B_all_overfit,92,76.01572685241699,8.924249150467194e-06,macro_dataset_auroc,0.66,0.66,0.55,0.2,1.031700700902549
run_dfd_supervised_3d_t8_k3_B_all_overfit,93,76.01646575927734,8.478036692943835e-06,macro_dataset_auroc,0.66,0.66,0.55,0.2,0.9895242158827562
run_dfd_supervised_3d_t8_k3_B_all_overfit,94,76.00648460388183,8.054134858296643e-06,macro_dataset_auroc,0.6900000000000001,0.6900000000000001,0.4,0.2,0.8874175536404088
run_dfd_supervised_3d_t8_k3_B_all_overfit,95,76.00103302001953,7.65142811538181e-06,macro_dataset_auroc,0.71,0.71,0.45,0.2,0.8725234329182693
run_dfd_supervised_3d_t8_k3_B_all_overfit,96,75.9871711730957,7.26885670961272e-06,macro_dataset_auroc,0.6900000000000001,0.6900000000000001,0.4,0.2,0.9125919260322742
run_dfd_supervised_3d_t8_k3_B_all_overfit,97,75.99424095153809,6.905413874132084e-06,macro_dataset_auroc,0.7,0.7,0.45,0.2,0.8257577347948198
run_dfd_supervised_3d_t8_k3_B_all_overfit,98,75.98616409301758,6.5601431804254795e-06,macro_dataset_auroc,0.6900000000000001,0.6900000000000001,0.4,0.2,0.8808149034611593
run_dfd_supervised_3d_t8_k3_B_all_overfit,99,75.98473167419434,6.232136021404205e-06,macro_dataset_auroc,0.66,0.66,0.55,0.2,0.8695971730527647
run_dfd_supervised_3d_t8_k3_B_all_overfit,100,75.96682777404786,5.920529220333994e-06,macro_dataset_auroc,0.66,0.66,0.55,0.2,0.9399882213542221
run_dfd_supervised_3d_t8_k3_B_all_overfit,101,75.96564750671386,5.624502759317295e-06,macro_dataset_auroc,0.66,0.66,0.55,0.2,0.9818859521987054
run_dfd_supervised_3d_t8_k3_B_all_overfit,102,75.95111312866212,5.34327762135143e-06,macro_dataset_auroc,0.6900000000000001,0.6900000000000001,0.4,0.2,0.930943193919961
run_dfd_supervised_3d_t8_k3_B_all_overfit,103,75.95913810729981,5.076113740283858e-06,macro_dataset_auroc,0.66,0.66,0.55,0.2,0.8890722432852066
run_dfd_supervised_3d_t8_k3_B_all_overfit,104,75.95762710571289,4.8223080532696655e-06,macro_dataset_auroc,0.68,0.68,0.4,0.2,0.895533369915643
run_dfd_supervised_3d_t8_k3_B_all_overfit,105,75.94756774902343,4.581192650606182e-06,macro_dataset_auroc,0.65,0.65,0.55,0.1,0.9950977532455297
run_dfd_supervised_3d_t8_k3_B_all_overfit,106,75.95599174499512,4.3521330180758725e-06,macro_dataset_auroc,0.67,0.67,0.5,0.2,0.9752677650685196
run_dfd_supervised_3d_t8_k3_B_all_overfit,107,75.95059738159179,4.1345263671720786e-06,macro_dataset_auroc,0.65,0.65,0.55,0.1,0.9671969923340262
run_dfd_supervised_3d_t8_k3_B_all_overfit,108,75.93237533569337,3.927800048813474e-06,macro_dataset_auroc,0.65,0.65,0.55,0.1,0.9219227945895233
run_dfd_supervised_3d_t8_k3_B_all_overfit,109,75.93157958984375,3.7314100463728006e-06,macro_dataset_auroc,0.66,0.66,0.55,0.2,0.840055112784973
run_dfd_supervised_3d_t8_k3_B_all_overfit,110,75.93895454406739,3.5448395440541604e-06,macro_dataset_auroc,0.66,0.66,0.55,0.2,0.9738217470705062
run_dfd_supervised_3d_t8_k3_B_all_overfit,111,75.93289184570312,3.3675975668514524e-06,macro_dataset_auroc,0.66,0.66,0.55,0.2,1.0795705936675615
run_dfd_supervised_3d_t8_k3_B_all_overfit,112,75.91025428771972,3.1992176885088796e-06,macro_dataset_auroc,0.66,0.66,0.55,0.2,0.8416871658276597
run_dfd_supervised_3d_t8_k3_B_all_overfit,113,75.92644691467285,3.0392568040834356e-06,macro_dataset_auroc,0.66,0.66,0.55,0.2,0.863424644956499
run_dfd_supervised_3d_t8_k3_B_all_overfit,114,75.92770385742188,2.8872939638792635e-06,macro_dataset_auroc,0.68,0.68,0.4,0.2,0.9082438432491207
run_dfd_supervised_3d_t8_k3_B_all_overfit,115,75.93996772766113,2.7429292656853003e-06,macro_dataset_auroc,0.68,0.68,0.4,0.2,0.9212474323982892
run_dfd_supervised_3d_t8_k3_B_all_overfit,116,75.89677848815919,2.605782802401035e-06,macro_dataset_auroc,0.7,0.7,0.45,0.2,0.9092508832092402
run_dfd_supervised_3d_t8_k3_B_all_overfit,117,75.91548118591308,2.475493662280983e-06,macro_dataset_auroc,0.7,0.7,0.45,0.2,0.9504024690876528
run_dfd_supervised_3d_t8_k3_B_all_overfit,118,75.91276893615722,2.351718979166934e-06,macro_dataset_auroc,0.68,0.68,0.4,0.2,0.8003127633235343
run_dfd_supervised_3d_t8_k3_B_all_overfit,119,75.91080284118652,2.234133030208587e-06,macro_dataset_auroc,0.66,0.66,0.55,0.2,0.8911848736786789
run_dfd_supervised_3d_t8_k3_B_all_overfit,120,75.8924114227295,2.1224263786981576e-06,macro_dataset_auroc,0.68,0.68,0.4,0.2,0.8308180428535715
run_dfd_supervised_3d_t8_k3_B_all_overfit,121,75.89696350097657,2.0163050597632494e-06,macro_dataset_auroc,0.66,0.66,0.55,0.2,0.980143469461068
run_dfd_supervised_3d_t8_k3_B_all_overfit,122,75.90127143859863,1.915489806775087e-06,macro_dataset_auroc,0.67,0.67,0.5,0.2,0.8521318187385553
run_dfd_supervised_3d_t8_k3_B_all_overfit,123,75.90145378112793,1.8197153164363325e-06,macro_dataset_auroc,0.66,0.66,0.55,0.2,0.827112328070395
run_dfd_supervised_3d_t8_k3_B_all_overfit,124,75.89388885498047,1.7287295506145157e-06,macro_dataset_auroc,0.66,0.66,0.55,0.2,0.9227667220896119
run_dfd_supervised_3d_t8_k3_B_all_overfit,125,75.89495124816895,1.6422930730837899e-06,macro_dataset_auroc,0.67,0.67,0.5,0.2,0.8317821871523672
run_dfd_supervised_3d_t8_k3_B_all_overfit,126,75.91162719726563,1.5601784194296004e-06,macro_dataset_auroc,0.68,0.68,0.4,0.2,0.8458868042615497
run_dfd_supervised_3d_t8_k3_B_all_overfit,127,75.90263137817382,1.4821694984581202e-06,macro_dataset_auroc,0.66,0.66,0.55,0.2,0.8797788591061921
run_dfd_supervised_3d_t8_k3_B_all_overfit,128,75.89774322509766,1.4080610235352142e-06,macro_dataset_auroc,0.66,0.66,0.55,0.2,1.0411128917349224
run_dfd_supervised_3d_t8_k3_B_all_overfit,129,75.89275283813477,1.3376579723584535e-06,macro_dataset_auroc,0.68,0.68,0.4,0.2,0.9438476236594733
run_dfd_supervised_3d_t8_k3_B_all_overfit,130,75.89621696472167,1.2707750737405307e-06,macro_dataset_auroc,0.66,0.66,0.55,0.2,0.9884831910111761
run_dfd_supervised_3d_t8_k3_B_all_overfit,131,75.89556312561035,1.2072363200535042e-06,macro_dataset_auroc,0.65,0.65,0.55,0.1,0.9764713847260996
run_dfd_supervised_3d_t8_k3_B_all_overfit,132,75.89598503112794,1.146874504050829e-06,macro_dataset_auroc,0.66,0.66,0.55,0.2,0.9847676699094023
run_dfd_supervised_3d_t8_k3_B_all_overfit,133,75.8944049835205,1.0895307788482876e-06,macro_dataset_auroc,0.66,0.66,0.55,0.2,1.0897693681397007
run_dfd_supervised_3d_t8_k3_B_all_overfit,134,75.88418426513672,1.0350542399058731e-06,macro_dataset_auroc,0.68,0.68,0.4,0.2,0.9874657608953229
run_dfd_supervised_3d_t8_k3_B_all_overfit,135,75.89829902648925,9.833015279105794e-07,macro_dataset_auroc,0.7,0.7,0.45,0.2,0.8794748286734244
run_dfd_supervised_3d_t8_k3_B_all_overfit,136,75.90277671813965,9.341364515150503e-07,macro_dataset_auroc,0.7,0.7,0.45,0.2,0.7841464319843533
run_dfd_supervised_3d_t8_k3_B_all_overfit,137,75.89386901855468,8.874296289392978e-07,macro_dataset_auroc,0.7,0.7,0.45,0.2,0.8201776981070681
run_dfd_supervised_3d_t8_k3_B_all_overfit,138,75.89524726867675,8.430581474923329e-07,macro_dataset_auroc,0.66,0.66,0.55,0.2,0.9569666957109795
run_dfd_supervised_3d_t8_k3_B_all_overfit,139,75.89496765136718,8.009052401177162e-07,macro_dataset_auroc,0.7,0.7,0.45,0.2,0.9450345384917027
run_dfd_supervised_3d_t8_k3_B_all_overfit,140,75.88242683410644,7.608599781118303e-07,macro_dataset_auroc,0.66,0.66,0.55,0.2,0.9385160714949374
run_dfd_supervised_3d_t8_k3_B_all_overfit,141,75.8713565826416,7.228169792062388e-07,macro_dataset_auroc,0.6900000000000001,0.6900000000000001,0.4,0.2,0.7582313154020113
run_dfd_supervised_3d_t8_k3_B_all_overfit,142,75.87959747314453,6.866761302459269e-07,macro_dataset_auroc,0.66,0.66,0.55,0.2,0.7626667332427266
run_dfd_supervised_3d_t8_k3_B_all_overfit,143,75.87859382629395,6.523423237336305e-07,macro_dataset_auroc,0.66,0.66,0.55,0.2,0.963726744513994
run_dfd_supervised_3d_t8_k3_B_all_overfit,144,75.89206314086914,6.197252075469489e-07,macro_dataset_auroc,0.66,0.66,0.55,0.2,1.0433363630694226
run_dfd_supervised_3d_t8_k3_B_all_overfit,145,75.88350524902344,5.887389471696014e-07,macro_dataset_auroc,0.68,0.68,0.4,0.2,0.8766786776995202
run_dfd_supervised_3d_t8_k3_B_all_overfit,146,75.88829078674317,5.593019998111213e-07,macro_dataset_auroc,0.66,0.66,0.55,0.2,0.8636100310888205
run_dfd_supervised_3d_t8_k3_B_all_overfit,147,75.89842147827149,5.313368998205652e-07,macro_dataset_auroc,0.68,0.68,0.4,0.2,0.9280524214161319
run_dfd_supervised_3d_t8_k3_B_all_overfit,148,75.88198432922363,5.047700548295369e-07,macro_dataset_auroc,0.68,0.68,0.4,0.2,0.9342678118242385
run_dfd_supervised_3d_t8_k3_B_all_overfit,149,75.87253494262696,4.7953155208806e-07,macro_dataset_auroc,0.7,0.7,0.45,0.2,0.8303339331173354
run_dfd_supervised_3d_t8_k3_B_all_overfit,150,75.88797798156739,4.55554974483657e-07,macro_dataset_auroc,0.7,0.7,0.45,0.2,0.9345613331376205
run_dfd_supervised_3d_t8_k3_D_adam_overfit,1,893.8788818359375,0.00095,macro_dataset_auroc,0.6799999999999999,0.6799999999999999,0.2,0.0,0.00415332398725695
run_dfd_supervised_3d_t8_k3_D_adam_overfit,2,875.7255065917968,0.0009025,macro_dataset_auroc,0.64,0.64,0.25,0.1,0.005991392641195383
run_dfd_supervised_3d_t8_k3_D_adam_overfit,3,863.3462890625,0.000857375,macro_dataset_auroc,0.75,0.75,0.25,0.4,0.00018731088076909676
run_dfd_supervised_3d_t8_k3_D_adam_overfit,4,858.0025482177734,0.0008145062499999999,macro_dataset_auroc,0.6799999999999999,0.6799999999999999,0.30000000000000004,0.1,0.2939648262435767
run_dfd_supervised_3d_t8_k3_D_adam_overfit,5,852.84951171875,0.0007737809374999998,macro_dataset_auroc,0.73,0.73,0.2,0.3,0.5087619519168045
run_dfd_supervised_3d_t8_k3_D_adam_overfit,6,847.4224548339844,0.0007350918906249997,macro_dataset_auroc,0.71,0.71,0.2,0.1,0.4782020423503644
run_dfd_supervised_3d_t8_k3_D_adam_overfit,7,842.5149780273438,0.0006983372960937497,macro_dataset_auroc,0.6,0.6,0.55,0.1,0.21016623408056628
run_dfd_supervised_3d_t8_k3_D_adam_overfit,8,838.0059143066406,0.0006634204312890621,macro_dataset_auroc,0.73,0.73,0.45,0.3,0.9212089269884318
run_dfd_supervised_3d_t8_k3_D_adam_overfit,9,833.6968353271484,0.000630249409724609,macro_dataset_auroc,0.76,0.76,0.45,0.3,0.4797399092596304
run_dfd_supervised_3d_t8_k3_D_adam_overfit,10,829.0803039550781,0.0005987369392383785,macro_dataset_auroc,0.75,0.75,0.30000000000000004,0.4,0.15812260865632613
run_dfd_supervised_3d_t8_k3_D_adam_overfit,11,824.6789154052734,0.0005688000922764595,macro_dataset_auroc,0.71,0.71,0.4,0.1,0.23380911340083219
run_dfd_supervised_3d_t8_k3_D_adam_overfit,12,820.7649475097656,0.0005403600876626365,macro_dataset_auroc,0.74,0.74,0.24999999999999997,0.1,0.10617196913117931
run_dfd_supervised_3d_t8_k3_D_adam_overfit,13,816.8309844970703,0.0005133420832795047,macro_dataset_auroc,0.69,0.69,0.30000000000000004,0.1,0.20390006058679275
run_dfd_supervised_3d_t8_k3_D_adam_overfit,14,813.1773498535156,0.00048767497911552944,macro_dataset_auroc,0.7100000000000001,0.7100000000000001,0.19999999999999998,0.1,0.07363219696044551
run_dfd_supervised_3d_t8_k3_D_adam_overfit,15,809.636083984375,0.00046329123015975297,macro_dataset_auroc,0.7300000000000001,0.7300000000000001,0.19999999999999998,0.1,0.10819354250873156
run_dfd_supervised_3d_t8_k3_D_adam_overfit,16,806.2030059814454,0.0004401266686517653,macro_dataset_auroc,0.79,0.79,0.19999999999999998,0.3,0.15054682445163112
run_dfd_supervised_3d_t8_k3_D_adam_overfit,17,803.0198486328125,0.00041812033521917703,macro_dataset_auroc,0.81,0.81,0.4,0.4,0.25069877093797294
run_dfd_supervised_3d_t8_k3_D_adam_overfit,18,799.9494323730469,0.00039721431845821814,macro_dataset_auroc,0.8,0.8,0.19999999999999998,0.4,0.23477430719989467
run_dfd_supervised_3d_t8_k3_D_adam_overfit,19,797.0204132080078,0.0003773536025353072,macro_dataset_auroc,0.78,0.78,0.24999999999999997,0.3,0.2888471605150841
run_dfd_supervised_3d_t8_k3_D_adam_overfit,20,794.2111328125,0.0003584859224085418,macro_dataset_auroc,0.78,0.78,0.24999999999999997,0.3,0.2726036499429601
run_dfd_supervised_3d_t8_k3_D_adam_overfit,21,791.6036224365234,0.0003405616262881147,macro_dataset_auroc,0.78,0.78,0.24999999999999997,0.4,0.2776701944484249
run_dfd_supervised_3d_t8_k3_D_adam_overfit,22,789.0291259765625,0.00032353354497370894,macro_dataset_auroc,0.78,0.78,0.24999999999999997,0.4,0.4574932251362026
run_dfd_supervised_3d_t8_k3_D_adam_overfit,23,786.6283996582031,0.00030735686772502346,macro_dataset_auroc,0.78,0.78,0.24999999999999997,0.4,0.38353792388209385
run_dfd_supervised_3d_t8_k3_D_adam_overfit,24,784.2911926269531,0.00029198902433877225,macro_dataset_auroc,0.77,0.77,0.24999999999999997,0.3,0.33205229426932276
run_dfd_supervised_3d_t8_k3_D_adam_overfit,25,782.0966705322265,0.00027738957312183364,macro_dataset_auroc,0.77,0.77,0.24999999999999997,0.3,0.3833633650606524
run_dfd_supervised_3d_t8_k3_D_adam_overfit,26,780.0752380371093,0.0002635200944657419,macro_dataset_auroc,0.77,0.77,0.24999999999999997,0.3,0.34955774591095196
run_dfd_supervised_3d_t8_k3_D_adam_overfit,27,778.0996063232421,0.0002503440897424548,macro_dataset_auroc,0.76,0.76,0.24999999999999997,0.3,0.3119461019618565
run_dfd_supervised_3d_t8_k3_D_adam_overfit,28,776.1850402832031,0.00023782688525533205,macro_dataset_auroc,0.76,0.76,0.24999999999999997,0.3,0.45078205751347783
run_dfd_supervised_3d_t8_k3_D_adam_overfit,29,774.3553771972656,0.00022593554099256544,macro_dataset_auroc,0.77,0.77,0.24999999999999997,0.3,0.33742674743032824
run_dfd_supervised_3d_t8_k3_D_adam_overfit,30,772.6728942871093,0.00021463876394293716,macro_dataset_auroc,0.77,0.77,0.24999999999999997,0.4,0.4458913116273451
run_dfd_supervised_3d_t8_k3_D_adam_overfit,31,771.0689636230469,0.0002039068257457903,macro_dataset_auroc,0.75,0.75,0.24999999999999997,0.3,0.4622507555877667
run_dfd_supervised_3d_t8_k3_D_adam_overfit,32,769.4950805664063,0.00019371148445850077,macro_dataset_auroc,0.77,0.77,0.24999999999999997,0.4,0.6082206475735391
run_dfd_supervised_3d_t8_k3_D_adam_overfit,33,767.9860473632813,0.00018402591023557573,macro_dataset_auroc,0.76,0.76,0.24999999999999997,0.3,0.4396271135562022
run_dfd_supervised_3d_t8_k3_D_adam_overfit,34,766.6216613769532,0.00017482461472379692,macro_dataset_auroc,0.77,0.77,0.24999999999999997,0.3,0.46636346015422964
run_dfd_supervised_3d_t8_k3_D_adam_overfit,35,765.2659393310547,0.00016608338398760707,macro_dataset_auroc,0.75,0.75,0.24999999999999997,0.3,0.3841760559672194
run_dfd_supervised_3d_t8_k3_D_adam_overfit,36,764.0171081542969,0.0001577792147882267,macro_dataset_auroc,0.76,0.76,0.24999999999999997,0.3,0.4648659393787578
run_dfd_supervised_3d_t8_k3_D_adam_overfit,37,762.762646484375,0.00014989025404881537,macro_dataset_auroc,0.76,0.76,0.24999999999999997,0.3,0.6015572308478129
run_dfd_supervised_3d_t8_k3_D_adam_overfit,38,761.6149139404297,0.00014239574134637458,macro_dataset_auroc,0.76,0.76,0.24999999999999997,0.3,0.626191459512372
run_dfd_supervised_3d_t8_k3_D_adam_overfit,39,760.53916015625,0.00013527595427905584,macro_dataset_auroc,0.76,0.76,0.24999999999999997,0.3,0.6394082335611133
run_dfd_supervised_3d_t8_k3_D_adam_overfit,40,759.4630249023437,0.00012851215656510304,macro_dataset_auroc,0.75,0.75,0.24999999999999997,0.3,0.41230817391401603
run_dfd_supervised_3d_t8_k3_D_adam_overfit,41,758.4459411621094,0.00012208654873684788,macro_dataset_auroc,0.77,0.77,0.24999999999999997,0.3,0.49169152735830773
run_dfd_supervised_3d_t8_k3_D_adam_overfit,42,757.5055847167969,0.00011598222130000548,macro_dataset_auroc,0.77,0.77,0.24999999999999997,0.3,0.613733920274849
run_dfd_supervised_3d_t8_k3_D_adam_overfit,43,756.7005401611328,0.00011018311023500519,macro_dataset_auroc,0.76,0.76,0.24999999999999997,0.3,0.5582006571717133
run_dfd_supervised_3d_t8_k3_D_adam_overfit,44,755.8236846923828,0.00010467395472325493,macro_dataset_auroc,0.75,0.75,0.24999999999999997,0.3,0.44739417899790185
run_dfd_supervised_3d_t8_k3_D_adam_overfit,45,754.9658447265625,9.944025698709218e-05,macro_dataset_auroc,0.76,0.76,0.24999999999999997,0.3,0.6036673177586572
run_dfd_supervised_3d_t8_k3_D_adam_overfit,46,754.2428131103516,9.446824413773756e-05,macro_dataset_auroc,0.76,0.76,0.24999999999999997,0.3,0.5388641640522525
run_dfd_supervised_3d_t8_k3_D_adam_overfit,47,753.4872497558594,8.974483193085068e-05,macro_dataset_auroc,0.76,0.76,0.24999999999999997,0.3,0.6009563243486764
run_dfd_supervised_3d_t8_k3_D_adam_overfit,48,752.7602966308593,8.525759033430814e-05,macro_dataset_auroc,0.77,0.77,0.24999999999999997,0.3,0.6790665475363878
run_dfd_supervised_3d_t8_k3_D_adam_overfit,49,752.1007751464844,8.099471081759274e-05,macro_dataset_auroc,0.76,0.76,0.30000000000000004,0.3,0.7698570278657022
run_dfd_supervised_3d_t8_k3_D_adam_overfit,50,751.4879760742188,7.69449752767131e-05,macro_dataset_auroc,0.75,0.75,0.30000000000000004,0.3,0.6686873639243471
run_dfd_supervised_3d_t8_k3_D_adam_overfit,51,750.9003387451172,7.309772651287744e-05,macro_dataset_auroc,0.75,0.75,0.30000000000000004,0.3,0.558608121662224
run_dfd_supervised_3d_t8_k3_D_adam_overfit,52,750.2854125976562,6.944284018723356e-05,macro_dataset_auroc,0.75,0.75,0.30000000000000004,0.3,0.545222082966909
run_dfd_supervised_3d_t8_k3_D_adam_overfit,53,749.8205657958985,6.597069817787189e-05,macro_dataset_auroc,0.75,0.75,0.30000000000000004,0.3,0.6033845421992484
run_dfd_supervised_3d_t8_k3_D_adam_overfit,54,749.2561706542969,6.267216326897829e-05,macro_dataset_auroc,0.76,0.76,0.30000000000000004,0.3,0.7571433178650729
run_dfd_supervised_3d_t8_k3_D_adam_overfit,55,748.8182159423828,5.953855510552937e-05,macro_dataset_auroc,0.76,0.76,0.30000000000000004,0.3,0.7038067254070508
run_dfd_supervised_3d_t8_k3_D_adam_overfit,56,748.2940490722656,5.65616273502529e-05,macro_dataset_auroc,0.75,0.75,0.30000000000000004,0.3,0.5426384711459241
run_dfd_supervised_3d_t8_k3_D_adam_overfit,57,747.8925201416016,5.373354598274025e-05,macro_dataset_auroc,0.75,0.75,0.30000000000000004,0.3,0.5011139384868963
run_dfd_supervised_3d_t8_k3_D_adam_overfit,58,747.4676239013672,5.104686868360323e-05,macro_dataset_auroc,0.75,0.75,0.30000000000000004,0.3,0.4626127907742484
run_dfd_supervised_3d_t8_k3_D_adam_overfit,59,747.0663665771484,4.849452524942307e-05,macro_dataset_auroc,0.75,0.75,0.30000000000000004,0.3,0.5111981116510177
run_dfd_supervised_3d_t8_k3_D_adam_overfit,60,746.6437255859375,4.606979898695191e-05,macro_dataset_auroc,0.75,0.75,0.30000000000000004,0.3,0.5755632340207102
run_dfd_supervised_3d_t8_k3_D_adam_overfit,61,746.2809356689453,4.376630903760431e-05,macro_dataset_auroc,0.75,0.75,0.30000000000000004,0.3,0.6123809015771798
run_dfd_supervised_3d_t8_k3_D_adam_overfit,62,745.9714294433594,4.157799358572409e-05,macro_dataset_auroc,0.76,0.76,0.30000000000000004,0.3,0.6372673366906263
run_dfd_supervised_3d_t8_k3_D_adam_overfit,63,745.6125732421875,3.9499093906437885e-05,macro_dataset_auroc,0.76,0.76,0.30000000000000004,0.3,0.5884249494142045
run_dfd_supervised_3d_t8_k3_D_adam_overfit,64,745.3050750732422,3.752413921111599e-05,macro_dataset_auroc,0.76,0.76,0.30000000000000004,0.3,0.5961272339330566
run_dfd_supervised_3d_t8_k3_D_adam_overfit,65,744.9940856933594,3.564793225056019e-05,macro_dataset_auroc,0.76,0.76,0.30000000000000004,0.3,0.5995030282295708
run_dfd_supervised_3d_t8_k3_D_adam_overfit,66,744.7668395996094,3.3865535638032174e-05,macro_dataset_auroc,0.76,0.76,0.30000000000000004,0.3,0.6426497128339945
run_dfd_supervised_3d_t8_k3_D_adam_overfit,67,744.4665588378906,3.2172258856130564e-05,macro_dataset_auroc,0.75,0.75,0.4,0.3,0.8410204470631669
run_dfd_supervised_3d_t8_k3_D_adam_overfit,68,744.2401428222656,3.056364591332403e-05,macro_dataset_auroc,0.75,0.75,0.30000000000000004,0.3,0.562169238395925
run_dfd_supervised_3d_t8_k3_D_adam_overfit,69,743.9591003417969,2.903546361765783e-05,macro_dataset_auroc,0.75,0.75,0.30000000000000004,0.3,0.6546123819228842
run_dfd_supervised_3d_t8_k3_D_adam_overfit,70,743.7476196289062,2.758369043677494e-05,macro_dataset_auroc,0.75,0.75,0.30000000000000004,0.3,0.5717399450237157
run_dfd_supervised_3d_t8_k3_D_adam_overfit,71,743.5566711425781,2.620450591493619e-05,macro_dataset_auroc,0.75,0.75,0.4,0.3,0.6791049599180179
run_dfd_supervised_3d_t8_k3_D_adam_overfit,72,743.3193969726562,2.489428061918938e-05,macro_dataset_auroc,0.75,0.75,0.4,0.3,0.759815714402202
run_dfd_supervised_3d_t8_k3_D_adam_overfit,73,743.1354309082031,2.364956658822991e-05,macro_dataset_auroc,0.75,0.75,0.4,0.3,0.6092827498167432
run_dfd_supervised_3d_t8_k3_D_adam_overfit,74,742.9401031494141,2.2467088258818413e-05,macro_dataset_auroc,0.75,0.75,0.4,0.3,0.7616919562154358
run_dfd_supervised_3d_t8_k3_D_adam_overfit,75,742.7350128173828,2.134373384587749e-05,macro_dataset_auroc,0.75,0.75,0.30000000000000004,0.3,0.6235304902901875
run_dfd_supervised_3d_t8_k3_D_adam_overfit,76,742.594204711914,2.0276547153583614e-05,macro_dataset_auroc,0.76,0.76,0.30000000000000004,0.3,0.76607564417558
run_dfd_supervised_3d_t8_k3_D_adam_overfit,77,742.4510314941406,1.9262719795904432e-05,macro_dataset_auroc,0.75,0.75,0.4,0.3,0.652426579423132
run_dfd_supervised_3d_t8_k3_D_adam_overfit,78,742.3017395019531,1.829958380610921e-05,macro_dataset_auroc,0.75,0.75,0.4,0.3,0.6219494426626514
run_dfd_supervised_3d_t8_k3_D_adam_overfit,79,742.1709442138672,1.738460461580375e-05,macro_dataset_auroc,0.76,0.76,0.30000000000000004,0.3,0.6303950579441993
run_dfd_supervised_3d_t8_k3_D_adam_overfit,80,742.0047424316406,1.6515374385013564e-05,macro_dataset_auroc,0.75,0.75,0.30000000000000004,0.3,0.630896208714053
run_dfd_supervised_3d_t8_k3_D_adam_overfit,81,741.8619445800781,1.5689605665762886e-05,macro_dataset_auroc,0.75,0.75,0.30000000000000004,0.3,0.6460679017954002
run_dfd_supervised_3d_t8_k3_D_adam_overfit,82,741.7838256835937,1.490512538247474e-05,macro_dataset_auroc,0.75,0.75,0.4,0.3,0.7909970506239092
run_dfd_supervised_3d_t8_k3_D_adam_overfit,83,741.6201721191406,1.4159869113351003e-05,macro_dataset_auroc,0.75,0.75,0.4,0.3,0.7312130330153833
run_dfd_supervised_3d_t8_k3_D_adam_overfit,84,741.5125610351563,1.3451875657683452e-05,macro_dataset_auroc,0.75,0.75,0.4,0.3,0.6999135845755301
run_dfd_supervised_3d_t8_k3_D_adam_overfit,85,741.3964233398438,1.277928187479928e-05,macro_dataset_auroc,0.75,0.75,0.30000000000000004,0.3,0.6772656037029485
run_dfd_supervised_3d_t8_k3_D_adam_overfit,86,741.2925659179688,1.2140317781059316e-05,macro_dataset_auroc,0.74,0.74,0.4,0.3,0.6998775077538396
run_dfd_supervised_3d_t8_k3_D_adam_overfit,87,741.234619140625,1.153330189200635e-05,macro_dataset_auroc,0.75,0.75,0.30000000000000004,0.3,0.59581482178716
run_dfd_supervised_3d_t8_k3_D_adam_overfit,88,741.1224395751954,1.0956636797406032e-05,macro_dataset_auroc,0.75,0.75,0.4,0.3,0.6486184464769205
run_dfd_supervised_3d_t8_k3_D_adam_overfit,89,741.0381866455078,1.0408804957535729e-05,macro_dataset_auroc,0.74,0.74,0.4,0.3,0.5563474092922175
run_dfd_supervised_3d_t8_k3_D_adam_overfit,90,740.9486389160156,9.888364709658941e-06,macro_dataset_auroc,0.75,0.75,0.4,0.3,0.7459393748779424
run_dfd_supervised_3d_t8_k3_D_adam_overfit,91,740.8883575439453,9.393946474175994e-06,macro_dataset_auroc,0.75,0.75,0.4,0.3,0.6643421874922805
run_dfd_supervised_3d_t8_k3_D_adam_overfit,92,740.8209259033204,8.924249150467194e-06,macro_dataset_auroc,0.74,0.74,0.4,0.3,0.6511401464189088
run_dfd_supervised_3d_t8_k3_D_adam_overfit,93,740.7386779785156,8.478036692943835e-06,macro_dataset_auroc,0.75,0.75,0.4,0.3,0.7383921047834368
run_dfd_supervised_3d_t8_k3_D_adam_overfit,94,740.6105163574218,8.054134858296643e-06,macro_dataset_auroc,0.75,0.75,0.4,0.3,0.6680240605248828
run_dfd_supervised_3d_t8_k3_D_adam_overfit,95,740.598828125,7.65142811538181e-06,macro_dataset_auroc,0.75,0.75,0.4,0.3,0.7247160167195076
run_dfd_supervised_3d_t8_k3_D_adam_overfit,96,740.5175842285156,7.26885670961272e-06,macro_dataset_auroc,0.75,0.75,0.4,0.3,0.6797151426261163
run_dfd_supervised_3d_t8_k3_D_adam_overfit,97,740.4836822509766,6.905413874132084e-06,macro_dataset_auroc,0.74,0.74,0.4,0.3,0.6264725712539652
run_dfd_supervised_3d_t8_k3_D_adam_overfit,98,740.3947692871094,6.5601431804254795e-06,macro_dataset_auroc,0.75,0.75,0.4,0.3,0.7099775055696382
run_dfd_supervised_3d_t8_k3_D_adam_overfit,99,740.3748199462891,6.232136021404205e-06,macro_dataset_auroc,0.75,0.75,0.4,0.3,0.6370057723874583
run_dfd_supervised_3d_t8_k3_D_adam_overfit,100,740.3623229980469,5.920529220333994e-06,macro_dataset_auroc,0.75,0.75,0.4,0.3,0.7738350077029822
run_dfd_supervised_3d_t8_k3_D_adam_overfit,101,740.2404357910157,5.624502759317295e-06,macro_dataset_auroc,0.75,0.75,0.4,0.3,0.6935188644621915
run_dfd_supervised_3d_t8_k3_D_adam_overfit,102,740.2788940429688,5.34327762135143e-06,macro_dataset_auroc,0.75,0.75,0.4,0.3,0.7370543826243424
run_dfd_supervised_3d_t8_k3_D_adam_overfit,103,740.1608581542969,5.076113740283858e-06,macro_dataset_auroc,0.74,0.74,0.4,0.3,0.6112512998240194
run_dfd_supervised_3d_t8_k3_D_adam_overfit,104,740.1263702392578,4.8223080532696655e-06,macro_dataset_auroc,0.75,0.75,0.4,0.3,0.7310121311000927
run_dfd_supervised_3d_t8_k3_D_adam_overfit,105,740.1203887939453,4.581192650606182e-06,macro_dataset_auroc,0.75,0.75,0.4,0.3,0.569509518769057
run_dfd_supervised_3d_t8_k3_D_adam_overfit,106,740.0456573486329,4.3521330180758725e-06,macro_dataset_auroc,0.75,0.75,0.4,0.3,0.7141850637804962
run_dfd_supervised_3d_t8_k3_D_adam_overfit,107,740.0563262939453,4.1345263671720786e-06,macro_dataset_auroc,0.75,0.75,0.4,0.3,0.6676507259110384
run_dfd_supervised_3d_t8_k3_D_adam_overfit,108,740.0116943359375,3.927800048813474e-06,macro_dataset_auroc,0.75,0.75,0.4,0.3,0.6402144622798496
run_dfd_supervised_3d_t8_k3_D_adam_overfit,109,739.9565277099609,3.7314100463728006e-06,macro_dataset_auroc,0.74,0.74,0.4,0.3,0.5468138698693985
run_dfd_supervised_3d_t8_k3_D_adam_overfit,110,739.9337921142578,3.5448395440541604e-06,macro_dataset_auroc,0.74,0.74,0.4,0.3,0.6008003910113083
run_dfd_supervised_3d_t8_k3_D_adam_overfit,111,739.9144744873047,3.3675975668514524e-06,macro_dataset_auroc,0.75,0.75,0.4,0.3,0.7539614030795195
run_dfd_supervised_3d_t8_k3_D_adam_overfit,112,739.8778259277344,3.1992176885088796e-06,macro_dataset_auroc,0.74,0.74,0.4,0.3,0.5526714813833242
run_dfd_supervised_3d_t8_k3_D_adam_overfit,113,739.8387573242187,3.0392568040834356e-06,macro_dataset_auroc,0.75,0.75,0.4,0.3,0.7050184196751695
run_dfd_supervised_3d_t8_k3_D_adam_overfit,114,739.8205413818359,2.8872939638792635e-06,macro_dataset_auroc,0.75,0.75,0.4,0.3,0.6993973604163468
run_dfd_supervised_3d_t8_k3_D_adam_overfit,115,739.8295532226563,2.7429292656853003e-06,macro_dataset_auroc,0.75,0.75,0.4,0.3,0.6585197984777739
run_dfd_supervised_3d_t8_k3_D_adam_overfit,116,739.7571105957031,2.605782802401035e-06,macro_dataset_auroc,0.75,0.75,0.4,0.3,0.7909295898857926
run_dfd_supervised_3d_t8_k3_D_adam_overfit,117,739.7954956054688,2.475493662280983e-06,macro_dataset_auroc,0.75,0.75,0.4,0.3,0.898756906850395
run_dfd_supervised_3d_t8_k3_D_adam_overfit,118,739.7156433105469,2.351718979166934e-06,macro_dataset_auroc,0.74,0.74,0.4,0.3,0.576401475096168
run_dfd_supervised_3d_t8_k3_D_adam_overfit,119,739.7482177734375,2.234133030208587e-06,macro_dataset_auroc,0.74,0.74,0.4,0.3,0.5490116708464079
run_dfd_supervised_3d_t8_k3_D_adam_overfit,120,739.6862213134766,2.1224263786981576e-06,macro_dataset_auroc,0.75,0.75,0.4,0.3,0.6628222266229256
run_dfd_supervised_3d_t8_k3_D_adam_overfit,121,739.6912506103515,2.0163050597632494e-06,macro_dataset_auroc,0.75,0.75,0.4,0.3,0.7201460987496916
run_dfd_supervised_3d_t8_k3_D_adam_overfit,122,739.6637542724609,1.915489806775087e-06,macro_dataset_auroc,0.75,0.75,0.4,0.3,0.6493013017774056
run_dfd_supervised_3d_t8_k3_D_adam_overfit,123,739.6782806396484,1.8197153164363325e-06,macro_dataset_auroc,0.75,0.75,0.4,0.3,0.6437936010878627
run_dfd_supervised_3d_t8_k3_D_adam_overfit,124,739.5952941894532,1.7287295506145157e-06,macro_dataset_auroc,0.75,0.75,0.4,0.3,0.7518038260750961
run_dfd_supervised_3d_t8_k3_D_adam_overfit,125,739.6092346191406,1.6422930730837899e-06,macro_dataset_auroc,0.74,0.74,0.4,0.3,0.6618039958357814
run_dfd_supervised_3d_t8_k3_D_adam_overfit,126,739.62080078125,1.5601784194296004e-06,macro_dataset_auroc,0.75,0.75,0.4,0.3,0.6322488502938892
run_dfd_supervised_3d_t8_k3_D_adam_overfit,127,739.6054870605469,1.4821694984581202e-06,macro_dataset_auroc,0.75,0.75,0.4,0.3,0.6006087245879322
run_dfd_supervised_3d_t8_k3_D_adam_overfit,128,739.6455200195312,1.4080610235352142e-06,macro_dataset_auroc,0.75,0.75,0.4,0.3,0.7241894338009832
run_dfd_supervised_3d_t8_k3_D_adam_overfit,129,739.5847930908203,1.3376579723584535e-06,macro_dataset_auroc,0.75,0.75,0.4,0.3,0.8299445980650995
run_dfd_supervised_3d_t8_k3_D_adam_overfit,130,739.6027282714844,1.2707750737405307e-06,macro_dataset_auroc,0.75,0.75,0.4,0.3,0.7286527159305087
run_dfd_supervised_3d_t8_k3_D_adam_overfit,131,739.5692016601563,1.2072363200535042e-06,macro_dataset_auroc,0.75,0.75,0.4,0.3,0.5758415793815097
run_dfd_supervised_3d_t8_k3_D_adam_overfit,132,739.5509368896485,1.146874504050829e-06,macro_dataset_auroc,0.75,0.75,0.4,0.3,0.6169355853974414
run_dfd_supervised_3d_t8_k3_D_adam_overfit,133,739.555453491211,1.0895307788482876e-06,macro_dataset_auroc,0.75,0.75,0.4,0.3,0.6496155908448072
run_dfd_supervised_3d_t8_k3_D_adam_overfit,134,739.5175476074219,1.0350542399058731e-06,macro_dataset_auroc,0.75,0.75,0.4,0.3,0.6836006711725076
run_dfd_supervised_3d_t8_k3_D_adam_overfit,135,739.5333526611328,9.833015279105794e-07,macro_dataset_auroc,0.74,0.74,0.4,0.3,0.6890654633467397
run_dfd_supervised_3d_t8_k3_D_adam_overfit,136,739.5007263183594,9.341364515150503e-07,macro_dataset_auroc,0.75,0.75,0.4,0.3,0.7394732486435935
run_dfd_supervised_3d_t8_k3_D_adam_overfit,137,739.4998352050782,8.874296289392978e-07,macro_dataset_auroc,0.75,0.75,0.4,0.3,0.7298123382015118
run_dfd_supervised_3d_t8_k3_D_adam_overfit,138,739.4978790283203,8.430581474923329e-07,macro_dataset_auroc,0.74,0.74,0.4,0.3,0.6699796516863145
run_dfd_supervised_3d_t8_k3_D_adam_overfit,139,739.5059875488281,8.009052401177162e-07,macro_dataset_auroc,0.75,0.75,0.4,0.3,0.7946650453384583
run_dfd_supervised_3d_t8_k3_D_adam_overfit,140,739.4877990722656,7.608599781118303e-07,macro_dataset_auroc,0.74,0.74,0.4,0.3,0.6391681433545994
run_dfd_supervised_3d_t8_k3_D_adam_overfit,141,739.5170440673828,7.228169792062388e-07,macro_dataset_auroc,0.74,0.74,0.4,0.3,0.6251262451280013
run_dfd_supervised_3d_t8_k3_D_adam_overfit,142,739.4796997070313,6.866761302459269e-07,macro_dataset_auroc,0.74,0.74,0.4,0.3,0.5920671262441755
run_dfd_supervised_3d_t8_k3_D_adam_overfit,143,739.4764831542968,6.523423237336305e-07,macro_dataset_auroc,0.75,0.75,0.4,0.3,0.6864371864065083
run_dfd_supervised_3d_t8_k3_D_adam_overfit,144,739.4814056396484,6.197252075469489e-07,macro_dataset_auroc,0.75,0.75,0.4,0.3,0.725938026460909
run_dfd_supervised_3d_t8_k3_D_adam_overfit,145,739.4548065185547,5.887389471696014e-07,macro_dataset_auroc,0.75,0.75,0.4,0.3,0.6760838331916412
run_dfd_supervised_3d_t8_k3_D_adam_overfit,146,739.4318542480469,5.593019998111213e-07,macro_dataset_auroc,0.74,0.74,0.4,0.3,0.559580114175311
run_dfd_supervised_3d_t8_k3_D_adam_overfit,147,739.4276245117187,5.313368998205652e-07,macro_dataset_auroc,0.75,0.75,0.4,0.3,0.7619816889165211
run_dfd_supervised_3d_t8_k3_D_adam_overfit,148,739.4532501220704,5.047700548295369e-07,macro_dataset_auroc,0.75,0.75,0.4,0.3,0.7085703370449077
run_dfd_supervised_3d_t8_k3_D_adam_overfit,149,739.4694152832031,4.7953155208806e-07,macro_dataset_auroc,0.75,0.75,0.4,0.3,0.7756894100438668
run_dfd_supervised_3d_t8_k3_D_adam_overfit,150,739.4115447998047,4.55554974483657e-07,macro_dataset_auroc,0.75,0.75,0.4,0.3,0.8742566937208913
run_dfd_supervised_3d_t8_k3_F_kl_overfit,1,21.16378809697926,0.00095,macro_dataset_auroc,0.63,0.63,0.45,0.1,0.0027233605172513908
run_dfd_supervised_3d_t8_k3_F_kl_overfit,2,8.077069082856179,0.0009025,macro_dataset_auroc,0.27,0.27,0.75,0.0,0.00392399694050293
run_dfd_supervised_3d_t8_k3_F_kl_overfit,3,0.7396483436226845,0.000857375,macro_dataset_auroc,0.6499999999999999,0.6499999999999999,0.45,0.1,0.10189241045787414
run_dfd_supervised_3d_t8_k3_F_kl_overfit,4,1.2965803917497396,0.0008145062499999999,macro_dataset_auroc,0.74,0.74,0.25,0.2,0.2741280406419156
run_dfd_supervised_3d_t8_k3_F_kl_overfit,5,0.5075386092066765,0.0007737809374999998,macro_dataset_auroc,0.76,0.76,0.2,0.4,0.2005145094022838
run_dfd_supervised_3d_t8_k3_F_kl_overfit,6,0.5451034564524889,0.0007350918906249997,macro_dataset_auroc,0.76,0.76,0.2,0.4,0.19247484576140464
run_dfd_supervised_3d_t8_k3_F_kl_overfit,7,0.31494699530303477,0.0006983372960937497,macro_dataset_auroc,0.7599999999999999,0.7599999999999999,0.30000000000000004,0.4,0.08200040747964787
run_dfd_supervised_3d_t8_k3_F_kl_overfit,8,0.4995072454214096,0.0006634204312890621,macro_dataset_auroc,0.75,0.75,0.45,0.4,0.299713371465025
run_dfd_supervised_3d_t8_k3_F_kl_overfit,9,0.5776863388717175,0.000630249409724609,macro_dataset_auroc,0.77,0.77,0.30000000000000004,0.4,0.5559264015245607
run_dfd_supervised_3d_t8_k3_F_kl_overfit,10,0.4022502861917019,0.0005987369392383785,macro_dataset_auroc,0.74,0.74,0.35000000000000003,0.4,0.11712529363768591
run_dfd_supervised_3d_t8_k3_F_kl_overfit,11,0.2464827574789524,0.0005688000922764595,macro_dataset_auroc,0.77,0.77,0.4,0.4,0.10284913759056116
run_dfd_supervised_3d_t8_k3_F_kl_overfit,12,0.2283449426293373,0.0005403600876626365,macro_dataset_auroc,0.75,0.75,0.4,0.4,0.26832990625285974
run_dfd_supervised_3d_t8_k3_F_kl_overfit,13,0.19591594599187373,0.0005133420832795047,macro_dataset_auroc,0.76,0.76,0.4,0.4,0.2510020305240135
run_dfd_supervised_3d_t8_k3_F_kl_overfit,14,0.22860158197581767,0.00048767497911552944,macro_dataset_auroc,0.71,0.71,0.4,0.3,0.2871502079113546
run_dfd_supervised_3d_t8_k3_F_kl_overfit,15,0.37363361828029157,0.00046329123015975297,macro_dataset_auroc,0.73,0.73,0.4,0.3,0.35762623608139565
run_dfd_supervised_3d_t8_k3_F_kl_overfit,16,0.18035936504602432,0.0004401266686517653,macro_dataset_auroc,0.74,0.74,0.4,0.4,0.2622987693085565
run_dfd_supervised_3d_t8_k3_F_kl_overfit,17,0.16162747964262963,0.00041812033521917703,macro_dataset_auroc,0.74,0.74,0.4,0.3,0.30025027904251206
run_dfd_supervised_3d_t8_k3_F_kl_overfit,18,0.18174287751317025,0.00039721431845821814,macro_dataset_auroc,0.74,0.74,0.45,0.3,0.3796379039680669
run_dfd_supervised_3d_t8_k3_F_kl_overfit,19,0.13618439808487892,0.0003773536025353072,macro_dataset_auroc,0.73,0.73,0.45,0.3,0.5465312203592575
run_dfd_supervised_3d_t8_k3_F_kl_overfit,20,0.11406205780804157,0.0003584859224085418,macro_dataset_auroc,0.75,0.75,0.45,0.4,0.5072509585235868
run_dfd_supervised_3d_t8_k3_F_kl_overfit,21,0.14731965512037276,0.0003405616262881147,macro_dataset_auroc,0.75,0.75,0.45,0.3,0.5845733609810816
run_dfd_supervised_3d_t8_k3_F_kl_overfit,22,0.09540600180625916,0.00032353354497370894,macro_dataset_auroc,0.75,0.75,0.45,0.3,0.8817443379614044
run_dfd_supervised_3d_t8_k3_F_kl_overfit,23,0.09934811182320118,0.00030735686772502346,macro_dataset_auroc,0.75,0.75,0.45,0.3,0.678175608287485
run_dfd_supervised_3d_t8_k3_F_kl_overfit,24,0.09669040478765964,0.00029198902433877225,macro_dataset_auroc,0.76,0.76,0.45,0.4,0.6000677241756126
run_dfd_supervised_3d_t8_k3_F_kl_overfit,25,0.09133424609899521,0.00027738957312183364,macro_dataset_auroc,0.76,0.76,0.45,0.4,0.7080241278730888
run_dfd_supervised_3d_t8_k3_F_kl_overfit,26,0.09390476159751415,0.0002635200944657419,macro_dataset_auroc,0.76,0.76,0.45,0.4,0.6632250680639082
run_dfd_supervised_3d_t8_k3_F_kl_overfit,27,0.09243979826569557,0.0002503440897424548,macro_dataset_auroc,0.75,0.75,0.45,0.4,0.6033851298883118
run_dfd_supervised_3d_t8_k3_F_kl_overfit,28,0.088167480006814,0.00023782688525533205,macro_dataset_auroc,0.75,0.75,0.45,0.4,0.7024837992736048
run_dfd_supervised_3d_t8_k3_F_kl_overfit,29,0.08813151940703393,0.00022593554099256544,macro_dataset_auroc,0.75,0.75,0.45,0.4,0.5733526214016829
run_dfd_supervised_3d_t8_k3_F_kl_overfit,30,0.08817014023661614,0.00021463876394293716,macro_dataset_auroc,0.75,0.75,0.45,0.4,0.6890952412096075
run_dfd_supervised_3d_t8_k3_F_kl_overfit,31,0.08828572146594524,0.0002039068257457903,macro_dataset_auroc,0.75,0.75,0.45,0.4,0.7244265906571301
run_dfd_supervised_3d_t8_k3_F_kl_overfit,32,0.08810060694813729,0.00019371148445850077,macro_dataset_auroc,0.75,0.75,0.45,0.4,0.8498856895041121
run_dfd_supervised_3d_t8_k3_F_kl_overfit,33,0.08805351965129375,0.00018402591023557573,macro_dataset_auroc,0.75,0.75,0.45,0.4,0.6514215326257964
run_dfd_supervised_3d_t8_k3_F_kl_overfit,34,0.09022165276110172,0.00017482461472379692,macro_dataset_auroc,0.75,0.75,0.45,0.4,0.7131935749292069
run_dfd_supervised_3d_t8_k3_F_kl_overfit,35,0.08810465149581433,0.00016608338398760707,macro_dataset_auroc,0.74,0.74,0.45,0.4,0.5718724240825563
run_dfd_supervised_3d_t8_k3_F_kl_overfit,36,0.08812086693942547,0.0001577792147882267,macro_dataset_auroc,0.74,0.74,0.45,0.4,0.665796774973817
run_dfd_supervised_3d_t8_k3_F_kl_overfit,37,0.08795395344495774,0.00014989025404881537,macro_dataset_auroc,0.74,0.74,0.45,0.4,0.8598693996473832
run_dfd_supervised_3d_t8_k3_F_kl_overfit,38,0.08786026686429978,0.00014239574134637458,macro_dataset_auroc,0.74,0.74,0.45,0.4,0.8766738802318623
run_dfd_supervised_3d_t8_k3_F_kl_overfit,39,0.08769149892032146,0.00013527595427905584,macro_dataset_auroc,0.74,0.74,0.45,0.4,0.9208344391845887
run_dfd_supervised_3d_t8_k3_F_kl_overfit,40,0.0876077052205801,0.00012851215656510304,macro_dataset_auroc,0.74,0.74,0.45,0.4,0.5563307978509482
run_dfd_supervised_3d_t8_k3_F_kl_overfit,41,0.0877031184732914,0.00012208654873684788,macro_dataset_auroc,0.74,0.74,0.45,0.4,0.6578879800925573
run_dfd_supervised_3d_t8_k3_F_kl_overfit,42,0.08767125830054283,0.00011598222130000548,macro_dataset_auroc,0.74,0.74,0.45,0.4,0.8344752661768466
run_dfd_supervised_3d_t8_k3_F_kl_overfit,43,0.08757565952837468,0.00011018311023500519,macro_dataset_auroc,0.74,0.74,0.45,0.4,0.7428335141068187
run_dfd_supervised_3d_t8_k3_F_kl_overfit,44,0.08769421316683293,0.00010467395472325493,macro_dataset_auroc,0.74,0.74,0.45,0.4,0.5879112317639463
run_dfd_supervised_3d_t8_k3_F_kl_overfit,45,0.08764394670724869,9.944025698709218e-05,macro_dataset_auroc,0.74,0.74,0.45,0.4,0.7876425640683027
run_dfd_supervised_3d_t8_k3_F_kl_overfit,46,0.08768915645778179,9.446824413773756e-05,macro_dataset_auroc,0.74,0.74,0.45,0.4,0.6926838007842859
run_dfd_supervised_3d_t8_k3_F_kl_overfit,47,0.08758324794471264,8.974483193085068e-05,macro_dataset_auroc,0.74,0.74,0.45,0.4,0.775322859247995
run_dfd_supervised_3d_t8_k3_F_kl_overfit,48,0.08760562129318714,8.525759033430814e-05,macro_dataset_auroc,0.74,0.74,0.45,0.4,0.8884903613005911
run_dfd_supervised_3d_t8_k3_F_kl_overfit,49,0.08759767599403859,8.099471081759274e-05,macro_dataset_auroc,0.74,0.74,0.45,0.4,1.005768495571565
run_dfd_supervised_3d_t8_k3_F_kl_overfit,50,0.08758653402328491,7.69449752767131e-05,macro_dataset_auroc,0.74,0.74,0.45,0.4,0.8565191329463565
run_dfd_supervised_3d_t8_k3_F_kl_overfit,51,0.08765499256551265,7.309772651287744e-05,macro_dataset_auroc,0.74,0.74,0.45,0.4,0.7000421542086116
run_dfd_supervised_3d_t8_k3_F_kl_overfit,52,0.08755741417407989,6.944284018723356e-05,macro_dataset_auroc,0.74,0.74,0.45,0.4,0.6735649393142018
run_dfd_supervised_3d_t8_k3_F_kl_overfit,53,0.08770336844027042,6.597069817787189e-05,macro_dataset_auroc,0.74,0.74,0.45,0.4,0.7371000978051439
run_dfd_supervised_3d_t8_k3_F_kl_overfit,54,0.08759808577597142,6.267216326897829e-05,macro_dataset_auroc,0.74,0.74,0.45,0.4,0.9507661716751084
run_dfd_supervised_3d_t8_k3_F_kl_overfit,55,0.08762728720903397,5.953855510552937e-05,macro_dataset_auroc,0.74,0.74,0.45,0.4,0.8830269494567959
run_dfd_supervised_3d_t8_k3_F_kl_overfit,56,0.08758012615144253,5.65616273502529e-05,macro_dataset_auroc,0.74,0.74,0.45,0.4,0.6447868728387244
run_dfd_supervised_3d_t8_k3_F_kl_overfit,57,0.08764662109315395,5.373354598274025e-05,macro_dataset_auroc,0.74,0.74,0.45,0.4,0.5914750904416844
run_dfd_supervised_3d_t8_k3_F_kl_overfit,58,0.08761498667299747,5.104686868360323e-05,macro_dataset_auroc,0.74,0.74,0.45,0.4,0.5331639295599668
run_dfd_supervised_3d_t8_k3_F_kl_overfit,59,0.08778033852577209,4.849452524942307e-05,macro_dataset_auroc,0.74,0.74,0.45,0.4,0.5946548534161008
run_dfd_supervised_3d_t8_k3_F_kl_overfit,60,0.0875896867364645,4.606979898695191e-05,macro_dataset_auroc,0.74,0.74,0.45,0.4,0.6768006647930825
run_dfd_supervised_3d_t8_k3_F_kl_overfit,61,0.0876550417393446,4.376630903760431e-05,macro_dataset_auroc,0.74,0.74,0.45,0.4,0.7196865847540661
run_dfd_supervised_3d_t8_k3_F_kl_overfit,62,0.08756615109741687,4.157799358572409e-05,macro_dataset_auroc,0.74,0.74,0.45,0.4,0.746743419885176
run_dfd_supervised_3d_t8_k3_F_kl_overfit,63,0.08758877702057362,3.9499093906437885e-05,macro_dataset_auroc,0.74,0.74,0.45,0.4,0.6822772817114374
run_dfd_supervised_3d_t8_k3_F_kl_overfit,64,0.08760572299361229,3.752413921111599e-05,macro_dataset_auroc,0.74,0.74,0.45,0.4,0.6876093784571607
run_dfd_supervised_3d_t8_k3_F_kl_overfit,65,0.08760176114737987,3.564793225056019e-05,macro_dataset_auroc,0.74,0.74,0.45,0.4,0.6960810596937338
run_dfd_supervised_3d_t8_k3_F_kl_overfit,66,0.08766444586217403,3.3865535638032174e-05,macro_dataset_auroc,0.74,0.74,0.45,0.4,0.7457371370778683
run_dfd_supervised_3d_t8_k3_F_kl_overfit,67,0.08760834150016308,3.2172258856130564e-05,macro_dataset_auroc,0.74,0.74,0.45,0.4,1.0101041051148874
run_dfd_supervised_3d_t8_k3_F_kl_overfit,68,0.08764220364391803,3.056364591332403e-05,macro_dataset_auroc,0.74,0.74,0.45,0.4,0.6361001828351679
run_dfd_supervised_3d_t8_k3_F_kl_overfit,69,0.08759779445827007,2.903546361765783e-05,macro_dataset_auroc,0.74,0.74,0.45,0.4,0.7499388392179446
run_dfd_supervised_3d_t8_k3_F_kl_overfit,70,0.0876253865659237,2.758369043677494e-05,macro_dataset_auroc,0.74,0.74,0.45,0.4,0.6443495977554639
run_dfd_supervised_3d_t8_k3_F_kl_overfit,71,0.08760557509958744,2.620450591493619e-05,macro_dataset_auroc,0.74,0.74,0.45,0.4,0.7798964010954667
run_dfd_supervised_3d_t8_k3_F_kl_overfit,72,0.08771301582455635,2.489428061918938e-05,macro_dataset_auroc,0.74,0.74,0.45,0.4,0.880244329028899
run_dfd_supervised_3d_t8_k3_F_kl_overfit,73,0.08759061545133591,2.364956658822991e-05,macro_dataset_auroc,0.74,0.74,0.45,0.4,0.6854171538078233
run_dfd_supervised_3d_t8_k3_F_kl_overfit,74,0.08756434731185436,2.2467088258818413e-05,macro_dataset_auroc,0.74,0.74,0.45,0.4,0.8803684958526369
run_dfd_supervised_3d_t8_k3_F_kl_overfit,75,0.08759521022439003,2.134373384587749e-05,macro_dataset_auroc,0.74,0.74,0.45,0.4,0.6946196465537281
run_dfd_supervised_3d_t8_k3_F_kl_overfit,76,0.0875695914030075,2.0276547153583614e-05,macro_dataset_auroc,0.74,0.74,0.45,0.4,0.8765267054847162
run_dfd_supervised_3d_t8_k3_F_kl_overfit,77,0.08756284490227699,1.9262719795904432e-05,macro_dataset_auroc,0.74,0.74,0.45,0.4,0.7279004750549398
run_dfd_supervised_3d_t8_k3_F_kl_overfit,78,0.08755773156881333,1.829958380610921e-05,macro_dataset_auroc,0.74,0.74,0.45,0.4,0.6861007715942736
run_dfd_supervised_3d_t8_k3_F_kl_overfit,79,0.08767683580517768,1.738460461580375e-05,macro_dataset_auroc,0.74,0.74,0.45,0.4,0.6905830392084121
run_dfd_supervised_3d_t8_k3_F_kl_overfit,80,0.08757750652730464,1.6515374385013564e-05,macro_dataset_auroc,0.74,0.74,0.45,0.4,0.6960842282555648
run_dfd_supervised_3d_t8_k3_F_kl_overfit,81,0.08762090876698495,1.5689605665762886e-05,macro_dataset_auroc,0.74,0.74,0.45,0.4,0.7133836900847341
run_dfd_supervised_3d_t8_k3_F_kl_overfit,82,0.08760705851018429,1.490512538247474e-05,macro_dataset_auroc,0.74,0.74,0.45,0.4,0.9044438015445021
run_dfd_supervised_3d_t8_k3_F_kl_overfit,83,0.08764782920479774,1.4159869113351003e-05,macro_dataset_auroc,0.74,0.74,0.45,0.4,0.8236737475663368
run_dfd_supervised_3d_t8_k3_F_kl_overfit,84,0.08752645328640937,1.3451875657683452e-05,macro_dataset_auroc,0.74,0.74,0.45,0.4,0.7817010015489486
run_dfd_supervised_3d_t8_k3_F_kl_overfit,85,0.08759084790945053,1.277928187479928e-05,macro_dataset_auroc,0.74,0.74,0.45,0.4,0.7496380056091042
run_dfd_supervised_3d_t8_k3_F_kl_overfit,86,0.08755666427314282,1.2140317781059316e-05,macro_dataset_auroc,0.74,0.74,0.45,0.4,0.7751787591393726
run_dfd_supervised_3d_t8_k3_F_kl_overfit,87,0.08761823549866676,1.153330189200635e-05,macro_dataset_auroc,0.74,0.74,0.45,0.4,0.6399523347387112
run_dfd_supervised_3d_t8_k3_F_kl_overfit,88,0.08761159665882587,1.0956636797406032e-05,macro_dataset_auroc,0.74,0.74,0.45,0.4,0.7115289647592565
run_dfd_supervised_3d_t8_k3_F_kl_overfit,89,0.08754043914377689,1.0408804957535729e-05,macro_dataset_auroc,0.74,0.74,0.45,0.4,0.5926469530986942
run_dfd_supervised_3d_t8_k3_F_kl_overfit,90,0.0875719953328371,9.888364709658941e-06,macro_dataset_auroc,0.74,0.74,0.45,0.4,0.8286237592361563
run_dfd_supervised_3d_t8_k3_F_kl_overfit,91,0.0875266071408987,9.393946474175994e-06,macro_dataset_auroc,0.74,0.74,0.45,0.4,0.7246982307205424
run_dfd_supervised_3d_t8_k3_F_kl_overfit,92,0.08758370243012906,8.924249150467194e-06,macro_dataset_auroc,0.74,0.74,0.45,0.4,0.7105374592177202
run_dfd_supervised_3d_t8_k3_F_kl_overfit,93,0.08755958527326584,8.478036692943835e-06,macro_dataset_auroc,0.74,0.74,0.45,0.4,0.8133934530615683
run_dfd_supervised_3d_t8_k3_F_kl_overfit,94,0.08752061687409877,8.054134858296643e-06,macro_dataset_auroc,0.74,0.74,0.45,0.4,0.7232156503747373
run_dfd_supervised_3d_t8_k3_F_kl_overfit,95,0.08756342940032483,7.65142811538181e-06,macro_dataset_auroc,0.74,0.74,0.45,0.4,0.7938555897156576
run_dfd_supervised_3d_t8_k3_F_kl_overfit,96,0.08754415288567544,7.26885670961272e-06,macro_dataset_auroc,0.74,0.74,0.45,0.4,0.7437506186703381
run_dfd_supervised_3d_t8_k3_F_kl_overfit,97,0.08754046410322189,6.905413874132084e-06,macro_dataset_auroc,0.74,0.74,0.45,0.4,0.6682093613791842
run_dfd_supervised_3d_t8_k3_F_kl_overfit,98,0.08754268065094947,6.5601431804254795e-06,macro_dataset_auroc,0.74,0.74,0.45,0.4,0.7743676255309445
run_dfd_supervised_3d_t8_k3_F_kl_overfit,99,0.08760202191770076,6.232136021404205e-06,macro_dataset_auroc,0.74,0.74,0.45,0.4,0.6843094980304829
run_dfd_supervised_3d_t8_k3_F_kl_overfit,100,0.08758697584271431,5.920529220333994e-06,macro_dataset_auroc,0.74,0.74,0.45,0.4,0.8580268752698701
run_dfd_supervised_3d_t8_k3_F_kl_overfit,101,0.0876292534172535,5.624502759317295e-06,macro_dataset_auroc,0.74,0.74,0.45,0.4,0.7524134347891195
run_dfd_supervised_3d_t8_k3_F_kl_overfit,102,0.0876147210597992,5.34327762135143e-06,macro_dataset_auroc,0.74,0.74,0.45,0.4,0.8021875115992417
run_dfd_supervised_3d_t8_k3_F_kl_overfit,103,0.08759255819022656,5.076113740283858e-06,macro_dataset_auroc,0.74,0.74,0.45,0.4,0.6470215816476153
run_dfd_supervised_3d_t8_k3_F_kl_overfit,104,0.08765724003314972,4.8223080532696655e-06,macro_dataset_auroc,0.74,0.74,0.45,0.4,0.7895567535840251
run_dfd_supervised_3d_t8_k3_F_kl_overfit,105,0.08757280930876732,4.581192650606182e-06,macro_dataset_auroc,0.74,0.74,0.45,0.4,0.6012868603995217
run_dfd_supervised_3d_t8_k3_F_kl_overfit,106,0.08753770403563976,4.3521330180758725e-06,macro_dataset_auroc,0.74,0.74,0.45,0.4,0.7753035966615288
run_dfd_supervised_3d_t8_k3_F_kl_overfit,107,0.08755834735929965,4.1345263671720786e-06,macro_dataset_auroc,0.74,0.74,0.45,0.4,0.7230769950263236
run_dfd_supervised_3d_t8_k3_F_kl_overfit,108,0.0876486599445343,3.927800048813474e-06,macro_dataset_auroc,0.74,0.74,0.45,0.4,0.682623308241283
run_dfd_supervised_3d_t8_k3_F_kl_overfit,109,0.08756714686751366,3.7314100463728006e-06,macro_dataset_auroc,0.74,0.74,0.45,0.4,0.5686556217620499
run_dfd_supervised_3d_t8_k3_F_kl_overfit,110,0.08759271167218685,3.5448395440541604e-06,macro_dataset_auroc,0.74,0.74,0.45,0.4,0.6305194436880476
run_dfd_supervised_3d_t8_k3_F_kl_overfit,111,0.08758475743234158,3.3675975668514524e-06,macro_dataset_auroc,0.74,0.74,0.45,0.4,0.822481099771019
run_dfd_supervised_3d_t8_k3_F_kl_overfit,112,0.08758361451327801,3.1992176885088796e-06,macro_dataset_auroc,0.74,0.74,0.45,0.4,0.5734589840032265
run_dfd_supervised_3d_t8_k3_F_kl_overfit,113,0.08754835017025471,3.0392568040834356e-06,macro_dataset_auroc,0.74,0.74,0.45,0.4,0.7620724537523486
run_dfd_supervised_3d_t8_k3_F_kl_overfit,114,0.08759521283209323,2.8872939638792635e-06,macro_dataset_auroc,0.74,0.74,0.45,0.4,0.7506147353126554
run_dfd_supervised_3d_t8_k3_F_kl_overfit,115,0.08756136558949948,2.7429292656853003e-06,macro_dataset_auroc,0.74,0.74,0.45,0.4,0.70115769056197
run_dfd_supervised_3d_t8_k3_F_kl_overfit,116,0.08775886483490467,2.605782802401035e-06,macro_dataset_auroc,0.74,0.74,0.45,0.4,0.8608468546125666
run_dfd_supervised_3d_t8_k3_F_kl_overfit,117,0.08757899329066277,2.475493662280983e-06,macro_dataset_auroc,0.74,0.74,0.45,0.4,0.9896453100841703
run_dfd_supervised_3d_t8_k3_F_kl_overfit,118,0.08755765557289123,2.351718979166934e-06,macro_dataset_auroc,0.74,0.74,0.45,0.4,0.600598543390997
run_dfd_supervised_3d_t8_k3_F_kl_overfit,119,0.0875972468405962,2.234133030208587e-06,macro_dataset_auroc,0.74,0.74,0.45,0.4,0.569660619809982
run_dfd_supervised_3d_t8_k3_F_kl_overfit,120,0.08754286952316762,2.1224263786981576e-06,macro_dataset_auroc,0.74,0.74,0.45,0.4,0.7096946373062104
run_dfd_supervised_3d_t8_k3_F_kl_overfit,121,0.08756886199116706,2.0163050597632494e-06,macro_dataset_auroc,0.74,0.74,0.45,0.4,0.7752858121557532
run_dfd_supervised_3d_t8_k3_F_kl_overfit,122,0.08753316029906273,1.915489806775087e-06,macro_dataset_auroc,0.74,0.74,0.45,0.4,0.6891411876738982
run_dfd_supervised_3d_t8_k3_F_kl_overfit,123,0.08754819743335247,1.8197153164363325e-06,macro_dataset_auroc,0.74,0.74,0.45,0.4,0.6825495087827675
run_dfd_supervised_3d_t8_k3_F_kl_overfit,124,0.08761849366128445,1.7287295506145157e-06,macro_dataset_auroc,0.74,0.74,0.45,0.4,0.8172042992118908
run_dfd_supervised_3d_t8_k3_F_kl_overfit,125,0.08754994571208954,1.6422930730837899e-06,macro_dataset_auroc,0.74,0.74,0.45,0.4,0.6996070390221489
run_dfd_supervised_3d_t8_k3_F_kl_overfit,126,0.08757577612996101,1.5601784194296004e-06,macro_dataset_auroc,0.74,0.74,0.45,0.4,0.6641802227290065
run_dfd_supervised_3d_t8_k3_F_kl_overfit,127,0.0876318372786045,1.4821694984581202e-06,macro_dataset_auroc,0.74,0.74,0.45,0.4,0.6286329058075428
run_dfd_supervised_3d_t8_k3_F_kl_overfit,128,0.08757802769541741,1.4080610235352142e-06,macro_dataset_auroc,0.74,0.74,0.45,0.4,0.7825237844906456
run_dfd_supervised_3d_t8_k3_F_kl_overfit,129,0.08756976835429668,1.3376579723584535e-06,macro_dataset_auroc,0.74,0.74,0.45,0.4,0.9147375989496238
run_dfd_supervised_3d_t8_k3_F_kl_overfit,130,0.08765972964465618,1.2707750737405307e-06,macro_dataset_auroc,0.74,0.74,0.45,0.4,0.7809637395181115
run_dfd_supervised_3d_t8_k3_F_kl_overfit,131,0.08762470819056034,1.2072363200535042e-06,macro_dataset_auroc,0.74,0.74,0.45,0.4,0.6004125330952862
run_dfd_supervised_3d_t8_k3_F_kl_overfit,132,0.08759236708283424,1.146874504050829e-06,macro_dataset_auroc,0.74,0.74,0.45,0.4,0.642562821177396
run_dfd_supervised_3d_t8_k3_F_kl_overfit,133,0.08753930851817131,1.0895307788482876e-06,macro_dataset_auroc,0.74,0.74,0.45,0.4,0.6867016667198574
run_dfd_supervised_3d_t8_k3_F_kl_overfit,134,0.08757935948669911,1.0350542399058731e-06,macro_dataset_auroc,0.74,0.74,0.45,0.4,0.7212404936911957
run_dfd_supervised_3d_t8_k3_F_kl_overfit,135,0.08764104209840298,9.833015279105794e-07,macro_dataset_auroc,0.74,0.74,0.45,0.4,0.7308236434872419
run_dfd_supervised_3d_t8_k3_F_kl_overfit,136,0.08757897019386292,9.341364515150503e-07,macro_dataset_auroc,0.74,0.74,0.45,0.4,0.7890414468604751
run_dfd_supervised_3d_t8_k3_F_kl_overfit,137,0.08757857196033,8.874296289392978e-07,macro_dataset_auroc,0.74,0.74,0.45,0.4,0.7755841582680357
run_dfd_supervised_3d_t8_k3_F_kl_overfit,138,0.08756918013095856,8.430581474923329e-07,macro_dataset_auroc,0.74,0.74,0.45,0.4,0.704349891486656
run_dfd_supervised_3d_t8_k3_F_kl_overfit,139,0.08754160217940807,8.009052401177162e-07,macro_dataset_auroc,0.74,0.74,0.45,0.4,0.8592151870631055
run_dfd_supervised_3d_t8_k3_F_kl_overfit,140,0.08754869736731052,7.608599781118303e-07,macro_dataset_auroc,0.74,0.74,0.45,0.4,0.6666664488137245
run_dfd_supervised_3d_t8_k3_F_kl_overfit,141,0.08763992451131344,7.228169792062388e-07,macro_dataset_auroc,0.74,0.74,0.45,0.4,0.6509929118143014
run_dfd_supervised_3d_t8_k3_F_kl_overfit,142,0.08755635470151901,6.866761302459269e-07,macro_dataset_auroc,0.74,0.74,0.45,0.4,0.6153187876796401
run_dfd_supervised_3d_t8_k3_F_kl_overfit,143,0.0875993687659502,6.523423237336305e-07,macro_dataset_auroc,0.74,0.74,0.45,0.4,0.7341720676333316
run_dfd_supervised_3d_t8_k3_F_kl_overfit,144,0.0876236829906702,6.197252075469489e-07,macro_dataset_auroc,0.74,0.74,0.45,0.4,0.7830827999999747
run_dfd_supervised_3d_t8_k3_F_kl_overfit,145,0.08757242597639561,5.887389471696014e-07,macro_dataset_auroc,0.74,0.74,0.45,0.4,0.7216468799365381
run_dfd_supervised_3d_t8_k3_F_kl_overfit,146,0.08754866532981395,5.593019998111213e-07,macro_dataset_auroc,0.74,0.74,0.45,0.4,0.5764769369430729
run_dfd_supervised_3d_t8_k3_F_kl_overfit,147,0.08756905235350132,5.313368998205652e-07,macro_dataset_auroc,0.74,0.74,0.45,0.4,0.8166899839978371
run_dfd_supervised_3d_t8_k3_F_kl_overfit,148,0.08754964806139469,5.047700548295369e-07,macro_dataset_auroc,0.74,0.74,0.45,0.4,0.753216532277376
run_dfd_supervised_3d_t8_k3_F_kl_overfit,149,0.08758045919239521,4.7953155208806e-07,macro_dataset_auroc,0.74,0.74,0.45,0.4,0.8360114020972579
run_dfd_supervised_3d_t8_k3_F_kl_overfit,150,0.08755978308618069,4.55554974483657e-07,macro_dataset_auroc,0.74,0.74,0.45,0.4,0.9480826808895857
run_dfd_supervised_3d_t8_k3_G_small_kl_overfit,1,1.350086545944214,0.00095,macro_dataset_auroc,0.7200000000000001,0.7200000000000001,0.4,0.2,0.030168427675977515
run_dfd_supervised_3d_t8_k3_G_small_kl_overfit,2,0.7954881712794304,0.0009025,macro_dataset_auroc,0.69,0.69,0.35,0.0,0.13924708736949815
run_dfd_supervised_3d_t8_k3_G_small_kl_overfit,3,0.6898610889911652,0.000857375,macro_dataset_auroc,0.5399999999999999,0.5399999999999999,0.5,0.2,0.3332733906469637
run_dfd_supervised_3d_t8_k3_G_small_kl_overfit,4,0.6403200179338455,0.0008145062499999999,macro_dataset_auroc,0.7300000000000001,0.7300000000000001,0.35,0.2,1.2459552534142317
run_dfd_supervised_3d_t8_k3_G_small_kl_overfit,5,0.45774206668138506,0.0007737809374999998,macro_dataset_auroc,0.69,0.69,0.45,0.1,0.46955201177367917
run_dfd_supervised_3d_t8_k3_G_small_kl_overfit,6,0.41016098111867905,0.0007350918906249997,macro_dataset_auroc,0.63,0.63,0.55,0.1,1.7936910836922613
run_dfd_supervised_3d_t8_k3_G_small_kl_overfit,7,0.40717487782239914,0.0006983372960937497,macro_dataset_auroc,0.65,0.65,0.5,0.1,1.321219842062054
run_dfd_supervised_3d_t8_k3_G_small_kl_overfit,8,0.38571660667657853,0.0006634204312890621,macro_dataset_auroc,0.62,0.62,0.55,0.1,1.6070867819827575
run_dfd_supervised_3d_t8_k3_G_small_kl_overfit,9,0.40113908499479295,0.000630249409724609,macro_dataset_auroc,0.62,0.62,0.55,0.1,2.226087556037739
run_dfd_supervised_3d_t8_k3_G_small_kl_overfit,10,0.3745325207710266,0.0005987369392383785,macro_dataset_auroc,0.64,0.64,0.55,0.1,2.244688475384316
run_dfd_supervised_3d_t8_k3_G_small_kl_overfit,11,0.3305575042963028,0.0005688000922764595,macro_dataset_auroc,0.62,0.62,0.55,0.1,2.49046011397887
run_dfd_supervised_3d_t8_k3_G_small_kl_overfit,12,0.3805040031671524,0.0005403600876626365,macro_dataset_auroc,0.6100000000000001,0.6100000000000001,0.55,0.1,0.6361745142407762
run_dfd_supervised_3d_t8_k3_G_small_kl_overfit,13,0.3517766773700714,0.0005133420832795047,macro_dataset_auroc,0.62,0.62,0.55,0.1,1.7008209997300687
run_dfd_supervised_3d_t8_k3_G_small_kl_overfit,14,0.34498577266931535,0.00048767497911552944,macro_dataset_auroc,0.63,0.63,0.55,0.1,1.9753146021053716
run_dfd_supervised_3d_t8_k3_G_small_kl_overfit,15,0.3037400022149086,0.00046329123015975297,macro_dataset_auroc,0.63,0.63,0.55,0.1,1.6841647635559056
run_dfd_supervised_3d_t8_k3_G_small_kl_overfit,16,0.30386224389076233,0.0004401266686517653,macro_dataset_auroc,0.63,0.63,0.55,0.1,1.6749998690943704
run_dfd_supervised_3d_t8_k3_G_small_kl_overfit,17,0.29950316101312635,0.00041812033521917703,macro_dataset_auroc,0.62,0.62,0.55,0.1,1.7326009370367101
run_dfd_supervised_3d_t8_k3_G_small_kl_overfit,18,0.29935606718063357,0.00039721431845821814,macro_dataset_auroc,0.63,0.63,0.55,0.1,1.795022130705373
run_dfd_supervised_3d_t8_k3_G_small_kl_overfit,19,0.29706427454948425,0.0003773536025353072,macro_dataset_auroc,0.63,0.63,0.55,0.1,2.1436383348934402
run_dfd_supervised_3d_t8_k3_G_small_kl_overfit,20,0.2963499650359154,0.0003584859224085418,macro_dataset_auroc,0.62,0.62,0.55,0.1,1.7210648496423997
run_dfd_supervised_3d_t8_k3_G_small_kl_overfit,21,0.2967175170779228,0.0003405616262881147,macro_dataset_auroc,0.62,0.62,0.55,0.1,1.8855625001231022
run_dfd_supervised_3d_t8_k3_G_small_kl_overfit,22,0.29668452888727187,0.00032353354497370894,macro_dataset_auroc,0.62,0.62,0.55,0.1,2.144061074169037
run_dfd_supervised_3d_t8_k3_G_small_kl_overfit,23,0.2957357630133629,0.00030735686772502346,macro_dataset_auroc,0.62,0.62,0.5,0.1,1.8145313369864133
run_dfd_supervised_3d_t8_k3_G_small_kl_overfit,24,0.29542691111564634,0.00029198902433877225,macro_dataset_auroc,0.62,0.62,0.55,0.1,1.650549553548121
run_dfd_supervised_3d_t8_k3_G_small_kl_overfit,25,0.29476335644721985,0.00027738957312183364,macro_dataset_auroc,0.62,0.62,0.5,0.1,1.6918846000743997
run_dfd_supervised_3d_t8_k3_G_small_kl_overfit,26,0.29530336111783984,0.0002635200944657419,macro_dataset_auroc,0.61,0.61,0.45,0.1,1.7330310811677827
run_dfd_supervised_3d_t8_k3_G_small_kl_overfit,27,0.2956293046474457,0.0002503440897424548,macro_dataset_auroc,0.61,0.61,0.45,0.1,1.6207854856465678
run_dfd_supervised_3d_t8_k3_G_small_kl_overfit,28,0.2949112206697464,0.00023782688525533205,macro_dataset_auroc,0.63,0.63,0.55,0.1,2.037511966405015
run_dfd_supervised_3d_t8_k3_G_small_kl_overfit,29,0.29497910290956497,0.00022593554099256544,macro_dataset_auroc,0.61,0.61,0.55,0.1,1.662924041221583
run_dfd_supervised_3d_t8_k3_G_small_kl_overfit,30,0.2945280492305756,0.00021463876394293716,macro_dataset_auroc,0.61,0.61,0.5,0.1,1.7878689000279055
run_dfd_supervised_3d_t8_k3_G_small_kl_overfit,31,0.29452630281448366,0.0002039068257457903,macro_dataset_auroc,0.62,0.62,0.55,0.1,2.0784918987416456
run_dfd_supervised_3d_t8_k3_G_small_kl_overfit,32,0.2944693207740784,0.00019371148445850077,macro_dataset_auroc,0.62,0.62,0.55,0.1,2.2278785559261918
run_dfd_supervised_3d_t8_k3_G_small_kl_overfit,33,0.2943396121263504,0.00018402591023557573,macro_dataset_auroc,0.62,0.62,0.55,0.1,2.019704307088154
run_dfd_supervised_3d_t8_k3_G_small_kl_overfit,34,0.2942906439304352,0.00017482461472379692,macro_dataset_auroc,0.6,0.6,0.45,0.1,1.6894626736703013
run_dfd_supervised_3d_t8_k3_G_small_kl_overfit,35,0.29405194371938703,0.00016608338398760707,macro_dataset_auroc,0.61,0.61,0.5,0.1,1.6096311245071253
run_dfd_supervised_3d_t8_k3_G_small_kl_overfit,36,0.2940727427601814,0.0001577792147882267,macro_dataset_auroc,0.6000000000000001,0.6000000000000001,0.55,0.1,1.8966966523758604
run_dfd_supervised_3d_t8_k3_G_small_kl_overfit,37,0.29412945061922074,0.00014989025404881537,macro_dataset_auroc,0.61,0.61,0.55,0.1,2.0599510686239655
run_dfd_supervised_3d_t8_k3_G_small_kl_overfit,38,0.2942131072282791,0.00014239574134637458,macro_dataset_auroc,0.61,0.61,0.55,0.1,1.9516648528234524
run_dfd_supervised_3d_t8_k3_G_small_kl_overfit,39,0.29392741322517396,0.00013527595427905584,macro_dataset_auroc,0.62,0.62,0.55,0.1,2.244477781092911
run_dfd_supervised_3d_t8_k3_G_small_kl_overfit,40,0.293867239356041,0.00012851215656510304,macro_dataset_auroc,0.6,0.6,0.45,0.1,1.5211293851483987
run_dfd_supervised_3d_t8_k3_G_small_kl_overfit,41,0.2938679903745651,0.00012208654873684788,macro_dataset_auroc,0.61,0.61,0.5,0.1,1.6608169668873756
run_dfd_supervised_3d_t8_k3_G_small_kl_overfit,42,0.2938176289200783,0.00011598222130000548,macro_dataset_auroc,0.6000000000000001,0.6000000000000001,0.55,0.1,2.1122708264438255
run_dfd_supervised_3d_t8_k3_G_small_kl_overfit,43,0.29357216507196426,0.00011018311023500519,macro_dataset_auroc,0.61,0.61,0.5,0.1,2.04549916007195
run_dfd_supervised_3d_t8_k3_G_small_kl_overfit,44,0.2936881557106972,0.00010467395472325493,macro_dataset_auroc,0.61,0.61,0.5,0.1,1.8517641995183578
run_dfd_supervised_3d_t8_k3_G_small_kl_overfit,45,0.2935782462358475,9.944025698709218e-05,macro_dataset_auroc,0.6000000000000001,0.6000000000000001,0.55,0.1,2.2674486256432487
run_dfd_supervised_3d_t8_k3_G_small_kl_overfit,46,0.2935480087995529,9.446824413773756e-05,macro_dataset_auroc,0.61,0.61,0.5,0.1,1.8465766998521636
run_dfd_supervised_3d_t8_k3_G_small_kl_overfit,47,0.29367985129356383,8.974483193085068e-05,macro_dataset_auroc,0.61,0.61,0.55,0.1,2.015521586235716
run_dfd_supervised_3d_t8_k3_G_small_kl_overfit,48,0.2935699954628944,8.525759033430814e-05,macro_dataset_auroc,0.61,0.61,0.5,0.1,2.0960797954253914
run_dfd_supervised_3d_t8_k3_G_small_kl_overfit,49,0.2935035049915314,8.099471081759274e-05,macro_dataset_auroc,0.61,0.61,0.55,0.1,2.1270723443751183
run_dfd_supervised_3d_t8_k3_G_small_kl_overfit,50,0.29345631301403047,7.69449752767131e-05,macro_dataset_auroc,0.61,0.61,0.5,0.1,2.0029683086713224
run_dfd_supervised_3d_t8_k3_G_small_kl_overfit,51,0.29345382153987887,7.309772651287744e-05,macro_dataset_auroc,0.6,0.6,0.45,0.1,1.659142488131202
run_dfd_supervised_3d_t8_k3_G_small_kl_overfit,52,0.2932694599032402,6.944284018723356e-05,macro_dataset_auroc,0.6,0.6,0.45,0.1,1.904049789606809
run_dfd_supervised_3d_t8_k3_G_small_kl_overfit,53,0.29362912476062775,6.597069817787189e-05,macro_dataset_auroc,0.6,0.6,0.45,0.1,1.7583508190002561
run_dfd_supervised_3d_t8_k3_G_small_kl_overfit,54,0.2934642493724823,6.267216326897829e-05,macro_dataset_auroc,0.6000000000000001,0.6000000000000001,0.55,0.1,2.3921715840088664
run_dfd_supervised_3d_t8_k3_G_small_kl_overfit,55,0.29331394731998445,5.953855510552937e-05,macro_dataset_auroc,0.61,0.61,0.5,0.1,2.1062029523833656
run_dfd_supervised_3d_t8_k3_G_small_kl_overfit,56,0.29348365068435667,5.65616273502529e-05,macro_dataset_auroc,0.61,0.61,0.5,0.1,1.7775603652646688
run_dfd_supervised_3d_t8_k3_G_small_kl_overfit,57,0.29329103529453276,5.373354598274025e-05,macro_dataset_auroc,0.61,0.61,0.5,0.1,1.6311845852741014
run_dfd_supervised_3d_t8_k3_G_small_kl_overfit,58,0.2931870833039284,5.104686868360323e-05,macro_dataset_auroc,0.6,0.6,0.45,0.1,1.5912472963364757
run_dfd_supervised_3d_t8_k3_G_small_kl_overfit,59,0.29318746626377107,4.849452524942307e-05,macro_dataset_auroc,0.61,0.61,0.5,0.1,1.53220158393033
run_dfd_supervised_3d_t8_k3_G_small_kl_overfit,60,0.29331297278404234,4.606979898695191e-05,macro_dataset_auroc,0.61,0.61,0.5,0.1,2.119417606643329
run_dfd_supervised_3d_t8_k3_G_small_kl_overfit,61,0.2930134266614914,4.376630903760431e-05,macro_dataset_auroc,0.61,0.61,0.5,0.1,2.018920485944881
run_dfd_supervised_3d_t8_k3_G_small_kl_overfit,62,0.29314548075199126,4.157799358572409e-05,macro_dataset_auroc,0.6,0.6,0.45,0.1,1.9214528185103403
run_dfd_supervised_3d_t8_k3_G_small_kl_overfit,63,0.293289253115654,3.9499093906437885e-05,macro_dataset_auroc,0.61,0.61,0.5,0.1,1.7895851580491864
run_dfd_supervised_3d_t8_k3_G_small_kl_overfit,64,0.29317059069871904,3.752413921111599e-05,macro_dataset_auroc,0.61,0.61,0.55,0.1,2.0026301253697674
run_dfd_supervised_3d_t8_k3_G_small_kl_overfit,65,0.293142606317997,3.564793225056019e-05,macro_dataset_auroc,0.61,0.61,0.5,0.1,1.7295953780341198
run_dfd_supervised_3d_t8_k3_G_small_kl_overfit,66,0.29310605973005294,3.3865535638032174e-05,macro_dataset_auroc,0.6,0.6,0.45,0.1,1.8105410946922578
run_dfd_supervised_3d_t8_k3_G_small_kl_overfit,67,0.2931638494133949,3.2172258856130564e-05,macro_dataset_auroc,0.61,0.61,0.55,0.1,2.408701671106478
run_dfd_supervised_3d_t8_k3_G_small_kl_overfit,68,0.2929868385195732,3.056364591332403e-05,macro_dataset_auroc,0.61,0.61,0.5,0.1,1.837681056153705
run_dfd_supervised_3d_t8_k3_G_small_kl_overfit,69,0.2929574176669121,2.903546361765783e-05,macro_dataset_auroc,0.6,0.6,0.45,0.1,1.917411825928863
run_dfd_supervised_3d_t8_k3_G_small_kl_overfit,70,0.29303099066019056,2.758369043677494e-05,macro_dataset_auroc,0.6,0.6,0.45,0.1,1.6497350008157508
run_dfd_supervised_3d_t8_k3_G_small_kl_overfit,71,0.2931071564555168,2.620450591493619e-05,macro_dataset_auroc,0.61,0.61,0.5,0.1,1.7803005547576756
run_dfd_supervised_3d_t8_k3_G_small_kl_overfit,72,0.29319808036088946,2.489428061918938e-05,macro_dataset_auroc,0.61,0.61,0.5,0.1,1.8870414954067476
run_dfd_supervised_3d_t8_k3_G_small_kl_overfit,73,0.29315036684274676,2.364956658822991e-05,macro_dataset_auroc,0.61,0.61,0.5,0.1,1.7941026460236777
run_dfd_supervised_3d_t8_k3_G_small_kl_overfit,74,0.29317896515131,2.2467088258818413e-05,macro_dataset_auroc,0.61,0.61,0.5,0.1,2.093628585694346
run_dfd_supervised_3d_t8_k3_G_small_kl_overfit,75,0.29291541278362276,2.134373384587749e-05,macro_dataset_auroc,0.61,0.61,0.55,0.1,2.0569883321110556
run_dfd_supervised_3d_t8_k3_G_small_kl_overfit,76,0.2929409697651863,2.0276547153583614e-05,macro_dataset_auroc,0.61,0.61,0.55,0.1,2.544636313657794
run_dfd_supervised_3d_t8_k3_G_small_kl_overfit,77,0.29298916161060334,1.9262719795904432e-05,macro_dataset_auroc,0.61,0.61,0.5,0.1,1.8281840681224613
run_dfd_supervised_3d_t8_k3_G_small_kl_overfit,78,0.2930844694375992,1.829958380610921e-05,macro_dataset_auroc,0.61,0.61,0.5,0.1,1.7365859140029516
run_dfd_supervised_3d_t8_k3_G_small_kl_overfit,79,0.29298706650733947,1.738460461580375e-05,macro_dataset_auroc,0.61,0.61,0.5,0.1,1.7811281549910027
run_dfd_supervised_3d_t8_k3_G_small_kl_overfit,80,0.2928913295269012,1.6515374385013564e-05,macro_dataset_auroc,0.6000000000000001,0.6000000000000001,0.55,0.1,2.1483077886263575
run_dfd_supervised_3d_t8_k3_G_small_kl_overfit,81,0.2927564114332199,1.5689605665762886e-05,macro_dataset_auroc,0.61,0.61,0.55,0.1,2.162368679044278
run_dfd_supervised_3d_t8_k3_G_small_kl_overfit,82,0.2929434910416603,1.490512538247474e-05,macro_dataset_auroc,0.61,0.61,0.55,0.1,2.1559932654404133
run_dfd_supervised_3d_t8_k3_G_small_kl_overfit,83,0.2927981659770012,1.4159869113351003e-05,macro_dataset_auroc,0.61,0.61,0.5,0.1,2.0695215013662094
run_dfd_supervised_3d_t8_k3_G_small_kl_overfit,84,0.2928753405809402,1.3451875657683452e-05,macro_dataset_auroc,0.61,0.61,0.55,0.1,1.9421089308234216
run_dfd_supervised_3d_t8_k3_G_small_kl_overfit,85,0.29276345372200013,1.277928187479928e-05,macro_dataset_auroc,0.61,0.61,0.5,0.1,2.07931203970202
run_dfd_supervised_3d_t8_k3_G_small_kl_overfit,86,0.292953784763813,1.2140317781059316e-05,macro_dataset_auroc,0.61,0.61,0.5,0.1,2.189323926437458
run_dfd_supervised_3d_t8_k3_G_small_kl_overfit,87,0.2929259672760963,1.153330189200635e-05,macro_dataset_auroc,0.61,0.61,0.5,0.1,1.871186359776389
run_dfd_supervised_3d_t8_k3_G_small_kl_overfit,88,0.29291305541992185,1.0956636797406032e-05,macro_dataset_auroc,0.61,0.61,0.5,0.1,1.9050902897441881
run_dfd_supervised_3d_t8_k3_G_small_kl_overfit,89,0.29290840178728106,1.0408804957535729e-05,macro_dataset_auroc,0.61,0.61,0.5,0.1,1.5989917260557924
run_dfd_supervised_3d_t8_k3_G_small_kl_overfit,90,0.29293170273303987,9.888364709658941e-06,macro_dataset_auroc,0.61,0.61,0.5,0.1,2.3037816985999493
run_dfd_supervised_3d_t8_k3_G_small_kl_overfit,91,0.2928578853607178,9.393946474175994e-06,macro_dataset_auroc,0.61,0.61,0.5,0.1,1.9029627619082645
run_dfd_supervised_3d_t8_k3_G_small_kl_overfit,92,0.2928085565567017,8.924249150467194e-06,macro_dataset_auroc,0.61,0.61,0.5,0.1,2.224414973954216
run_dfd_supervised_3d_t8_k3_G_small_kl_overfit,93,0.2929124802350998,8.478036692943835e-06,macro_dataset_auroc,0.61,0.61,0.5,0.1,2.131118700938468
run_dfd_supervised_3d_t8_k3_G_small_kl_overfit,94,0.2929662957787514,8.054134858296643e-06,macro_dataset_auroc,0.61,0.61,0.5,0.1,1.7341189809365636
run_dfd_supervised_3d_t8_k3_G_small_kl_overfit,95,0.29288691878318784,7.65142811538181e-06,macro_dataset_auroc,0.61,0.61,0.5,0.1,1.8532462692095404
run_dfd_supervised_3d_t8_k3_G_small_kl_overfit,96,0.2928207412362099,7.26885670961272e-06,macro_dataset_auroc,0.61,0.61,0.5,0.1,1.7804478631192788
run_dfd_supervised_3d_t8_k3_G_small_kl_overfit,97,0.29280167520046235,6.905413874132084e-06,macro_dataset_auroc,0.61,0.61,0.5,0.1,1.7793345947042067
run_dfd_supervised_3d_t8_k3_G_small_kl_overfit,98,0.292815288901329,6.5601431804254795e-06,macro_dataset_auroc,0.61,0.61,0.55,0.1,1.86664907557785
run_dfd_supervised_3d_t8_k3_G_small_kl_overfit,99,0.2928562566637993,6.232136021404205e-06,macro_dataset_auroc,0.61,0.61,0.55,0.1,1.930670564364788
run_dfd_supervised_3d_t8_k3_G_small_kl_overfit,100,0.2927767589688301,5.920529220333994e-06,macro_dataset_auroc,0.61,0.61,0.5,0.1,2.017756623154294
run_dfd_supervised_3d_t8_k3_G_small_kl_overfit,101,0.29281737208366393,5.624502759317295e-06,macro_dataset_auroc,0.61,0.61,0.5,0.1,2.0816255493440448
run_dfd_supervised_3d_t8_k3_G_small_kl_overfit,102,0.29294769316911695,5.34327762135143e-06,macro_dataset_auroc,0.61,0.61,0.55,0.1,2.0207314261216562
run_dfd_supervised_3d_t8_k3_G_small_kl_overfit,103,0.2929450884461403,5.076113740283858e-06,macro_dataset_auroc,0.61,0.61,0.5,0.1,1.7797703343135294
run_dfd_supervised_3d_t8_k3_G_small_kl_overfit,104,0.2928949147462845,4.8223080532696655e-06,macro_dataset_auroc,0.61,0.61,0.5,0.1,1.9826350106546373
run_dfd_supervised_3d_t8_k3_G_small_kl_overfit,105,0.2926686406135559,4.581192650606182e-06,macro_dataset_auroc,0.6,0.6,0.45,0.1,1.6137917525510077
run_dfd_supervised_3d_t8_k3_G_small_kl_overfit,106,0.29275074154138564,4.3521330180758725e-06,macro_dataset_auroc,0.61,0.61,0.5,0.1,2.003310804719314
run_dfd_supervised_3d_t8_k3_G_small_kl_overfit,107,0.2929067090153694,4.1345263671720786e-06,macro_dataset_auroc,0.62,0.62,0.5,0.1,2.0738635430998493
run_dfd_supervised_3d_t8_k3_G_small_kl_overfit,108,0.29294325709342955,3.927800048813474e-06,macro_dataset_auroc,0.61,0.61,0.5,0.1,1.8486055195118396
run_dfd_supervised_3d_t8_k3_G_small_kl_overfit,109,0.2929145336151123,3.7314100463728006e-06,macro_dataset_auroc,0.61,0.61,0.5,0.1,1.6479626727118348
run_dfd_supervised_3d_t8_k3_G_small_kl_overfit,110,0.2927448064088821,3.5448395440541604e-06,macro_dataset_auroc,0.61,0.61,0.5,0.1,1.7673159195392159
run_dfd_supervised_3d_t8_k3_G_small_kl_overfit,111,0.2928955122828484,3.3675975668514524e-06,macro_dataset_auroc,0.61,0.61,0.5,0.1,2.083236904425035
run_dfd_supervised_3d_t8_k3_G_small_kl_overfit,112,0.29276378005743026,3.1992176885088796e-06,macro_dataset_auroc,0.61,0.61,0.5,0.1,1.828782857029422
run_dfd_supervised_3d_t8_k3_G_small_kl_overfit,113,0.29280770719051363,3.0392568040834356e-06,macro_dataset_auroc,0.61,0.61,0.5,0.1,2.1007962466843693
run_dfd_supervised_3d_t8_k3_G_small_kl_overfit,114,0.2927922591567039,2.8872939638792635e-06,macro_dataset_auroc,0.61,0.61,0.55,0.1,1.9640304415321692
run_dfd_supervised_3d_t8_k3_G_small_kl_overfit,115,0.29281203597784045,2.7429292656853003e-06,macro_dataset_auroc,0.61,0.61,0.5,0.1,1.730240434902514
run_dfd_supervised_3d_t8_k3_G_small_kl_overfit,116,0.2928144037723541,2.605782802401035e-06,macro_dataset_auroc,0.61,0.61,0.55,0.1,2.0556630423641344
run_dfd_supervised_3d_t8_k3_G_small_kl_overfit,117,0.2928914949297905,2.475493662280983e-06,macro_dataset_auroc,0.61,0.61,0.5,0.1,2.5198069910063854
run_dfd_supervised_3d_t8_k3_G_small_kl_overfit,118,0.29279121160507204,2.351718979166934e-06,macro_dataset_auroc,0.61,0.61,0.5,0.1,1.6649825134740774
run_dfd_supervised_3d_t8_k3_G_small_kl_overfit,119,0.2926837921142578,2.234133030208587e-06,macro_dataset_auroc,0.61,0.61,0.5,0.1,1.7411089603993546
run_dfd_supervised_3d_t8_k3_G_small_kl_overfit,120,0.2928101450204849,2.1224263786981576e-06,macro_dataset_auroc,0.61,0.61,0.55,0.1,2.0710522943694567
run_dfd_supervised_3d_t8_k3_G_small_kl_overfit,121,0.29286674559116366,2.0163050597632494e-06,macro_dataset_auroc,0.61,0.61,0.5,0.1,2.123355160290485
run_dfd_supervised_3d_t8_k3_G_small_kl_overfit,122,0.2928094044327736,1.915489806775087e-06,macro_dataset_auroc,0.61,0.61,0.5,0.1,1.984937100558767
run_dfd_supervised_3d_t8_k3_G_small_kl_overfit,123,0.2927187532186508,1.8197153164363325e-06,macro_dataset_auroc,0.61,0.61,0.55,0.1,1.895834915087059
run_dfd_supervised_3d_t8_k3_G_small_kl_overfit,124,0.29276218414306643,1.7287295506145157e-06,macro_dataset_auroc,0.61,0.61,0.5,0.1,1.9958984875149204
run_dfd_supervised_3d_t8_k3_G_small_kl_overfit,125,0.2928970143198967,1.6422930730837899e-06,macro_dataset_auroc,0.61,0.61,0.5,0.1,2.0119357242756193
run_dfd_supervised_3d_t8_k3_G_small_kl_overfit,126,0.2928732067346573,1.5601784194296004e-06,macro_dataset_auroc,0.61,0.61,0.5,0.1,1.6890491830934504
run_dfd_supervised_3d_t8_k3_G_small_kl_overfit,127,0.29287912547588346,1.4821694984581202e-06,macro_dataset_auroc,0.61,0.61,0.5,0.1,1.7335471983797373
run_dfd_supervised_3d_t8_k3_G_small_kl_overfit,128,0.29269358813762664,1.4080610235352142e-06,macro_dataset_auroc,0.61,0.61,0.5,0.1,2.1250399858144
run_dfd_supervised_3d_t8_k3_G_small_kl_overfit,129,0.29287476688623426,1.3376579723584535e-06,macro_dataset_auroc,0.61,0.61,0.55,0.1,2.338869874456398
run_dfd_supervised_3d_t8_k3_G_small_kl_overfit,130,0.29280339628458024,1.2707750737405307e-06,macro_dataset_auroc,0.6,0.6,0.45,0.1,1.9383405107932472
run_dfd_supervised_3d_t8_k3_G_small_kl_overfit,131,0.2928697317838669,1.2072363200535042e-06,macro_dataset_auroc,0.6,0.6,0.45,0.1,1.6251032630229156
run_dfd_supervised_3d_t8_k3_G_small_kl_overfit,132,0.2927387490868568,1.146874504050829e-06,macro_dataset_auroc,0.6,0.6,0.45,0.1,1.6790250109265983
run_dfd_supervised_3d_t8_k3_G_small_kl_overfit,133,0.2927459791302681,1.0895307788482876e-06,macro_dataset_auroc,0.6,0.6,0.45,0.1,1.5875266398738266
run_dfd_supervised_3d_t8_k3_G_small_kl_overfit,134,0.29289029687643053,1.0350542399058731e-06,macro_dataset_auroc,0.6,0.6,0.45,0.1,1.6168312862457692
run_dfd_supervised_3d_t8_k3_G_small_kl_overfit,135,0.2928257122635841,9.833015279105794e-07,macro_dataset_auroc,0.61,0.61,0.55,0.1,2.154770851128193
run_dfd_supervised_3d_t8_k3_G_small_kl_overfit,136,0.2928524807095528,9.341364515150503e-07,macro_dataset_auroc,0.61,0.61,0.5,0.1,1.725020391168872
run_dfd_supervised_3d_t8_k3_G_small_kl_overfit,137,0.29291142970323564,8.874296289392978e-07,macro_dataset_auroc,0.61,0.61,0.5,0.1,1.827207004135653
run_dfd_supervised_3d_t8_k3_G_small_kl_overfit,138,0.2927954211831093,8.430581474923329e-07,macro_dataset_auroc,0.6,0.6,0.45,0.1,1.9686192050209441
run_dfd_supervised_3d_t8_k3_G_small_kl_overfit,139,0.2928202152252197,8.009052401177162e-07,macro_dataset_auroc,0.61,0.61,0.5,0.1,2.007254970906242
run_dfd_supervised_3d_t8_k3_G_small_kl_overfit,140,0.29285248667001723,7.608599781118303e-07,macro_dataset_auroc,0.61,0.61,0.5,0.1,1.955119986482559
run_dfd_supervised_3d_t8_k3_G_small_kl_overfit,141,0.2927997887134552,7.228169792062388e-07,macro_dataset_auroc,0.61,0.61,0.5,0.1,1.772523254085057
run_dfd_supervised_3d_t8_k3_G_small_kl_overfit,142,0.29280555099248884,6.866761302459269e-07,macro_dataset_auroc,0.61,0.61,0.5,0.1,1.8189102881057455
run_dfd_supervised_3d_t8_k3_G_small_kl_overfit,143,0.29274723380804063,6.523423237336305e-07,macro_dataset_auroc,0.61,0.61,0.5,0.1,2.1258310476928175
run_dfd_supervised_3d_t8_k3_G_small_kl_overfit,144,0.29276819676160815,6.197252075469489e-07,macro_dataset_auroc,0.61,0.61,0.5,0.1,2.0006225639869015
run_dfd_supervised_3d_t8_k3_G_small_kl_overfit,145,0.2926498368382454,5.887389471696014e-07,macro_dataset_auroc,0.61,0.61,0.5,0.1,1.8351702395891782
run_dfd_supervised_3d_t8_k3_G_small_kl_overfit,146,0.2927483066916466,5.593019998111213e-07,macro_dataset_auroc,0.61,0.61,0.5,0.1,1.6807480385332494
run_dfd_supervised_3d_t8_k3_G_small_kl_overfit,147,0.2928039640188217,5.313368998205652e-07,macro_dataset_auroc,0.61,0.61,0.5,0.1,2.1609027086410686
run_dfd_supervised_3d_t8_k3_G_small_kl_overfit,148,0.29274829626083376,5.047700548295369e-07,macro_dataset_auroc,0.61,0.61,0.5,0.1,2.003166528778201
run_dfd_supervised_3d_t8_k3_G_small_kl_overfit,149,0.2927404433488846,4.7953155208806e-07,macro_dataset_auroc,0.61,0.61,0.5,0.1,2.0302400109839804
run_dfd_supervised_3d_t8_k3_G_small_kl_overfit,150,0.29288061112165453,4.55554974483657e-07,macro_dataset_auroc,0.61,0.61,0.5,0.1,2.2348108055819034
run_dfd_supervised_3d_t8_k3_H_nokl_overfit,1,20.910776124589027,0.00095,macro_dataset_auroc,0.61,0.61,0.5,0.1,0.0025482451922283892
run_dfd_supervised_3d_t8_k3_H_nokl_overfit,2,7.8082632682228,0.0009025,macro_dataset_auroc,0.27,0.27,0.75,0.0,0.0040543482086624625
run_dfd_supervised_3d_t8_k3_H_nokl_overfit,3,0.5773058333201334,0.000857375,macro_dataset_auroc,0.62,0.62,0.5,0.1,0.08645662677503467
run_dfd_supervised_3d_t8_k3_H_nokl_overfit,4,1.3485406564519509,0.0008145062499999999,macro_dataset_auroc,0.77,0.77,0.30000000000000004,0.4,0.1944486891817832
run_dfd_supervised_3d_t8_k3_H_nokl_overfit,5,0.4577613525820198,0.0007737809374999998,macro_dataset_auroc,0.76,0.76,0.30000000000000004,0.4,0.158466542382534
run_dfd_supervised_3d_t8_k3_H_nokl_overfit,6,0.19888027726556173,0.0007350918906249997,macro_dataset_auroc,0.75,0.75,0.2,0.3,2.3147851960897063
run_dfd_supervised_3d_t8_k3_H_nokl_overfit,7,1.1041851997637422,0.0006983372960937497,macro_dataset_auroc,0.67,0.67,0.45,0.1,0.44299778046926286
run_dfd_supervised_3d_t8_k3_H_nokl_overfit,8,0.7868288804922485,0.0006634204312890621,macro_dataset_auroc,0.78,0.78,0.25,0.4,1.085895502904972
run_dfd_supervised_3d_t8_k3_H_nokl_overfit,9,0.879751941486029,0.000630249409724609,macro_dataset_auroc,0.71,0.71,0.5,0.4,0.8704806662440105
run_dfd_supervised_3d_t8_k3_H_nokl_overfit,10,0.4678060429403558,0.0005987369392383785,macro_dataset_auroc,0.72,0.72,0.4,0.4,0.8221185874652012
run_dfd_supervised_3d_t8_k3_H_nokl_overfit,11,0.10147099475143477,0.0005688000922764595,macro_dataset_auroc,0.72,0.72,0.5,0.4,0.4625868162978433
run_dfd_supervised_3d_t8_k3_H_nokl_overfit,12,0.4534419234842062,0.0005403600876626365,macro_dataset_auroc,0.71,0.71,0.4,0.4,0.5384514303151668
run_dfd_supervised_3d_t8_k3_H_nokl_overfit,13,0.10926005492801778,0.0005133420832795047,macro_dataset_auroc,0.72,0.72,0.45,0.4,1.459400834267379
run_dfd_supervised_3d_t8_k3_H_nokl_overfit,14,0.3883108357491437,0.00048767497911552944,macro_dataset_auroc,0.7,0.7,0.45,0.4,0.6723168785695567
run_dfd_supervised_3d_t8_k3_H_nokl_overfit,15,0.26839111968001816,0.00046329123015975297,macro_dataset_auroc,0.72,0.72,0.45,0.4,0.6410443000552644
run_dfd_supervised_3d_t8_k3_H_nokl_overfit,16,0.02962796374922618,0.0004401266686517653,macro_dataset_auroc,0.73,0.73,0.45,0.4,0.8065052955757864
run_dfd_supervised_3d_t8_k3_H_nokl_overfit,17,0.059932238020701335,0.00041812033521917703,macro_dataset_auroc,0.7,0.7,0.45,0.4,1.0626942643275665
run_dfd_supervised_3d_t8_k3_H_nokl_overfit,18,0.05076659213809762,0.00039721431845821814,macro_dataset_auroc,0.71,0.71,0.45,0.4,0.6234869491140047
run_dfd_supervised_3d_t8_k3_H_nokl_overfit,19,0.014856131715350784,0.0003773536025353072,macro_dataset_auroc,0.71,0.71,0.45,0.4,0.8456395185800242
run_dfd_supervised_3d_t8_k3_H_nokl_overfit,20,0.004413371661212295,0.0003584859224085418,macro_dataset_auroc,0.7,0.7,0.45,0.4,0.8302224685784202
run_dfd_supervised_3d_t8_k3_H_nokl_overfit,21,0.044756088359281423,0.0003405616262881147,macro_dataset_auroc,0.71,0.71,0.45,0.4,0.8048906995898133
run_dfd_supervised_3d_t8_k3_H_nokl_overfit,22,0.001394482169416733,0.00032353354497370894,macro_dataset_auroc,0.71,0.71,0.45,0.4,1.253717643222344
run_dfd_supervised_3d_t8_k3_H_nokl_overfit,23,0.002904296689666808,0.00030735686772502346,macro_dataset_auroc,0.71,0.71,0.45,0.4,0.9390654085241791
run_dfd_supervised_3d_t8_k3_H_nokl_overfit,24,0.002973098115762696,0.00029198902433877225,macro_dataset_auroc,0.71,0.71,0.45,0.4,0.8605943666958055
run_dfd_supervised_3d_t8_k3_H_nokl_overfit,25,0.0020906505233142525,0.00027738957312183364,macro_dataset_auroc,0.71,0.71,0.45,0.4,1.0127215163182517
run_dfd_supervised_3d_t8_k3_H_nokl_overfit,26,0.002823197958059609,0.0002635200944657419,macro_dataset_auroc,0.72,0.72,0.45,0.4,0.9043081608377042
run_dfd_supervised_3d_t8_k3_H_nokl_overfit,27,0.003501008788589388,0.0002503440897424548,macro_dataset_auroc,0.72,0.72,0.45,0.4,0.8436572752170672
run_dfd_supervised_3d_t8_k3_H_nokl_overfit,28,0.001235419709701091,0.00023782688525533205,macro_dataset_auroc,0.73,0.73,0.45,0.4,0.9080116835491739
run_dfd_supervised_3d_t8_k3_H_nokl_overfit,29,0.0011199226748431102,0.00022593554099256544,macro_dataset_auroc,0.73,0.73,0.45,0.4,0.7904304983122312
run_dfd_supervised_3d_t8_k3_H_nokl_overfit,30,0.0020313996355980635,0.00021463876394293716,macro_dataset_auroc,0.73,0.73,0.45,0.4,0.9167074809927882
run_dfd_supervised_3d_t8_k3_H_nokl_overfit,31,0.0012778291245922446,0.0002039068257457903,macro_dataset_auroc,0.73,0.73,0.45,0.4,0.9734265664645593
run_dfd_supervised_3d_t8_k3_H_nokl_overfit,32,0.003310505033005029,0.00019371148445850077,macro_dataset_auroc,0.73,0.73,0.45,0.4,1.2476254613082314
run_dfd_supervised_3d_t8_k3_H_nokl_overfit,33,0.0025959426973713564,0.00018402591023557573,macro_dataset_auroc,0.73,0.73,0.45,0.4,0.8788292415159874
run_dfd_supervised_3d_t8_k3_H_nokl_overfit,34,0.001586383645189926,0.00017482461472379692,macro_dataset_auroc,0.73,0.73,0.45,0.4,0.9158068164581048
run_dfd_supervised_3d_t8_k3_H_nokl_overfit,35,0.0016951894125668333,0.00016608338398760707,macro_dataset_auroc,0.73,0.73,0.45,0.4,0.7850116131007551
run_dfd_supervised_3d_t8_k3_H_nokl_overfit,36,0.0015548663592198863,0.0001577792147882267,macro_dataset_auroc,0.73,0.73,0.45,0.4,0.8586830972403298
run_dfd_supervised_3d_t8_k3_H_nokl_overfit,37,0.0015027542249299586,0.00014989025404881537,macro_dataset_auroc,0.73,0.73,0.45,0.4,1.1373565253547164
run_dfd_supervised_3d_t8_k3_H_nokl_overfit,38,0.0012700545368716121,0.00014239574134637458,macro_dataset_auroc,0.73,0.73,0.45,0.4,1.1229203332225355
run_dfd_supervised_3d_t8_k3_H_nokl_overfit,39,0.0010819267219631002,0.00013527595427905584,macro_dataset_auroc,0.73,0.73,0.45,0.4,1.176307533225515
run_dfd_supervised_3d_t8_k3_H_nokl_overfit,40,0.0010266086494084448,0.00012851215656510304,macro_dataset_auroc,0.73,0.73,0.45,0.4,0.7570668766366676
run_dfd_supervised_3d_t8_k3_H_nokl_overfit,41,0.0010201545286690817,0.00012208654873684788,macro_dataset_auroc,0.73,0.73,0.45,0.4,0.8621768574845763
run_dfd_supervised_3d_t8_k3_H_nokl_overfit,42,0.0009638386807637289,0.00011598222130000548,macro_dataset_auroc,0.73,0.73,0.45,0.4,1.1040243277071253
run_dfd_supervised_3d_t8_k3_H_nokl_overfit,43,0.001042705331929028,0.00011018311023500519,macro_dataset_auroc,0.73,0.73,0.45,0.4,0.9870114546704367
run_dfd_supervised_3d_t8_k3_H_nokl_overfit,44,0.001278029370587319,0.00010467395472325493,macro_dataset_auroc,0.73,0.73,0.45,0.4,0.7935656607375638
run_dfd_supervised_3d_t8_k3_H_nokl_overfit,45,0.001319981541018933,9.944025698709218e-05,macro_dataset_auroc,0.73,0.73,0.45,0.4,1.002688542528794
run_dfd_supervised_3d_t8_k3_H_nokl_overfit,46,0.0009488551469985396,9.446824413773756e-05,macro_dataset_auroc,0.73,0.73,0.45,0.4,0.8819285681698964
run_dfd_supervised_3d_t8_k3_H_nokl_overfit,47,0.0009452430182136595,8.974483193085068e-05,macro_dataset_auroc,0.73,0.73,0.45,0.4,0.9619793578045176
run_dfd_supervised_3d_t8_k3_H_nokl_overfit,48,0.0012387783441226929,8.525759033430814e-05,macro_dataset_auroc,0.73,0.73,0.45,0.4,1.1423811136851796
run_dfd_supervised_3d_t8_k3_H_nokl_overfit,49,0.0014897613116772845,8.099471081759274e-05,macro_dataset_auroc,0.73,0.73,0.45,0.4,1.3186429373247177
run_dfd_supervised_3d_t8_k3_H_nokl_overfit,50,0.0009488045150646939,7.69449752767131e-05,macro_dataset_auroc,0.73,0.73,0.45,0.4,1.1502183981589982
run_dfd_supervised_3d_t8_k3_H_nokl_overfit,51,0.0010926978458883241,7.309772651287744e-05,macro_dataset_auroc,0.73,0.73,0.45,0.4,0.9464300756795647
run_dfd_supervised_3d_t8_k3_H_nokl_overfit,52,0.0010175638046348468,6.944284018723356e-05,macro_dataset_auroc,0.73,0.73,0.45,0.4,0.8875708954908764
run_dfd_supervised_3d_t8_k3_H_nokl_overfit,53,0.0011025887972209603,6.597069817787189e-05,macro_dataset_auroc,0.73,0.73,0.45,0.4,0.9886511839658717
run_dfd_supervised_3d_t8_k3_H_nokl_overfit,54,0.0009305331885116174,6.267216326897829e-05,macro_dataset_auroc,0.73,0.73,0.45,0.4,1.2282746854914863
run_dfd_supervised_3d_t8_k3_H_nokl_overfit,55,0.0011148679273901506,5.953855510552937e-05,macro_dataset_auroc,0.73,0.73,0.45,0.4,1.1343714428910099
run_dfd_supervised_3d_t8_k3_H_nokl_overfit,56,0.0009515138663118705,5.65616273502529e-05,macro_dataset_auroc,0.73,0.73,0.45,0.4,0.8759823580857101
run_dfd_supervised_3d_t8_k3_H_nokl_overfit,57,0.0018584401404950768,5.373354598274025e-05,macro_dataset_auroc,0.73,0.73,0.45,0.4,0.7842941802124266
run_dfd_supervised_3d_t8_k3_H_nokl_overfit,58,0.0014130758383544162,5.104686868360323e-05,macro_dataset_auroc,0.73,0.73,0.45,0.4,0.7268730418927448
run_dfd_supervised_3d_t8_k3_H_nokl_overfit,59,0.0013438521447824315,4.849452524942307e-05,macro_dataset_auroc,0.73,0.73,0.45,0.4,0.8171478055961584
run_dfd_supervised_3d_t8_k3_H_nokl_overfit,60,0.0013428480888251215,4.606979898695191e-05,macro_dataset_auroc,0.73,0.73,0.45,0.4,0.9127412724598483
run_dfd_supervised_3d_t8_k3_H_nokl_overfit,61,0.0016058889421401545,4.376630903760431e-05,macro_dataset_auroc,0.73,0.73,0.45,0.4,0.967016770664355
run_dfd_supervised_3d_t8_k3_H_nokl_overfit,62,0.0009604755934560672,4.157799358572409e-05,macro_dataset_auroc,0.73,0.73,0.45,0.4,0.9678970672360706
run_dfd_supervised_3d_t8_k3_H_nokl_overfit,63,0.0010643714311299845,3.9499093906437885e-05,macro_dataset_auroc,0.73,0.73,0.45,0.4,0.9111206979114309
run_dfd_supervised_3d_t8_k3_H_nokl_overfit,64,0.0009741301881149411,3.752413921111599e-05,macro_dataset_auroc,0.73,0.73,0.45,0.4,0.9067535600130742
run_dfd_supervised_3d_t8_k3_H_nokl_overfit,65,0.0009484107373282314,3.564793225056019e-05,macro_dataset_auroc,0.73,0.73,0.45,0.4,0.9021510871552557
run_dfd_supervised_3d_t8_k3_H_nokl_overfit,66,0.0011813709628768266,3.3865535638032174e-05,macro_dataset_auroc,0.73,0.73,0.45,0.4,0.9987425454750376
run_dfd_supervised_3d_t8_k3_H_nokl_overfit,67,0.0009289256209740415,3.2172258856130564e-05,macro_dataset_auroc,0.73,0.73,0.45,0.4,1.2931185265571545
run_dfd_supervised_3d_t8_k3_H_nokl_overfit,68,0.0013803403620840982,3.056364591332403e-05,macro_dataset_auroc,0.73,0.73,0.45,0.4,0.8438931050865767
run_dfd_supervised_3d_t8_k3_H_nokl_overfit,69,0.0013291413721162825,2.903546361765783e-05,macro_dataset_auroc,0.73,0.73,0.45,0.4,0.9962641545543166
run_dfd_supervised_3d_t8_k3_H_nokl_overfit,70,0.0010946351540042087,2.758369043677494e-05,macro_dataset_auroc,0.73,0.73,0.45,0.4,0.8613457652867547
run_dfd_supervised_3d_t8_k3_H_nokl_overfit,71,0.001049593774951063,2.620450591493619e-05,macro_dataset_auroc,0.73,0.73,0.45,0.4,1.0227673105899495
run_dfd_supervised_3d_t8_k3_H_nokl_overfit,72,0.0010800343676237389,2.489428061918938e-05,macro_dataset_auroc,0.73,0.73,0.45,0.4,1.1529966269110103
run_dfd_supervised_3d_t8_k3_H_nokl_overfit,73,0.0012504769983934239,2.364956658822991e-05,macro_dataset_auroc,0.73,0.73,0.45,0.4,0.919340734290717
run_dfd_supervised_3d_t8_k3_H_nokl_overfit,74,0.000923674285877496,2.2467088258818413e-05,macro_dataset_auroc,0.73,0.73,0.45,0.4,1.1279997309435505
run_dfd_supervised_3d_t8_k3_H_nokl_overfit,75,0.0009468755102716387,2.134373384587749e-05,macro_dataset_auroc,0.73,0.73,0.45,0.4,0.9031032010065676
run_dfd_supervised_3d_t8_k3_H_nokl_overfit,76,0.0009780720254639163,2.0276547153583614e-05,macro_dataset_auroc,0.73,0.73,0.45,0.4,1.1027311752544182
run_dfd_supervised_3d_t8_k3_H_nokl_overfit,77,0.0010441281832754613,1.9262719795904432e-05,macro_dataset_auroc,0.73,0.73,0.45,0.4,0.960312563953897
run_dfd_supervised_3d_t8_k3_H_nokl_overfit,78,0.000968637436744757,1.829958380610921e-05,macro_dataset_auroc,0.73,0.73,0.45,0.4,0.9153103837336424
run_dfd_supervised_3d_t8_k3_H_nokl_overfit,79,0.0013544009503675624,1.738460461580375e-05,macro_dataset_auroc,0.73,0.73,0.45,0.4,0.9253318331809884
run_dfd_supervised_3d_t8_k3_H_nokl_overfit,80,0.0009582932660123333,1.6515374385013564e-05,macro_dataset_auroc,0.73,0.73,0.45,0.4,0.918977556697648
run_dfd_supervised_3d_t8_k3_H_nokl_overfit,81,0.001184328304952942,1.5689605665762886e-05,macro_dataset_auroc,0.73,0.73,0.45,0.4,0.9365680449985968
run_dfd_supervised_3d_t8_k3_H_nokl_overfit,82,0.0010605396673781797,1.490512538247474e-05,macro_dataset_auroc,0.73,0.73,0.45,0.4,1.173841809134899
run_dfd_supervised_3d_t8_k3_H_nokl_overfit,83,0.0011864268220961095,1.4159869113351003e-05,macro_dataset_auroc,0.73,0.73,0.45,0.4,1.07467767267393
run_dfd_supervised_3d_t8_k3_H_nokl_overfit,84,0.0009073273424291984,1.3451875657683452e-05,macro_dataset_auroc,0.73,0.73,0.45,0.4,1.0132989170846534
run_dfd_supervised_3d_t8_k3_H_nokl_overfit,85,0.001015030173584819,1.277928187479928e-05,macro_dataset_auroc,0.73,0.73,0.45,0.4,0.9597112345676201
run_dfd_supervised_3d_t8_k3_H_nokl_overfit,86,0.0010074830701341853,1.2140317781059316e-05,macro_dataset_auroc,0.73,0.73,0.45,0.4,1.0101842836456107
run_dfd_supervised_3d_t8_k3_H_nokl_overfit,87,0.0012715546879917383,1.153330189200635e-05,macro_dataset_auroc,0.73,0.73,0.45,0.4,0.8697325368027153
run_dfd_supervised_3d_t8_k3_H_nokl_overfit,88,0.000936065090354532,1.0956636797406032e-05,macro_dataset_auroc,0.73,0.73,0.45,0.4,0.9220992757505997
run_dfd_supervised_3d_t8_k3_H_nokl_overfit,89,0.0008947777969297022,1.0408804957535729e-05,macro_dataset_auroc,0.73,0.73,0.45,0.4,0.8028057615343092
run_dfd_supervised_3d_t8_k3_H_nokl_overfit,90,0.0010057604493340477,9.888364709658941e-06,macro_dataset_auroc,0.73,0.73,0.45,0.4,1.0517537460115458
run_dfd_supervised_3d_t8_k3_H_nokl_overfit,91,0.00098596028983593,9.393946474175994e-06,macro_dataset_auroc,0.73,0.73,0.45,0.4,0.9353000483397583
run_dfd_supervised_3d_t8_k3_H_nokl_overfit,92,0.0009548123634885997,8.924249150467194e-06,macro_dataset_auroc,0.73,0.73,0.45,0.4,0.9102373024725995
run_dfd_supervised_3d_t8_k3_H_nokl_overfit,93,0.0011096902191638947,8.478036692943835e-06,macro_dataset_auroc,0.73,0.73,0.45,0.4,1.0489914798689521
run_dfd_supervised_3d_t8_k3_H_nokl_overfit,94,0.0008995679119834677,8.054134858296643e-06,macro_dataset_auroc,0.73,0.73,0.45,0.4,0.9691145770473552
run_dfd_supervised_3d_t8_k3_H_nokl_overfit,95,0.0009433129423996433,7.65142811538181e-06,macro_dataset_auroc,0.73,0.73,0.45,0.4,1.0491580796976676
run_dfd_supervised_3d_t8_k3_H_nokl_overfit,96,0.0009646955411881208,7.26885670961272e-06,macro_dataset_auroc,0.73,0.73,0.45,0.4,0.969477334071944
run_dfd_supervised_3d_t8_k3_H_nokl_overfit,97,0.0009735596424434334,6.905413874132084e-06,macro_dataset_auroc,0.73,0.73,0.45,0.4,0.9010658864982161
run_dfd_supervised_3d_t8_k3_H_nokl_overfit,98,0.0009685363620519638,6.5601431804254795e-06,macro_dataset_auroc,0.73,0.73,0.45,0.4,1.0045325182520435
run_dfd_supervised_3d_t8_k3_H_nokl_overfit,99,0.000989295227918774,6.232136021404205e-06,macro_dataset_auroc,0.73,0.73,0.45,0.4,0.9126719429732875
run_dfd_supervised_3d_t8_k3_H_nokl_overfit,100,0.0009732720995089039,5.920529220333994e-06,macro_dataset_auroc,0.73,0.73,0.45,0.4,1.1073790155267795
run_dfd_supervised_3d_t8_k3_H_nokl_overfit,101,0.0011693541397107764,5.624502759317295e-06,macro_dataset_auroc,0.73,0.73,0.45,0.4,0.976939630118687
run_dfd_supervised_3d_t8_k3_H_nokl_overfit,102,0.0014143684878945352,5.34327762135143e-06,macro_dataset_auroc,0.73,0.73,0.45,0.4,1.0823794940551443
run_dfd_supervised_3d_t8_k3_H_nokl_overfit,103,0.0013791361881885678,5.076113740283858e-06,macro_dataset_auroc,0.73,0.73,0.45,0.4,0.8631860311790784
run_dfd_supervised_3d_t8_k3_H_nokl_overfit,104,0.0009594802191713825,4.8223080532696655e-06,macro_dataset_auroc,0.73,0.73,0.45,0.4,1.0710868593565606
run_dfd_supervised_3d_t8_k3_H_nokl_overfit,105,0.0010843777796253561,4.581192650606182e-06,macro_dataset_auroc,0.73,0.73,0.45,0.4,0.7893685243453382
run_dfd_supervised_3d_t8_k3_H_nokl_overfit,106,0.0010106288187671452,4.3521330180758725e-06,macro_dataset_auroc,0.73,0.73,0.45,0.4,0.9981584792987762
run_dfd_supervised_3d_t8_k3_H_nokl_overfit,107,0.000997758866287768,4.1345263671720786e-06,macro_dataset_auroc,0.73,0.73,0.45,0.4,0.9159951796254724
run_dfd_supervised_3d_t8_k3_H_nokl_overfit,108,0.0012916648003738374,3.927800048813474e-06,macro_dataset_auroc,0.73,0.73,0.45,0.4,0.8938098277420682
run_dfd_supervised_3d_t8_k3_H_nokl_overfit,109,0.0012938173866132274,3.7314100463728006e-06,macro_dataset_auroc,0.73,0.73,0.45,0.4,0.7676954413565373
run_dfd_supervised_3d_t8_k3_H_nokl_overfit,110,0.0010380725230788811,3.5448395440541604e-06,macro_dataset_auroc,0.73,0.73,0.45,0.4,0.8543476906382901
run_dfd_supervised_3d_t8_k3_H_nokl_overfit,111,0.000974373344797641,3.3675975668514524e-06,macro_dataset_auroc,0.73,0.73,0.45,0.4,1.0543911435791187
run_dfd_supervised_3d_t8_k3_H_nokl_overfit,112,0.0009763360285433009,3.1992176885088796e-06,macro_dataset_auroc,0.73,0.73,0.45,0.4,0.7685164665521411
run_dfd_supervised_3d_t8_k3_H_nokl_overfit,113,0.0009435536398086697,3.0392568040834356e-06,macro_dataset_auroc,0.73,0.73,0.45,0.4,0.974393503181511
run_dfd_supervised_3d_t8_k3_H_nokl_overfit,114,0.001120902970433235,2.8872939638792635e-06,macro_dataset_auroc,0.73,0.73,0.45,0.4,1.0048623251081088
run_dfd_supervised_3d_t8_k3_H_nokl_overfit,115,0.001030236907536164,2.7429292656853003e-06,macro_dataset_auroc,0.73,0.73,0.45,0.4,0.9386345245311983
run_dfd_supervised_3d_t8_k3_H_nokl_overfit,116,0.0012790137494448572,2.605782802401035e-06,macro_dataset_auroc,0.73,0.73,0.45,0.4,1.1267232623186298
run_dfd_supervised_3d_t8_k3_H_nokl_overfit,117,0.000999688424053602,2.475493662280983e-06,macro_dataset_auroc,0.73,0.73,0.45,0.4,1.2835720307652811
run_dfd_supervised_3d_t8_k3_H_nokl_overfit,118,0.001081826671725139,2.351718979166934e-06,macro_dataset_auroc,0.73,0.73,0.45,0.4,0.7940129727812474
run_dfd_supervised_3d_t8_k3_H_nokl_overfit,119,0.0010645111906342208,2.234133030208587e-06,macro_dataset_auroc,0.73,0.73,0.45,0.4,0.7594186952566997
run_dfd_supervised_3d_t8_k3_H_nokl_overfit,120,0.0010118644160684199,2.1224263786981576e-06,macro_dataset_auroc,0.73,0.73,0.45,0.4,0.9017619547884262
run_dfd_supervised_3d_t8_k3_H_nokl_overfit,121,0.0010153863724553958,2.0163050597632494e-06,macro_dataset_auroc,0.73,0.73,0.45,0.4,0.9940009089795121
run_dfd_supervised_3d_t8_k3_H_nokl_overfit,122,0.000905541330575943,1.915489806775087e-06,macro_dataset_auroc,0.73,0.73,0.45,0.4,0.8976867969610373
run_dfd_supervised_3d_t8_k3_H_nokl_overfit,123,0.0009943410841515288,1.8197153164363325e-06,macro_dataset_auroc,0.73,0.73,0.45,0.4,0.885807404934518
run_dfd_supervised_3d_t8_k3_H_nokl_overfit,124,0.0009809511073399335,1.7287295506145157e-06,macro_dataset_auroc,0.73,0.73,0.45,0.4,1.041447829601092
run_dfd_supervised_3d_t8_k3_H_nokl_overfit,125,0.0009787145972950384,1.6422930730837899e-06,macro_dataset_auroc,0.73,0.73,0.45,0.4,0.9180429381290083
run_dfd_supervised_3d_t8_k3_H_nokl_overfit,126,0.001296485957573168,1.5601784194296004e-06,macro_dataset_auroc,0.73,0.73,0.45,0.4,0.8849385837791627
run_dfd_supervised_3d_t8_k3_H_nokl_overfit,127,0.001028067446895875,1.4821694984581202e-06,macro_dataset_auroc,0.73,0.73,0.45,0.4,0.8406890564725837
run_dfd_supervised_3d_t8_k3_H_nokl_overfit,128,0.0010825072589796037,1.4080610235352142e-06,macro_dataset_auroc,0.73,0.73,0.45,0.4,1.0004852497427676
run_dfd_supervised_3d_t8_k3_H_nokl_overfit,129,0.0009504872519755736,1.3376579723584535e-06,macro_dataset_auroc,0.73,0.73,0.45,0.4,1.1604616718795118
run_dfd_supervised_3d_t8_k3_H_nokl_overfit,130,0.0012498611060436815,1.2707750737405307e-06,macro_dataset_auroc,0.73,0.73,0.45,0.4,1.0211623817322621
run_dfd_supervised_3d_t8_k3_H_nokl_overfit,131,0.001422583794919774,1.2072363200535042e-06,macro_dataset_auroc,0.73,0.73,0.45,0.4,0.7872486854102326
run_dfd_supervised_3d_t8_k3_H_nokl_overfit,132,0.0009632043918827548,1.146874504050829e-06,macro_dataset_auroc,0.73,0.73,0.45,0.4,0.8721530133407693
run_dfd_supervised_3d_t8_k3_H_nokl_overfit,133,0.0008947358524892479,1.0895307788482876e-06,macro_dataset_auroc,0.73,0.73,0.45,0.4,0.9217194619553887
run_dfd_supervised_3d_t8_k3_H_nokl_overfit,134,0.000989449949702248,1.0350542399058731e-06,macro_dataset_auroc,0.73,0.73,0.45,0.4,0.9882999198016141
run_dfd_supervised_3d_t8_k3_H_nokl_overfit,135,0.0013824695284711196,9.833015279105794e-07,macro_dataset_auroc,0.73,0.73,0.45,0.4,0.9549186208975197
run_dfd_supervised_3d_t8_k3_H_nokl_overfit,136,0.0009747766831424088,9.341364515150503e-07,macro_dataset_auroc,0.73,0.73,0.45,0.4,1.0668115694931581
run_dfd_supervised_3d_t8_k3_H_nokl_overfit,137,0.0011564596527023241,8.874296289392978e-07,macro_dataset_auroc,0.73,0.73,0.45,0.4,1.050774931941425
run_dfd_supervised_3d_t8_k3_H_nokl_overfit,138,0.0010692879586713389,8.430581474923329e-07,macro_dataset_auroc,0.73,0.73,0.45,0.4,0.947114893709495
run_dfd_supervised_3d_t8_k3_H_nokl_overfit,139,0.0009257866331608966,8.009052401177162e-07,macro_dataset_auroc,0.73,0.73,0.45,0.4,1.136003532738833
run_dfd_supervised_3d_t8_k3_H_nokl_overfit,140,0.000980631192214787,7.608599781118303e-07,macro_dataset_auroc,0.73,0.73,0.45,0.4,0.9081426195227638
run_dfd_supervised_3d_t8_k3_H_nokl_overfit,141,0.0011612072528805583,7.228169792062388e-07,macro_dataset_auroc,0.73,0.73,0.45,0.4,0.8820803848407114
run_dfd_supervised_3d_t8_k3_H_nokl_overfit,142,0.0009688550955615938,6.866761302459269e-07,macro_dataset_auroc,0.73,0.73,0.45,0.4,0.813083177592503
run_dfd_supervised_3d_t8_k3_H_nokl_overfit,143,0.001006445853272453,6.523423237336305e-07,macro_dataset_auroc,0.73,0.73,0.45,0.4,0.9367706093770961
run_dfd_supervised_3d_t8_k3_H_nokl_overfit,144,0.0009350337233627215,6.197252075469489e-07,macro_dataset_auroc,0.73,0.73,0.45,0.4,1.0001909425099187
run_dfd_supervised_3d_t8_k3_H_nokl_overfit,145,0.0009261528350180015,5.887389471696014e-07,macro_dataset_auroc,0.73,0.73,0.45,0.4,0.9307982700165132
run_dfd_supervised_3d_t8_k3_H_nokl_overfit,146,0.001039695818326436,5.593019998111213e-07,macro_dataset_auroc,0.73,0.73,0.45,0.4,0.777344041774114
run_dfd_supervised_3d_t8_k3_H_nokl_overfit,147,0.000994434379390441,5.313368998205652e-07,macro_dataset_auroc,0.73,0.73,0.45,0.4,1.0618862111143905
run_dfd_supervised_3d_t8_k3_H_nokl_overfit,148,0.0009236038342351094,5.047700548295369e-07,macro_dataset_auroc,0.73,0.73,0.45,0.4,1.0010419003567643
run_dfd_supervised_3d_t8_k3_H_nokl_overfit,149,0.001129383794614114,4.7953155208806e-07,macro_dataset_auroc,0.73,0.73,0.45,0.4,1.0977156656450515
run_dfd_supervised_3d_t8_k3_H_nokl_overfit,150,0.0009410423983354122,4.55554974483657e-07,macro_dataset_auroc,0.73,0.73,0.45,0.4,1.2606574828956107
run_dfd_supervised_3d_t8_k3_I_scale100_overfit,1,6.981806375272572,0.00095,macro_dataset_auroc,0.6467,0.6467,0.39,0.11,6.521903905793218e-07
run_dfd_supervised_3d_t8_k3_I_scale100_overfit,2,0.7829234313964843,0.0009025,macro_dataset_auroc,0.6474,0.6474,0.38,0.12,1.2281567535077243e-06
run_dfd_supervised_3d_t8_k3_I_scale100_overfit,3,0.7816071552038193,0.000857375,macro_dataset_auroc,0.6575,0.6575,0.395,0.14,2.677305292753624e-06
run_dfd_supervised_3d_t8_k3_I_scale100_overfit,4,0.7840647253394127,0.0008145062499999999,macro_dataset_auroc,0.6638,0.6638,0.375,0.1,4.413644858192915e-06
run_dfd_supervised_3d_t8_k3_I_scale100_overfit,5,0.8730387510359288,0.0007737809374999998,macro_dataset_auroc,0.4216,0.4216,0.54,0.06,1.5607100035114566e-07
run_dfd_supervised_3d_t8_k3_I_scale100_overfit,6,0.7822992739081382,0.0007350918906249997,macro_dataset_auroc,0.4552,0.4552,0.52,0.05,9.988619097378249e-07
run_dfd_supervised_3d_t8_k3_I_scale100_overfit,7,0.7870209896564484,0.0006983372960937497,macro_dataset_auroc,0.5788000000000001,0.5788000000000001,0.45499999999999996,0.03,0.00010566521901140309
run_dfd_supervised_3d_t8_k3_I_scale100_overfit,8,0.7894329081475735,0.0006634204312890621,macro_dataset_auroc,0.4973,0.4973,0.515,0.03,3.612460071127571e-06
run_dfd_supervised_3d_t8_k3_I_scale100_overfit,9,0.8374875314533711,0.000630249409724609,macro_dataset_auroc,0.5749,0.5749,0.44499999999999995,0.11,0.0003270150346901865
run_dfd_supervised_3d_t8_k3_I_scale100_overfit,10,0.7856234320998192,0.0005987369392383785,macro_dataset_auroc,0.5975,0.5975,0.42999999999999994,0.11,1.8954138512435373e-06
run_dfd_supervised_3d_t8_k3_I_scale100_overfit,11,0.7836565226316452,0.0005688000922764595,macro_dataset_auroc,0.6476999999999999,0.6476999999999999,0.41500000000000004,0.11,3.090800149554611e-07
run_dfd_supervised_3d_t8_k3_I_scale100_overfit,12,0.7855581730604172,0.0005403600876626365,macro_dataset_auroc,0.6413000000000001,0.6413000000000001,0.4,0.11,1.2787623858595137e-06
run_dfd_supervised_3d_t8_k3_I_scale100_overfit,13,0.8463421526551247,0.0005133420832795047,macro_dataset_auroc,0.5714999999999999,0.5714999999999999,0.44499999999999995,0.09,1.0915960323482089e-07
run_dfd_supervised_3d_t8_k3_I_scale100_overfit,14,0.7853710275888443,0.00048767497911552944,macro_dataset_auroc,0.5564,0.5564,0.475,0.09,3.688790537496965e-07
run_dfd_supervised_3d_t8_k3_I_scale100_overfit,15,0.783996242582798,0.00046329123015975297,macro_dataset_auroc,0.5545,0.5545,0.43000000000000005,0.03,3.475919051817383e-08
run_dfd_supervised_3d_t8_k3_I_scale100_overfit,16,0.7828910699486733,0.0004401266686517653,macro_dataset_auroc,0.5823,0.5823,0.43499999999999994,0.07,1.5014783113008331e-05
run_dfd_supervised_3d_t8_k3_I_scale100_overfit,17,0.8249237668141722,0.00041812033521917703,macro_dataset_auroc,0.5719000000000001,0.5719000000000001,0.44999999999999996,0.08,1.66210904461699e-08
run_dfd_supervised_3d_t8_k3_I_scale100_overfit,18,0.7867729508876801,0.00039721431845821814,macro_dataset_auroc,0.5817000000000001,0.5817000000000001,0.45499999999999996,0.18,3.790023489970973e-08
run_dfd_supervised_3d_t8_k3_I_scale100_overfit,19,0.783824887573719,0.0003773536025353072,macro_dataset_auroc,0.5748,0.5748,0.43999999999999995,0.1,2.20451088547119e-07
run_dfd_supervised_3d_t8_k3_I_scale100_overfit,20,0.7821817380189896,0.0003584859224085418,macro_dataset_auroc,0.5840000000000001,0.5840000000000001,0.45999999999999996,0.14,7.803280763557168e-06
run_dfd_supervised_3d_t8_k3_I_scale100_overfit,21,0.7857243409752845,0.0003405616262881147,macro_dataset_auroc,0.57565,0.57565,0.46499999999999997,0.11,2.323143452961583e-09
run_dfd_supervised_3d_t8_k3_I_scale100_overfit,22,0.783613851070404,0.00032353354497370894,macro_dataset_auroc,0.5726000000000002,0.5726000000000002,0.46499999999999997,0.12,3.8691698619546534e-09
run_dfd_supervised_3d_t8_k3_I_scale100_overfit,23,0.7824330276250839,0.00030735686772502346,macro_dataset_auroc,0.5293,0.5293,0.47,0.1,1.3515737390458835e-08
run_dfd_supervised_3d_t8_k3_I_scale100_overfit,24,0.7815961277484894,0.00029198902433877225,macro_dataset_auroc,0.5814999999999999,0.5814999999999999,0.43000000000000005,0.09,1.1415141929731943e-06
run_dfd_supervised_3d_t8_k3_I_scale100_overfit,25,0.7814007705450058,0.00027738957312183364,macro_dataset_auroc,0.5851,0.5851,0.42000000000000004,0.11,8.495339438641268e-06
run_dfd_supervised_3d_t8_k3_I_scale100_overfit,26,0.8265973855182529,0.0002635200944657419,macro_dataset_auroc,0.5272000000000001,0.5272000000000001,0.48,0.02,1.7627270014445916e-06
run_dfd_supervised_3d_t8_k3_I_scale100_overfit,27,0.7869758474826812,0.0002503440897424548,macro_dataset_auroc,0.42360000000000003,0.42360000000000003,0.5800000000000001,0.03,1.627684182350266e-05
run_dfd_supervised_3d_t8_k3_I_scale100_overfit,28,0.7760261998698116,0.00023782688525533205,macro_dataset_auroc,0.4773,0.4773,0.485,0.04,0.0050136412043100265
run_dfd_supervised_3d_t8_k3_I_scale100_overfit,29,0.7770090582966804,0.00022593554099256544,macro_dataset_auroc,0.5018,0.5018,0.46499999999999997,0.06,0.0024391323353466408
run_dfd_supervised_3d_t8_k3_I_scale100_overfit,30,0.7746505402028561,0.00021463876394293716,macro_dataset_auroc,0.40265,0.40265,0.55,0.04,0.047127224538619596
run_dfd_supervised_3d_t8_k3_J_lr1e4_overfit,1,2.374950106330216,9.5e-05,macro_dataset_auroc,0.629,0.629,0.42000000000000004,0.11,0.3881098060922687
run_dfd_supervised_3d_t8_k3_J_lr1e4_overfit,2,1.5640120154246688,9.025e-05,macro_dataset_auroc,0.4953,0.4953,0.515,0.12,0.26710998175194334
run_dfd_supervised_3d_t8_k3_J_lr1e4_overfit,3,1.2779863542690872,8.573749999999999e-05,macro_dataset_auroc,0.5589000000000001,0.5589000000000001,0.48,0.07,0.18318434333881567
run_dfd_supervised_3d_t8_k3_J_lr1e4_overfit,4,1.2240079157426953,8.145062499999998e-05,macro_dataset_auroc,0.6061000000000001,0.6061000000000001,0.41500000000000004,0.14,0.20874877965173025
run_dfd_supervised_3d_t8_k3_J_lr1e4_overfit,5,1.112631263099611,7.737809374999998e-05,macro_dataset_auroc,0.6837,0.6837,0.36,0.21,0.13964137592548184
run_dfd_supervised_3d_t8_k3_J_lr1e4_overfit,6,0.9325448619574308,7.350918906249998e-05,macro_dataset_auroc,0.7089,0.7089,0.35,0.18,0.18457299275345312
run_dfd_supervised_3d_t8_k3_J_lr1e4_overfit,7,0.8602105592563748,6.983372960937497e-05,macro_dataset_auroc,0.6588999999999999,0.6588999999999999,0.37,0.09,0.2011247952938301
run_dfd_supervised_3d_t8_k3_J_lr1e4_overfit,8,0.7793505292758346,6.634204312890622e-05,macro_dataset_auroc,0.7064999999999999,0.7064999999999999,0.33999999999999997,0.1,0.272109958504608
run_dfd_supervised_3d_t8_k3_J_lr1e4_overfit,9,0.6004476136341691,6.30249409724609e-05,macro_dataset_auroc,0.7167999999999999,0.7167999999999999,0.31999999999999995,0.11,0.26142227548293856
run_dfd_supervised_3d_t8_k3_J_lr1e4_overfit,10,0.5974067172780633,5.987369392383786e-05,macro_dataset_auroc,0.6697,0.6697,0.33499999999999996,0.1,0.26898296138988853
run_dfd_supervised_3d_t8_k3_J_lr1e4_overfit,11,0.5004417392984033,5.688000922764596e-05,macro_dataset_auroc,0.6566,0.6566,0.365,0.08,0.40636650309182015
run_dfd_supervised_3d_t8_k3_J_lr1e4_overfit,12,0.4345476450026035,5.4036008766263664e-05,macro_dataset_auroc,0.6880000000000001,0.6880000000000001,0.38,0.11,0.31105892608441554
run_dfd_supervised_3d_t8_k3_J_lr1e4_overfit,13,0.43746132057160136,5.133420832795048e-05,macro_dataset_auroc,0.6884,0.6884,0.32999999999999996,0.08,0.2813139516943106
run_dfd_supervised_3d_t8_k3_J_lr1e4_overfit,14,0.40693720992654564,4.876749791155295e-05,macro_dataset_auroc,0.6684,0.6684,0.37,0.07,0.28505270403622923
run_dfd_supervised_3d_t8_k3_J_lr1e4_overfit,15,0.35913888409733774,4.6329123015975305e-05,macro_dataset_auroc,0.6536,0.6536,0.37,0.03,0.3043304175460123
run_dfd_supervised_3d_t8_k3_J_lr1e4_overfit,16,0.3161285136640072,4.4012666865176535e-05,macro_dataset_auroc,0.6225,0.6225,0.4,0.03,0.3466080169556732
run_dfd_supervised_3d_t8_k3_J_lr1e4_overfit,17,0.32104654878377914,4.181203352191771e-05,macro_dataset_auroc,0.6537,0.6537,0.37,0.04,0.33059438859730317
run_dfd_supervised_3d_t8_k3_J_lr1e4_overfit,18,0.21847740754485132,3.972143184582182e-05,macro_dataset_auroc,0.6593,0.6593,0.36,0.04,0.35149983618551967
run_dfd_supervised_3d_t8_k3_J_lr1e4_overfit,19,0.17326310958713292,3.7735360253530726e-05,macro_dataset_auroc,0.6414,0.6414,0.37,0.03,0.37158315611007076
run_dfd_supervised_3d_t8_k3_J_lr1e4_overfit,20,0.16449864905327558,3.584859224085419e-05,macro_dataset_auroc,0.6414,0.6414,0.4,0.04,0.42288918936342523
run_dfd_supervised_3d_t8_k3_J_lr1e4_overfit,21,0.18627399262040853,3.405616262881148e-05,macro_dataset_auroc,0.6496999999999999,0.6496999999999999,0.4,0.04,0.4079189789011476
run_dfd_supervised_3d_t8_k3_J_lr1e4_overfit,22,0.14509264260530472,3.2353354497370904e-05,macro_dataset_auroc,0.6498,0.6498,0.405,0.09,0.4358761895848848
run_dfd_supervised_3d_t8_k3_J_lr1e4_overfit,23,0.150389057174325,3.0735686772502355e-05,macro_dataset_auroc,0.6476000000000001,0.6476000000000001,0.39,0.05,0.4216195136046424
run_dfd_supervised_3d_t8_k3_J_lr1e4_overfit,24,0.15229471031576394,2.9198902433877236e-05,macro_dataset_auroc,0.653,0.653,0.38,0.06,0.45629938212406657
run_dfd_supervised_3d_t8_k3_J_lr1e4_overfit,25,0.11803840558975935,2.7738957312183373e-05,macro_dataset_auroc,0.6503,0.6503,0.385,0.04,0.4510236241341906
run_dfd_supervised_3d_t8_k3_J_lr1e4_overfit,26,0.12295788623392583,2.6352009446574204e-05,macro_dataset_auroc,0.6616,0.6616,0.38,0.04,0.4609022496043425
run_dfd_supervised_3d_t8_k3_J_lr1e4_overfit,27,0.13575320038944483,2.5034408974245492e-05,macro_dataset_auroc,0.6517,0.6517,0.39,0.05,0.4478921729716134
run_dfd_supervised_3d_t8_k3_J_lr1e4_overfit,28,0.13979814056307077,2.3782688525533216e-05,macro_dataset_auroc,0.6537,0.6537,0.375,0.05,0.4895780609747299
run_dfd_supervised_3d_t8_k3_J_lr1e4_overfit,29,0.1223672480136156,2.2593554099256555e-05,macro_dataset_auroc,0.6405,0.6405,0.385,0.05,0.4776010003942113
run_dfd_supervised_3d_t8_k3_J_lr1e4_overfit,30,0.1257586070150137,2.1463876394293726e-05,macro_dataset_auroc,0.6335999999999999,0.6335999999999999,0.37,0.06,0.49767219546963715
run_dfd_supervised_3d_t8_k3_K_relu_lr1e4_overfit,1,2.9932502184435723,9.5e-05,macro_dataset_auroc,0.5653999999999999,0.5653999999999999,0.43000000000000005,0.07,0.8793468699738702
run_dfd_supervised_3d_t8_k3_K_relu_lr1e4_overfit,2,1.739099100753665,9.025e-05,macro_dataset_auroc,0.6293,0.6293,0.405,0.08,1.2020662584381907
run_dfd_supervised_3d_t8_k3_K_relu_lr1e4_overfit,3,1.3129286784678698,8.573749999999999e-05,macro_dataset_auroc,0.6223000000000001,0.6223000000000001,0.42000000000000004,0.12,1.0573070914444973
run_dfd_supervised_3d_t8_k3_K_relu_lr1e4_overfit,4,1.2516267584636807,8.145062499999998e-05,macro_dataset_auroc,0.6319,0.6319,0.37,0.06,1.08858868360688
run_dfd_supervised_3d_t8_k3_K_relu_lr1e4_overfit,5,0.7203817793726921,7.737809374999998e-05,macro_dataset_auroc,0.6727,0.6727,0.405,0.21,1.2602681856226223
run_dfd_supervised_3d_t8_k3_K_relu_lr1e4_overfit,6,0.5760952070727945,7.350918906249998e-05,macro_dataset_auroc,0.6593,0.6593,0.38,0.09,1.0655044871390265
run_dfd_supervised_3d_t8_k3_K_relu_lr1e4_overfit,7,0.3801845549792051,6.983372960937497e-05,macro_dataset_auroc,0.6415000000000001,0.6415000000000001,0.43000000000000005,0.07,1.0251200770806626
run_dfd_supervised_3d_t8_k3_K_relu_lr1e4_overfit,8,0.4344460316374898,6.634204312890622e-05,macro_dataset_auroc,0.6509,0.6509,0.395,0.06,0.9951858302972725
run_dfd_supervised_3d_t8_k3_K_relu_lr1e4_overfit,9,0.3981256318092346,6.30249409724609e-05,macro_dataset_auroc,0.6764,0.6764,0.365,0.21,1.424949617730528
run_dfd_supervised_3d_t8_k3_K_relu_lr1e4_overfit,10,0.24823412965983152,5.987369392383786e-05,macro_dataset_auroc,0.6338999999999999,0.6338999999999999,0.395,0.14,1.4946330507285301
run_dfd_supervised_3d_t8_k3_K_relu_lr1e4_overfit,11,0.2055684194713831,5.688000922764596e-05,macro_dataset_auroc,0.6349,0.6349,0.4,0.11,1.2354605412124409
run_dfd_supervised_3d_t8_k3_K_relu_lr1e4_overfit,12,0.2531786868721247,5.4036008766263664e-05,macro_dataset_auroc,0.6197,0.6197,0.395,0.06,1.3173259560053374
run_dfd_supervised_3d_t8_k3_K_relu_lr1e4_overfit,13,0.25549268033355477,5.133420832795048e-05,macro_dataset_auroc,0.6271,0.6271,0.42000000000000004,0.11,0.9680858919815298
run_dfd_supervised_3d_t8_k3_K_relu_lr1e4_overfit,14,0.2713992177695036,4.876749791155295e-05,macro_dataset_auroc,0.6355999999999999,0.6355999999999999,0.42500000000000004,0.17,1.4797809710768202
run_dfd_supervised_3d_t8_k3_K_relu_lr1e4_overfit,15,0.22498026210814714,4.6329123015975305e-05,macro_dataset_auroc,0.6164,0.6164,0.43000000000000005,0.06,1.105107857096131
run_dfd_supervised_3d_t8_k3_K_relu_lr1e4_overfit,16,0.18698865868151188,4.4012666865176535e-05,macro_dataset_auroc,0.5958000000000001,0.5958000000000001,0.43500000000000005,0.04,1.3547872836338182
run_dfd_supervised_3d_t8_k3_K_relu_lr1e4_overfit,17,0.2114500007033348,4.181203352191771e-05,macro_dataset_auroc,0.6065,0.6065,0.43999999999999995,0.1,1.1673549534750802
run_dfd_supervised_3d_t8_k3_K_relu_lr1e4_overfit,18,0.20922114208340645,3.972143184582182e-05,macro_dataset_auroc,0.6479999999999999,0.6479999999999999,0.43500000000000005,0.11,1.2473438214925974
run_dfd_supervised_3d_t8_k3_K_relu_lr1e4_overfit,19,0.2120381585881114,3.7735360253530726e-05,macro_dataset_auroc,0.6308,0.6308,0.42000000000000004,0.13,1.3567855464253604
run_dfd_supervised_3d_t8_k3_K_relu_lr1e4_overfit,20,0.14636125668883324,3.584859224085419e-05,macro_dataset_auroc,0.6211,0.6211,0.41500000000000004,0.06,1.4853073409980384
run_dfd_supervised_3d_t8_k3_K_relu_lr1e4_overfit,21,0.12184745155274868,3.405616262881148e-05,macro_dataset_auroc,0.6178999999999999,0.6178999999999999,0.44999999999999996,0.08,1.2112621163366801
run_dfd_supervised_3d_t8_k3_K_relu_lr1e4_overfit,22,0.10371968396008015,3.2353354497370904e-05,macro_dataset_auroc,0.6218,0.6218,0.42000000000000004,0.06,1.250901852097468
run_dfd_supervised_3d_t8_k3_K_relu_lr1e4_overfit,23,0.1239822917059064,3.0735686772502355e-05,macro_dataset_auroc,0.6066,0.6066,0.44999999999999996,0.08,1.597891214885982
run_dfd_supervised_3d_t8_k3_K_relu_lr1e4_overfit,24,0.1387532276287675,2.9198902433877236e-05,macro_dataset_auroc,0.6032000000000001,0.6032000000000001,0.43999999999999995,0.07,1.5915329298436522
run_dfd_supervised_3d_t8_k3_K_relu_lr1e4_overfit,25,0.1341033462435007,2.7738957312183373e-05,macro_dataset_auroc,0.6223,0.6223,0.42500000000000004,0.06,1.4100632726188127
run_dfd_supervised_3d_t8_k3_K_relu_lr1e4_overfit,26,0.10174731954932213,2.6352009446574204e-05,macro_dataset_auroc,0.6209,0.6209,0.42000000000000004,0.08,1.2785070347610337
run_dfd_supervised_3d_t8_k3_K_relu_lr1e4_overfit,27,0.10967637032270432,2.5034408974245492e-05,macro_dataset_auroc,0.632,0.632,0.4,0.07,1.205524905960789
run_dfd_supervised_3d_t8_k3_K_relu_lr1e4_overfit,28,0.10359710682183504,2.3782688525533216e-05,macro_dataset_auroc,0.6122000000000001,0.6122000000000001,0.43000000000000005,0.05,1.5318074257190852
run_dfd_supervised_3d_t8_k3_K_relu_lr1e4_overfit,29,0.1010859702527523,2.2593554099256555e-05,macro_dataset_auroc,0.6157999999999999,0.6157999999999999,0.44999999999999996,0.08,1.1541449398779218
run_dfd_supervised_3d_t8_k3_K_relu_lr1e4_overfit,30,0.11505128752440213,2.1463876394293726e-05,macro_dataset_auroc,0.6054999999999999,0.6054999999999999,0.39,0.07,1.64431311821008
run_dfd_supervised_3d_t8_k3_L_gen_sigmoid_subset,1,2.3744565495476126,9.5e-05,macro_dataset_auroc,0.3803921568627451,0.3803921568627451,0.5830065359477123,0.0196078431372549,0.25224207416082195
run_dfd_supervised_3d_t8_k3_L_gen_sigmoid_subset,2,1.562376798428595,9.025e-05,macro_dataset_auroc,0.4723311546840958,0.4723311546840958,0.5202614379084967,0.0392156862745098,0.16839374605982765
run_dfd_supervised_3d_t8_k3_L_gen_sigmoid_subset,3,1.2746293418854475,8.573749999999999e-05,macro_dataset_auroc,0.5211328976034859,0.5211328976034859,0.48954248366013076,0.11764705882352941,0.12183516590403656
run_dfd_supervised_3d_t8_k3_L_gen_sigmoid_subset,4,1.2238528732210399,8.145062499999998e-05,macro_dataset_auroc,0.5965141612200435,0.5965141612200435,0.40588235294117647,0.0392156862745098,0.133870249830875
run_dfd_supervised_3d_t8_k3_L_gen_sigmoid_subset,5,1.1089750092849135,7.737809374999998e-05,macro_dataset_auroc,0.4967320261437909,0.4967320261437909,0.44901960784313727,0.0392156862745098,0.08168795840743769
run_dfd_supervised_3d_t8_k3_L_gen_sigmoid_subset,6,0.9277652557939291,7.350918906249998e-05,macro_dataset_auroc,0.5089324618736383,0.5089324618736383,0.5202614379084967,0.11764705882352941,0.11882219745394654
run_dfd_supervised_3d_t8_k3_L_gen_sigmoid_subset,7,0.8475057130306959,6.983372960937497e-05,macro_dataset_auroc,0.481917211328976,0.481917211328976,0.48823529411764705,0.058823529411764705,0.12637925886768336
run_dfd_supervised_3d_t8_k3_L_gen_sigmoid_subset,8,0.7706939187645913,6.634204312890622e-05,macro_dataset_auroc,0.5137254901960784,0.5137254901960784,0.46862745098039216,0.058823529411764705,0.17867117598410803
run_dfd_supervised_3d_t8_k3_L_gen_sigmoid_subset,9,0.5962782495096326,6.30249409724609e-05,macro_dataset_auroc,0.5159041394335513,0.5159041394335513,0.48954248366013076,0.09803921568627451,0.14311583534137517
run_dfd_supervised_3d_t8_k3_L_gen_sigmoid_subset,10,0.5980666401982307,5.987369392383786e-05,macro_dataset_auroc,0.5076252723311547,0.5076252723311547,0.4366013071895425,0.0392156862745098,0.15335666449869878
run_dfd_supervised_3d_t8_k3_L_gen_sigmoid_subset,11,0.5039074156433344,5.688000922764596e-05,macro_dataset_auroc,0.515032679738562,0.515032679738562,0.49084967320261436,0.0196078431372549,0.23706096910281027
run_dfd_supervised_3d_t8_k3_L_gen_sigmoid_subset,12,0.4441002111509442,5.4036008766263664e-05,macro_dataset_auroc,0.5198257080610021,0.5198257080610021,0.5117647058823529,0.058823529411764705,0.16980535751381173
run_dfd_supervised_3d_t8_k3_M_gen_relu_subset,1,2.9589257687330246,9.5e-05,macro_dataset_auroc,0.4409586056644881,0.4409586056644881,0.5313725490196078,0.058823529411764705,0.9654510680771845
run_dfd_supervised_3d_t8_k3_M_gen_relu_subset,2,1.9752010667324067,9.025e-05,macro_dataset_auroc,0.5372549019607843,0.5372549019607843,0.43790849673202614,0.0784313725490196,0.9139559056973527
run_dfd_supervised_3d_t8_k3_M_gen_relu_subset,3,1.5049428848922253,8.573749999999999e-05,macro_dataset_auroc,0.46928104575163393,0.46928104575163393,0.5313725490196078,0.0392156862745098,0.6652519150211346
run_dfd_supervised_3d_t8_k3_M_gen_relu_subset,4,1.1394573174789548,8.145062499999998e-05,macro_dataset_auroc,0.5616557734204792,0.5616557734204792,0.4601307189542484,0.0392156862745098,0.7204732129116296
run_dfd_supervised_3d_t8_k3_M_gen_relu_subset,5,0.8065786059945822,7.737809374999998e-05,macro_dataset_auroc,0.5498910675381263,0.5498910675381263,0.5117647058823529,0.13725490196078433,0.7506662637050286
run_dfd_supervised_3d_t8_k3_M_gen_relu_subset,6,0.877530287578702,7.350918906249998e-05,macro_dataset_auroc,0.5119825708061002,0.5119825708061002,0.48954248366013076,0.058823529411764705,0.4997557170626466
run_dfd_supervised_3d_t8_k3_M_gen_relu_subset,7,0.6354872030764818,6.983372960937497e-05,macro_dataset_auroc,0.4845315904139434,0.4845315904139434,0.5006535947712418,0.058823529411764705,0.6311040144510496
run_dfd_supervised_3d_t8_k3_M_gen_relu_subset,8,0.5738089123740793,6.634204312890622e-05,macro_dataset_auroc,0.5220043572984749,0.5220043572984749,0.42810457516339867,0.09803921568627451,0.6457021360109763
run_dfd_supervised_3d_t8_k3_M_gen_relu_subset,9,0.552885247990489,6.30249409724609e-05,macro_dataset_auroc,0.5320261437908496,0.5320261437908496,0.4588235294117647,0.058823529411764705,0.6409284433391904
run_dfd_supervised_3d_t8_k3_M_gen_relu_subset,10,0.35495878852903845,5.987369392383786e-05,macro_dataset_auroc,0.5215686274509804,0.5215686274509804,0.44771241830065356,0.0392156862745098,0.6020011393346888
run_dfd_supervised_3d_t8_k3_M_gen_relu_subset,11,0.43825351040810345,5.688000922764596e-05,macro_dataset_auroc,0.547276688453159,0.547276688453159,0.48954248366013076,0.11764705882352941,0.6707164863222642
run_dfd_supervised_3d_t8_k3_M_gen_relu_subset,12,0.32464602194726466,5.4036008766263664e-05,macro_dataset_auroc,0.5220043572984749,0.5220043572984749,0.4673202614379085,0.09803921568627451,0.6385243827939597
run_dfd_supervised_3d_t8_k3_v9arch,1,1.8853969573792295,2.8499999999999998e-05,macro_dataset_auroc,0.5838779956427016,0.5838779956427016,0.43790849673202614,0.13725490196078433,1.0130561132169724
run_dfd_supervised_3d_t8_k3_v9arch,2,1.8431498031595306,2.7074999999999997e-05,macro_dataset_auroc,0.5407407407407407,0.5407407407407407,0.46862745098039216,0.058823529411764705,1.0109390769838946
run_dfd_supervised_3d_t8_k3_v9arch,3,1.6817806081916244,2.5721249999999997e-05,macro_dataset_auroc,0.4374727668845316,0.4374727668845316,0.5313725490196078,0.0196078431372549,1.2120040808341965
run_dfd_supervised_3d_t8_k3_v9arch,4,1.5621613420995764,2.4435187499999995e-05,macro_dataset_auroc,0.6082788671023965,0.6082788671023965,0.3862745098039216,0.11764705882352941,1.0802059514659794
run_dfd_supervised_3d_t8_k3_v9arch,5,1.4771717597121223,2.3213428124999993e-05,macro_dataset_auroc,0.43965141612200437,0.43965141612200437,0.5091503267973856,0.1568627450980392,1.3491881577716232
run_dfd_supervised_3d_t8_k3_v9arch,6,1.4335890998228242,2.2052756718749993e-05,macro_dataset_auroc,0.4065359477124183,0.4065359477124183,0.5830065359477123,0.058823529411764705,1.2566727905968809
run_dfd_supervised_3d_t8_k3_v9arch,7,1.3410947568058287,2.0950118882812494e-05,macro_dataset_auroc,0.5063180827886711,0.5063180827886711,0.5006535947712418,0.058823529411764705,1.203762081313272
run_dfd_supervised_3d_t8_k3_v9arch,8,1.3093335569561209,1.9902612938671867e-05,macro_dataset_auroc,0.40653594771241836,0.40653594771241836,0.603921568627451,0.0392156862745098,1.6099132047286688
run_dfd_supervised_3d_t8_k3_v9arch,9,1.2899827153025405,1.890748229173827e-05,macro_dataset_auroc,0.5071895424836601,0.5071895424836601,0.48954248366013076,0.0392156862745098,1.11392015854217
run_dfd_supervised_3d_t8_k3_v9arch,10,1.2062719024316717,1.7962108177151358e-05,macro_dataset_auroc,0.36993464052287583,0.36993464052287583,0.5830065359477123,0.0196078431372549,1.4170807858623955
run_dfd_supervised_3d_t8_k3_v9arch,11,1.252425535407288,1.7064002768293788e-05,macro_dataset_auroc,0.40479302832244013,0.40479302832244013,0.5732026143790849,0.0,1.4186596264843299
run_dfd_supervised_3d_t8_k3_v9arch,12,1.2383826227819161,1.6210802629879097e-05,macro_dataset_auroc,0.45141612200435727,0.45141612200435727,0.5620915032679739,0.0196078431372549,0.8751242677049854
run_dfd_supervised_3d_t8_k3_v9arch,13,1.1907441354984172,1.540026249838514e-05,macro_dataset_auroc,0.3930283224400872,0.3930283224400872,0.5941176470588235,0.0196078431372549,1.1343978172486722
run_dfd_supervised_3d_t8_k3_v9arch,14,1.2022919916892714,1.4630249373465883e-05,macro_dataset_auroc,0.3860566448801743,0.3860566448801743,0.5941176470588235,0.0196078431372549,1.006209668245147
run_dfd_supervised_3d_t8_k3_v9arch,15,1.1675113512667998,1.3898736904792588e-05,macro_dataset_auroc,0.5037037037037037,0.5037037037037037,0.47843137254901963,0.0392156862745098,1.3283016572513697
run_dfd_supervised_3d_t8_k3_v9arch,16,1.098811563146931,1.3203800059552958e-05,macro_dataset_auroc,0.4644880174291939,0.4644880174291939,0.5522875816993464,0.0196078431372549,1.3487777216915187
run_dfd_supervised_3d_t8_k3_v9arch,17,1.1410604345492203,1.254361005657531e-05,macro_dataset_auroc,0.429193899782135,0.429193899782135,0.542483660130719,0.0196078431372549,0.993889871788185
run_dfd_supervised_3d_t8_k3_v9arch,18,1.1193906247530734,1.1916429553746543e-05,macro_dataset_auroc,0.5677559912854031,0.5677559912854031,0.4366013071895425,0.0196078431372549,1.1485942189381075
run_dfd_supervised_3d_t8_k3_v9arch,19,1.096864468711284,1.1320608076059215e-05,macro_dataset_auroc,0.5281045751633987,0.5281045751633987,0.48954248366013076,0.11764705882352941,0.8859396605036621
run_dfd_supervised_3d_t8_k3_v9arch,20,1.0228228097869658,1.0754577672256254e-05,macro_dataset_auroc,0.46579520697167753,0.46579520697167753,0.542483660130719,0.0,1.0910120034342774
run_dfd_supervised_3d_t8_k3_v9arch,21,1.0775430204307275,1.021684878864344e-05,macro_dataset_auroc,0.465359477124183,0.465359477124183,0.5633986928104575,0.0196078431372549,0.8587494355744468
run_dfd_supervised_3d_t8_k3_v9arch,22,1.0724800794611746,9.706006349211269e-06,macro_dataset_auroc,0.42657952069716776,0.42657952069716776,0.5718954248366013,0.058823529411764705,0.8902569911640748
run_dfd_supervised_3d_t8_k3_v9arch,23,1.0833373376962898,9.220706031750704e-06,macro_dataset_auroc,0.48976034858387807,0.48976034858387807,0.5104575163398692,0.0392156862745098,1.382272036806483
run_dfd_supervised_3d_t8_k3_v9arch,24,1.0767511453230365,8.759670730163168e-06,macro_dataset_auroc,0.4784313725490196,0.4784313725490196,0.5313725490196078,0.058823529411764705,0.9471927115985297
run_dfd_supervised_3d_t8_k3_v9arch,25,1.0161005359319255,8.32168719365501e-06,macro_dataset_auroc,0.5154684095860568,0.5154684095860568,0.5104575163398692,0.058823529411764705,1.0706547448363257
run_dfd_supervised_3d_t8_k3_v9arch,26,1.0338553824503016,7.905602833972258e-06,macro_dataset_auroc,0.5023965141612201,0.5023965141612201,0.5509803921568628,0.0392156862745098,0.858581830151919
run_dfd_supervised_3d_t8_k3_v9arch,27,1.0468195661367639,7.510322692273645e-06,macro_dataset_auroc,0.5154684095860567,0.5154684095860567,0.46862745098039216,0.0196078431372549,0.9128325074724557
run_dfd_supervised_3d_t8_k3_v9arch,28,1.039717161338199,7.134806557659962e-06,macro_dataset_auroc,0.5694989106753813,0.5694989106753813,0.45751633986928103,0.09803921568627451,0.926709863631394
run_dfd_supervised_3d_t8_k3_v9arch,29,1.0731063237501883,6.778066229776964e-06,macro_dataset_auroc,0.5699346405228758,0.5699346405228758,0.41568627450980394,0.058823529411764705,1.0289794850810123
run_dfd_supervised_3d_t8_k3_v9arch,30,1.0094484741059642,6.439162918288115e-06,macro_dataset_auroc,0.5507625272331154,0.5507625272331154,0.48954248366013076,0.1568627450980392,1.0140619807861528
run_dfd_supervised_3d_t8_k3_v9arch,31,0.9659865769583482,6.11720477237371e-06,macro_dataset_auroc,0.5137254901960784,0.5137254901960784,0.48954248366013076,0.0784313725490196,0.97014977611905
run_dfd_supervised_3d_t8_k3_v9arch,32,0.9869520472784999,5.811344533755024e-06,macro_dataset_auroc,0.55119825708061,0.55119825708061,0.44771241830065356,0.09803921568627451,0.9117760350545359
run_dfd_supervised_3d_t8_k3_v9arch,33,0.956418903182955,5.520777307067273e-06,macro_dataset_auroc,0.5010893246187363,0.5010893246187363,0.5104575163398692,0.0784313725490196,1.4216201386459892
run_dfd_supervised_3d_t8_k3_v9arch,34,0.9925024416510374,5.244738441713909e-06,macro_dataset_auroc,0.5263616557734205,0.5263616557734205,0.5091503267973856,0.09803921568627451,0.9114380985225566
run_dfd_supervised_3d_t8_k3_v9arch,35,0.9914323811527177,4.982501519628213e-06,macro_dataset_auroc,0.48845315904139436,0.48845315904139436,0.5104575163398692,0.058823529411764705,1.0872004034175555
run_dfd_supervised_3d_t8_k3_v9arch,36,0.9813934421534445,4.7333764436468025e-06,macro_dataset_auroc,0.4688453159041394,0.4688453159041394,0.5718954248366013,0.0392156862745098,1.005813589282398
run_dfd_supervised_3d_t8_k3_v9arch,37,0.9784734930970735,4.496707621464462e-06,macro_dataset_auroc,0.5403050108932461,0.5403050108932461,0.4588235294117647,0.11764705882352941,1.0028191959243946
run_dfd_supervised_3d_t8_k3_v9arch,38,0.9774844544114725,4.271872240391239e-06,macro_dataset_auroc,0.5237472766884532,0.5237472766884532,0.5509803921568628,0.11764705882352941,1.0757362199655267
run_dfd_supervised_3d_t8_k3_v9arch,39,0.9309230658421703,4.058278628371677e-06,macro_dataset_auroc,0.5773420479302832,0.5773420479302832,0.41699346405228754,0.09803921568627451,1.0615213799857817
run_dfd_supervised_3d_t8_k3_v9arch,40,1.0025898857470632,3.855364696953093e-06,macro_dataset_auroc,0.5525054466230938,0.5525054466230938,0.5006535947712418,0.09803921568627451,0.9613318491294164
run_dfd_supervised_3d_t8_k3_v9arch,41,0.9263400171517256,3.6625964621054378e-06,macro_dataset_auroc,0.510239651416122,0.510239651416122,0.4993464052287582,0.058823529411764705,0.9968687285493764
run_dfd_supervised_3d_t8_k3_v9arch,42,0.9691389106141121,3.4794666390001657e-06,macro_dataset_auroc,0.5167755991285403,0.5167755991285403,0.5104575163398692,0.0392156862745098,0.8576161015369583
run_dfd_supervised_3d_t8_k3_v9arch,43,1.018237075247296,3.3054933070501574e-06,macro_dataset_auroc,0.5372549019607843,0.5372549019607843,0.46862745098039216,0.0392156862745098,0.8693456585961524
run_dfd_supervised_3d_t8_k3_v9arch,44,0.9294437270970076,3.1402186416976496e-06,macro_dataset_auroc,0.5786492374727669,0.5786492374727669,0.46862745098039216,0.13725490196078433,0.7864969055566002
run_dfd_supervised_3d_t8_k3_v9arch,45,0.9582825704169312,2.983207709612767e-06,macro_dataset_auroc,0.5533769063180829,0.5533769063180829,0.47973856209150323,0.1568627450980392,0.9158894898277589
run_dfd_supervised_3d_t8_k3_v9arch,46,0.9236577952289756,2.8340473241321283e-06,macro_dataset_auroc,0.559041394335512,0.559041394335512,0.41699346405228754,0.0784313725490196,0.7146496954061705
run_dfd_supervised_3d_t8_k3_v9arch,47,0.9286120912184723,2.692344957925522e-06,macro_dataset_auroc,0.5420479302832244,0.5420479302832244,0.42679738562091507,0.09803921568627451,0.8638384609205079
run_dfd_supervised_3d_t8_k3_v9arch,48,0.9490772122441263,2.5577277100292455e-06,macro_dataset_auroc,0.5742919389978214,0.5742919389978214,0.4588235294117647,0.11764705882352941,0.9725912128880116
run_dfd_supervised_3d_t8_k3_v9arch,49,0.9917085944670351,2.4298413245277833e-06,macro_dataset_auroc,0.5738562091503269,0.5738562091503269,0.44771241830065356,0.09803921568627451,0.812856128559275
run_dfd_supervised_3d_t8_k3_v9arch,50,0.955961744120226,2.308349258301394e-06,macro_dataset_auroc,0.5511982570806101,0.5511982570806101,0.44771241830065356,0.09803921568627451,0.8506495793574566
run_dfd_supervised_3d_t8_k3_v9arch,51,0.9183750640765003,2.192931795386324e-06,macro_dataset_auroc,0.5965141612200435,0.5965141612200435,0.42810457516339867,0.13725490196078433,0.9448159442690814
run_dfd_supervised_3d_t8_k3_v9arch,52,0.9245829293185307,2.0832852056170076e-06,macro_dataset_auroc,0.5115468409586057,0.5115468409586057,0.5313725490196078,0.0392156862745098,0.9555639797796203
run_dfd_supervised_3d_t8_k3_v9arch,53,0.9676355268642136,1.979120945336157e-06,macro_dataset_auroc,0.5559912854030501,0.5559912854030501,0.5091503267973856,0.09803921568627451,0.7352323064375358
run_dfd_supervised_3d_t8_k3_v9arch,54,0.9114809974626946,1.8801648980693493e-06,macro_dataset_auroc,0.5738562091503269,0.5738562091503269,0.44771241830065356,0.058823529411764705,0.7568784057603681
run_dfd_supervised_3d_t8_k3_v9arch,55,0.9027303508733556,1.7861566531658818e-06,macro_dataset_auroc,0.5777777777777778,0.5777777777777778,0.48954248366013076,0.19607843137254902,1.0696420305130205
run_dfd_supervised_3d_t8_k3_v9arch,56,0.9116447599905545,1.6968488205075877e-06,macro_dataset_auroc,0.5803921568627451,0.5803921568627451,0.4588235294117647,0.0784313725490196,0.8685364918477481
run_dfd_supervised_3d_t8_k3_v9arch,57,0.9136392584778551,1.6120063794822082e-06,macro_dataset_auroc,0.5446623093681916,0.5446623093681916,0.4993464052287582,0.058823529411764705,1.4233443659738072
run_dfd_supervised_3d_t8_k3_v9arch,58,0.9285730681766499,1.5314060605080976e-06,macro_dataset_auroc,0.6043572984749456,0.6043572984749456,0.41568627450980394,0.11764705882352941,0.9302922039123914
run_dfd_supervised_3d_t8_k3_v9arch,59,0.9059721061057406,1.4548357574826926e-06,macro_dataset_auroc,0.5882352941176471,0.5882352941176471,0.42679738562091507,0.11764705882352941,0.8250320959852786
run_dfd_supervised_3d_t8_k3_v9arch,60,0.9197671844898974,1.382093969608558e-06,macro_dataset_auroc,0.591285403050109,0.591285403050109,0.41699346405228754,0.0784313725490196,0.7370320904326977
run_stage_a_dfd_decimate_full60,1,1.577802390437573,9.5e-05,auroc,0.4928104575163399,0.4928104575163399,0.5830065359477123,0.0,
run_stage_a_dfd_decimate_full60,2,0.8570838622003794,9.025e-05,auroc,0.5098039215686274,0.5098039215686274,0.5202614379084967,0.0,
run_stage_a_dfd_decimate_full60,3,0.733587179005146,8.573749999999999e-05,auroc,0.44313725490196076,0.44313725490196076,0.5202614379084967,0.0,
run_stage_a_dfd_decimate_full60,4,0.7113404667973519,8.145062499999998e-05,auroc,0.538562091503268,0.538562091503268,0.47973856209150323,0.11764705882352941,
run_stage_a_dfd_decimate_full60,5,0.7051712327599525,7.737809374999998e-05,auroc,0.5516339869281046,0.5516339869281046,0.41699346405228754,0.11764705882352941,
run_stage_a_dfd_decimate_full60,6,0.7002434014678002,7.350918906249998e-05,auroc,0.39346405228758163,0.39346405228758163,0.634640522875817,0.0,
run_stage_a_dfd_decimate_full60,7,0.6980718249678611,6.983372960937497e-05,auroc,0.469281045751634,0.469281045751634,0.6052287581699347,0.0,
run_stage_a_dfd_decimate_full60,8,0.7014445987343788,6.634204312890622e-05,auroc,0.4248366013071896,0.4248366013071896,0.5535947712418301,0.0,
run_stage_a_dfd_decimate_full60,9,0.6933680208325386,6.30249409724609e-05,auroc,0.5647058823529412,0.5647058823529412,0.46862745098039216,0.0,
run_stage_a_dfd_decimate_full60,10,0.7021503692269325,5.987369392383786e-05,auroc,0.5555555555555556,0.5555555555555556,0.47973856209150323,0.0,
run_stage_a_dfd_decimate_full60,11,0.696811190366745,5.688000922764596e-05,auroc,0.39869281045751637,0.39869281045751637,0.634640522875817,0.0,
run_stage_a_dfd_decimate_full60,12,0.6972032245993615,5.4036008766263664e-05,auroc,0.5215686274509804,0.5215686274509804,0.4980392156862745,0.11764705882352941,
run_stage_a_dfd_decimate_full60,13,0.6920295586585998,5.133420832795048e-05,auroc,0.4130718954248366,0.4130718954248366,0.5647058823529412,0.0,
run_stage_a_dfd_decimate_full60,14,0.6967293472290039,4.876749791155295e-05,auroc,0.603921568627451,0.603921568627451,0.365359477124183,0.11764705882352941,
run_stage_a_dfd_decimate_full60,15,0.6925154203772544,4.6329123015975305e-05,auroc,0.37516339869281046,0.37516339869281046,0.5830065359477123,0.0,
run_stage_a_dfd_decimate_full60,16,0.695607277750969,4.4012666865176535e-05,auroc,0.38823529411764707,0.38823529411764707,0.5718954248366013,0.0,
run_stage_a_dfd_decimate_full60,17,0.692532631456852,4.181203352191771e-05,auroc,0.39346405228758174,0.39346405228758174,0.5535947712418301,0.0,
run_stage_a_dfd_decimate_full60,18,0.6885223304033279,3.972143184582182e-05,auroc,0.47320261437908495,0.47320261437908495,0.5091503267973856,0.0,
run_stage_a_dfd_decimate_full60,19,0.6885268760323524,3.7735360253530726e-05,auroc,0.45620915032679743,0.45620915032679743,0.5313725490196078,0.0,
run_stage_a_dfd_decimate_full60,20,0.6902642834782601,3.584859224085419e-05,auroc,0.5019607843137255,0.5019607843137255,0.46862745098039216,0.0,
run_stage_a_dfd_decimate_full60,21,0.6828844420909882,3.405616262881148e-05,auroc,0.46535947712418296,0.46535947712418296,0.542483660130719,0.058823529411764705,
run_stage_a_dfd_decimate_full60,22,0.6856897314786911,3.2353354497370904e-05,auroc,0.45620915032679743,0.45620915032679743,0.5202614379084967,0.0,
run_stage_a_dfd_decimate_full60,23,0.6853093513846398,3.0735686772502355e-05,auroc,0.5019607843137255,0.5019607843137255,0.5202614379084967,0.0,
run_stage_a_dfd_decimate_full60,24,0.6799059827327728,2.9198902433877236e-05,auroc,0.33071895424836606,0.33071895424836606,0.6568627450980391,0.0,
run_stage_a_dfd_decimate_full60,25,0.6849562830328941,2.7738957312183373e-05,auroc,0.4222222222222222,0.4222222222222222,0.5313725490196078,0.0,
run_stage_a_dfd_decimate_full60,26,0.6801505835652352,2.6352009446574204e-05,auroc,0.38692810457516336,0.38692810457516336,0.645751633986928,0.0,
run_stage_a_dfd_decimate_full60,27,0.6766594187021255,2.5034408974245492e-05,auroc,0.4875816993464053,0.4875816993464053,0.5202614379084967,0.0,
run_stage_a_dfd_decimate_full60,28,0.6799311049580574,2.3782688525533216e-05,auroc,0.465359477124183,0.465359477124183,0.5202614379084967,0.0,
run_stage_a_dfd_decimate_full60,29,0.6760196185112,2.2593554099256555e-05,auroc,0.39084967320261443,0.39084967320261443,0.6235294117647059,0.0,
run_stage_a_dfd_decimate_full60,30,0.6743144987821579,2.1463876394293726e-05,auroc,0.3790849673202614,0.3790849673202614,0.5830065359477123,0.0,
run_stage_a_dfd_decimate_full60,31,0.6748082284927368,2.039068257457904e-05,auroc,0.41699346405228754,0.41699346405228754,0.6568627450980391,0.0,
run_stage_a_dfd_decimate_full60,32,0.682562444448471,1.9371148445850086e-05,auroc,0.41699346405228765,0.41699346405228765,0.5941176470588235,0.0,
run_stage_a_dfd_decimate_full60,33,0.6731061996221542,1.840259102355758e-05,auroc,0.469281045751634,0.469281045751634,0.6163398692810458,0.11764705882352941,
run_stage_a_dfd_decimate_full60,34,0.6728026587963104,1.74824614723797e-05,auroc,0.5359477124183006,0.5359477124183006,0.47973856209150323,0.0,
run_stage_a_dfd_decimate_full60,35,0.6775871531367302,1.6608338398760715e-05,auroc,0.48104575163398694,0.48104575163398694,0.5607843137254902,0.0,
run_stage_a_dfd_decimate_full60,36,0.6703567759394645,1.5777921478822678e-05,auroc,0.4549019607843138,0.4549019607843138,0.634640522875817,0.0,
run_stage_a_dfd_decimate_full60,37,0.6694242566227913,1.4989025404881544e-05,auroc,0.4418300653594771,0.4418300653594771,0.5830065359477123,0.0,
run_stage_a_dfd_decimate_full60,38,0.6842933659553527,1.4239574134637466e-05,auroc,0.4575163398692811,0.4575163398692811,0.5535947712418301,0.0,
run_stage_a_dfd_decimate_full60,39,0.6587557948827744,1.3527595427905592e-05,auroc,0.47058823529411764,0.47058823529411764,0.6052287581699347,0.058823529411764705,
run_stage_a_dfd_decimate_full60,40,0.6638776659369469,1.2851215656510312e-05,auroc,0.4392156862745098,0.4392156862745098,0.634640522875817,0.11764705882352941,
run_stage_a_dfd_decimate_full60,41,0.6762444671988487,1.2208654873684796e-05,auroc,0.4274509803921569,0.4274509803921569,0.645751633986928,0.0,
run_stage_a_dfd_decimate_full60,42,0.6696480932831764,1.1598222130000555e-05,auroc,0.4666666666666667,0.4666666666666667,0.542483660130719,0.0,
run_stage_a_dfd_decimate_full60,43,0.6583658481836319,1.1018311023500527e-05,auroc,0.40653594771241836,0.40653594771241836,0.6790849673202615,0.0,
run_stage_a_dfd_decimate_full60,44,0.6651321467757225,1.04673954723255e-05,auroc,0.4326797385620915,0.4326797385620915,0.5535947712418301,0.0,
run_stage_a_dfd_decimate_full60,45,0.6729458755850792,9.944025698709225e-06,auroc,0.4196078431372549,0.4196078431372549,0.542483660130719,0.0,
run_stage_a_dfd_decimate_full60,46,0.6617885431647301,9.446824413773763e-06,auroc,0.4300653594771242,0.4300653594771242,0.5202614379084967,0.058823529411764705,
run_stage_a_dfd_decimate_full60,47,0.668322214782238,8.974483193085074e-06,auroc,0.4156862745098039,0.4156862745098039,0.542483660130719,0.0,
run_stage_a_dfd_decimate_full60,48,0.665169083058834,8.52575903343082e-06,auroc,0.3895424836601308,0.3895424836601308,0.6679738562091503,0.0,
run_stage_a_dfd_decimate_full60,49,0.6634552004933357,8.09947108175928e-06,auroc,0.4143790849673203,0.4143790849673203,0.6568627450980391,0.0,
run_stage_a_dfd_decimate_full60,50,0.663538709461689,7.694497527671315e-06,auroc,0.4366013071895425,0.4366013071895425,0.542483660130719,0.0,
run_stage_a_dfd_decimate_full60,51,0.6741387524008751,7.309772651287749e-06,auroc,0.4183006535947713,0.4183006535947713,0.5830065359477123,0.058823529411764705,
run_stage_a_dfd_decimate_full60,52,0.6704184512495994,6.944284018723361e-06,auroc,0.403921568627451,0.403921568627451,0.5941176470588235,0.0,
run_stage_a_dfd_decimate_full60,53,0.6648172448277474,6.597069817787193e-06,auroc,0.4,0.4,0.634640522875817,0.0,
run_stage_a_dfd_decimate_full60,54,0.6638704290390015,6.267216326897833e-06,auroc,0.4183006535947712,0.4183006535947712,0.634640522875817,0.0,
run_stage_a_dfd_decimate_full60,55,0.6601937484145165,5.953855510552941e-06,auroc,0.4300653594771242,0.4300653594771242,0.5535947712418301,0.0,
run_stage_a_dfd_decimate_full60,56,0.6692842781543732,5.6561627350252934e-06,auroc,0.4549019607843137,0.4549019607843137,0.5313725490196078,0.0,
run_stage_a_dfd_decimate_full60,57,0.6713081268668175,5.373354598274029e-06,auroc,0.4601307189542484,0.4601307189542484,0.5313725490196078,0.0,
run_stage_a_dfd_decimate_full60,58,0.6669231138825417,5.104686868360327e-06,auroc,0.44575163398692813,0.44575163398692813,0.5313725490196078,0.058823529411764705,
run_stage_a_dfd_decimate_full60,59,0.6669628970623016,4.84945252494231e-06,auroc,0.42614379084967324,0.42614379084967324,0.5830065359477123,0.058823529411764705,
run_stage_a_dfd_decimate_full60,60,0.6579411351680755,4.6069798986951945e-06,auroc,0.4248366013071896,0.4248366013071896,0.5830065359477123,0.0,
run_stage_a_dfd_decimate_overfit4,1,1.5022130734287202,9.5e-05,auroc,0.40915032679738556,0.40915032679738556,0.5941176470588235,0.0,
run_stage_a_dfd_decimate_overfit4,2,1.2091622875432222,9.025e-05,auroc,0.6431372549019608,0.6431372549019608,0.3431372549019608,0.0,
run_stage_a_dfd_decimate_overfit4,3,1.299033829360269,8.573749999999999e-05,auroc,0.6836601307189542,0.6836601307189542,0.2803921568627451,0.17647058823529413,
run_stage_a_dfd_decimate_overfit4,4,1.166232006456994,8.145062499999998e-05,auroc,0.46797385620915033,0.46797385620915033,0.47973856209150323,0.0,
run_stage_a_dfd_decimate_overfit4,5,1.3421083706780337,7.737809374999998e-05,auroc,0.34248366013071896,0.34248366013071896,0.6235294117647059,0.0,
run_stage_a_dfd_decimate_overfit4,6,0.9146390853347839,7.350918906249998e-05,auroc,0.4901960784313725,0.4901960784313725,0.47973856209150323,0.11764705882352941,
run_stage_a_dfd_decimate_overfit4,7,1.0349654363817535,6.983372960937497e-05,auroc,0.41307189542483663,0.41307189542483663,0.542483660130719,0.0,
run_stage_a_dfd_decimate_overfit4,8,0.9921363313333131,6.634204312890622e-05,auroc,0.5660130718954248,0.5660130718954248,0.5352941176470588,0.058823529411764705,
run_stage_a_dfd_decimate_overfit4,9,1.1128101564245299,6.30249409724609e-05,auroc,0.5019607843137255,0.5019607843137255,0.5202614379084967,0.29411764705882354,
run_stage_a_dfd_decimate_overfit4,10,0.8954294241993921,5.987369392383786e-05,auroc,0.5058823529411764,0.5058823529411764,0.46862745098039216,0.0,
run_stage_a_dfd_decimate_overfit4,11,0.7944701414671727,5.688000922764596e-05,auroc,0.39477124183006534,0.39477124183006534,0.5202614379084967,0.0,
run_stage_a_dfd_decimate_overfit4,12,0.8880556717995205,5.4036008766263664e-05,auroc,0.5908496732026144,0.5908496732026144,0.41699346405228754,0.29411764705882354,
run_stage_a_dfd_decimate_overfit4,13,0.8355202207021648,5.133420832795048e-05,auroc,0.48235294117647054,0.48235294117647054,0.45751633986928103,0.17647058823529413,
run_stage_a_dfd_decimate_overfit4,14,0.7470808287616819,4.876749791155295e-05,auroc,0.5267973856209149,0.5267973856209149,0.46862745098039216,0.0,
run_stage_a_dfd_decimate_overfit4,15,0.7104748044293956,4.6329123015975305e-05,auroc,0.5006535947712418,0.5006535947712418,0.5313725490196078,0.058823529411764705,
run_stage_a_dfd_decimate_overfit4,16,0.7338409084186424,4.4012666865176535e-05,auroc,0.5673202614379085,0.5673202614379085,0.42810457516339867,0.17647058823529413,
run_stage_a_dfd_decimate_overfit4,17,0.7327817366858653,4.181203352191771e-05,auroc,0.550326797385621,0.550326797385621,0.3764705882352941,0.058823529411764705,
run_stage_a_dfd_decimate_overfit4,18,0.7380188566166908,3.972143184582182e-05,auroc,0.5816993464052288,0.5816993464052288,0.4980392156862745,0.29411764705882354,
run_stage_a_dfd_decimate_overfit4,19,0.6545295940013602,3.7735360253530726e-05,auroc,0.5647058823529412,0.5647058823529412,0.46862745098039216,0.29411764705882354,
run_stage_a_dfd_decimate_overfit4,20,0.5548343377304263,3.584859224085419e-05,auroc,0.5986928104575164,0.5986928104575164,0.49084967320261436,0.29411764705882354,
run_stage_a_dfd_decimate_overfit4,21,0.5488534148262261,3.405616262881148e-05,auroc,0.5947712418300654,0.5947712418300654,0.40588235294117647,0.29411764705882354,
run_stage_a_dfd_decimate_overfit4,22,0.5757872147732996,3.2353354497370904e-05,auroc,0.5673202614379085,0.5673202614379085,0.45751633986928103,0.17647058823529413,
run_stage_a_dfd_decimate_overfit4,23,0.5433314085239545,3.0735686772502355e-05,auroc,0.5450980392156863,0.5450980392156863,0.47973856209150323,0.17647058823529413,
run_stage_a_dfd_decimate_overfit4,24,0.6505489482951816,2.9198902433877236e-05,auroc,0.5019607843137255,0.5019607843137255,0.5313725490196078,0.0,
run_stage_a_dfd_decimate_overfit4,25,0.5187400483118836,2.7738957312183373e-05,auroc,0.4823529411764706,0.4823529411764706,0.5202614379084967,0.0,
run_stage_a_dfd_decimate_overfit4,26,0.5007967871788424,2.6352009446574204e-05,auroc,0.534640522875817,0.534640522875817,0.5313725490196078,0.29411764705882354,
run_stage_a_dfd_decimate_overfit4,27,0.5027940540894633,2.5034408974245492e-05,auroc,0.5359477124183007,0.5359477124183007,0.5130718954248366,0.29411764705882354,
run_stage_a_dfd_decimate_overfit4,28,0.4962993966328213,2.3782688525533216e-05,auroc,0.518954248366013,0.518954248366013,0.5647058823529412,0.29411764705882354,
run_stage_a_dfd_decimate_overfit4,29,0.45392910166992806,2.2593554099256555e-05,auroc,0.5098039215686274,0.5098039215686274,0.5202614379084967,0.0,
run_stage_a_dfd_decimate_overfit4,30,0.5155270294562797,2.1463876394293726e-05,auroc,0.45098039215686275,0.45098039215686275,0.5535947712418301,0.0,
run_stage_a_dfd_decimate_overfit4,31,0.5848331451416016,2.039068257457904e-05,auroc,0.47843137254901963,0.47843137254901963,0.5535947712418301,0.0,
run_stage_a_dfd_decimate_overfit4,32,0.44697020575586066,1.9371148445850086e-05,auroc,0.47189542483660135,0.47189542483660135,0.5535947712418301,0.0,
run_stage_a_dfd_decimate_overfit4,33,0.524384125310462,1.840259102355758e-05,auroc,0.5372549019607843,0.5372549019607843,0.5202614379084967,0.29411764705882354,
run_stage_a_dfd_decimate_overfit4,34,0.49595445045270026,1.74824614723797e-05,auroc,0.4339869281045752,0.4339869281045752,0.4647058823529412,0.0,
run_stage_a_dfd_decimate_overfit4,35,0.6667742508871015,1.6608338398760715e-05,auroc,0.4575163398692811,0.4575163398692811,0.5758169934640522,0.0,
run_stage_a_dfd_decimate_overfit4,36,0.44790383480722085,1.5777921478822678e-05,auroc,0.5490196078431372,0.5490196078431372,0.542483660130719,0.17647058823529413,
run_stage_a_dfd_decimate_overfit4,37,0.4908604256925173,1.4989025404881544e-05,auroc,0.5202614379084967,0.5202614379084967,0.5647058823529412,0.0,
run_stage_a_dfd_decimate_overfit4,38,0.585447477773414,1.4239574134637466e-05,auroc,0.534640522875817,0.534640522875817,0.5535947712418301,0.0,
run_stage_a_dfd_decimate_overfit4,39,0.5254252595477737,1.3527595427905592e-05,auroc,0.5607843137254902,0.5607843137254902,0.542483660130719,0.0,
run_stage_a_dfd_decimate_overfit4,40,0.40738159506145166,1.2851215656510312e-05,auroc,0.5542483660130719,0.5542483660130719,0.5202614379084967,0.0,
run_stage_a_dfd_decimate_overfit4_constlr,1,1.6446752024348825,0.0001,auroc,0.5281045751633987,0.5281045751633987,0.46862745098039216,0.058823529411764705,
run_stage_a_dfd_decimate_overfit4_constlr,2,2.058132275706157,0.0001,auroc,0.2535947712418301,0.2535947712418301,0.6568627450980391,0.0,
run_stage_a_dfd_decimate_overfit4_constlr,3,1.439946639467962,0.0001,auroc,0.5411764705882353,0.5411764705882353,0.4392156862745098,0.17647058823529413,
run_stage_a_dfd_decimate_overfit4_constlr,4,1.336433784570545,0.0001,auroc,0.4549019607843138,0.4549019607843138,0.4392156862745098,0.0,
run_stage_a_dfd_decimate_overfit4_constlr,5,1.4562216194171924,0.0001,auroc,0.29673202614379085,0.29673202614379085,0.6973856209150326,0.0,
run_stage_a_dfd_decimate_overfit4_constlr,6,1.4622098823310807,0.0001,auroc,0.5372549019607843,0.5372549019607843,0.4130718954248366,0.17647058823529413,
run_stage_a_dfd_decimate_overfit4_constlr,7,1.2573630960541777,0.0001,auroc,0.4875816993464052,0.4875816993464052,0.542483660130719,0.058823529411764705,
run_stage_a_dfd_decimate_overfit4_constlr,8,0.8583479991502827,0.0001,auroc,0.3777777777777778,0.3777777777777778,0.5607843137254902,0.0,
run_stage_a_dfd_decimate_overfit4_constlr,9,0.9564488218165934,0.0001,auroc,0.3503267973856209,0.3503267973856209,0.645751633986928,0.0,
run_stage_a_dfd_decimate_overfit4_constlr,10,1.3114351694923698,0.0001,auroc,0.526797385620915,0.526797385620915,0.39477124183006534,0.0,
run_stage_a_dfd_decimate_overfit4_constlr,11,1.050498667289503,0.0001,auroc,0.41307189542483663,0.41307189542483663,0.5202614379084967,0.0,
run_stage_a_dfd_decimate_overfit4_constlr,12,0.9983052800016594,0.0001,auroc,0.5372549019607843,0.5372549019607843,0.5313725490196078,0.0,
run_stage_a_dfd_decimate_overfit4_constlr,13,1.0085248528048396,0.0001,auroc,0.5215686274509804,0.5215686274509804,0.5202614379084967,0.17647058823529413,
run_stage_a_dfd_decimate_overfit4_constlr,14,0.904216274706414,0.0001,auroc,0.4431372549019609,0.4431372549019609,0.49084967320261436,0.0,
run_stage_a_dfd_decimate_overfit4_constlr,15,0.836473535047844,0.0001,auroc,0.5673202614379085,0.5673202614379085,0.41699346405228754,0.0,
run_stage_a_dfd_decimate_overfit4_constlr,16,0.9039372563129291,0.0001,auroc,0.46013071895424834,0.46013071895424834,0.46862745098039216,0.0,
run_stage_a_dfd_decimate_overfit4_constlr,17,0.7550791754038073,0.0001,auroc,0.4797385620915033,0.4797385620915033,0.43529411764705883,0.0,
run_stage_a_dfd_decimate_overfit4_constlr,18,0.9102587780653266,0.0001,auroc,0.5045751633986928,0.5045751633986928,0.4392156862745098,0.058823529411764705,
run_stage_a_dfd_decimate_overfit4_constlr,19,0.9214795408770442,0.0001,auroc,0.538562091503268,0.538562091503268,0.45751633986928103,0.0,
run_stage_a_dfd_decimate_overfit4_constlr,20,0.6460183722883812,0.0001,auroc,0.38300653594771245,0.38300653594771245,0.634640522875817,0.058823529411764705,
run_stage_a_dfd_decimate_overfit4_constlr,21,0.8625450665131211,0.0001,auroc,0.5921568627450979,0.5921568627450979,0.40588235294117647,0.0,
run_stage_a_dfd_decimate_overfit4_constlr,22,0.8067354249214986,0.0001,auroc,0.43137254901960786,0.43137254901960786,0.47973856209150323,0.0,
run_stage_a_dfd_decimate_overfit4_constlr,23,0.6924941832548939,0.0001,auroc,0.5516339869281045,0.5516339869281045,0.40588235294117647,0.0,
run_stage_a_dfd_decimate_overfit4_constlr,24,0.6475412398576736,0.0001,auroc,0.5790849673202614,0.5790849673202614,0.46862745098039216,0.17647058823529413,
run_stage_a_dfd_decimate_overfit4_constlr,25,0.6726349323871545,0.0001,auroc,0.5084967320261438,0.5084967320261438,0.47973856209150323,0.11764705882352941,
run_stage_a_dfd_decimate_overfit4_constlr,26,0.7731578954844736,0.0001,auroc,0.5568627450980392,0.5568627450980392,0.49084967320261436,0.0,
run_stage_a_dfd_decimate_overfit4_constlr,27,0.7514472129987553,0.0001,auroc,0.5542483660130718,0.5542483660130718,0.46862745098039216,0.11764705882352941,
run_stage_a_dfd_decimate_overfit4_constlr,28,0.6225849747715984,0.0001,auroc,0.4745098039215686,0.4745098039215686,0.5718954248366013,0.0,
run_stage_a_dfd_decimate_overfit4_constlr,29,0.6113986662239768,0.0001,auroc,0.3908496732026144,0.3908496732026144,0.542483660130719,0.0,
run_stage_a_dfd_decimate_overfit4_constlr,30,0.6704718348337337,0.0001,auroc,0.41568627450980394,0.41568627450980394,0.47973856209150323,0.0,
run_stage_a_dfd_decimate_overfit4_constlr,31,0.754442046629265,0.0001,auroc,0.41437908496732023,0.41437908496732023,0.5718954248366013,0.0,
run_stage_a_dfd_decimate_overfit4_constlr,32,0.5239512947155163,0.0001,auroc,0.41960784313725497,0.41960784313725497,0.5607843137254902,0.058823529411764705,
run_stage_a_dfd_decimate_overfit4_constlr,33,0.6692253271467052,0.0001,auroc,0.5071895424836601,0.5071895424836601,0.4464052287581699,0.0,
run_stage_a_dfd_decimate_overfit4_constlr,34,0.4787566162412986,0.0001,auroc,0.44836601307189544,0.44836601307189544,0.46862745098039216,0.0,
run_stage_a_dfd_decimate_overfit4_constlr,35,0.7092167967930436,0.0001,auroc,0.5150326797385621,0.5150326797385621,0.5091503267973856,0.11764705882352941,
run_stage_a_dfd_decimate_overfit4_constlr,36,0.6058767981448909,0.0001,auroc,0.5215686274509803,0.5215686274509803,0.45751633986928103,0.11764705882352941,
run_stage_a_dfd_decimate_overfit4_constlr,37,0.5521432512032334,0.0001,auroc,0.47843137254901963,0.47843137254901963,0.5718954248366013,0.058823529411764705,
run_stage_a_dfd_decimate_overfit4_constlr,38,0.5985171261709183,0.0001,auroc,0.4326797385620915,0.4326797385620915,0.5941176470588235,0.0,
run_stage_a_dfd_decimate_overfit4_constlr,39,0.5633147632470354,0.0001,auroc,0.37908496732026137,0.37908496732026137,0.634640522875817,0.0,
run_stage_a_dfd_decimate_overfit4_max,1,1.6823759933031397,9.5e-05,auroc,0.4535947712418301,0.4535947712418301,0.5830065359477123,0.058823529411764705,
run_stage_a_dfd_decimate_overfit4_max,2,1.5599769271793775,9.025e-05,auroc,0.5398692810457517,0.5398692810457517,0.47973856209150323,0.058823529411764705,
run_stage_a_dfd_decimate_overfit4_max,3,1.7018681031186134,8.573749999999999e-05,auroc,0.6104575163398693,0.6104575163398693,0.45751633986928103,0.17647058823529413,
run_stage_a_dfd_decimate_overfit4_max,4,1.6673684636079997,8.145062499999998e-05,auroc,0.5372549019607843,0.5372549019607843,0.41699346405228754,0.058823529411764705,
run_stage_a_dfd_decimate_overfit4_max,5,0.7063999842284829,7.737809374999998e-05,auroc,0.40261437908496733,0.40261437908496733,0.5202614379084967,0.0,
run_stage_a_dfd_decimate_overfit4_max,6,1.0848681920324452,7.350918906249998e-05,auroc,0.5934640522875817,0.5934640522875817,0.40588235294117647,0.058823529411764705,
run_stage_a_dfd_decimate_overfit4_max,7,1.1887269320432097,6.983372960937497e-05,auroc,0.5111111111111111,0.5111111111111111,0.4464052287581699,0.0,
run_stage_a_dfd_decimate_overfit4_max,8,0.7150629434659095,6.634204312890622e-05,auroc,0.4143790849673203,0.4143790849673203,0.5313725490196078,0.0,
run_stage_a_dfd_decimate_overfit4_max,9,0.7431184930028394,6.30249409724609e-05,auroc,0.34901960784313724,0.34901960784313724,0.5941176470588235,0.058823529411764705,
run_stage_a_dfd_decimate_overfit4_max,10,1.1945185400472838,5.987369392383786e-05,auroc,0.4013071895424837,0.4013071895424837,0.542483660130719,0.0,
run_stage_a_dfd_decimate_overfit4_max,11,0.7376803732913686,5.688000922764596e-05,auroc,0.4522875816993464,0.4522875816993464,0.5313725490196078,0.0,
run_stage_a_dfd_decimate_overfit4_max,12,0.6995480827208667,5.4036008766263664e-05,auroc,0.534640522875817,0.534640522875817,0.365359477124183,0.058823529411764705,
run_stage_a_dfd_decimate_overfit4_max,13,0.9332313002760202,5.133420832795048e-05,auroc,0.6274509803921569,0.6274509803921569,0.48366013071895425,0.17647058823529413,
run_stage_a_dfd_decimate_overfit4_max,14,0.5967849968583323,4.876749791155295e-05,auroc,0.5947712418300654,0.5947712418300654,0.40588235294117647,0.0,
run_stage_a_dfd_decimate_overfit4_max,15,0.8198040717979893,4.6329123015975305e-05,auroc,0.526797385620915,0.526797385620915,0.46862745098039216,0.0,
run_stage_a_dfd_decimate_overfit4_max,16,0.6110469631184969,4.4012666865176535e-05,auroc,0.41699346405228765,0.41699346405228765,0.542483660130719,0.0,
run_stage_a_dfd_decimate_overfit4_max,17,0.7407786779513117,4.181203352191771e-05,auroc,0.5111111111111111,0.5111111111111111,0.4241830065359477,0.0,
run_stage_a_dfd_decimate_overfit4_max,18,0.5798556734807789,3.972143184582182e-05,auroc,0.49411764705882355,0.49411764705882355,0.5313725490196078,0.0,
run_stage_a_dfd_decimate_overfit4_max,19,0.7230197023745859,3.7735360253530726e-05,auroc,0.49803921568627446,0.49803921568627446,0.5202614379084967,0.0,
run_stage_a_dfd_decimate_overfit4_max,20,0.5403659566654824,3.584859224085419e-05,auroc,0.4366013071895425,0.4366013071895425,0.5202614379084967,0.0,
run_stage_a_dfd_decimate_overfit4_max,21,0.591103219834622,3.405616262881148e-05,auroc,0.6065359477124183,0.6065359477124183,0.39477124183006534,0.0,
run_stage_a_dfd_decimate_overfit4_max,22,0.6385667803479009,3.2353354497370904e-05,auroc,0.465359477124183,0.465359477124183,0.5313725490196078,0.0,
run_stage_a_dfd_decimate_overfit4_max,23,0.4938461894344073,3.0735686772502355e-05,auroc,0.584313725490196,0.584313725490196,0.40588235294117647,0.11764705882352941,
run_stage_a_dfd_decimate_overfit4_max,24,0.5297279700826039,2.9198902433877236e-05,auroc,0.5607843137254902,0.5607843137254902,0.5130718954248366,0.0,
run_stage_a_dfd_decimate_overfit4_max,25,0.5555367993656546,2.7738957312183373e-05,auroc,0.5764705882352941,0.5764705882352941,0.49084967320261436,0.0,
run_stage_a_dfd_decimate_overfit4_max,26,0.5089032068644883,2.6352009446574204e-05,auroc,0.5437908496732026,0.5437908496732026,0.42810457516339867,0.0,
run_stage_a_dfd_decimate_overfit4_max,27,0.5669449232591433,2.5034408974245492e-05,auroc,0.5725490196078431,0.5725490196078431,0.47973856209150323,0.0,
run_stage_a_dfd_decimate_overfit4_max,28,0.5298605581920128,2.3782688525533216e-05,auroc,0.526797385620915,0.526797385620915,0.5202614379084967,0.0,
run_stage_a_dfd_decimate_overfit4_max,29,0.38240791849966627,2.2593554099256555e-05,auroc,0.47058823529411764,0.47058823529411764,0.5202614379084967,0.0,
run_stage_a_dfd_decimate_overfit4_max,30,0.660030841070693,2.1463876394293726e-05,auroc,0.49673202614379086,0.49673202614379086,0.49084967320261436,0.0,
run_stage_a_dfd_decimate_overfit4_max,31,0.5445587760477792,2.039068257457904e-05,auroc,0.4418300653594771,0.4418300653594771,0.5019607843137255,0.0,
run_stage_a_dfd_decimate_overfit4_max,32,0.506979257275816,1.9371148445850086e-05,auroc,0.46797385620915033,0.46797385620915033,0.5313725490196078,0.0,
run_stage_a_dfd_decimate_overfit4_max,33,0.5427144990826491,1.840259102355758e-05,auroc,0.5477124183006535,0.5477124183006535,0.5019607843137255,0.0,
run_stage_a_dfd_decimate_overfit4_max,34,0.4694251825567335,1.74824614723797e-05,auroc,0.4784313725490196,0.4784313725490196,0.45751633986928103,0.0,
run_stage_a_dfd_decimate_overfit4_max,35,0.5387428090757567,1.6608338398760715e-05,auroc,0.4823529411764706,0.4823529411764706,0.49084967320261436,0.0,
run_stage_a_dfd_decimate_overfit4_max,36,0.4383931933552958,1.5777921478822678e-05,auroc,0.5150326797385621,0.5150326797385621,0.41699346405228754,0.0,
run_stage_a_dfd_decimate_overfit4_max,37,0.3927126125781797,1.4989025404881544e-05,auroc,0.515032679738562,0.515032679738562,0.41699346405228754,0.0,
run_stage_a_dfd_decimate_overfit4_max,38,0.4406622493697796,1.4239574134637466e-05,auroc,0.46143790849673205,0.46143790849673205,0.5202614379084967,0.0,
run_stage_a_dfd_decimate_overfit4_max,39,0.48458968980412465,1.3527595427905592e-05,auroc,0.45882352941176474,0.45882352941176474,0.5647058823529412,0.0,
run_stage_a_dfd_decimate_overfit4_max,40,0.50632311879599,1.2851215656510312e-05,auroc,0.5202614379084967,0.5202614379084967,0.41699346405228754,0.0,
run_stage_a_dfd_decimate_overfit4_s44,1,6.493492484092712,9.5e-05,auroc,0.6078431372549019,0.6078431372549019,0.32091503267973853,0.0,
run_stage_a_dfd_decimate_overfit4_s44,2,5.498230973095167,9.025e-05,auroc,0.45882352941176474,0.45882352941176474,0.5941176470588235,0.0,
run_stage_a_dfd_decimate_overfit4_s44,3,3.4965693781370533,8.573749999999999e-05,auroc,0.4274509803921569,0.4274509803921569,0.5313725490196078,0.058823529411764705,
run_stage_a_dfd_decimate_overfit4_s44,4,4.724168052185632,8.145062499999998e-05,auroc,0.39084967320261443,0.39084967320261443,0.5830065359477123,0.0,
run_stage_a_dfd_decimate_overfit4_s44,5,4.538899553424471,7.737809374999998e-05,auroc,0.26666666666666666,0.26666666666666666,0.5830065359477123,0.0,
run_stage_a_dfd_decimate_overfit4_s44,6,2.428960853049091,7.350918906249998e-05,auroc,0.5215686274509804,0.5215686274509804,0.47973856209150323,0.0,
run_stage_a_dfd_decimate_overfit4_s44,7,2.244987872454459,6.983372960937497e-05,auroc,0.4130718954248366,0.4130718954248366,0.5830065359477123,0.0,
run_stage_a_dfd_decimate_overfit4_s44,8,2.803877259415458,6.634204312890622e-05,auroc,0.46405228758169936,0.46405228758169936,0.45751633986928103,0.11764705882352941,
run_stage_a_dfd_decimate_overfit4_s44,9,1.5305064152153136,6.30249409724609e-05,auroc,0.32287581699346407,0.32287581699346407,0.645751633986928,0.11764705882352941,
run_stage_a_dfd_decimate_overfit4_s44,10,1.8780111068388123,5.987369392383786e-05,auroc,0.5032679738562091,0.5032679738562091,0.46862745098039216,0.11764705882352941,
run_stage_a_dfd_decimate_overfit4_s44,11,1.3321136571621537,5.688000922764596e-05,auroc,0.38823529411764707,0.38823529411764707,0.5941176470588235,0.0,
run_stage_a_dfd_decimate_overfit4_s44,12,2.009061345025593,5.4036008766263664e-05,auroc,0.5098039215686274,0.5098039215686274,0.47973856209150323,0.11764705882352941,
run_stage_a_dfd_decimate_overfit4_s44,13,1.294649138909108,5.133420832795048e-05,auroc,0.4784313725490197,0.4784313725490197,0.49084967320261436,0.11764705882352941,
run_stage_a_dfd_decimate_overfit4_s44,14,1.5416185899939592,4.876749791155295e-05,auroc,0.4287581699346405,0.4287581699346405,0.49084967320261436,0.11764705882352941,
run_stage_a_dfd_decimate_overfit4_s44,15,1.2696242908920965,4.6329123015975305e-05,auroc,0.5241830065359476,0.5241830065359476,0.4392156862745098,0.11764705882352941,
run_stage_a_dfd_decimate_overfit4_s44,16,1.8302925131906704,4.4012666865176535e-05,auroc,0.5006535947712418,0.5006535947712418,0.542483660130719,0.0,
run_stage_a_dfd_decimate_overfit4_s44,17,1.9542258416622644,4.181203352191771e-05,auroc,0.3921568627450981,0.3921568627450981,0.5535947712418301,0.0,
run_stage_a_dfd_decimate_overfit4_s44,18,1.3773862903478857,3.972143184582182e-05,auroc,0.46405228758169936,0.46405228758169936,0.5130718954248366,0.11764705882352941,
run_stage_a_dfd_decimate_overfit4_s44,19,1.1999755900687887,3.7735360253530726e-05,auroc,0.5254901960784314,0.5254901960784314,0.45751633986928103,0.11764705882352941,
run_stage_a_dfd_decimate_overfit4_s44,20,1.0945486087993572,3.584859224085419e-05,auroc,0.4549019607843137,0.4549019607843137,0.5313725490196078,0.11764705882352941,
run_stage_a_dfd_decimate_overfit4_s44,21,0.9684183906996964,3.405616262881148e-05,auroc,0.4875816993464053,0.4875816993464053,0.5091503267973856,0.0,
run_stage_a_dfd_decimate_overfit4_s44,22,1.1412923867026166,3.2353354497370904e-05,auroc,0.44575163398692813,0.44575163398692813,0.6235294117647059,0.0,
run_stage_a_dfd_decimate_overfit4_s44,23,1.05087151375119,3.0735686772502355e-05,auroc,0.43529411764705883,0.43529411764705883,0.634640522875817,0.0,
run_stage_a_dfd_decimate_overfit4_s44,24,1.2282467106571886,2.9198902433877236e-05,auroc,0.48235294117647065,0.48235294117647065,0.5901960784313725,0.0,
run_stage_a_dfd_decimate_overfit4_s44,25,1.226605083407776,2.7738957312183373e-05,auroc,0.42875816993464055,0.42875816993464055,0.6124183006535947,0.0,
run_stage_a_dfd_decimate_overfit4_s44,26,0.8877517860246371,2.6352009446574204e-05,auroc,0.44052287581699345,0.44052287581699345,0.542483660130719,0.0,
run_stage_a_dfd_decimate_overfit4_s44,27,0.9988860402371245,2.5034408974245492e-05,auroc,0.4862745098039215,0.4862745098039215,0.47973856209150323,0.0,
run_stage_a_dfd_decimate_overfit4_s44,28,1.0391678533869708,2.3782688525533216e-05,auroc,0.4745098039215686,0.4745098039215686,0.45751633986928103,0.11764705882352941,
run_stage_a_dfd_decimate_overfit4_s44,29,0.7606478008665363,2.2593554099256555e-05,auroc,0.4169934640522876,0.4169934640522876,0.5718954248366013,0.0,
run_stage_a_dfd_decimate_overfit4_s44,30,0.9545095426801709,2.1463876394293726e-05,auroc,0.3464052287581699,0.3464052287581699,0.6052287581699347,0.0,
run_stage_a_dfd_decimate_overfit4_s44,31,0.980830553136002,2.039068257457904e-05,auroc,0.46797385620915033,0.46797385620915033,0.4392156862745098,0.0,
run_stage_a_dfd_decimate_overfit4_s44,32,0.9280628701117166,1.9371148445850086e-05,auroc,0.4052287581699346,0.4052287581699346,0.5830065359477123,0.0,
run_stage_a_dfd_decimate_overfit4_s44,33,0.7166452525402747,1.840259102355758e-05,auroc,0.4261437908496732,0.4261437908496732,0.634640522875817,0.11764705882352941,
run_stage_a_dfd_decimate_overfit4_s44,34,1.0005595542463652,1.74824614723797e-05,auroc,0.4418300653594771,0.4418300653594771,0.5718954248366013,0.0,
run_stage_a_dfd_decimate_overfit4_s44,35,1.1570048987778137,1.6608338398760715e-05,auroc,0.39738562091503266,0.39738562091503266,0.5941176470588235,0.0,
run_stage_a_dfd_decimate_overfit4_s44,36,0.6799825529651571,1.5777921478822678e-05,auroc,0.4562091503267974,0.4562091503267974,0.5202614379084967,0.11764705882352941,
run_stage_a_dfd_decimate_overfit4_s44,37,0.9443732454601559,1.4989025404881544e-05,auroc,0.39999999999999997,0.39999999999999997,0.5830065359477123,0.0,
run_stage_a_dfd_decimate_overfit4_s44,38,0.7900612464896426,1.4239574134637466e-05,auroc,0.42875816993464055,0.42875816993464055,0.5313725490196078,0.0,
run_stage_a_dfd_decimate_overfit4_s44,39,0.8080273108244,1.3527595427905592e-05,auroc,0.4326797385620915,0.4326797385620915,0.5607843137254902,0.0,
run_stage_a_dfd_decimate_overfit4_s44,40,0.8817096066413797,1.2851215656510312e-05,auroc,0.4457516339869281,0.4457516339869281,0.542483660130719,0.0,
run_stage_a_dfd_decimate_overfit4_s44_constlr,1,6.49392037128564,0.0001,auroc,0.6091503267973856,0.6091503267973856,0.32091503267973853,0.0,
run_stage_a_dfd_decimate_overfit4_s44_constlr,2,5.4666074426558176,0.0001,auroc,0.4575163398692811,0.4575163398692811,0.6163398692810458,0.0,
run_stage_a_dfd_decimate_overfit4_s44_constlr,3,3.729775548280971,0.0001,auroc,0.47843137254901963,0.47843137254901963,0.49084967320261436,0.058823529411764705,
run_stage_a_dfd_decimate_overfit4_s44_constlr,4,5.343382472633351,0.0001,auroc,0.38300653594771245,0.38300653594771245,0.645751633986928,0.058823529411764705,
run_stage_a_dfd_decimate_overfit4_s44_constlr,5,4.324721156180658,0.0001,auroc,0.24575163398692815,0.24575163398692815,0.6973856209150326,0.0,
run_stage_a_dfd_decimate_overfit4_s44_constlr,6,2.5591194925600576,0.0001,auroc,0.596078431372549,0.596078431372549,0.41699346405228754,0.11764705882352941,
run_stage_a_dfd_decimate_overfit4_s44_constlr,7,3.395899262821331,0.0001,auroc,0.39477124183006534,0.39477124183006534,0.5941176470588235,0.0,
run_stage_a_dfd_decimate_overfit4_s44_constlr,8,2.9739709656105333,0.0001,auroc,0.4980392156862745,0.4980392156862745,0.5202614379084967,0.11764705882352941,
run_stage_a_dfd_decimate_overfit4_s44_constlr,9,2.486307298640895,0.0001,auroc,0.4065359477124183,0.4065359477124183,0.5607843137254902,0.11764705882352941,
run_stage_a_dfd_decimate_overfit4_s44_constlr,10,3.087879341871755,0.0001,auroc,0.46405228758169936,0.46405228758169936,0.49084967320261436,0.11764705882352941,
run_stage_a_dfd_decimate_overfit4_s44_constlr,11,1.8704685312577567,0.0001,auroc,0.44836601307189544,0.44836601307189544,0.542483660130719,0.0,
run_stage_a_dfd_decimate_overfit4_s44_constlr,12,2.2932306659949973,0.0001,auroc,0.5437908496732027,0.5437908496732027,0.5091503267973856,0.11764705882352941,
run_stage_a_dfd_decimate_overfit4_s44_constlr,13,2.0281175772946156,0.0001,auroc,0.530718954248366,0.530718954248366,0.43529411764705883,0.11764705882352941,
run_stage_a_dfd_decimate_overfit4_s44_constlr,14,2.154079714991667,0.0001,auroc,0.4,0.4,0.6163398692810458,0.0,
run_stage_a_dfd_decimate_overfit4_s44_constlr,15,1.725729404849706,0.0001,auroc,0.4065359477124183,0.4065359477124183,0.49084967320261436,0.058823529411764705,
run_stage_a_dfd_decimate_overfit4_s44_constlr,16,1.7632033787364545,0.0001,auroc,0.4601307189542484,0.4601307189542484,0.5313725490196078,0.11764705882352941,
run_stage_a_dfd_decimate_overfit4_s44_constlr,17,2.1984187283946994,0.0001,auroc,0.3176470588235294,0.3176470588235294,0.645751633986928,0.0,
run_stage_a_dfd_decimate_overfit4_s44_constlr,18,1.8142086732841562,0.0001,auroc,0.42614379084967324,0.42614379084967324,0.6235294117647059,0.058823529411764705,
run_stage_a_dfd_decimate_overfit4_s44_constlr,19,1.4684188349308442,0.0001,auroc,0.534640522875817,0.534640522875817,0.47973856209150323,0.11764705882352941,
run_stage_a_dfd_decimate_overfit4_s44_constlr,20,1.625200614669211,0.0001,auroc,0.48888888888888893,0.48888888888888893,0.49084967320261436,0.0,
run_stage_a_dfd_decimate_overfit4_s44_constlr,21,1.1771025706735827,0.0001,auroc,0.5503267973856208,0.5503267973856208,0.35424836601307186,0.0,
run_stage_a_dfd_decimate_overfit4_s44_constlr,22,1.5189162430660872,0.0001,auroc,0.43529411764705883,0.43529411764705883,0.5130718954248366,0.0,
run_stage_a_dfd_decimate_overfit4_s44_constlr,23,1.2686841950830967,0.0001,auroc,0.4745098039215686,0.4745098039215686,0.6235294117647059,0.0,
run_stage_a_dfd_decimate_overfit4_s44_constlr,24,1.3908202995485226,0.0001,auroc,0.39477124183006534,0.39477124183006534,0.5941176470588235,0.0,
run_stage_a_dfd_decimate_overfit4_s44_constlr,25,1.1826186199214135,0.0001,auroc,0.5032679738562091,0.5032679738562091,0.40588235294117647,0.0,
run_stage_a_dfd_decimate_overfit4_s44_constlr,26,1.0255218485126534,0.0001,auroc,0.5372549019607844,0.5372549019607844,0.5352941176470588,0.0,
run_stage_a_dfd_decimate_overfit4_s44_constlr,27,1.1952213274480528,0.0001,auroc,0.5333333333333334,0.5333333333333334,0.39477124183006534,0.0,
run_stage_a_dfd_decimate_overfit4_s44_constlr,28,1.0152647362201606,0.0001,auroc,0.4888888888888889,0.4888888888888889,0.5901960784313725,0.058823529411764705,
run_stage_a_dfd_decimate_overfit4_s44_constlr,29,1.1041988401957497,0.0001,auroc,0.4091503267973856,0.4091503267973856,0.5830065359477123,0.0,
run_stage_a_dfd_decimate_overfit4_s44_constlr,30,1.1317176132361055,0.0001,auroc,0.48496732026143796,0.48496732026143796,0.47973856209150323,0.0,
run_stage_a_dfd_decimate_overfit4_s44_constlr,31,1.13190927234632,0.0001,auroc,0.4091503267973857,0.4091503267973857,0.5202614379084967,0.0,
run_stage_a_dfd_decimate_overfit4_s44_constlr,32,0.9950675567788494,0.0001,auroc,0.3790849673202614,0.3790849673202614,0.5758169934640522,0.0,
run_stage_a_dfd_decimate_overfit4_s44_constlr,33,0.8221955263343261,0.0001,auroc,0.42483660130718953,0.42483660130718953,0.5607843137254902,0.0,
run_stage_a_dfd_decimate_overfit4_s44_constlr,34,1.0789523991347778,0.0001,auroc,0.46405228758169936,0.46405228758169936,0.5718954248366013,0.0,
run_stage_a_dfd_decimate_overfit4_s44_constlr,35,1.1808249802779756,0.0001,auroc,0.5660130718954248,0.5660130718954248,0.45032679738562087,0.058823529411764705,
run_stage_a_dfd_decimate_overfit4_s44_constlr,36,0.9347759850788862,0.0001,auroc,0.5189542483660131,0.5189542483660131,0.39477124183006534,0.11764705882352941,
run_stage_a_dfd_decimate_overfit4_s44_constlr,37,0.9992040481229196,0.0001,auroc,0.3555555555555556,0.3555555555555556,0.634640522875817,0.0,
run_stage_a_dfd_decimate_overfit4_s44_constlr,38,0.9216274698010238,0.0001,auroc,0.42614379084967324,0.42614379084967324,0.5607843137254902,0.0,
run_stage_a_dfd_decimate_overfit4_s44_constlr,39,0.7389532539455104,0.0001,auroc,0.3581699346405229,0.3581699346405229,0.5941176470588235,0.0,
run_stage_a_dfd_decimate_pretrain,1,1.5399770189970732,9.5e-05,auroc,0.4745098039215686,0.4745098039215686,0.47973856209150323,0.0,
run_stage_a_dfd_decimate_pretrain,2,0.8419798745214939,9.025e-05,auroc,0.5660130718954248,0.5660130718954248,0.46862745098039216,0.17647058823529413,
run_stage_a_dfd_decimate_pretrain,3,0.728077659547329,8.573749999999999e-05,auroc,0.38169934640522873,0.38169934640522873,0.645751633986928,0.11764705882352941,
run_stage_a_dfd_decimate_pretrain,4,0.7123471609950066,8.145062499999998e-05,auroc,0.5803921568627451,0.5803921568627451,0.45751633986928103,0.17647058823529413,
run_stage_a_dfd_decimate_pretrain,5,0.7043391603827477,7.737809374999998e-05,auroc,0.6104575163398693,0.6104575163398693,0.41699346405228754,0.11764705882352941,
run_stage_a_dfd_decimate_pretrain,6,0.6993810703754425,7.350918906249998e-05,auroc,0.4065359477124183,0.4065359477124183,0.5607843137254902,0.0,
run_stage_a_dfd_decimate_pretrain,7,0.70104251152277,6.983372960937497e-05,auroc,0.5071895424836601,0.5071895424836601,0.4392156862745098,0.0,
run_stage_a_dfd_decimate_pretrain,8,0.7036517797112465,6.634204312890622e-05,auroc,0.39477124183006534,0.39477124183006534,0.6679738562091503,0.058823529411764705,
run_stage_a_dfd_decimate_pretrain,9,0.6945201671123504,6.30249409724609e-05,auroc,0.615686274509804,0.615686274509804,0.45751633986928103,0.11764705882352941,
run_stage_a_dfd_decimate_pretrain,10,0.7007111516594887,5.987369392383786e-05,auroc,0.5254901960784314,0.5254901960784314,0.46862745098039216,0.17647058823529413,
run_stage_a_dfd_decimate_pretrain,11,0.6979774795770645,5.688000922764596e-05,auroc,0.3947712418300654,0.3947712418300654,0.6235294117647059,0.0,
run_stage_a_dfd_decimate_pretrain,12,0.6987744958400727,5.4036008766263664e-05,auroc,0.5098039215686274,0.5098039215686274,0.542483660130719,0.0,
run_stage_a_dfd_decimate_pretrain,13,0.6964387537240982,5.133420832795048e-05,auroc,0.4366013071895425,0.4366013071895425,0.5718954248366013,0.0,
run_stage_a_dfd_decimate_pretrain,14,0.6962997524142265,4.876749791155295e-05,auroc,0.607843137254902,0.607843137254902,0.41699346405228754,0.11764705882352941,
run_stage_a_dfd_decimate_pretrain,15,0.6943221237659455,4.6329123015975305e-05,auroc,0.4274509803921569,0.4274509803921569,0.542483660130719,0.0,
run_stage_a_dfd_decimate_pretrain,16,0.6983463189005852,4.4012666865176535e-05,auroc,0.4235294117647058,0.4235294117647058,0.5607843137254902,0.058823529411764705,
run_stage_a_dfd_decimate_pretrain,17,0.6943265690207482,4.181203352191771e-05,auroc,0.4274509803921569,0.4274509803921569,0.634640522875817,0.0,
run_stage_a_dfd_decimate_pretrain,18,0.6908276728987693,3.972143184582182e-05,auroc,0.5032679738562091,0.5032679738562091,0.47973856209150323,0.0,
run_stage_a_dfd_decimate_pretrain,19,0.6895660065412521,3.7735360253530726e-05,auroc,0.41307189542483663,0.41307189542483663,0.5130718954248366,0.0,
run_stage_a_dfd_decimate_pretrain,20,0.6911170061826706,3.584859224085419e-05,auroc,0.48235294117647065,0.48235294117647065,0.46862745098039216,0.0,
run_stage_a_dfd_decimate_pretrain,21,0.6869467381834984,3.405616262881148e-05,auroc,0.4705882352941177,0.4705882352941177,0.6235294117647059,0.058823529411764705,
run_stage_a_dfd_decimate_pretrain,22,0.6890006615519524,3.2353354497370904e-05,auroc,0.4627450980392157,0.4627450980392157,0.5535947712418301,0.0,
run_stage_a_dfd_decimate_pretrain,23,0.6879447840452194,3.0735686772502355e-05,auroc,0.4784313725490196,0.4784313725490196,0.5718954248366013,0.0,
run_stage_a_dfd_decimate_pretrain,24,0.6823789436221123,2.9198902433877236e-05,auroc,0.41699346405228754,0.41699346405228754,0.5830065359477123,0.0,
run_stage_a_dfd_decimate_pretrain,25,0.6837419006228447,2.7738957312183373e-05,auroc,0.44052287581699345,0.44052287581699345,0.49084967320261436,0.0,
run_stage_a_dfd_decimate_pretrain,26,0.6853628258705139,2.6352009446574204e-05,auroc,0.4535947712418301,0.4535947712418301,0.6529411764705881,0.11764705882352941,
run_stage_a_dfd_decimate_pretrain,27,0.6789966289401055,2.5034408974245492e-05,auroc,0.5202614379084968,0.5202614379084968,0.47973856209150323,0.0,
run_stage_a_dfd_decimate_pretrain,28,0.6827798297405243,2.3782688525533216e-05,auroc,0.534640522875817,0.534640522875817,0.41699346405228754,0.0,
run_stage_a_dfd_decimate_pretrain,29,0.6752237555980682,2.2593554099256555e-05,auroc,0.4771241830065359,0.4771241830065359,0.5313725490196078,0.0,
run_stage_a_dfd_decimate_pretrain,30,0.6770843725204467,2.1463876394293726e-05,auroc,0.3856209150326797,0.3856209150326797,0.542483660130719,0.0,
run_stage_a_dfd_decimate_pretrain,31,0.6782404007315636,2.039068257457904e-05,auroc,0.42483660130718953,0.42483660130718953,0.645751633986928,0.0,
run_stage_a_dfd_decimate_pretrain,32,0.6830973457694054,1.9371148445850086e-05,auroc,0.45359477124183006,0.45359477124183006,0.46862745098039216,0.0,
run_stage_a_dfd_decimate_pretrain,33,0.6773178197741508,1.840259102355758e-05,auroc,0.45359477124183006,0.45359477124183006,0.5941176470588235,0.058823529411764705,
run_stage_a_dfd_decimate_stageb_dfd,1,18.67238160133362,9.5e-05,macro_dataset_auroc,0.7019607843137254,0.7019607843137254,0.35424836601307186,0.17647058823529413,0.8322097904307362
run_stage_a_dfd_decimate_stageb_dfd,2,18.547772706985473,9.025e-05,macro_dataset_auroc,0.6143790849673203,0.6143790849673203,0.37254901960784315,0.17647058823529413,0.8733634164607355
run_stage_a_dfd_decimate_stageb_dfd,3,18.49354776954651,8.573749999999999e-05,macro_dataset_auroc,0.6196078431372549,0.6196078431372549,0.3764705882352941,0.058823529411764705,0.8237859878374909
run_stage_a_dfd_decimate_stageb_dfd,4,18.471943380355835,8.145062499999998e-05,macro_dataset_auroc,0.645751633986928,0.645751633986928,0.4392156862745098,0.11764705882352941,1.0527412957985967
run_stage_a_dfd_decimate_stageb_dfd,5,18.44828218460083,7.737809374999998e-05,macro_dataset_auroc,0.592156862745098,0.592156862745098,0.40980392156862744,0.058823529411764705,0.8170398950120467
run_stage_a_dfd_decimate_stageb_dfd,6,18.43829654121399,7.350918906249998e-05,macro_dataset_auroc,0.6457516339869281,0.6457516339869281,0.35424836601307186,0.058823529411764705,0.9571812431030265
run_stage_a_dfd_decimate_stageb_dfd,7,18.4308551197052,6.983372960937497e-05,macro_dataset_auroc,0.6339869281045751,0.6339869281045751,0.45751633986928103,0.17647058823529413,0.7549189567558948
run_stage_a_dfd_decimate_stageb_dfd,8,18.429370615005492,6.634204312890622e-05,macro_dataset_auroc,0.6261437908496733,0.6261437908496733,0.3026143790849673,0.058823529411764705,0.8200498312050233
run_stage_a_dfd_decimate_stageb_dfd,9,18.424545513153078,6.30249409724609e-05,macro_dataset_auroc,0.6104575163398692,0.6104575163398692,0.365359477124183,0.058823529411764705,0.7227188974960042
run_stage_a_dfd_decimate_stageb_dfd,10,18.42514486312866,5.987369392383786e-05,macro_dataset_auroc,0.6052287581699347,0.6052287581699347,0.40588235294117647,0.058823529411764705,0.8543347360437098
run_stage_a_dfd_decimate_stageb_dfd,11,18.421336933135986,5.688000922764596e-05,macro_dataset_auroc,0.661437908496732,0.661437908496732,0.273202614379085,0.058823529411764705,0.7943418305930775
run_stage_a_dfd_decimate_stageb_dfd,12,18.421416185379027,5.4036008766263664e-05,macro_dataset_auroc,0.6274509803921569,0.6274509803921569,0.3431372549019608,0.058823529411764705,0.8809383686252663
run_stage_a_dfd_decimate_stageb_dfd,13,18.42011093711853,5.133420832795048e-05,macro_dataset_auroc,0.6666666666666666,0.6666666666666666,0.40588235294117647,0.058823529411764705,0.9119976223636523
run_stage_a_dfd_decimate_stageb_smoke,1,18.67238160133362,9.5e-05,macro_dataset_auroc,0.7019607843137254,0.7019607843137254,0.35424836601307186,0.17647058823529413,0.8322097904307362
